{"mean": [0.028901415867452356, 0.01775669548779273, -0.06099552193829217, 1.282343209094812, -2.034440875208201, 1.0470115295336133, -0.011824704331921005, -0.10104884915444387, -0.1302350535873897, -0.43623362267715526, -0.24031561441360175, 0.02239087598708673, 0.2695493982450051, -0.4030631240749139, -0.005727193552857647, -0.013681083757354981, -0.006209600379240465, 0.9229493363802344], "scale": [0.7091024674498715, 0.5981967956550924, 0.44739830651041984, 0.8185064025593322, 1.7520404557167828, 1.7808085617353482, 0.4695961779327202, 0.4935636731944789, 0.798341064779008, 0.6215422634421955, 0.5930344010630465, 0.1159426345157613, 0.5760457389126195, 0.6384994391844064, 0.15918609239675122, 0.13679436294932573, 0.14275373781483244, 0.32992039023197955]}