{"mean": [248.44890451482743], "scale": [111.44079678724573]}