step,predicted_energy,cumulative_energy
0,0.02952124,0.02952124
1,0.02952124,0.05904248
2,0.02952124,0.08856372
3,0.02952124,0.11808496
4,0.02952124,0.1476062
5,0.02952124,0.17712744
6,0.02952124,0.20664868
7,0.02952124,0.23616992
8,0.02952124,0.26569116
9,0.02952124,0.2952124
10,0.02952124,0.32473361
11,0.02952124,0.35425484
12,0.02952124,0.38377607
13,0.02952124,0.4132973
14,0.02952124,0.44281852
15,0.02952124,0.47233975
16,0.02952124,0.501861
17,0.02952124,0.5313822
18,0.02952124,0.56090343
19,0.02952124,0.59042466
20,0.02952124,0.6199459
21,0.02952124,0.6494671
22,0.02952124,0.67898834
23,0.02952124,0.70850956
24,0.02952124,0.7380308
25,0.02952124,0.767552
26,0.02952124,0.79707325
27,0.02952124,0.8265945
28,0.02952124,0.8561157
29,0.02952124,0.8856369
30,0.02952124,0.91515815
31,0.02952124,0.9446794
32,0.02952124,0.9742006
33,0.02952124,1.0037218
34,0.02952124,1.0332431
35,0.02952124,1.0627643
36,0.02952124,1.0922855
37,0.02952124,1.1218067
38,0.02952124,1.151328
39,0.02952124,1.1808492
40,0.02952124,1.2103704
41,0.02952124,1.2398916
42,0.02952124,1.2694129
43,0.02952124,1.2989341
44,0.02952124,1.3284553
45,0.02952124,1.3579766
46,0.02952124,1.3874978
47,0.02952124,1.417019
48,0.02952124,1.4465402
49,0.02952124,1.4760615
50,0.02952124,1.5055827
51,0.02952124,1.5351039
52,0.02952124,1.5646251
53,0.02952124,1.5941464
54,0.02952124,1.6236676
55,0.02952124,1.6531888
56,0.02952124,1.68271
57,0.02952124,1.7122313
58,0.02952124,1.7417525
59,0.02952124,1.7712737
60,0.02952124,1.800795
61,0.02952124,1.8303162
62,0.02952124,1.8598374
63,0.02952124,1.8893586
64,0.02952124,1.9188799
65,0.02952124,1.9484011
66,0.02952124,1.9779223
67,0.02952124,2.0074437
68,0.02952124,2.036965
69,0.02952124,2.0664861
70,0.02952124,2.0960073
71,0.02952124,2.1255286
72,0.02952124,2.1550498
73,0.02952124,2.184571
74,0.02952124,2.2140923
75,0.02952124,2.2436135
76,0.02952124,2.2731347
77,0.02952124,2.302656
78,0.02952124,2.3321772
79,0.02952124,2.3616984
80,0.02952124,2.3912196
81,0.02952124,2.4207408
82,0.02952124,2.450262
83,0.02952124,2.4797833
84,0.02952124,2.5093045
85,0.02952124,2.5388258
86,0.02952124,2.568347
87,0.02952124,2.5978682
88,0.02952124,2.6273894
89,0.02952124,2.6569107
90,0.02952124,2.686432
91,0.02952124,2.715953
92,0.02952124,2.7454743
93,0.02952124,2.7749956
94,0.02952124,2.8045168
95,0.02952124,2.834038
96,0.02952124,2.8635592
97,0.02952124,2.8930805
98,0.02952124,2.9226017
99,0.02952124,2.952123
100,0.02952124,2.9816442
101,0.02952124,3.0111654
102,0.02952124,3.0406866
103,0.02952124,3.0702078
104,0.02952124,3.099729
105,0.02952124,3.1292503
106,0.02952124,3.1587715
107,0.02952124,3.1882927
108,0.02952124,3.217814
109,0.02952124,3.2473352
110,0.02952124,3.2768564
111,0.02952124,3.3063776
112,0.02952124,3.3358989
113,0.02952124,3.36542
114,0.02952124,3.3949413
115,0.02952124,3.4244626
116,0.02952124,3.4539838
117,0.02952124,3.483505
118,0.02952124,3.5130262
119,0.02952124,3.5425475
120,0.02952124,3.5720687
121,0.02952124,3.60159
122,0.02952124,3.6311111
123,0.02952124,3.6606324
124,0.02952124,3.6901536
125,0.02952124,3.7196748
126,0.02952124,3.749196
127,0.02952124,3.7787173
128,0.02952124,3.8082385
129,0.02952124,3.8377597
130,0.02952124,3.867281
131,0.02952124,3.8968022
132,0.02952124,3.9263234
133,0.02952124,3.9558446
134,0.02952124,3.9853659
135,0.02952124,4.0148873
136,0.02952124,4.044409
137,0.02952124,4.0739303
138,0.02952124,4.1034517
139,0.02952124,4.132973
140,0.02952124,4.1624947
141,0.02952124,4.192016
142,0.02952124,4.2215376
143,0.02952124,4.251059
144,0.02952124,4.2805805
145,0.02952124,4.310102
146,0.02952124,4.3396235
147,0.02952124,4.369145
148,0.02952124,4.3986664
149,0.02952124,4.428188
150,0.02952124,4.4577093
151,0.02952124,4.487231
152,0.02952124,4.5167522
153,0.02952124,4.5462737
154,0.02952124,4.575795
155,0.02952124,4.6053166
156,0.02952124,4.634838
157,0.02952124,4.6643596
158,0.02952124,4.693881
159,0.02952124,4.7234025
160,0.02952124,4.752924
161,0.02952124,4.7824454
162,0.02952124,4.811967
163,0.02952124,4.8414884
164,0.02952124,4.87101
165,0.02952124,4.9005313
166,0.02952124,4.9300528
167,0.02952124,4.959574
168,0.02952124,4.9890957
169,0.02952124,5.018617
170,0.02952124,5.0481386
171,0.02952124,5.07766
172,0.02952124,5.1071815
173,0.02952124,5.136703
174,0.02952124,5.1662245
175,0.02952124,5.195746
176,0.02952124,5.2252674
177,0.02952124,5.254789
178,0.02952124,5.2843103
179,0.02952124,5.313832
180,0.02952124,5.3433533
181,0.02952124,5.3728747
182,0.02952124,5.402396
183,0.02952124,5.4319177
184,0.02952124,5.461439
185,0.02952124,5.4909606
186,0.02952124,5.520482
187,0.02952124,5.5500035
188,0.02952124,5.579525
189,0.02952124,5.6090465
190,0.02952124,5.638568
191,0.02952124,5.6680894
192,0.02952124,5.697611
193,0.02952124,5.7271323
194,0.02952124,5.756654
195,0.02952124,5.7861753
196,0.02952124,5.8156967
197,0.02952124,5.845218
198,0.02952124,5.8747396
199,0.02952124,5.904261
200,0.02952124,5.9337826
201,0.02952124,5.963304
202,0.02952124,5.9928255
203,0.02952124,6.022347
204,0.02952124,6.0518684
205,0.02952124,6.08139
206,0.02952124,6.1109114
207,0.02952124,6.140433
208,0.02952124,6.1699543
209,0.02952124,6.199476
210,0.02952124,6.228997
211,0.02952124,6.2585187
212,0.02952124,6.28804
213,0.02952124,6.3175616
214,0.02952124,6.347083
215,0.02952124,6.3766046
216,0.02952124,6.406126
217,0.02952124,6.4356475
218,0.02952124,6.465169
219,0.02952124,6.4946904
220,0.02952124,6.524212
221,0.02952124,6.5537333
222,0.02952124,6.583255
223,0.02952124,6.6127763
224,0.02952124,6.6422977
225,0.02952124,6.671819
226,0.02952124,6.7013407
227,0.02952124,6.730862
228,0.02952124,6.7603836
229,0.02952124,6.789905
230,0.02952124,6.8194265
231,0.02952124,6.848948
232,0.02952124,6.8784695
233,0.02952124,6.907991
234,0.02952124,6.9375124
235,0.02952124,6.967034
236,0.02952124,6.9965553
237,0.02952124,7.026077
238,0.02952124,7.0555983
239,0.02952124,7.0851197
240,0.02952124,7.114641
241,0.02952124,7.1441627
242,0.02952124,7.173684
243,0.02952124,7.2032056
244,0.02952124,7.232727
245,0.02952124,7.2622485
246,0.02952124,7.29177
247,0.02952124,7.3212914
248,0.02952124,7.350813
249,0.02952124,7.3803344
250,0.02952124,7.409856
251,0.02952124,7.4393773
252,0.02952124,7.468899
253,0.02952124,7.4984202
254,0.02952124,7.5279417
255,0.02952124,7.557463
256,0.02952124,7.5869846
257,0.02952124,7.616506
258,0.02952124,7.6460276
259,0.02952124,7.675549
260,0.02952124,7.7050705
261,0.02952124,7.734592
262,0.02952124,7.7641134
263,0.02952124,7.793635
264,0.02952124,7.8231564
265,0.02952124,7.852678
266,0.02952124,7.8821993
267,0.02952124,7.9117208
268,0.02952124,7.941242
269,0.02952124,7.9707637
270,0.02952124,8.000285
271,0.02952124,8.029806
272,0.02952124,8.059327
273,0.02952124,8.088848
274,0.02952124,8.118369
275,0.02952124,8.14789
276,0.02952124,8.177411
277,0.02952124,8.206932
278,0.02952124,8.236453
279,0.02952124,8.265974
280,0.02952124,8.295495
281,0.02952124,8.325016
282,0.02952124,8.354537
283,0.02952124,8.384058
284,0.02952124,8.413579
285,0.02952124,8.4431
286,0.02952124,8.472621
287,0.02952124,8.502142
288,0.02952124,8.531663
289,0.02952124,8.561184
290,0.02952124,8.590705
291,0.02952124,8.620226
292,0.02952124,8.649747
293,0.02952124,8.679268
294,0.02952124,8.708789
295,0.02952124,8.73831
296,0.02952124,8.767831
297,0.02952124,8.797352
298,0.02952124,8.826873
299,0.02952124,8.856394
300,0.02952124,8.885915
301,0.02952124,8.915436
302,0.02952124,8.944957
303,0.02952124,8.974478
304,0.02952124,9.003999
305,0.02952124,9.03352
306,0.02952124,9.063041
307,0.02952124,9.092562
308,0.02952124,9.122083
309,0.02952124,9.151604
310,0.02952124,9.181125
311,0.02952124,9.210646
312,0.02952124,9.240167
313,0.02952124,9.269688
314,0.02952124,9.299209
315,0.02952124,9.32873
316,0.02952124,9.358251
317,0.02952124,9.387772
318,0.02952124,9.417293
319,0.02952124,9.446814
320,0.02952124,9.476335
321,0.02952124,9.505856
322,0.02952124,9.535377
323,0.02952124,9.564898
324,0.02952124,9.594419
325,0.02952124,9.6239395
326,0.02952124,9.6534605
327,0.02952124,9.6829815
328,0.02952124,9.7125025
329,0.02952124,9.742023
330,0.02952124,9.771544
331,0.02952124,9.801065
332,0.02952124,9.830586
333,0.02952124,9.860107
334,0.02952124,9.889628
335,0.02952124,9.919149
336,0.02952124,9.94867
337,0.02952124,9.978191
338,0.02952124,10.007712
339,0.02952124,10.037233
340,0.02952124,10.066754
341,0.02952124,10.096275
342,0.02952124,10.125796
343,0.02952124,10.155317
344,0.02952124,10.184838
345,0.02952124,10.214359
346,0.02952124,10.24388
347,0.02952124,10.273401
348,0.02952124,10.302922
349,0.02952124,10.332443
350,0.02952124,10.361964
351,0.02952124,10.391485
352,0.02952124,10.421006
353,0.02952124,10.450527
354,0.02952124,10.480048
355,0.02952124,10.509569
356,0.02952124,10.53909
357,0.02952124,10.568611
358,0.02952124,10.598132
359,0.02952124,10.627653
360,0.02952124,10.657174
361,0.02952124,10.686695
362,0.02952124,10.716216
363,0.02952124,10.745737
364,0.02952124,10.775258
365,0.02952124,10.804779
366,0.02952124,10.8343
367,0.02952124,10.863821
368,0.02952124,10.893342
369,0.02952124,10.922863
370,0.02952124,10.952384
371,0.02952124,10.981905
372,0.02952124,11.011426
373,0.02952124,11.040947
374,0.02952124,11.070468
375,0.02952124,11.099989
376,0.02952124,11.12951
377,0.02952124,11.159031
378,0.02952124,11.188552
379,0.02952124,11.218073
380,0.02952124,11.247594
381,0.02952124,11.277115
382,0.02952124,11.306636
383,0.02952124,11.336157
384,0.02952124,11.365678
385,0.02952124,11.395199
386,0.02952124,11.42472
387,0.02952124,11.454241
388,0.02952124,11.483762
389,0.02952124,11.513283
390,0.02952124,11.542804
391,0.02952124,11.572325
392,0.02952124,11.601846
393,0.02952124,11.631367
394,0.02952124,11.660888
395,0.02952124,11.690409
396,0.02952124,11.71993
397,0.02952124,11.749451
398,0.02952124,11.778972
399,0.02952124,11.808493
400,0.02952124,11.838014
401,0.02952124,11.867535
402,0.02952124,11.897056
403,0.02952124,11.926577
404,0.02952124,11.956098
405,0.02952124,11.985619
406,0.02952124,12.01514
407,0.02952124,12.044661
408,0.02952124,12.074182
409,0.02952124,12.103703
410,0.02952124,12.133224
411,0.02952124,12.1627445
412,0.02952124,12.1922655
413,0.02952124,12.2217865
414,0.02952124,12.2513075
415,0.02952124,12.280828
416,0.02952124,12.310349
417,0.02952124,12.33987
418,0.02952124,12.369391
419,0.02952124,12.398912
420,0.02952124,12.428433
421,0.02952124,12.457954
422,0.02952124,12.487475
423,0.02952124,12.516996
424,0.02952124,12.546517
425,0.02952124,12.576038
426,0.02952124,12.605559
427,0.02952124,12.63508
428,0.02952124,12.664601
429,0.02952124,12.694122
430,0.02952124,12.723643
431,0.02952124,12.753164
432,0.02952124,12.782685
433,0.02952124,12.812206
434,0.02952124,12.841727
435,0.02952124,12.871248
436,0.02952124,12.900769
437,0.02952124,12.93029
438,0.02952124,12.959811
439,0.02952124,12.989332
440,0.02952124,13.018853
441,0.02952124,13.048374
442,0.02952124,13.077895
443,0.02952124,13.107416
444,0.02952124,13.136937
445,0.02952124,13.166458
446,0.02952124,13.195979
447,0.02952124,13.2255
448,0.02952124,13.255021
449,0.02952124,13.284542
450,0.02952124,13.314063
451,0.02952124,13.343584
452,0.02952124,13.373105
453,0.02952124,13.402626
454,0.02952124,13.432147
455,0.02952124,13.461668
456,0.02952124,13.491189
457,0.02952124,13.52071
458,0.02952124,13.550231
459,0.02952124,13.579752
460,0.02952124,13.609273
461,0.02952124,13.638794
462,0.02952124,13.668315
463,0.02952124,13.697836
464,0.02952124,13.727357
465,0.02952124,13.756878
466,0.02952124,13.786399
467,0.02952124,13.81592
468,0.02952124,13.845441
469,0.02952124,13.874962
470,0.02952124,13.904483
471,0.02952124,13.934004
472,0.02952124,13.963525
473,0.02952124,13.993046
474,0.02952124,14.022567
475,0.02952124,14.052088
476,0.02952124,14.081609
477,0.02952124,14.11113
478,0.02952124,14.140651
479,0.02952124,14.170172
480,0.02952124,14.199693
481,0.02952124,14.229214
482,0.02952124,14.258735
483,0.02952124,14.288256
484,0.02952124,14.317777
485,0.02952124,14.347298
486,0.02952124,14.376819
487,0.02952124,14.40634
488,0.02952124,14.435861
489,0.02952124,14.465382
490,0.02952124,14.494903
491,0.02952124,14.524424
492,0.02952124,14.553945
493,0.02952124,14.583466
494,0.02952124,14.612987
495,0.02952124,14.642508
496,0.02952124,14.672029
497,0.02952124,14.70155
498,0.02952124,14.7310705
499,0.02952124,14.7605915
500,0.02952124,14.7901125
501,0.02952124,14.8196335
502,0.02952124,14.849154
503,0.02952124,14.878675
504,0.02952124,14.908196
505,0.02952124,14.937717
506,0.02952124,14.967238
507,0.02952124,14.996759
508,0.02952124,15.02628
509,0.02952124,15.055801
510,0.02952124,15.085322
511,0.02952124,15.114843
512,0.02952124,15.144364
513,0.02952124,15.173885
514,0.02952124,15.203406
515,0.02952124,15.232927
516,0.02952124,15.262448
517,0.02952124,15.291969
518,0.02952124,15.32149
519,0.02952124,15.351011
520,0.02952124,15.380532
521,0.02952124,15.410053
522,0.02952124,15.439574
523,0.02952124,15.469095
524,0.02952124,15.498616
525,0.02952124,15.528137
526,0.02952124,15.557658
527,0.02952124,15.587179
528,0.02952124,15.6167
529,0.02952124,15.646221
530,0.02952124,15.675742
531,0.02952124,15.705263
532,0.02952124,15.734784
533,0.02952124,15.764305
534,0.02952124,15.793826
535,0.02952124,15.823347
536,0.02952124,15.852868
537,0.02952124,15.882389
538,0.02952124,15.91191
539,0.02952124,15.941431
540,0.02952124,15.970952
541,0.02952124,16.000473
542,0.02952124,16.029995
543,0.02952124,16.059517
544,0.02952124,16.089039
545,0.02952124,16.11856
546,0.02952124,16.148083
547,0.02952124,16.177605
548,0.02952124,16.207127
549,0.02952124,16.236649
550,0.02952124,16.26617
551,0.02952124,16.295692
552,0.02952124,16.325214
553,0.02952124,16.354736
554,0.02952124,16.384258
555,0.02952124,16.41378
556,0.02952124,16.443302
557,0.02952124,16.472824
558,0.02952124,16.502346
559,0.02952124,16.531868
560,0.02952124,16.56139
561,0.02952124,16.590912
562,0.02952124,16.620434
563,0.02952124,16.649956
564,0.02952124,16.679478
565,0.02952124,16.709
566,0.02952124,16.738522
567,0.02952124,16.768044
568,0.02952124,16.797565
569,0.02952124,16.827087
570,0.02952124,16.85661
571,0.02952124,16.886131
572,0.02952124,16.915653
573,0.02952124,16.945175
574,0.02952124,16.974697
575,0.02952124,17.00422
576,0.02952124,17.033741
577,0.02952124,17.063263
578,0.02952124,17.092785
579,0.02952124,17.122307
580,0.02952124,17.151829
581,0.02952124,17.18135
582,0.02952124,17.210873
583,0.02952124,17.240395
584,0.02952124,17.269917
585,0.02952124,17.299438
586,0.02952124,17.32896
587,0.02952124,17.358482
588,0.02952124,17.388004
589,0.02952124,17.417526
590,0.02952124,17.447048
591,0.02952124,17.47657
592,0.02952124,17.506092
593,0.02952124,17.535614
594,0.02952124,17.565136
595,0.02952124,17.594658
596,0.02952124,17.62418
597,0.02952124,17.653702
598,0.02952124,17.683224
599,0.02952124,17.712746
600,0.02952124,17.742268
601,0.02952124,17.77179
602,0.02952124,17.801311
603,0.02952124,17.830833
604,0.02952124,17.860355
605,0.02952124,17.889877
606,0.02952124,17.9194
607,0.02952124,17.948921
608,0.02952124,17.978443
609,0.02952124,18.007965
610,0.02952124,18.037487
611,0.02952124,18.067009
612,0.02952124,18.09653
613,0.02952124,18.126053
614,0.02952124,18.155575
615,0.02952124,18.185097
616,0.02952124,18.214619
617,0.02952124,18.24414
618,0.02952124,18.273663
619,0.02952124,18.303185
620,0.02952124,18.332706
621,0.02952124,18.362228
622,0.02952124,18.39175
623,0.02952124,18.421272
624,0.02952124,18.450794
625,0.02952124,18.480316
626,0.02952124,18.509838
627,0.02952124,18.53936
628,0.02952124,18.568882
629,0.02952124,18.598404
630,0.02952124,18.627926
631,0.02952124,18.657448
632,0.02952124,18.68697
633,0.02952124,18.716492
634,0.02952124,18.746014
635,0.02952124,18.775536
636,0.02952124,18.805058
637,0.02952124,18.83458
638,0.02952124,18.864101
639,0.02952124,18.893623
640,0.02952124,18.923145
641,0.02952124,18.952667
642,0.02952124,18.98219
643,0.02952124,19.011711
644,0.02952124,19.041233
645,0.02952124,19.070755
646,0.02952124,19.100277
647,0.02952124,19.129799
648,0.02952124,19.15932
649,0.02952124,19.188843
650,0.02952124,19.218365
651,0.02952124,19.247887
652,0.02952124,19.277409
653,0.02952124,19.30693
654,0.02952124,19.336452
655,0.02952124,19.365974
656,0.02952124,19.395496
657,0.02952124,19.425018
658,0.02952124,19.45454
659,0.02952124,19.484062
660,0.02952124,19.513584
661,0.02952124,19.543106
662,0.02952124,19.572628
663,0.02952124,19.60215
664,0.02952124,19.631672
665,0.02952124,19.661194
666,0.02952124,19.690716
667,0.02952124,19.720238
668,0.02952124,19.74976
669,0.02952124,19.779282
670,0.02952124,19.808804
671,0.02952124,19.838326
672,0.02952124,19.867847
673,0.02952124,19.89737
674,0.02952124,19.926891
675,0.02952124,19.956413
676,0.02952124,19.985935
677,0.02952124,20.015457
678,0.02952124,20.04498
679,0.02952124,20.074501
680,0.02952124,20.104023
681,0.02952124,20.133545
682,0.02952124,20.163067
683,0.02952124,20.192589
684,0.029667726,20.222256
685,0.029807648,20.252064
686,0.029426636,20.28149
687,0.028898988,20.310389
688,0.028597169,20.338985
689,0.028285278,20.367271
690,0.028436951,20.395708
691,0.028792176,20.4245
692,0.028903259,20.453403
693,0.028704286,20.482107
694,0.028200287,20.510307
695,0.027718872,20.538027
696,0.027518524,20.565546
697,0.028149018,20.593695
698,0.028733734,20.622429
699,0.029583191,20.652012
700,0.029756378,20.681768
701,0.029577546,20.711346
702,0.030012269,20.741358
703,0.031168275,20.772526
704,0.0321633,20.80469
705,0.032221742,20.83691
706,0.03155249,20.868464
707,0.031183686,20.899647
708,0.031075653,20.930723
709,0.030675262,20.9614
710,0.030585693,20.991985
711,0.030674348,21.02266
712,0.03132269,21.053982
713,0.031879637,21.085861
714,0.031897187,21.117758
715,0.031272948,21.14903
716,0.030608276,21.17964
717,0.030296387,21.209936
718,0.030336976,21.240273
719,0.03046454,21.270737
720,0.030550903,21.301287
721,0.030919708,21.332207
722,0.03153586,21.363743
723,0.031739563,21.395483
724,0.031291567,21.426775
725,0.031079926,21.457855
726,0.03149481,21.48935
727,0.032104705,21.521454
728,0.03185034,21.553305
729,0.030495819,21.583801
730,0.02910254,21.612904
731,0.028000398,21.640903
732,0.02775885,21.668663
733,0.028076233,21.69674
734,0.029195007,21.725935
735,0.03047995,21.756414
736,0.031760316,21.788176
737,0.0320632,21.820238
738,0.031255707,21.851494
739,0.030087799,21.881582
740,0.029509796,21.911093
741,0.029714722,21.940807
742,0.029530244,21.970337
743,0.029144043,21.999481
744,0.02851294,22.027994
745,0.028774476,22.056768
746,0.029011445,22.08578
747,0.03002234,22.1158
748,0.03064856,22.14645
749,0.030498566,22.176949
750,0.030469269,22.207418
751,0.031270355,22.23869
752,0.033199828,22.271889
753,0.035100617,22.30699
754,0.03680243,22.343792
755,0.0380889,22.381882
756,0.03845923,22.420341
757,0.03858023,22.458921
758,0.03813727,22.497059
759,0.038634706,22.535694
760,0.039155945,22.57485
761,0.040920164,22.61577
762,0.042628847,22.6584
763,0.04383902,22.702238
764,0.044165865,22.746405
765,0.044555116,22.79096
766,0.045061555,22.836021
767,0.045387786,22.881409
768,0.045375276,22.926785
769,0.04479559,22.97158
770,0.043488067,23.015068
771,0.042973235,23.05804
772,0.04356085,23.1016
773,0.04503531,23.146635
774,0.04685263,23.193487
775,0.048306182,23.241793
776,0.04937903,23.291172
777,0.0501557,23.341328
778,0.050168213,23.391497
779,0.049925447,23.441422
780,0.04995703,23.491379
781,0.049975343,23.541353
782,0.04934027,23.590694
783,0.048637602,23.639332
784,0.04883154,23.688164
785,0.049721893,23.737886
786,0.05079367,23.788681
787,0.051069397,23.83975
788,0.050587524,23.890337
789,0.049879365,23.940216
790,0.049466766,23.989683
791,0.04911719,24.038801
792,0.04876593,24.087566
793,0.049512543,24.13708
794,0.050479036,24.18756
795,0.051871095,24.23943
796,0.05217215,24.291601
797,0.052095857,24.343697
798,0.051156677,24.394854
799,0.051724914,24.446579
800,0.05251883,24.499098
801,0.053521026,24.552618
802,0.054090638,24.606709
803,0.055064756,24.661774
804,0.057105467,24.71888
805,0.05947073,24.77835
806,0.061699737,24.84005
807,0.063097745,24.903147
808,0.06437552,24.967522
809,0.06651892,25.03404
810,0.068432376,25.102472
811,0.07061484,25.173088
812,0.07131598,25.244404
813,0.07273718,25.31714
814,0.07296484,25.390106
815,0.07468496,25.46479
816,0.07566855,25.540459
817,0.077621214,25.61808
818,0.07844809,25.696527
819,0.077638455,25.774166
820,0.0791503,25.853317
821,0.080701664,25.93402
822,0.083420016,26.017439
823,0.08489493,26.102333
824,0.0862168,26.188549
825,0.087345645,26.275894
826,0.087207556,26.363102
827,0.08814841,26.45125
828,0.0879119,26.539162
829,0.09010306,26.629265
830,0.09247992,26.721745
831,0.0957302,26.817474
832,0.099754706,26.917229
833,0.10355796,27.020786
834,0.10570502,27.126492
835,0.10799872,27.23449
836,0.1095214,27.344011
837,0.112988956,27.457
838,0.11777335,27.574774
839,0.12165198,27.696426
840,0.122428045,27.818855
841,0.12238913,27.941244
842,0.12221854,28.063463
843,0.123273075,28.186737
844,0.12440177,28.311138
845,0.12504981,28.436188
846,0.12505713,28.561245
847,0.12543921,28.686684
848,0.12588964,28.812572
849,0.12697944,28.939552
850,0.1282505,29.067802
851,0.1305297,29.198332
852,0.1329528,29.331285
853,0.13618658,29.467472
854,0.13778083,29.605253
855,0.13940848,29.744661
856,0.13912818,29.88379
857,0.14036155,30.02415
858,0.14139716,30.165548
859,0.1430004,30.308548
860,0.14409903,30.452646
861,0.14516973,30.597816
862,0.14695579,30.744772
863,0.15028891,30.895061
864,0.15400183,31.049063
865,0.15845588,31.20752
866,0.16134527,31.368864
867,0.16299932,31.531864
868,0.16348974,31.695354
869,0.16410802,31.859463
870,0.16518545,32.024647
871,0.16759282,32.192238
872,0.16967992,32.36192
873,0.17358862,32.535507
874,0.1771932,32.7127
875,0.18166357,32.894363
876,0.18256886,33.07693
877,0.1850199,33.26195
878,0.187105,33.449055
879,0.1900678,33.639122
880,0.19216649,33.831287
881,0.19415502,34.025444
882,0.19609518,34.22154
883,0.19658315,34.41812
884,0.19849752,34.61662
885,0.20260091,34.81922
886,0.20826207,35.027485
887,0.21382177,35.241306
888,0.21804082,35.459347
889,0.22007254,35.67942
890,0.22297628,35.902397
891,0.22474767,36.127144
892,0.2285491,36.355694
893,0.2325199,36.588215
894,0.23761357,36.82583
895,0.24177694,37.067604
896,0.24679708,37.3144
897,0.2520107,37.56641
898,0.25822422,37.824635
899,0.2675153,38.09215
900,0.2776592,38.369812
901,0.2893488,38.65916
902,0.3021256,38.961285
903,0.31368658,39.27497
904,0.32623634,39.601208
905,0.3328927,39.9341
906,0.34898886,40.28309
907,0.36417395,40.647263
908,0.38576284,41.033024
909,0.40311712,41.436142
910,0.41802025,41.854164
911,0.43035224,42.284515
912,0.44337806,42.727894
913,0.45490393,43.182796
914,0.46674123,43.649536
915,0.47623694,44.125774
916,0.48977622,44.61555
917,0.5050291,45.12058
918,0.51876974,45.639347
919,0.53227913,46.171627
920,0.5419813,46.713608
921,0.55544776,47.269054
922,0.56719124,47.836246
923,0.581776,48.418022
924,0.5864686,49.00449
925,0.5949732,49.599464
926,0.6014321,50.200897
927,0.6255294,50.826427
928,0.66390723,51.490334
929,0.7225803,52.212914
930,0.77308846,52.986
931,0.82711536,53.813114
932,0.85706717,54.67018
933,0.90031224,55.57049
934,0.9615334,56.532024
935,1.0907038,57.622726
936,1.2344472,58.857174
937,1.4434959,60.30067
938,1.1840874,61.484756
939,1.1512537,62.63601
940,1.1756899,63.8117
941,1.3178695,65.12957
942,1.4865904,66.61616
943,1.6887213,68.30488
944,1.7600257,70.0649
945,1.8295949,71.8945
946,1.8809618,73.77546
947,1.9173721,75.69283
948,1.9729991,77.66583
949,2.002763,79.668594
950,2.0397215,81.70831
951,2.0402029,83.74851
952,2.0534418,85.801956
953,2.0397606,87.84172
954,2.058997,89.90072
955,2.0756583,91.97638
956,2.1120753,94.088455
957,2.1343052,96.22276
958,2.1604385,98.3832
959,2.1796305,100.562836
960,2.2044723,102.76731
961,2.2168021,104.984116
962,2.2393205,107.223434
963,2.2498145,109.47325
964,2.2704718,111.74372
965,2.2923906,114.03611
966,2.3252394,116.36135
967,2.3600278,118.72138
968,2.3947234,121.116104
969,2.4268126,123.542915
970,2.4537408,125.99666
971,2.476342,128.473
972,2.496558,130.96956
973,2.5146556,133.4842
974,2.5307024,136.01491
975,2.5425193,138.55743
976,2.5543692,141.1118
977,2.567564,143.67937
978,2.5819943,146.26137
979,2.5959845,148.85735
980,2.6057794,151.46312
981,2.6121676,154.07529
982,2.61515,156.69043
983,2.6162055,159.30664
984,2.6165936,161.92323
985,2.6184664,164.5417
986,2.6223335,167.16403
987,2.6269207,169.79095
988,2.6312232,172.42218
989,2.634634,175.05681
990,2.6392527,177.69606
991,2.6451933,180.34125
992,2.6513455,182.9926
993,2.6556704,185.64827
994,2.6577227,188.306
995,2.6587942,190.9648
996,2.6603868,193.62518
997,2.6621957,196.28738
998,2.666068,198.95345
999,2.6708999,201.62434
1000,2.674737,204.29909
1001,2.6759202,206.975
1002,2.6755733,209.65057
1003,2.6741507,212.32472
1004,2.6731613,214.99788
1005,2.6719494,217.66983
1006,2.6727266,220.34256
1007,2.6728287,223.01538
1008,2.6736126,225.689
1009,2.6729717,228.36197
1010,2.67128,231.03325
1011,2.6678774,233.70113
1012,2.6641235,236.36525
1013,2.6603127,239.02556
1014,2.657313,241.68288
1015,2.6541605,244.33704
1016,2.6513994,246.98843
1017,2.647638,249.63608
1018,2.6458805,252.28195
1019,2.6432033,254.92516
1020,2.642342,257.5675
1021,2.6421492,260.20966
1022,2.6436968,262.85336
1023,2.6448605,265.49823
1024,2.6469197,268.14514
1025,2.6489153,270.79407
1026,2.650918,273.44498
1027,2.6512005,276.0962
1028,2.6515028,278.74768
1029,2.6514041,281.39908
1030,2.6522455,284.05133
1031,2.6536593,286.705
1032,2.6555116,289.3605
1033,2.6558468,292.01636
1034,2.6561902,294.67255
1035,2.6557388,297.32828
1036,2.6572604,299.98553
1037,2.6595414,302.64508
1038,2.6633391,305.3084
1039,2.6657248,307.97412
1040,2.667311,310.64142
1041,2.6681259,313.30954
1042,2.669045,315.97858
1043,2.6697536,318.64832
1044,2.6718543,321.32016
1045,2.6739278,323.99408
1046,2.6769748,326.67105
1047,2.67978,329.35083
1048,2.6834424,332.03427
1049,2.6870084,334.72128
1050,2.6913855,337.41266
1051,2.6952453,340.1079
1052,2.6987023,342.8066
1053,2.7012496,345.50787
1054,2.7038627,348.21173
1055,2.70574,350.91748
1056,2.7071545,353.62463
1057,2.7072067,356.33185
1058,2.7083786,359.04022
1059,2.7095902,361.74982
1060,2.7112875,364.4611
1061,2.7128975,367.17398
1062,2.7147043,369.88867
1063,2.7166681,372.60535
1064,2.7184458,375.3238
1065,2.720396,378.0442
1066,2.7231808,380.76736
1067,2.7263658,383.49374
1068,2.729858,386.2236
1069,2.732744,388.95636
1070,2.7363653,391.69272
1071,2.7411916,394.4339
1072,2.7483613,397.18225
1073,2.7574167,399.93967
1074,2.7657082,402.70538
1075,2.772243,405.47763
1076,2.7758684,408.2535
1077,2.777619,411.03113
1078,2.7772644,413.80838
1079,2.7763283,416.58472
1080,2.7758563,419.36057
1081,2.7752702,422.13583
1082,2.7750716,424.91092
1083,2.772666,427.6836
1084,2.77073,430.4543
1085,2.766561,433.2209
1086,2.762971,435.98386
1087,2.7602315,438.74408
1088,2.7604973,441.50458
1089,2.761246,444.26584
1090,2.7599556,447.0258
1091,2.7571466,449.78293
1092,2.7537537,452.53668
1093,2.7511597,455.28784
1094,2.7493706,458.0372
1095,2.7468011,460.784
1096,2.7447548,463.52875
1097,2.7425082,466.27127
1098,2.7413988,469.01266
1099,2.740164,471.75284
1100,2.7401083,474.49295
1101,2.73971,477.23267
1102,2.740715,479.9734
1103,2.7418315,482.7152
1104,2.7431014,485.4583
1105,2.7431505,488.20148
1106,2.7431192,490.9446
1107,2.743124,493.68774
1108,2.7439423,496.4317
1109,2.7441778,499.17587
1110,2.7446606,501.92053
1111,2.7443357,504.66486
1112,2.7452202,507.41006
1113,2.7462244,510.15628
1114,2.7479556,512.90424
1115,2.7496517,515.6539
1116,2.751002,518.40485
1117,2.7524843,521.15735
1118,2.754289,523.9116
1119,2.7558336,526.6675
1120,2.7580338,529.42554
1121,2.760616,532.18616
1122,2.7641656,534.9503
1123,2.7683675,537.7187
1124,2.7716436,540.49036
1125,2.7737808,543.26416
1126,2.7740862,546.03827
1127,2.772142,548.8104
1128,2.770209,551.5806
1129,2.7683284,554.34894
1130,2.7674654,557.1164
1131,2.7667203,559.8831
1132,2.7658882,562.649
1133,2.7645996,565.4136
1134,2.765124,568.1787
1135,2.7644184,570.9431
1136,2.7630954,573.70624
1137,2.7605035,576.46674
1138,2.7584264,579.22516
1139,2.756968,581.9821
1140,2.7568774,584.739
1141,2.7571194,587.49615
1142,2.756466,590.2526
1143,2.7544909,593.00714
1144,2.7528958,595.76
1145,2.751139,598.51117
1146,2.7501507,601.2613
1147,2.749669,604.011
1148,2.7498136,606.7608
1149,2.7493627,609.5102
1150,2.7488344,612.25903
1151,2.7477582,615.0068
1152,2.747429,617.7542
1153,2.7473419,620.5015
1154,2.7473967,623.2489
1155,2.74803,625.99695
1156,2.7482135,628.7452
1157,2.7486129,631.4938
1158,2.7492263,634.243
1159,2.7497764,636.99274
1160,2.7508347,639.7436
1161,2.7516222,642.49524
1162,2.7525957,645.24786
1163,2.753885,648.0018
1164,2.7552035,650.75696
1165,2.756318,653.5133
1166,2.7575293,656.2708
1167,2.7586594,659.0295
1168,2.760251,661.78973
1169,2.7622247,664.55194
1170,2.7639139,667.31586
1171,2.7652566,670.0811
1172,2.7664359,672.84753
1173,2.7679653,675.6155
1174,2.7687247,678.3842
1175,2.7690136,681.15326
1176,2.7688117,683.92206
1177,2.7687492,686.6908
1178,2.76995,689.46075
1179,2.772035,692.2328
1180,2.7745187,695.0073
1181,2.777671,697.785
1182,2.7816234,700.5666
1183,2.785476,703.35205
1184,2.7879891,706.14
1185,2.789657,708.9297
1186,2.7904243,711.7201
1187,2.7909832,714.51105
1188,2.7916207,717.3027
1189,2.7917833,720.0945
1190,2.792333,722.88684
1191,2.7937515,725.6806
1192,2.7954497,728.4761
1193,2.7972457,731.2733
1194,2.7987676,734.0721
1195,2.7999048,736.872
1196,2.8013854,739.6734
1197,2.8030312,742.47644
1198,2.8044612,745.2809
1199,2.8052335,748.0861
1200,2.8054554,750.8916
1201,2.804496,753.6961
1202,2.802676,756.4988
1203,2.800482,759.29926
1204,2.799185,762.09845
1205,2.7990038,764.89746
1206,2.7993703,767.69684
1207,2.799651,770.49646
1208,2.7997692,773.2962
1209,2.799905,776.0961
1210,2.8006322,778.8968
1211,2.8015752,781.69836
1212,2.8023312,784.5007
1213,2.8028665,787.3035
1214,2.8031301,790.1066
1215,2.803176,792.9098
1216,2.8037755,795.71356
1217,2.8044949,798.51807
1218,2.805939,801.32404
1219,2.8079445,804.13196
1220,2.8109224,806.9429
1221,2.8141065,809.75696
1222,2.8160803,812.57306
1223,2.817864,815.3909
1224,2.8197644,818.2107
1225,2.821189,821.03186
1226,2.8221614,823.854
1227,2.823355,826.67737
1228,2.8242846,829.50165
1229,2.825405,832.327
1230,2.8273416,835.15436
1231,2.8300557,837.98444
1232,2.8321118,840.8165
1233,2.8337848,843.6503
1234,2.835364,846.4857
1235,2.8368828,849.3226
1236,2.8381739,852.16077
1237,2.8383837,854.99915
1238,2.837689,857.83685
1239,2.8369207,860.67377
1240,2.837227,863.511
1241,2.8380067,866.349
1242,2.8384664,869.18744
1243,2.8382123,872.02563
1244,2.838267,874.8639
1245,2.8389428,877.7028
1246,2.8412247,880.54407
1247,2.844248,883.3883
1248,2.8469362,886.2352
1249,2.8495767,889.0848
1250,2.8521225,891.9369
1251,2.8550158,894.79193
1252,2.856925,897.64886
1253,2.8581858,900.5071
1254,2.8582065,903.3653
1255,2.857647,906.22296
1256,2.8576093,909.08057
1257,2.85863,911.9392
1258,2.859639,914.7988
1259,2.860137,917.65894
1260,2.861148,920.5201
1261,2.8625524,923.3826
1262,2.8638778,926.2465
1263,2.8651443,929.1117
1264,2.8664312,931.97815
1265,2.868249,934.8464
1266,2.8695347,937.7159
1267,2.8707802,940.5867
1268,2.8712418,943.4579
1269,2.8715572,946.32947
1270,2.872266,949.2017
1271,2.8733723,952.0751
1272,2.8740227,954.9491
1273,2.8748236,957.8239
1274,2.875626,960.6995
1275,2.8761318,963.5757
1276,2.8765297,966.4522
1277,2.8768926,969.3291
1278,2.8780255,972.20715
1279,2.8792512,975.0864
1280,2.8804681,977.9669
1281,2.881821,980.84875
1282,2.8830612,983.7318
1283,2.8848214,986.61664
1284,2.8864398,989.50305
1285,2.8881783,992.39124
1286,2.8899853,995.28125
1287,2.8924353,998.1737
1288,2.8942957,1001.068
1289,2.8959305,1003.9639
1290,2.896891,1006.86084
1291,2.8986578,1009.7595
1292,2.900512,1012.66003
1293,2.9025965,1015.5626
1294,2.9039683,1018.4666
1295,2.9055166,1021.37213
1296,2.9066057,1024.2787
1297,2.9075334,1027.1863
1298,2.9081874,1030.0945
1299,2.908984,1033.0034
1300,2.9102757,1035.9137
1301,2.9116237,1038.8253
1302,2.9127917,1041.7382
1303,2.9145377,1044.6527
1304,2.9162166,1047.569
1305,2.917813,1050.4868
1306,2.9186099,1053.4054
1307,2.9193785,1056.3248
1308,2.9200723,1059.2449
1309,2.9206696,1062.1655
1310,2.9223447,1065.0879
1311,2.9242024,1068.0121
1312,2.925957,1070.938
1313,2.9278536,1073.8658
1314,2.9294524,1076.7953
1315,2.9308197,1079.7261
1316,2.9318476,1082.658
1317,2.9332106,1085.5912
1318,2.9341476,1088.5254
1319,2.9348493,1091.4602
1320,2.9357271,1094.3959
1321,2.9370177,1097.3329
1322,2.9384222,1100.2714
1323,2.9407365,1103.2122
1324,2.9428902,1106.155
1325,2.9445484,1109.0996
1326,2.9455168,1112.0452
1327,2.9458132,1114.991
1328,2.9461894,1117.9371
1329,2.9465196,1120.8837
1330,2.947073,1123.8307
1331,2.9475567,1126.7782
1332,2.9479387,1129.7262
1333,2.9484227,1132.6746
1334,2.9498138,1135.6244
1335,2.951498,1138.5759
1336,2.9525554,1141.5284
1337,2.9531362,1144.4816
1338,2.9535747,1147.4352
1339,2.9538772,1150.389
1340,2.954312,1153.3434
1341,2.9549782,1156.2983
1342,2.9560606,1159.2544
1343,2.9576714,1162.212
1344,2.959268,1165.1713
1345,2.9606748,1168.132
1346,2.9615657,1171.0935
1347,2.9629104,1174.0564
1348,2.9638057,1177.0201
1349,2.9635317,1179.9836
1350,2.9635668,1182.9473
1351,2.963515,1185.9108
1352,2.9643376,1188.8751
1353,2.9657865,1191.841
1354,2.9675364,1194.8085
1355,2.969933,1197.7784
1356,2.9720643,1200.7505
1357,2.9740589,1203.7245
1358,2.9750834,1206.6996
1359,2.9761841,1209.6758
1360,2.9769595,1212.6527
1361,2.977453,1215.6301
1362,2.9784951,1218.6086
1363,2.979755,1221.5884
1364,2.9810665,1224.5695
1365,2.9827971,1227.5522
1366,2.9841821,1230.5364
1367,2.9854567,1233.5219
1368,2.987148,1236.509
1369,2.9887629,1239.4978
1370,2.9904213,1242.4883
1371,2.9911814,1245.4795
1372,2.9915054,1248.471
1373,2.9916549,1251.4626
1374,2.9918966,1254.4546
1375,2.9926457,1257.4473
1376,2.99372,1260.441
1377,2.9954977,1263.4365
1378,2.9975219,1266.4341
1379,2.9995852,1269.4337
1380,3.0006902,1272.4344
1381,3.0015883,1275.436
1382,3.0019443,1278.438
1383,3.0017748,1281.4398
1384,3.0020587,1284.4419
1385,3.003139,1287.4451
1386,3.0044148,1290.4495
1387,3.0050793,1293.4546
1388,3.0046768,1296.4592
1389,3.0040076,1299.4633
1390,3.003053,1302.4663
1391,3.0014281,1305.4678
1392,3.0001965,1308.468
1393,2.9997118,1311.4678
1394,3.0004556,1314.4683
1395,3.001425,1317.4697
1396,3.0022938,1320.472
1397,3.0035777,1323.4756
1398,3.004885,1326.4805
1399,3.0064816,1329.4869
1400,3.007999,1332.495
1401,3.0093813,1335.5044
1402,3.0116174,1338.516
1403,3.014567,1341.5305
1404,3.017814,1344.5483
1405,3.0207522,1347.5691
1406,3.0236418,1350.5928
1407,3.0265305,1353.6193
1408,3.028765,1356.6481
1409,3.0310552,1359.6791
1410,3.0330596,1362.7122
1411,3.0346684,1365.7468
1412,3.036349,1368.7832
1413,3.0388632,1371.822
1414,3.0409734,1374.863
1415,3.0426474,1377.9056
1416,3.0443356,1380.95
1417,3.046051,1383.996
1418,3.0473185,1387.0433
1419,3.048561,1390.0919
1420,3.049974,1393.1418
1421,3.0508368,1396.1926
1422,3.051602,1399.2443
1423,3.0524871,1402.2968
1424,3.0528352,1405.3496
1425,3.052857,1408.4025
1426,3.0535052,1411.4559
1427,3.0543413,1414.5103
1428,3.055863,1417.5662
1429,3.0577576,1420.6239
1430,3.0598745,1423.6837
1431,3.0615423,1426.7452
1432,3.0621939,1429.8074
1433,3.062383,1432.8698
1434,3.0623214,1435.9321
1435,3.0625937,1438.9948
1436,3.0629277,1442.0577
1437,3.064221,1445.122
1438,3.0657191,1448.1876
1439,3.0673995,1451.255
1440,3.0686955,1454.3237
1441,3.070231,1457.3939
1442,3.0712118,1460.4651
1443,3.0720105,1463.5371
1444,3.0729249,1466.61
1445,3.0735817,1469.6836
1446,3.0739374,1472.7576
1447,3.0746274,1475.8322
1448,3.0751085,1478.9072
1449,3.0757,1481.9829
1450,3.0761783,1485.0591
1451,3.0767825,1488.1359
1452,3.0777035,1491.2136
1453,3.0787015,1494.2924
1454,3.0799403,1497.3723
1455,3.0808868,1500.4532
1456,3.082063,1503.5353
1457,3.0830944,1506.6184
1458,3.0842416,1509.7026
1459,3.0859618,1512.7886
1460,3.0879054,1515.8765
1461,3.0899835,1518.9664
1462,3.0918012,1522.0582
1463,3.0934353,1525.1516
1464,3.094955,1528.2466
1465,3.096436,1531.343
1466,3.0972118,1534.4402
1467,3.0978267,1537.538
1468,3.0984545,1540.6365
1469,3.0992823,1543.7357
1470,3.099967,1546.8357
1471,3.10048,1549.9362
1472,3.100611,1553.0367
1473,3.100877,1556.1376
1474,3.1009455,1559.2385
1475,3.10132,1562.3398
1476,3.1019683,1565.4418
1477,3.1019094,1568.5437
1478,3.101866,1571.6455
1479,3.1019852,1574.7474
1480,3.1024525,1577.8499
1481,3.1029515,1580.9528
1482,3.1034393,1584.0562
1483,3.1039321,1587.16
1484,3.1045666,1590.2646
1485,3.105871,1593.3705
1486,3.1073666,1596.4779
1487,3.1084654,1599.5864
1488,3.1095352,1602.6959
1489,3.1101534,1605.806
1490,3.1105928,1608.9166
1491,3.11129,1612.028
1492,3.111651,1615.1396
1493,3.1118534,1618.2515
1494,3.1120324,1621.3635
1495,3.112241,1624.4757
1496,3.1125484,1627.5883
1497,3.1130164,1630.7013
1498,3.1137323,1633.8151
1499,3.114994,1636.93
1500,3.1166754,1640.0468
1501,3.1177537,1643.1646
1502,3.1184258,1646.283
1503,3.1189225,1649.4019
1504,3.1192195,1652.5211
1505,3.119645,1655.6407
1506,3.1204593,1658.7612
1507,3.1212828,1661.8826
1508,3.1221774,1665.0048
1509,3.1228652,1668.1277
1510,3.1239226,1671.2516
1511,3.1248677,1674.3765
1512,3.1258373,1677.5023
1513,3.126767,1680.629
1514,3.1276586,1683.7567
1515,3.12874,1686.8855
1516,3.129921,1690.0154
1517,3.130958,1693.1464
1518,3.1317654,1696.2781
1519,3.13256,1699.4106
1520,3.1330895,1702.5437
1521,3.1338205,1705.6775
1522,3.1339242,1708.8114
1523,3.1341379,1711.9456
1524,3.134052,1715.0796
1525,3.1340313,1718.2136
1526,3.1343062,1721.3479
1527,3.1351128,1724.483
1528,3.1358342,1727.6189
1529,3.136578,1730.7555
1530,3.1372523,1733.8927
1531,3.137905,1737.0306
1532,3.138564,1740.1692
1533,3.1394196,1743.3086
1534,3.140311,1746.4489
1535,3.1408758,1749.5897
1536,3.1414871,1752.7312
1537,3.1421018,1755.8733
1538,3.1429904,1759.0162
1539,3.1440659,1762.1603
1540,3.1451073,1765.3054
1541,3.1465285,1768.4519
1542,3.1481144,1771.6
1543,3.149339,1774.7493
1544,3.1502066,1777.8994
1545,3.1509435,1781.0504
1546,3.151508,1784.2019
1547,3.151665,1787.3535
1548,3.1519508,1790.5055
1549,3.1520312,1793.6575
1550,3.1518927,1796.8093
1551,3.1521425,1799.9614
1552,3.152485,1803.1139
1553,3.152915,1806.2668
1554,3.153438,1809.4203
1555,3.1538272,1812.5741
1556,3.1545413,1815.7286
1557,3.155148,1818.8838
1558,3.155765,1822.0396
1559,3.1565297,1825.196
1560,3.1572945,1828.3534
1561,3.157845,1831.5112
1562,3.1581933,1834.6694
1563,3.1584878,1837.8279
1564,3.1587403,1840.9866
1565,3.1589034,1844.1455
1566,3.159209,1847.3047
1567,3.1598423,1850.4645
1568,3.1603155,1853.6248
1569,3.1607366,1856.7855
1570,3.1609552,1859.9465
1571,3.1613038,1863.1078
1572,3.1614883,1866.2693
1573,3.1617982,1869.431
1574,3.1619039,1872.5929
1575,3.162116,1875.755
1576,3.1624653,1878.9175
1577,3.1627197,1882.0802
1578,3.1628892,1885.243
1579,3.1632671,1888.4062
1580,3.163625,1891.5698
1581,3.164065,1894.7339
1582,3.164572,1897.8984
1583,3.165484,1901.064
1584,3.1666238,1904.2306
1585,3.1673355,1907.398
1586,3.167775,1910.5657
1587,3.1678815,1913.7335
1588,3.1680193,1916.9015
1589,3.1678612,1920.0693
1590,3.1680553,1923.2374
1591,3.168543,1926.406
1592,3.169281,1929.5753
1593,3.1698534,1932.7451
1594,3.1703627,1935.9155
1595,3.170767,1939.0863
1596,3.1713033,1942.2576
1597,3.171725,1945.4293
1598,3.1722488,1948.6016
1599,3.1730318,1951.7745
1600,3.173946,1954.9485
1601,3.1741824,1958.1227
1602,3.1742966,1961.297
1603,3.1739166,1964.471
1604,3.1736593,1967.6447
1605,3.1735156,1970.8181
1606,3.1734264,1973.9916
1607,3.1734521,1977.165
1608,3.1734102,1980.3385
1609,3.1730886,1983.5116
1610,3.1723692,1986.684
1611,3.1716194,1989.8556
1612,3.1706884,1993.0262
1613,3.1699283,1996.1962
1614,3.169341,1999.3655
1615,3.1689825,2002.5344
1616,3.16865,2005.7031
1617,3.1685033,2008.8716
1618,3.168687,2012.0403
1619,3.168992,2015.2092
1620,3.1689394,2018.3782
1621,3.168724,2021.5469
1622,3.1684122,2024.7153
1623,3.1682575,2027.8835
1624,3.1683595,2031.0519
1625,3.168104,2034.22
1626,3.1681695,2037.3882
1627,3.1684113,2040.5566
1628,3.1687312,2043.7253
1629,3.1687546,2046.894
1630,3.1684554,2050.0625
1631,3.1685383,2053.231
1632,3.1685503,2056.3994
1633,3.1683853,2059.5679
1634,3.1678975,2062.7358
1635,3.1673293,2065.903
1636,3.166715,2069.0698
1637,3.166261,2072.236
1638,3.165907,2075.402
1639,3.165479,2078.5676
1640,3.164941,2081.7327
1641,3.16438,2084.897
1642,3.1642776,2088.0613
1643,3.1643944,2091.2256
1644,3.164996,2094.3906
1645,3.165533,2097.5562
1646,3.166668,2100.723
1647,3.1675344,2103.8904
1648,3.1682458,2107.0586
1649,3.1684608,2110.227
1650,3.1688912,2113.396
1651,3.1689372,2116.565
1652,3.1686685,2119.7336
1653,3.168802,2122.9023
1654,3.1686444,2126.071
1655,3.1684892,2129.2395
1656,3.1684728,2132.408
1657,3.168202,2135.5762
1658,3.16775,2138.744
1659,3.167133,2141.9111
1660,3.166748,2145.078
1661,3.1666718,2148.2446
1662,3.1666958,2151.4114
1663,3.167135,2154.5786
1664,3.1671069,2157.7456
1665,3.1671855,2160.9128
1666,3.1666338,2164.0796
1667,3.166175,2167.2458
1668,3.1658456,2170.4116
1669,3.1650865,2173.5767
1670,3.1645474,2176.7412
1671,3.1643014,2179.9055
1672,3.1640954,2183.0696
1673,3.1633792,2186.233
1674,3.1632144,2189.3962
1675,3.16375,2192.56
1676,3.1641524,2195.724
1677,3.164124,2198.8882
1678,3.1642385,2202.0525
1679,3.1643498,2205.2168
1680,3.1642194,2208.381
1681,3.1637,2211.545
1682,3.1640217,2214.709
1683,3.1639886,2217.873
1684,3.1642883,2221.0374
1685,3.1648343,2224.2021
1686,3.1652412,2227.3674
1687,3.1658459,2230.5332
1688,3.1654892,2233.6987
1689,3.164778,2236.8635
1690,3.163612,2240.027
1691,3.1611447,2243.1882
1692,3.1593242,2246.3477
1693,3.1567895,2249.5044
1694,3.1552637,2252.6597
1695,3.1553354,2255.815
1696,3.1553922,2258.9702
1697,3.1565444,2262.1267
1698,3.157873,2265.2847
1699,3.1591113,2268.4438
1700,3.1603591,2271.6042
1701,3.1619246,2274.766
1702,3.1627734,2277.929
1703,3.1625562,2281.0916
1704,3.1618335,2284.2534
1705,3.160712,2287.414
1706,3.1601162,2290.5742
1707,3.1597073,2293.734
1708,3.1593802,2296.8933
1709,3.1594455,2300.0527
1710,3.1601944,2303.213
1711,3.1614022,2306.3743
1712,3.1613872,2309.5356
1713,3.1611364,2312.6968
1714,3.160094,2315.857
1715,3.1585872,2319.0156
1716,3.158153,2322.1738
1717,3.1586533,2325.3325
1718,3.1574745,2328.49
1719,3.1551967,2331.6453
1720,3.1536152,2334.7988
1721,3.1540692,2337.953
1722,3.153981,2341.107
1723,3.1516137,2344.2585
1724,3.147156,2347.4058
1725,3.1414685,2350.547
1726,3.1403873,2353.6875
1727,3.144026,2356.8315
1728,3.1473715,2359.979
1729,3.1506557,2363.1296
1730,3.1517794,2366.2815
1731,3.1521933,2369.4336
1732,3.1505609,2372.5842
1733,3.1491792,2375.7334
1734,3.1473236,2378.8806
1735,3.1442273,2382.025
1736,3.1404803,2385.1653
1737,3.1359873,2388.3013
1738,3.1304934,2391.432
1739,3.1219492,2394.554
1740,3.1158044,2397.6697
1741,3.1116946,2400.7815
1742,3.1078725,2403.8894
1743,3.105098,2406.9944
1744,3.1026337,2410.097
1745,3.10015,2413.197
1746,3.0989547,2416.296
1747,3.0991826,2419.395
1748,3.097173,2422.4922
1749,3.0940158,2425.5862
1750,3.089158,2428.6753
1751,3.0849004,2431.7603
1752,3.0835736,2434.8438
1753,3.083047,2437.9268
1754,3.0805733,2441.0073
1755,3.0770183,2444.0842
1756,3.0738516,2447.158
1757,3.071471,2450.2295
1758,3.0692184,2453.2988
1759,3.0676296,2456.3665
1760,3.0675464,2459.434
1761,3.0695424,2462.5037
1762,3.0721898,2465.576
1763,3.0744956,2468.6504
1764,3.0759127,2471.7263
1765,3.0759628,2474.8022
1766,3.0765567,2477.879
1767,3.077112,2480.956
1768,3.0774593,2484.0334
1769,3.0768971,2487.1104
1770,3.0745554,2490.1848
1771,3.071913,2493.2568
1772,3.0702448,2496.3271
1773,3.06999,2499.3972
1774,3.070956,2502.4683
1775,3.0709407,2505.5393
1776,3.0698667,2508.6091
1777,3.0687099,2511.6777
1778,3.0663273,2514.7441
1779,3.0630052,2517.8071
1780,3.0604913,2520.8677
1781,3.0582037,2523.9258
1782,3.057254,2526.9832
1783,3.0552704,2530.0383
1784,3.0537894,2533.092
1785,3.0518384,2536.1438
1786,3.050538,2539.1943
1787,3.0493982,2542.2437
1788,3.0486617,2545.2922
1789,3.0493963,2548.3416
1790,3.0512412,2551.3928
1791,3.0514438,2554.4443
1792,3.049372,2557.4937
1793,3.0460484,2560.5398
1794,3.044353,2563.5842
1795,3.0433211,2566.6274
1796,3.0427845,2569.6702
1797,3.0420337,2572.7122
1798,3.0404143,2575.7527
1799,3.0385258,2578.7913
1800,3.0381534,2581.8293
1801,3.036961,2584.8662
1802,3.0366046,2587.9028
1803,3.037916,2590.9407
1804,3.0394297,2593.9802
1805,3.0416555,2597.022
1806,3.0442357,2600.0662
1807,3.0468323,2603.113
1808,3.047902,2606.161
1809,3.0489132,2609.2097
1810,3.0489316,2612.2585
1811,3.0473022,2615.306
1812,3.0447829,2618.3506
1813,3.0428722,2621.3936
1814,3.0410888,2624.4346
1815,3.0390816,2627.4736
1816,3.0370474,2630.5107
1817,3.0333624,2633.5442
1818,3.031489,2636.5757
1819,3.0316033,2639.6072
1820,3.0319035,2642.6392
1821,3.0327039,2645.6719
1822,3.0323699,2648.7043
1823,3.0309744,2651.7354
1824,3.0307426,2654.766
1825,3.0309346,2657.797
1826,3.032174,2660.8293
1827,3.0331051,2663.8625
1828,3.0323954,2666.895
1829,3.0306158,2669.9255
1830,3.0300531,2672.9556
1831,3.0296822,2675.9854
1832,3.029358,2679.0146
1833,3.0284472,2682.0432
1834,3.0270004,2685.0703
1835,3.0259023,2688.0962
1836,3.025943,2691.122
1837,3.0247438,2694.1467
1838,3.0225127,2697.1692
1839,3.0195322,2700.1887
1840,3.0168667,2703.2056
1841,3.0157857,2706.2214
1842,3.015043,2709.2366
1843,3.0134234,2712.25
1844,3.0148745,2715.265
1845,3.0170271,2718.282
1846,3.0170658,2721.299
1847,3.015255,2724.3142
1848,3.01292,2727.3271
1849,3.0122156,2730.3394
1850,3.011801,2733.351
1851,3.010243,2736.3613
1852,3.0078259,2739.3691
1853,3.005769,2742.375
1854,3.0053189,2745.3804
1855,3.005707,2748.386
1856,3.0065596,2751.3926
1857,3.0084329,2754.4011
1858,3.0090435,2757.4102
1859,3.0103936,2760.4207
1860,3.0120263,2763.4326
1861,3.013985,2766.4465
1862,3.0143847,2769.461
1863,3.01567,2772.4766
1864,3.0188324,2775.4954
1865,3.021733,2778.517
1866,3.0236807,2781.5408
1867,3.0243142,2784.5652
1868,3.0243762,2787.5896
1869,3.0254173,2790.615
1870,3.0258017,2793.6409
1871,3.0270832,2796.668
1872,3.0274823,2799.6956
1873,3.026627,2802.7222
1874,3.024943,2805.747
1875,3.0220761,2808.769
1876,3.020245,2811.7893
1877,3.0178792,2814.8071
1878,3.0160866,2817.8232
1879,3.0150766,2820.8384
1880,3.0153096,2823.8538
1881,3.0153067,2826.8691
1882,3.0140092,2829.883
1883,3.0130985,2832.8962
1884,3.0116692,2835.908
1885,3.0081508,2838.916
1886,3.0065877,2841.9226
1887,3.0072875,2844.93
1888,3.010776,2847.9407
1889,3.015274,2850.956
1890,3.0174773,2853.9736
1891,3.0177581,2856.9915
1892,3.0161812,2860.0076
1893,3.0140631,2863.0217
1894,3.0130255,2866.0347
1895,3.012181,2869.0469
1896,3.0121005,2872.059
1897,3.0123696,2875.0715
1898,3.013717,2878.0852
1899,3.0140533,2881.0994
1900,3.0136917,2884.113
1901,3.0125012,2887.1255
1902,3.0112102,2890.1367
1903,3.009728,2893.1465
1904,3.0085123,2896.155
1905,3.0076025,2899.1626
1906,3.0068448,2902.1694
1907,3.0082483,2905.1777
1908,3.010413,2908.1882
1909,3.0139217,2911.2021
1910,3.0150583,2914.2173
1911,3.0169485,2917.2341
1912,3.0180264,2920.2522
1913,3.0197647,2923.272
1914,3.01968,2926.2917
1915,3.0186183,2929.3103
1916,3.0182009,2932.3286
1917,3.0192523,2935.348
1918,3.0198395,2938.3677
1919,3.0202343,2941.388
1920,3.020309,2944.4082
1921,3.0197983,2947.428
1922,3.0184414,2950.4465
1923,3.0176656,2953.464
1924,3.0185485,2956.4827
1925,3.019067,2959.5017
1926,3.0197165,2962.5215
1927,3.0190392,2965.5405
1928,3.019263,2968.5598
1929,3.0200372,2971.5798
1930,3.0214686,2974.6013
1931,3.0236614,2977.625
1932,3.025606,2980.6506
1933,3.0260036,2983.6768
1934,3.0250897,2986.702
1935,3.0233698,2989.7253
1936,3.0219944,2992.7473
1937,3.021709,2995.769
1938,3.022433,2998.7915
1939,3.0217202,3001.8132
1940,3.0191138,3004.8323
1941,3.0162606,3007.8486
1942,3.0142465,3010.8628
1943,3.012948,3013.8757
1944,3.010363,3016.886
1945,3.0065494,3019.8926
1946,3.0040634,3022.8967
1947,3.0023918,3025.8992
1948,3.0009804,3028.9001
1949,2.9996958,3031.9
1950,2.9986157,3034.8984
1951,2.9966183,3037.895
1952,2.9973903,3040.8923
1953,2.9999533,3043.8923
1954,3.0028431,3046.8953
1955,3.0046031,3049.9
1956,3.0053887,3052.9053
1957,3.0082033,3055.9136
1958,3.0098164,3058.9233
1959,3.009939,3061.9333
1960,3.0081677,3064.9414
1961,3.0050673,3067.9465
1962,3.003757,3070.9502
1963,3.0046072,3073.9548
1964,3.007174,3076.962
1965,3.0103426,3079.9722
1966,3.012535,3082.9846
1967,3.0142453,3085.9988
1968,3.014899,3089.0137
1969,3.0151238,3092.0288
1970,3.0137095,3095.0425
1971,3.0120625,3098.0544
1972,3.010328,3101.0647
1973,3.006195,3104.0708
1974,3.003415,3107.0742
1975,3.0017607,3110.076
1976,3.002457,3113.0784
1977,3.0021582,3116.0806
1978,3.0018654,3119.0825
1979,3.0016317,3122.0842
1980,3.0017385,3125.086
1981,3.0020232,3128.088
1982,3.0032763,3131.091
1983,3.007138,3134.0981
1984,3.0101624,3137.1084
1985,3.012305,3140.1206
1986,3.0128949,3143.1335
1987,3.0123203,3146.1458
1988,3.0129979,3149.1587
1989,3.0126479,3152.1714
1990,3.0118685,3155.1833
1991,3.0114083,3158.1948
1992,3.0124407,3161.2073
1993,3.0140393,3164.2214
1994,3.015649,3167.237
1995,3.016776,3170.254
1996,3.017214,3173.2712
1997,3.019355,3176.2905
1998,3.020749,3179.3113
1999,3.0212023,3182.3325
2000,3.0195563,3185.352
2001,3.0168102,3188.369
2002,3.015874,3191.3848
2003,3.0158348,3194.4006
2004,3.0179741,3197.4187
2005,3.0197515,3200.4385
2006,3.0192099,3203.4578
2007,3.0176504,3206.4753
2008,3.0168238,3209.4922
2009,3.0165858,3212.5088
2010,3.0178664,3215.5266
2011,3.0213404,3218.5479
2012,3.022783,3221.5706
2013,3.0225728,3224.593
2014,3.020457,3227.6135
2015,3.0172863,3230.6309
2016,3.0140212,3233.6448
2017,3.010657,3236.6555
2018,3.0076828,3239.663
2019,3.007243,3242.6704
2020,3.0073965,3245.6777
2021,3.0079446,3248.6858
2022,3.0079126,3251.6936
2023,3.0078738,3254.7014
2024,3.0073848,3257.7087
2025,3.006572,3260.7153
2026,3.006262,3263.7217
2027,3.0069299,3266.7285
2028,3.0083592,3269.7368
2029,3.0092168,3272.746
2030,3.0099084,3275.756
2031,3.0103002,3278.7664
2032,3.0112336,3281.7776
2033,3.0115829,3284.789
2034,3.010904,3287.8
2035,3.00989,3290.81
2036,3.0095534,3293.8196
2037,3.0089524,3296.8286
2038,3.007841,3299.8364
2039,3.0081735,3302.8445
2040,3.008375,3305.8528
2041,3.006841,3308.8596
2042,3.005626,3311.8652
2043,3.004498,3314.8696
2044,3.0036256,3317.8733
2045,3.0036151,3320.877
2046,3.0044453,3323.8813
2047,3.0050023,3326.8862
2048,3.0053287,3329.8916
2049,3.0050282,3332.8967
2050,3.005736,3335.9023
2051,3.0085194,3338.911
2052,3.0107431,3341.9216
2053,3.0118659,3344.9336
2054,3.0119371,3347.9456
2055,3.0119433,3350.9575
2056,3.0120316,3353.9695
2057,3.0125728,3356.982
2058,3.011988,3359.994
2059,3.0102441,3363.0042
2060,3.006966,3366.0112
2061,3.0037892,3369.0151
2062,3.0022855,3372.0173
2063,3.0010607,3375.0183
2064,3.0019598,3378.0203
2065,3.005165,3381.0254
2066,3.008923,3384.0344
2067,3.013382,3387.0479
2068,3.0145156,3390.0623
2069,3.0142348,3393.0764
2070,3.0143023,3396.0908
2071,3.0142856,3399.1052
2072,3.0138571,3402.1191
2073,3.0117965,3405.1309
2074,3.0101197,3408.1409
2075,3.008869,3411.1497
2076,3.0071225,3414.1567
2077,3.0058,3417.1626
2078,3.0048954,3420.1675
2079,3.0039349,3423.1714
2080,3.0029287,3426.1743
2081,3.0021746,3429.1765
2082,3.0028114,3432.1794
2083,3.0042748,3435.1838
2084,3.0034673,3438.1873
2085,3.0011466,3441.1885
2086,2.9984925,3444.187
2087,2.995851,3447.1829
2088,2.9936755,3450.1765
2089,2.9917705,3453.1682
2090,2.9914925,3456.1597
2091,2.9923358,3459.152
2092,2.994311,3462.1465
2093,2.9961612,3465.1426
2094,2.9974673,3468.1401
2095,2.9982877,3471.1384
2096,2.9979992,3474.1365
2097,2.9961126,3477.1326
2098,2.9961426,3480.1287
2099,2.9979265,3483.1267
2100,2.9991663,3486.126
2101,2.9988463,3489.1248
2102,2.9995008,3492.1243
2103,3.0018845,3495.1262
2104,3.0031512,3498.1294
2105,3.004208,3501.1335
2106,3.0040076,3504.1375
2107,3.0053775,3507.1428
2108,3.0060787,3510.149
2109,3.0057945,3513.1548
2110,3.0043285,3516.1592
2111,3.0017965,3519.161
2112,2.9993258,3522.1602
2113,2.9972022,3525.1575
2114,2.9961162,3528.1536
2115,2.9957736,3531.1494
2116,2.99613,3534.1455
2117,2.9966989,3537.142
2118,2.997656,3540.1396
2119,2.9985538,3543.1382
2120,3.000503,3546.1387
2121,3.0024734,3549.141
2122,3.0028276,3552.144
2123,3.000994,3555.145
2124,2.9985416,3558.1436
2125,2.9961543,3561.1396
2126,2.995538,3564.1353
2127,2.9951842,3567.1304
2128,2.9962986,3570.1267
2129,2.9970412,3573.1238
2130,2.9968166,3576.1206
2131,2.9969237,3579.1174
2132,2.997201,3582.1147
2133,2.9969466,3585.1116
2134,2.9962506,3588.108
2135,2.9958262,3591.1038
2136,2.9952133,3594.0989
2137,2.9949536,3597.0938
2138,2.995536,3600.0894
2139,2.995624,3603.085
2140,2.995485,3606.0806
2141,2.9966228,3609.0771
2142,2.9969854,3612.0742
2143,2.998229,3615.0725
2144,2.9971766,3618.0696
2145,2.9947073,3621.0642
2146,2.994183,3624.0583
2147,2.9948611,3627.0532
2148,2.9970746,3630.0503
2149,2.9992425,3633.0496
2150,3.0009623,3636.0505
2151,3.0015967,3639.0522
2152,3.0028355,3642.0552
2153,3.003978,3645.059
2154,3.0054843,3648.0645
2155,3.0067003,3651.071
2156,3.0079122,3654.0789
2157,3.008948,3657.088
2158,3.0085917,3660.0964
2159,3.0084763,3663.105
2160,3.008403,3666.1133
2161,3.0099323,3669.1233
2162,3.0114594,3672.1348
2163,3.0133815,3675.1482
2164,3.0147088,3678.1628
2165,3.0137553,3681.1765
2166,3.0137813,3684.1902
2167,3.0147915,3687.205
2168,3.015569,3690.2207
2169,3.0161529,3693.2368
2170,3.0157714,3696.2527
2171,3.0145538,3699.2673
2172,3.0143056,3702.2817
2173,3.0154593,3705.297
2174,3.0180812,3708.3152
2175,3.0210207,3711.3362
2176,3.0230157,3714.3591
2177,3.0231302,3717.3823
2178,3.0230474,3720.4053
2179,3.0234475,3723.4287
2180,3.0236654,3726.4524
2181,3.0241983,3729.4766
2182,3.0233386,3732.5
2183,3.0207934,3735.5208
2184,3.0182302,3738.539
2185,3.0158334,3741.555
2186,3.0127642,3744.5676
2187,3.0085003,3747.5762
2188,3.0046997,3750.5808
2189,3.0010326,3753.5818
2190,2.9996986,3756.5815
2191,2.9986432,3759.58
2192,2.9992254,3762.5793
2193,2.9988341,3765.5781
2194,2.9990437,3768.5771
2195,2.9991624,3771.5764
2196,3.0006757,3774.5771
2197,3.0025373,3777.5796
2198,3.0041912,3780.5837
2199,3.003944,3783.5876
2200,3.0035806,3786.5913
2201,3.0033712,3789.5947
2202,3.0051782,3792.5999
2203,3.009618,3795.6094
2204,3.0110106,3798.6204
2205,3.0106735,3801.631
2206,3.0088599,3804.64
2207,3.0076013,3807.6475
2208,3.006714,3810.6543
2209,3.0070026,3813.6614
2210,3.0081868,3816.6697
2211,3.0107415,3819.6804
2212,3.0097506,3822.6902
2213,3.0074072,3825.6975
2214,3.0066082,3828.704
2215,3.0060642,3831.7102
2216,3.0053313,3834.7156
2217,3.003586,3837.7192
2218,3.0030956,3840.7224
2219,3.0015914,3843.724
2220,2.9990225,3846.7231
2221,2.9968581,3849.72
2222,2.996105,3852.716
2223,2.9973717,3855.7134
2224,2.9980972,3858.7114
2225,2.998277,3861.7097
2226,2.998425,3864.7083
2227,2.9988558,3867.707
2228,3.0006735,3870.7078
2229,3.0040786,3873.712
2230,3.0075116,3876.7195
2231,3.011293,3879.7307
2232,3.0130196,3882.7437
2233,3.014154,3885.7578
2234,3.013417,3888.7712
2235,3.0126317,3891.784
2236,3.012069,3894.796
2237,3.0116746,3897.8076
2238,3.0113146,3900.8188
2239,3.0109444,3903.8298
2240,3.0104232,3906.8403
2241,3.0094388,3909.8499
2242,3.0097325,3912.8596
2243,3.0104003,3915.87
2244,3.01117,3918.8813
2245,3.0113137,3921.8926
2246,3.0107129,3924.9033
2247,3.0093277,3927.9126
2248,3.008848,3930.9214
2249,3.008057,3933.9294
2250,3.0079296,3936.9373
2251,3.008874,3939.946
2252,3.0095556,3942.9556
2253,3.0091646,3945.9648
2254,3.0095282,3948.9744
2255,3.0104885,3951.9849
2256,3.011721,3954.9966
2257,3.0117912,3958.0083
2258,3.0116897,3961.02
2259,3.010945,3964.031
2260,3.0110388,3967.042
2261,3.011563,3970.0535
2262,3.012947,3973.0664
2263,3.0155172,3976.082
2264,3.0165749,3979.0986
2265,3.0190256,3982.1177
2266,3.0210953,3985.1387
2267,3.0229404,3988.1616
2268,3.0233407,3991.185
2269,3.0238223,3994.209
2270,3.0242827,3997.2332
2271,3.0242457,4000.2573
2272,3.023299,4003.2805
2273,3.0210583,4006.3015
2274,3.018932,4009.3206
2275,3.0172057,4012.3376
2276,3.0161014,4015.3538
2277,3.0143437,4018.3682
2278,3.0123131,4021.3804
2279,3.0108452,4024.391
2280,3.010205,4027.4014
2281,3.011376,4030.4128
2282,3.0149384,4033.4277
2283,3.0198894,4036.4475
2284,3.0225112,4039.47
2285,3.0239902,4042.494
2286,3.02331,4045.517
2287,3.023183,4048.5403
2288,3.0231078,4051.5635
2289,3.0247715,4054.5881
2290,3.0248756,4057.613
2291,3.0237777,4060.6367
2292,3.0214474,4063.6582
2293,3.018469,4066.6768
2294,3.017175,4069.6938
2295,3.017055,4072.711
2296,3.0170627,4075.728
2297,3.0167758,4078.7449
2298,3.0173094,4081.7622
2299,3.0168397,4084.779
2300,3.0164962,4087.7957
2301,3.015096,4090.8108
2302,3.015336,4093.8262
2303,3.015411,4096.842
2304,3.0162625,4099.858
2305,3.0189376,4102.877
2306,3.0209322,4105.898
2307,3.0213137,4108.9194
2308,3.0209825,4111.9404
2309,3.0224245,4114.963
2310,3.023675,4117.9863
2311,3.024687,4121.011
2312,3.0257607,4124.037
2313,3.023955,4127.061
2314,3.0216763,4130.0825
2315,3.0196753,4133.102
2316,3.0174773,4136.1196
2317,3.0152876,4139.135
2318,3.0131695,4142.148
2319,3.010301,4145.158
2320,3.0088146,4148.167
2321,3.0090933,4151.1763
2322,3.0099645,4154.186
2323,3.0116408,4157.1978
2324,3.013377,4160.211
2325,3.0154366,4163.2266
2326,3.0176516,4166.244
2327,3.0197957,4169.264
2328,3.0212743,4172.2856
2329,3.0220034,4175.3076
2330,3.022229,4178.33
2331,3.0206935,4181.3506
2332,3.0196564,4184.37
2333,3.019056,4187.389
2334,3.0180545,4190.407
2335,3.0180752,4193.4253
2336,3.0178528,4196.4434
2337,3.0183492,4199.462
2338,3.0195208,4202.4814
2339,3.0208251,4205.5024
2340,3.021522,4208.524
2341,3.0211883,4211.545
2342,3.0195901,4214.5645
2343,3.0165935,4217.581
2344,3.0144832,4220.5957
2345,3.0119412,4223.6074
2346,3.0099487,4226.617
2347,3.008272,4229.6255
2348,3.0085804,4232.6343
2349,3.0090196,4235.643
2350,3.0092452,4238.6523
2351,3.0099325,4241.662
2352,3.010641,4244.673
2353,3.0116832,4247.6846
2354,3.010822,4250.6953
2355,3.0089233,4253.704
2356,3.007765,4256.712
2357,3.0064664,4259.7183
2358,3.0045395,4262.7227
2359,3.0035737,4265.726
2360,3.0033448,4268.7295
2361,3.0034518,4271.733
2362,3.0028613,4274.736
2363,3.0020115,4277.738
2364,3.00221,4280.74
2365,3.0032146,4283.7437
2366,3.0028343,4286.7466
2367,3.002833,4289.7495
2368,3.003378,4292.753
2369,3.0035956,4295.7563
2370,3.0033188,4298.76
2371,3.0024006,4301.762
2372,3.0036151,4304.7656
2373,3.0065296,4307.772
2374,3.008564,4310.781
2375,3.009224,4313.79
2376,3.0084403,4316.7983
2377,3.0066419,4319.805
2378,3.0059307,4322.811
2379,3.0062473,4325.8174
2380,3.007502,4328.8247
2381,3.008254,4331.833
2382,3.0084622,4334.8413
2383,3.0067122,4337.848
2384,3.0050704,4340.853
2385,3.0054865,4343.8584
2386,3.0058866,4346.8643
2387,3.0074534,4349.8716
2388,3.0079682,4352.8794
2389,3.0075269,4355.8867
2390,3.0066564,4358.8936
2391,3.006145,4361.9
2392,3.0048974,4364.905
2393,3.003276,4367.908
2394,3.002071,4370.91
2395,3.0024047,4373.9126
2396,3.0025935,4376.915
2397,3.0040076,4379.919
2398,3.0055978,4382.9243
2399,3.0073843,4385.9316
2400,3.009609,4388.9414
2401,3.0115514,4391.953
2402,3.0124145,4394.9653
2403,3.0118713,4397.977
2404,3.012138,4400.9893
2405,3.013964,4404.0034
2406,3.015116,4407.0186
2407,3.010874,4410.0293
2408,2.999213,4413.0283
2409,2.991605,4416.02
2410,2.9836874,4419.004
2411,2.9780867,4421.982
2412,2.9708345,4424.9526
2413,2.9655395,4427.918
2414,2.959909,4430.878
2415,2.9571393,4433.835
2416,2.9531012,4436.788
2417,2.9486504,4439.737
2418,2.9429305,4442.6797
2419,2.9398355,4445.6196
2420,2.937263,4448.557
2421,2.9347703,4451.4917
2422,2.9308987,4454.4224
2423,2.9284298,4457.3506
2424,2.926979,4460.2773
2425,2.9254003,4463.2026
2426,2.9258184,4466.1284
2427,2.9267397,4469.055
2428,2.927875,4471.983
2429,2.9279134,4474.9106
2430,2.9288454,4477.8394
2431,2.9290252,4480.7686
2432,2.9299405,4483.6987
2433,2.9298706,4486.6284
2434,2.9300263,4489.5586
2435,2.9300961,4492.489
2436,2.931797,4495.4204
2437,2.9344625,4498.355
2438,2.9381611,4501.293
2439,2.9408128,4504.234
2440,2.942744,4507.177
2441,2.9453475,4510.122
2442,2.9496868,4513.072
2443,2.9539437,4516.026
2444,2.958731,4518.9844
2445,2.9634862,4521.9478
2446,2.9678082,4524.9155
2447,2.970073,4527.8857
2448,2.9724095,4530.858
2449,2.974713,4533.8325
2450,2.9780643,4536.8105
2451,2.9819221,4539.7925
2452,2.9853885,4542.778
2453,2.9887226,4545.7666
2454,2.99323,4548.76
2455,2.9985878,4551.7583
2456,3.0067863,4554.765
2457,3.0164816,4557.7817
2458,3.0229595,4560.8047
2459,3.0315292,4563.8364
2460,3.0380478,4566.8745
2461,3.045651,4569.92
2462,3.0497832,4572.9697
2463,3.0552135,4576.025
2464,3.0600848,4579.085
2465,3.0664492,4582.1514
2466,3.0723944,4585.2236
2467,3.0795794,4588.303
2468,3.0852404,4591.3887
2469,3.0916524,4594.4805
2470,3.0972,4597.5776
2471,3.1036127,4600.681
2472,3.1085973,4603.7896
2473,3.1138744,4606.9033
2474,3.1181002,4610.0215
2475,3.1229448,4613.1445
2476,3.1273272,4616.272
2477,3.1316347,4619.404
2478,3.1340795,4622.538
2479,3.1354384,4625.6733
2480,3.1368377,4628.81
2481,3.138371,4631.948
2482,3.140389,4635.089
2483,3.1427321,4638.2314
2484,3.1454477,4641.377
2485,3.1487694,4644.526
2486,3.1509929,4647.677
2487,3.1543188,4650.831
2488,3.1584918,4653.9897
2489,3.162806,4657.1523
2490,3.1657128,4660.318
2491,3.167069,4663.485
2492,3.1693072,4666.6543
2493,3.1742325,4669.8286
2494,3.1806026,4673.0093
2495,3.1862633,4676.1953
2496,3.1920888,4679.387
2497,3.1993356,4682.5864
2498,3.2051787,4685.7915
2499,3.2100143,4689.0015
2500,3.212592,4692.214
2501,3.2134328,4695.4272
2502,3.2154627,4698.6426
2503,3.2181487,4701.861
2504,3.2214031,4705.082
2505,3.2237613,4708.3057
2506,3.2241886,4711.53
2507,3.2232385,4714.753
2508,3.2226086,4717.9756
2509,3.220018,4721.196
2510,3.2193053,4724.415
2511,3.2164857,4727.6313
2512,3.2142394,4730.8457
2513,3.2120628,4734.0576
2514,3.2102072,4737.268
2515,3.214374,4740.4824
2516,3.2217898,4743.704
2517,3.2248497,4746.9287
2518,3.2279088,4750.1567
2519,3.2253366,4753.382
2520,3.2298837,4756.612
2521,3.2334425,4759.845
2522,3.2387242,4763.084
2523,3.2392972,4766.323
2524,3.241437,4769.5645
2525,3.2409358,4772.805
2526,3.2427578,4776.048
2527,3.243769,4779.2915
2528,3.2484114,4782.54
2529,3.2597475,4785.8
2530,3.2915056,4789.0913
2531,3.3526864,4792.444
2532,3.4184139,4795.8623
2533,3.454808,4799.317
2534,3.457438,4802.7744
2535,3.407713,4806.182
2536,3.3374112,4809.5195
2537,3.305502,4812.825
2538,3.2957911,4816.121
2539,3.2934606,4819.4146
2540,3.2932994,4822.708
2541,3.291849,4826.0
2542,3.2874494,4829.2876
2543,3.2811558,4832.569
2544,3.2753222,4835.844
2545,3.269281,4839.1133
2546,3.2640338,4842.3774
2547,3.2589977,4845.636
2548,3.2547662,4848.891
2549,3.2499359,4852.141
2550,3.2445755,4855.3857
2551,3.238846,4858.6245
2552,3.2309072,4861.8555
2553,3.2221603,4865.0776
2554,3.2137659,4868.2915
2555,3.2054784,4871.497
2556,3.1953378,4874.6924
2557,3.1846972,4877.877
2558,3.171701,4881.049
2559,3.158925,4884.2075
2560,3.1474216,4887.355
2561,3.1373775,4890.492
2562,3.1265275,4893.6187
2563,3.1129901,4896.7314
2564,3.0882812,4899.82
2565,3.061676,4902.8813
2566,3.040304,4905.922
2567,3.0207412,4908.9424
2568,3.007326,4911.9497
2569,2.9988666,4914.9487
2570,2.994105,4917.943
2571,2.9896762,4920.9326
2572,2.9842665,4923.917
2573,2.9798045,4926.897
2574,2.9774594,4929.8745
2575,2.9728389,4932.847
2576,2.97044,4935.8174
2577,2.96826,4938.7856
2578,2.9614954,4941.747
2579,2.9505742,4944.6978
2580,2.9354076,4947.6333
2581,2.9248345,4950.558
2582,2.907736,4953.466
2583,2.8919103,4956.358
2584,2.8739235,4959.232
2585,2.8603606,4962.0923
2586,2.849477,4964.942
2587,2.8418667,4967.7837
2588,2.8349872,4970.6187
2589,2.8297188,4973.448
2590,2.8254693,4976.274
2591,2.821403,4979.095
2592,2.8205776,4981.916
2593,2.8222222,4984.7383
2594,2.8247287,4987.563
2595,2.8269517,4990.39
2596,2.8284588,4993.2188
2597,2.8292055,4996.048
2598,2.8308733,4998.879
2599,2.8317387,5001.7104
2600,2.8344052,5004.545
2601,2.837829,5007.383
2602,2.8409483,5010.2236
2603,2.8432608,5013.067
2604,2.846103,5015.913
2605,2.8494809,5018.7627
2606,2.8573241,5021.62
2607,2.8647506,5024.485
2608,2.8703148,5027.355
2609,2.8733733,5030.2285
2610,2.874209,5033.1025
2611,2.8734536,5035.976
2612,2.8746257,5038.8506
2613,2.875909,5041.7266
2614,2.8763623,5044.603
2615,2.8763013,5047.4795
2616,2.8768702,5050.3564
2617,2.8780413,5053.2344
2618,2.8787193,5056.1133
2619,2.8804774,5058.9937
2620,2.8814707,5061.875
2621,2.8831115,5064.7583
2622,2.88502,5067.6436
2623,2.8878853,5070.5312
2624,2.8895688,5073.421
2625,2.8908603,5076.3115
2626,2.8917446,5079.203
2627,2.8916783,5082.0947
2628,2.8924778,5084.9873
2629,2.895176,5087.8823
2630,2.8969467,5090.7793
2631,2.901044,5093.68
2632,2.9025905,5096.583
2633,2.9109278,5099.494
2634,2.9195113,5102.4136
2635,2.931339,5105.3447
2636,2.9420972,5108.2866
2637,2.952084,5111.239
2638,2.961232,5114.2
2639,2.9704773,5117.171
2640,2.979416,5120.1504
2641,2.98689,5123.137
2642,2.9915955,5126.129
2643,2.9948874,5129.124
2644,2.9992437,5132.123
2645,3.0048845,5135.128
2646,3.011649,5138.1396
2647,3.0168493,5141.1567
2648,3.0218308,5144.1787
2649,3.0248582,5147.2036
2650,3.0282598,5150.232
2651,3.030492,5153.262
2652,3.0326974,5156.295
2653,3.0341406,5159.329
2654,3.034911,5162.364
2655,3.0351126,5165.399
2656,3.0353868,5168.434
2657,3.0361745,5171.47
2658,3.0379083,5174.5083
2659,3.0381572,5177.5464
2660,3.0391598,5180.5854
2661,3.04144,5183.627
2662,3.0424151,5186.6694
2663,3.0425048,5189.712
2664,3.0420818,5192.754
2665,3.0410705,5195.795
2666,3.0409951,5198.836
2667,3.042109,5201.878
2668,3.044119,5204.922
2669,3.0458727,5207.968
2670,3.0477638,5211.0156
2671,3.0491598,5214.065
2672,3.050775,5217.1157
2673,3.0522661,5220.168
2674,3.0530188,5223.221
2675,3.0534081,5226.2744
2676,3.0537512,5229.328
2677,3.0543463,5232.3823
2678,3.0536563,5235.436
2679,3.0520074,5238.4883
2680,3.0514126,5241.5396
2681,3.0513196,5244.591
2682,3.0485508,5247.639
2683,3.0435302,5250.6826
2684,3.0396912,5253.722
2685,3.035348,5256.7573
2686,3.0311358,5259.7886
2687,3.0272622,5262.816
2688,3.0216064,5265.8374
2689,3.01485,5268.852
2690,3.009145,5271.8613
2691,3.003195,5274.8647
2692,2.9969838,5277.862
2693,2.991859,5280.8535
2694,2.9854136,5283.839
2695,2.9781857,5286.817
2696,2.970813,5289.7876
2697,2.9638507,5292.7515
2698,2.9580019,5295.7095
2699,2.9535336,5298.663
2700,2.949259,5301.6123
2701,2.944107,5304.5566
2702,2.9397683,5307.4966
2703,2.9351494,5310.4316
2704,2.9317093,5313.3633
2705,2.9273698,5316.2905
2706,2.9227698,5319.2134
2707,2.9176102,5322.131
2708,2.912457,5325.0435
2709,2.9071047,5327.9507
2710,2.9019742,5330.8525
2711,2.8975525,5333.75
2712,2.8957925,5336.646
2713,2.8951952,5339.541
2714,2.8948963,5342.436
2715,2.892828,5345.329
2716,2.8920107,5348.221
2717,2.889686,5351.111
2718,2.8901937,5354.001
2719,2.891519,5356.8926
2720,2.892271,5359.7847
2721,2.892851,5362.6777
2722,2.894073,5365.572
2723,2.8943512,5368.4663
2724,2.8934183,5371.36
2725,2.8919973,5374.252
2726,2.890503,5377.1426
2727,2.889609,5380.032
2728,2.8895485,5382.922
2729,2.890282,5385.812
2730,2.8904977,5388.7026
2731,2.8911774,5391.5938
2732,2.890125,5394.484
2733,2.886659,5397.3706
2734,2.8840659,5400.255
2735,2.8792632,5403.1343
2736,2.8774533,5406.0117
2737,2.8744936,5408.886
2738,2.8747547,5411.7607
2739,2.8760488,5414.6367
2740,2.8780823,5417.5146
2741,2.8794386,5420.394
2742,2.8802767,5423.2744
2743,2.8812115,5426.156
2744,2.8810155,5429.0366
2745,2.8809533,5431.9175
2746,2.8825305,5434.8
2747,2.8842874,5437.684
2748,2.8841717,5440.5684
2749,2.88388,5443.452
2750,2.8827057,5446.335
2751,2.8813226,5449.2163
2752,2.8778245,5452.094
2753,2.8741708,5454.9683
2754,2.8708208,5457.839
2755,2.8664336,5460.705
2756,2.8642294,5463.5693
2757,2.862459,5466.4316
2758,2.8605397,5469.292
2759,2.8607275,5472.153
2760,2.8638725,5475.0166
2761,2.8673694,5477.884
2762,2.8696728,5480.7534
2763,2.870013,5483.6235
2764,2.8674984,5486.491
2765,2.863845,5489.355
2766,2.8619385,5492.217
2767,2.8643048,5495.081
2768,2.8678775,5497.9487
2769,2.8697693,5500.8184
2770,2.8716445,5503.69
2771,2.8725274,5506.5625
2772,2.8756764,5509.438
2773,2.876524,5512.3145
2774,2.8773391,5515.192
2775,2.8800642,5518.072
2776,2.8836167,5520.9556
2777,2.8853774,5523.841
2778,2.8860686,5526.727
2779,2.8879638,5529.615
2780,2.8870559,5532.5024
2781,2.8860545,5535.3887
2782,2.885141,5538.274
2783,2.883227,5541.157
2784,2.8809803,5544.038
2785,2.878432,5546.9165
2786,2.8759224,5549.7925
2787,2.8736455,5552.666
2788,2.8709872,5555.537
2789,2.868273,5558.4053
2790,2.8669968,5561.2725
2791,2.865374,5564.1377
2792,2.863797,5567.0015
2793,2.8610156,5569.8623
2794,2.8565233,5572.7188
2795,2.8529012,5575.572
2796,2.850216,5578.422
2797,2.8487213,5581.2705
2798,2.8483868,5584.1187
2799,2.848329,5586.967
2800,2.8454049,5589.812
2801,2.8414264,5592.6533
2802,2.8355,5595.489
2803,2.8297284,5598.3184
2804,2.8247008,5601.143
2805,2.822077,5603.9653
2806,2.8198617,5606.785
2807,2.8184512,5609.6035
2808,2.8162951,5612.42
2809,2.8147585,5615.235
2810,2.810851,5618.046
2811,2.8048117,5620.8506
2812,2.7997005,5623.6504
2813,2.7934105,5626.444
2814,2.7882903,5629.232
2815,2.784195,5632.016
2816,2.7827241,5634.799
2817,2.7832444,5637.582
2818,2.783065,5640.365
2819,2.7813709,5643.1465
2820,2.777419,5645.924
2821,2.7740688,5648.6978
2822,2.768005,5651.466
2823,2.760169,5654.226
2824,2.754075,5656.98
2825,2.7500064,5659.73
2826,2.7482555,5662.478
2827,2.7446804,5665.2227
2828,2.74174,5667.9644
2829,2.735248,5670.6997
2830,2.730564,5673.43
2831,2.727617,5676.1577
2832,2.7245843,5678.8823
2833,2.7183492,5681.6006
2834,2.7109952,5684.3115
2835,2.700832,5687.012
2836,2.694494,5689.7065
2837,2.6903667,5692.397
2838,2.6903496,5695.0874
2839,2.6942499,5697.7817
2840,2.6932504,5700.475
2841,2.6899314,5703.165
2842,2.683076,5705.848
2843,2.6755097,5708.5234
2844,2.6693323,5711.193
2845,2.6627338,5713.8555
2846,2.6587417,5716.514
2847,2.6563776,5719.1704
2848,2.6568909,5721.827
2849,2.6569848,5724.4844
2850,2.654923,5727.139
2851,2.6508536,5729.79
2852,2.6455603,5732.4355
2853,2.637897,5735.073
2854,2.627442,5737.7007
2855,2.6138504,5740.3145
2856,2.6010933,5742.9155
2857,2.5889187,5745.5044
2858,2.5841527,5748.0884
2859,2.5801406,5750.6685
2860,2.5785234,5753.247
2861,2.5746288,5755.822
2862,2.567325,5758.389
2863,2.5616846,5760.9507
2864,2.5588908,5763.51
2865,2.560179,5766.07
2866,2.563384,5768.6333
2867,2.5670502,5771.2
2868,2.5691073,5773.7695
2869,2.5709894,5776.3403
2870,2.5724378,5778.9126
2871,2.5752728,5781.488
2872,2.5790448,5784.067
2873,2.5836053,5786.6504
2874,2.5853326,5789.236
2875,2.5847123,5791.8203
2876,2.5821042,5794.4023
2877,2.58142,5796.984
2878,2.5803683,5799.5645
2879,2.5791452,5802.1436
2880,2.5763376,5804.7197
2881,2.5727077,5807.2925
2882,2.5670383,5809.8594
2883,2.558044,5812.4175
2884,2.5500288,5814.9673
2885,2.547634,5817.515
2886,2.5492406,5820.0645
2887,2.5521715,5822.6167
2888,2.5496566,5825.1665
2889,2.5466118,5827.713
2890,2.5441062,5830.257
2891,2.5420046,5832.799
2892,2.539711,5835.3384
2893,2.5364375,5837.875
2894,2.5336084,5840.4087
2895,2.5321589,5842.941
2896,2.5346377,5845.4756
2897,2.5380914,5848.0137
2898,2.5412474,5850.5547
2899,2.5442421,5853.099
2900,2.54516,5855.644
2901,2.5475702,5858.1914
2902,2.5495203,5860.7407
2903,2.5536723,5863.2944
2904,2.5559108,5865.8506
2905,2.5560424,5868.4067
2906,2.5507293,5870.9575
2907,2.5435236,5873.501
2908,2.5372176,5876.038
2909,2.5333486,5878.5713
2910,2.5330234,5881.1045
2911,2.5347452,5883.639
2912,2.5386975,5886.1777
2913,2.5464928,5888.724
2914,2.5569015,5891.2812
2915,2.5706768,5893.852
2916,2.5813167,5896.4336
2917,2.591538,5899.025
2918,2.5953727,5901.62
2919,2.5965602,5904.217
2920,2.5974236,5906.8145
2921,2.5992594,5909.4136
2922,2.6000175,5912.0137
2923,2.5994632,5914.6133
2924,2.5973275,5917.2104
2925,2.5898087,5919.8003
2926,2.5823123,5922.383
2927,2.5754669,5924.9585
2928,2.5736847,5927.532
2929,2.5747533,5930.107
2930,2.5716121,5932.6787
2931,2.565772,5935.2446
2932,2.5601497,5937.8047
2933,2.5602899,5940.3647
2934,2.5646515,5942.929
2935,2.5701883,5945.4995
2936,2.5728152,5948.0723
2937,2.5750122,5950.6475
2938,2.5770442,5953.2246
2939,2.578083,5955.8027
2940,2.5782802,5958.381
2941,2.5783641,5960.959
2942,2.5804327,5963.5396
2943,2.585713,5966.1255
2944,2.5932858,5968.7188
2945,2.6006713,5971.3193
2946,2.6056054,5973.925
2947,2.6089423,5976.5337
2948,2.612389,5979.146
2949,2.6186602,5981.7646
2950,2.6235132,5984.388
2951,2.627688,5987.016
2952,2.6285248,5989.6445
2953,2.6282253,5992.273
2954,2.6269622,5994.9
2955,2.6256368,5997.5254
2956,2.6273053,6000.153
2957,2.6319628,6002.7847
2958,2.6401584,6005.425
2959,2.6465893,6008.0713
2960,2.6505,6010.7217
2961,2.6551661,6013.377
2962,2.658633,6016.0356
2963,2.6605492,6018.6963
2964,2.6584096,6021.3545
2965,2.6555808,6024.0103
2966,2.6541882,6026.6646
2967,2.6545944,6029.3193
2968,2.6538906,6031.973
2969,2.6525633,6034.6255
2970,2.6506565,6037.2764
2971,2.6471896,6039.9233
2972,2.6443665,6042.568
2973,2.641436,6045.2095
2974,2.6385772,6047.848
2975,2.636453,6050.4844
2976,2.635557,6053.12
2977,2.6349666,6055.755
2978,2.6318398,6058.3867
2979,2.6270626,6061.0137
2980,2.6245458,6063.638
2981,2.6236444,6066.2617
2982,2.6239047,6068.8857
2983,2.6243298,6071.5103
2984,2.6267004,6074.1367
2985,2.6299934,6076.7666
2986,2.6308475,6079.3975
2987,2.6300793,6082.0273
2988,2.6301904,6084.6577
2989,2.6312053,6087.289
2990,2.6357033,6089.925
2991,2.6420712,6092.567
2992,2.6499462,6095.217
2993,2.6593175,6097.876
2994,2.667294,6100.5435
2995,2.6725533,6103.216
2996,2.6707208,6105.8867
2997,2.666595,6108.553
2998,2.6647573,6111.218
2999,2.664213,6113.882
3000,2.6652772,6116.547
3001,2.667464,6119.2144
3002,2.6690784,6121.8833
3003,2.6711645,6124.5547
3004,2.6741662,6127.229
3005,2.678028,6129.907
3006,2.6833715,6132.591
3007,2.688175,6135.279
3008,2.6917145,6137.9707
3009,2.6917582,6140.6626
3010,2.6908789,6143.3535
3011,2.6900024,6146.0435
3012,2.6874206,6148.731
3013,2.684013,6151.415
3014,2.684342,6154.0996
3015,2.6875772,6156.787
3016,2.6904442,6159.4775
3017,2.6932383,6162.171
3018,2.6939087,6164.8647
3019,2.6924748,6167.557
3020,2.6876826,6170.2446
3021,2.6814072,6172.9263
3022,2.677605,6175.604
3023,2.6755998,6178.28
3024,2.676136,6180.956
3025,2.6751897,6183.6313
3026,2.6730893,6186.304
3027,2.6718967,6188.976
3028,2.671386,6191.6475
3029,2.6699202,6194.3174
3030,2.67032,6196.988
3031,2.6727004,6199.6606
3032,2.6760538,6202.337
3033,2.6815734,6205.0186
3034,2.6832745,6207.7017
3035,2.6815634,6210.3833
3036,2.6796105,6213.063
3037,2.6790712,6215.742
3038,2.6791546,6218.4214
3039,2.679628,6221.101
3040,2.683181,6223.784
3041,2.6884377,6226.4727
3042,2.6924953,6229.165
3043,2.6934774,6231.8584
3044,2.6917338,6234.5503
3045,2.6905532,6237.2407
3046,2.6919034,6239.9326
3047,2.6951036,6242.628
3048,2.6939023,6245.322
3049,2.6903675,6248.012
3050,2.6883032,6250.7007
3051,2.6870835,6253.3877
3052,2.6863358,6256.074
3053,2.6853716,6258.76
3054,2.6879516,6261.4478
3055,2.6942754,6264.142
3056,2.7001605,6266.8423
3057,2.7049801,6269.5474
3058,2.705306,6272.2524
3059,2.7070618,6274.9595
3060,2.7084398,6277.668
3061,2.7096603,6280.3774
3062,2.7114184,6283.089
3063,2.7132974,6285.8022
3064,2.7139034,6288.516
3065,2.7115436,6291.2275
3066,2.711689,6293.9395
3067,2.7136989,6296.6533
3068,2.716311,6299.3696
3069,2.7182312,6302.088
3070,2.718806,6304.8066
3071,2.7177289,6307.5244
3072,2.716563,6310.241
3073,2.7131042,6312.954
3074,2.7126565,6315.667
3075,2.7163393,6318.3833
3076,2.7222202,6321.1055
3077,2.7270377,6323.8325
3078,2.7330909,6326.5654
3079,2.7377713,6329.303
3080,2.7390997,6332.0425
3081,2.7386637,6334.7812
3082,2.7386246,6337.52
3083,2.7389274,6340.259
3084,2.7404435,6342.999
3085,2.7427297,6345.7417
3086,2.7474072,6348.4893
3087,2.7514076,6351.2407
3088,2.7558074,6353.9966
3089,2.759723,6356.7563
3090,2.7606103,6359.517
3091,2.760661,6362.278
3092,2.7598352,6365.0376
3093,2.7592974,6367.797
3094,2.7597094,6370.5566
3095,2.7631817,6373.32
3096,2.7670453,6376.087
3097,2.7698205,6378.857
3098,2.7693253,6381.6265
3099,2.7688634,6384.3955
3100,2.7651653,6387.1606
3101,2.760387,6389.921
3102,2.7597225,6392.6807
3103,2.7604249,6395.441
3104,2.7598479,6398.2007
3105,2.757526,6400.958
3106,2.7562313,6403.7144
3107,2.7553039,6406.4697
3108,2.7569132,6409.2266
3109,2.759197,6411.986
3110,2.7636788,6414.7495
3111,2.76877,6417.518
3112,2.7682867,6420.286
3113,2.7643347,6423.0503
3114,2.757974,6425.808
3115,2.7533698,6428.5615
3116,2.7504497,6431.312
3117,2.7506106,6434.0625
3118,2.7526124,6436.815
3119,2.7556992,6439.571
3120,2.75389,6442.3247
3121,2.7493074,6445.074
3122,2.7443957,6447.819
3123,2.7388601,6450.5576
3124,2.7381701,6453.296
3125,2.739538,6456.0356
3126,2.7440789,6458.78
3127,2.746142,6461.526
3128,2.7453165,6464.271
3129,2.743969,6467.015
3130,2.7466345,6469.7617
3131,2.7515717,6472.513
3132,2.7578218,6475.271
3133,2.7636764,6478.0347
3134,2.7663028,6480.801
3135,2.7684164,6483.5693
3136,2.7697425,6486.339
3137,2.7701352,6489.109
3138,2.771916,6491.881
3139,2.7739677,6494.655
3140,2.7760384,6497.4307
3141,2.7785037,6500.209
3142,2.779476,6502.9883
3143,2.7801168,6505.7686
3144,2.7827117,6508.5513
3145,2.785257,6511.3364
3146,2.78633,6514.1226
3147,2.785762,6516.908
3148,2.7868292,6519.695
3149,2.7881756,6522.483
3150,2.7903743,6525.2734
3151,2.7931073,6528.0664
3152,2.7930598,6530.8594
3153,2.793348,6533.653
3154,2.7928205,6536.446
3155,2.7937863,6539.2397
3156,2.7955706,6542.035
3157,2.7987502,6544.834
3158,2.8003063,6547.6343
3159,2.800109,6550.4346
3160,2.796083,6553.2305
3161,2.7878711,6556.0186
3162,2.778335,6558.797
3163,2.7697036,6561.5664
3164,2.7646692,6564.331
3165,2.7627869,6567.0938
3166,2.7622924,6569.856
3167,2.7594087,6572.615
3168,2.750193,6575.365
3169,2.7410102,6578.1064
3170,2.7323143,6580.839
3171,2.724353,6583.563
3172,2.7185152,6586.2817
3173,2.713811,6588.9956
3174,2.7129147,6591.7085
3175,2.7132711,6594.422
3176,2.7138078,6597.1357
3177,2.7137377,6599.8496
3178,2.7172072,6602.567
3179,2.7222195,6605.289
3180,2.728489,6608.0176
3181,2.7347298,6610.7524
3182,2.7424276,6613.4946
3183,2.7512274,6616.246
3184,2.7606418,6619.007
3185,2.769008,6621.776
3186,2.779866,6624.5557
3187,2.790121,6627.3457
3188,2.8007436,6630.1465
3189,2.8113294,6632.958
3190,2.8234692,6635.7812
3191,2.8348556,6638.616
3192,2.845347,6641.4614
3193,2.85364,6644.315
3194,2.8616402,6647.177
3195,2.868291,6650.045
3196,2.8748102,6652.92
3197,2.8797457,6655.8
3198,2.8838358,6658.6836
3199,2.8874002,6661.571
3200,2.8908865,6664.462
3201,2.8937905,6667.3555
3202,2.8967595,6670.2524
3203,2.8988955,6673.1514
3204,2.9005687,6676.052
3205,2.901971,6678.9536
3206,2.9026825,6681.8564
3207,2.9028192,6684.7593
3208,2.9021275,6687.6616
3209,2.9011648,6690.563
3210,2.8996553,6693.4624
3211,2.8979924,6696.3604
3212,2.8962805,6699.257
3213,2.8945742,6702.1514
3214,2.8920617,6705.0435
3215,2.889287,6707.9326
3216,2.885545,6710.8184
3217,2.8818314,6713.7
3218,2.878511,6716.5786
3219,2.8756518,6719.454
3220,2.873668,6722.3276
3221,2.872757,6725.2
3222,2.8723998,6728.0728
3223,2.8726916,6730.9453
3224,2.8733487,6733.819
3225,2.8746393,6736.6934
3226,2.8764353,6739.57
3227,2.8796866,6742.4497
3228,2.88531,6745.335
3229,2.894962,6748.23
3230,2.9052632,6751.1353
3231,2.9132826,6754.0483
3232,2.919316,6756.968
3233,2.9243135,6759.892
3234,2.9282339,6762.8203
3235,2.9315813,6765.752
3236,2.934007,6768.686
3237,2.9359963,6771.622
3238,2.9369574,6774.559
3239,2.9371524,6777.496
3240,2.9361534,6780.432
3241,2.9347668,6783.3667
3242,2.932602,6786.2993
3243,2.930107,6789.2295
3244,2.9274242,6792.1567
3245,2.9248412,6795.0815
3246,2.9227288,6798.0044
3247,2.920881,6800.9253
3248,2.9191267,6803.844
3249,2.917423,6806.7617
3250,2.9159746,6809.6777
3251,2.9145653,6812.5923
3252,2.9129794,6815.5054
3253,2.9113684,6818.4165
3254,2.9098744,6821.326
3255,2.908439,6824.2344
3256,2.90701,6827.1416
3257,2.9059317,6830.0474
3258,2.9045043,6832.9517
3259,2.9030402,6835.8545
3260,2.901733,6838.7563
3261,2.9007294,6841.657
3262,2.8999643,6844.557
3263,2.8994238,6847.4565
3264,2.8990996,6850.3555
3265,2.899386,6853.255
3266,2.899888,6856.155
3267,2.901354,6859.056
3268,2.9024632,6861.9585
3269,2.9037387,6864.8623
3270,2.905446,6867.7676
3271,2.9070086,6870.675
3272,2.9082332,6873.583
3273,2.9081857,6876.491
3274,2.9084117,6879.3994
3275,2.9084232,6882.3076
3276,2.909056,6885.217
3277,2.9094543,6888.1265
3278,2.91072,6891.037
3279,2.9114907,6893.9487
3280,2.9126437,6896.8613
3281,2.913519,6899.775
3282,2.9180002,6902.693
3283,2.922405,6905.615
3284,2.9258869,6908.541
3285,2.9253244,6911.4663
3286,2.926287,6914.3926
3287,2.9266195,6917.3193
3288,2.927809,6920.247
3289,2.9283147,6923.1753
3290,2.929916,6926.105
3291,2.9305904,6929.0356
3292,2.931274,6931.967
3293,2.9325287,6934.8994
3294,2.9358184,6937.8354
3295,2.9383414,6940.774
3296,2.9422486,6943.7163
3297,2.9446614,6946.661
3298,2.948325,6949.6094
3299,2.9512513,6952.5605
3300,2.95659,6955.517
3301,2.960431,6958.4775
3302,2.9653096,6961.443
3303,2.968291,6964.411
3304,2.972733,6967.384
3305,2.9741747,6970.358
3306,2.975278,6973.333
3307,2.9746637,6976.3076
3308,2.9735408,6979.2812
3309,2.9721673,6982.2534
3310,2.973705,6985.227
3311,2.9756136,6988.2026
3312,2.9776192,6991.18
3313,2.9774084,6994.1577
3314,2.9753683,6997.1333
3315,2.97417,7000.1074
3316,2.9773483,7003.085
3317,2.979219,7006.064
3318,2.9773834,7009.0415
3319,2.974202,7012.0156
3320,2.971141,7014.987
3321,2.9682405,7017.955
3322,2.9678154,7020.923
3323,2.9676769,7023.8906
3324,2.9694731,7026.86
3325,2.9700382,7029.83
3326,2.969895,7032.8
3327,2.9685183,7035.7686
3328,2.9664643,7038.735
3329,2.962494,7041.6973
3330,2.960315,7044.6577
3331,2.9609735,7047.6187
3332,2.9662063,7050.585
3333,2.9690065,7053.554
3334,2.9676256,7056.522
3335,2.9642677,7059.4863
3336,2.9613817,7062.4478
3337,2.958842,7065.4067
3338,2.9579885,7068.3647
3339,2.9570801,7071.322
3340,2.9561052,7074.278
3341,2.954199,7077.232
3342,2.954364,7080.1865
3343,2.9546685,7083.141
3344,2.953024,7086.094
3345,2.9514666,7089.046
3346,2.950792,7091.9966
3347,2.9503515,7094.947
3348,2.9488049,7097.8955
3349,2.9465616,7100.8423
3350,2.9441338,7103.7866
3351,2.94189,7106.7285
3352,2.9409244,7109.6694
3353,2.9405212,7112.61
3354,2.9404008,7115.5503
3355,2.9412396,7118.4917
3356,2.9427927,7121.4346
3357,2.943496,7124.378
3358,2.944083,7127.322
3359,2.9445539,7130.266
3360,2.9443767,7133.2104
3361,2.9446275,7136.1553
3362,2.9459746,7139.101
3363,2.9464993,7142.0474
3364,2.9461758,7144.9937
3365,2.9459865,7147.9395
3366,2.9456089,7150.8853
3367,2.9456284,7153.831
3368,2.9445424,7156.7754
3369,2.943768,7159.719
3370,2.9430401,7162.662
3371,2.9421768,7165.6045
3372,2.9410036,7168.5454
3373,2.9406047,7171.486
3374,2.940671,7174.4263
3375,2.9407146,7177.367
3376,2.941647,7180.3086
3377,2.9425156,7183.251
3378,2.9425685,7186.1934
3379,2.9427896,7189.136
3380,2.943838,7192.08
3381,2.9453669,7195.0254
3382,2.9475167,7197.973
3383,2.9485464,7200.922
3384,2.9485748,7203.8706
3385,2.9485912,7206.8193
3386,2.949126,7209.7686
3387,2.949622,7212.7183
3388,2.9505954,7215.669
3389,2.950907,7218.6196
3390,2.9503148,7221.57
3391,2.9494262,7224.519
3392,2.9407046,7227.46
3393,2.9390323,7230.399
3394,2.9395113,7233.3384
3395,2.9428296,7236.2812
3396,2.946407,7239.2275
3397,2.950715,7242.178
3398,2.9572759,7245.1357
3399,2.9630826,7248.0986
3400,2.96983,7251.0684
3401,2.9749582,7254.0435
3402,2.9830136,7257.0264
3403,2.995805,7260.022
3404,3.0146925,7263.0366
3405,3.035694,7266.0723
3406,3.0564876,7269.129
3407,3.075585,7272.2046
3408,3.091941,7275.2964
3409,3.1054797,7278.402
3410,3.1163702,7281.518
3411,3.125334,7284.6436
3412,3.1332371,7287.777
3413,3.1412826,7290.918
3414,3.1498275,7294.068
3415,3.157973,7297.226
3416,3.165134,7300.391
3417,3.170538,7303.5615
3418,3.1748407,7306.7363
3419,3.1778002,7309.914
3420,3.1806056,7313.0947
3421,3.1821578,7316.277
3422,3.1840625,7319.461
3423,3.184379,7322.6455
3424,3.1844528,7325.83
3425,3.182846,7329.0127
3426,3.1812782,7332.194
3427,3.1790185,7335.373
3428,3.177488,7338.5503
3429,3.1755779,7341.726
3430,3.1743872,7344.9004
3431,3.172648,7348.073
3432,3.1709578,7351.244
3433,3.1690512,7354.413
3434,3.1668074,7357.58
3435,3.1650229,7360.745
3436,3.1627004,7363.9077
3437,3.161788,7367.0693
3438,3.160711,7370.23
3439,3.160169,7373.39
3440,3.1585999,7376.549
3441,3.1597552,7379.7085
3442,3.1601856,7382.8687
3443,3.162539,7386.0312
3444,3.1635191,7389.195
3445,3.1653998,7392.3604
3446,3.167494,7395.528
3447,3.171953,7398.6997
3448,3.1786478,7401.8784
3449,3.185178,7405.0635
3450,3.1920462,7408.2554
3451,3.1971457,7411.4526
3452,3.2022846,7414.655
3453,3.2053175,7417.86
3454,3.207617,7421.0674
3455,3.2055125,7424.273
3456,3.2047627,7427.4775
3457,3.2010608,7430.6787
3458,3.1974654,7433.876
3459,3.1907544,7437.067
3460,3.1872714,7440.2544
3461,3.1849806,7443.4395
3462,3.1886342,7446.628
3463,3.190876,7449.819
3464,3.1932547,7453.012
3465,3.1921115,7456.204
3466,3.1919951,7459.396
3467,3.1873114,7462.5835
3468,3.1873136,7465.771
3469,3.1901486,7468.961
3470,3.1962764,7472.157
3471,3.200391,7475.3574
3472,3.204551,7478.562
3473,3.205379,7481.7676
3474,3.2033925,7484.971
3475,3.19621,7488.1675
3476,3.1886609,7491.356
3477,3.1809847,7494.537
3478,3.1836438,7497.7207
3479,3.1939938,7500.9146
3480,3.2076077,7504.122
3481,3.2235646,7507.3457
3482,3.2331843,7510.579
3483,3.2396164,7513.819
3484,3.2405596,7517.0596
3485,3.2401092,7520.3
3486,3.239168,7523.539
3487,3.2388544,7526.778
3488,3.237086,7530.015
3489,3.234901,7533.25
3490,3.2315903,7536.4814
3491,3.2287884,7539.7104
3492,3.2259154,7542.9365
3493,3.224539,7546.161
3494,3.2240953,7549.3853
3495,3.2236676,7552.609
3496,3.2214975,7555.8306
3497,3.2189507,7559.0493
3498,3.216301,7562.2656
3499,3.2127507,7565.4785
3500,3.2097425,7568.6885
3501,3.2076213,7571.896
3502,3.205204,7575.101
3503,3.1901178,7578.291
3504,3.17332,7581.4644
3505,3.166898,7584.6313
3506,3.1608517,7587.792
3507,3.1550593,7590.9473
3508,3.1494267,7594.0967
3509,3.1439123,7597.2407
3510,3.1389093,7600.3794
3511,3.1339939,7603.513
3512,3.1294053,7606.6426
3513,3.124914,7609.7676
3514,3.1205313,7612.888
3515,3.116467,7616.005
3516,3.112117,7619.117
3517,3.1078396,7622.225
3518,3.10358,7625.3286
3519,3.0993676,7628.428
3520,3.0958989,7631.524
3521,3.0932481,7634.617
3522,3.091095,7637.7085
3523,3.0938954,7640.8022
3524,3.1020792,7643.9043
3525,3.1110656,7647.015
3526,3.122733,7650.1377
3527,3.1338077,7653.2715
3528,3.1469488,7656.4185
3529,3.1616673,7659.58
3530,3.1786993,7662.759
3531,3.1960268,7665.9546
3532,3.213181,7669.168
3533,3.2296011,7672.3975
3534,3.2445946,7675.642
3535,3.258456,7678.9004
3536,3.2706592,7682.171
3537,3.2833872,7685.454
3538,3.2949512,7688.749
3539,3.305543,7692.0547
3540,3.3147562,7695.3696
3541,3.3227282,7698.6924
3542,3.3279364,7702.0205
3543,3.3316698,7705.352
3544,3.3329852,7708.685
3545,3.3333023,7712.0186
3546,3.3304956,7715.349
3547,3.3262613,7718.6753
3548,3.3199654,7721.995
3549,3.3148873,7725.31
3550,3.3103802,7728.6206
3551,3.3069067,7731.9277
3552,3.302907,7735.2305
3553,3.2997365,7738.5303
3554,3.2962267,7741.8267
3555,3.293672,7745.12
3556,3.290913,7748.411
3557,3.2886238,7751.6997
3558,3.2853808,7754.985
3559,3.2820005,7758.267
3560,3.2778244,7761.545
3561,3.2740483,7764.819
3562,3.269771,7768.0884
3563,3.264141,7771.3525
3564,3.2558377,7774.6084
3565,3.2452233,7777.8535
3566,3.2305183,7781.084
3567,3.2108877,7784.295
3568,3.1846592,7787.4795
3569,3.1543007,7790.634
3570,3.1218746,7793.756
3571,3.0928721,7796.8486
3572,3.0703404,7799.919
3573,3.054014,7802.973
3574,3.0391448,7806.012
3575,3.0252419,7809.0376
3576,3.0080142,7812.0454
3577,2.9896536,7815.035
3578,2.9705856,7818.006
3579,2.9512494,7820.957
3580,2.9305434,7823.8877
3581,2.9094384,7826.7974
3582,2.890285,7829.6875
3583,2.872072,7832.5596
3584,2.8537772,7835.4136
3585,2.835974,7838.2495
3586,2.8211794,7841.071
3587,2.8101876,7843.881
3588,2.8014593,7846.682
3589,2.796219,7849.4785
3590,2.7913933,7852.27
3591,2.787398,7855.0576
3592,2.7822995,7857.84
3593,2.7777078,7860.6177
3594,2.7740738,7863.3916
3595,2.7701452,7866.1616
3596,2.7661507,7868.9277
3597,2.7629123,7871.6904
3598,2.7607715,7874.451
3599,2.7593386,7877.2104
3600,2.7580884,7879.9688
3601,2.756597,7882.7256
3602,2.755571,7885.481
3603,2.754164,7888.2354
3604,2.7536006,7890.989
3605,2.7526586,7893.741
3606,2.7512841,7896.4927
3607,2.7500713,7899.2427
3608,2.750025,7901.9927
3609,2.7503247,7904.743
3610,2.750626,7907.4937
3611,2.7500744,7910.2437
3612,2.7499871,7912.9937
3613,2.750095,7915.7437
3614,2.7504406,7918.494
3615,2.7508538,7921.245
3616,2.7513862,7923.9966
3617,2.751161,7926.7476
3618,2.7511816,7929.4985
3619,2.75076,7932.2495
3620,2.7512047,7935.0005
3621,2.7515166,7937.752
3622,2.7527318,7940.505
3623,2.7543318,7943.2593
3624,2.756104,7946.0156
3625,2.7576518,7948.7734
3626,2.758823,7951.532
3627,2.7600348,7954.2925
3628,2.7612972,7957.0537
3629,2.7619061,7959.8154
3630,2.7623653,7962.5776
3631,2.7622533,7965.34
3632,2.7626135,7968.1025
3633,2.7635143,7970.866
3634,2.764891,7973.631
3635,2.7661984,7976.397
3636,2.7675185,7979.1646
3637,2.7683425,7981.933
3638,2.7689905,7984.702
3639,2.7698,7987.472
3640,2.7707078,7990.2427
3641,2.7708716,7993.0137
3642,2.7718642,7995.7856
3643,2.7728612,7998.5586
3644,2.7747185,8001.3335
3645,2.7768033,8004.1104
3646,2.7792444,8006.8896
3647,2.7810082,8009.671
3648,2.7823424,8012.453
3649,2.7833443,8015.2363
3650,2.7846653,8018.021
3651,2.7865405,8020.8076
3652,2.7894826,8023.597
3653,2.7932675,8026.3906
3654,2.7970662,8029.1875
3655,2.8011143,8031.989
3656,2.8049932,8034.794
3657,2.8091753,8037.603
3658,2.812217,8040.415
3659,2.8152926,8043.2305
3660,2.8182547,8046.049
3661,2.82117,8048.87
3662,2.8245144,8051.695
3663,2.8285747,8054.5234
3664,2.8331475,8057.3564
3665,2.8374693,8060.194
3666,2.841383,8063.035
3667,2.8454266,8065.8804
3668,2.848524,8068.729
3669,2.8512475,8071.58
3670,2.8536572,8074.4336
3671,2.8563526,8077.29
3672,2.8588247,8080.149
3673,2.860859,8083.01
3674,2.8631728,8085.873
3675,2.865158,8088.7383
3676,2.8671772,8091.6055
3677,2.8693728,8094.4746
3678,2.8719223,8097.3467
3679,2.8748846,8100.2217
3680,2.877427,8103.099
3681,2.8792233,8105.9785
3682,2.880587,8108.859
3683,2.881805,8111.7407
3684,2.8834314,8114.624
3685,2.8844583,8117.5083
3686,2.88551,8120.394
3687,2.8860748,8123.2803
3688,2.887396,8126.1675
3689,2.8888934,8129.056
3690,2.890369,8131.9463
3691,2.8917732,8134.838
3692,2.893197,8137.731
3693,2.8947124,8140.6255
3694,2.896013,8143.5215
3695,2.8967547,8146.4185
3696,2.897545,8149.316
3697,2.8982654,8152.2144
3698,2.8991284,8155.1133
3699,2.9000697,8158.013
3700,2.9013128,8160.9146
3701,2.9025607,8163.817
3702,2.9035187,8166.72
3703,2.9041348,8169.6245
3704,2.9050198,8172.5293
3705,2.905488,8175.4346
3706,2.90605,8178.341
3707,2.906113,8181.247
3708,2.9060543,8184.1533
3709,2.9057274,8187.059
3710,2.9057405,8189.965
3711,2.9056168,8192.87
3712,2.906032,8195.776
3713,2.9061139,8198.683
3714,2.90661,8201.589
3715,2.907278,8204.496
3716,2.908089,8207.404
3717,2.9086902,8210.3125
3718,2.909631,8213.222
3719,2.9102106,8216.132
3720,2.9109735,8219.043
3721,2.9116755,8221.955
3722,2.9119322,8224.867
3723,2.9117055,8227.779
3724,2.9117792,8230.691
3725,2.9120443,8233.604
3726,2.9122677,8236.516
3727,2.9125376,8239.428
3728,2.9126534,8242.341
3729,2.9132376,8245.254
3730,2.9141858,8248.168
3731,2.915121,8251.083
3732,2.9156735,8253.999
3733,2.9158974,8256.915
3734,2.9169083,8259.832
3735,2.9178505,8262.75
3736,2.919217,8265.669
3737,2.920597,8268.59
3738,2.9216323,8271.512
3739,2.922629,8274.435
3740,2.923073,8277.357
3741,2.9232907,8280.28
3742,2.923142,8283.203
3743,2.922557,8286.126
3744,2.9218037,8289.048
3745,2.920989,8291.969
3746,2.9204385,8294.89
3747,2.9195824,8297.81
3748,2.9193652,8300.729
3749,2.919412,8303.647
3750,2.919546,8306.567
3751,2.9200377,8309.487
3752,2.920645,8312.408
3753,2.9210808,8315.329
3754,2.921293,8318.25
3755,2.9215307,8321.172
3756,2.9216137,8324.094
3757,2.9215097,8327.016
3758,2.921789,8329.9375
3759,2.9222767,8332.859
3760,2.9225888,8335.782
3761,2.9225628,8338.705
3762,2.9228182,8341.628
3763,2.9231873,8344.551
3764,2.9233377,8347.474
3765,2.923899,8350.397
3766,2.9244199,8353.322
3767,2.9252343,8356.247
3768,2.925508,8359.173
3769,2.9258072,8362.099
3770,2.9260547,8365.024
3771,2.926505,8367.951
3772,2.9270577,8370.878
3773,2.9277325,8373.806
3774,2.927483,8376.733
3775,2.92686,8379.66
3776,2.9263973,8382.587
3777,2.9260619,8385.513
3778,2.9257812,8388.438
3779,2.9262657,8391.364
3780,2.927008,8394.291
3781,2.927604,8397.219
3782,2.9282007,8400.146
3783,2.9284606,8403.075
3784,2.9285238,8406.004
3785,2.9289262,8408.933
3786,2.9295795,8411.862
3787,2.9301476,8414.792
3788,2.9306402,8417.723
3789,2.9308274,8420.653
3790,2.9313211,8423.585
3791,2.9321291,8426.518
3792,2.933078,8429.45
3793,2.9343715,8432.385
3794,2.9351616,8435.32
3795,2.9348764,8438.255
3796,2.9347942,8441.189
3797,2.934843,8444.124
3798,2.9351294,8447.06
3799,2.935244,8449.995
3800,2.935665,8452.931
3801,2.9359398,8455.866
3802,2.9363704,8458.803
3803,2.9368026,8461.739
3804,2.9373336,8464.677
3805,2.9374497,8467.614
3806,2.9377072,8470.552
3807,2.9381642,8473.49
3808,2.938275,8476.429
3809,2.9389246,8479.367
3810,2.9396138,8482.307
3811,2.9402335,8485.247
3812,2.9405026,8488.1875
3813,2.9404662,8491.128
3814,2.9403703,8494.068
3815,2.9405823,8497.009
3816,2.940561,8499.949
3817,2.939884,8502.889
3818,2.938881,8505.827
3819,2.937069,8508.765
3820,2.9361496,8511.701
3821,2.9360735,8514.638
3822,2.936414,8517.574
3823,2.9373462,8520.512
3824,2.938031,8523.45
3825,2.9388385,8526.389
3826,2.939474,8529.328
3827,2.9401512,8532.269
3828,2.9404638,8535.209
3829,2.9408553,8538.149
3830,2.9403603,8541.09
3831,2.9394531,8544.029
3832,2.9392715,8546.969
3833,2.9391208,8549.908
3834,2.93883,8552.847
3835,2.938381,8555.785
3836,2.9385567,8558.724
3837,2.9393988,8561.663
3838,2.9406607,8564.604
3839,2.9423468,8567.546
3840,2.943354,8570.489
3841,2.9440553,8573.434
3842,2.9443178,8576.378
3843,2.944793,8579.322
3844,2.945234,8582.268
3845,2.9454792,8585.213
3846,2.9461422,8588.159
3847,2.9467366,8591.105
3848,2.9473186,8594.053
3849,2.948042,8597.001
3850,2.9486098,8599.949
3851,2.9498296,8602.899
3852,2.95092,8605.851
3853,2.9523544,8608.803
3854,2.9533627,8611.756
3855,2.95407,8614.71
3856,2.9545486,8617.664
3857,2.9552002,8620.619
3858,2.9555304,8623.574
3859,2.955605,8626.53
3860,2.95648,8629.486
3861,2.957088,8632.443
3862,2.9575703,8635.401
3863,2.9575176,8638.358
3864,2.957611,8641.316
3865,2.9574392,8644.273
3866,2.957911,8647.231
3867,2.9580643,8650.189
3868,2.9579608,8653.147
3869,2.9575102,8656.1045
3870,2.9570436,8659.062
3871,2.9572465,8662.019
3872,2.9578671,8664.977
3873,2.9587753,8667.936
3874,2.9594848,8670.8955
3875,2.960283,8673.855
3876,2.9607565,8676.816
3877,2.9610147,8679.777
3878,2.9614077,8682.738
3879,2.9617193,8685.7
3880,2.9621294,8688.662
3881,2.9624398,8691.625
3882,2.963059,8694.588
3883,2.9633932,8697.552
3884,2.963533,8700.516
3885,2.9635663,8703.4795
3886,2.9635935,8706.443
3887,2.962931,8709.406
3888,2.9620125,8712.368
3889,2.961284,8715.329
3890,2.9606967,8718.29
3891,2.9603953,8721.25
3892,2.9600525,8724.21
3893,2.9595177,8727.17
3894,2.9586346,8730.129
3895,2.9580944,8733.087
3896,2.957573,8736.045
3897,2.9570503,8739.002
3898,2.9562883,8741.958
3899,2.9555533,8744.913
3900,2.9547687,8747.868
3901,2.9543903,8750.822
3902,2.9543123,8753.776
3903,2.9543045,8756.73
3904,2.95431,8759.685
3905,2.9542322,8762.639
3906,2.9536002,8765.592
3907,2.9524012,8768.544
3908,2.9510732,8771.495
3909,2.9496071,8774.444
3910,2.9484277,8777.393
3911,2.94733,8780.34
3912,2.9462678,8783.286
3913,2.9455707,8786.231
3914,2.944775,8789.176
3915,2.944034,8792.12
3916,2.943453,8795.063
3917,2.9428902,8798.007
3918,2.9425652,8800.949
3919,2.9425523,8803.892
3920,2.9421785,8806.834
3921,2.9418416,8809.775
3922,2.9412067,8812.717
3923,2.9399838,8815.657
3924,2.938797,8818.596
3925,2.936736,8821.532
3926,2.9350557,8824.467
3927,2.933409,8827.4
3928,2.9330373,8830.333
3929,2.933558,8833.267
3930,2.9342723,8836.201
3931,2.9354227,8839.137
3932,2.9358373,8842.072
3933,2.9354985,8845.008
3934,2.9353404,8847.943
3935,2.935487,8850.879
3936,2.936231,8853.815
3937,2.9373262,8856.753
3938,2.9382248,8859.691
3939,2.938806,8862.63
3940,2.93904,8865.569
3941,2.9389749,8868.509
3942,2.9386947,8871.447
3943,2.9386373,8874.386
3944,2.9385018,8877.324
3945,2.9382434,8880.263
3946,2.9380982,8883.201
3947,2.938562,8886.14
3948,2.9392865,8889.079
3949,2.940287,8892.02
3950,2.9407895,8894.96
3951,2.9409106,8897.9
3952,2.9402652,8900.841
3953,2.9393382,8903.78
3954,2.938682,8906.719
3955,2.9390318,8909.658
3956,2.9394972,8912.598
3957,2.9395943,8915.537
3958,2.9397583,8918.477
3959,2.939873,8921.416
3960,2.9403675,8924.356
3961,2.9408286,8927.297
3962,2.941034,8930.238
3963,2.9409516,8933.18
3964,2.9407773,8936.12
3965,2.9403605,8939.061
3966,2.9401696,8942.001
3967,2.94025,8944.941
3968,2.940169,8947.882
3969,2.93922,8950.821
3970,2.9384656,8953.76
3971,2.9378405,8956.697
3972,2.93758,8959.635
3973,2.9371111,8962.572
3974,2.9364438,8965.509
3975,2.9358852,8968.444
3976,2.934987,8971.379
3977,2.9339561,8974.3125
3978,2.9336145,8977.246
3979,2.933378,8980.18
3980,2.9330938,8983.112
3981,2.9328692,8986.045
3982,2.9327621,8988.978
3983,2.9324067,8991.91
3984,2.932017,8994.842
3985,2.9321246,8997.773
3986,2.932247,9000.706
3987,2.932294,9003.639
3988,2.9318588,9006.57
3989,2.9320378,9009.502
3990,2.9327393,9012.435
3991,2.9340081,9015.368
3992,2.9349627,9018.303
3993,2.9359343,9021.238
3994,2.9367712,9024.175
3995,2.937218,9027.112
3996,2.937522,9030.05
3997,2.9371445,9032.987
3998,2.937023,9035.925
3999,2.9374382,9038.862
4000,2.9371734,9041.8
4001,2.9363022,9044.736
4002,2.9350936,9047.672
4003,2.9341662,9050.606
4004,2.933398,9053.54
4005,2.9330044,9056.473
4006,2.9330487,9059.405
4007,2.9332159,9062.339
4008,2.9337819,9065.272
4009,2.9343398,9068.207
4010,2.9345982,9071.142
4011,2.934952,9074.076
4012,2.9358246,9077.012
4013,2.9373066,9079.949
4014,2.9379833,9082.887
4015,2.9385304,9085.825
4016,2.9387538,9088.764
4017,2.9388692,9091.702
4018,2.9387643,9094.641
4019,2.9386868,9097.579
4020,2.9382513,9100.518
4021,2.937728,9103.455
4022,2.9375417,9106.393
4023,2.9373162,9109.33
4024,2.9377022,9112.268
4025,2.9383688,9115.206
4026,2.9382248,9118.145
4027,2.9379513,9121.082
4028,2.9376714,9124.02
4029,2.9373567,9126.957
4030,2.9375565,9129.895
4031,2.9376252,9132.832
4032,2.9371252,9135.77
4033,2.9363053,9138.706
4034,2.9353411,9141.642
4035,2.9343884,9144.576
4036,2.9338465,9147.51
4037,2.933726,9150.443
4038,2.9339044,9153.377
4039,2.9346325,9156.312
4040,2.9350893,9159.247
4041,2.9357882,9162.183
4042,2.9370434,9165.12
4043,2.9380062,9168.059
4044,2.9387467,9170.997
4045,2.9398742,9173.937
4046,2.9407644,9176.877
4047,2.941352,9179.818
4048,2.9417074,9182.76
4049,2.9422414,9185.702
4050,2.9424758,9188.645
4051,2.942181,9191.587
4052,2.9417086,9194.528
4053,2.9410644,9197.47
4054,2.940663,9200.41
4055,2.9407892,9203.351
4056,2.9408045,9206.291
4057,2.9399614,9209.231
4058,2.9390438,9212.171
4059,2.9380815,9215.109
4060,2.9375765,9218.047
4061,2.9372737,9220.984
4062,2.9367907,9223.921
4063,2.935881,9226.856
4064,2.9354737,9229.792
4065,2.9345486,9232.727
4066,2.933871,9235.66
4067,2.9332714,9238.594
4068,2.933352,9241.527
4069,2.9332008,9244.461
4070,2.9329967,9247.394
4071,2.932544,9250.326
4072,2.9330509,9253.259
4073,2.933408,9256.192
4074,2.9333792,9259.126
4075,2.9331887,9262.06
4076,2.9337192,9264.993
4077,2.9344606,9267.928
4078,2.934948,9270.862
4079,2.9349823,9273.797
4080,2.9345067,9276.731
4081,2.9339309,9279.665
4082,2.9335413,9282.599
4083,2.9332678,9285.532
4084,2.9328582,9288.465
4085,2.932708,9291.397
4086,2.9324994,9294.33
4087,2.9320323,9297.262
4088,2.931354,9300.193
4089,2.9301114,9303.123
4090,2.9290361,9306.052
4091,2.9279077,9308.9795
4092,2.9271286,9311.906
4093,2.9262373,9314.832
4094,2.9258032,9317.758
4095,2.925206,9320.683
4096,2.9248278,9323.607
4097,2.925165,9326.532
4098,2.9258058,9329.458
4099,2.9260745,9332.384
4100,2.9259768,9335.31
4101,2.925925,9338.235
4102,2.9257052,9341.161
4103,2.9252727,9344.086
4104,2.9246242,9347.011
4105,2.9235759,9349.935
4106,2.9228442,9352.857
4107,2.9224048,9355.78
4108,2.9222164,9358.702
4109,2.9218526,9361.624
4110,2.9212084,9364.545
4111,2.9211252,9367.466
4112,2.9213517,9370.387
4113,2.9217894,9373.309
4114,2.921995,9376.23
4115,2.9225316,9379.153
4116,2.9223852,9382.076
4117,2.921856,9384.998
4118,2.920736,9387.919
4119,2.9193988,9390.838
4120,2.9183514,9393.756
4121,2.9180562,9396.674
4122,2.917929,9399.592
4123,2.918131,9402.51
4124,2.9177465,9405.428
4125,2.9171715,9408.345
4126,2.9162717,9411.261
4127,2.9158077,9414.177
4128,2.9158306,9417.093
4129,2.9153948,9420.008
4130,2.9151812,9422.923
4131,2.9146514,9425.838
4132,2.9147675,9428.753
4133,2.9156485,9431.669
4134,2.916669,9434.586
4135,2.917778,9437.504
4136,2.9182422,9440.422
4137,2.918573,9443.341
4138,2.9188244,9446.26
4139,2.9192116,9449.179
4140,2.9203038,9452.099
4141,2.9222603,9455.0205
4142,2.9242578,9457.944
4143,2.9262633,9460.87
4144,2.9271007,9463.797
4145,2.927417,9466.725
4146,2.9271002,9469.651
4147,2.9271069,9472.578
4148,2.9267762,9475.505
4149,2.9264083,9478.432
4150,2.925669,9481.357
4151,2.924868,9484.282
4152,2.9248128,9487.207
4153,2.9244585,9490.132
4154,2.924322,9493.057
4155,2.9245198,9495.981
4156,2.9252658,9498.906
4157,2.9263794,9501.833
4158,2.9267561,9504.76
4159,2.9263022,9507.687
4160,2.9256053,9510.612
4161,2.925888,9513.538
4162,2.9267166,9516.465
4163,2.9281662,9519.393
4164,2.9290352,9522.321
4165,2.9294748,9525.251
4166,2.9293082,9528.181
4167,2.9283798,9531.109
4168,2.9278533,9534.037
4169,2.9266481,9536.964
4170,2.9262938,9539.891
4171,2.9261577,9542.816
4172,2.9258516,9545.742
4173,2.9252975,9548.668
4174,2.9250774,9551.593
4175,2.925065,9554.518
4176,2.924728,9557.442
4177,2.924425,9560.367
4178,2.9242961,9563.291
4179,2.924694,9566.216
4180,2.924602,9569.141
4181,2.924042,9572.064
4182,2.9228203,9574.987
4183,2.9211557,9577.908
4184,2.9203916,9580.828
4185,2.920346,9583.748
4186,2.9208794,9586.669
4187,2.921498,9589.591
4188,2.9219854,9592.513
4189,2.9225707,9595.436
4190,2.922845,9598.358
4191,2.9229662,9601.281
4192,2.9230645,9604.204
4193,2.9232228,9607.127
4194,2.923426,9610.051
4195,2.9229162,9612.974
4196,2.9227743,9615.896
4197,2.9226513,9618.819
4198,2.922616,9621.742
4199,2.9222558,9624.664
4200,2.9215436,9627.586
4201,2.920686,9630.507
4202,2.92026,9633.427
4203,2.920946,9636.348
4204,2.921389,9639.27
4205,2.921985,9642.191
4206,2.922506,9645.114
4207,2.922674,9648.037
4208,2.9227393,9650.96
4209,2.9227555,9653.883
4210,2.9230702,9656.806
4211,2.9236739,9659.7295
4212,2.923778,9662.653
4213,2.9240963,9665.577
4214,2.9244635,9668.502
4215,2.9251447,9671.427
4216,2.925451,9674.353
4217,2.9253638,9677.278
4218,2.9253128,9680.204
4219,2.925092,9683.129
4220,2.925221,9686.054
4221,2.925389,9688.9795
4222,2.925415,9691.905
4223,2.925081,9694.83
4224,2.925011,9697.755
4225,2.925727,9700.681
4226,2.9265382,9703.607
4227,2.9274094,9706.535
4228,2.927585,9709.463
4229,2.9273632,9712.391
4230,2.9267604,9715.317
4231,2.9260013,9718.243
4232,2.925666,9721.169
4233,2.9256506,9724.095
4234,2.9255164,9727.0205
4235,2.9253917,9729.946
4236,2.9247851,9732.871
4237,2.9237337,9735.795
4238,2.9229813,9738.718
4239,2.922903,9741.641
4240,2.9235115,9744.564
4241,2.9251778,9747.489
4242,2.9265282,9750.416
4243,2.9274514,9753.344
4244,2.9285681,9756.272
4245,2.9301178,9759.202
4246,2.9307873,9762.133
4247,2.9308746,9765.063
4248,2.9306352,9767.994
4249,2.9301677,9770.924
4250,2.9296935,9773.854
4251,2.9294305,9776.783
4252,2.9294803,9779.713
4253,2.9294708,9782.643
4254,2.9292285,9785.572
4255,2.9289525,9788.501
4256,2.9289236,9791.43
4257,2.9289284,9794.358
4258,2.9284475,9797.287
4259,2.9279459,9800.215
4260,2.9278426,9803.143
4261,2.927695,9806.07
4262,2.927367,9808.998
4263,2.9272854,9811.926
4264,2.9270854,9814.853
4265,2.9266129,9817.779
4266,2.926154,9820.705
4267,2.9253387,9823.631
4268,2.9244003,9826.556
4269,2.9238064,9829.4795
4270,2.9234047,9832.403
4271,2.9225924,9835.326
4272,2.9214253,9838.248
4273,2.9200776,9841.168
4274,2.918995,9844.087
4275,2.9181194,9847.005
4276,2.9180877,9849.923
4277,2.9184542,9852.841
4278,2.918832,9855.76
4279,2.9196002,9858.68
4280,2.9199562,9861.6
4281,2.9197328,9864.52
4282,2.919292,9867.438
4283,2.9188855,9870.357
4284,2.9186435,9873.276
4285,2.918178,9876.194
4286,2.9180527,9879.112
4287,2.917229,9882.029
4288,2.916568,9884.946
4289,2.9164765,9887.862
4290,2.916953,9890.779
4291,2.9178536,9893.697
4292,2.9194372,9896.617
4293,2.9213796,9899.538
4294,2.9232132,9902.461
4295,2.9250357,9905.386
4296,2.926813,9908.3125
4297,2.9287667,9911.241
4298,2.930979,9914.172
4299,2.933259,9917.105
4300,2.9354134,9920.041
4301,2.9372303,9922.979
4302,2.938675,9925.917
4303,2.939972,9928.857
4304,2.9416542,9931.799
4305,2.9436913,9934.742
4306,2.9465692,9937.688
4307,2.9498308,9940.639
4308,2.9540071,9943.593
4309,2.9603457,9946.553
4310,2.9701025,9949.522
4311,2.9863684,9952.509
4312,3.0084872,9955.518
4313,3.0315838,9958.549
4314,3.0472162,9961.596
4315,3.0585058,9964.654
4316,3.0689592,9967.724
4317,3.0791287,9970.803
4318,3.0893197,9973.892
4319,3.09753,9976.989
4320,3.1033785,9980.093
4321,3.1067739,9983.199
4322,3.1076195,9986.307
4323,3.1056685,9989.412
4324,3.1015413,9992.514
4325,3.0968976,9995.61
4326,3.0922978,9998.703
4327,3.088435,10001.792
4328,3.0848174,10004.877
4329,3.0814886,10007.958
4330,3.0780067,10011.036
4331,3.072608,10014.108
4332,3.0659814,10017.175
4333,3.057309,10020.232
4334,3.0507033,10023.283
4335,3.0433004,10026.326
4336,3.038566,10029.364
4337,3.034317,10032.398
4338,3.0310516,10035.43
4339,3.0279608,10038.458
4340,3.0259707,10041.484
4341,3.0245051,10044.509
4342,3.023258,10047.532
4343,3.0205703,10050.553
4344,3.0153863,10053.568
4345,3.0091069,10056.577
4346,3.0011656,10059.578
4347,2.992636,10062.57
4348,2.9829369,10065.554
4349,2.973418,10068.527
4350,2.9643974,10071.492
4351,2.9559462,10074.448
4352,2.948738,10077.397
4353,2.941621,10080.339
4354,2.9353693,10083.274
4355,2.9294448,10086.204
4356,2.92494,10089.129
4357,2.921742,10092.051
4358,2.9202952,10094.971
4359,2.9210062,10097.892
4360,2.9248962,10100.816
4361,2.9306552,10103.747
4362,2.9379447,10106.685
4363,2.9465926,10109.631
4364,2.953532,10112.584
4365,2.9595785,10115.544
4366,2.9644237,10118.509
4367,2.9695873,10121.479
4368,2.9744954,10124.453
4369,2.979196,10127.433
4370,2.9828453,10130.415
4371,2.9861689,10133.401
4372,2.9884737,10136.39
4373,2.9907367,10139.381
4374,2.9928257,10142.374
4375,2.9952507,10145.369
4376,2.9969563,10148.366
4377,2.998226,10151.364
4378,2.9982212,10154.362
4379,2.9975493,10157.359
4380,2.996854,10160.356
4381,2.9963956,10163.353
4382,2.9957497,10166.349
4383,2.9952664,10169.344
4384,2.994847,10172.339
4385,2.9944255,10175.333
4386,2.9937952,10178.327
4387,2.9930978,10181.32
4388,2.992272,10184.3125
4389,2.9911025,10187.304
4390,2.9897888,10190.294
4391,2.988199,10193.282
4392,2.98703,10196.27
4393,2.9860125,10199.256
4394,2.9851067,10202.241
4395,2.9842107,10205.226
4396,2.9831378,10208.209
4397,2.9818895,10211.19
4398,2.9808986,10214.171
4399,2.9798574,10217.15
4400,2.9790173,10220.13
4401,2.9785893,10223.108
4402,2.9786763,10226.087
4403,2.9785352,10229.065
4404,2.9782927,10232.044
4405,2.9773302,10235.021
4406,2.976127,10237.998
4407,2.9748058,10240.973
4408,2.973708,10243.946
4409,2.9727216,10246.919
4410,2.9724333,10249.892
4411,2.971934,10252.863
4412,2.9711194,10255.834
4413,2.9700942,10258.804
4414,2.9693673,10261.773
4415,2.9683928,10264.742
4416,2.967542,10267.71
4417,2.966691,10270.677
4418,2.9659026,10273.643
4419,2.965121,10276.607
4420,2.964264,10279.571
4421,2.963276,10282.534
4422,2.9623184,10285.496
4423,2.9613183,10288.457
4424,2.9604516,10291.418
4425,2.9595501,10294.378
4426,2.9589937,10297.337
4427,2.9584146,10300.295
4428,2.9577527,10303.253
4429,2.956991,10306.21
4430,2.9564657,10309.166
4431,2.9554174,10312.121
4432,2.9542391,10315.075
4433,2.9531102,10318.028
4434,2.9520922,10320.98
4435,2.9512699,10323.932
4436,2.9500628,10326.882
4437,2.9488242,10329.831
4438,2.9479573,10332.779
4439,2.9473233,10335.727
4440,2.9467359,10338.673
4441,2.9460309,10341.619
4442,2.945631,10344.564
4443,2.9453871,10347.51
4444,2.9453053,10350.455
4445,2.9446564,10353.399
4446,2.9440255,10356.344
4447,2.9434893,10359.287
4448,2.9431314,10362.23
4449,2.942478,10365.173
4450,2.9416728,10368.114
4451,2.9406128,10371.055
4452,2.9391675,10373.994
4453,2.9381783,10376.933
4454,2.9372199,10379.87
4455,2.936274,10382.807
4456,2.935346,10385.742
4457,2.9346483,10388.677
4458,2.9340715,10391.61
4459,2.9334466,10394.544
4460,2.9329584,10397.477
4461,2.9329553,10400.409
4462,2.933414,10403.343
4463,2.9336216,10406.276
4464,2.9335272,10409.21
4465,2.9332116,10412.144
4466,2.9327645,10415.076
4467,2.932422,10418.009
4468,2.9321074,10420.94
4469,2.9319603,10423.872
4470,2.9318752,10426.804
4471,2.931656,10429.735
4472,2.931217,10432.667
4473,2.9308865,10435.598
4474,2.9307017,10438.528
4475,2.930604,10441.459
4476,2.9304638,10444.39
4477,2.9302058,10447.32
4478,2.9296157,10450.25
4479,2.929099,10453.179
4480,2.9286706,10456.107
4481,2.9285488,10459.036
4482,2.92863,10461.965
4483,2.9286952,10464.894
4484,2.9285595,10467.822
4485,2.9285214,10470.751
4486,2.9286456,10473.68
4487,2.9287274,10476.608
4488,2.9285614,10479.537
4489,2.9284515,10482.466
4490,2.9284642,10485.395
4491,2.9284914,10488.323
4492,2.9286466,10491.252
4493,2.928899,10494.181
4494,2.929543,10497.11
4495,2.9300146,10500.04
4496,2.9300444,10502.97
4497,2.9302645,10505.9
4498,2.930556,10508.831
4499,2.9308867,10511.762
4500,2.9311337,10514.692
4501,2.931645,10517.624
4502,2.932054,10520.556
4503,2.9324608,10523.488
4504,2.9325674,10526.421
4505,2.9328156,10529.354
4506,2.9332113,10532.287
4507,2.9337158,10535.221
4508,2.934306,10538.155
4509,2.9346533,10541.09
4510,2.9343038,10544.024
4511,2.9340088,10546.958
4512,2.933932,10549.892
4513,2.9337926,10552.825
4514,2.9353898,10555.761
4515,2.9415307,10558.702
4516,2.9499328,10561.652
4517,2.9589894,10564.611
4518,2.9669073,10567.578
4519,2.972775,10570.551
4520,2.9766955,10573.527
4521,2.9784994,10576.506
4522,2.9792752,10579.485
4523,2.983206,10582.469
4524,3.0005107,10585.47
4525,3.0326724,10588.502
4526,3.078256,10591.58
4527,3.1173239,10594.697
4528,3.150175,10597.848
4529,3.175609,10601.023
4530,3.1977377,10604.221
4531,3.2150617,10607.436
4532,3.2291036,10610.665
4533,3.2401454,10613.905
4534,3.2491531,10617.154
4535,3.2562683,10620.41
4536,3.2618027,10623.672
4537,3.2671618,10626.939
4538,3.2725687,10630.212
4539,3.2775617,10633.489
4540,3.2822304,10636.771
4541,3.286398,10640.058
4542,3.29199,10643.35
4543,3.2967446,10646.646
4544,3.3010588,10649.947
4545,3.3034203,10653.251
4546,3.3056161,10656.557
4547,3.3074455,10659.864
4548,3.3103914,10663.175
4549,3.3130832,10666.488
4550,3.3158357,10669.804
4551,3.3184733,10673.122
4552,3.3216991,10676.443
4553,3.3237188,10679.767
4554,3.3260207,10683.093
4555,3.3282056,10686.421
4556,3.3318338,10689.753
4557,3.334678,10693.088
4558,3.3377304,10696.426
4559,3.3392828,10699.765
4560,3.3417504,10703.106
4561,3.3440607,10706.45
4562,3.347419,10709.798
4563,3.350617,10713.148
4564,3.3532248,10716.502
4565,3.3541582,10719.856
4566,3.3546655,10723.211
4567,3.3554144,10726.566
4568,3.3578439,10729.924
4569,3.3601139,10733.284
4570,3.3613462,10736.6455
4571,3.3606973,10740.006
4572,3.360422,10743.366
4573,3.360121,10746.727
4574,3.3606493,10750.087
4575,3.3579843,10753.445
4576,3.3525906,10756.798
4577,3.3450181,10760.143
4578,3.339404,10763.482
4579,3.3311195,10766.813
4580,3.3254652,10770.139
4581,3.3180418,10773.457
4582,3.3135273,10776.7705
4583,3.3083982,10780.079
4584,3.3053386,10783.385
4585,3.3005984,10786.686
4586,3.3095202,10789.995
4587,3.3138533,10793.309
4588,3.3254793,10796.634
4589,3.331614,10799.966
4590,3.3453226,10803.312
4591,3.3550818,10806.667
4592,3.3712437,10810.038
4593,3.381337,10813.419
4594,3.3962584,10816.815
4595,3.405686,10820.221
4596,3.4197512,10823.641
4597,3.4306064,10827.071
4598,3.4428332,10830.514
4599,3.4524343,10833.966
4600,3.460615,10837.427
4601,3.4669063,10840.894
4602,3.4729908,10844.366
4603,3.4763885,10847.843
4604,3.4776855,10851.32
4605,3.4785693,10854.799
4606,3.4781933,10858.277
4607,3.4784021,10861.756
4608,3.476858,10865.232
4609,3.4748898,10868.707
4610,3.4711022,10872.178
4611,3.4679654,10875.6455
4612,3.463605,10879.109
4613,3.4601145,10882.569
4614,3.45533,10886.024
4615,3.449836,10889.475
4616,3.4429812,10892.918
4617,3.436984,10896.3545
4618,3.428221,10899.782
4619,3.420602,10903.203
4620,3.4107828,10906.614
4621,3.4010344,10910.016
4622,3.3917017,10913.407
4623,3.3857284,10916.793
4624,3.3771362,10920.17
4625,3.3712833,10923.541
4626,3.3647363,10926.905
4627,3.358113,10930.264
4628,3.3532794,10933.617
4629,3.3488772,10936.966
4630,3.3468301,10940.3125
4631,3.3410876,10943.653
4632,3.3245592,10946.978
4633,3.3068404,10950.284
4634,3.290925,10953.575
4635,3.27949,10956.8545
4636,3.265485,10960.12
4637,3.255908,10963.376
4638,3.2455869,10966.621
4639,3.2393649,10969.86
4640,3.2328758,10973.093
4641,3.2286239,10976.321
4642,3.222096,10979.543
4643,3.2170405,10982.76
4644,3.209857,10985.97
4645,3.2034693,10989.173
4646,3.1959841,10992.369
4647,3.1885426,10995.558
4648,3.1797588,10998.737
4649,3.172089,11001.909
4650,3.1635156,11005.072
4651,3.1560678,11008.229
4652,3.1513631,11011.38
4653,3.1480095,11014.528
4654,3.14638,11017.675
4655,3.1440988,11020.819
4656,3.140454,11023.96
4657,3.135506,11027.096
4658,3.1300714,11030.226
4659,3.1246285,11033.351
4660,3.1199517,11036.471
4661,3.1156905,11039.586
4662,3.111785,11042.697
4663,3.1082733,11045.806
4664,3.1062353,11048.912
4665,3.1042352,11052.017
4666,3.1025476,11055.119
4667,3.1012437,11058.221
4668,3.1012492,11061.322
4669,3.1009607,11064.423
4670,3.101747,11067.524
4671,3.1021457,11070.627
4672,3.103315,11073.73
4673,3.1050293,11076.836
4674,3.111727,11079.947
4675,3.1210055,11083.068
4676,3.134717,11086.203
4677,3.151791,11089.3545
4678,3.1695044,11092.524
4679,3.1871693,11095.712
4680,3.2035255,11098.915
4681,3.2188203,11102.134
4682,3.2324493,11105.366
4683,3.2443502,11108.61
4684,3.253873,11111.864
4685,3.262371,11115.127
4686,3.2701385,11118.397
4687,3.2773798,11121.675
4688,3.2836404,11124.958
4689,3.2898827,11128.248
4690,3.2962346,11131.544
4691,3.3027434,11134.847
4692,3.3094714,11138.156
4693,3.315252,11141.472
4694,3.3196058,11144.791
4695,3.3229318,11148.114
4696,3.3268843,11151.441
4697,3.3316166,11154.773
4698,3.336972,11158.11
4699,3.3413997,11161.452
4700,3.344728,11164.797
4701,3.347889,11168.145
4702,3.3527193,11171.497
4703,3.357555,11174.8545
4704,3.3630528,11178.218
4705,3.3675718,11181.585
4706,3.371373,11184.956
4707,3.374505,11188.33
4708,3.3777835,11191.708
4709,3.380412,11195.089
4710,3.382451,11198.472
4711,3.3838723,11201.855
4712,3.3853297,11205.241
4713,3.3855133,11208.627
4714,3.384602,11212.012
4715,3.3833656,11215.3955
4716,3.3824224,11218.778
4717,3.3813984,11222.16
4718,3.3790486,11225.539
4719,3.3760538,11228.915
4720,3.3727107,11232.288
4721,3.3696713,11235.658
4722,3.3664212,11239.024
4723,3.3623083,11242.387
4724,3.358207,11245.745
4725,3.3532677,11249.099
4726,3.3479428,11252.446
4727,3.3427913,11255.789
4728,3.3377874,11259.127
4729,3.3342676,11262.461
4730,3.3314867,11265.792
4731,3.329577,11269.121
4732,3.3279235,11272.449
4733,3.3263254,11275.775
4734,3.3246124,11279.1
4735,3.3231091,11282.423
4736,3.3208287,11285.744
4737,3.3184884,11289.0625
4738,3.3148656,11292.377
4739,3.3112338,11295.688
4740,3.3065748,11298.995
4741,3.3026278,11302.298
4742,3.2986114,11305.597
4743,3.294385,11308.891
4744,3.2913098,11312.182
4745,3.2891798,11315.471
4746,3.2880995,11318.759
4747,3.287324,11322.046
4748,3.2869377,11325.333
4749,3.2865047,11328.619
4750,3.2848153,11331.904
4751,3.283501,11335.1875
4752,3.2819748,11338.47
4753,3.279784,11341.749
4754,3.2772725,11345.026
4755,3.2748592,11348.301
4756,3.272484,11351.573
4757,3.2713661,11354.845
4758,3.2707956,11358.115
4759,3.2716637,11361.387
4760,3.277722,11364.664
4761,3.2850134,11367.949
4762,3.2913342,11371.24
4763,3.2983086,11374.538
4764,3.3051443,11377.843
4765,3.312647,11381.155
4766,3.3197856,11384.475
4767,3.3265572,11387.801
4768,3.3329523,11391.134
4769,3.3388453,11394.473
4770,3.344162,11397.816
4771,3.3491461,11401.166
4772,3.3533854,11404.52
4773,3.3572085,11407.877
4774,3.3608642,11411.238
4775,3.363773,11414.603
4776,3.366758,11417.97
4777,3.3702056,11421.34
4778,3.375535,11424.716
4779,3.3794644,11428.096
4780,3.3829699,11431.479
4781,3.3861098,11434.864
4782,3.3897119,11438.254
4783,3.393291,11441.647
4784,3.3974898,11445.045
4785,3.4007132,11448.445
4786,3.4033122,11451.849
4787,3.4049728,11455.254
4788,3.4059763,11458.66
4789,3.4066985,11462.066
4790,3.4088817,11465.476
4791,3.4103124,11468.886
4792,3.4122012,11472.298
4793,3.412924,11475.711
4794,3.4130452,11479.124
4795,3.4135132,11482.537
4796,3.414492,11485.951
4797,3.41804,11489.369
4798,3.4264133,11492.796
4799,3.4270165,11496.223
4800,3.4371371,11499.66
4801,3.447155,11503.107
4802,3.4565463,11506.564
4803,3.4647174,11510.029
4804,3.4721608,11513.501
4805,3.478638,11516.9795
4806,3.484566,11520.464
4807,3.4895473,11523.953
4808,3.4945285,11527.447
4809,3.4992628,11530.946
4810,3.5028954,11534.449
4811,3.507832,11537.957
4812,3.5117092,11541.469
4813,3.5157459,11544.984
4814,3.518352,11548.503
4815,3.5201437,11552.023
4816,3.519729,11555.543
4817,3.518747,11559.062
4818,3.517185,11562.579
4819,3.5149236,11566.094
4820,3.5110807,11569.6045
4821,3.5055413,11573.11
4822,3.4978468,11576.608
4823,3.487668,11580.096
4824,3.4733183,11583.569
4825,3.4539762,11587.023
4826,3.4343143,11590.458
4827,3.4164362,11593.874
4828,3.4041781,11597.278
4829,3.393303,11600.672
4830,3.383382,11604.056
4831,3.3756716,11607.432
4832,3.379668,11610.812
4833,3.3902626,11614.202
4834,3.401585,11617.604
4835,3.4096184,11621.013
4836,3.415761,11624.429
4837,3.422086,11627.851
4838,3.4254525,11631.276
4839,3.4284582,11634.705
4840,3.4297533,11638.135
4841,3.4269083,11641.562
4842,3.423206,11644.984
4843,3.416149,11648.4
4844,3.4115574,11651.812
4845,3.4084444,11655.22
4846,3.4060519,11658.626
4847,3.4055295,11662.031
4848,3.4060504,11665.4375
4849,3.408682,11668.846
4850,3.409748,11672.256
4851,3.4070532,11675.663
4852,3.3978634,11679.061
4853,3.3847625,11682.445
4854,3.3714595,11685.816
4855,3.3654678,11689.182
4856,3.3701327,11692.552
4857,3.3812382,11695.933
4858,3.390542,11699.323
4859,3.3992987,11702.723
4860,3.409099,11706.132
4861,3.418182,11709.55
4862,3.4262302,11712.976
4863,3.4314146,11716.407
4864,3.4347212,11719.842
4865,3.4382393,11723.28
4866,3.4396324,11726.72
4867,3.440381,11730.16
4868,3.4410787,11733.602
4869,3.4430797,11737.045
4870,3.443592,11740.488
4871,3.4418526,11743.93
4872,3.436466,11747.366
4873,3.4329925,11750.799
4874,3.433268,11754.232
4875,3.4342198,11757.667
4876,3.4345503,11761.102
4877,3.4361904,11764.538
4878,3.4373052,11767.976
4879,3.437513,11771.413
4880,3.4391136,11774.853
4881,3.438394,11778.291
4882,3.4373965,11781.729
4883,3.4354296,11785.164
4884,3.4327703,11788.597
4885,3.428466,11792.025
4886,3.422826,11795.448
4887,3.4141214,11798.862
4888,3.4097235,11802.272
4889,3.4083998,11805.681
4890,3.4120898,11809.093
4891,3.4201553,11812.513
4892,3.4285955,11815.941
4893,3.4394097,11819.381
4894,3.4472036,11822.828
4895,3.4531746,11826.281
4896,3.4559658,11829.737
4897,3.4578514,11833.195
4898,3.4580998,11836.653
4899,3.459557,11840.113
4900,3.4607434,11843.574
4901,3.463763,11847.038
4902,3.4660826,11850.504
4903,3.465575,11853.97
4904,3.4655313,11857.436
4905,3.465109,11860.9
4906,3.4646862,11864.365
4907,3.4638274,11867.829
4908,3.4625478,11871.292
4909,3.461476,11874.754
4910,3.46021,11878.214
4911,3.4590535,11881.673
4912,3.45801,11885.131
4913,3.457561,11888.589
4914,3.4569783,11892.046
4915,3.4566836,11895.503
4916,3.4554632,11898.958
4917,3.4555686,11902.414
4918,3.4550436,11905.869
4919,3.4530563,11909.322
4920,3.4510794,11912.773
4921,3.4500515,11916.224
4922,3.450686,11919.675
4923,3.4523296,11923.127
4924,3.455229,11926.582
4925,3.4571493,11930.039
4926,3.4590971,11933.498
4927,3.4597683,11936.958
4928,3.4609957,11940.419
4929,3.4608073,11943.88
4930,3.459739,11947.34
4931,3.4588723,11950.799
4932,3.458409,11954.257
4933,3.459738,11957.717
4934,3.4611764,11961.178
4935,3.4625828,11964.641
4936,3.4631035,11968.104
4937,3.4626315,11971.566
4938,3.4621532,11975.028
4939,3.4610336,11978.489
4940,3.4614508,11981.951
4941,3.460882,11985.412
4942,3.460581,11988.873
4943,3.4597836,11992.333
4944,3.4598455,11995.793
4945,3.4598796,11999.253
4946,3.4593828,12002.712
4947,3.4591184,12006.171
4948,3.4579687,12009.629
4949,3.4578235,12013.087
4950,3.4582078,12016.545
4951,3.4582293,12020.003
4952,3.4590678,12023.462
4953,3.4594579,12026.921
4954,3.4595962,12030.381
4955,3.4596703,12033.841
4956,3.4589214,12037.3
4957,3.458187,12040.758
4958,3.4571369,12044.215
4959,3.4557369,12047.671
4960,3.4541497,12051.125
4961,3.45153,12054.576
4962,3.449231,12058.025
4963,3.4471278,12061.473
4964,3.4453716,12064.918
4965,3.443582,12068.361
4966,3.4405313,12071.802
4967,3.4387355,12075.24
4968,3.4364243,12078.677
4969,3.435532,12082.112
4970,3.4352765,12085.548
4971,3.4354622,12088.983
4972,3.4346468,12092.418
4973,3.4332361,12095.852
4974,3.4321325,12099.284
4975,3.4318085,12102.716
4976,3.432286,12106.148
4977,3.432006,12109.58
4978,3.4319873,12113.012
4979,3.4321935,12116.444
4980,3.4336758,12119.878
4981,3.4353118,12123.313
4982,3.437835,12126.751
4983,3.4400694,12130.191
4984,3.442541,12133.634
4985,3.4448705,12137.079
4986,3.4478457,12140.527
4987,3.4503186,12143.978
4988,3.4533098,12147.431
4989,3.4553142,12150.886
4990,3.4576623,12154.344
4991,3.4592276,12157.803
4992,3.4618301,12161.265
4993,3.4631577,12164.728
4994,3.4651654,12168.192
4995,3.4661815,12171.658
4996,3.4669497,12175.125
4997,3.4686873,12178.594
4998,3.4706933,12182.064
4999,3.4723167,12185.537
5000,3.4742796,12189.012
5001,3.476017,12192.487
5002,3.4769979,12195.964
5003,3.4778442,12199.441
5004,3.4779117,12202.919
5005,3.4779985,12206.396
5006,3.4789562,12209.875
5007,3.4802248,12213.355
5008,3.481325,12216.837
5009,3.4806633,12220.317
5010,3.4796474,12223.797
5011,3.4789224,12227.275
5012,3.4773202,12230.753
5013,3.4763327,12234.2295
5014,3.4751816,12237.705
5015,3.4748385,12241.18
5016,3.4750042,12244.654
5017,3.4746656,12248.129
5018,3.4751668,12251.6045
5019,3.4755707,12255.08
5020,3.476879,12258.557
5021,3.4781537,12262.035
5022,3.4806147,12265.516
5023,3.4825296,12268.998
5024,3.4848824,12272.483
5025,3.4863067,12275.97
5026,3.4880016,12279.458
5027,3.488917,12282.947
5028,3.4892602,12286.437
5029,3.4888203,12289.926
5030,3.4873064,12293.413
5031,3.485065,12296.898
5032,3.482393,12300.381
5033,3.4801886,12303.861
5034,3.4782162,12307.34
5035,3.476226,12310.816
5036,3.4752192,12314.292
5037,3.4742901,12317.767
5038,3.4739103,12321.24
5039,3.4728975,12324.713
5040,3.471603,12328.185
5041,3.4700015,12331.654
5042,3.468655,12335.123
5043,3.4679306,12338.591
5044,3.4674225,12342.059
5045,3.4663448,12345.525
5046,3.4650667,12348.99
5047,3.4648044,12352.455
5048,3.4652193,12355.92
5049,3.465739,12359.386
5050,3.4669542,12362.853
5051,3.4673576,12366.32
5052,3.4675317,12369.788
5053,3.468028,12373.256
5054,3.4696877,12376.726
5055,3.4713864,12380.197
5056,3.4725206,12383.67
5057,3.4734936,12387.144
5058,3.47299,12390.616
5059,3.4723778,12394.089
5060,3.4702387,12397.56
5061,3.4678094,12401.027
5062,3.4655893,12404.493
5063,3.4634526,12407.957
5064,3.4619544,12411.419
5065,3.461084,12414.88
5066,3.4615796,12418.342
5067,3.4628606,12421.805
5068,3.4654765,12425.2705
5069,3.4667826,12428.737
5070,3.468248,12432.205
5071,3.4706686,12435.676
5072,3.473635,12439.149
5073,3.4762857,12442.626
5074,3.4784787,12446.1045
5075,3.4803982,12449.585
5076,3.481878,12453.066
5077,3.4826949,12456.549
5078,3.4835634,12460.032
5079,3.4845998,12463.517
5080,3.4860005,12467.003
5081,3.487031,12470.49
5082,3.487904,12473.979
5083,3.4883041,12477.467
5084,3.4891913,12480.956
5085,3.4900415,12484.446
5086,3.491211,12487.9375
5087,3.4916322,12491.429
5088,3.4919143,12494.921
5089,3.4912496,12498.412
5090,3.4909854,12501.903
5091,3.489886,12505.394
5092,3.4885147,12508.882
5093,3.4865758,12512.368
5094,3.483709,12515.852
5095,3.4812832,12519.333
5096,3.4796536,12522.8125
5097,3.4788573,12526.291
5098,3.478967,12529.77
5099,3.4787047,12533.248
5100,3.4810052,12536.7295
5101,3.4832559,12540.213
5102,3.4863863,12543.699
5103,3.488116,12547.1875
5104,3.4889867,12550.677
5105,3.4889402,12554.166
5106,3.487612,12557.653
5107,3.4874444,12561.141
5108,3.4857762,12564.626
5109,3.4850693,12568.111
5110,3.4835994,12571.595
5111,3.482816,12575.077
5112,3.48254,12578.56
5113,3.481199,12582.041
5114,3.4802115,12585.521
5115,3.4791934,12589.001
5116,3.4785879,12592.4795
5117,3.4794946,12595.959
5118,3.4802976,12599.439
5119,3.4810839,12602.921
5120,3.4823394,12606.403
5121,3.4824843,12609.886
5122,3.483024,12613.369
5123,3.482658,12616.852
5124,3.4826262,12620.334
5125,3.4831657,12623.817
5126,3.484453,12627.302
5127,3.4853075,12630.787
5128,3.4868596,12634.274
5129,3.487537,12637.762
5130,3.4882867,12641.25
5131,3.4891357,12644.739
5132,3.4892309,12648.229
5133,3.488554,12651.717
5134,3.487571,12655.204
5135,3.486734,12658.69
5136,3.4844887,12662.175
5137,3.4830031,12665.658
5138,3.481888,12669.14
5139,3.4817085,12672.621
5140,3.4820187,12676.104
5141,3.4822052,12679.586
5142,3.4833615,12683.069
5143,3.4834435,12686.553
5144,3.4828737,12690.035
5145,3.482759,12693.518
5146,3.4815195,12696.999
5147,3.4807513,12700.4795
5148,3.4797997,12703.959
5149,3.4790878,12707.438
5150,3.4782953,12710.917
5151,3.4768157,12714.394
5152,3.4753604,12717.869
5153,3.4739373,12721.343
5154,3.4720201,12724.814
5155,3.4702163,12728.285
5156,3.4683452,12731.754
5157,3.4673216,12735.222
5158,3.4666097,12738.688
5159,3.467231,12742.155
5160,3.4691994,12745.624
5161,3.4709299,12749.095
5162,3.4729724,12752.567
5163,3.4741116,12756.041
5164,3.4753485,12759.517
5165,3.4764175,12762.993
5166,3.4781115,12766.472
5167,3.4802797,12769.952
5168,3.4829407,12773.436
5169,3.4843361,12776.92
5170,3.485555,12780.405
5171,3.4866815,12783.892
5172,3.4870758,12787.379
5173,3.4879436,12790.867
5174,3.4871855,12794.3545
5175,3.4880102,12797.843
5176,3.4868283,12801.33
5177,3.4862282,12804.816
5178,3.4854257,12808.302
5179,3.4841235,12811.786
5180,3.483709,12815.27
5181,3.4833302,12818.753
5182,3.4830627,12822.236
5183,3.4827528,12825.719
5184,3.4823112,12829.201
5185,3.4813812,12832.683
5186,3.479371,12836.162
5187,3.4782362,12839.641
5188,3.4781418,12843.119
5189,3.4788442,12846.598
5190,3.4815283,12850.079
5191,3.4841068,12853.563
5192,3.4880419,12857.052
5193,3.49032,12860.542
5194,3.4920154,12864.034
5195,3.492551,12867.526
5196,3.4928563,12871.02
5197,3.4939222,12874.514
5198,3.4951222,12878.009
5199,3.4966567,12881.506
5200,3.4992592,12885.005
5201,3.5010202,12888.506
5202,3.502894,12892.009
5203,3.5040698,12895.513
5204,3.5049663,12899.018
5205,3.5061593,12902.523
5206,3.5054402,12906.029
5207,3.5054004,12909.535
5208,3.5043852,12913.039
5209,3.5031457,12916.542
5210,3.5016048,12920.044
5211,3.5001605,12923.544
5212,3.4997118,12927.044
5213,3.499268,12930.543
5214,3.498739,12934.042
5215,3.4979968,12937.54
5216,3.4972217,12941.037
5217,3.4972463,12944.534
5218,3.4961329,12948.03
5219,3.495206,12951.525
5220,3.495168,12955.0205
5221,3.494785,12958.516
5222,3.4943454,12962.01
5223,3.4928694,12965.503
5224,3.4917755,12968.995
5225,3.4908502,12972.486
5226,3.4895465,12975.976
5227,3.4892437,12979.465
5228,3.4896224,12982.954
5229,3.4894588,12986.443
5230,3.4899487,12989.934
5231,3.4895701,12993.423
5232,3.4890862,12996.912
5233,3.4894094,13000.401
5234,3.4904218,13003.892
5235,3.4913008,13007.383
5236,3.4925702,13010.875
5237,3.492474,13014.367
5238,3.4925575,13017.859
5239,3.4922748,13021.352
5240,3.4915783,13024.843
5241,3.4906054,13028.333
5242,3.488963,13031.822
5243,3.4881625,13035.311
5244,3.4887342,13038.799
5245,3.4889581,13042.288
5246,3.4904943,13045.778
5247,3.491259,13049.27
5248,3.4924955,13052.762
5249,3.492727,13056.255
5250,3.491839,13059.747
5251,3.491206,13063.238
5252,3.4891534,13066.728
5253,3.4882503,13070.216
5254,3.4869936,13073.703
5255,3.4856231,13077.188
5256,3.4845972,13080.673
5257,3.4839811,13084.157
5258,3.4834561,13087.641
5259,3.4840624,13091.125
5260,3.4839165,13094.609
5261,3.4834757,13098.093
5262,3.4825072,13101.575
5263,3.4814997,13105.057
5264,3.48105,13108.538
5265,3.480019,13112.019
5266,3.4786339,13115.497
5267,3.4778109,13118.975
5268,3.477404,13122.452
5269,3.4775221,13125.93
5270,3.4778,13129.407
5271,3.4782987,13132.886
5272,3.4789684,13136.364
5273,3.4789445,13139.843
5274,3.4794726,13143.322
5275,3.4797373,13146.802
5276,3.4800043,13150.282
5277,3.4794714,13153.762
5278,3.4784284,13157.24
5279,3.479312,13160.72
5280,3.4795837,13164.199
5281,3.4799614,13167.679
5282,3.4809232,13171.159
5283,3.4812307,13174.641
5284,3.4823163,13178.123
5285,3.4835231,13181.606
5286,3.483531,13185.09
5287,3.4831238,13188.573
5288,3.4822457,13192.056
5289,3.481007,13195.537
5290,3.4788253,13199.016
5291,3.4771109,13202.493
5292,3.4758174,13205.969
5293,3.4750803,13209.443
5294,3.4742475,13212.918
5295,3.4733834,13216.392
5296,3.4726567,13219.864
5297,3.4723036,13223.337
5298,3.4714074,13226.809
5299,3.470663,13230.279
5300,3.4709032,13233.75
5301,3.4717922,13237.222
5302,3.4739048,13240.695
5303,3.4758725,13244.171
5304,3.477243,13247.648
5305,3.47863,13251.127
5306,3.4795544,13254.606
5307,3.4815912,13258.088
5308,3.4842873,13261.572
5309,3.48592,13265.059
5310,3.4876766,13268.546
5311,3.4882364,13272.034
5312,3.4883304,13275.522
5313,3.4886491,13279.011
5314,3.4886038,13282.499
5315,3.4892845,13285.988
5316,3.4885852,13289.477
5317,3.4876595,13292.964
5318,3.486069,13296.45
5319,3.48518,13299.936
5320,3.4846468,13303.42
5321,3.4845648,13306.904
5322,3.484361,13310.389
5323,3.4841394,13313.873
5324,3.484188,13317.357
5325,3.4833245,13320.841
5326,3.483235,13324.324
5327,3.4833019,13327.808
5328,3.4840536,13331.292
5329,3.4851217,13334.777
5330,3.4862883,13338.264
5331,3.4878595,13341.752
5332,3.4897704,13345.242
5333,3.4915953,13348.733
5334,3.4934425,13352.227
5335,3.495261,13355.722
5336,3.4976165,13359.22
5337,3.4997942,13362.72
5338,3.50242,13366.222
5339,3.5040958,13369.726
5340,3.50525,13373.23
5341,3.5067348,13376.737
5342,3.5078328,13380.245
5343,3.508946,13383.754
5344,3.5093951,13387.264
5345,3.5089052,13390.772
5346,3.5076394,13394.28
5347,3.5058937,13397.786
5348,3.5041158,13401.29
5349,3.5033994,13404.793
5350,3.502964,13408.296
5351,3.5025725,13411.799
5352,3.5015836,13415.301
5353,3.500018,13418.801
5354,3.4979298,13422.299
5355,3.4971704,13425.796
5356,3.4962053,13429.292
5357,3.4953308,13432.787
5358,3.4933543,13436.28
5359,3.4919806,13439.772
5360,3.4908748,13443.264
5361,3.491259,13446.755
5362,3.4913127,13450.246
5363,3.4916644,13453.737
5364,3.4923904,13457.2295
5365,3.493391,13460.723
5366,3.4949145,13464.218
5367,3.4947271,13467.713
5368,3.4948082,13471.208
5369,3.493793,13474.702
5370,3.491559,13478.193
5371,3.4899743,13481.684
5372,3.48882,13485.173
5373,3.4882672,13488.661
5374,3.4880621,13492.149
5375,3.4869845,13495.637
5376,3.485677,13499.122
5377,3.4844182,13502.606
5378,3.4819875,13506.089
5379,3.4803784,13509.569
5380,3.4779022,13513.047
5381,3.4763472,13516.523
5382,3.4749172,13519.998
5383,3.4726064,13523.471
5384,3.470175,13526.94
5385,3.4683254,13530.409
5386,3.4665115,13533.876
5387,3.4651942,13537.341
5388,3.4636536,13540.805
5389,3.4621859,13544.267
5390,3.4609323,13547.728
5391,3.4600575,13551.1875
5392,3.4582024,13554.6455
5393,3.4562993,13558.102
5394,3.4543777,13561.556
5395,3.452893,13565.009
5396,3.4515364,13568.46
5397,3.4510853,13571.911
5398,3.450951,13575.362
5399,3.4519877,13578.814
5400,3.4539158,13582.269
5401,3.4557936,13585.725
5402,3.4584634,13589.183
5403,3.460711,13592.644
5404,3.4642737,13596.107
5405,3.4665258,13599.574
5406,3.4681432,13603.042
5407,3.4694738,13606.512
5408,3.4709933,13609.982
5409,3.4717095,13613.454
5410,3.4725356,13616.927
5411,3.4726763,13620.399
5412,3.4732473,13623.873
5413,3.4746459,13627.348
5414,3.4767451,13630.824
5415,3.4790456,13634.304
5416,3.4827402,13637.786
5417,3.4850736,13641.271
5418,3.4880137,13644.76
5419,3.490082,13648.25
5420,3.4919527,13651.742
5421,3.4930596,13655.235
5422,3.4938216,13658.7295
5423,3.4947445,13662.225
5424,3.495544,13665.72
5425,3.4967666,13669.217
5426,3.4964843,13672.713
5427,3.4960113,13676.209
5428,3.49549,13679.704
5429,3.4946072,13683.198
5430,3.494192,13686.692
5431,3.493863,13690.187
5432,3.4935052,13693.68
5433,3.4935706,13697.173
5434,3.4929912,13700.666
5435,3.4933999,13704.159
5436,3.493662,13707.653
5437,3.4936006,13711.146
5438,3.4931216,13714.64
5439,3.492199,13718.132
5440,3.490143,13721.622
5441,3.489333,13725.111
5442,3.4868703,13728.599
5443,3.485135,13732.084
5444,3.4826546,13735.566
5445,3.4803863,13739.047
5446,3.478577,13742.525
5447,3.478323,13746.004
5448,3.4795194,13749.483
5449,3.4806106,13752.964
5450,3.4838595,13756.447
5451,3.4857004,13759.933
5452,3.489039,13763.422
5453,3.4908066,13766.913
5454,3.4925232,13770.405
5455,3.4941716,13773.899
5456,3.4944863,13777.394
5457,3.4954858,13780.889
5458,3.4961526,13784.385
5459,3.497604,13787.883
5460,3.499474,13791.382
5461,3.499193,13794.881
5462,3.4998364,13798.381
5463,3.5005472,13801.882
5464,3.5011227,13805.383
5465,3.5007315,13808.884
5466,3.4999883,13812.384
5467,3.4990575,13815.883
5468,3.498189,13819.381
5469,3.4977922,13822.879
5470,3.4969985,13826.376
5471,3.4971046,13829.873
5472,3.4972548,13833.37
5473,3.4970174,13836.867
5474,3.4964502,13840.363
5475,3.4955907,13843.858
5476,3.494266,13847.353
5477,3.4939663,13850.847
5478,3.4930522,13854.34
5479,3.4922698,13857.832
5480,3.4912922,13861.323
5481,3.4908612,13864.814
5482,3.4916925,13868.306
5483,3.4911897,13871.797
5484,3.491631,13875.288
5485,3.4908113,13878.779
5486,3.4901094,13882.27
5487,3.4905064,13885.76
5488,3.4906933,13889.25
5489,3.4919305,13892.742
5490,3.4920492,13896.234
5491,3.4925923,13899.727
5492,3.493291,13903.22
5493,3.493221,13906.713
5494,3.4921417,13910.205
5495,3.4913826,13913.696
5496,3.4902387,13917.187
5497,3.4895532,13920.676
5498,3.4892218,13924.165
5499,3.4891276,13927.654
5500,3.490227,13931.145
5501,3.490411,13934.635
5502,3.4912999,13938.126
5503,3.4916015,13941.617
5504,3.491935,13945.109
5505,3.491884,13948.602
5506,3.4908352,13952.093
5507,3.4903207,13955.583
5508,3.4893389,13959.072
5509,3.4898434,13962.5625
5510,3.4899764,13966.053
5511,3.489341,13969.542
5512,3.4893255,13973.031
5513,3.4887938,13976.5205
5514,3.4884164,13980.009
5515,3.488412,13983.497
5516,3.4884777,13986.985
5517,3.4888375,13990.475
5518,3.4888098,13993.964
5519,3.4887767,13997.453
5520,3.489031,14000.942
5521,3.4883022,14004.431
5522,3.4870462,14007.918
5523,3.4855647,14011.403
5524,3.4829042,14014.886
5525,3.4813254,14018.367
5526,3.4791677,14021.847
5527,3.478024,14025.324
5528,3.4779143,14028.802
5529,3.4779074,14032.279
5530,3.4785051,14035.758
5531,3.4783404,14039.236
5532,3.4791145,14042.716
5533,3.4802215,14046.196
5534,3.4819663,14049.679
5535,3.4833205,14053.162
5536,3.4842675,14056.646
5537,3.4841921,14060.131
5538,3.4833868,14063.614
5539,3.482338,14067.097
5540,3.4802969,14070.577
5541,3.478785,14074.056
5542,3.4755526,14077.531
5543,3.4739723,14081.005
5544,3.473145,14084.479
5545,3.472671,14087.951
5546,3.472724,14091.424
5547,3.471963,14094.8955
5548,3.471507,14098.367
5549,3.4710207,14101.838
5550,3.470532,14105.309
5551,3.4701443,14108.778
5552,3.46998,14112.248
5553,3.4690578,14115.717
5554,3.4681625,14119.185
5555,3.4662333,14122.65
5556,3.4636977,14126.114
5557,3.4620159,14129.576
5558,3.4601102,14133.036
5559,3.458748,14136.495
5560,3.458071,14139.953
5561,3.4571862,14143.41
5562,3.45675,14146.867
5563,3.4569259,14150.324
5564,3.4572995,14153.781
5565,3.4571187,14157.238
5566,3.4559107,14160.694
5567,3.4544775,14164.148
5568,3.4526522,14167.602
5569,3.4518127,14171.054
5570,3.4512866,14174.505
5571,3.449814,14177.955
5572,3.4472532,14181.402
5573,3.445073,14184.848
5574,3.4424245,14188.29
5575,3.4400074,14191.73
5576,3.4380312,14195.169
5577,3.4370468,14198.606
5578,3.4369142,14202.043
5579,3.4368205,14205.4795
5580,3.436622,14208.916
5581,3.4359822,14212.352
5582,3.4352322,14215.787
5583,3.435112,14219.223
5584,3.434811,14222.657
5585,3.434235,14226.092
5586,3.4346108,14229.526
5587,3.4360492,14232.963
5588,3.4390132,14236.402
5589,3.441021,14239.844
5590,3.4434407,14243.287
5591,3.4452093,14246.732
5592,3.4477544,14250.181
5593,3.451606,14253.632
5594,3.455816,14257.088
5595,3.4583733,14260.546
5596,3.4604647,14264.007
5597,3.4615996,14267.469
5598,3.4615145,14270.931
5599,3.4621413,14274.393
5600,3.4626482,14277.855
5601,3.462452,14281.318
5602,3.4619162,14284.78
5603,3.4615939,14288.242
5604,3.4612224,14291.703
5605,3.461197,14295.164
5606,3.4624808,14298.627
5607,3.46356,14302.091
5608,3.4662826,14305.557
5609,3.4692626,14309.026
5610,3.472455,14312.499
5611,3.4744644,14315.974
5612,3.4758182,14319.449
5613,3.4774132,14322.927
5614,3.478803,14326.405
5615,3.4816055,14329.887
5616,3.4856882,14333.372
5617,3.488728,14336.86
5618,3.4919848,14340.353
5619,3.4933975,14343.846
5620,3.4951007,14347.341
5621,3.4964921,14350.837
5622,3.4982915,14354.335
5623,3.499772,14357.835
5624,3.5014281,14361.336
5625,3.501939,14364.838
5626,3.5026834,14368.341
5627,3.5034692,14371.845
5628,3.503151,14375.348
5629,3.5026882,14378.851
5630,3.5015879,14382.353
5631,3.5008647,14385.854
5632,3.4998016,14389.354
5633,3.4991739,14392.853
5634,3.4978325,14396.351
5635,3.4970007,14399.848
5636,3.4957983,14403.344
5637,3.494836,14406.839
5638,3.4943087,14410.333
5639,3.4938574,14413.827
5640,3.4929717,14417.32
5641,3.4914706,14420.812
5642,3.4910939,14424.303
5643,3.491197,14427.794
5644,3.4911008,14431.285
5645,3.4911623,14434.776
5646,3.4913344,14438.268
5647,3.491218,14441.759
5648,3.4911327,14445.25
5649,3.49092,14448.741
5650,3.4902904,14452.231
5651,3.48951,14455.721
5652,3.4883063,14459.209
5653,3.487837,14462.697
5654,3.486827,14466.185
5655,3.4862785,14469.671
5656,3.4851968,14473.156
5657,3.4847817,14476.641
5658,3.484539,14480.125
5659,3.4845712,14483.609
5660,3.4842045,14487.094
5661,3.483738,14490.577
5662,3.4828615,14494.06
5663,3.4825225,14497.542
5664,3.4821799,14501.024
5665,3.482352,14504.507
5666,3.482182,14507.989
5667,3.481073,14511.471
5668,3.4801924,14514.951
5669,3.4797773,14518.431
5670,3.4797962,14521.91
5671,3.4795952,14525.39
5672,3.4791448,14528.869
5673,3.478324,14532.348
5674,3.4768984,14535.824
5675,3.4750743,14539.299
5676,3.472806,14542.771
5677,3.4702492,14546.242
5678,3.467265,14549.709
5679,3.4645889,14553.174
5680,3.4628396,14556.637
5681,3.4613826,14560.098
5682,3.461276,14563.559
5683,3.4610355,14567.02
5684,3.4612389,14570.48
5685,3.461777,14573.942
5686,3.4623442,14577.404
5687,3.4639215,14580.868
5688,3.4658818,14584.334
5689,3.4679728,14587.802
5690,3.4705102,14591.272
5691,3.4728203,14594.745
5692,3.4752538,14598.221
5693,3.4777248,14601.698
5694,3.4814959,14605.18
5695,3.484316,14608.664
5696,3.4871135,14612.151
5697,3.4888635,14615.641
5698,3.4899778,14619.131
5699,3.492035,14622.623
5700,3.493488,14626.116
5701,3.4947128,14629.611
5702,3.4966967,14633.108
5703,3.4969845,14636.605
5704,3.4970784,14640.103
5705,3.4963467,14643.599
5706,3.4948463,14647.094
5707,3.4940963,14650.588
5708,3.492592,14654.08
5709,3.4909754,14657.571
5710,3.4898787,14661.062
5711,3.488984,14664.551
5712,3.4878109,14668.039
5713,3.4872677,14671.526
5714,3.4877245,14675.014
5715,3.4889166,14678.503
5716,3.4906054,14681.993
5717,3.4919188,14685.485
5718,3.4938183,14688.9795
5719,3.4947171,14692.475
5720,3.495366,14695.97
5721,3.4956417,14699.466
5722,3.4956212,14702.962
5723,3.4961824,14706.458
5724,3.4957802,14709.954
5725,3.496554,14713.45
5726,3.4964643,14716.946
5727,3.4973326,14720.443
5728,3.4966533,14723.94
5729,3.49651,14727.437
5730,3.4959269,14730.933
5731,3.4954836,14734.428
5732,3.494833,14737.923
5733,3.4938228,14741.417
5734,3.493501,14744.91
5735,3.4935617,14748.403
5736,3.494108,14751.897
5737,3.4938917,14755.392
5738,3.4931808,14758.885
5739,3.491632,14762.376
5740,3.4905176,14765.866
5741,3.490368,14769.356
5742,3.4900875,14772.847
5743,3.489631,14776.336
5744,3.4891274,14779.825
5745,3.4886758,14783.313
5746,3.4888833,14786.803
5747,3.4887185,14790.291
5748,3.4898531,14793.781
5749,3.4910781,14797.272
5750,3.4925864,14800.765
5751,3.4931211,14804.258
5752,3.4934502,14807.751
5753,3.4930942,14811.244
5754,3.4926121,14814.736
5755,3.4928854,14818.2295
5756,3.4922523,14821.722
5757,3.492652,14825.214
5758,3.4919415,14828.706
5759,3.4919636,14832.198
5760,3.4924126,14835.69
5761,3.4926844,14839.184
5762,3.493919,14842.678
5763,3.4940526,14846.172
5764,3.495572,14849.667
5765,3.49602,14853.163
5766,3.4964266,14856.659
5767,3.4962902,14860.155
5768,3.495996,14863.651
5769,3.4959657,14867.147
5770,3.4945705,14870.642
5771,3.493314,14874.135
5772,3.4920676,14877.627
5773,3.4912295,14881.118
5774,3.4909475,14884.609
5775,3.4909368,14888.101
5776,3.4914942,14891.592
5777,3.4906693,14895.082
5778,3.489632,14898.571
5779,3.4886806,14902.06
5780,3.4873683,14905.547
5781,3.4863641,14909.033
5782,3.4851787,14912.519
5783,3.4840403,14916.003
5784,3.4836621,14919.486
5785,3.4834049,14922.97
5786,3.484638,14926.454
5787,3.4848158,14929.938
5788,3.485545,14933.424
5789,3.4859884,14936.91
5790,3.4872644,14940.397
5791,3.4883509,14943.886
5792,3.4896486,14947.375
5793,3.490542,14950.865
5794,3.4908638,14954.356
5795,3.4913833,14957.848
5796,3.4917276,14961.34
5797,3.4931777,14964.833
5798,3.4949265,14968.328
5799,3.4967003,14971.825
5800,3.4988413,14975.324
5801,3.499111,14978.823
5802,3.49899,14982.322
5803,3.498846,14985.821
5804,3.4976633,14989.319
5805,3.4965906,14992.816
5806,3.494967,14996.312
5807,3.4940338,14999.806
5808,3.492835,15003.299
5809,3.4916692,15006.79
5810,3.4912994,15010.281
5811,3.490714,15013.771
5812,3.4901495,15017.262
5813,3.488117,15020.75
5814,3.4858322,15024.235
5815,3.4835637,15027.719
5816,3.4807503,15031.199
5817,3.4787316,15034.678
5818,3.4758208,15038.153
5819,3.4733014,15041.627
5820,3.4695222,15045.097
5821,3.466701,15048.563
5822,3.4633493,15052.026
5823,3.460921,15055.487
5824,3.4588652,15058.946
5825,3.4562323,15062.402
5826,3.454283,15065.856
5827,3.4533763,15069.31
5828,3.452794,15072.763
5829,3.4524345,15076.215
5830,3.4524744,15079.667
5831,3.4520116,15083.119
5832,3.4532921,15086.572
5833,3.455271,15090.027
5834,3.458363,15093.485
5835,3.4598436,15096.945
5836,3.4613829,15100.406
5837,3.4620547,15103.868
5838,3.4619644,15107.33
5839,3.4626207,15110.793
5840,3.463014,15114.256
5841,3.4641738,15117.72
5842,3.4647958,15121.185
5843,3.4657943,15124.65
5844,3.466248,15128.116
5845,3.466141,15131.582
5846,3.466581,15135.049
5847,3.4668338,15138.516
5848,3.4667659,15141.982
5849,3.4662302,15145.448
5850,3.465865,15148.914
5851,3.4650152,15152.379
5852,3.4643576,15155.844
5853,3.4641402,15159.308
5854,3.4642932,15162.771
5855,3.46493,15166.236
5856,3.4665923,15169.703
5857,3.4686513,15173.172
5858,3.4709783,15176.643
5859,3.472205,15180.115
5860,3.4732049,15183.589
5861,3.473622,15187.0625
5862,3.4732492,15190.536
5863,3.4745576,15194.011
5864,3.4758792,15197.486
5865,3.4777844,15200.964
5866,3.480311,15204.444
5867,3.481971,15207.927
5868,3.4841719,15211.411
5869,3.4850411,15214.896
5870,3.4859662,15218.383
5871,3.4874082,15221.87
5872,3.4890094,15225.359
5873,3.490733,15228.851
5874,3.492035,15232.343
5875,3.4923084,15235.835
5876,3.4922304,15239.327
5877,3.4925423,15242.819
5878,3.4920087,15246.312
5879,3.4931185,15249.805
5880,3.4936686,15253.299
5881,3.4939873,15256.793
5882,3.4942224,15260.287
5883,3.4941614,15263.781
5884,3.4940763,15267.275
5885,3.4939756,15270.77
5886,3.493388,15274.263
5887,3.4927263,15277.756
5888,3.492553,15281.248
5889,3.492588,15284.74
5890,3.4926157,15288.232
5891,3.492106,15291.725
5892,3.4917493,15295.217
5893,3.4915261,15298.708
5894,3.4898605,15302.198
5895,3.4889717,15305.6875
5896,3.4885843,15309.176
5897,3.488478,15312.664
5898,3.487731,15316.151
5899,3.4868698,15319.639
5900,3.4863832,15323.125
5901,3.4865649,15326.611
5902,3.486852,15330.099
5903,3.4872258,15333.586
5904,3.488575,15337.074
5905,3.4890273,15340.563
5906,3.489972,15344.054
5907,3.4900396,15347.544
5908,3.4899728,15351.034
5909,3.4900024,15354.524
5910,3.4892519,15358.014
5911,3.489858,15361.504
5912,3.4906926,15364.994
5913,3.4912195,15368.485
5914,3.4920027,15371.978
5915,3.49247,15375.47
5916,3.493958,15378.964
5917,3.4947152,15382.459
5918,3.4956894,15385.955
5919,3.4959073,15389.451
5920,3.4962,15392.947
5921,3.4965792,15396.443
5922,3.4965253,15399.939
5923,3.496788,15403.437
5924,3.4967055,15406.934
5925,3.496544,15410.43
5926,3.4958456,15413.926
5927,3.4952776,15417.421
5928,3.494225,15420.915
5929,3.4923644,15424.407
5930,3.4902372,15427.897
5931,3.4894433,15431.387
5932,3.4887908,15434.876
5933,3.488407,15438.364
5934,3.4880977,15441.853
5935,3.487164,15445.34
5936,3.4867854,15448.826
5937,3.486741,15452.3125
5938,3.487645,15455.8
5939,3.489334,15459.289
5940,3.4909704,15462.78
5941,3.4916875,15466.271
5942,3.4919803,15469.764
5943,3.4914877,15473.255
5944,3.4899385,15476.745
5945,3.48895,15480.234
5946,3.487618,15483.722
5947,3.4876316,15487.209
5948,3.4879892,15490.697
5949,3.4881663,15494.186
5950,3.4884229,15497.674
5951,3.4879837,15501.162
5952,3.486509,15504.648
5953,3.486894,15508.136
5954,3.4861896,15511.622
5955,3.4862628,15515.108
5956,3.4859648,15518.595
5957,3.4859905,15522.081
5958,3.4869778,15525.568
5959,3.4868288,15529.056
5960,3.486908,15532.543
5961,3.4867175,15536.029
5962,3.4862127,15539.516
5963,3.4862237,15543.002
5964,3.4854138,15546.487
5965,3.485242,15549.973
5966,3.4853203,15553.458
5967,3.485855,15556.944
5968,3.4859974,15560.431
5969,3.4855435,15563.916
5970,3.4846475,15567.4
5971,3.4847107,15570.885
5972,3.4847326,15574.369
5973,3.4850671,15577.8545
5974,3.4853086,15581.34
5975,3.4854903,15584.825
5976,3.4849062,15588.311
5977,3.484954,15591.796
5978,3.4855092,15595.281
5979,3.4852748,15598.767
5980,3.4858344,15602.252
5981,3.4849973,15605.737
5982,3.48423,15609.222
5983,3.48397,15612.706
5984,3.4831984,15616.189
5985,3.483339,15619.673
5986,3.4833484,15623.156
5987,3.4829745,15626.64
5988,3.4838684,15630.123
5989,3.4846523,15633.607
5990,3.486683,15637.094
5991,3.4876635,15640.581
5992,3.4889421,15644.07
5993,3.4903026,15647.561
5994,3.4916897,15651.052
5995,3.492517,15654.544
5996,3.4938717,15658.038
5997,3.49459,15661.532
5998,3.4946125,15665.026
5999,3.493704,15668.5205
6000,3.49253,15672.013
6001,3.4917245,15675.505
6002,3.4908545,15678.996
6003,3.4893885,15682.485
6004,3.4874012,15685.973
6005,3.485598,15689.458
6006,3.4842017,15692.942
6007,3.4837148,15696.426
6008,3.484058,15699.91
6009,3.4839828,15703.395
6010,3.4836605,15706.878
6011,3.4820778,15710.36
6012,3.4793391,15713.84
6013,3.476847,15717.316
6014,3.4739358,15720.79
6015,3.4719489,15724.262
6016,3.470008,15727.731
6017,3.468175,15731.199
6018,3.4667065,15734.666
6019,3.464883,15738.131
6020,3.4629724,15741.594
6021,3.46259,15745.057
6022,3.4630847,15748.52
6023,3.4637914,15751.983
6024,3.46501,15755.448
6025,3.4646733,15758.913
6026,3.4643223,15762.377
6027,3.4634573,15765.841
6028,3.4622798,15769.303
6029,3.4613822,15772.764
6030,3.461059,15776.225
6031,3.461025,15779.686
6032,3.4617813,15783.147
6033,3.4623907,15786.609
6034,3.4647925,15790.074
6035,3.4669685,15793.541
6036,3.4697213,15797.011
6037,3.4712172,15800.482
6038,3.4733136,15803.956
6039,3.4746282,15807.431
6040,3.4749336,15810.905
6041,3.4754055,15814.381
6042,3.4750416,15817.855
6043,3.473677,15821.329
6044,3.472562,15824.802
6045,3.4710813,15828.272
6046,3.4689584,15831.741
6047,3.4668934,15835.208
6048,3.4639218,15838.672
6049,3.4610972,15842.133
6050,3.45837,15845.591
6051,3.45511,15849.046
6052,3.4505866,15852.496
6053,3.4460711,15855.942
6054,3.4405975,15859.383
6055,3.4364395,15862.819
6056,3.4317274,15866.251
6057,3.4278712,15869.679
6058,3.4226427,15873.102
6059,3.417494,15876.52
6060,3.4125402,15879.932
6061,3.4081628,15883.34
6062,3.404452,15886.744
6063,3.401225,15890.1455
6064,3.3988888,15893.544
6065,3.3959734,15896.939
6066,3.3938348,15900.333
6067,3.391231,15903.725
6068,3.3875618,15907.112
6069,3.3829532,15910.495
6070,3.3771114,15913.872
6071,3.3726485,15917.245
6072,3.3705993,15920.615
6073,3.374643,15923.99
6074,3.377224,15927.367
6075,3.3818605,15930.749
6076,3.385638,15934.135
6077,3.389206,15937.524
6078,3.3921096,15940.917
6079,3.395751,15944.3125
6080,3.3976452,15947.71
6081,3.3997564,15951.109
6082,3.4005573,15954.51
6083,3.4001596,15957.91
6084,3.3990755,15961.31
6085,3.3981884,15964.708
6086,3.3968801,15968.1045
6087,3.396171,15971.501
6088,3.3948963,15974.8955
6089,3.3939471,15978.289
6090,3.3927155,15981.682
6091,3.3916206,15985.073
6092,3.38934,15988.463
6093,3.387407,15991.851
6094,3.3844614,15995.235
6095,3.3817227,15998.617
6096,3.3806882,16001.998
6097,3.37819,16005.376
6098,3.3754392,16008.751
6099,3.3728485,16012.124
6100,3.3701663,16015.494
6101,3.3679225,16018.862
6102,3.3653204,16022.228
6103,3.3624187,16025.59
6104,3.3595312,16028.949
6105,3.3573291,16032.307
6106,3.3552773,16035.662
6107,3.3533576,16039.016
6108,3.3507085,16042.366
6109,3.3480382,16045.714
6110,3.3447566,16049.059
6111,3.3411381,16052.399
6112,3.3376362,16055.737
6113,3.3340957,16059.071
6114,3.331552,16062.403
6115,3.3279335,16065.731
6116,3.325392,16069.057
6117,3.3226862,16072.379
6118,3.3210957,16075.7
6119,3.3196926,16079.02
6120,3.3189278,16082.339
6121,3.3187487,16085.657
6122,3.316632,16088.974
6123,3.313881,16092.287
6124,3.3119862,16095.599
6125,3.3103535,16098.909
6126,3.3096156,16102.219
6127,3.3072915,16105.526
6128,3.3034854,16108.83
6129,3.2992363,16112.129
6130,3.2946057,16115.424
6131,3.2910433,16118.715
6132,3.2887938,16122.004
6133,3.2857242,16125.29
6134,3.2826445,16128.572
6135,3.2782445,16131.851
6136,3.274244,16135.125
6137,3.2708375,16138.3955
6138,3.2692482,16141.665
6139,3.2676764,16144.933
6140,3.2671697,16148.2
6141,3.2650828,16151.465
6142,3.26361,16154.729
6143,3.260983,16157.989
6144,3.2587907,16161.248
6145,3.255522,16164.504
6146,3.2528176,16167.757
6147,3.2489748,16171.006
6148,3.24601,16174.252
6149,3.2410388,16177.493
6150,3.2357047,16180.729
6151,3.2281148,16183.957
6152,3.2213583,16187.179
6153,3.2143297,16190.393
6154,3.2093074,16193.602
6155,3.2056317,16196.808
6156,3.2055528,16200.013
6157,3.2039773,16203.217
6158,3.2034054,16206.42
6159,3.200114,16209.62
6160,3.1976101,16212.817
6161,3.1941261,16216.012
6162,3.1928308,16219.204
6163,3.1891892,16222.394
6164,3.1845412,16225.578
6165,3.1793213,16228.758
6166,3.175916,16231.934
6167,3.1710172,16235.1045
6168,3.1671517,16238.271
6169,3.1599963,16241.432
6170,3.1523986,16244.584
6171,3.144256,16247.729
6172,3.1392846,16250.868
6173,3.1353781,16254.004
6174,3.1346025,16257.139
6175,3.1343331,16260.273
6176,3.1360216,16263.409
6177,3.1363878,16266.546
6178,3.1401412,16269.687
6179,3.1428463,16272.829
6180,3.1451933,16275.975
6181,3.1440578,16279.119
6182,3.142198,16282.262
6183,3.139362,16285.401
6184,3.138199,16288.54
6185,3.136007,16291.676
6186,3.1361349,16294.812
6187,3.1377358,16297.949
6188,3.140352,16301.09
6189,3.1439965,16304.233
6190,3.1495993,16307.383
6191,3.154043,16310.537
6192,3.1584253,16313.695
6193,3.1617,16316.857
6194,3.1642406,16320.021
6195,3.1652896,16323.187
6196,3.1657095,16326.353
6197,3.1634915,16329.516
6198,3.1603491,16332.676
6199,3.1568758,16335.833
6200,3.1544094,16338.987
6201,3.1525946,16342.14
6202,3.1509914,16345.291
6203,3.1492279,16348.44
6204,3.1475987,16351.588
6205,3.1464102,16354.734
6206,3.146416,16357.881
6207,3.1464114,16361.027
6208,3.1458163,16364.173
6209,3.1451638,16367.318
6210,3.1457987,16370.464
6211,3.1475277,16373.611
6212,3.1502829,16376.762
6213,3.1519861,16379.914
6214,3.1536248,16383.067
6215,3.1547954,16386.223
6216,3.1550894,16389.377
6217,3.1544902,16392.531
6218,3.1536944,16395.686
6219,3.154367,16398.84
6220,3.1561434,16401.996
6221,3.1568112,16405.152
6222,3.1547983,16408.307
6223,3.1508844,16411.457
6224,3.1475203,16414.605
6225,3.1466336,16417.752
6226,3.1473339,16420.898
6227,3.1486309,16424.047
6228,3.1497269,16427.197
6229,3.151652,16430.35
6230,3.1539476,16433.504
6231,3.15597,16436.66
6232,3.1580234,16439.818
6233,3.1594756,16442.979
6234,3.1607747,16446.139
6235,3.161083,16449.299
6236,3.1596425,16452.459
6237,3.15846,16455.617
6238,3.158928,16458.775
6239,3.1593492,16461.936
6240,3.1595037,16465.096
6241,3.1584015,16468.254
6242,3.1560574,16471.41
6243,3.153774,16474.564
6244,3.151607,16477.717
6245,3.149771,16480.867
6246,3.1486368,16484.016
6247,3.1482382,16487.164
6248,3.1486819,16490.312
6249,3.149583,16493.463
6250,3.1505294,16496.613
6251,3.151494,16499.766
6252,3.151298,16502.916
6253,3.1512494,16506.066
6254,3.1518488,16509.219
6255,3.1528094,16512.371
6256,3.1526113,16515.523
6257,3.1523397,16518.676
6258,3.1532497,16521.828
6259,3.154208,16524.982
6260,3.154668,16528.137
6261,3.1548846,16531.291
6262,3.1550195,16534.445
6263,3.1554391,16537.602
6264,3.154589,16540.756
6265,3.153265,16543.908
6266,3.1529622,16547.06
6267,3.1532867,16550.213
6268,3.1537228,16553.367
6269,3.1543295,16556.521
6270,3.156211,16559.678
6271,3.1592085,16562.838
6272,3.1617522,16566.0
6273,3.1641834,16569.164
6274,3.1656725,16572.33
6275,3.16705,16575.498
6276,3.1678023,16578.666
6277,3.168154,16581.834
6278,3.168004,16585.002
6279,3.168082,16588.17
6280,3.1697698,16591.34
6281,3.1719577,16594.512
6282,3.1745663,16597.686
6283,3.1767383,16600.861
6284,3.178355,16604.04
6285,3.1799312,16607.219
6286,3.1805985,16610.398
6287,3.1818862,16613.58
6288,3.1827786,16616.764
6289,3.1841009,16619.947
6290,3.1863053,16623.133
6291,3.1890378,16626.322
6292,3.1904986,16629.514
6293,3.1920428,16632.705
6294,3.1932492,16635.898
6295,3.1945674,16639.094
6296,3.2162127,16642.31
6297,3.238008,16645.549
6298,3.252777,16648.8
6299,3.2545888,16652.055
6300,3.245414,16655.3
6301,3.2396288,16658.541
6302,3.2386565,16661.78
6303,3.2448833,16665.023
6304,3.2525094,16668.275
6305,3.26315,16671.54
6306,3.272638,16674.812
6307,3.2826445,16678.096
6308,3.2889504,16681.385
6309,3.2934997,16684.678
6310,3.29432,16687.973
6311,3.2935927,16691.266
6312,3.2906442,16694.557
6313,3.2866626,16697.844
6314,3.2823515,16701.127
6315,3.2804098,16704.408
6316,3.2788775,16707.688
6317,3.282336,16710.97
6318,3.290145,16714.262
6319,3.3055925,16717.566
6320,3.326307,16720.893
6321,3.351752,16724.244
6322,3.3736305,16727.617
6323,3.3926418,16731.01
6324,3.4087381,16734.418
6325,3.4242795,16737.842
6326,3.4393146,16741.281
6327,3.452319,16744.734
6328,3.4640713,16748.2
6329,3.4732666,16751.672
6330,3.4811153,16755.152
6331,3.4874415,16758.64
6332,3.493436,16762.135
6333,3.498975,16765.633
6334,3.5054553,16769.139
6335,3.5115712,16772.65
6336,3.517037,16776.168
6337,3.5215795,16779.69
6338,3.5253067,16783.215
6339,3.5292685,16786.744
6340,3.5322692,16790.277
6341,3.535002,16793.812
6342,3.5372746,16797.35
6343,3.5409203,16800.89
6344,3.5437207,16804.434
6345,3.5489132,16807.982
6346,3.5529509,16811.535
6347,3.5569866,16815.092
6348,3.5591018,16818.65
6349,3.5604281,16822.21
6350,3.5593865,16825.77
6351,3.5544553,16829.324
6352,3.5489132,16832.873
6353,3.543512,16836.416
6354,3.5476265,16839.963
6355,3.548852,16843.512
6356,3.5554466,16847.066
6357,3.5557985,16850.623
6358,3.561287,16854.184
6359,3.5630832,16857.746
6360,3.5703378,16861.316
6361,3.57343,16864.89
6362,3.578927,16868.469
6363,3.5799325,16872.049
6364,3.5837889,16875.633
6365,3.584449,16879.217
6366,3.5862324,16882.803
6367,3.5828707,16886.385
6368,3.5803206,16889.965
6369,3.5751762,16893.54
6370,3.5721054,16897.111
6371,3.5687234,16900.68
6372,3.566512,16904.246
6373,3.5625887,16907.809
6374,3.5589094,16911.367
6375,3.554738,16914.922
6376,3.5520875,16918.475
6377,3.5494483,16922.023
6378,3.5473778,16925.57
6379,3.5451033,16929.115
6380,3.5420227,16932.658
6381,3.5392885,16936.197
6382,3.5367508,16939.734
6383,3.5351546,16943.27
6384,3.532597,16946.803
6385,3.5305014,16950.334
6386,3.527359,16953.861
6387,3.5256448,16957.387
6388,3.5229778,16960.91
6389,3.5219824,16964.432
6390,3.519874,16967.951
6391,3.5182104,16971.469
6392,3.5141528,16974.982
6393,3.5116377,16978.494
6394,3.5095286,16982.004
6395,3.510698,16985.514
6396,3.5123231,16989.025
6397,3.515892,16992.541
6398,3.5192752,16996.06
6399,3.5232973,16999.584
6400,3.5227954,17003.107
6401,3.5209837,17006.629
6402,3.5160933,17010.145
6403,3.511316,17013.656
6404,3.5072844,17017.164
6405,3.506407,17020.67
6406,3.5060344,17024.176
6407,3.5073254,17027.684
6408,3.507948,17031.191
6409,3.5090723,17034.701
6410,3.5085008,17038.209
6411,3.508991,17041.719
6412,3.5093706,17045.229
6413,3.5101213,17048.738
6414,3.5095382,17052.248
6415,3.509179,17055.758
6416,3.5074718,17059.266
6417,3.506438,17062.771
6418,3.5040936,17066.275
6419,3.502853,17069.777
6420,3.501417,17073.28
6421,3.4998693,17076.78
6422,3.496908,17080.275
6423,3.4937973,17083.77
6424,3.489817,17087.26
6425,3.486179,17090.746
6426,3.4819744,17094.229
6427,3.47802,17097.707
6428,3.4742236,17101.182
6429,3.471048,17104.652
6430,3.4690144,17108.121
6431,3.4673595,17111.588
6432,3.4660985,17115.055
6433,3.4653897,17118.52
6434,3.4656346,17121.984
6435,3.4662445,17125.451
6436,3.4683084,17128.92
6437,3.4696448,17132.389
6438,3.4696283,17135.857
6439,3.4697015,17139.326
6440,3.4694576,17142.795
6441,3.4692378,17146.264
6442,3.4680135,17149.732
6443,3.4672847,17153.2
6444,3.466493,17156.666
6445,3.466105,17160.133
6446,3.4657924,17163.598
6447,3.4659047,17167.064
6448,3.46728,17170.531
6449,3.4695492,17174.0
6450,3.4720688,17177.473
6451,3.4740362,17180.947
6452,3.4756088,17184.424
6453,3.476641,17187.9
6454,3.4772992,17191.377
6455,3.4783084,17194.855
6456,3.4792519,17198.334
6457,3.4797435,17201.814
6458,3.480068,17205.295
6459,3.4802356,17208.775
6460,3.480894,17212.256
6461,3.480736,17215.736
6462,3.4787707,17219.215
6463,3.476699,17222.691
6464,3.4746008,17226.166
6465,3.4730234,17229.639
6466,3.4719298,17233.111
6467,3.4715397,17236.582
6468,3.4715626,17240.053
6469,3.4711418,17243.523
6470,3.4702652,17246.994
6471,3.4686587,17250.463
6472,3.4672475,17253.93
6473,3.4653354,17257.395
6474,3.4642732,17260.86
6475,3.462199,17264.322
6476,3.461155,17267.783
6477,3.4582489,17271.242
6478,3.4538608,17274.695
6479,3.4489236,17278.145
6480,3.4463954,17281.592
6481,3.4463632,17285.04
6482,3.44912,17288.488
6483,3.4520233,17291.94
6484,3.4558914,17295.395
6485,3.4610736,17298.855
6486,3.4680505,17302.324
6487,3.4772768,17305.8
6488,3.4897711,17309.291
6489,3.5028741,17312.793
6490,3.5181227,17316.31
6491,3.5322325,17319.844
6492,3.5460804,17323.39
6493,3.558251,17326.95
6494,3.569501,17330.52
6495,3.5795825,17334.1
6496,3.5886624,17337.688
6497,3.5958583,17341.283
6498,3.6028273,17344.887
6499,3.6084237,17348.496
6500,3.6145117,17352.111
6501,3.6189685,17355.73
6502,3.622719,17359.354
6503,3.624334,17362.979
6504,3.624355,17366.604
6505,3.6247225,17370.229
6506,3.6264696,17373.855
6507,3.6276486,17377.482
6508,3.6285164,17381.111
6509,3.627833,17384.738
6510,3.62557,17388.363
6511,3.6251373,17391.988
6512,3.62252,17395.611
6513,3.620084,17399.23
6514,3.6166785,17402.848
6515,3.6133041,17406.46
6516,3.6105702,17410.072
6517,3.6081228,17413.68
6518,3.6076899,17417.287
6519,3.60807,17420.895
6520,3.6082833,17424.502
6521,3.607119,17428.11
6522,3.6066375,17431.717
6523,3.605821,17435.322
6524,3.6049795,17438.928
6525,3.6035283,17442.531
6526,3.601447,17446.133
6527,3.6001654,17449.732
6528,3.59884,17453.332
6529,3.5981545,17456.93
6530,3.597897,17460.527
6531,3.5971577,17464.125
6532,3.596446,17467.72
6533,3.5962248,17471.316
6534,3.5965297,17474.912
6535,3.6004329,17478.512
6536,3.6151004,17482.127
6537,3.6272361,17485.754
6538,3.6435537,17489.396
6539,3.6498044,17493.047
6540,3.6498172,17496.697
6541,3.6490667,17500.346
6542,3.6505742,17503.996
6543,3.6530201,17507.648
6544,3.6585999,17511.307
6545,3.6609046,17514.967
6546,3.664166,17518.63
6547,3.66615,17522.297
6548,3.6686113,17525.965
6549,3.6714444,17529.637
6550,3.6752806,17533.312
6551,3.6771219,17536.99
6552,3.6780953,17540.668
6553,3.6790864,17544.348
6554,3.679809,17548.027
6555,3.6798048,17551.707
6556,3.6802373,17555.387
6557,3.6810515,17559.068
6558,3.6815367,17562.75
6559,3.6816232,17566.432
6560,3.6798866,17570.111
6561,3.6776183,17573.79
6562,3.6742752,17577.463
6563,3.6732519,17581.137
6564,3.6753347,17584.812
6565,3.6764245,17588.488
6566,3.6761732,17592.164
6567,3.6753228,17595.84
6568,3.6747084,17599.514
6569,3.6735492,17603.188
6570,3.6726358,17606.86
6571,3.6725366,17610.531
6572,3.6721792,17614.203
6573,3.672103,17617.875
6574,3.6717792,17621.547
6575,3.6717825,17625.219
6576,3.6730576,17628.893
6577,3.6738565,17632.566
6578,3.673233,17636.24
6579,3.6708815,17639.91
6580,3.666514,17643.576
6581,3.6627188,17647.238
6582,3.6593957,17650.898
6583,3.6595092,17654.559
6584,3.664464,17658.223
6585,3.6700597,17661.893
6586,3.6722012,17665.564
6587,3.672332,17669.236
6588,3.6721609,17672.908
6589,3.6735277,17676.582
6590,3.6760118,17680.258
6591,3.6780615,17683.936
6592,3.6787305,17687.615
6593,3.679409,17691.295
6594,3.6770272,17694.973
6595,3.6736288,17698.646
6596,3.6685584,17702.314
6597,3.665282,17705.98
6598,3.663319,17709.645
6599,3.6607666,17713.305
6600,3.656402,17716.96
6601,3.653651,17720.615
6602,3.652751,17724.268
6603,3.6511648,17727.918
6604,3.6442325,17731.562
6605,3.632973,17735.195
6606,3.619739,17738.814
6607,3.6085327,17742.424
6608,3.6033041,17746.027
6609,3.604418,17749.63
6610,3.6068285,17753.238
6611,3.6054492,17756.844
6612,3.6041088,17760.447
6613,3.6040356,17764.05
6614,3.6075838,17767.658
6615,3.615652,17771.273
6616,3.6254663,17774.898
6617,3.6319277,17778.531
6618,3.6355667,17782.166
6619,3.639359,17785.805
6620,3.6454198,17789.45
6621,3.6519945,17793.102
6622,3.6571658,17796.758
6623,3.6564946,17800.414
6624,3.6574392,17804.072
6625,3.662267,17807.734
6626,3.6685119,17811.402
6627,3.6738303,17815.076
6628,3.6747296,17818.75
6629,3.670764,17822.42
6630,3.661795,17826.082
6631,3.6514513,17829.734
6632,3.638636,17833.373
6633,3.6298175,17837.002
6634,3.6245468,17840.627
6635,3.6212258,17844.248
6636,3.6205053,17847.87
6637,3.625614,17851.494
6638,3.636174,17855.13
6639,3.6476574,17858.78
6640,3.6520474,17862.432
6641,3.6509814,17866.082
6642,3.6478093,17869.73
6643,3.645722,17873.377
6644,3.6432223,17877.02
6645,3.640087,17880.66
6646,3.6347716,17884.295
6647,3.6298454,17887.924
6648,3.6241033,17891.549
6649,3.6225417,17895.172
6650,3.6284704,17898.8
6651,3.6391342,17902.44
6652,3.6509352,17906.09
6653,3.659595,17909.75
6654,3.666698,17913.416
6655,3.6738765,17917.09
6656,3.6822798,17920.771
6657,3.688923,17924.46
6658,3.6951234,17928.156
6659,3.6981869,17931.854
6660,3.7007205,17935.555
6661,3.7027142,17939.258
6662,3.7046933,17942.963
6663,3.7060907,17946.67
6664,3.707329,17950.377
6665,3.708888,17954.086
6666,3.7109795,17957.797
6667,3.7128341,17961.51
6668,3.7152994,17965.225
6669,3.7190692,17968.943
6670,3.7241726,17972.668
6671,3.7293875,17976.396
6672,3.7322333,17980.129
6673,3.7331436,17983.861
6674,3.7330136,17987.594
6675,3.7323074,17991.326
6676,3.7313201,17995.057
6677,3.7304265,17998.787
6678,3.7297988,18002.518
6679,3.7301347,18006.248
6680,3.732808,18009.98
6681,3.7364454,18013.717
6682,3.7387826,18017.455
6683,3.7390916,18021.193
6684,3.7386022,18024.932
6685,3.7380974,18028.67
6686,3.737336,18032.408
6687,3.7362306,18036.145
6688,3.7353945,18039.88
6689,3.7342315,18043.615
6690,3.7337792,18047.35
6691,3.7342303,18051.084
6692,3.7357843,18054.82
6693,3.7373352,18058.559
6694,3.736779,18062.295
6695,3.7354312,18066.031
6696,3.7337494,18069.766
6697,3.7331645,18073.498
6698,3.73579,18077.234
6699,3.7379222,18080.973
6700,3.7394176,18084.713
6701,3.7392836,18088.453
6702,3.7355437,18092.19
6703,3.7305768,18095.92
6704,3.7267134,18099.646
6705,3.7254627,18103.371
6706,3.7269402,18107.098
6707,3.7280414,18110.826
6708,3.7287953,18114.555
6709,3.729108,18118.283
6710,3.7307265,18122.014
6711,3.7326794,18125.746
6712,3.735485,18129.482
6713,3.737094,18133.219
6714,3.7366376,18136.955
6715,3.7356555,18140.691
6716,3.7330248,18144.424
6717,3.7287154,18148.152
6718,3.7242868,18151.877
6719,3.7217453,18155.6
6720,3.7207954,18159.32
6721,3.7206671,18163.041
6722,3.7204452,18166.762
6723,3.7194972,18170.48
6724,3.7188034,18174.2
6725,3.7176363,18177.916
6726,3.7166119,18181.633
6727,3.7163274,18185.35
6728,3.7178056,18189.068
6729,3.718633,18192.787
6730,3.7192996,18196.506
6731,3.7191556,18200.225
6732,3.7197108,18203.943
6733,3.7193227,18207.662
6734,3.7180746,18211.38
6735,3.7167659,18215.098
6736,3.7160265,18218.814
6737,3.715049,18222.53
6738,3.7142947,18226.244
6739,3.7134955,18229.957
6740,3.711435,18233.668
6741,3.7092726,18237.377
6742,3.7078269,18241.084
6743,3.7073412,18244.791
6744,3.7082622,18248.5
6745,3.710294,18252.21
6746,3.7108607,18255.922
6747,3.709801,18259.63
6748,3.7088265,18263.34
6749,3.7088742,18267.049
6750,3.710842,18270.76
6751,3.7129571,18274.473
6752,3.7146566,18278.188
6753,3.7153594,18281.902
6754,3.7170718,18285.62
6755,3.7180963,18289.338
6756,3.7199347,18293.059
6757,3.7209995,18296.78
6758,3.720674,18300.5
6759,3.719801,18304.22
6760,3.7180712,18307.94
6761,3.7167442,18311.656
6762,3.7158585,18315.373
6763,3.7154307,18319.088
6764,3.7141945,18322.803
6765,3.7132516,18326.516
6766,3.7134078,18330.229
6767,3.7125466,18333.941
6768,3.7116783,18337.652
6769,3.7124398,18341.365
6770,3.7147982,18345.08
6771,3.7175722,18348.797
6772,3.7198052,18352.518
6773,3.721095,18356.238
6774,3.7221162,18359.96
6775,3.7235458,18363.684
6776,3.725621,18367.41
6777,3.7266252,18371.137
6778,3.7264862,18374.863
6779,3.726011,18378.59
6780,3.7272286,18382.316
6781,3.7281995,18386.045
6782,3.7287056,18389.773
6783,3.7289128,18393.502
6784,3.7278082,18397.23
6785,3.7254238,18400.955
6786,3.7234294,18404.678
6787,3.7223666,18408.4
6788,3.7203057,18412.121
6789,3.720004,18415.842
6790,3.7208734,18419.562
6791,3.721039,18423.283
6792,3.721224,18427.004
6793,3.7210424,18430.725
6794,3.7208488,18434.445
6795,3.7203817,18438.166
6796,3.7197616,18441.887
6797,3.7206078,18445.607
6798,3.7215853,18449.328
6799,3.7204835,18453.049
6800,3.7193696,18456.768
6801,3.718533,18460.486
6802,3.7171495,18464.203
6803,3.714225,18467.918
6804,3.7122555,18471.63
6805,3.7121086,18475.344
6806,3.7147295,18479.059
6807,3.7158737,18482.775
6808,3.7143414,18486.49
6809,3.7128115,18490.203
6810,3.7107668,18493.914
6811,3.7096329,18497.623
6812,3.709445,18501.332
6813,3.7104056,18505.043
6814,3.7128994,18508.756
6815,3.7141857,18512.47
6816,3.7146862,18516.186
6817,3.714591,18519.9
6818,3.7142313,18523.615
6819,3.7130687,18527.328
6820,3.7117026,18531.04
6821,3.71089,18534.75
6822,3.7112713,18538.46
6823,3.7123504,18542.174
6824,3.712639,18545.887
6825,3.712287,18549.6
6826,3.7114646,18553.31
6827,3.710345,18557.021
6828,3.7101324,18560.732
6829,3.711399,18564.443
6830,3.7132092,18568.156
6831,3.7138464,18571.87
6832,3.7146661,18575.584
6833,3.7144072,18579.299
6834,3.7133749,18583.012
6835,3.7114034,18586.723
6836,3.7077794,18590.43
6837,3.705219,18594.135
6838,3.7039993,18597.838
6839,3.7046204,18601.543
6840,3.7069888,18605.25
6841,3.7082655,18608.959
6842,3.7096276,18612.668
6843,3.710816,18616.379
6844,3.7130153,18620.092
6845,3.71376,18623.805
6846,3.7120628,18627.518
6847,3.7103686,18631.229
6848,3.707194,18634.936
6849,3.704686,18638.64
6850,3.7010381,18642.342
6851,3.6984432,18646.041
6852,3.6967733,18649.738
6853,3.6968472,18653.436
6854,3.698265,18657.135
6855,3.698875,18660.834
6856,3.6992574,18664.533
6857,3.6995153,18668.232
6858,3.70066,18671.934
6859,3.7022693,18675.637
6860,3.7056725,18679.342
6861,3.7076724,18683.049
6862,3.7081914,18686.758
6863,3.7077425,18690.465
6864,3.706846,18694.172
6865,3.7072186,18697.879
6866,3.7091238,18701.588
6867,3.7112796,18705.299
6868,3.71373,18709.012
6869,3.7147377,18712.727
6870,3.7152789,18716.441
6871,3.714587,18720.156
6872,3.7130144,18723.87
6873,3.7121377,18727.582
6874,3.7125647,18731.295
6875,3.7119205,18735.008
6876,3.711765,18738.719
6877,3.7120678,18742.432
6878,3.7116666,18746.143
6879,3.7110944,18749.854
6880,3.7109716,18753.564
6881,3.7098095,18757.273
6882,3.7098064,18760.982
6883,3.7105858,18764.693
6884,3.7117996,18768.404
6885,3.7119167,18772.117
6886,3.710464,18775.828
6887,3.7088645,18779.537
6888,3.7080855,18783.246
6889,3.7088132,18786.955
6890,3.710785,18790.666
6891,3.7122383,18794.379
6892,3.7109447,18798.09
6893,3.7073352,18801.797
6894,3.703385,18805.5
6895,3.7003407,18809.201
6896,3.6969757,18812.898
6897,3.6964931,18816.596
6898,3.6992538,18820.295
6899,3.7025135,18823.998
6900,3.704677,18827.703
6901,3.705628,18831.408
6902,3.7057464,18835.113
6903,3.7044823,18838.818
6904,3.7033813,18842.521
6905,3.7030559,18846.225
6906,3.7042513,18849.93
6907,3.7060966,18853.637
6908,3.708975,18857.346
6909,3.7106771,18861.057
6910,3.7105443,18864.768
6911,3.7099833,18868.479
6912,3.7110217,18872.19
6913,3.713512,18875.902
6914,3.7156854,18879.617
6915,3.715582,18883.332
6916,3.7132015,18887.045
6917,3.7104125,18890.756
6918,3.7048852,18894.46
6919,3.7009943,18898.162
6920,3.6983519,18901.861
6921,3.6971872,18905.559
6922,3.6974058,18909.256
6923,3.6978614,18912.953
6924,3.698439,18916.652
6925,3.6986392,18920.352
6926,3.6992648,18924.05
6927,3.6999395,18927.75
6928,3.7001774,18931.45
6929,3.6998172,18935.148
6930,3.6999483,18938.848
6931,3.699882,18942.547
6932,3.7013803,18946.248
6933,3.7036743,18949.951
6934,3.7070003,18953.658
6935,3.7086515,18957.367
6936,3.7090688,18961.076
6937,3.7086346,18964.785
6938,3.7090838,18968.494
6939,3.7097356,18972.203
6940,3.7090185,18975.912
6941,3.7074428,18979.62
6942,3.7055657,18983.324
6943,3.7049549,18987.03
6944,3.7042239,18990.734
6945,3.7031546,18994.438
6946,3.701154,18998.139
6947,3.6997283,19001.838
6948,3.6995623,19005.537
6949,3.7000902,19009.236
6950,3.7009418,19012.938
6951,3.7007918,19016.639
6952,3.697907,19020.336
6953,3.6953943,19024.031
6954,3.694091,19027.725
6955,3.693764,19031.418
6956,3.6938934,19035.111
6957,3.6934302,19038.805
6958,3.6918402,19042.496
6959,3.6903217,19046.186
6960,3.6897557,19049.875
6961,3.6908083,19053.566
6962,3.6928487,19057.26
6963,3.6942294,19060.953
6964,3.69362,19064.646
6965,3.692015,19068.338
6966,3.6905248,19072.03
6967,3.6900048,19075.719
6968,3.6896489,19079.408
6969,3.6889005,19083.098
6970,3.6893501,19086.787
6971,3.6900334,19090.477
6972,3.689384,19094.166
6973,3.6892154,19097.855
6974,3.6909409,19101.547
6975,3.6925998,19105.24
6976,3.6938417,19108.934
6977,3.6946032,19112.629
6978,3.6934288,19116.322
6979,3.692781,19120.016
6980,3.692131,19123.707
6981,3.6922991,19127.398
6982,3.693555,19131.092
6983,3.695034,19134.787
6984,3.6970742,19138.484
6985,3.6984441,19142.184
6986,3.6997683,19145.883
6987,3.700682,19149.584
6988,3.7008798,19153.285
6989,3.7020347,19156.986
6990,3.704676,19160.691
6991,3.7074578,19164.398
6992,3.7098455,19168.107
6993,3.7109592,19171.818
6994,3.7115028,19175.53
6995,3.7107663,19179.24
6996,3.71105,19182.951
6997,3.7119424,19186.664
6998,3.7127938,19190.377
6999,3.7123973,19194.09
7000,3.7100203,19197.8
7001,3.7086546,19201.51
7002,3.7078304,19205.217
7003,3.706892,19208.924
7004,3.7060027,19212.629
7005,3.7071502,19216.336
7006,3.7084568,19220.045
7007,3.7084289,19223.754
7008,3.7079027,19227.46
7009,3.7081807,19231.17
7010,3.7073627,19234.877
7011,3.706309,19238.584
7012,3.7058656,19242.29
7013,3.7050972,19245.994
7014,3.7037802,19249.697
7015,3.703706,19253.4
7016,3.7059772,19257.105
7017,3.706976,19260.812
7018,3.7061453,19264.52
7019,3.7040548,19268.223
7020,3.7015877,19271.924
7021,3.6995573,19275.623
7022,3.6976006,19279.32
7023,3.695997,19283.016
7024,3.693475,19286.709
7025,3.6911867,19290.4
7026,3.689738,19294.09
7027,3.6897302,19297.78
7028,3.6892881,19301.469
7029,3.6892443,19305.158
7030,3.6901162,19308.848
7031,3.6925833,19312.541
7032,3.6962907,19316.238
7033,3.6982892,19319.938
7034,3.699023,19323.637
7035,3.6985404,19327.336
7036,3.6969028,19331.033
7037,3.6949856,19334.729
7038,3.6918774,19338.42
7039,3.6909325,19342.111
7040,3.6913664,19345.803
7041,3.6923366,19349.494
7042,3.6926427,19353.188
7043,3.6926413,19356.88
7044,3.6935627,19360.574
7045,3.6940615,19364.268
7046,3.695462,19367.963
7047,3.6965442,19371.66
7048,3.69856,19375.36
7049,3.699094,19379.059
7050,3.6989386,19382.758
7051,3.6989965,19386.457
7052,3.6988347,19390.156
7053,3.698867,19393.855
7054,3.6994023,19397.555
7055,3.6999083,19401.254
7056,3.699621,19404.953
7057,3.6993256,19408.652
7058,3.6983767,19412.352
7059,3.6982176,19416.049
7060,3.697907,19419.746
7061,3.6959474,19423.441
7062,3.6930766,19427.135
7063,3.6915112,19430.826
7064,3.6898048,19434.516
7065,3.6896706,19438.205
7066,3.6921103,19441.896
7067,3.6938138,19445.59
7068,3.6942265,19449.283
7069,3.6943805,19452.979
7070,3.6942697,19456.672
7071,3.693269,19460.365
7072,3.692111,19464.057
7073,3.6919482,19467.748
7074,3.693131,19471.441
7075,3.6942534,19475.135
7076,3.693797,19478.828
7077,3.6931949,19482.521
7078,3.6938918,19486.215
7079,3.6954036,19489.91
7080,3.697753,19493.607
7081,3.6997828,19497.307
7082,3.7023637,19501.01
7083,3.7030287,19504.713
7084,3.702298,19508.416
7085,3.7018602,19512.117
7086,3.7014983,19515.818
7087,3.702901,19519.521
7088,3.7051919,19523.227
7089,3.7061098,19526.934
7090,3.7049234,19530.639
7091,3.703966,19534.342
7092,3.7042434,19538.047
7093,3.7056396,19541.752
7094,3.7076406,19545.459
7095,3.7091002,19549.168
7096,3.7097838,19552.877
7097,3.70975,19556.586
7098,3.70933,19560.295
7099,3.7081213,19564.004
7100,3.7061741,19567.71
7101,3.7047424,19571.416
7102,3.7041116,19575.121
7103,3.703919,19578.824
7104,3.7030978,19582.527
7105,3.7018588,19586.229
7106,3.6991775,19589.928
7107,3.697127,19593.625
7108,3.6961992,19597.32
7109,3.6965694,19601.018
7110,3.6965637,19604.715
7111,3.6968782,19608.412
7112,3.697099,19612.11
7113,3.6970315,19615.807
7114,3.6990883,19619.506
7115,3.7003186,19623.207
7116,3.701727,19626.908
7117,3.7003522,19630.61
7118,3.6971571,19634.307
7119,3.6937444,19638.0
7120,3.6898472,19641.69
7121,3.6881478,19645.377
7122,3.6876013,19649.064
7123,3.686834,19652.752
7124,3.6857796,19656.438
7125,3.685658,19660.123
7126,3.6869988,19663.81
7127,3.6867483,19667.498
7128,3.6845546,19671.182
7129,3.6849544,19674.867
7130,3.6874313,19678.555
7131,3.6899266,19682.244
7132,3.6924472,19685.938
7133,3.692614,19689.63
7134,3.6914608,19693.322
7135,3.6902592,19697.012
7136,3.6905708,19700.703
7137,3.6922863,19704.395
7138,3.694976,19708.09
7139,3.6975725,19711.787
7140,3.6993666,19715.486
7141,3.7003655,19719.188
7142,3.7008162,19722.889
7143,3.7006404,19726.59
7144,3.700724,19730.291
7145,3.701287,19733.992
7146,3.7014785,19737.693
7147,3.7008133,19741.395
7148,3.6988616,19745.094
7149,3.6974926,19748.791
7150,3.6973803,19752.488
7151,3.6976318,19756.186
7152,3.6982567,19759.885
7153,3.6991036,19763.584
7154,3.70027,19767.285
7155,3.701522,19770.986
7156,3.7024884,19774.69
7157,3.7032263,19778.393
7158,3.7042828,19782.098
7159,3.7066379,19785.805
7160,3.7092733,19789.514
7161,3.7125974,19793.227
7162,3.7152145,19796.941
7163,3.71686,19800.658
7164,3.7182252,19804.377
7165,3.718441,19808.096
7166,3.7193887,19811.814
7167,3.7177112,19815.531
7168,3.7137418,19819.244
7169,3.70983,19822.953
7170,3.7074537,19826.66
7171,3.7070606,19830.367
7172,3.707179,19834.074
7173,3.7064579,19837.781
7174,3.7062206,19841.488
7175,3.7062664,19845.195
7176,3.706563,19848.902
7177,3.7064562,19852.61
7178,3.7052462,19856.314
7179,3.7047188,19860.02
7180,3.70418,19863.725
7181,3.703422,19867.428
7182,3.703719,19871.13
7183,3.703518,19874.834
7184,3.7034483,19878.537
7185,3.7034237,19882.24
7186,3.7042317,19885.945
7187,3.7061415,19889.652
7188,3.7081704,19893.361
7189,3.707915,19897.068
7190,3.7068546,19900.775
7191,3.7064736,19904.482
7192,3.7071688,19908.19
7193,3.708658,19911.898
7194,3.7106733,19915.61
7195,3.7120278,19919.322
7196,3.71461,19923.037
7197,3.716103,19926.754
7198,3.7163336,19930.47
7199,3.7154229,19934.186
7200,3.7131827,19937.898
7201,3.7124166,19941.611
7202,3.7131772,19945.324
7203,3.713705,19949.037
7204,3.7113442,19952.748
7205,3.7091188,19956.457
7206,3.7084863,19960.166
7207,3.7095048,19963.875
7208,3.7096868,19967.584
7209,3.709317,19971.293
7210,3.7084477,19975.002
7211,3.709549,19978.71
7212,3.711011,19982.422
7213,3.7117522,19986.133
7214,3.7102284,19989.844
7215,3.7086482,19993.553
7216,3.7065523,19997.26
7217,3.705287,20000.965
7218,3.7053134,20004.67
7219,3.7053218,20008.375
7220,3.7047174,20012.08
7221,3.703923,20015.783
7222,3.7026925,20019.486
7223,3.7023177,20023.19
7224,3.7041607,20026.895
7225,3.7055733,20030.6
7226,3.7058003,20034.305
7227,3.7050207,20038.01
7228,3.7029614,20041.713
7229,3.7006044,20045.414
7230,3.697992,20049.111
7231,3.6964865,20052.809
7232,3.6962967,20056.506
7233,3.6956418,20060.201
7234,3.6944587,20063.896
7235,3.6930056,20067.59
7236,3.689323,20071.28
7237,3.685823,20074.965
7238,3.6836543,20078.648
7239,3.6827242,20082.332
7240,3.6827178,20086.016
7241,3.6835482,20089.7
7242,3.685075,20093.385
7243,3.6863098,20097.07
7244,3.687853,20100.758
7245,3.6890545,20104.447
7246,3.6891253,20108.137
7247,3.6892953,20111.826
7248,3.6906579,20115.518
7249,3.6931896,20119.21
7250,3.697264,20122.908
7251,3.7002404,20126.61
7252,3.7026477,20130.312
7253,3.7043905,20134.018
7254,3.705737,20137.723
7255,3.70752,20141.43
7256,3.7094493,20145.139
7257,3.7122262,20148.852
7258,3.7175412,20152.568
7259,3.721022,20156.29
7260,3.722555,20160.012
7261,3.7223184,20163.734
7262,3.7205985,20167.455
7263,3.7200186,20171.176
7264,3.7211406,20174.896
7265,3.7235873,20178.62
7266,3.7262883,20182.346
7267,3.7259688,20186.072
7268,3.722958,20189.795
7269,3.7199936,20193.516
7270,3.7169642,20197.232
7271,3.7158394,20200.95
7272,3.7156384,20204.664
7273,3.715634,20208.379
7274,3.7155187,20212.094
7275,3.714724,20215.809
7276,3.713545,20219.521
7277,3.7127643,20223.234
7278,3.7128997,20226.947
7279,3.7130508,20230.66
7280,3.712573,20234.373
7281,3.7116263,20238.084
7282,3.711113,20241.795
7283,3.7101102,20245.506
7284,3.7077675,20249.213
7285,3.7061892,20252.92
7286,3.7049224,20256.625
7287,3.7039642,20260.328
7288,3.7033477,20264.031
7289,3.7032096,20267.734
7290,3.7054029,20271.44
7291,3.7072918,20275.146
7292,3.7089298,20278.855
7293,3.7103906,20282.566
7294,3.7145271,20286.281
7295,3.7158089,20289.996
7296,3.7154667,20293.71
7297,3.7144291,20297.426
7298,3.7135828,20301.139
7299,3.7125044,20304.852
7300,3.7101905,20308.562
7301,3.707544,20312.27
7302,3.7065127,20315.977
7303,3.7069366,20319.684
7304,3.7066545,20323.39
7305,3.70619,20327.098
7306,3.7053876,20330.803
7307,3.7039914,20334.506
7308,3.7008278,20338.207
7309,3.6988525,20341.906
7310,3.6986175,20345.605
7311,3.6994143,20349.305
7312,3.7012756,20353.006
7313,3.7036405,20356.709
7314,3.7062035,20360.416
7315,3.707949,20364.123
7316,3.7091238,20367.832
7317,3.7097843,20371.541
7318,3.7103243,20375.252
7319,3.7106407,20378.963
7320,3.710212,20382.674
7321,3.7097185,20386.383
7322,3.7096565,20390.092
7323,3.710133,20393.803
7324,3.710656,20397.514
7325,3.7113543,20401.225
7326,3.7115276,20404.936
7327,3.7113378,20408.646
7328,3.7111156,20412.357
7329,3.711377,20416.068
7330,3.7115996,20419.78
7331,3.7106395,20423.49
7332,3.7088594,20427.2
7333,3.7078335,20430.906
7334,3.7075932,20434.613
7335,3.7079074,20438.32
7336,3.707675,20442.027
7337,3.7070863,20445.734
7338,3.7085614,20449.443
7339,3.7106955,20453.154
7340,3.7129803,20456.867
7341,3.712798,20460.58
7342,3.7093036,20464.29
7343,3.7048995,20467.994
7344,3.7019732,20471.695
7345,3.7012036,20475.396
7346,3.7013621,20479.098
7347,3.7009044,20482.799
7348,3.7011664,20486.5
7349,3.7013245,20490.201
7350,3.701841,20493.902
7351,3.7027109,20497.605
7352,3.7045596,20501.31
7353,3.7053387,20505.016
7354,3.7050683,20508.72
7355,3.7037704,20512.424
7356,3.7017324,20516.125
7357,3.7012146,20519.826
7358,3.7022338,20523.53
7359,3.703583,20527.232
7360,3.7049572,20530.938
7361,3.7048714,20534.643
7362,3.7042096,20538.348
7363,3.7047772,20542.053
7364,3.7054603,20545.758
7365,3.7051816,20549.463
7366,3.7034848,20553.166
7367,3.701934,20556.867
7368,3.7004879,20560.568
7369,3.7000782,20564.268
7370,3.7001193,20567.967
7371,3.7000694,20571.666
7372,3.7008183,20575.367
7373,3.7019904,20579.068
7374,3.7018883,20582.77
7375,3.700895,20586.47
7376,3.6991305,20590.17
7377,3.6970952,20593.867
7378,3.694188,20597.56
7379,3.6930623,20601.254
7380,3.6952717,20604.95
7381,3.6976306,20608.646
7382,3.6985793,20612.346
7383,3.6998863,20616.045
7384,3.7003655,20619.746
7385,3.7009642,20623.447
7386,3.7022178,20627.15
7387,3.7030318,20630.854
7388,3.7046301,20634.559
7389,3.706138,20638.266
7390,3.7081454,20641.975
7391,3.7097542,20645.684
7392,3.7105742,20649.395
7393,3.7120345,20653.107
7394,3.7140474,20656.822
7395,3.7156084,20660.537
7396,3.7161736,20664.254
7397,3.715502,20667.969
7398,3.7142231,20671.684
7399,3.7115653,20675.395
7400,3.7108834,20679.105
7401,3.7114031,20682.816
7402,3.7116113,20686.527
7403,3.7111385,20690.238
7404,3.7094717,20693.947
7405,3.7069638,20697.654
7406,3.7052646,20701.36
7407,3.704585,20705.064
7408,3.7038155,20708.768
7409,3.7021985,20712.47
7410,3.7012956,20716.172
7411,3.7003632,20719.873
7412,3.6992862,20723.572
7413,3.6992745,20727.271
7414,3.6983817,20730.97
7415,3.6987114,20734.67
7416,3.6996078,20738.37
7417,3.7006226,20742.07
7418,3.7007544,20745.771
7419,3.7005584,20749.473
7420,3.6996365,20753.172
7421,3.6986585,20756.871
7422,3.6983755,20760.57
7423,3.6995726,20764.27
7424,3.7011318,20767.97
7425,3.7016966,20771.672
7426,3.7020564,20775.373
7427,3.7016325,20779.074
7428,3.7005923,20782.775
7429,3.6994512,20786.475
7430,3.6994872,20790.174
7431,3.6995373,20793.873
7432,3.700743,20797.574
7433,3.702699,20801.277
7434,3.705281,20804.982
7435,3.7069926,20808.69
7436,3.7102826,20812.4
7437,3.7128096,20816.113
7438,3.7140853,20819.828
7439,3.712878,20823.541
7440,3.7098827,20827.25
7441,3.7083774,20830.959
7442,3.708662,20834.668
7443,3.7089434,20838.377
7444,3.7086773,20842.086
7445,3.708868,20845.795
7446,3.7070456,20849.502
7447,3.705531,20853.207
7448,3.7051103,20856.912
7449,3.7047622,20860.617
7450,3.7026966,20864.32
7451,3.700927,20868.021
7452,3.7006629,20871.723
7453,3.701744,20875.424
7454,3.7037113,20879.127
7455,3.7053685,20882.832
7456,3.7068799,20886.54
7457,3.7082112,20890.248
7458,3.7101824,20893.959
7459,3.710208,20897.67
7460,3.7083058,20901.379
7461,3.7058294,20905.084
7462,3.702578,20908.787
7463,3.6999986,20912.486
7464,3.697971,20916.184
7465,3.6972637,20919.88
7466,3.6967702,20923.578
7467,3.6963615,20927.275
7468,3.6957412,20930.97
7469,3.6947174,20934.666
7470,3.694617,20938.361
7471,3.6951582,20942.057
7472,3.6950293,20945.752
7473,3.69557,20949.447
7474,3.6974835,20953.145
7475,3.698648,20956.844
7476,3.6993215,20960.543
7477,3.7001183,20964.242
7478,3.7027774,20967.945
7479,3.7041163,20971.65
7480,3.7051528,20975.355
7481,3.7059877,20979.06
7482,3.705304,20982.766
7483,3.7037039,20986.469
7484,3.7027776,20990.172
7485,3.7031155,20993.875
7486,3.7060592,20997.582
7487,3.7072575,21001.29
7488,3.7066443,21004.996
7489,3.706325,21008.703
7490,3.7066586,21012.41
7491,3.7063768,21016.117
7492,3.7065542,21019.824
7493,3.706939,21023.531
7494,3.7052982,21027.236
7495,3.7051616,21030.941
7496,3.7075188,21034.648
7497,3.710747,21038.36
7498,3.714416,21042.074
7499,3.7159653,21045.791
7500,3.714814,21049.506
7501,3.713775,21053.219
7502,3.7112093,21056.93
7503,3.7088876,21060.639
7504,3.7082622,21064.348
7505,3.7082665,21068.057
7506,3.708143,21071.766
7507,3.7077632,21075.473
7508,3.7062824,21079.18
7509,3.7046602,21082.885
7510,3.7044146,21086.59
7511,3.703955,21090.293
7512,3.703364,21093.996
7513,3.70324,21097.7
7514,3.7043233,21101.404
7515,3.705325,21105.11
7516,3.7047424,21108.814
7517,3.7028005,21112.518
7518,3.699696,21116.217
7519,3.698333,21119.916
7520,3.6984754,21123.615
7521,3.6994667,21127.314
7522,3.7001011,21131.014
7523,3.7003217,21134.715
7524,3.7010658,21138.416
7525,3.7008789,21142.117
7526,3.7004428,21145.818
7527,3.6988354,21149.518
7528,3.695615,21153.213
7529,3.6929443,21156.906
7530,3.6906176,21160.598
7531,3.6889944,21164.287
7532,3.688526,21167.977
7533,3.6894438,21171.666
7534,3.690529,21175.357
7535,3.6905053,21179.049
7536,3.6899588,21182.738
7537,3.690032,21186.428
7538,3.6913545,21190.12
7539,3.6926718,21193.812
7540,3.6952558,21197.508
7541,3.6974034,21201.205
7542,3.6987758,21204.904
7543,3.6986,21208.604
7544,3.697026,21212.3
7545,3.6955657,21215.996
7546,3.6954105,21219.691
7547,3.6966543,21223.389
7548,3.6994271,21227.088
7549,3.7018557,21230.79
7550,3.704779,21234.494
7551,3.7065399,21238.201
7552,3.7070274,21241.908
7553,3.7071235,21245.615
7554,3.7070825,21249.322
7555,3.7064528,21253.03
7556,3.7053654,21256.734
7557,3.7048175,21260.44
7558,3.7035296,21264.143
7559,3.7030118,21267.846
7560,3.7046864,21271.55
7561,3.7068298,21275.258
7562,3.7086456,21278.967
7563,3.709038,21282.676
7564,3.7066562,21286.383
7565,3.7039907,21290.086
7566,3.7032118,21293.79
7567,3.7043664,21297.494
7568,3.7046206,21301.2
7569,3.704046,21304.902
7570,3.7022238,21308.605
7571,3.6999235,21312.305
7572,3.698439,21316.004
7573,3.6982048,21319.701
7574,3.6980026,21323.398
7575,3.6990058,21327.098
7576,3.6997812,21330.797
7577,3.700021,21334.496
7578,3.6995654,21338.195
7579,3.697845,21341.893
7580,3.69453,21345.588
7581,3.6929314,21349.281
7582,3.6935396,21352.975
7583,3.6942897,21356.668
7584,3.6950738,21360.363
7585,3.694943,21364.059
7586,3.6940994,21367.752
7587,3.6939256,21371.445
7588,3.6941724,21375.139
7589,3.6945806,21378.834
7590,3.6942232,21382.527
7591,3.6931057,21386.22
7592,3.693117,21389.914
7593,3.6942391,21393.607
7594,3.6963942,21397.305
7595,3.6983428,21401.004
7596,3.6996138,21404.703
7597,3.7001789,21408.402
7598,3.7010362,21412.104
7599,3.6999211,21415.803
7600,3.6974716,21419.5
7601,3.6968899,21423.197
7602,3.6988013,21426.896
7603,3.6998024,21430.596
7604,3.700656,21434.297
7605,3.701577,21437.998
7606,3.7022657,21441.701
7607,3.7031276,21445.404
7608,3.702095,21449.105
7609,3.7001846,21452.805
7610,3.6984758,21456.504
7611,3.697686,21460.201
7612,3.6967125,21463.898
7613,3.6973674,21467.596
7614,3.699389,21471.295
7615,3.7006192,21474.996
7616,3.7010665,21478.697
7617,3.7021565,21482.4
7618,3.7032268,21486.104
7619,3.7025306,21489.807
7620,3.701844,21493.508
7621,3.7009647,21497.209
7622,3.6992497,21500.908
7623,3.697748,21504.605
7624,3.695305,21508.3
7625,3.6929605,21511.994
7626,3.691447,21515.686
7627,3.6917522,21519.377
7628,3.6945715,21523.072
7629,3.6979675,21526.77
7630,3.7028158,21530.473
7631,3.7055557,21534.178
7632,3.707353,21537.885
7633,3.7065008,21541.592
7634,3.7059884,21545.297
7635,3.705769,21549.002
7636,3.7050066,21552.707
7637,3.7050414,21556.412
7638,3.7052352,21560.117
7639,3.7057033,21563.822
7640,3.707158,21567.53
7641,3.7075076,21571.236
7642,3.7068515,21574.943
7643,3.7064135,21578.65
7644,3.707026,21582.357
7645,3.7071555,21586.064
7646,3.7054296,21589.77
7647,3.7034514,21593.473
7648,3.7004082,21597.174
7649,3.6981618,21600.871
7650,3.6966329,21604.568
7651,3.6947966,21608.264
7652,3.6940646,21611.957
7653,3.6934175,21615.65
7654,3.6934578,21619.344
7655,3.6947305,21623.04
7656,3.696828,21626.736
7657,3.6979823,21630.434
7658,3.6994307,21634.133
7659,3.700294,21637.834
7660,3.7004051,21641.535
7661,3.7004173,21645.236
7662,3.7002664,21648.938
7663,3.701642,21652.639
7664,3.7042465,21656.344
7665,3.7052004,21660.049
7666,3.7045648,21663.754
7667,3.7028177,21667.457
7668,3.7008467,21671.158
7669,3.7005587,21674.86
7670,3.7016976,21678.56
7671,3.7034705,21682.264
7672,3.7053828,21685.969
7673,3.7079992,21689.676
7674,3.7111108,21693.387
7675,3.7118564,21697.098
7676,3.710434,21700.809
7677,3.7092466,21704.518
7678,3.7083414,21708.227
7679,3.709343,21711.936
7680,3.7115538,21715.646
7681,3.7114515,21719.357
7682,3.7104394,21723.068
7683,3.7097268,21726.777
7684,3.711039,21730.488
7685,3.712724,21734.201
7686,3.713665,21737.914
7687,3.7131338,21741.627
7688,3.7131612,21745.34
7689,3.712193,21749.053
7690,3.710926,21752.764
7691,3.7102978,21756.475
7692,3.709531,21760.184
7693,3.7087798,21763.893
7694,3.7081316,21767.602
7695,3.7077234,21771.309
7696,3.7061355,21775.016
7697,3.7040648,21778.719
7698,3.7023506,21782.422
7699,3.701279,21786.123
7700,3.7006285,21789.824
7701,3.700454,21793.525
7702,3.7010927,21797.227
7703,3.7022858,21800.93
7704,3.7028232,21804.633
7705,3.7034214,21808.336
7706,3.7050905,21812.041
7707,3.7058449,21815.746
7708,3.706238,21819.453
7709,3.7072406,21823.16
7710,3.7087834,21826.87
7711,3.7107832,21830.58
7712,3.71095,21834.291
7713,3.7101605,21838.002
7714,3.707817,21841.709
7715,3.7056074,21845.414
7716,3.7039657,21849.117
7717,3.7034178,21852.82
7718,3.7039,21856.523
7719,3.704533,21860.229
7720,3.7047584,21863.934
7721,3.7035449,21867.637
7722,3.7008395,21871.338
7723,3.6984355,21875.037
7724,3.6966734,21878.734
7725,3.6957207,21882.43
7726,3.6947296,21886.125
7727,3.6950946,21889.82
7728,3.6968067,21893.518
7729,3.698854,21897.217
7730,3.7023864,21900.92
7731,3.7052696,21904.625
7732,3.7078803,21908.332
7733,3.7078524,21912.04
7734,3.7048845,21915.744
7735,3.7024422,21919.447
7736,3.7007997,21923.148
7737,3.70027,21926.85
7738,3.700832,21930.55
7739,3.7018242,21934.252
7740,3.70214,21937.953
7741,3.7011828,21941.654
7742,3.6998334,21945.354
7743,3.6992917,21949.053
7744,3.69802,21952.75
7745,3.6968286,21956.447
7746,3.696333,21960.145
7747,3.6962,21963.84
7748,3.6956377,21967.535
7749,3.6959383,21971.23
7750,3.698609,21974.93
7751,3.7025557,21978.633
7752,3.7050984,21982.338
7753,3.7051756,21986.043
7754,3.7047713,21989.748
7755,3.704973,21993.453
7756,3.7047966,21997.158
7757,3.7035427,22000.861
7758,3.7000964,22004.56
7759,3.6981914,22008.258
7760,3.6968353,22011.955
7761,3.695802,22015.65
7762,3.6943307,22019.344
7763,3.693673,22023.037
7764,3.693033,22026.73
7765,3.6921499,22030.422
7766,3.6920602,22034.113
7767,3.6933076,22037.807
7768,3.6952825,22041.502
7769,3.6957066,22045.197
7770,3.6961095,22048.893
7771,3.6982718,22052.592
7772,3.7021642,22056.295
7773,3.7053642,22060.0
7774,3.7067115,22063.707
7775,3.7062156,22067.414
7776,3.705292,22071.12
7777,3.706333,22074.826
7778,3.7086935,22078.535
7779,3.71023,22082.246
7780,3.7111986,22085.957
7781,3.7104363,22089.668
7782,3.7107124,22093.379
7783,3.7113595,22097.09
7784,3.7096133,22100.799
7785,3.7070892,22104.506
7786,3.7039196,22108.209
7787,3.7016819,22111.91
7788,3.7011833,22115.611
7789,3.7025168,22119.314
7790,3.7061186,22123.021
7791,3.7080333,22126.73
7792,3.7098787,22130.44
7793,3.7110534,22134.15
7794,3.7125714,22137.863
7795,3.7135274,22141.576
7796,3.7133873,22145.29
7797,3.7140057,22149.004
7798,3.7155082,22152.719
7799,3.7156322,22156.434
7800,3.715051,22160.148
7801,3.714689,22163.863
7802,3.71465,22167.578
7803,3.7146585,22171.293
7804,3.7144036,22175.008
7805,3.713732,22178.72
7806,3.7139387,22182.436
7807,3.7136602,22186.148
7808,3.7121603,22189.861
7809,3.7094293,22193.57
7810,3.7066123,22197.277
7811,3.7049034,22200.982
7812,3.7047951,22204.688
7813,3.7036002,22208.39
7814,3.7024367,22212.094
7815,3.7024553,22215.797
7816,3.7052572,22219.502
7817,3.7064166,22223.209
7818,3.705943,22226.914
7819,3.7048318,22230.62
7820,3.705847,22234.324
7821,3.7069113,22238.031
7822,3.707667,22241.738
7823,3.7082908,22245.447
7824,3.7084405,22249.156
7825,3.7101433,22252.867
7826,3.7122784,22256.58
7827,3.7128417,22260.293
7828,3.7134056,22264.006
7829,3.715081,22267.72
7830,3.7163522,22271.438
7831,3.7169344,22275.154
7832,3.7156672,22278.87
7833,3.7136502,22282.582
7834,3.712064,22286.295
7835,3.712626,22290.008
7836,3.714079,22293.723
7837,3.7135403,22297.436
7838,3.7109354,22301.146
7839,3.7081969,22304.855
7840,3.70581,22308.56
7841,3.7040582,22312.264
7842,3.702966,22315.967
7843,3.7023845,22319.67
7844,3.7016823,22323.371
7845,3.7017293,22327.072
7846,3.7011077,22330.773
7847,3.700152,22334.473
7848,3.7005088,22338.174
7849,3.7032173,22341.877
7850,3.7081723,22345.586
7851,3.7124705,22349.299
7852,3.7158186,22353.014
7853,3.717243,22356.73
7854,3.7167861,22360.447
7855,3.7158532,22364.164
7856,3.7154381,22367.879
7857,3.717078,22371.596
7858,3.719257,22375.314
7859,3.7195532,22379.033
7860,3.7175877,22382.75
7861,3.7156124,22386.465
7862,3.7133777,22390.178
7863,3.7120886,22393.89
7864,3.7119017,22397.602
7865,3.7123668,22401.314
7866,3.7130194,22405.027
7867,3.7119253,22408.74
7868,3.7096689,22412.45
7869,3.7085683,22416.158
7870,3.7084596,22419.867
7871,3.7065353,22423.574
7872,3.7032244,22427.277
7873,3.7013774,22430.979
7874,3.7025774,22434.682
7875,3.7034078,22438.385
7876,3.703247,22442.088
7877,3.701413,22445.79
7878,3.6989236,22449.488
7879,3.697322,22453.186
7880,3.6954522,22456.88
7881,3.6943367,22460.576
7882,3.692482,22464.27
7883,3.6898022,22467.959
7884,3.686123,22471.645
7885,3.683098,22475.328
7886,3.680843,22479.01
7887,3.6798546,22482.69
7888,3.6800718,22486.37
7889,3.6818779,22490.05
7890,3.6845534,22493.734
7891,3.685649,22497.42
7892,3.686076,22501.105
7893,3.6861305,22504.791
7894,3.6855364,22508.477
7895,3.6848016,22512.162
7896,3.6845105,22515.846
7897,3.6857262,22519.531
7898,3.6874123,22523.219
7899,3.6894233,22526.908
7900,3.6933706,22530.602
7901,3.6976595,22534.299
7902,3.70322,22538.002
7903,3.7058563,22541.707
7904,3.7072706,22545.414
7905,3.709183,22549.123
7906,3.7122173,22552.836
7907,3.7151883,22556.55
7908,3.716811,22560.268
7909,3.7187243,22563.986
7910,3.7191787,22567.705
7911,3.7196019,22571.424
7912,3.7198186,22575.145
7913,3.7201462,22578.865
7914,3.7193148,22582.584
7915,3.7174072,22586.3
7916,3.7142959,22590.016
7917,3.7126327,22593.729
7918,3.7131102,22597.441
7919,3.71363,22601.154
7920,3.713576,22604.867
7921,3.7135208,22608.58
7922,3.7129128,22612.293
7923,3.7120266,22616.006
7924,3.7108421,22619.717
7925,3.7090573,22623.426
7926,3.707848,22627.133
7927,3.7075024,22630.84
7928,3.7081106,22634.549
7929,3.7093887,22638.258
7930,3.7103517,22641.969
7931,3.7103765,22645.68
7932,3.7101705,22649.39
7933,3.7099257,22653.1
7934,3.7120352,22656.812
7935,3.7146773,22660.527
7936,3.7158482,22664.244
7937,3.7163713,22667.96
7938,3.7178133,22671.68
7939,3.7192705,22675.398
7940,3.7207048,22679.12
7941,3.7214627,22682.84
7942,3.7211,22686.56
7943,3.719658,22690.28
7944,3.718254,22693.998
7945,3.7165234,22697.715
7946,3.7152405,22701.43
7947,3.7144957,22705.145
7948,3.7143686,22708.86
7949,3.7139838,22712.574
7950,3.713207,22716.287
7951,3.7113686,22719.998
7952,3.7083087,22723.707
7953,3.7060976,22727.414
7954,3.705265,22731.12
7955,3.7055306,22734.824
7956,3.7075758,22738.531
7957,3.7099216,22742.24
7958,3.7109048,22745.951
7959,3.7109807,22749.662
7960,3.7099445,22753.371
7961,3.709664,22757.08
7962,3.7102249,22760.791
7963,3.7107794,22764.502
7964,3.7123427,22768.215
7965,3.713158,22771.928
7966,3.7140553,22775.643
7967,3.7134252,22779.355
7968,3.7110906,22783.066
7969,3.7091732,22786.775
7970,3.7075121,22790.482
7971,3.7062774,22794.19
7972,3.7043788,22797.895
7973,3.7017598,22801.596
7974,3.6991336,22805.295
7975,3.6990578,22808.994
7976,3.6996307,22812.693
7977,3.7001283,22816.393
7978,3.7001338,22820.092
7979,3.6987987,22823.791
7980,3.697592,22827.488
7981,3.6971533,22831.186
7982,3.698116,22834.883
7983,3.6988132,22838.582
7984,3.6992772,22842.281
7985,3.7001662,22845.98
7986,3.6999097,22849.68
7987,3.699367,22853.379
7988,3.696685,22857.076
7989,3.6959307,22860.771
7990,3.6973248,22864.469
7991,3.6995044,22868.168
7992,3.7018988,22871.87
7993,3.701592,22875.57
7994,3.701705,22879.271
7995,3.703109,22882.975
7996,3.7056682,22886.68
7997,3.707675,22890.387
7998,3.7079234,22894.094
7999,3.7066152,22897.8
8000,3.7041402,22901.506
8001,3.7027807,22905.209
8002,3.7013164,22908.91
8003,3.7001178,22912.61
8004,3.699183,22916.309
8005,3.6990364,22920.008
8006,3.7012398,22923.709
8007,3.7034774,22927.412
8008,3.7050874,22931.117
8009,3.7047079,22934.822
8010,3.704846,22938.527
8011,3.7064803,22942.234
8012,3.7081861,22945.943
8013,3.7077618,22949.65
8014,3.7047555,22953.355
8015,3.7026222,22957.059
8016,3.701385,22960.76
8017,3.7001553,22964.459
8018,3.69864,22968.158
8019,3.695518,22971.854
8020,3.6920052,22975.545
8021,3.691299,22979.236
8022,3.6913328,22982.928
8023,3.6922476,22986.62
8024,3.6952975,22990.314
8025,3.6977277,22994.012
8026,3.6996646,22997.71
8027,3.700018,23001.41
8028,3.699742,23005.11
8029,3.6982663,23008.809
8030,3.6958525,23012.504
8031,3.6943645,23016.2
8032,3.6927054,23019.893
8033,3.6925805,23023.586
8034,3.6927972,23027.28
8035,3.6940143,23030.973
8036,3.696242,23034.668
8037,3.6985304,23038.367
8038,3.7003224,23042.068
8039,3.700342,23045.77
8040,3.6998007,23049.469
8041,3.6987453,23053.168
8042,3.6980593,23056.865
8043,3.6979802,23060.562
8044,3.698432,23064.262
8045,3.6993227,23067.96
8046,3.699912,23071.66
8047,3.700104,23075.36
8048,3.69949,23079.059
8049,3.6991997,23082.758
8050,3.6990008,23086.457
8051,3.6998134,23090.156
8052,3.7009735,23093.857
8053,3.7017295,23097.559
8054,3.7038445,23101.262
8055,3.7051473,23104.967
8056,3.7077694,23108.674
8057,3.7095077,23112.383
8058,3.710115,23116.094
8059,3.711191,23119.805
8060,3.710601,23123.516
8061,3.7101343,23127.227
8062,3.7089922,23130.936
8063,3.708908,23134.645
8064,3.7080102,23138.354
8065,3.7072852,23142.06
8066,3.7063665,23145.768
8067,3.7057703,23149.473
8068,3.70369,23153.176
8069,3.7025042,23156.879
8070,3.7016027,23160.58
8071,3.7012527,23164.281
8072,3.7001824,23167.98
8073,3.699803,23171.68
8074,3.7008934,23175.38
8075,3.7018073,23179.082
8076,3.7011483,23182.783
8077,3.7002559,23186.484
8078,3.7006721,23190.186
8079,3.702066,23193.887
8080,3.7049313,23197.592
8081,3.7070007,23201.299
8082,3.708868,23205.008
8083,3.7095916,23208.717
8084,3.7109878,23212.428
8085,3.7121577,23216.14
8086,3.7130668,23219.854
8087,3.713145,23223.566
8088,3.7097468,23227.275
8089,3.7067363,23230.982
8090,3.7038581,23234.686
8091,3.7007482,23238.387
8092,3.6984508,23242.086
8093,3.6979442,23245.783
8094,3.6976018,23249.48
8095,3.6979675,23253.178
8096,3.699292,23256.877
8097,3.699719,23260.576
8098,3.6995142,23264.275
8099,3.6990914,23267.975
8100,3.6997364,23271.674
8101,3.7004638,23275.375
8102,3.701257,23279.076
8103,3.7019296,23282.777
8104,3.7041583,23286.482
8105,3.7048056,23290.188
8106,3.7041955,23293.893
8107,3.704092,23297.596
8108,3.7020278,23301.297
8109,3.7008307,23304.998
8110,3.701415,23308.7
8111,3.7032182,23312.402
8112,3.7054646,23316.107
8113,3.706852,23319.814
8114,3.7079525,23323.521
8115,3.7091002,23327.23
8116,3.7086935,23330.94
8117,3.7078102,23334.646
8118,3.706652,23338.354
8119,3.7062318,23342.06
8120,3.705375,23345.766
8121,3.70459,23349.47
8122,3.7025723,23353.174
8123,3.7003386,23356.875
8124,3.6971326,23360.572
8125,3.6941872,23364.266
8126,3.6902328,23367.955
8127,3.6859994,23371.64
8128,3.6820376,23375.322
8129,3.6808574,23379.004
8130,3.682468,23382.686
8131,3.685025,23386.371
8132,3.6889975,23390.06
8133,3.6922026,23393.752
8134,3.6943352,23397.445
8135,3.6963415,23401.143
8136,3.6988826,23404.842
8137,3.702335,23408.545
8138,3.7050047,23412.25
8139,3.70639,23415.957
8140,3.7074592,23419.664
8141,3.7078018,23423.371
8142,3.7077434,23427.078
8143,3.7074172,23430.785
8144,3.7070873,23434.492
8145,3.7055223,23438.197
8146,3.7029738,23441.9
8147,3.7019875,23445.602
8148,3.7023637,23449.305
8149,3.7030873,23453.008
8150,3.7043471,23456.713
8151,3.7046978,23460.418
8152,3.7051532,23464.123
8153,3.7053583,23467.828
8154,3.7051754,23471.533
8155,3.7049701,23475.238
8156,3.7049096,23478.943
8157,3.705615,23482.648
8158,3.7075722,23486.355
8159,3.7089052,23490.064
8160,3.7110271,23493.775
8161,3.7115188,23497.486
8162,3.710286,23501.197
8163,3.708321,23504.906
8164,3.7052336,23508.611
8165,3.7031791,23512.314
8166,3.704311,23516.02
8167,3.704964,23519.725
8168,3.7045364,23523.43
8169,3.703072,23527.133
8170,3.7015493,23530.834
8171,3.7003899,23534.535
8172,3.700505,23538.236
8173,3.7009988,23541.938
8174,3.700732,23545.639
8175,3.6991918,23549.338
8176,3.6981432,23553.035
8177,3.696951,23556.732
8178,3.6943603,23560.428
8179,3.6930265,23564.121
8180,3.6912956,23567.812
8181,3.6891983,23571.502
8182,3.686683,23575.19
8183,3.6848683,23578.875
8184,3.6843755,23582.559
8185,3.6850119,23586.244
8186,3.6847897,23589.93
8187,3.6847897,23593.615
8188,3.6853905,23597.3
8189,3.6876442,23600.988
8190,3.6923525,23604.68
8191,3.694913,23608.375
8192,3.694948,23612.07
8193,3.694418,23615.766
8194,3.6948354,23619.46
8195,3.695853,23623.156
8196,3.697439,23626.854
8197,3.697266,23630.55
8198,3.6941926,23634.244
8199,3.6924953,23637.938
8200,3.6928256,23641.63
8201,3.6940372,23645.324
8202,3.6955783,23649.02
8203,3.6972167,23652.717
8204,3.6990309,23656.416
8205,3.7000444,23660.115
8206,3.6996934,23663.814
8207,3.6990237,23667.514
8208,3.6989357,23671.213
8209,3.6995502,23674.912
8210,3.6999805,23678.611
8211,3.700858,23682.312
8212,3.7006981,23686.014
8213,3.6993818,23689.713
8214,3.6965184,23693.41
8215,3.6943245,23697.104
8216,3.6928234,23700.797
8217,3.6931746,23704.49
8218,3.6956768,23708.186
8219,3.698494,23711.885
8220,3.7006426,23715.586
8221,3.7025445,23719.29
8222,3.7030973,23722.992
8223,3.701682,23726.693
8224,3.700443,23730.395
8225,3.6997445,23734.094
8226,3.7013037,23737.795
8227,3.704334,23741.5
8228,3.7050164,23745.205
8229,3.7047048,23748.91
8230,3.7026677,23752.613
8231,3.7015016,23756.314
8232,3.7032986,23760.018
8233,3.7055383,23763.723
8234,3.707764,23767.43
8235,3.7092946,23771.139
8236,3.7088318,23774.848
8237,3.707833,23778.555
8238,3.708366,23782.264
8239,3.7087057,23785.973
8240,3.7076564,23789.68
8241,3.7055235,23793.385
8242,3.7039943,23797.088
8243,3.7035244,23800.791
8244,3.704565,23804.496
8245,3.705277,23808.201
8246,3.7035863,23811.904
8247,3.7026618,23815.607
8248,3.7043674,23819.312
8249,3.706156,23823.02
8250,3.7076843,23826.727
8251,3.7072542,23830.434
8252,3.7071555,23834.14
8253,3.7077985,23837.848
8254,3.7087874,23841.557
8255,3.709029,23845.266
8256,3.707745,23848.973
8257,3.706854,23852.68
8258,3.7064517,23856.387
8259,3.706331,23860.094
8260,3.7056062,23863.799
8261,3.7072651,23867.506
8262,3.7107756,23871.217
8263,3.7127428,23874.93
8264,3.7152624,23878.645
8265,3.716542,23882.361
8266,3.7166045,23886.078
8267,3.7146122,23889.793
8268,3.7112503,23893.504
8269,3.708773,23897.213
8270,3.7074883,23900.92
8271,3.7072344,23904.627
8272,3.708519,23908.336
8273,3.7098315,23912.045
8274,3.711984,23915.758
8275,3.713462,23919.47
8276,3.7142956,23923.186
8277,3.7159686,23926.902
8278,3.7154546,23930.617
8279,3.7133408,23934.33
8280,3.7063928,23938.037
8281,3.7005541,23941.738
8282,3.6968539,23945.436
8283,3.6949012,23949.13
8284,3.6941183,23952.824
8285,3.6945038,23956.52
8286,3.6957371,23960.215
8287,3.6974487,23963.912
8288,3.6999185,23967.611
8289,3.700809,23971.312
8290,3.699401,23975.012
8291,3.6978173,23978.709
8292,3.6972682,23982.406
8293,3.695912,23986.102
8294,3.6931312,23989.795
8295,3.6909463,23993.486
8296,3.688889,23997.176
8297,3.68689,24000.863
8298,3.6843426,24004.547
8299,3.6822567,24008.229
8300,3.6813796,24011.91
8301,3.6801271,24015.59
8302,3.6789458,24019.27
8303,3.678778,24022.95
8304,3.6780674,24026.627
8305,3.6775508,24030.305
8306,3.6775088,24033.982
8307,3.6775613,24037.66
8308,3.6773915,24041.338
8309,3.6767638,24045.016
8310,3.6731594,24048.69
8311,3.6701293,24052.36
8312,3.667845,24056.027
8313,3.6668587,24059.693
8314,3.6670456,24063.361
8315,3.661723,24067.023
8316,3.6543887,24070.678
8317,3.6497881,24074.328
8318,3.643516,24077.97
8319,3.6392531,24081.61
8320,3.6324,24085.242
8321,3.6276968,24088.87
8322,3.6218953,24092.49
8323,3.6168675,24096.107
8324,3.609776,24099.717
8325,3.6045763,24103.322
8326,3.5991373,24106.922
8327,3.5952346,24110.518
8328,3.5913296,24114.11
8329,3.5886858,24117.697
8330,3.5856984,24121.283
8331,3.5842543,24124.867
8332,3.5821545,24128.45
8333,3.579506,24132.03
8334,3.5756214,24135.605
8335,3.5728881,24139.178
8336,3.5698056,24142.748
8337,3.568486,24146.316
8338,3.5668135,24149.883
8339,3.565111,24153.447
8340,3.562797,24157.01
8341,3.5615606,24160.572
8342,3.5589838,24164.13
8343,3.556844,24167.688
8344,3.554447,24171.242
8345,3.553465,24174.795
8346,3.5521395,24178.348
8347,3.550649,24181.898
8348,3.5482018,24185.447
8349,3.5461862,24188.994
8350,3.5437963,24192.537
8351,3.542264,24196.08
8352,3.541148,24199.621
8353,3.5408165,24203.162
8354,3.5403,24206.703
8355,3.540569,24210.244
8356,3.5400286,24213.783
8357,3.5393429,24217.322
8358,3.5391665,24220.861
8359,3.5398881,24224.4
8360,3.5410845,24227.941
8361,3.5429373,24231.484
8362,3.5437112,24235.027
8363,3.5443313,24238.572
8364,3.5450602,24242.117
8365,3.545923,24245.664
8366,3.5470738,24249.21
8367,3.5480614,24252.76
8368,3.547917,24256.309
8369,3.5480585,24259.857
8370,3.5503345,24263.408
8371,3.5530481,24266.96
8372,3.55482,24270.516
8373,3.5565884,24274.072
8374,3.5584176,24277.63
8375,3.5616477,24281.193
8376,3.5660264,24284.76
8377,3.5714498,24288.332
8378,3.5759718,24291.908
8379,3.5798187,24295.488
8380,3.5833142,24299.072
8381,3.5860748,24302.658
8382,3.5876608,24306.246
8383,3.587004,24309.834
8384,3.5863814,24313.42
8385,3.5836773,24317.004
8386,3.5789702,24320.582
8387,3.5707574,24324.152
8388,3.5602646,24327.713
8389,3.54712,24331.26
8390,3.5323849,24334.793
8391,3.515147,24338.309
8392,3.4969919,24341.805
8393,3.4770606,24345.281
8394,3.4570339,24348.738
8395,3.4341097,24352.172
8396,3.4106674,24355.582
8397,3.387432,24358.969
8398,3.366607,24362.336
8399,3.3454866,24365.682
8400,3.3251915,24369.006
8401,3.3054342,24372.31
8402,3.2875595,24375.598
8403,3.271488,24378.87
8404,3.2578194,24382.127
8405,3.2459059,24385.373
8406,3.23653,24388.61
8407,3.229682,24391.84
8408,3.2250366,24395.064
8409,3.2211034,24398.285
8410,3.2174993,24401.502
8411,3.214023,24404.717
8412,3.2097967,24407.926
8413,3.2054448,24411.13
8414,3.1999125,24414.33
8415,3.1942794,24417.523
8416,3.188399,24420.71
8417,3.1840892,24423.895
8418,3.181232,24427.076
8419,3.1797893,24430.256
8420,3.1804056,24433.436
8421,3.1816518,24436.617
8422,3.1828692,24439.8
8423,3.1836662,24442.984
8424,3.1861527,24446.17
8425,3.189654,24449.36
8426,3.1932347,24452.553
8427,3.1948836,24455.748
8428,3.1956854,24458.943
8429,3.1951337,24462.139
8430,3.1994104,24465.338
8431,3.2062178,24468.545
8432,3.2149577,24471.76
8433,3.2202284,24474.98
8434,3.2245169,24478.205
8435,3.223986,24481.43
8436,3.225015,24484.654
8437,3.226156,24487.88
8438,3.2324116,24491.113
8439,3.2366686,24494.35
8440,3.2429671,24497.592
8441,3.2494998,24500.842
8442,3.2628314,24504.105
8443,3.2755563,24507.38
8444,3.322486,24510.703
8445,3.3637543,24514.066
8446,3.3708165,24517.438
8447,3.362517,24520.8
8448,3.36732,24524.168
8449,3.3963666,24527.564
8450,3.4373462,24531.002
8451,3.4770055,24534.479
8452,3.517932,24537.996
8453,3.5610254,24541.557
8454,3.6014829,24545.158
8455,3.6292162,24548.787
8456,3.6421392,24552.43
8457,3.6395955,24556.068
8458,3.62692,24559.695
8459,3.6099226,24563.305
8460,3.6028786,24566.908
8461,3.6071367,24570.516
8462,3.616925,24574.133
8463,3.6268575,24577.76
8464,3.6345067,24581.395
8465,3.642051,24585.037
8466,3.65033,24588.688
8467,3.658437,24592.346
8468,3.6656432,24596.012
8469,3.6711264,24599.684
8470,3.6748738,24603.36
8471,3.6793933,24607.04
8472,3.6823866,24610.72
8473,3.6823823,24614.402
8474,3.6820025,24618.084
8475,3.681687,24621.766
8476,3.6832254,24625.45
8477,3.685178,24629.135
8478,3.6862721,24632.82
8479,3.68595,24636.506
8480,3.6841118,24640.19
8481,3.6816554,24643.871
8482,3.6809523,24647.553
8483,3.6806324,24651.232
8484,3.6793377,24654.912
8485,3.6758895,24658.588
8486,3.6719863,24662.26
8487,3.6687982,24665.928
8488,3.661984,24669.59
8489,3.6527789,24673.242
8490,3.6418757,24676.885
8491,3.632729,24680.518
8492,3.6251917,24684.143
8493,3.6388116,24687.781
8494,3.6454158,24691.426
8495,3.6537979,24695.08
8496,3.654329,24698.734
8497,3.656575,24702.39
8498,3.6554992,24706.047
8499,3.6571617,24709.703
8500,3.6586843,24713.361
8501,3.6618445,24717.023
8502,3.665144,24720.69
8503,3.6718283,24724.361
8504,3.6779625,24728.04
8505,3.6836631,24731.723
8506,3.6866958,24735.41
8507,3.6904266,24739.1
8508,3.6952024,24742.795
8509,3.6995635,24746.494
8510,3.7013423,24750.195
8511,3.7023516,24753.898
8512,3.7025125,24757.602
8513,3.7026308,24761.305
8514,3.7038667,24765.008
8515,3.7069252,24768.715
8516,3.7098548,24772.424
8517,3.711743,24776.135
8518,3.7129674,24779.848
8519,3.714047,24783.562
8520,3.714543,24787.277
8521,3.7120266,24790.99
8522,3.7093632,24794.7
8523,3.7049818,24798.404
8524,3.6987617,24802.104
8525,3.692443,24805.797
8526,3.689473,24809.486
8527,3.688731,24813.176
8528,3.6891315,24816.865
8529,3.692729,24820.559
8530,3.6950521,24824.254
8531,3.7001543,24827.953
8532,3.6976585,24831.65
8533,3.694089,24835.344
8534,3.6820374,24839.025
8535,3.6745672,24842.7
8536,3.662649,24846.361
8537,3.6567335,24850.018
8538,3.6531472,24853.67
8539,3.663928,24857.334
8540,3.681554,24861.016
8541,3.7027833,24864.719
8542,3.7152984,24868.434
8543,3.72442,24872.158
8544,3.728085,24875.887
8545,3.7307591,24879.617
8546,3.7345324,24883.352
8547,3.74304,24887.094
8548,3.7554238,24890.85
8549,3.7675962,24894.617
8550,3.7735298,24898.39
8551,3.7756515,24902.166
8552,3.7760415,24905.941
8553,3.7782269,24909.719
8554,3.7836444,24913.502
8555,3.791825,24917.293
8556,3.7980685,24921.092
8557,3.8033104,24924.895
8558,3.8071084,24928.701
8559,3.8094962,24932.51
8560,3.8102963,24936.32
8561,3.8111315,24940.13
8562,3.813073,24943.943
8563,3.815393,24947.758
8564,3.816774,24951.574
8565,3.8179622,24955.393
8566,3.819657,24959.213
8567,3.8216357,24963.035
8568,3.8226988,24966.857
8569,3.826477,24970.684
8570,3.8280404,24974.512
8571,3.8301828,24978.342
8572,3.8302696,24982.172
8573,3.830541,24986.002
8574,3.8303335,24989.832
8575,3.8298118,24993.662
8576,3.827903,24997.49
8577,3.8246696,25001.314
8578,3.8221583,25005.137
8579,3.8202386,25008.957
8580,3.8188407,25012.775
8581,3.8162057,25016.592
8582,3.8109155,25020.402
8583,3.8150017,25024.217
8584,3.8324955,25028.049
8585,3.8484251,25031.896
8586,3.860679,25035.758
8587,3.870464,25039.629
8588,3.8784573,25043.508
8589,3.8834152,25047.39
8590,3.888744,25051.28
8591,3.891997,25055.172
8592,3.8951092,25059.066
8593,3.8974462,25062.963
8594,3.9009154,25066.863
8595,3.903072,25070.766
8596,3.9034588,25074.67
8597,3.9027464,25078.572
8598,3.902448,25082.475
8599,3.902679,25086.377
8600,3.9035728,25090.281
8601,3.9045596,25094.186
8602,3.9040387,25098.09
8603,3.9024048,25101.992
8604,3.9013777,25105.895
8605,3.9001448,25109.795
8606,3.900541,25113.695
8607,3.900461,25117.596
8608,3.9000702,25121.496
8609,3.8992708,25125.395
8610,3.8977587,25129.293
8611,3.8969138,25133.19
8612,3.8965654,25137.086
8613,3.895624,25140.982
8614,3.8945494,25144.877
8615,3.8934522,25148.77
8616,3.8927975,25152.662
8617,3.892069,25156.555
8618,3.8921914,25160.447
8619,3.8926082,25164.34
8620,3.893916,25168.234
8621,3.8986113,25172.133
8622,3.9043734,25176.037
8623,3.9081237,25179.945
8624,3.9087868,25183.854
8625,3.9102995,25187.764
8626,3.909372,25191.674
8627,3.9098513,25195.584
8628,3.908821,25199.492
8629,3.9081097,25203.4
8630,3.9076145,25207.309
8631,3.907886,25211.217
8632,3.9087102,25215.125
8633,3.9098659,25219.035
8634,3.910725,25222.945
8635,3.9117792,25226.857
8636,3.9124556,25230.77
8637,3.9129558,25234.682
8638,3.9135702,25238.596
8639,3.9139485,25242.51
8640,3.9143236,25246.424
8641,3.9149816,25250.338
8642,3.9150665,25254.254
8643,3.9149656,25258.168
8644,3.9141848,25262.082
8645,3.9139748,25265.996
8646,3.9134154,25269.91
8647,3.9127948,25273.822
8648,3.911371,25277.734
8649,3.910051,25281.645
8650,3.908553,25285.553
8651,3.9078572,25289.46
8652,3.9066892,25293.367
8653,3.9061775,25297.273
8654,3.904863,25301.178
8655,3.9035556,25305.082
8656,3.9016905,25308.984
8657,3.8998709,25312.885
8658,3.897121,25316.781
8659,3.8946395,25320.676
8660,3.8919137,25324.568
8661,3.8899083,25328.459
8662,3.8883736,25332.348
8663,3.8868868,25336.234
8664,3.885545,25340.12
8665,3.8854637,25344.004
8666,3.8845325,25347.889
8667,3.8830962,25351.771
8668,3.8814273,25355.652
8669,3.8796628,25359.531
8670,3.8770037,25363.408
8671,3.873302,25367.281
8672,3.8700194,25371.15
8673,3.8672311,25375.018
8674,3.8653967,25378.883
8675,3.8634527,25382.746
8676,3.861914,25386.607
8677,3.8616204,25390.469
8678,3.8613522,25394.33
8679,3.862024,25398.191
8680,3.8625884,25402.055
8681,3.8633668,25405.918
8682,3.8639243,25409.781
8683,3.8646646,25413.646
8684,3.8649294,25417.512
8685,3.8659308,25421.377
8686,3.8659952,25425.242
8687,3.8663235,25429.11
8688,3.8663445,25432.977
8689,3.866906,25436.844
8690,3.8676763,25440.71
8691,3.868683,25444.58
8692,3.8696535,25448.45
8693,3.870915,25452.32
8694,3.8729613,25456.193
8695,3.8752267,25460.068
8696,3.8761647,25463.945
8697,3.8763156,25467.822
8698,3.875419,25471.697
8699,3.8745816,25475.572
8700,3.8747494,25479.447
8701,3.8762681,25483.324
8702,3.8762972,25487.201
8703,3.8745062,25491.076
8704,3.87247,25494.95
8705,3.8712814,25498.82
8706,3.8717022,25502.691
8707,3.8721876,25506.564
8708,3.8721864,25510.438
8709,3.870471,25514.309
8710,3.8673592,25518.176
8711,3.8639476,25522.04
8712,3.860387,25525.9
8713,3.85554,25529.756
8714,3.8499517,25533.605
8715,3.8426406,25537.447
8716,3.8360193,25541.283
8717,3.8305001,25545.113
8718,3.8288476,25548.941
8719,3.82296,25552.764
8720,3.8084996,25556.572
8721,3.7853715,25560.357
8722,3.7637548,25564.121
8723,3.7446601,25567.865
8724,3.7320602,25571.598
8725,3.7262678,25575.324
8726,3.7279086,25579.053
8727,3.7313876,25582.783
8728,3.733536,25586.518
8729,3.728346,25590.246
8730,3.7194486,25593.965
8731,3.7118926,25597.676
8732,3.7073886,25601.383
8733,3.7005436,25605.084
8734,3.6891255,25608.773
8735,3.6772652,25612.451
8736,3.6724412,25616.123
8737,3.674153,25619.797
8738,3.680681,25623.479
8739,3.6844156,25627.162
8740,3.6868627,25630.85
8741,3.6860259,25634.535
8742,3.6870494,25638.223
8743,3.6871736,25641.91
8744,3.686534,25645.598
8745,3.6831937,25649.281
8746,3.677127,25652.959
8747,3.6699593,25656.629
8748,3.6650577,25660.295
8749,3.661287,25663.957
8750,3.6588962,25667.615
8751,3.658028,25671.273
8752,3.659182,25674.934
8753,3.6590447,25678.592
8754,3.6575248,25682.25
8755,3.6547935,25685.904
8756,3.6537046,25689.559
8757,3.6528692,25693.21
8758,3.6511145,25696.861
8759,3.6489534,25700.51
8760,3.6478655,25704.158
8761,3.648267,25707.807
8762,3.6476283,25711.455
8763,3.644741,25715.1
8764,3.641693,25718.742
8765,3.6395626,25722.38
8766,3.6369293,25726.018
8767,3.6337972,25729.652
8768,3.633884,25733.287
8769,3.6355047,25736.922
8770,3.63723,25740.559
8771,3.6378615,25744.197
8772,3.6393762,25747.836
8773,3.6406462,25751.477
8774,3.6419973,25755.12
8775,3.6411934,25758.76
8776,3.6393995,25762.398
8777,3.637171,25766.035
8778,3.6334283,25769.668
8779,3.6292992,25773.297
8780,3.625334,25776.922
8781,3.622819,25780.545
8782,3.6222982,25784.168
8783,3.6224368,25787.791
8784,3.6229591,25791.414
8785,3.6226873,25795.037
8786,3.6221826,25798.66
8787,3.6218145,25802.281
8788,3.6222615,25805.904
8789,3.6214797,25809.525
8790,3.6207907,25813.146
8791,3.6200488,25816.766
8792,3.6185393,25820.385
8793,3.6168492,25824.002
8794,3.6160164,25827.617
8795,3.616296,25831.234
8796,3.6185153,25834.854
8797,3.6207516,25838.475
8798,3.6220663,25842.096
8799,3.6221642,25845.719
8800,3.62131,25849.34
8801,3.6202245,25852.96
8802,3.620014,25856.58
8803,3.6198409,25860.2
8804,3.6211147,25863.82
8805,3.622902,25867.443
8806,3.6255188,25871.068
8807,3.6274896,25874.695
8808,3.630141,25878.326
8809,3.6326911,25881.959
8810,3.633565,25885.592
8811,3.6336331,25889.225
8812,3.6338296,25892.86
8813,3.6348028,25896.494
8814,3.635205,25900.129
8815,3.6353161,25903.764
8816,3.6361868,25907.4
8817,3.6374528,25911.037
8818,3.6396556,25914.678
8819,3.6415498,25918.318
8820,3.643458,25921.96
8821,3.6447837,25925.605
8822,3.6456702,25929.252
8823,3.6457348,25932.898
8824,3.645473,25936.543
8825,3.6457052,25940.19
8826,3.647681,25943.838
8827,3.6504524,25947.488
8828,3.6534557,25951.143
8829,3.6541984,25954.797
8830,3.6529922,25958.45
8831,3.64984,25962.1
8832,3.6465106,25965.746
8833,3.6440594,25969.39
8834,3.6431968,25973.033
8835,3.6439364,25976.678
8836,3.6435766,25980.322
8837,3.6426644,25983.965
8838,3.642669,25987.607
8839,3.6436327,25991.252
8840,3.6456456,25994.898
8841,3.6473563,25998.545
8842,3.6486747,26002.193
8843,3.650017,26005.844
8844,3.652467,26009.496
8845,3.6541882,26013.15
8846,3.6552577,26016.805
8847,3.6552167,26020.459
8848,3.6560092,26024.115
8849,3.6568196,26027.771
8850,3.6574817,26031.43
8851,3.6576324,26035.088
8852,3.658237,26038.746
8853,3.6575613,26042.404
8854,3.6556528,26046.06
8855,3.6530328,26049.713
8856,3.6512544,26053.363
8857,3.6491277,26057.012
8858,3.6480184,26060.66
8859,3.6478958,26064.309
8860,3.6487658,26067.957
8861,3.6509569,26071.607
8862,3.653344,26075.262
8863,3.6548162,26078.916
8864,3.6567183,26082.572
8865,3.658218,26086.23
8866,3.6592033,26089.89
8867,3.6582842,26093.549
8868,3.6568043,26097.205
8869,3.6542504,26100.86
8870,3.651346,26104.51
8871,3.6502898,26108.16
8872,3.651515,26111.812
8873,3.6538043,26115.467
8874,3.6545231,26119.121
8875,3.6537595,26122.775
8876,3.6521437,26126.428
8877,3.6502533,26130.078
8878,3.6482773,26133.727
8879,3.6473033,26137.373
8880,3.6456249,26141.02
8881,3.6452146,26144.664
8882,3.644634,26148.309
8883,3.6449559,26151.953
8884,3.6464496,26155.6
8885,3.649648,26159.25
8886,3.6520998,26162.902
8887,3.654165,26166.557
8888,3.6541705,26170.21
8889,3.652699,26173.863
8890,3.651051,26177.514
8891,3.6502032,26181.164
8892,3.6506386,26184.814
8893,3.651786,26188.467
8894,3.653773,26192.121
8895,3.6548789,26195.775
8896,3.6544237,26199.43
8897,3.6532867,26203.082
8898,3.6516476,26206.734
8899,3.6506557,26210.385
8900,3.6492205,26214.033
8901,3.647753,26217.682
8902,3.646696,26221.328
8903,3.6475918,26224.977
8904,3.649776,26228.627
8905,3.6517074,26232.28
8906,3.6527307,26235.932
8907,3.6522052,26239.584
8908,3.649681,26243.234
8909,3.6461372,26246.88
8910,3.6427126,26250.523
8911,3.6400588,26254.164
8912,3.6383758,26257.803
8913,3.6380064,26261.441
8914,3.6381695,26265.08
8915,3.6385705,26268.719
8916,3.639611,26272.357
8917,3.6401486,26275.998
8918,3.6401184,26279.639
8919,3.6405807,26283.28
8920,3.640356,26286.92
8921,3.6397085,26290.56
8922,3.6397357,26294.201
8923,3.6397119,26297.842
8924,3.6395562,26301.48
8925,3.639072,26305.12
8926,3.6388867,26308.758
8927,3.638801,26312.396
8928,3.637875,26316.035
8929,3.6365643,26319.672
8930,3.6355662,26323.307
8931,3.6352162,26326.941
8932,3.6358078,26330.578
8933,3.6361504,26334.215
8934,3.637397,26337.852
8935,3.6380506,26341.49
8936,3.6391253,26345.129
8937,3.640552,26348.77
8938,3.642382,26352.412
8939,3.6440654,26356.057
8940,3.6452684,26359.701
8941,3.6448977,26363.346
8942,3.6427596,26366.988
8943,3.6388073,26370.627
8944,3.6349032,26374.262
8945,3.6326213,26377.895
8946,3.6328688,26381.527
8947,3.63448,26385.162
8948,3.6370208,26388.799
8949,3.6393018,26392.438
8950,3.6411166,26396.078
8951,3.6419525,26399.72
8952,3.642104,26403.363
8953,3.641206,26407.004
8954,3.6401527,26410.645
8955,3.6397667,26414.285
8956,3.6412292,26417.926
8957,3.6436532,26421.57
8958,3.6458168,26425.217
8959,3.6470745,26428.863
8960,3.6475127,26432.512
8961,3.6471117,26436.158
8962,3.645725,26439.805
8963,3.6445422,26443.45
8964,3.6430242,26447.092
8965,3.6405306,26450.732
8966,3.638899,26454.371
8967,3.6381423,26458.01
8968,3.6376922,26461.646
8969,3.6383986,26465.285
8970,3.6383703,26468.924
8971,3.6370616,26472.56
8972,3.6351364,26476.195
8973,3.6340938,26479.83
8974,3.6349537,26483.465
8975,3.637607,26487.102
8976,3.6410267,26490.742
8977,3.643498,26494.385
8978,3.644789,26498.03
8979,3.6458273,26501.676
8980,3.6468966,26505.322
8981,3.6480043,26508.97
8982,3.6483319,26512.62
8983,3.6482928,26516.268
8984,3.64856,26519.916
8985,3.6485882,26523.564
8986,3.6487222,26527.213
8987,3.6479895,26530.861
8988,3.6472251,26534.508
8989,3.6461215,26538.154
8990,3.6442387,26541.799
8991,3.642821,26545.441
8992,3.642087,26549.084
8993,3.6436377,26552.729
8994,3.6451652,26556.373
8995,3.6458328,26560.02
8996,3.6466124,26563.666
8997,3.6476414,26567.314
8998,3.6482685,26570.963
8999,3.64814,26574.611
9000,3.6474304,26578.258
9001,3.647171,26581.904
9002,3.6464727,26585.55
9003,3.6456947,26589.197
9004,3.643421,26592.84
9005,3.6411552,26596.48
9006,3.6404178,26600.121
9007,3.6399252,26603.762
9008,3.6389477,26607.4
9009,3.6385705,26611.04
9010,3.6397176,26614.68
9011,3.64267,26618.322
9012,3.646316,26621.969
9013,3.6497402,26625.62
9014,3.6531823,26629.271
9015,3.6561556,26632.928
9016,3.659142,26636.586
9017,3.6618283,26640.248
9018,3.6644766,26643.912
9019,3.6657286,26647.578
9020,3.6659768,26651.244
9021,3.6659153,26654.91
9022,3.666275,26658.576
9023,3.6671832,26662.244
9024,3.669099,26665.914
9025,3.6701686,26669.584
9026,3.670525,26673.254
9027,3.6687071,26676.922
9028,3.6655014,26680.588
9029,3.6620004,26684.25
9030,3.6601546,26687.91
9031,3.6600487,26691.57
9032,3.6607432,26695.23
9033,3.6610918,26698.89
9034,3.6614668,26702.553
9035,3.6610296,26706.213
9036,3.6603472,26709.873
9037,3.6599407,26713.533
9038,3.6608694,26717.193
9039,3.6623454,26720.855
9040,3.6649706,26724.52
9041,3.6658144,26728.186
9042,3.6644223,26731.85
9043,3.660901,26735.51
9044,3.657532,26739.168
9045,3.6551578,26742.822
9046,3.652551,26746.475
9047,3.6509783,26750.125
9048,3.6497242,26753.775
9049,3.6502056,26757.426
9050,3.6499867,26761.076
9051,3.6490066,26764.725
9052,3.6460345,26768.371
9053,3.6444669,26772.016
9054,3.643325,26775.658
9055,3.6437304,26779.303
9056,3.644393,26782.947
9057,3.6457329,26786.594
9058,3.6477575,26790.242
9059,3.6498294,26793.893
9060,3.6509068,26797.543
9061,3.6514823,26801.195
9062,3.6519465,26804.848
9063,3.6532464,26808.5
9064,3.6554205,26812.156
9065,3.656551,26815.812
9066,3.655754,26819.469
9067,3.6538439,26823.123
9068,3.651678,26826.775
9069,3.6488948,26830.424
9070,3.643729,26834.068
9071,3.6393144,26837.707
9072,3.6378996,26841.346
9073,3.639297,26844.984
9074,3.6429543,26848.627
9075,3.6463034,26852.273
9076,3.6491659,26855.922
9077,3.651328,26859.572
9078,3.651545,26863.225
9079,3.6514845,26866.877
9080,3.6515644,26870.53
9081,3.6514304,26874.182
9082,3.6512833,26877.832
9083,3.6507986,26881.482
9084,3.6505423,26885.133
9085,3.650985,26888.783
9086,3.6514273,26892.436
9087,3.6511574,26896.086
9088,3.6497784,26899.736
9089,3.646378,26903.383
9090,3.6420648,26907.025
9091,3.6384714,26910.664
9092,3.6354754,26914.299
9093,3.633044,26917.932
9094,3.6303449,26921.562
9095,3.62871,26925.191
9096,3.6283793,26928.82
9097,3.6297219,26932.45
9098,3.632233,26936.082
9099,3.6346693,26939.717
9100,3.6362524,26943.354
9101,3.6384108,26946.992
9102,3.6406283,26950.633
9103,3.6422439,26954.275
9104,3.6430757,26957.918
9105,3.6436355,26961.562
9106,3.6452944,26965.207
9107,3.6465738,26968.854
9108,3.6477194,26972.502
9109,3.6464825,26976.148
9110,3.6442413,26979.793
9111,3.6413069,26983.434
9112,3.6391933,26987.072
9113,3.6374035,26990.709
9114,3.636849,26994.346
9115,3.6370502,26997.982
9116,3.6382017,27001.621
9117,3.639516,27005.26
9118,3.6407104,27008.9
9119,3.641325,27012.541
9120,3.6396873,27016.182
9121,3.6371884,27019.818
9122,3.6353488,27023.453
9123,3.6335971,27027.086
9124,3.6325414,27030.719
9125,3.631515,27034.35
9126,3.6321018,27037.982
9127,3.6341524,27041.617
9128,3.637038,27045.254
9129,3.6388915,27048.893
9130,3.6421323,27052.535
9131,3.6447284,27056.18
9132,3.6482599,27059.828
9133,3.6507204,27063.479
9134,3.6522586,27067.13
9135,3.6524963,27070.783
9136,3.6520326,27074.436
9137,3.650621,27078.086
9138,3.6502244,27081.736
9139,3.6519701,27085.389
9140,3.6551557,27089.043
9141,3.6593988,27092.703
9142,3.6626697,27096.365
9143,3.6644828,27100.03
9144,3.66379,27103.693
9145,3.6624346,27107.355
9146,3.661048,27111.016
9147,3.6592627,27114.676
9148,3.658081,27118.334
9149,3.656275,27121.99
9150,3.6540792,27125.645
9151,3.6522555,27129.297
9152,3.6525285,27132.95
9153,3.6528347,27136.602
9154,3.6534717,27140.256
9155,3.6547942,27143.91
9156,3.6568952,27147.566
9157,3.6584725,27151.225
9158,3.6588411,27154.883
9159,3.6589687,27158.541
9160,3.6585693,27162.2
9161,3.659274,27165.86
9162,3.6597903,27169.52
9163,3.6602714,27173.18
9164,3.6595573,27176.84
9165,3.6584861,27180.498
9166,3.6586382,27184.156
9167,3.6602893,27187.816
9168,3.6630437,27191.479
9169,3.6661882,27195.145
9170,3.668034,27198.812
9171,3.6696467,27202.482
9172,3.6696846,27206.152
9173,3.6693249,27209.822
9174,3.6695437,27213.492
9175,3.6699681,27217.162
9176,3.6712065,27220.834
9177,3.6722012,27224.506
9178,3.6726027,27228.178
9179,3.6713722,27231.85
9180,3.670394,27235.52
9181,3.6696093,27239.19
9182,3.669881,27242.86
9183,3.6700914,27246.53
9184,3.6684456,27250.197
9185,3.6676795,27253.865
9186,3.6680098,27257.533
9187,3.667567,27261.201
9188,3.664451,27264.865
9189,3.6603558,27268.525
9190,3.6560988,27272.182
9191,3.6535528,27275.836
9192,3.653154,27279.488
9193,3.6542354,27283.143
9194,3.6562102,27286.799
9195,3.6585977,27290.457
9196,3.6608696,27294.117
9197,3.6626048,27297.78
9198,3.6643665,27301.443
9199,3.666794,27305.11
9200,3.6675427,27308.777
9201,3.6658587,27312.443
9202,3.6627831,27316.105
9203,3.6590436,27319.764
9204,3.656743,27323.42
9205,3.6560738,27327.076
9206,3.655942,27330.732
9207,3.6557922,27334.389
9208,3.6547372,27338.043
9209,3.6533525,27341.697
9210,3.6518376,27345.35
9211,3.6512516,27349.0
9212,3.6509304,27352.65
9213,3.6504996,27356.3
9214,3.649308,27359.95
9215,3.6476982,27363.598
9216,3.6477904,27367.246
9217,3.6482625,27370.895
9218,3.6496704,27374.545
9219,3.6503499,27378.195
9220,3.6498666,27381.846
9221,3.648595,27385.494
9222,3.6473472,27389.14
9223,3.6461108,27392.787
9224,3.6459744,27396.434
9225,3.6456587,27400.08
9226,3.6466649,27403.727
9227,3.6477535,27407.375
9228,3.6494963,27411.025
9229,3.6517556,27414.678
9230,3.654357,27418.332
9231,3.6568112,27421.988
9232,3.6590881,27425.646
9233,3.6612134,27429.309
9234,3.6635973,27432.973
9235,3.6642125,27436.637
9236,3.6640844,27440.3
9237,3.6640103,27443.965
9238,3.6634645,27447.629
9239,3.662898,27451.291
9240,3.6610992,27454.951
9241,3.6589673,27458.61
9242,3.6575105,27462.268
9243,3.6566532,27465.924
9244,3.6562817,27469.58
9245,3.6551704,27473.234
9246,3.6550457,27476.889
9247,3.6557229,27480.545
9248,3.6588986,27484.203
9249,3.6625595,27487.865
9250,3.667258,27491.533
9251,3.670603,27495.203
9252,3.6721547,27498.875
9253,3.6712058,27502.547
9254,3.6690335,27506.217
9255,3.667242,27509.885
9256,3.66648,27513.55
9257,3.6660879,27517.217
9258,3.6646707,27520.88
9259,3.6637282,27524.545
9260,3.6623654,27528.207
9261,3.661473,27531.87
9262,3.66188,27535.531
9263,3.663539,27539.195
9264,3.6652641,27542.861
9265,3.6669264,27546.527
9266,3.6690357,27550.197
9267,3.6710613,27553.87
9268,3.673003,27557.543
9269,3.674693,27561.217
9270,3.6753051,27564.893
9271,3.6742928,27568.566
9272,3.671156,27572.238
9273,3.6680663,27575.906
9274,3.6674862,27579.574
9275,3.6684434,27583.242
9276,3.6708925,27586.912
9277,3.6727154,27590.584
9278,3.673335,27594.258
9279,3.6724324,27597.93
9280,3.6704533,27601.6
9281,3.6684563,27605.268
9282,3.6675656,27608.936
9283,3.6660297,27612.602
9284,3.6642444,27616.266
9285,3.66174,27619.928
9286,3.6593971,27623.588
9287,3.6582692,27627.246
9288,3.6582294,27630.904
9289,3.6593773,27634.564
9290,3.6597934,27638.225
9291,3.6594675,27641.885
9292,3.65799,27645.543
9293,3.6561275,27649.2
9294,3.6537044,27652.854
9295,3.651323,27656.504
9296,3.6502175,27660.154
9297,3.6486645,27663.803
9298,3.646302,27667.45
9299,3.6431518,27671.092
9300,3.6414342,27674.732
9301,3.6413677,27678.373
9302,3.6418798,27682.016
9303,3.6432178,27685.658
9304,3.6433737,27689.3
9305,3.642977,27692.943
9306,3.6410086,27696.584
9307,3.6408865,27700.225
9308,3.6407497,27703.865
9309,3.640924,27707.506
9310,3.6403117,27711.146
9311,3.6399722,27714.787
9312,3.640643,27718.428
9313,3.6425905,27722.07
9314,3.644335,27725.715
9315,3.6442318,27729.36
9316,3.6440094,27733.004
9317,3.6447582,27736.648
9318,3.647326,27740.295
9319,3.6510594,27743.945
9320,3.656237,27747.602
9321,3.6603804,27751.262
9322,3.6633916,27754.926
9323,3.663797,27758.59
9324,3.6642714,27762.254
9325,3.6628466,27765.916
9326,3.6619146,27769.578
9327,3.6606996,27773.238
9328,3.6606,27776.898
9329,3.660703,27780.559
9330,3.6614234,27784.22
9331,3.66281,27787.883
9332,3.665314,27791.549
9333,3.6682193,27795.217
9334,3.67099,27798.889
9335,3.6727943,27802.56
9336,3.6741269,27806.234
9337,3.6748707,27809.91
9338,3.6740072,27813.584
9339,3.6727252,27817.256
9340,3.6711204,27820.928
9341,3.6714172,27824.6
9342,3.6726341,27828.271
9343,3.6751742,27831.947
9344,3.6773736,27835.625
9345,3.6781533,27839.303
9346,3.6782832,27842.98
9347,3.6787262,27846.66
9348,3.6779258,27850.338
9349,3.6758993,27854.014
9350,3.6735103,27857.688
9351,3.673084,27861.361
9352,3.6740475,27865.035
9353,3.6755712,27868.71
9354,3.676855,27872.389
9355,3.6779869,27876.066
9356,3.6773965,27879.744
9357,3.6766112,27883.42
9358,3.6748202,27887.096
9359,3.6730266,27890.77
9360,3.6719537,27894.441
9361,3.6707861,27898.111
9362,3.6711226,27901.783
9363,3.671073,27905.455
9364,3.6706038,27909.125
9365,3.6697187,27912.795
9366,3.669779,27916.465
9367,3.6703658,27920.135
9368,3.6709783,27923.807
9369,3.6698806,27927.477
9370,3.6692898,27931.146
9371,3.6685205,27934.814
9372,3.6683378,27938.482
9373,3.6682348,27942.15
9374,3.6685164,27945.818
9375,3.6694512,27949.488
9376,3.6711493,27953.16
9377,3.670966,27956.832
9378,3.6684477,27960.5
9379,3.665082,27964.166
9380,3.661911,27967.828
9381,3.6592684,27971.488
9382,3.657279,27975.146
9383,3.6559374,27978.803
9384,3.654754,27982.457
9385,3.6540847,27986.111
9386,3.6536586,27989.766
9387,3.653677,27993.42
9388,3.653301,27997.072
9389,3.6526935,28000.725
9390,3.6504052,28004.375
9391,3.6479416,28008.023
9392,3.6452491,28011.668
9393,3.6431623,28015.31
9394,3.6419063,28018.953
9395,3.6424997,28022.596
9396,3.6437843,28026.24
9397,3.6449144,28029.885
9398,3.644607,28033.53
9399,3.6442442,28037.174
9400,3.6428185,28040.816
9401,3.6421087,28044.459
9402,3.6423123,28048.102
9403,3.6435,28051.744
9404,3.6473992,28055.39
9405,3.6513,28059.041
9406,3.6544542,28062.695
9407,3.655402,28066.352
9408,3.6544805,28070.006
9409,3.652045,28073.658
9410,3.650102,28077.309
9411,3.648609,28080.957
9412,3.6475973,28084.605
9413,3.647,28088.252
9414,3.647095,28091.898
9415,3.6480758,28095.547
9416,3.6494386,28099.197
9417,3.6503365,28102.848
9418,3.6505263,28106.498
9419,3.6496956,28110.148
9420,3.648955,28113.797
9421,3.6484094,28117.445
9422,3.6487997,28121.094
9423,3.6510146,28124.744
9424,3.6552646,28128.398
9425,3.6595724,28132.059
9426,3.662104,28135.72
9427,3.664077,28139.385
9428,3.6653163,28143.05
9429,3.665942,28146.717
9430,3.6653695,28150.383
9431,3.6641815,28154.047
9432,3.6628516,28157.709
9433,3.6621935,28161.371
9434,3.6619482,28165.033
9435,3.6615248,28168.695
9436,3.661311,28172.357
9437,3.6620812,28176.02
9438,3.6640527,28179.684
9439,3.6661732,28183.35
9440,3.6663787,28187.016
9441,3.6654408,28190.682
9442,3.66425,28194.346
9443,3.6636815,28198.01
9444,3.6633432,28201.674
9445,3.6641383,28205.338
9446,3.6648853,28209.002
9447,3.6661186,28212.668
9448,3.666996,28216.336
9449,3.6675262,28220.004
9450,3.6673257,28223.672
9451,3.6676104,28227.34
9452,3.6679175,28231.008
9453,3.666397,28234.674
9454,3.6653152,28238.34
9455,3.6644447,28242.004
9456,3.6643553,28245.668
9457,3.665376,28249.334
9458,3.66791,28253.002
9459,3.6692398,28256.672
9460,3.6710796,28260.344
9461,3.6726248,28264.016
9462,3.6727898,28267.688
9463,3.6721587,28271.36
9464,3.6704576,28275.03
9465,3.6676517,28278.697
9466,3.6642656,28282.361
9467,3.6611166,28286.021
9468,3.6585011,28289.68
9469,3.6564453,28293.336
9470,3.6548119,28296.99
9471,3.6524549,28300.643
9472,3.650653,28304.293
9473,3.6490023,28307.941
9474,3.649762,28311.592
9475,3.65194,28315.244
9476,3.6546986,28318.898
9477,3.656952,28322.555
9478,3.6580327,28326.213
9479,3.6583476,28329.871
9480,3.6577246,28333.53
9481,3.6558201,28337.186
9482,3.6537733,28340.84
9483,3.653082,28344.492
9484,3.6540341,28348.146
9485,3.656825,28351.803
9486,3.6598554,28355.463
9487,3.6620326,28359.125
9488,3.6632617,28362.79
9489,3.6641796,28366.453
9490,3.663469,28370.117
9491,3.6615417,28373.78
9492,3.6573675,28377.438
9493,3.6528227,28381.09
9494,3.6488714,28384.738
9495,3.6472802,28388.385
9496,3.6479487,28392.033
9497,3.6492538,28395.682
9498,3.6514838,28399.334
9499,3.6525443,28402.986
9500,3.6521187,28406.639
9501,3.6492267,28410.287
9502,3.6464858,28413.934
9503,3.6445634,28417.578
9504,3.6436934,28421.223
9505,3.64462,28424.867
9506,3.646363,28428.514
9507,3.6479661,28432.162
9508,3.648913,28435.81
9509,3.6488585,28439.459
9510,3.647202,28443.105
9511,3.646452,28446.752
9512,3.6449564,28450.396
9513,3.6448815,28454.041
9514,3.6456845,28457.688
9515,3.6472344,28461.334
9516,3.6496673,28464.984
9517,3.6518703,28468.637
9518,3.653992,28472.291
9519,3.6560562,28475.947
9520,3.6581206,28479.605
9521,3.6591015,28483.264
9522,3.6590521,28486.922
9523,3.6581318,28490.58
9524,3.6567605,28494.236
9525,3.6548455,28497.89
9526,3.6544037,28501.545
9527,3.6557791,28505.201
9528,3.6585417,28508.86
9529,3.6605012,28512.52
9530,3.6615386,28516.182
9531,3.6613696,28519.844
9532,3.6602473,28523.504
9533,3.6587346,28527.162
9534,3.6582208,28530.82
9535,3.6589677,28534.479
9536,3.6612327,28538.14
9537,3.6633217,28541.805
9538,3.664645,28545.469
9539,3.6663897,28549.135
9540,3.6686928,28552.803
9541,3.6705785,28556.473
9542,3.670979,28560.145
9543,3.6712065,28563.816
9544,3.67209,28567.488
9545,3.6733747,28571.162
9546,3.6749747,28574.838
9547,3.6755302,28578.514
9548,3.6745803,28582.188
9549,3.6709425,28585.86
9550,3.666439,28589.525
9551,3.6633894,28593.19
9552,3.661655,28596.852
9553,3.659968,28600.512
9554,3.6567657,28604.168
9555,3.653434,28607.822
9556,3.65028,28611.473
9557,3.6501162,28615.123
9558,3.6511102,28618.773
9559,3.6533775,28622.428
9560,3.6564953,28626.084
9561,3.660408,28629.744
9562,3.6635168,28633.408
9563,3.6658165,28637.074
9564,3.6682172,28640.742
9565,3.668044,28644.41
9566,3.6656125,28648.076
9567,3.6601932,28651.736
9568,3.6541955,28655.39
9569,3.6507041,28659.041
9570,3.6508627,28662.691
9571,3.6519113,28666.344
9572,3.6534762,28669.998
9573,3.655789,28673.654
9574,3.6591105,28677.312
9575,3.661933,28680.975
9576,3.6627748,28684.637
9577,3.6626859,28688.299
9578,3.6627803,28691.96
9579,3.663156,28695.625
9580,3.6622078,28699.287
9581,3.660331,28702.947
9582,3.6578789,28706.605
9583,3.6549196,28710.26
9584,3.6534538,28713.914
9585,3.6532314,28717.566
9586,3.65411,28721.22
9587,3.654456,28724.875
9588,3.6535757,28728.53
9589,3.6529467,28732.182
9590,3.6534925,28735.836
9591,3.6543303,28739.49
9592,3.6537163,28743.145
9593,3.652341,28746.797
9594,3.6510627,28750.447
9595,3.6508873,28754.098
9596,3.6506577,28757.748
9597,3.6514645,28761.4
9598,3.6518142,28765.053
9599,3.6534176,28768.707
9600,3.6548538,28772.361
9601,3.6558352,28776.018
9602,3.6556988,28779.674
9603,3.6564987,28783.33
9604,3.6562307,28786.986
9605,3.6561542,28790.643
9606,3.6548321,28794.297
9607,3.6542928,28797.951
9608,3.6538017,28801.605
9609,3.653412,28805.26
9610,3.6514382,28808.912
9611,3.649457,28812.562
9612,3.6491706,28816.21
9613,3.6505115,28819.861
9614,3.6546514,28823.516
9615,3.65981,28827.176
9616,3.6633022,28830.84
9617,3.6649568,28834.504
9618,3.6642795,28838.168
9619,3.6634314,28841.832
9620,3.6631994,28845.496
9621,3.6637197,28849.16
9622,3.6643984,28852.824
9623,3.6641922,28856.488
9624,3.6648083,28860.152
9625,3.6660693,28863.818
9626,3.6674893,28867.486
9627,3.6694252,28871.156
9628,3.6714032,28874.828
9629,3.6724942,28878.5
9630,3.6719081,28882.172
9631,3.6698174,28885.842
9632,3.6671948,28889.51
9633,3.664332,28893.174
9634,3.6621761,28896.836
9635,3.661802,28900.498
9636,3.6626582,28904.16
9637,3.6635334,28907.824
9638,3.6639984,28911.488
9639,3.6644816,28915.152
9640,3.6649194,28918.816
9641,3.664491,28922.48
9642,3.66359,28926.145
9643,3.6624618,28929.807
9644,3.6619744,28933.469
9645,3.6608136,28937.129
9646,3.6594296,28940.79
9647,3.6587298,28944.447
9648,3.657894,28948.105
9649,3.658257,28951.764
9650,3.659662,28955.424
9651,3.6602724,28959.084
9652,3.6595104,28962.744
9653,3.6590178,28966.402
9654,3.6594276,28970.062
9655,3.6592913,28973.723
9656,3.6593785,28977.383
9657,3.6580784,28981.041
9658,3.6565096,28984.697
9659,3.6542492,28988.352
9660,3.6532626,28992.004
9661,3.6527252,28995.656
9662,3.6529522,28999.309
9663,3.6512315,29002.959
9664,3.6499345,29006.61
9665,3.648515,29010.258
9666,3.64788,29013.906
9667,3.6475902,29017.555
9668,3.6478255,29021.203
9669,3.6476622,29024.852
9670,3.6479177,29028.5
9671,3.647813,29032.148
9672,3.6486917,29035.797
9673,3.6490657,29039.445
9674,3.6501455,29043.096
9675,3.6502087,29046.746
9676,3.649994,29050.396
9677,3.6495557,29054.047
9678,3.6500008,29057.697
9679,3.650311,29061.348
9680,3.6494625,29064.998
9681,3.6473448,29068.645
9682,3.645023,29072.29
9683,3.6448398,29075.934
9684,3.646085,29079.58
9685,3.6474223,29083.227
9686,3.6484494,29086.875
9687,3.6504571,29090.525
9688,3.6533296,29094.18
9689,3.654997,29097.834
9690,3.6546223,29101.488
9691,3.6537056,29105.143
9692,3.6533108,29108.795
9693,3.6525836,29112.447
9694,3.652453,29116.1
9695,3.6529107,29119.752
9696,3.655059,29123.406
9697,3.6583977,29127.064
9698,3.6619408,29130.727
9699,3.6640701,29134.39
9700,3.6654365,29138.057
9701,3.6662025,29141.723
9702,3.66625,29145.389
9703,3.666162,29149.055
9704,3.6649907,29152.719
9705,3.663419,29156.383
9706,3.6614914,29160.045
9707,3.6592255,29163.705
9708,3.656715,29167.361
9709,3.6550076,29171.016
9710,3.6540403,29174.67
9711,3.6539037,29178.324
9712,3.6538336,29181.979
9713,3.6555552,29185.635
9714,3.656742,29189.291
9715,3.6569374,29192.947
9716,3.6548615,29196.602
9717,3.6522284,29200.254
9718,3.6488605,29203.902
9719,3.647074,29207.549
9720,3.6470163,29211.195
9721,3.647929,29214.844
9722,3.6488748,29218.492
9723,3.6501112,29222.143
9724,3.6519246,29225.795
9725,3.654547,29229.45
9726,3.6574056,29233.107
9727,3.6591465,29236.766
9728,3.6599646,29240.426
9729,3.6602294,29244.086
9730,3.6594393,29247.746
9731,3.6588116,29251.404
9732,3.6575863,29255.062
9733,3.6570387,29258.719
9734,3.6568408,29262.375
9735,3.65708,29266.031
9736,3.6582644,29269.69
9737,3.658563,29273.348
9738,3.6591845,29277.008
9739,3.6601057,29280.668
9740,3.6605792,29284.328
9741,3.6617093,29287.99
9742,3.6625311,29291.652
9743,3.6626976,29295.314
9744,3.6616507,29298.977
9745,3.658763,29302.635
9746,3.6557167,29306.291
9747,3.6531198,29309.943
9748,3.6515815,29313.596
9749,3.6504943,29317.246
9750,3.6496477,29320.896
9751,3.6502893,29324.547
9752,3.651205,29328.197
9753,3.6524527,29331.85
9754,3.6533883,29335.504
9755,3.654467,29339.158
9756,3.654733,29342.812
9757,3.6550488,29346.467
9758,3.6551442,29350.121
9759,3.6555984,29353.777
9760,3.654652,29357.432
9761,3.6535513,29361.086
9762,3.6518772,29364.738
9763,3.6515625,29368.39
9764,3.651545,29372.043
9765,3.65286,29375.695
9766,3.6532865,29379.348
9767,3.6537921,29383.002
9768,3.6545305,29386.656
9769,3.6550732,29390.31
9770,3.6549585,29393.965
9771,3.654382,29397.62
9772,3.654087,29401.273
9773,3.6550865,29404.928
9774,3.6563725,29408.584
9775,3.6571128,29412.24
9776,3.6561606,29415.896
9777,3.653939,29419.55
9778,3.6508243,29423.201
9779,3.6498396,29426.852
9780,3.650279,29430.502
9781,3.652117,29434.154
9782,3.6538393,29437.809
9783,3.6559277,29441.465
9784,3.6581535,29445.123
9785,3.6598077,29448.783
9786,3.6606078,29452.443
9787,3.6608071,29456.104
9788,3.6612167,29459.766
9789,3.6626177,29463.428
9790,3.664671,29467.092
9791,3.6657195,29470.758
9792,3.6667767,29474.424
9793,3.6671126,29478.092
9794,3.6684725,29481.76
9795,3.6700065,29485.43
9796,3.669858,29489.1
9797,3.6682005,29492.768
9798,3.6668344,29496.434
9799,3.6656668,29500.1
9800,3.66516,29503.766
9801,3.665226,29507.432
9802,3.666209,29511.098
9803,3.6667724,29514.764
9804,3.666085,29518.43
9805,3.664528,29522.094
9806,3.6634176,29525.758
9807,3.663265,29529.422
9808,3.6649644,29533.086
9809,3.6669014,29536.752
9810,3.6669605,29540.418
9811,3.6654315,29544.084
9812,3.6635203,29547.748
9813,3.6621819,29551.41
9814,3.6623645,29555.072
9815,3.6630657,29558.734
9816,3.6663003,29562.4
9817,3.6682386,29566.068
9818,3.6690106,29569.738
9819,3.6685257,29573.406
9820,3.66944,29577.076
9821,3.67008,29580.746
9822,3.6702316,29584.416
9823,3.6690276,29588.086
9824,3.6672218,29591.754
9825,3.6653078,29595.42
9826,3.6625738,29599.082
9827,3.6598055,29602.742
9828,3.6570103,29606.398
9829,3.65522,29610.053
9830,3.655043,29613.707
9831,3.656638,29617.363
9832,3.6590703,29621.021
9833,3.6614,29624.684
9834,3.663084,29628.346
9835,3.662711,29632.008
9836,3.6612287,29635.67
9837,3.6591191,29639.328
9838,3.6582878,29642.986
9839,3.6578307,29646.645
9840,3.6580346,29650.303
9841,3.6579988,29653.96
9842,3.657828,29657.62
9843,3.6564095,29661.275
9844,3.6539755,29664.93
9845,3.6518471,29668.582
9846,3.6504824,29672.232
9847,3.6490767,29675.88
9848,3.648271,29679.53
9849,3.6487143,29683.178
9850,3.6507702,29686.828
9851,3.6532881,29690.48
9852,3.6550853,29694.135
9853,3.656293,29697.791
9854,3.6567128,29701.447
9855,3.6565783,29705.104
9856,3.6561403,29708.76
9857,3.656148,29712.416
9858,3.6567001,29716.072
9859,3.6582947,29719.73
9860,3.6596618,29723.39
9861,3.6614752,29727.053
9862,3.6640882,29730.717
9863,3.6648526,29734.38
9864,3.6643345,29738.045
9865,3.662649,29741.707
9866,3.6622534,29745.37
9867,3.662346,29749.031
9868,3.6622634,29752.693
9869,3.6611989,29756.355
9870,3.658987,29760.014
9871,3.6565282,29763.67
9872,3.6550093,29767.324
9873,3.6545682,29770.979
9874,3.6540244,29774.633
9875,3.6540844,29778.287
9876,3.6538587,29781.941
9877,3.6547716,29785.596
9878,3.6570141,29789.252
9879,3.6594763,29792.912
9880,3.6617284,29796.574
9881,3.6628141,29800.236
9882,3.6638284,29803.9
9883,3.6643753,29807.564
9884,3.6650927,29811.23
9885,3.6659698,29814.896
9886,3.666183,29818.562
9887,3.6655428,29822.229
9888,3.664951,29825.893
9889,3.6648319,29829.557
9890,3.6626625,29833.219
9891,3.6603825,29836.879
9892,3.6578069,29840.537
9893,3.6579285,29844.195
9894,3.6588955,29847.854
9895,3.660502,29851.514
9896,3.6615212,29855.176
9897,3.662091,29858.838
9898,3.662577,29862.5
9899,3.6617062,29866.162
9900,3.6611397,29869.824
9901,3.6608734,29873.484
9902,3.6614032,29877.146
9903,3.6623623,29880.809
9904,3.663022,29884.47
9905,3.6631753,29888.135
9906,3.662579,29891.797
9907,3.6621268,29895.459
9908,3.6608913,29899.12
9909,3.6600595,29902.78
9910,3.6579845,29906.438
9911,3.6555781,29910.094
9912,3.6533704,29913.748
9913,3.6529808,29917.4
9914,3.653814,29921.055
9915,3.6552324,29924.709
9916,3.6555836,29928.365
9917,3.6561773,29932.021
9918,3.6568944,29935.678
9919,3.6595275,29939.338
9920,3.6623628,29943.0
9921,3.6638,29946.664
9922,3.6640139,29950.328
9923,3.663471,29953.992
9924,3.6621323,29957.654
9925,3.6605868,29961.314
9926,3.6599185,29964.975
9927,3.6593857,29968.635
9928,3.658607,29972.293
9929,3.657457,29975.951
9930,3.6548672,29979.605
9931,3.6527798,29983.258
9932,3.6517863,29986.91
9933,3.6512315,29990.56
9934,3.6504204,29994.21
9935,3.6510274,29997.861
9936,3.6524513,30001.514
9937,3.655972,30005.17
9938,3.66048,30008.83
9939,3.665327,30012.496
9940,3.6690102,30016.166
9941,3.6718633,30019.838
9942,3.6747396,30023.512
9943,3.6766493,30027.188
9944,3.6773596,30030.865
9945,3.6761978,30034.541
9946,3.6725924,30038.213
9947,3.6673367,30041.88
9948,3.6617398,30045.543
9949,3.656862,30049.2
9950,3.654151,30052.854
9951,3.654179,30056.508
9952,3.6572576,30060.166
9953,3.661151,30063.828
9954,3.665614,30067.494
9955,3.6678703,30071.162
9956,3.6662533,30074.828
9957,3.6626494,30078.49
9958,3.65721,30082.146
9959,3.6538894,30085.8
9960,3.6518915,30089.453
9961,3.6511734,30093.104
9962,3.6500194,30096.754
9963,3.6487963,30100.402
9964,3.6476333,30104.05
9965,3.64716,30107.697
9966,3.6475825,30111.346
9967,3.64914,30114.994
9968,3.6518786,30118.646
9969,3.6548908,30122.3
9970,3.6591513,30125.959
9971,3.6619835,30129.621
9972,3.663096,30133.285
9973,3.6634321,30136.95
9974,3.6627388,30140.611
9975,3.66197,30144.273
9976,3.6628578,30147.936
9977,3.6661215,30151.602
9978,3.6708336,30155.271
9979,3.674487,30158.945
9980,3.6751883,30162.621
9981,3.6728466,30166.293
9982,3.6685805,30169.96
9983,3.6634238,30173.625
9984,3.6584432,30177.283
9985,3.6549067,30180.938
9986,3.6523407,30184.59
9987,3.650062,30188.24
9988,3.650159,30191.89
9989,3.651547,30195.543
9990,3.6547933,30199.197
9991,3.6571789,30202.854
9992,3.6605706,30206.514
9993,3.6623538,30210.176
9994,3.6628106,30213.838
9995,3.6614852,30217.5
9996,3.6596737,30221.16
9997,3.6581175,30224.818
9998,3.6573696,30228.477
9999,3.6581817,30232.135
10000,3.6604555,30235.795
10001,3.6614103,30239.457
10002,3.660513,30243.117
10003,3.6568973,30246.773
10004,3.652598,30250.426
10005,3.6503167,30254.076
10006,3.648709,30257.725
10007,3.6482856,30261.373
10008,3.6467578,30265.02
10009,3.6468527,30268.666
10010,3.648717,30272.314
10011,3.6522863,30275.967
10012,3.6555874,30279.623
10013,3.6576421,30283.281
10014,3.6600957,30286.941
10015,3.6614668,30290.604
10016,3.6621006,30294.266
10017,3.660937,30297.926
10018,3.6599355,30301.586
10019,3.6578505,30305.244
10020,3.656476,30308.9
10021,3.6546855,30312.555
10022,3.6519198,30316.207
10023,3.6493366,30319.855
10024,3.6471586,30323.502
10025,3.6463518,30327.148
10026,3.6461065,30330.795
10027,3.6457798,30334.441
10028,3.6464422,30338.088
10029,3.6474297,30341.734
10030,3.6488698,30345.383
10031,3.6503825,30349.033
10032,3.651928,30352.686
10033,3.6538372,30356.34
10034,3.6551614,30359.994
10035,3.6563077,30363.65
10036,3.6570656,30367.307
10037,3.655872,30370.963
10038,3.6533062,30374.615
10039,3.6501162,30378.266
10040,3.648173,30381.914
10041,3.6475155,30385.562
10042,3.6481497,30389.21
10043,3.6499612,30392.861
10044,3.6522765,30396.514
10045,3.6541574,30400.168
10046,3.655795,30403.824
10047,3.656345,30407.48
10048,3.6559625,30411.137
10049,3.654805,30414.791
10050,3.6550157,30418.445
10051,3.6554446,30422.102
10052,3.656224,30425.758
10053,3.6586058,30429.416
10054,3.6629028,30433.078
10055,3.666125,30436.744
10056,3.6679113,30440.412
10057,3.6689258,30444.08
10058,3.6678016,30447.748
10059,3.666018,30451.414
10060,3.6647143,30455.078
10061,3.6639917,30458.742
10062,3.662971,30462.404
10063,3.6614232,30466.066
10064,3.660553,30469.727
10065,3.660979,30473.387
10066,3.6623898,30477.049
10067,3.6643245,30480.713
10068,3.6653442,30484.379
10069,3.6648107,30488.043
10070,3.6642165,30491.707
10071,3.6644962,30495.371
10072,3.6655781,30499.037
10073,3.665895,30502.703
10074,3.6651595,30506.37
10075,3.663263,30510.033
10076,3.6602633,30513.693
10077,3.6571465,30517.35
10078,3.6545835,30521.004
10079,3.6521573,30524.656
10080,3.6504161,30528.307
10081,3.6497028,30531.957
10082,3.6508026,30535.607
10083,3.6525438,30539.26
10084,3.6549141,30542.914
10085,3.6575146,30546.572
10086,3.6607463,30550.232
10087,3.665107,30553.898
10088,3.668694,30557.566
10089,3.671334,30561.238
10090,3.672233,30564.91
10091,3.6704664,30568.58
10092,3.6680675,30572.248
10093,3.665486,30575.914
10094,3.6647398,30579.578
10095,3.6637917,30583.242
10096,3.6629574,30586.904
10097,3.6617892,30590.566
10098,3.6606123,30594.227
10099,3.658752,30597.885
10100,3.6562755,30601.541
10101,3.6531713,30605.193
10102,3.6507232,30608.844
10103,3.6485326,30612.492
10104,3.648647,30616.14
10105,3.6495657,30619.791
10106,3.6506763,30623.441
10107,3.6520867,30627.094
10108,3.6534142,30630.748
10109,3.653116,30634.4
10110,3.6523345,30638.053
10111,3.6521106,30641.705
10112,3.6514173,30645.357
10113,3.650027,30649.008
10114,3.6480248,30652.656
10115,3.6467001,30656.303
10116,3.6468499,30659.95
10117,3.6474102,30663.596
10118,3.6467843,30667.242
10119,3.645736,30670.889
10120,3.6454344,30674.533
10121,3.6459079,30678.18
10122,3.646949,30681.826
10123,3.647219,30685.473
10124,3.6462648,30689.12
10125,3.6452715,30692.764
10126,3.6438217,30696.408
10127,3.643703,30700.053
10128,3.6442838,30703.697
10129,3.6458714,30707.344
10130,3.647054,30710.99
10131,3.6479633,30714.639
10132,3.649603,30718.29
10133,3.6497846,30721.94
10134,3.649453,30725.59
10135,3.6484807,30729.238
10136,3.6477196,30732.887
10137,3.6480455,30736.535
10138,3.6503096,30740.186
10139,3.652451,30743.838
10140,3.6529264,30747.49
10141,3.6519122,30751.143
10142,3.6512172,30754.793
10143,3.6505864,30758.443
10144,3.6508908,30762.094
10145,3.651074,30765.744
10146,3.6503513,30769.395
10147,3.6495507,30773.045
10148,3.6494622,30776.695
10149,3.6500943,30780.346
10150,3.6512058,30783.996
10151,3.652953,30787.648
10152,3.6553972,30791.305
10153,3.65699,30794.96
10154,3.6566985,30798.617
10155,3.656711,30802.273
10156,3.6565197,30805.93
10157,3.6555722,30809.586
10158,3.655605,30813.242
10159,3.656079,30816.898
10160,3.6566098,30820.555
10161,3.6571193,30824.21
10162,3.658298,30827.87
10163,3.659739,30831.53
10164,3.661459,30835.191
10165,3.6627502,30838.854
10166,3.6648962,30842.518
10167,3.6675255,30846.186
10168,3.670142,30849.855
10169,3.6710286,30853.527
10170,3.6695585,30857.197
10171,3.6669161,30860.863
10172,3.6637294,30864.527
10173,3.6618211,30868.19
10174,3.6615386,30871.852
10175,3.6617093,30875.514
10176,3.6620598,30879.176
10177,3.661904,30882.838
10178,3.6625862,30886.5
10179,3.6639178,30890.164
10180,3.6643791,30893.828
10181,3.6639488,30897.492
10182,3.6631498,30901.156
10183,3.663367,30904.82
10184,3.663207,30908.484
10185,3.663464,30912.148
10186,3.6630862,30915.812
10187,3.6619647,30919.475
10188,3.6602368,30923.135
10189,3.6601639,30926.795
10190,3.6607654,30930.455
10191,3.662276,30934.117
10192,3.6638145,30937.781
10193,3.6654186,30941.447
10194,3.6667738,30945.113
10195,3.6674285,30948.781
10196,3.6667564,30952.447
10197,3.6644735,30956.111
10198,3.6621556,30959.773
10199,3.6603832,30963.434
10200,3.6592572,30967.094
10201,3.6587124,30970.752
10202,3.6598666,30974.412
10203,3.6616356,30978.074
10204,3.6628747,30981.736
10205,3.6636357,30985.4
10206,3.6639218,30989.064
10207,3.6638339,30992.729
10208,3.6636302,30996.393
10209,3.664441,31000.057
10210,3.6651638,31003.723
10211,3.665918,31007.389
10212,3.664926,31011.053
10213,3.663035,31014.715
10214,3.661179,31018.377
10215,3.6606758,31022.037
10216,3.660476,31025.697
10217,3.6611912,31029.36
10218,3.6629086,31033.021
10219,3.6640422,31036.686
10220,3.6635802,31040.35
10221,3.6618848,31044.012
10222,3.6605017,31047.672
10223,3.6589882,31051.33
10224,3.658558,31054.988
10225,3.6579192,31058.646
10226,3.6573524,31062.305
10227,3.6550765,31065.959
10228,3.6504126,31069.61
10229,3.645698,31073.256
10230,3.6416109,31076.898
10231,3.6391788,31080.537
10232,3.6370864,31084.174
10233,3.6363418,31087.81
10234,3.635977,31091.447
10235,3.6368735,31095.084
10236,3.638862,31098.723
10237,3.6421726,31102.365
10238,3.64388,31106.01
10239,3.64372,31109.654
10240,3.6428044,31113.297
10241,3.6429813,31116.94
10242,3.6444316,31120.584
10243,3.6460571,31124.23
10244,3.6473205,31127.877
10245,3.6480496,31131.525
10246,3.6481555,31135.174
10247,3.6491287,31138.822
10248,3.6509771,31142.473
10249,3.6520104,31146.125
10250,3.6514308,31149.777
10251,3.6500478,31153.428
10252,3.6479123,31157.076
10253,3.645899,31160.723
10254,3.643689,31164.367
10255,3.6422415,31168.01
10256,3.641587,31171.65
10257,3.6414316,31175.291
10258,3.6413755,31178.932
10259,3.6412957,31182.572
10260,3.6406186,31186.213
10261,3.6404026,31189.854
10262,3.639423,31193.492
10263,3.6381721,31197.13
10264,3.6368456,31200.768
10265,3.6362092,31204.404
10266,3.635762,31208.041
10267,3.636238,31211.678
10268,3.638962,31215.316
10269,3.642085,31218.959
10270,3.644667,31222.604
10271,3.6462593,31226.25
10272,3.6467202,31229.896
10273,3.6472096,31233.543
10274,3.6476665,31237.191
10275,3.6489444,31240.84
10276,3.6516247,31244.492
10277,3.655646,31248.148
10278,3.658875,31251.807
10279,3.6610887,31255.467
10280,3.662577,31259.129
10281,3.6628354,31262.791
10282,3.6623633,31266.453
10283,3.6614752,31270.115
10284,3.6619763,31273.777
10285,3.6634884,31277.441
10286,3.6665628,31281.107
10287,3.6684203,31284.775
10288,3.6688812,31288.443
10289,3.6675386,31292.111
10290,3.665858,31295.777
10291,3.6643722,31299.441
10292,3.664377,31303.105
10293,3.6650374,31306.77
10294,3.6666336,31310.436
10295,3.6677678,31314.104
10296,3.6689878,31317.773
10297,3.668597,31321.441
10298,3.666581,31325.107
10299,3.6641295,31328.771
10300,3.6629198,31332.434
10301,3.6630125,31336.096
10302,3.6629465,31339.758
10303,3.6620965,31343.42
10304,3.6595201,31347.08
10305,3.6572893,31350.738
10306,3.6564455,31354.395
10307,3.6567764,31358.05
10308,3.6577919,31361.709
10309,3.6590831,31365.367
10310,3.6609173,31369.027
10311,3.6622384,31372.69
10312,3.662598,31376.352
10313,3.662394,31380.014
10314,3.6605916,31383.674
10315,3.658,31387.332
10316,3.655159,31390.986
10317,3.652306,31394.639
10318,3.650258,31398.29
10319,3.6486874,31401.938
10320,3.6475105,31405.586
10321,3.6481273,31409.234
10322,3.650339,31412.885
10323,3.6537158,31416.54
10324,3.6569989,31420.195
10325,3.6584136,31423.854
10326,3.6590812,31427.512
10327,3.6586998,31431.17
10328,3.6590009,31434.828
10329,3.659263,31438.488
10330,3.6595523,31442.148
10331,3.658091,31445.807
10332,3.6566067,31449.463
10333,3.654539,31453.117
10334,3.6536152,31456.771
10335,3.6535542,31460.426
10336,3.6555624,31464.082
10337,3.6586668,31467.74
10338,3.6619146,31471.402
10339,3.663303,31475.066
10340,3.661137,31478.729
10341,3.657201,31482.385
10342,3.653258,31486.037
10343,3.652074,31489.69
10344,3.6535735,31493.344
10345,3.6555426,31497.0
10346,3.6560006,31500.656
10347,3.655379,31504.312
10348,3.653227,31507.965
10349,3.6512542,31511.615
10350,3.6494663,31515.266
10351,3.6498103,31518.916
10352,3.6515572,31522.568
10353,3.6544735,31526.223
10354,3.6557999,31529.879
10355,3.6555233,31533.535
10356,3.6543505,31537.19
10357,3.654032,31540.844
10358,3.6551232,31544.498
10359,3.6567056,31548.154
10360,3.6586568,31551.812
10361,3.6596806,31555.473
10362,3.6585686,31559.13
10363,3.6565804,31562.787
10364,3.6527834,31566.44
10365,3.649992,31570.09
10366,3.64743,31573.736
10367,3.6477783,31577.385
10368,3.64993,31581.035
10369,3.6526744,31584.688
10370,3.6528478,31588.34
10371,3.6509612,31591.99
10372,3.6483235,31595.639
10373,3.646553,31599.285
10374,3.6470218,31602.932
10375,3.649626,31606.582
10376,3.6536796,31610.236
10377,3.6569958,31613.893
10378,3.6592467,31617.553
10379,3.6599941,31621.213
10380,3.660587,31624.873
10381,3.6605043,31628.533
10382,3.6581929,31632.191
10383,3.6553764,31635.848
10384,3.6539378,31639.502
10385,3.6532948,31643.154
10386,3.6531346,31646.807
10387,3.654041,31650.46
10388,3.657158,31654.117
10389,3.6611495,31657.78
10390,3.663389,31661.443
10391,3.6643593,31665.107
10392,3.6643944,31668.771
10393,3.6647024,31672.436
10394,3.6660948,31676.102
10395,3.6676867,31679.77
10396,3.6696799,31683.44
10397,3.6715755,31687.111
10398,3.6730447,31690.785
10399,3.67387,31694.459
10400,3.673384,31698.133
10401,3.6728888,31701.807
10402,3.6718242,31705.479
10403,3.6705632,31709.148
10404,3.669312,31712.818
10405,3.6691601,31716.488
10406,3.6689775,31720.158
10407,3.6679628,31723.826
10408,3.6672604,31727.494
10409,3.6666324,31731.16
10410,3.666245,31734.826
10411,3.6661239,31738.492
10412,3.6654506,31742.158
10413,3.665826,31745.824
10414,3.6664574,31749.49
10415,3.6671824,31753.158
10416,3.666984,31756.824
10417,3.6662827,31760.49
10418,3.6667626,31764.156
10419,3.6682086,31767.824
10420,3.6696258,31771.494
10421,3.6697967,31775.164
10422,3.6694705,31778.834
10423,3.6689136,31782.502
10424,3.667298,31786.17
10425,3.6636941,31789.834
10426,3.6595192,31793.494
10427,3.6543844,31797.148
10428,3.6497755,31800.799
10429,3.6452923,31804.443
10430,3.6428196,31808.086
10431,3.642617,31811.729
10432,3.6436038,31815.373
10433,3.6450253,31819.018
10434,3.647081,31822.664
10435,3.6496606,31826.314
10436,3.6521444,31829.967
10437,3.6534016,31833.621
10438,3.6541588,31837.275
10439,3.6538303,31840.93
10440,3.6529307,31844.582
10441,3.6529846,31848.234
10442,3.6545846,31851.889
10443,3.6567476,31855.545
10444,3.6588736,31859.203
10445,3.6599567,31862.863
10446,3.6589937,31866.521
10447,3.6573336,31870.18
10448,3.655832,31873.836
10449,3.655298,31877.492
10450,3.6549618,31881.146
10451,3.654852,31884.8
10452,3.6530197,31888.453
10453,3.6516545,31892.105
10454,3.6504302,31895.756
10455,3.649505,31899.406
10456,3.6471412,31903.053
10457,3.6450405,31906.697
10458,3.645508,31910.344
10459,3.6485403,31913.992
10460,3.65294,31917.645
10461,3.6565216,31921.3
10462,3.6593895,31924.96
10463,3.661785,31928.623
10464,3.6634166,31932.287
10465,3.6642654,31935.951
10466,3.6653569,31939.617
10467,3.6656728,31943.283
10468,3.6656854,31946.95
10469,3.6653905,31950.615
10470,3.6653874,31954.281
10471,3.66534,31957.947
10472,3.666352,31961.613
10473,3.667518,31965.281
10474,3.669462,31968.951
10475,3.671903,31972.623
10476,3.6742828,31976.297
10477,3.6751974,31979.973
10478,3.6756392,31983.648
10479,3.6748827,31987.324
10480,3.6736777,31990.998
10481,3.6719067,31994.67
10482,3.6703486,31998.34
10483,3.6681933,32002.008
10484,3.6675563,32005.676
10485,3.6682053,32009.344
10486,3.6708534,32013.014
10487,3.6726255,32016.686
10488,3.673311,32020.36
10489,3.670843,32024.03
10490,3.6661677,32027.695
10491,3.661192,32031.357
10492,3.6577249,32035.016
10493,3.6554005,32038.672
10494,3.6549706,32042.326
10495,3.656027,32045.982
10496,3.6569972,32049.639
10497,3.65741,32053.297
10498,3.656585,32056.953
10499,3.6534855,32060.607
10500,3.649311,32064.256
10501,3.6461558,32067.902
10502,3.6441853,32071.547
10503,3.6447248,32075.191
10504,3.6477864,32078.84
10505,3.652264,32082.492
10506,3.6554012,32086.148
10507,3.6548085,32089.803
10508,3.6531367,32093.455
10509,3.650965,32097.105
10510,3.6501422,32100.756
10511,3.650494,32104.406
10512,3.6510801,32108.057
10513,3.6514351,32111.709
10514,3.6504228,32115.36
10515,3.6478071,32119.008
10516,3.644236,32122.652
10517,3.6422958,32126.295
10518,3.6420083,32129.938
10519,3.6438031,32133.582
10520,3.6463776,32137.229
10521,3.6483939,32140.877
10522,3.6497316,32144.527
10523,3.6507745,32148.178
10524,3.651627,32151.83
10525,3.6520512,32155.482
10526,3.6528082,32159.135
10527,3.652763,32162.787
10528,3.651721,32166.44
10529,3.6511462,32170.09
10530,3.650928,32173.74
10531,3.6509545,32177.39
10532,3.650706,32181.041
10533,3.6501417,32184.691
10534,3.6496837,32188.342
10535,3.6493022,32191.99
10536,3.6492658,32195.639
10537,3.6498275,32199.29
10538,3.6505306,32202.94
10539,3.6514637,32206.592
10540,3.652546,32210.244
10541,3.6547756,32213.898
10542,3.6569064,32217.555
10543,3.6601286,32221.215
10544,3.6630666,32224.877
10545,3.6659153,32228.543
10546,3.6677105,32232.21
10547,3.6695988,32235.88
10548,3.6715765,32239.553
10549,3.67385,32243.227
10550,3.6737063,32246.9
10551,3.673494,32250.574
10552,3.6725335,32254.246
10553,3.6708162,32257.916
10554,3.669584,32261.586
10555,3.6694264,32265.256
10556,3.671282,32268.928
10557,3.673061,32272.602
10558,3.6725252,32276.273
10559,3.6714833,32279.945
10560,3.6693718,32283.615
10561,3.6689785,32287.285
10562,3.6704865,32290.955
10563,3.673615,32294.629
10564,3.677257,32298.307
10565,3.6807332,32301.988
10566,3.6825664,32305.67
10567,3.683342,32309.354
10568,3.6836355,32313.037
10569,3.6823218,32316.719
10570,3.679848,32320.398
10571,3.678652,32324.076
10572,3.678401,32327.754
10573,3.6776075,32331.432
10574,3.6768692,32335.11
10575,3.6752908,32338.785
10576,3.6732135,32342.459
10577,3.6735265,32346.133
10578,3.6756408,32349.809
10579,3.6768947,32353.486
10580,3.6764364,32357.162
10581,3.6748443,32360.838
10582,3.672197,32364.51
10583,3.6691375,32368.18
10584,3.6670256,32371.848
10585,3.665905,32375.514
10586,3.665749,32379.18
10587,3.6650295,32382.844
10588,3.664652,32386.508
10589,3.6641326,32390.172
10590,3.6644924,32393.836
10591,3.6646354,32397.5
10592,3.66525,32401.166
10593,3.665654,32404.832
10594,3.6666908,32408.498
10595,3.6669934,32412.166
10596,3.6663723,32415.832
10597,3.6642656,32419.496
10598,3.6611001,32423.156
10599,3.6592462,32426.816
10600,3.658869,32430.475
10601,3.6588879,32434.133
10602,3.6586044,32437.791
10603,3.6582873,32441.45
10604,3.6569552,32445.105
10605,3.6548326,32448.76
10606,3.6529639,32452.412
10607,3.6518064,32456.064
10608,3.6506147,32459.715
10609,3.650164,32463.365
10610,3.6520517,32467.018
10611,3.6553886,32470.674
10612,3.6583672,32474.332
10613,3.6582973,32477.99
10614,3.6559017,32481.646
10615,3.6525395,32485.299
10616,3.6493094,32488.947
10617,3.6473088,32492.594
10618,3.645595,32496.24
10619,3.645044,32499.885
10620,3.644068,32503.53
10621,3.6433523,32507.172
10622,3.6444204,32510.816
10623,3.6459427,32514.463
10624,3.6465762,32518.11
10625,3.6480496,32521.758
10626,3.6487389,32525.406
10627,3.6487777,32529.055
10628,3.6500201,32532.705
10629,3.651542,32536.357
10630,3.6525733,32540.01
10631,3.6532311,32543.662
10632,3.6543117,32547.316
10633,3.656199,32550.973
10634,3.6589634,32554.63
10635,3.661641,32558.293
10636,3.6643615,32561.957
10637,3.6658504,32565.623
10638,3.6649306,32569.287
10639,3.6613355,32572.95
10640,3.6563692,32576.605
10641,3.6526916,32580.258
10642,3.6517532,32583.91
10643,3.651591,32587.562
10644,3.651583,32591.215
10645,3.652504,32594.867
10646,3.6538143,32598.521
10647,3.6549954,32602.176
10648,3.6545982,32605.83
10649,3.6527998,32609.482
10650,3.651601,32613.135
10651,3.6507318,32616.785
10652,3.6508691,32620.436
10653,3.6527524,32624.088
10654,3.6563115,32627.744
10655,3.6594872,32631.404
10656,3.661488,32635.066
10657,3.6618376,32638.729
10658,3.6595898,32642.389
10659,3.6563234,32646.045
10660,3.6554,32649.701
10661,3.6558464,32653.357
10662,3.6566033,32657.014
10663,3.6565928,32660.67
10664,3.6570473,32664.326
10665,3.6580853,32667.984
10666,3.6599202,32671.645
10667,3.6617308,32675.307
10668,3.6626024,32678.969
10669,3.661746,32682.63
10670,3.659786,32686.291
10671,3.6573715,32689.95
10672,3.6565552,32693.605
10673,3.656455,32697.262
10674,3.656553,32700.918
10675,3.6554894,32704.574
10676,3.6540036,32708.229
10677,3.651668,32711.88
10678,3.6507177,32715.531
10679,3.649787,32719.182
10680,3.650875,32722.832
10681,3.6518517,32726.484
10682,3.6526468,32730.137
10683,3.6513603,32733.787
10684,3.6486423,32737.436
10685,3.6466467,32741.082
10686,3.6456158,32744.729
10687,3.6455553,32748.375
10688,3.6459873,32752.021
10689,3.6465795,32755.668
10690,3.645156,32759.312
10691,3.642882,32762.955
10692,3.6409948,32766.596
10693,3.6405306,32770.234
10694,3.6410208,32773.875
10695,3.6425688,32777.516
10696,3.643716,32781.16
10697,3.6452186,32784.805
10698,3.6461864,32788.45
10699,3.6466212,32792.098
10700,3.6465826,32795.746
10701,3.6450543,32799.39
10702,3.6413105,32803.03
10703,3.6377525,32806.668
10704,3.6360147,32810.305
10705,3.636767,32813.94
10706,3.6393468,32817.582
10707,3.6424937,32821.223
10708,3.6459858,32824.867
10709,3.6479797,32828.516
10710,3.6497302,32832.164
10711,3.650964,32835.816
10712,3.652088,32839.47
10713,3.6525154,32843.12
10714,3.6540632,32846.773
10715,3.6555963,32850.43
10716,3.6574771,32854.086
10717,3.6585362,32857.746
10718,3.65958,32861.406
10719,3.6608055,32865.066
10720,3.6625774,32868.73
10721,3.6637194,32872.395
10722,3.6646411,32876.06
10723,3.6650593,32879.723
10724,3.6646788,32883.387
10725,3.6658885,32887.05
10726,3.6675677,32890.72
10727,3.6696022,32894.387
10728,3.6706896,32898.06
10729,3.670945,32901.73
10730,3.6707828,32905.402
10731,3.6717606,32909.074
10732,3.6736333,32912.746
10733,3.6773727,32916.42
10734,3.6788871,32920.1
10735,3.6801476,32923.78
10736,3.6797783,32927.46
10737,3.6811287,32931.14
10738,3.6827765,32934.824
10739,3.6860924,32938.51
10740,3.6887462,32942.2
10741,3.691135,32945.89
10742,3.6909833,32949.582
10743,3.6917741,32953.273
10744,3.6936865,32956.97
10745,3.6967037,32960.664
10746,3.6963866,32964.36
10747,3.6942272,32968.055
10748,3.689788,32971.746
10749,3.688128,32975.434
10750,3.6900194,32979.125
10751,3.6954002,32982.82
10752,3.700214,32986.52
10753,3.703759,32990.223
10754,3.7027624,32993.926
10755,3.6954775,32997.62
10756,3.6628768,33001.285
10757,3.6189406,33004.902
10758,3.5948317,33008.496
10759,3.5900598,33012.086
10760,3.5866666,33015.67
10761,3.58299,33019.254
10762,3.5786376,33022.832
10763,3.5732586,33026.406
10764,3.5682178,33029.973
10765,3.563893,33033.535
10766,3.5618885,33037.098
10767,3.5600672,33040.656
10768,3.5583153,33044.215
10769,3.5557668,33047.77
10770,3.5559306,33051.324
10771,3.5584297,33054.883
10772,3.5627139,33058.445
10773,3.5664783,33062.01
10774,3.5683498,33065.58
10775,3.5696063,33069.15
10776,3.5714605,33072.72
10777,3.5736632,33076.293
10778,3.575991,33079.867
10779,3.5775697,33083.445
10780,3.5769098,33087.023
10781,3.5762243,33090.6
10782,3.5754051,33094.176
10783,3.5762448,33097.754
10784,3.5781877,33101.332
10785,3.5825143,33104.914
10786,3.5862463,33108.5
10787,3.5905092,33112.09
10788,3.594702,33115.684
10789,3.597093,33119.28
10790,3.5962615,33122.88
10791,3.5963223,33126.477
10792,3.596151,33130.074
10793,3.5967758,33133.67
10794,3.597714,33137.27
10795,3.6001277,33140.87
10796,3.6017153,33144.473
10797,3.604006,33148.08
10798,3.607522,33151.688
10799,3.612897,33155.3
10800,3.6179345,33158.918
10801,3.623328,33162.543
10802,3.6282833,33166.17
10803,3.6326675,33169.805
10804,3.637672,33173.44
10805,3.6424234,33177.082
10806,3.643981,33180.727
10807,3.6481283,33184.375
10808,3.6517491,33188.027
10809,3.658321,33191.688
10810,3.6646008,33195.35
10811,3.672354,33199.023
10812,3.6775403,33202.7
10813,3.6788538,33206.38
10814,3.6779726,33210.06
10815,3.6770926,33213.734
10816,3.6769922,33217.41
10817,3.6761827,33221.086
10818,3.674371,33224.76
10819,3.6721718,33228.434
10820,3.6714828,33232.105
10821,3.6701083,33235.777
10822,3.6697752,33239.445
10823,3.6715693,33243.117
10824,3.674827,33246.793
10825,3.6779034,33250.473
10826,3.6829617,33254.156
10827,3.6873052,33257.844
10828,3.6936324,33261.54
10829,3.6997325,33265.24
10830,3.7047188,33268.94
10831,3.7085717,33272.65
10832,3.71413,33276.363
10833,3.7170467,33280.082
10834,3.7184682,33283.8
10835,3.7175648,33287.52
10836,3.7165294,33291.234
10837,3.714758,33294.95
10838,3.7148628,33298.664
10839,3.712775,33302.375
10840,3.7097998,33306.086
10841,3.706668,33309.793
10842,3.7075229,33313.5
10843,3.7091434,33317.21
10844,3.7108505,33320.92
10845,3.7092216,33324.633
10846,3.703981,33328.336
10847,3.6927886,33332.027
10848,3.6785972,33335.707
10849,3.665326,33339.37
10850,3.6576052,33343.027
10851,3.6520278,33346.68
10852,3.6468284,33350.33
10853,3.638339,33353.965
10854,3.6322894,33357.598
10855,3.6309955,33361.23
10856,3.6364915,33364.867
10857,3.6438744,33368.51
10858,3.646929,33372.16
10859,3.6437073,33375.805
10860,3.6405938,33379.445
10861,3.6418614,33383.086
10862,3.6480632,33386.734
10863,3.6534917,33390.387
10864,3.6547756,33394.043
10865,3.6532269,33397.695
10866,3.6534698,33401.348
10867,3.6546938,33405.004
10868,3.6566794,33408.66
10869,3.6570537,33412.316
10870,3.6581128,33415.973
10871,3.6578517,33419.63
10872,3.6586,33423.29
10873,3.6577861,33426.945
10874,3.657686,33430.6
10875,3.656623,33434.258
10876,3.654971,33437.914
10877,3.6527781,33441.566
10878,3.6507611,33445.22
10879,3.6500096,33448.867
10880,3.6515698,33452.52
10881,3.6535513,33456.17
10882,3.656176,33459.83
10883,3.6570451,33463.484
10884,3.6575255,33467.14
10885,3.6557987,33470.797
10886,3.6534896,33474.45
10887,3.650647,33478.1
10888,3.6491165,33481.75
10889,3.6490834,33485.4
10890,3.6498659,33489.047
10891,3.6509535,33492.7
10892,3.652115,33496.35
10893,3.6521928,33500.004
10894,3.6521795,33503.656
10895,3.651122,33507.31
10896,3.6501424,33510.957
10897,3.6493926,33514.605
10898,3.6502664,33518.254
10899,3.6518219,33521.906
10900,3.6540015,33525.56
10901,3.6549687,33529.215
10902,3.6560605,33532.87
10903,3.6555047,33536.527
10904,3.654778,33540.184
10905,3.6526747,33543.836
10906,3.651435,33547.49
10907,3.6501644,33551.137
10908,3.650395,33554.79
10909,3.6503804,33558.438
10910,3.6513777,33562.09
10911,3.6524959,33565.742
10912,3.6532707,33569.395
10913,3.65367,33573.047
10914,3.6546712,33576.703
10915,3.6553044,33580.36
10916,3.6554053,33584.016
10917,3.6551127,33587.67
10918,3.656158,33591.33
10919,3.6571221,33594.984
10920,3.6580472,33598.64
10921,3.657823,33602.297
10922,3.6579943,33605.953
10923,3.656985,33609.61
10924,3.6559134,33613.266
10925,3.6542184,33616.918
10926,3.6529095,33620.57
10927,3.6519258,33624.223
10928,3.6518583,33627.875
10929,3.6525443,33631.527
10930,3.6543553,33635.184
10931,3.6565645,33638.84
10932,3.6582882,33642.5
10933,3.6583853,33646.16
10934,3.6580908,33649.816
10935,3.6567721,33653.473
10936,3.6563013,33657.13
10937,3.65691,33660.785
10938,3.6588411,33664.445
10939,3.6614783,33668.105
10940,3.6648386,33671.77
10941,3.6670012,33675.438
10942,3.6685348,33679.105
10943,3.6688337,33682.773
10944,3.6692429,33686.44
10945,3.6696417,33690.11
10946,3.6710327,33693.78
10947,3.6720576,33697.453
10948,3.6749425,33701.13
10949,3.6814597,33704.81
10950,3.6887882,33708.496
10951,3.6933267,33712.188
10952,3.6966205,33715.883
10953,3.6993034,33719.582
10954,3.7013671,33723.285
10955,3.7006412,33726.984
10956,3.6951253,33730.68
10957,3.6837094,33734.363
10958,3.660465,33738.023
10959,3.6179278,33741.64
10960,3.561153,33745.203
10961,3.5236812,33748.727
10962,3.511472,33752.24
10963,3.511121,33755.75
10964,3.5140162,33759.266
10965,3.5191007,33762.785
10966,3.5251336,33766.31
10967,3.5317822,33769.84
10968,3.5369327,33773.375
10969,3.5424829,33776.918
10970,3.5494418,33780.47
10971,3.55714,33784.027
10972,3.563988,33787.59
10973,3.5697343,33791.16
10974,3.5738702,33794.734
10975,3.577192,33798.312
10976,3.5796697,33801.89
10977,3.5826106,33805.473
10978,3.5869114,33809.06
10979,3.5926263,33812.652
10980,3.5996835,33816.254
10981,3.6069696,33819.86
10982,3.6142733,33823.473
10983,3.6217961,33827.094
10984,3.6297991,33830.723
10985,3.6380785,33834.36
10986,3.646828,33838.008
10987,3.6546056,33841.664
10988,3.66109,33845.324
10989,3.6652772,33848.99
10990,3.667575,33852.656
10991,3.6691635,33856.324
10992,3.6704214,33859.996
10993,3.6734407,33863.668
10994,3.6774945,33867.344
10995,3.6810713,33871.023
10996,3.6831896,33874.707
10997,3.691775,33878.4
10998,3.7057436,33882.105
10999,3.725731,33885.832
11000,3.740404,33889.574
11001,3.7589777,33893.332
11002,3.772411,33897.105
11003,3.7862222,33900.89
11004,3.7944555,33904.684
11005,3.802197,33908.484
11006,3.8039114,33912.29
11007,3.806451,33916.094
11008,3.8052764,33919.9
11009,3.809744,33923.707
11010,3.8119783,33927.52
11011,3.8188574,33931.34
11012,3.8200798,33935.16
11013,3.8222234,33938.98
11014,3.819579,33942.8
11015,3.817502,33946.617
11016,3.813828,33950.43
11017,3.810908,33954.242
11018,3.8047981,33958.047
11019,3.8000906,33961.848
11020,3.7979867,33965.645
11021,3.7997813,33969.445
11022,3.802144,33973.246
11023,3.805002,33977.05
11024,3.80663,33980.855
11025,3.8097618,33984.664
11026,3.8109198,33988.477
11027,3.8093328,33992.285
11028,3.8054962,33996.09
11029,3.8008208,33999.89
11030,3.7972777,34003.688
11031,3.793218,34007.48
11032,3.7901945,34011.27
11033,3.787214,34015.06
11034,3.787257,34018.848
11035,3.7871323,34022.637
11036,3.7864482,34026.42
11037,3.7845836,34030.207
11038,3.7824652,34033.99
11039,3.782591,34037.77
11040,3.786644,34041.555
11041,3.791742,34045.348
11042,3.7968318,34049.145
11043,3.7993333,34052.945
11044,3.7989767,34056.746
11045,3.7967498,34060.543
11046,3.793575,34064.336
11047,3.7910495,34068.13
11048,3.7915769,34071.92
11049,3.7926729,34075.715
11050,3.7958508,34079.51
11051,3.7982967,34083.31
11052,3.8001766,34087.11
11053,3.7995622,34090.91
11054,3.797387,34094.707
11055,3.7942886,34098.5
11056,3.7933407,34102.293
11057,3.7951753,34106.09
11058,3.7967184,34109.887
11059,3.7955034,34113.684
11060,3.79058,34117.473
11061,3.7859755,34121.258
11062,3.7856429,34125.043
11063,3.7866042,34128.83
11064,3.786674,34132.613
11065,3.7847888,34136.4
11066,3.7822866,34140.18
11067,3.7815099,34143.96
11068,3.7822092,34147.742
11069,3.7833095,34151.527
11070,3.783752,34155.312
11071,3.7847068,34159.098
11072,3.7874324,34162.887
11073,3.7924392,34166.68
11074,3.7980843,34170.477
11075,3.8021557,34174.277
11076,3.805531,34178.082
11077,3.8076909,34181.89
11078,3.8085592,34185.7
11079,3.806632,34189.504
11080,3.8052144,34193.31
11081,3.8038604,34197.113
11082,3.8040204,34200.918
11083,3.8051653,34204.723
11084,3.8068209,34208.53
11085,3.8071573,34212.34
11086,3.8065698,34216.145
11087,3.8086119,34219.953
11088,3.811263,34223.766
11089,3.8135037,34227.58
11090,3.8138585,34231.39
11091,3.814461,34235.207
11092,3.8148277,34239.023
11093,3.8175738,34242.84
11094,3.8201108,34246.66
11095,3.8228567,34250.484
11096,3.8238041,34254.31
11097,3.8241718,34258.133
11098,3.8247943,34261.957
11099,3.8265028,34265.785
11100,3.828025,34269.613
11101,3.8286312,34273.44
11102,3.8281949,34277.27
11103,3.8279524,34281.098
11104,3.828761,34284.926
11105,3.8317819,34288.758
11106,3.8366466,34292.594
11107,3.840638,34296.434
11108,3.8434567,34300.277
11109,3.8454008,34304.12
11110,3.8456957,34307.965
11111,3.8529055,34311.816
11112,3.8725514,34315.688
11113,3.8947494,34319.582
11114,3.9179573,34323.5
11115,3.9382327,34327.438
11116,3.9591365,34331.4
11117,3.975619,34335.375
11118,3.9881597,34339.363
11119,3.9861915,34343.348
11120,3.9717507,34347.32
11121,3.9582777,34351.277
11122,3.955144,34355.234
11123,3.961623,34359.195
11124,3.9695492,34363.164
11125,3.9727685,34367.137
11126,3.9733632,34371.11
11127,3.9752166,34375.086
11128,3.979629,34379.066
11129,3.9804218,34383.047
11130,3.977231,34387.023
11131,3.9711795,34390.996
11132,3.9683146,34394.965
11133,3.9704509,34398.934
11134,3.9750302,34402.91
11135,3.9784687,34406.887
11136,3.9806292,34410.867
11137,3.9822485,34414.848
11138,3.9833913,34418.832
11139,3.985516,34422.816
11140,3.9873734,34426.805
11141,3.9904122,34430.797
11142,3.9929607,34434.79
11143,3.9952323,34438.785
11144,3.9958706,34442.78
11145,3.9955742,34446.777
11146,3.994744,34450.773
11147,3.9951885,34454.77
11148,3.994939,34458.766
11149,3.9978764,34462.76
11150,4.0016737,34466.76
11151,4.002755,34470.766
11152,4.001632,34474.766
11153,3.9987164,34478.766
11154,3.9964492,34482.76
11155,3.9947772,34486.758
11156,3.9947445,34490.754
11157,3.996047,34494.75
11158,3.9974394,34498.746
11159,3.9975893,34502.742
11160,3.9920073,34506.734
11161,3.984638,34510.72
11162,3.9789433,34514.7
11163,3.9745476,34518.67
11164,3.9728072,34522.645
11165,3.9705849,34526.613
11166,3.969512,34530.582
11167,3.9644585,34534.547
11168,3.96127,34538.508
11169,3.9601736,34542.47
11170,3.961439,34546.43
11171,3.9654598,34550.395
11172,3.968763,34554.363
11173,3.9729636,34558.336
11174,3.9748971,34562.312
11175,3.9766812,34566.29
11176,3.9740667,34570.26
11177,3.970439,34574.23
11178,3.9650164,34578.195
11179,3.962415,34582.156
11180,3.960189,34586.117
11181,3.9629385,34590.082
11182,3.9667158,34594.047
11183,3.9726644,34598.02
11184,3.9765537,34601.996
11185,3.9798791,34605.977
11186,3.9782438,34609.953
11187,3.9775856,34613.93
11188,3.9771535,34617.906
11189,3.980022,34621.887
11190,3.9819372,34625.867
11191,3.9843407,34629.85
11192,3.9852657,34633.836
11193,3.988119,34637.824
11194,3.9931026,34641.816
11195,3.9999435,34645.816
11196,4.0037036,34649.82
11197,4.006546,34653.83
11198,4.0064383,34657.836
11199,4.007352,34661.844
11200,4.008336,34665.85
11201,4.010657,34669.863
11202,4.011981,34673.875
11203,4.0147953,34677.89
11204,4.017349,34681.906
11205,4.020381,34685.926
11206,4.0236025,34689.95
11207,4.0263824,34693.977
11208,4.027205,34698.004
11209,4.027601,34702.03
11210,4.0263147,34706.06
11211,4.0266266,34710.086
11212,4.026336,34714.113
11213,4.0271177,34718.14
11214,4.0294914,34722.17
11215,4.0332303,34726.207
11216,4.036337,34730.242
11217,4.038971,34734.28
11218,4.039073,34738.32
11219,4.038996,34742.36
11220,4.038728,34746.4
11221,4.04009,34750.438
11222,4.0444975,34754.48
11223,4.0507126,34758.53
11224,4.0561857,34762.586
11225,4.061611,34766.65
11226,4.0650167,34770.715
11227,4.072162,34774.785
11228,4.0789475,34778.863
11229,4.0868154,34782.95
11230,4.090091,34787.04
11231,4.091439,34791.13
11232,4.0917344,34795.22
11233,4.0927763,34799.312
11234,4.0979156,34803.41
11235,4.1033688,34807.51
11236,4.106334,34811.617
11237,4.106539,34815.723
11238,4.106491,34819.83
11239,4.1070275,34823.934
11240,4.10903,34828.043
11241,4.111621,34832.156
11242,4.1136923,34836.27
11243,4.1147504,34840.383
11244,4.1172004,34844.5
11245,4.120793,34848.62
11246,4.1233873,34852.746
11247,4.123193,34856.87
11248,4.12276,34860.992
11249,4.123545,34865.117
11250,4.124856,34869.242
11251,4.1264834,34873.367
11252,4.1275587,34877.496
11253,4.1284833,34881.625
11254,4.128373,34885.754
11255,4.125882,34889.88
11256,4.1250772,34894.004
11257,4.1261177,34898.13
11258,4.1287913,34902.258
11259,4.1316047,34906.39
11260,4.133129,34910.523
11261,4.1332426,34914.656
11262,4.133145,34918.79
11263,4.1318707,34922.92
11264,4.131867,34927.055
11265,4.1346993,34931.188
11266,4.141324,34935.33
11267,4.14928,34939.477
11268,4.154327,34943.633
11269,4.1548796,34947.79
11270,4.152008,34951.94
11271,4.147342,34956.09
11272,4.146152,34960.234
11273,4.148881,34964.383
11274,4.151902,34968.535
11275,4.152379,34972.688
11276,4.150616,34976.84
11277,4.14938,34980.99
11278,4.1522355,34985.14
11279,4.1550846,34989.297
11280,4.158972,34993.457
11281,4.162865,34997.62
11282,4.165735,35001.785
11283,4.1646595,35005.95
11284,4.1641417,35010.113
11285,4.163259,35014.277
11286,4.164537,35018.44
11287,4.166908,35022.61
11288,4.167428,35026.777
11289,4.1633725,35030.94
11290,4.1589646,35035.1
11291,4.1550746,35039.258
11292,4.153634,35043.41
11293,4.1532164,35047.562
11294,4.153733,35051.715
11295,4.154024,35055.867
11296,4.1548495,35060.023
11297,4.1539054,35064.176
11298,4.151368,35068.33
11299,4.1485257,35072.477
11300,4.1464787,35076.62
11301,4.143414,35080.766
11302,4.140784,35084.906
11303,4.139507,35089.047
11304,4.138698,35093.188
11305,4.1379404,35097.324
11306,4.1376805,35101.46
11307,4.1381006,35105.598
11308,4.1413126,35109.74
11309,4.143876,35113.883
11310,4.147263,35118.03
11311,4.1483045,35122.18
11312,4.1481833,35126.33
11313,4.144675,35130.473
11314,4.1420274,35134.613
11315,4.1383047,35138.75
11316,4.1373534,35142.887
11317,4.137318,35147.023
11318,4.1374345,35151.16
11319,4.1387086,35155.3
11320,4.142495,35159.44
11321,4.1457553,35163.586
11322,4.1484637,35167.734
11323,4.1493235,35171.883
11324,4.1516767,35176.035
11325,4.1512537,35180.188
11326,4.14755,35184.336
11327,4.1410513,35188.477
11328,4.135571,35192.613
11329,4.1269145,35196.74
11330,4.1239285,35200.863
11331,4.1221147,35204.984
11332,4.125185,35209.11
11333,4.128339,35213.24
11334,4.130053,35217.367
11335,4.128761,35221.496
11336,4.1268334,35225.62
11337,4.1275935,35229.75
11338,4.130205,35233.88
11339,4.1328254,35238.01
11340,4.1336503,35242.145
11341,4.1337037,35246.277
11342,4.1336694,35250.41
11343,4.131011,35254.543
11344,4.128624,35258.67
11345,4.1247826,35262.797
11346,4.122218,35266.918
11347,4.116941,35271.035
11348,4.110843,35275.145
11349,4.1056223,35279.25
11350,4.10368,35283.355
11351,4.1039395,35287.46
11352,4.104141,35291.566
11353,4.103679,35295.67
11354,4.102739,35299.773
11355,4.09782,35303.87
11356,4.092128,35307.965
11357,4.085759,35312.05
11358,4.0819707,35316.133
11359,4.076412,35320.21
11360,4.072337,35324.285
11361,4.069692,35328.355
11362,4.0685863,35332.426
11363,4.067531,35336.492
11364,4.066885,35340.56
11365,4.065718,35344.625
11366,4.063541,35348.688
11367,4.0629606,35352.75
11368,4.0625772,35356.812
11369,4.0603004,35360.87
11370,4.0571737,35364.93
11371,4.0528483,35368.984
11372,4.048632,35373.03
11373,4.043955,35377.074
11374,4.043846,35381.117
11375,4.0482197,35385.164
11376,4.0543027,35389.22
11377,4.0597806,35393.277
11378,4.063848,35397.34
11379,4.065592,35401.406
11380,4.0670514,35405.473
11381,4.0664062,35409.54
11382,4.0656605,35413.605
11383,4.0646176,35417.67
11384,4.063558,35421.734
11385,4.0623984,35425.797
11386,4.062156,35429.86
11387,4.062798,35433.92
11388,4.0633698,35437.984
11389,4.063086,35442.047
11390,4.061687,35446.11
11391,4.060985,35450.17
11392,4.0614014,35454.234
11393,4.061755,35458.297
11394,4.0633683,35462.36
11395,4.065239,35466.426
11396,4.0667987,35470.492
11397,4.0675316,35474.56
11398,4.064728,35478.625
11399,4.0603733,35482.684
11400,4.0563912,35486.74
11401,4.0530176,35490.793
11402,4.0494905,35494.844
11403,4.045923,35498.89
11404,4.0434313,35502.934
11405,4.0425687,35506.977
11406,4.0441346,35511.02
11407,4.0467896,35515.066
11408,4.050064,35519.117
11409,4.0521564,35523.168
11410,4.052162,35527.22
11411,4.049988,35531.27
11412,4.0464244,35535.316
11413,4.0440354,35539.36
11414,4.0427103,35543.402
11415,4.043758,35547.445
11416,4.043671,35551.49
11417,4.042679,35555.53
11418,4.040904,35559.57
11419,4.040257,35563.61
11420,4.0401173,35567.65
11421,4.041629,35571.69
11422,4.0429673,35575.734
11423,4.0432186,35579.777
11424,4.043323,35583.82
11425,4.0423822,35587.863
11426,4.042861,35591.906
11427,4.0423384,35595.95
11428,4.0416665,35599.992
11429,4.039968,35604.03
11430,4.0390234,35608.07
11431,4.0389338,35612.11
11432,4.039098,35616.15
11433,4.039351,35620.188
11434,4.0401826,35624.227
11435,4.039935,35628.266
11436,4.0415816,35632.31
11437,4.0431986,35636.35
11438,4.0438957,35640.395
11439,4.044002,35644.438
11440,4.043132,35648.48
11441,4.042327,35652.523
11442,4.0415916,35656.566
11443,4.040001,35660.605
11444,4.0404434,35664.645
11445,4.041399,35668.688
11446,4.042719,35672.73
11447,4.04412,35676.773
11448,4.045589,35680.82
11449,4.0472555,35684.867
11450,4.046276,35688.914
11451,4.0444026,35692.957
11452,4.0415354,35697.0
11453,4.0395126,35701.04
11454,4.038297,35705.08
11455,4.035581,35709.113
11456,4.0336885,35713.15
11457,4.033321,35717.184
11458,4.035993,35721.22
11459,4.0392313,35725.258
11460,4.0413957,35729.3
11461,4.043083,35733.344
11462,4.04328,35737.387
11463,4.042137,35741.43
11464,4.0400367,35745.47
11465,4.0391355,35749.508
11466,4.0382934,35753.547
11467,4.037472,35757.586
11468,4.0357223,35761.62
11469,4.034882,35765.656
11470,4.0349436,35769.69
11471,4.0353484,35773.727
11472,4.0348988,35777.76
11473,4.0327134,35781.793
11474,4.030061,35785.824
11475,4.0277433,35789.85
11476,4.0262876,35793.88
11477,4.0258555,35797.906
11478,4.025417,35801.934
11479,4.0257525,35805.96
11480,4.0251255,35809.984
11481,4.0246744,35814.008
11482,4.0237565,35818.03
11483,4.0230913,35822.055
11484,4.0236983,35826.08
11485,4.02325,35830.1
11486,4.0215864,35834.125
11487,4.0192456,35838.145
11488,4.018693,35842.164
11489,4.021247,35846.184
11490,4.025059,35850.207
11491,4.029102,35854.234
11492,4.032553,35858.266
11493,4.033871,35862.3
11494,4.03565,35866.336
11495,4.0367,35870.37
11496,4.037894,35874.41
11497,4.0388236,35878.45
11498,4.039634,35882.49
11499,4.0412874,35886.53
11500,4.043518,35890.574
11501,4.045455,35894.62
11502,4.0447855,35898.664
11503,4.042004,35902.707
11504,4.03874,35906.746
11505,4.0364285,35910.78
11506,4.0348425,35914.816
11507,4.0326753,35918.848
11508,4.0310535,35922.88
11509,4.0290823,35926.906
11510,4.027701,35930.934
11511,4.027706,35934.96
11512,4.028821,35938.99
11513,4.029683,35943.02
11514,4.0294538,35947.05
11515,4.0293407,35951.082
11516,4.030245,35955.113
11517,4.0316253,35959.145
11518,4.0336027,35963.18
11519,4.0341206,35967.215
11520,4.033432,35971.25
11521,4.0319505,35975.28
11522,4.0308685,35979.312
11523,4.0302877,35983.344
11524,4.0299144,35987.375
11525,4.029688,35991.406
11526,4.03031,35995.438
11527,4.0312076,35999.47
11528,4.032541,36003.5
11529,4.0344043,36007.535
11530,4.0356584,36011.57
11531,4.0356913,36015.605
11532,4.033262,36019.64
11533,4.0303817,36023.67
11534,4.0287476,36027.7
11535,4.0299735,36031.73
11536,4.0327296,36035.76
11537,4.0344706,36039.797
11538,4.034849,36043.832
11539,4.0324836,36047.863
11540,4.0294585,36051.895
11541,4.0269356,36055.92
11542,4.026642,36059.95
11543,4.0257797,36063.977
11544,4.025888,36068.004
11545,4.0260663,36072.03
11546,4.0246778,36076.055
11547,4.0225215,36080.08
11548,4.020552,36084.098
11549,4.017781,36088.117
11550,4.0141172,36092.133
11551,4.0113635,36096.145
11552,4.0101576,36100.156
11553,4.0110707,36104.168
11554,4.0138426,36108.184
11555,4.017222,36112.2
11556,4.020597,36116.22
11557,4.0231986,36120.242
11558,4.0238423,36124.266
11559,4.022258,36128.29
11560,4.0203657,36132.31
11561,4.0178022,36136.33
11562,4.014997,36140.344
11563,4.012867,36144.355
11564,4.0124955,36148.367
11565,4.012239,36152.38
11566,4.0124984,36156.39
11567,4.0123878,36160.402
11568,4.0136127,36164.414
11569,4.0161967,36168.43
11570,4.018814,36172.45
11571,4.0208693,36176.47
11572,4.022763,36180.492
11573,4.0243864,36184.516
11574,4.0253243,36188.54
11575,4.025355,36192.562
11576,4.025507,36196.59
11577,4.025742,36200.617
11578,4.0270095,36204.645
11579,4.027437,36208.67
11580,4.028359,36212.7
11581,4.030868,36216.73
11582,4.032245,36220.76
11583,4.031553,36224.793
11584,4.02912,36228.82
11585,4.0252204,36232.844
11586,4.0220947,36236.867
11587,4.0196924,36240.887
11588,4.02125,36244.906
11589,4.024603,36248.93
11590,4.027307,36252.957
11591,4.02888,36256.984
11592,4.0286765,36261.01
11593,4.027008,36265.04
11594,4.024878,36269.062
11595,4.0247583,36273.086
11596,4.024681,36277.11
11597,4.025061,36281.133
11598,4.026606,36285.16
11599,4.031,36289.19
11600,4.0348887,36293.227
11601,4.0382442,36297.266
11602,4.0373945,36301.305
11603,4.034803,36305.34
11604,4.0335693,36309.375
11605,4.0338254,36313.41
11606,4.034012,36317.445
11607,4.0339503,36321.48
11608,4.033066,36325.51
11609,4.031808,36329.543
11610,4.030375,36333.574
11611,4.0306883,36337.605
11612,4.031723,36341.637
11613,4.030812,36345.668
11614,4.028374,36349.695
11615,4.0240207,36353.72
11616,4.019673,36357.74
11617,4.0141983,36361.754
11618,4.0101886,36365.766
11619,4.007484,36369.773
11620,4.005278,36373.777
11621,4.004154,36377.78
11622,4.0043073,36381.785
11623,4.005596,36385.79
11624,4.008346,36389.797
11625,4.011131,36393.81
11626,4.011913,36397.82
11627,4.0092773,36401.83
11628,4.0066247,36405.836
11629,4.004962,36409.84
11630,4.004195,36413.844
11631,4.0041857,36417.848
11632,4.0042777,36421.85
11633,4.004651,36425.855
11634,4.005756,36429.86
11635,4.0092797,36433.867
11636,4.010864,36437.88
11637,4.011212,36441.89
11638,4.010303,36445.902
11639,4.010891,36449.914
11640,4.01288,36453.926
11641,4.0156865,36457.94
11642,4.0204477,36461.96
11643,4.024895,36465.984
11644,4.028546,36470.01
11645,4.0308976,36474.043
11646,4.0303693,36478.074
11647,4.027106,36482.1
11648,4.023698,36486.125
11649,4.021631,36490.15
11650,4.0225277,36494.17
11651,4.0241218,36498.195
11652,4.0242853,36502.22
11653,4.023134,36506.242
11654,4.022999,36510.266
11655,4.023504,36514.29
11656,4.0265665,36518.316
11657,4.0297174,36522.348
11658,4.0319247,36526.38
11659,4.036099,36530.414
11660,4.039096,36534.453
11661,4.040012,36538.492
11662,4.0392756,36542.53
11663,4.040458,36546.57
11664,4.0429506,36550.613
11665,4.045509,36554.66
11666,4.047432,36558.707
11667,4.048419,36562.754
11668,4.049447,36566.805
11669,4.0521126,36570.855
11670,4.052697,36574.906
11671,4.0520015,36578.957
11672,4.0510345,36583.008
11673,4.0490623,36587.06
11674,4.0461235,36591.105
11675,4.043389,36595.15
11676,4.041382,36599.19
11677,4.041606,36603.234
11678,4.043172,36607.277
11679,4.044417,36611.32
11680,4.0441866,36615.363
11681,4.0430427,36619.406
11682,4.043868,36623.45
11683,4.045308,36627.496
11684,4.0462775,36631.543
11685,4.0468154,36635.59
11686,4.0464463,36639.637
11687,4.0465164,36643.684
11688,4.046594,36647.73
11689,4.0472884,36651.777
11690,4.048307,36655.824
11691,4.0479636,36659.87
11692,4.048938,36663.92
11693,4.050186,36667.973
11694,4.053629,36672.027
11695,4.057486,36676.086
11696,4.060055,36680.145
11697,4.0611644,36684.207
11698,4.05998,36688.266
11699,4.058338,36692.324
11700,4.0579457,36696.383
11701,4.0581393,36700.44
11702,4.057813,36704.5
11703,4.056435,36708.555
11704,4.05427,36712.61
11705,4.0517664,36716.66
11706,4.0503798,36720.71
11707,4.0501204,36724.76
11708,4.049542,36728.812
11709,4.0491047,36732.863
11710,4.0482993,36736.91
11711,4.048099,36740.957
11712,4.0469065,36745.004
11713,4.0467114,36749.05
11714,4.046671,36753.098
11715,4.047677,36757.145
11716,4.0509086,36761.195
11717,4.053408,36765.25
11718,4.0554104,36769.305
11719,4.0571933,36773.363
11720,4.0585957,36777.42
11721,4.058775,36781.48
11722,4.0582495,36785.54
11723,4.0559797,36789.594
11724,4.0530467,36793.65
11725,4.0510783,36797.7
11726,4.0487156,36801.746
11727,4.0459166,36805.793
11728,4.0438285,36809.836
11729,4.042562,36813.88
11730,4.0408134,36817.918
11731,4.038864,36821.957
11732,4.038848,36825.996
11733,4.039197,36830.035
11734,4.0394034,36834.074
11735,4.038903,36838.113
11736,4.0378036,36842.152
11737,4.0369325,36846.188
11738,4.0357227,36850.223
11739,4.033625,36854.258
11740,4.031496,36858.29
11741,4.02957,36862.32
11742,4.0282197,36866.348
11743,4.0255356,36870.375
11744,4.022425,36874.4
11745,4.0185494,36878.418
11746,4.0158525,36882.434
11747,4.0149827,36886.45
11748,4.0149865,36890.465
11749,4.0141406,36894.48
11750,4.013711,36898.496
11751,4.014267,36902.51
11752,4.0151787,36906.527
11753,4.0154185,36910.543
11754,4.015102,36914.56
11755,4.0146556,36918.574
11756,4.012755,36922.586
11757,4.011226,36926.598
11758,4.010787,36930.61
11759,4.0130153,36934.62
11760,4.016657,36938.637
11761,4.0209565,36942.656
11762,4.0255017,36946.684
11763,4.0295515,36950.715
11764,4.030575,36954.746
11765,4.0292063,36958.773
11766,4.026709,36962.8
11767,4.024512,36966.824
11768,4.0236945,36970.848
11769,4.0246577,36974.87
11770,4.0261292,36978.9
11771,4.027705,36982.926
11772,4.0297055,36986.957
11773,4.031784,36990.99
11774,4.033892,36995.023
11775,4.0348277,36999.06
11776,4.035473,37003.094
11777,4.0347166,37007.13
11778,4.0330577,37011.16
11779,4.031508,37015.19
11780,4.031819,37019.223
11781,4.031519,37023.254
11782,4.0319467,37027.285
11783,4.031744,37031.316
11784,4.031008,37035.348
11785,4.029451,37039.38
11786,4.026774,37043.406
11787,4.0247927,37047.43
11788,4.023541,37051.453
11789,4.0229025,37055.477
11790,4.022438,37059.5
11791,4.0240073,37063.523
11792,4.028258,37067.55
11793,4.0337677,37071.586
11794,4.0373607,37075.625
11795,4.0400825,37079.664
11796,4.040609,37083.703
11797,4.0405555,37087.742
11798,4.041057,37091.785
11799,4.0404334,37095.824
11800,4.0399375,37099.863
11801,4.037763,37103.902
11802,4.035705,37107.938
11803,4.033554,37111.973
11804,4.033421,37116.008
11805,4.034002,37120.043
11806,4.0331936,37124.074
11807,4.0314984,37128.105
11808,4.029095,37132.133
11809,4.0273438,37136.16
11810,4.024972,37140.184
11811,4.0196533,37144.203
11812,4.0138884,37148.22
11813,4.0093937,37152.227
11814,4.010815,37156.24
11815,4.015176,37160.254
11816,4.017819,37164.273
11817,4.017484,37168.29
11818,4.016008,37172.305
11819,4.015373,37176.32
11820,4.0158453,37180.336
11821,4.0156245,37184.35
11822,4.0145264,37188.367
11823,4.01227,37192.38
11824,4.0129523,37196.39
11825,4.014015,37200.406
11826,4.015059,37204.42
11827,4.0168967,37208.438
11828,4.017285,37212.453
11829,4.016004,37216.47
11830,4.015542,37220.484
11831,4.0149,37224.5
11832,4.0149674,37228.516
11833,4.01626,37232.53
11834,4.016111,37236.547
11835,4.0154996,37240.562
11836,4.013505,37244.574
11837,4.0146337,37248.59
11838,4.0179296,37252.61
11839,4.0207734,37256.63
11840,4.021544,37260.652
11841,4.0206766,37264.67
11842,4.0199585,37268.69
11843,4.01942,37272.71
11844,4.0191226,37276.73
11845,4.019624,37280.75
11846,4.018339,37284.77
11847,4.016607,37288.785
11848,4.0153284,37292.8
11849,4.0138884,37296.816
11850,4.014109,37300.832
11851,4.0147953,37304.848
11852,4.0157895,37308.863
11853,4.0161977,37312.88
11854,4.0173917,37316.895
11855,4.019338,37320.914
11856,4.0226383,37324.938
11857,4.024995,37328.96
11858,4.025337,37332.984
11859,4.026254,37337.01
11860,4.0298142,37341.043
11861,4.035526,37345.08
11862,4.039306,37349.117
11863,4.0390444,37353.156
11864,4.038501,37357.195
11865,4.039429,37361.234
11866,4.041654,37365.277
11867,4.0430655,37369.32
11868,4.0416765,37373.363
11869,4.0392323,37377.402
11870,4.0389237,37381.44
11871,4.039941,37385.48
11872,4.0415244,37389.523
11873,4.0415397,37393.566
11874,4.0410147,37397.605
11875,4.040291,37401.645
11876,4.0386596,37405.684
11877,4.037558,37409.723
11878,4.037737,37413.76
11879,4.0371227,37417.8
11880,4.0358806,37421.836
11881,4.0342903,37425.87
11882,4.0343313,37429.906
11883,4.0375977,37433.945
11884,4.0396156,37437.984
11885,4.041188,37442.027
11886,4.0411997,37446.07
11887,4.0401006,37450.11
11888,4.0397887,37454.15
11889,4.039334,37458.188
11890,4.0379825,37462.227
11891,4.0355024,37466.26
11892,4.033631,37470.297
11893,4.0327477,37474.33
11894,4.0301557,37478.36
11895,4.0279894,37482.387
11896,4.026678,37486.414
11897,4.0269055,37490.44
11898,4.026196,37494.47
11899,4.0251913,37498.492
11900,4.025549,37502.52
11901,4.029014,37506.547
11902,4.0347,37510.582
11903,4.0399017,37514.62
11904,4.0431156,37518.664
11905,4.044897,37522.707
11906,4.0465565,37526.754
11907,4.047622,37530.8
11908,4.047456,37534.848
11909,4.0465755,37538.895
11910,4.046989,37542.94
11911,4.0465546,37546.99
11912,4.0454397,37551.035
11913,4.0447116,37555.08
11914,4.043527,37559.12
11915,4.0421824,37563.164
11916,4.0403266,37567.203
11917,4.0401087,37571.242
11918,4.0391917,37575.28
11919,4.038892,37579.32
11920,4.0389905,37583.36
11921,4.03791,37587.4
11922,4.037933,37591.438
11923,4.0389194,37595.477
11924,4.040382,37599.516
11925,4.0426636,37603.56
11926,4.0446973,37607.6
11927,4.045208,37611.65
11928,4.045711,37615.695
11929,4.0458803,37619.742
11930,4.044761,37623.785
11931,4.0445933,37627.83
11932,4.04432,37631.87
11933,4.0449715,37635.918
11934,4.0459456,37639.965
11935,4.045903,37644.01
11936,4.0443954,37648.055
11937,4.042296,37652.098
11938,4.0409794,37656.137
11939,4.040976,37660.176
11940,4.040957,37664.215
11941,4.040005,37668.254
11942,4.040225,37672.293
11943,4.0428576,37676.336
11944,4.045395,37680.383
11945,4.0467787,37684.43
11946,4.0477533,37688.477
11947,4.048683,37692.523
11948,4.050029,37696.574
11949,4.0500064,37700.625
11950,4.0482826,37704.67
11951,4.0448847,37708.715
11952,4.0422015,37712.758
11953,4.0396247,37716.797
11954,4.0388665,37720.836
11955,4.0377216,37724.875
11956,4.0351896,37728.91
11957,4.0310864,37732.94
11958,4.025468,37736.97
11959,4.0212336,37740.99
11960,4.0213428,37745.008
11961,4.023926,37749.03
11962,4.0259547,37753.06
11963,4.027749,37757.086
11964,4.028895,37761.113
11965,4.0306754,37765.145
11966,4.031581,37769.176
11967,4.0332193,37773.21
11968,4.0333414,37777.246
11969,4.033319,37781.28
11970,4.033261,37785.316
11971,4.0336566,37789.35
11972,4.0347877,37793.387
11973,4.0365677,37797.42
11974,4.037812,37801.46
11975,4.0375514,37805.5
11976,4.036126,37809.535
11977,4.0344877,37813.57
11978,4.03313,37817.6
11979,4.0336876,37821.637
11980,4.034063,37825.67
11981,4.035443,37829.707
11982,4.0373745,37833.746
11983,4.0388193,37837.785
11984,4.039554,37841.824
11985,4.040153,37845.863
11986,4.040764,37849.902
11987,4.0423403,37853.945
11988,4.04436,37857.99
11989,4.0461273,37862.035
11990,4.0468125,37866.082
11991,4.0450873,37870.13
11992,4.0420337,37874.17
11993,4.0391846,37878.21
11994,4.037944,37882.25
11995,4.037277,37886.29
11996,4.039041,37890.33
11997,4.040759,37894.367
11998,4.042368,37898.41
11999,4.042436,37902.453
12000,4.040109,37906.492
12001,4.037924,37910.53
12002,4.035151,37914.566
12003,4.032223,37918.598
12004,4.031891,37922.63
12005,4.033664,37926.664
12006,4.0366087,37930.7
12007,4.0410457,37934.742
12008,4.045405,37938.79
12009,4.0478773,37942.836
12010,4.0475655,37946.883
12011,4.045606,37950.93
12012,4.0448146,37954.973
12013,4.0451927,37959.02
12014,4.045944,37963.066
12015,4.0452967,37967.113
12016,4.0431876,37971.156
12017,4.0400877,37975.195
12018,4.0373116,37979.234
12019,4.03532,37983.27
12020,4.035187,37987.305
12021,4.036195,37991.34
12022,4.0374207,37995.38
12023,4.0376444,37999.418
12024,4.0374193,38003.457
12025,4.0373173,38007.496
12026,4.0369725,38011.53
12027,4.0371494,38015.57
12028,4.036679,38019.605
12029,4.0350966,38023.64
12030,4.032823,38027.67
12031,4.029368,38031.703
12032,4.027319,38035.73
12033,4.0270743,38039.758
12034,4.0280604,38043.785
12035,4.0295296,38047.816
12036,4.0314164,38051.848
12037,4.0319734,38055.88
12038,4.034974,38059.914
12039,4.037919,38063.953
12040,4.0394425,38067.992
12041,4.0395007,38072.03
12042,4.038018,38076.07
12043,4.0357285,38080.105
12044,4.033316,38084.14
12045,4.0316453,38088.17
12046,4.0312476,38092.203
12047,4.0311823,38096.234
12048,4.0315537,38100.266
12049,4.033769,38104.3
12050,4.0359716,38108.336
12051,4.0374794,38112.375
12052,4.0369444,38116.41
12053,4.034492,38120.445
12054,4.032099,38124.477
12055,4.0293393,38128.508
12056,4.0273504,38132.535
12057,4.023988,38136.56
12058,4.0217395,38140.582
12059,4.021268,38144.6
12060,4.02099,38148.62
12061,4.0203357,38152.64
12062,4.018531,38156.66
12063,4.017982,38160.68
12064,4.018838,38164.7
12065,4.0202484,38168.72
12066,4.0193505,38172.74
12067,4.019119,38176.758
12068,4.0201664,38180.777
12069,4.021031,38184.797
12070,4.023122,38188.82
12071,4.026454,38192.848
12072,4.031717,38196.88
12073,4.0365486,38200.914
12074,4.038827,38204.953
12075,4.0400505,38208.992
12076,4.040731,38213.03
12077,4.041789,38217.074
12078,4.042659,38221.117
12079,4.0434732,38225.16
12080,4.042319,38229.203
12081,4.0412784,38233.246
12082,4.040258,38237.285
12083,4.039906,38241.324
12084,4.0390778,38245.363
12085,4.0378075,38249.402
12086,4.0374513,38253.44
12087,4.037653,38257.48
12088,4.0404387,38261.52
12089,4.0429745,38265.562
12090,4.044487,38269.605
12091,4.044824,38273.65
12092,4.0444365,38277.69
12093,4.0452127,38281.74
12094,4.046437,38285.785
12095,4.0476775,38289.832
12096,4.0498486,38293.883
12097,4.0525794,38297.934
12098,4.055277,38301.99
12099,4.0562806,38306.043
12100,4.0575986,38310.1
12101,4.057669,38314.16
12102,4.0580945,38318.22
12103,4.058866,38322.277
12104,4.059413,38326.336
12105,4.0592737,38330.395
12106,4.059493,38334.453
12107,4.0596004,38338.51
12108,4.0611577,38342.574
12109,4.061284,38346.637
12110,4.0600004,38350.695
12111,4.0589147,38354.754
12112,4.056893,38358.812
12113,4.0548196,38362.867
12114,4.053445,38366.92
12115,4.051885,38370.973
12116,4.049165,38375.023
12117,4.0465894,38379.07
12118,4.0436473,38383.113
12119,4.0402775,38387.152
12120,4.037019,38391.188
12121,4.0331955,38395.22
12122,4.0325303,38399.25
12123,4.0328345,38403.28
12124,4.03227,38407.312
12125,4.0309668,38411.344
12126,4.0278697,38415.37
12127,4.024664,38419.395
12128,4.022799,38423.418
12129,4.0228086,38427.44
12130,4.0217905,38431.465
12131,4.0221357,38435.49
12132,4.0232162,38439.51
12133,4.024625,38443.535
12134,4.0261855,38447.562
12135,4.026941,38451.59
12136,4.0265455,38455.617
12137,4.0253434,38459.64
12138,4.0269365,38463.668
12139,4.0286117,38467.695
12140,4.029763,38471.727
12141,4.0317407,38475.758
12142,4.0329547,38479.79
12143,4.032837,38483.82
12144,4.0312448,38487.85
12145,4.0272293,38491.88
12146,4.0221467,38495.902
12147,4.015866,38499.918
12148,4.010822,38503.93
12149,4.009394,38507.938
12150,4.0124955,38511.95
12151,4.01704,38515.965
12152,4.0220146,38519.99
12153,4.026261,38524.016
12154,4.0318785,38528.047
12155,4.0358186,38532.082
12156,4.036111,38536.117
12157,4.0339084,38540.152
12158,4.031858,38544.184
12159,4.0316176,38548.215
12160,4.032481,38552.246
12161,4.034369,38556.28
12162,4.035223,38560.316
12163,4.036186,38564.35
12164,4.037241,38568.39
12165,4.039507,38572.43
12166,4.042328,38576.473
12167,4.044297,38580.516
12168,4.043189,38584.56
12169,4.04189,38588.6
12170,4.040439,38592.64
12171,4.0397058,38596.68
12172,4.0402184,38600.72
12173,4.0416393,38604.76
12174,4.043494,38608.805
12175,4.046368,38612.85
12176,4.0485992,38616.9
12177,4.048786,38620.945
12178,4.047955,38624.992
12179,4.04872,38629.04
12180,4.0486875,38633.086
12181,4.0488267,38637.133
12182,4.051743,38641.184
12183,4.052973,38645.24
12184,4.054137,38649.293
12185,4.054161,38653.348
12186,4.0530143,38657.402
12187,4.0505576,38661.453
12188,4.0503626,38665.504
12189,4.050833,38669.555
12190,4.0504875,38673.605
12191,4.0491877,38677.656
12192,4.046866,38681.703
12193,4.0459747,38685.75
12194,4.045715,38689.797
12195,4.044371,38693.84
12196,4.0416126,38697.883
12197,4.039462,38701.92
12198,4.037642,38705.96
12199,4.0348463,38709.996
12200,4.0320997,38714.027
12201,4.028261,38718.055
12202,4.0249596,38722.08
12203,4.021518,38726.1
12204,4.0207343,38730.12
12205,4.02233,38734.145
12206,4.0241995,38738.168
12207,4.0260487,38742.195
12208,4.027484,38746.223
12209,4.0281763,38750.25
12210,4.0288982,38754.277
12211,4.030099,38758.31
12212,4.0300074,38762.34
12213,4.028889,38766.367
12214,4.028433,38770.395
12215,4.028651,38774.42
12216,4.0304484,38778.453
12217,4.0325413,38782.484
12218,4.0305333,38786.516
12219,4.0273805,38790.543
12220,4.0232487,38794.566
12221,4.019484,38798.586
12222,4.0167904,38802.6
12223,4.0153875,38806.617
12224,4.012481,38810.63
12225,4.0080547,38814.637
12226,4.0051446,38818.64
12227,4.006571,38822.65
12228,4.0104795,38826.66
12229,4.012925,38830.67
12230,4.0120974,38834.684
12231,4.009799,38838.695
12232,4.0084863,38842.703
12233,4.008962,38846.71
12234,4.0129137,38850.723
12235,4.018478,38854.742
12236,4.023544,38858.766
12237,4.025858,38862.793
12238,4.025175,38866.816
12239,4.023591,38870.84
12240,4.0219507,38874.863
12241,4.02085,38878.883
12242,4.0206265,38882.902
12243,4.0207224,38886.92
12244,4.0227966,38890.945
12245,4.0255136,38894.973
12246,4.0271945,38899.0
12247,4.0243564,38903.023
12248,4.022891,38907.047
12249,4.023142,38911.07
12250,4.0255756,38915.098
12251,4.027812,38919.125
12252,4.0289674,38923.152
12253,4.0284414,38927.18
12254,4.026835,38931.207
12255,4.0244126,38935.23
12256,4.0229144,38939.254
12257,4.024554,38943.277
12258,4.027408,38947.305
12259,4.0287604,38951.332
12260,4.0286417,38955.36
12261,4.030952,38959.39
12262,4.032863,38963.42
12263,4.033073,38967.453
12264,4.031724,38971.484
12265,4.030325,38975.516
12266,4.031105,38979.547
12267,4.0332117,38983.582
12268,4.0313435,38987.613
12269,4.030176,38991.645
12270,4.0302396,38995.676
12271,4.0333195,38999.71
12272,4.037056,39003.746
12273,4.040298,39007.785
12274,4.0417304,39011.83
12275,4.0424266,39015.87
12276,4.0390177,39019.91
12277,4.034192,39023.945
12278,4.0321627,39027.977
12279,4.032138,39032.008
12280,4.032052,39036.04
12281,4.0330667,39040.07
12282,4.0340705,39044.105
12283,4.0332813,39048.14
12284,4.032142,39052.17
12285,4.030793,39056.203
12286,4.029583,39060.234
12287,4.0281763,39064.26
12288,4.0260606,39068.29
12289,4.024408,39072.312
12290,4.0249434,39076.336
12291,4.026137,39080.363
12292,4.0274034,39084.39
12293,4.027447,39088.418
12294,4.0259843,39092.445
12295,4.023814,39096.47
12296,4.02369,39100.492
12297,4.0238295,39104.516
12298,4.024237,39108.54
12299,4.024156,39112.562
12300,4.0239396,39116.586
12301,4.024393,39120.61
12302,4.0249815,39124.633
12303,4.0254664,39128.66
12304,4.025467,39132.688
12305,4.023919,39136.71
12306,4.0221786,39140.734
12307,4.019656,39144.754
12308,4.0183268,39148.773
12309,4.0171647,39152.79
12310,4.0145698,39156.805
12311,4.012692,39160.816
12312,4.0115557,39164.83
12313,4.010672,39168.84
12314,4.01055,39172.85
12315,4.0131397,39176.863
12316,4.0183635,39180.883
12317,4.024772,39184.906
12318,4.031143,39188.938
12319,4.0357437,39192.973
12320,4.0377264,39197.01
12321,4.036115,39201.047
12322,4.0339346,39205.082
12323,4.031613,39209.113
12324,4.0311594,39213.145
12325,4.0324106,39217.176
12326,4.0332184,39221.21
12327,4.0336294,39225.246
12328,4.0326114,39229.277
12329,4.031318,39233.31
12330,4.028801,39237.336
12331,4.0277057,39241.363
12332,4.02855,39245.39
12333,4.0301447,39249.42
12334,4.031778,39253.453
12335,4.034772,39257.49
12336,4.0394716,39261.527
12337,4.0446005,39265.57
12338,4.0476785,39269.617
12339,4.0474243,39273.664
12340,4.0462704,39277.71
12341,4.0437913,39281.754
12342,4.0423503,39285.797
12343,4.0422916,39289.84
12344,4.0423822,39293.883
12345,4.0420847,39297.926
12346,4.040797,39301.965
12347,4.0382743,39306.004
12348,4.035238,39310.04
12349,4.0328364,39314.07
12350,4.0279636,39318.098
12351,4.0238614,39322.12
12352,4.021845,39326.145
12353,4.022622,39330.168
12354,4.024119,39334.19
12355,4.024241,39338.215
12356,4.023241,39342.24
12357,4.022284,39346.26
12358,4.02364,39350.285
12359,4.026998,39354.312
12360,4.02896,39358.34
12361,4.031325,39362.37
12362,4.033158,39366.402
12363,4.0347,39370.438
12364,4.03427,39374.473
12365,4.0319285,39378.504
12366,4.0286508,39382.53
12367,4.0236897,39386.555
12368,4.0204773,39390.574
12369,4.0176444,39394.594
12370,4.017436,39398.61
12371,4.020124,39402.63
12372,4.0211973,39406.65
12373,4.0206895,39410.668
12374,4.018951,39414.688
12375,4.018305,39418.707
12376,4.0203114,39422.727
12377,4.022391,39426.75
12378,4.0222764,39430.773
12379,4.021335,39434.793
12380,4.0199475,39438.812
12381,4.019296,39442.832
12382,4.022072,39446.855
12383,4.0265713,39450.883
12384,4.030475,39454.914
12385,4.030548,39458.945
12386,4.0285788,39462.973
12387,4.025764,39467.0
12388,4.02576,39471.027
12389,4.026321,39475.055
12390,4.026344,39479.082
12391,4.0262475,39483.11
12392,4.0266786,39487.137
12393,4.0268817,39491.164
12394,4.027215,39495.19
12395,4.027332,39499.22
12396,4.027169,39503.246
12397,4.0265007,39507.273
12398,4.02572,39511.3
12399,4.0275126,39515.33
12400,4.028715,39519.355
12401,4.029049,39523.383
12402,4.02826,39527.41
12403,4.0286694,39531.438
12404,4.0312524,39535.47
12405,4.035481,39539.504
12406,4.037488,39543.543
12407,4.035991,39547.58
12408,4.033471,39551.613
12409,4.0311646,39555.645
12410,4.031459,39559.676
12411,4.0314746,39563.707
12412,4.0322495,39567.74
12413,4.033096,39571.77
12414,4.0339627,39575.805
12415,4.034962,39579.84
12416,4.035651,39583.875
12417,4.037397,39587.914
12418,4.039123,39591.953
12419,4.0409956,39595.992
12420,4.0407987,39600.03
12421,4.040697,39604.07
12422,4.0404706,39608.11
12423,4.0408363,39612.15
12424,4.0386944,39616.188
12425,4.035395,39620.223
12426,4.0334773,39624.258
12427,4.0341353,39628.293
12428,4.034792,39632.33
12429,4.035545,39636.363
12430,4.036413,39640.4
12431,4.036142,39644.434
12432,4.036162,39648.47
12433,4.0353584,39652.504
12434,4.0362725,39656.54
12435,4.038254,39660.58
12436,4.0384626,39664.617
12437,4.039001,39668.656
12438,4.040642,39672.695
12439,4.043059,39676.74
12440,4.045146,39680.785
12441,4.0458775,39684.832
12442,4.0465336,39688.88
12443,4.0468235,39692.926
12444,4.047299,39696.973
12445,4.046165,39701.02
12446,4.044499,39705.062
12447,4.041388,39709.105
12448,4.037345,39713.145
12449,4.035202,39717.18
12450,4.036884,39721.215
12451,4.0404887,39725.254
12452,4.0431013,39729.297
12453,4.0416355,39733.34
12454,4.0378647,39737.38
12455,4.0352,39741.414
12456,4.0357623,39745.45
12457,4.0373716,39749.49
12458,4.039666,39753.527
12459,4.0419407,39757.57
12460,4.0437512,39761.613
12461,4.045122,39765.66
12462,4.046332,39769.707
12463,4.0471005,39773.754
12464,4.046833,39777.8
12465,4.045631,39781.848
12466,4.0424533,39785.89
12467,4.0390162,39789.93
12468,4.0381684,39793.97
12469,4.0383525,39798.008
12470,4.038731,39802.047
12471,4.0397906,39806.086
12472,4.038811,39810.125
12473,4.0381303,39814.164
12474,4.0388026,39818.203
12475,4.040673,39822.242
12476,4.040683,39826.28
12477,4.0394692,39830.32
12478,4.0378776,39834.36
12479,4.0371876,39838.4
12480,4.038292,39842.438
12481,4.039717,39846.477
12482,4.040762,39850.516
12483,4.0405316,39854.555
12484,4.0407987,39858.594
12485,4.041913,39862.637
12486,4.041621,39866.68
12487,4.0405207,39870.72
12488,4.037604,39874.758
12489,4.033483,39878.793
12490,4.029241,39882.82
12491,4.0268126,39886.848
12492,4.022125,39890.87
12493,4.01704,39894.887
12494,4.0134907,39898.9
12495,4.015007,39902.914
12496,4.02155,39906.938
12497,4.0285983,39910.965
12498,4.0322022,39914.996
12499,4.033131,39919.027
12500,4.034746,39923.062
12501,4.0346055,39927.098
12502,4.0337853,39931.133
12503,4.033158,39935.164
12504,4.031535,39939.195
12505,4.0302844,39943.227
12506,4.0291915,39947.254
12507,4.027254,39951.28
12508,4.0257297,39955.31
12509,4.025352,39959.332
12510,4.025204,39963.355
12511,4.025164,39967.38
12512,4.026271,39971.406
12513,4.0279193,39975.434
12514,4.030153,39979.465
12515,4.031879,39983.496
12516,4.0325685,39987.527
12517,4.032125,39991.56
12518,4.0318613,39995.59
12519,4.0320787,39999.62
12520,4.0319967,40003.652
12521,4.03329,40007.688
12522,4.0342646,40011.723
12523,4.034673,40015.758
12524,4.033934,40019.793
12525,4.0333796,40023.83
12526,4.034616,40027.863
12527,4.036443,40031.9
12528,4.0358605,40035.934
12529,4.0340595,40039.97
12530,4.033546,40044.004
12531,4.0329533,40048.035
12532,4.033486,40052.07
12533,4.034225,40056.105
12534,4.0359535,40060.14
12535,4.0380454,40064.18
12536,4.0393953,40068.22
12537,4.040803,40072.258
12538,4.0420384,40076.3
12539,4.045134,40080.348
12540,4.0491824,40084.4
12541,4.0548186,40088.453
12542,4.0577846,40092.51
12543,4.058421,40096.57
12544,4.055326,40100.625
12545,4.050187,40104.676
12546,4.046152,40108.723
12547,4.042264,40112.766
12548,4.0392227,40116.805
12549,4.036812,40120.84
12550,4.0359263,40124.875
12551,4.035495,40128.91
12552,4.0351844,40132.945
12553,4.0354614,40136.98
12554,4.034322,40141.016
12555,4.0343723,40145.05
12556,4.036354,40149.086
12557,4.039497,40153.125
12558,4.0429864,40157.168
12559,4.045374,40161.215
12560,4.046141,40165.26
12561,4.045092,40169.31
12562,4.0423546,40173.35
12563,4.038727,40177.39
12564,4.035166,40181.426
12565,4.0333476,40185.46
12566,4.034749,40189.496
12567,4.03575,40193.53
12568,4.0385847,40197.57
12569,4.0409417,40201.61
12570,4.041892,40205.652
12571,4.0412345,40209.695
12572,4.0409236,40213.734
12573,4.042175,40217.777
12574,4.0440536,40221.82
12575,4.0454273,40225.867
12576,4.047333,40229.914
12577,4.048683,40233.96
12578,4.0483317,40238.008
12579,4.0467157,40242.055
12580,4.0426717,40246.098
12581,4.0393867,40250.137
12582,4.037311,40254.176
12583,4.036497,40258.21
12584,4.037811,40262.25
12585,4.0399036,40266.29
12586,4.041682,40270.332
12587,4.0426455,40274.375
12588,4.041855,40278.418
12589,4.0384774,40282.457
12590,4.034731,40286.492
12591,4.0325365,40290.523
12592,4.032309,40294.555
12593,4.032415,40298.586
12594,4.0299244,40302.617
12595,4.0279794,40306.645
12596,4.0269423,40310.67
12597,4.0268407,40314.7
12598,4.0259175,40318.727
12599,4.0262256,40322.754
12600,4.0269194,40326.78
12601,4.0258937,40330.81
12602,4.0236177,40334.832
12603,4.0218153,40338.855
12604,4.0213523,40342.875
12605,4.022384,40346.9
12606,4.024428,40350.92
12607,4.0244565,40354.945
12608,4.024498,40358.97
12609,4.0251327,40362.992
12610,4.0280848,40367.02
12611,4.0331445,40371.05
12612,4.0371714,40375.09
12613,4.0404186,40379.13
12614,4.04068,40383.168
12615,4.038928,40387.207
12616,4.0377746,40391.246
12617,4.0350122,40395.28
12618,4.0327816,40399.312
12619,4.0321493,40403.344
12620,4.032364,40407.375
12621,4.0327845,40411.406
12622,4.0318866,40415.438
12623,4.0297,40419.47
12624,4.030005,40423.5
12625,4.0312915,40427.53
12626,4.0318775,40431.562
12627,4.031467,40435.594
12628,4.0301886,40439.625
12629,4.0296235,40443.656
12630,4.0274134,40447.684
12631,4.027145,40451.71
12632,4.0290065,40455.74
12633,4.0307,40459.77
12634,4.032168,40463.8
12635,4.0332026,40467.832
12636,4.0338035,40471.867
12637,4.0351396,40475.902
12638,4.0394177,40479.94
12639,4.044555,40483.984
12640,4.0493407,40488.035
12641,4.0525045,40492.086
12642,4.0529695,40496.14
12643,4.053395,40500.195
12644,4.05376,40504.25
12645,4.054072,40508.305
12646,4.05375,40512.36
12647,4.053399,40516.414
12648,4.0526304,40520.465
12649,4.050397,40524.516
12650,4.046656,40528.562
12651,4.043964,40532.605
12652,4.042177,40536.65
12653,4.041193,40540.69
12654,4.0400705,40544.73
12655,4.0377307,40548.77
12656,4.0376577,40552.81
12657,4.0382056,40556.848
12658,4.0388675,40560.887
12659,4.038594,40564.926
12660,4.037124,40568.965
12661,4.034836,40573.0
12662,4.032588,40577.03
12663,4.032381,40581.062
12664,4.034441,40585.098
12665,4.0375075,40589.137
12666,4.0421376,40593.18
12667,4.046019,40597.227
12668,4.0480957,40601.273
12669,4.0489335,40605.324
12670,4.0482287,40609.37
12671,4.048019,40613.418
12672,4.0479064,40617.465
12673,4.0471144,40621.51
12674,4.046293,40625.56
12675,4.0466614,40629.605
12676,4.0482492,40633.652
12677,4.0503664,40637.703
12678,4.0525813,40641.754
12679,4.054744,40645.81
12680,4.0544467,40649.863
12681,4.0526314,40653.914
12682,4.0510154,40657.965
12683,4.0499797,40662.016
12684,4.050243,40666.066
12685,4.051164,40670.117
12686,4.050581,40674.168
12687,4.048917,40678.22
12688,4.048108,40682.266
12689,4.047001,40686.312
12690,4.0474696,40690.36
12691,4.049464,40694.41
12692,4.0502253,40698.46
12693,4.0492673,40702.51
12694,4.04827,40706.56
12695,4.0481806,40710.605
12696,4.04794,40714.652
12697,4.0477977,40718.7
12698,4.047299,40722.746
12699,4.046949,40726.793
12700,4.0441284,40730.836
12701,4.041253,40734.88
12702,4.0390654,40738.918
12703,4.0381436,40742.957
12704,4.038153,40746.996
12705,4.0371017,40751.03
12706,4.0360527,40755.066
12707,4.0352225,40759.1
12708,4.034673,40763.137
12709,4.033983,40767.17
12710,4.0322523,40771.203
12711,4.0306954,40775.234
12712,4.0278373,40779.26
12713,4.0245457,40783.285
12714,4.023101,40787.31
12715,4.021598,40791.332
12716,4.0222974,40795.355
12717,4.0236683,40799.38
12718,4.026124,40803.406
12719,4.028727,40807.434
12720,4.030333,40811.465
12721,4.0302825,40815.496
12722,4.029557,40819.527
12723,4.028818,40823.555
12724,4.0285025,40827.582
12725,4.027913,40831.61
12726,4.026769,40835.637
12727,4.0242834,40839.66
12728,4.0226874,40843.684
12729,4.0226865,40847.707
12730,4.024108,40851.73
12731,4.024135,40855.754
12732,4.021977,40859.777
12733,4.020035,40863.797
12734,4.0199437,40867.816
12735,4.02118,40871.836
12736,4.02261,40875.86
12737,4.023576,40879.883
12738,4.023585,40883.906
12739,4.0233684,40887.93
12740,4.023224,40891.953
12741,4.023592,40895.977
12742,4.025334,40900.0
12743,4.0267057,40904.027
12744,4.0279994,40908.055
12745,4.0295196,40912.086
12746,4.0296063,40916.117
12747,4.030572,40920.15
12748,4.0329604,40924.18
12749,4.0364513,40928.215
12750,4.0393767,40932.254
12751,4.0417404,40936.297
12752,4.0451,40940.344
12753,4.046207,40944.39
12754,4.046986,40948.438
12755,4.047279,40952.484
12756,4.0465074,40956.53
12757,4.0455203,40960.58
12758,4.045235,40964.625
12759,4.046663,40968.67
12760,4.048885,40972.723
12761,4.052015,40976.773
12762,4.054005,40980.83
12763,4.0545344,40984.883
12764,4.0548964,40988.938
12765,4.0535026,40992.992
12766,4.049972,40997.043
12767,4.044216,41001.086
12768,4.038731,41005.125
12769,4.0358253,41009.16
12770,4.0348625,41013.195
12771,4.0347834,41017.23
12772,4.03576,41021.266
12773,4.036092,41025.3
12774,4.0352845,41029.336
12775,4.035118,41033.37
12776,4.034443,41037.406
12777,4.0339103,41041.44
12778,4.0315375,41045.473
12779,4.0282125,41049.5
12780,4.0274525,41053.527
12781,4.0294633,41057.56
12782,4.031362,41061.59
12783,4.032769,41065.62
12784,4.0336347,41069.656
12785,4.0325336,41073.688
12786,4.032781,41077.72
12787,4.0336204,41081.754
12788,4.034608,41085.79
12789,4.03405,41089.824
12790,4.03152,41093.855
12791,4.027862,41097.883
12792,4.0258694,41101.91
12793,4.025097,41105.934
12794,4.0257382,41109.96
12795,4.0274515,41113.99
12796,4.028877,41118.016
12797,4.0299673,41122.047
12798,4.0309267,41126.08
12799,4.0306177,41130.11
12800,4.0287538,41134.137
12801,4.0254507,41138.164
12802,4.0240946,41142.188
12803,4.0248094,41146.21
12804,4.025992,41150.24
12805,4.027811,41154.266
12806,4.0301704,41158.297
12807,4.0323377,41162.33
12808,4.032476,41166.36
12809,4.0314984,41170.39
12810,4.031355,41174.42
12811,4.033646,41178.457
12812,4.034693,41182.492
12813,4.0347404,41186.527
12814,4.034807,41190.562
12815,4.035634,41194.598
12816,4.0345316,41198.633
12817,4.03385,41202.668
12818,4.0337205,41206.703
12819,4.034083,41210.74
12820,4.034613,41214.773
12821,4.0333514,41218.81
12822,4.0326285,41222.84
12823,4.0333195,41226.875
12824,4.034046,41230.91
12825,4.035847,41234.945
12826,4.0387244,41238.984
12827,4.0417976,41243.027
12828,4.044126,41247.07
12829,4.0443997,41251.113
12830,4.0424914,41255.156
12831,4.041206,41259.2
12832,4.04167,41263.242
12833,4.0429435,41267.285
12834,4.04377,41271.33
12835,4.043415,41275.37
12836,4.0412936,41279.414
12837,4.0376353,41283.453
12838,4.033894,41287.49
12839,4.030877,41291.52
12840,4.029257,41295.547
12841,4.0292587,41299.574
12842,4.029226,41303.6
12843,4.028489,41307.63
12844,4.026817,41311.656
12845,4.024873,41315.68
12846,4.022866,41319.703
12847,4.0227566,41323.727
12848,4.025023,41327.75
12849,4.027328,41331.777
12850,4.02903,41335.805
12851,4.0304947,41339.836
12852,4.029464,41343.867
12853,4.026644,41347.895
12854,4.022909,41351.918
12855,4.02059,41355.938
12856,4.021268,41359.957
12857,4.0233226,41363.98
12858,4.024078,41368.004
12859,4.024907,41372.027
12860,4.026233,41376.055
12861,4.0284605,41380.082
12862,4.0319157,41384.113
12863,4.0358415,41388.15
12864,4.0397005,41392.188
12865,4.0421386,41396.23
12866,4.0416594,41400.273
12867,4.0395117,41404.312
12868,4.03734,41408.35
12869,4.036823,41412.387
12870,4.0382724,41416.426
12871,4.0391254,41420.465
12872,4.03998,41424.504
12873,4.0404396,41428.543
12874,4.0397897,41432.582
12875,4.0392547,41436.62
12876,4.0385633,41440.66
12877,4.037096,41444.695
12878,4.03728,41448.734
12879,4.0386786,41452.773
12880,4.0388365,41456.812
12881,4.038578,41460.85
12882,4.038902,41464.89
12883,4.040097,41468.93
12884,4.041738,41472.973
12885,4.043821,41477.016
12886,4.0451035,41481.062
12887,4.04562,41485.11
12888,4.0463715,41489.156
12889,4.047508,41493.203
12890,4.0484495,41497.25
12891,4.048708,41501.297
12892,4.049614,41505.348
12893,4.0495124,41509.4
12894,4.0476427,41513.445
12895,4.04666,41517.492
12896,4.0456467,41521.54
12897,4.044123,41525.582
12898,4.0434875,41529.625
12899,4.042212,41533.668
12900,4.040521,41537.707
12901,4.039882,41541.746
12902,4.0389094,41545.785
12903,4.0388494,41549.824
12904,4.0378146,41553.863
12905,4.035806,41557.9
12906,4.0353594,41561.934
12907,4.0356827,41565.97
12908,4.0347767,41570.004
12909,4.0328774,41574.035
12910,4.028587,41578.062
12911,4.0221252,41582.086
12912,4.0153065,41586.1
12913,4.0103836,41590.113
12914,4.0099688,41594.125
12915,4.011942,41598.137
12916,4.0141215,41602.152
12917,4.015565,41606.168
12918,4.017281,41610.184
12919,4.018674,41614.203
12920,4.0216804,41618.227
12921,4.0239897,41622.25
12922,4.0254817,41626.277
12923,4.0262527,41630.305
12924,4.027618,41634.332
12925,4.0289536,41638.36
12926,4.0311627,41642.39
12927,4.0321054,41646.42
12928,4.031517,41650.453
12929,4.0309834,41654.484
12930,4.030902,41658.516
12931,4.030699,41662.547
12932,4.031071,41666.58
12933,4.031061,41670.61
12934,4.0323615,41674.64
12935,4.034622,41678.676
12936,4.038166,41682.715
12937,4.0399427,41686.754
12938,4.0407844,41690.793
12939,4.040207,41694.832
12940,4.0391045,41698.87
12941,4.0379586,41702.91
12942,4.0379677,41706.95
12943,4.040929,41710.99
12944,4.0444336,41715.03
12945,4.047616,41719.08
12946,4.0484004,41723.125
12947,4.048876,41727.176
12948,4.049769,41731.227
12949,4.05045,41735.277
12950,4.051045,41739.33
12951,4.052666,41743.38
12952,4.0536275,41747.434
12953,4.053666,41751.49
12954,4.0543566,41755.543
12955,4.054841,41759.598
12956,4.0561814,41763.652
12957,4.056237,41767.707
12958,4.0565405,41771.76
12959,4.0588036,41775.82
12960,4.060209,41779.88
12961,4.0615926,41783.94
12962,4.060367,41788.0
12963,4.0578938,41792.06
12964,4.054376,41796.113
12965,4.051944,41800.164
12966,4.05029,41804.215
12967,4.0489087,41808.266
12968,4.047098,41812.312
12969,4.045886,41816.36
12970,4.04725,41820.406
12971,4.048445,41824.453
12972,4.047726,41828.5
12973,4.045645,41832.547
12974,4.0434904,41836.59
12975,4.0402336,41840.63
12976,4.0361805,41844.664
12977,4.032852,41848.695
12978,4.031757,41852.727
12979,4.0325274,41856.758
12980,4.0339036,41860.793
12981,4.033859,41864.83
12982,4.031246,41868.86
12983,4.0279236,41872.887
12984,4.025349,41876.91
12985,4.023016,41880.934
12986,4.020548,41884.953
12987,4.019226,41888.973
12988,4.019295,41892.992
12989,4.0210547,41897.01
12990,4.021516,41901.035
12991,4.0211835,41905.055
12992,4.019756,41909.074
12993,4.0192094,41913.094
12994,4.020468,41917.113
12995,4.0223203,41921.137
12996,4.0231514,41925.16
12997,4.0237575,41929.184
12998,4.0237646,41933.207
12999,4.0239635,41937.23
13000,4.024199,41941.254
13001,4.0256596,41945.28
13002,4.02742,41949.31
13003,4.0272245,41953.336
13004,4.0264683,41957.363
13005,4.02523,41961.387
13006,4.0253406,41965.41
13007,4.0254703,41969.438
13008,4.0256705,41973.465
13009,4.026189,41977.492
13010,4.026699,41981.52
13011,4.0249863,41985.543
13012,4.023131,41989.566
13013,4.0238414,41993.59
13014,4.0237103,41997.613
13015,4.022612,42001.637
13016,4.020952,42005.656
13017,4.0205646,42009.676
13018,4.019336,42013.695
13019,4.0169735,42017.71
13020,4.0162745,42021.727
13021,4.0162144,42025.742
13022,4.014453,42029.758
13023,4.0129795,42033.77
13024,4.0116277,42037.78
13025,4.0133023,42041.793
13026,4.0134354,42045.805
13027,4.0119996,42049.816
13028,4.0093083,42053.824
13029,4.008533,42057.832
13030,4.0111356,42061.844
13031,4.01635,42065.86
13032,4.0222583,42069.883
13033,4.02618,42073.91
13034,4.0317345,42077.94
13035,4.036989,42081.977
13036,4.039286,42086.016
13037,4.038597,42090.055
13038,4.0382295,42094.094
13039,4.0400467,42098.133
13040,4.0412583,42102.176
13041,4.0413733,42106.22
13042,4.041408,42110.26
13043,4.0431924,42114.305
13044,4.04716,42118.35
13045,4.0501065,42122.402
13046,4.051942,42126.453
13047,4.053709,42130.508
13048,4.053061,42134.562
13049,4.051306,42138.613
13050,4.0489063,42142.664
13051,4.046379,42146.71
13052,4.045813,42150.758
13053,4.0459895,42154.805
13054,4.044926,42158.85
13055,4.041256,42162.895
13056,4.0379605,42166.934
13057,4.0346775,42170.97
13058,4.032358,42175.0
13059,4.0307446,42179.03
13060,4.030963,42183.062
13061,4.0311985,42187.094
13062,4.0321093,42191.125
13063,4.032085,42195.156
13064,4.0331035,42199.188
13065,4.035777,42203.223
13066,4.040135,42207.26
13067,4.0440817,42211.305
13068,4.0471845,42215.35
13069,4.046964,42219.4
13070,4.0465846,42223.445
13071,4.0482926,42227.492
13072,4.0506024,42231.543
13073,4.0514874,42235.594
13074,4.050266,42239.645
13075,4.048529,42243.69
13076,4.049103,42247.742
13077,4.04938,42251.793
13078,4.047084,42255.84
13079,4.044077,42259.883
13080,4.0411463,42263.926
13081,4.037048,42267.96
13082,4.0332885,42271.996
13083,4.028691,42276.023
13084,4.0283113,42280.05
13085,4.030498,42284.082
13086,4.033583,42288.117
13087,4.034479,42292.152
13088,4.033561,42296.188
13089,4.033383,42300.223
13090,4.033519,42304.258
13091,4.0337725,42308.293
13092,4.032486,42312.324
13093,4.0307913,42316.355
13094,4.030228,42320.387
13095,4.0289426,42324.414
13096,4.0282946,42328.44
13097,4.0296474,42332.473
13098,4.0300107,42336.504
13099,4.0318637,42340.535
13100,4.033206,42344.57
13101,4.034382,42348.605
13102,4.0359945,42352.64
13103,4.0386696,42356.68
13104,4.042069,42360.723
13105,4.0443645,42364.766
13106,4.0431824,42368.81
13107,4.041669,42372.85
13108,4.0405006,42376.89
13109,4.0399723,42380.93
13110,4.039233,42384.97
13111,4.038305,42389.008
13112,4.0380616,42393.047
13113,4.038185,42397.086
13114,4.0397825,42401.125
13115,4.0405884,42405.164
13116,4.04062,42409.203
13117,4.039636,42413.242
13118,4.041189,42417.285
13119,4.042609,42421.33
13120,4.043617,42425.37
13121,4.043838,42429.414
13122,4.045336,42433.46
13123,4.047182,42437.508
13124,4.048222,42441.555
13125,4.0480847,42445.6
13126,4.049157,42449.652
13127,4.0510097,42453.703
13128,4.051652,42457.754
13129,4.0505776,42461.805
13130,4.0481286,42465.85
13131,4.0470886,42469.9
13132,4.046419,42473.945
13133,4.0436053,42477.99
13134,4.0395236,42482.027
13135,4.0359364,42486.062
13136,4.0351243,42490.098
13137,4.0362086,42494.133
13138,4.0385504,42498.17
13139,4.039361,42502.21
13140,4.0399675,42506.25
13141,4.040115,42510.29
13142,4.038064,42514.33
13143,4.0354853,42518.363
13144,4.0353885,42522.4
13145,4.036646,42526.434
13146,4.0373425,42530.473
13147,4.038622,42534.51
13148,4.040158,42538.55
13149,4.0416136,42542.594
13150,4.0419974,42546.637
13151,4.0405374,42550.676
13152,4.036983,42554.71
13153,4.0334473,42558.746
13154,4.030271,42562.777
13155,4.029809,42566.81
13156,4.0294113,42570.84
13157,4.0294633,42574.87
13158,4.0290627,42578.9
13159,4.0294046,42582.93
13160,4.0300403,42586.96
13161,4.030429,42590.992
13162,4.030597,42595.023
13163,4.030226,42599.055
13164,4.0299354,42603.086
13165,4.0296106,42607.117
13166,4.028781,42611.145
13167,4.0273986,42615.17
13168,4.02662,42619.2
13169,4.025466,42623.227
13170,4.0240893,42627.25
13171,4.0222573,42631.273
13172,4.0202875,42635.293
13173,4.018655,42639.312
13174,4.0182824,42643.332
13175,4.0172195,42647.348
13176,4.0158987,42651.363
13177,4.014374,42655.38
13178,4.0125833,42659.39
13179,4.0132327,42663.402
13180,4.0127563,42667.414
13181,4.0128393,42671.426
13182,4.0135794,42675.438
13183,4.0153074,42679.453
13184,4.0147595,42683.47
13185,4.0134,42687.48
13186,4.010247,42691.492
13187,4.006767,42695.5
13188,4.0058184,42699.504
13189,4.006273,42703.51
13190,4.008906,42707.52
13191,4.0110483,42711.53
13192,4.011421,42715.543
13193,4.010798,42719.555
13194,4.0108385,42723.566
13195,4.0145264,42727.582
13196,4.0199265,42731.6
13197,4.0236206,42735.625
13198,4.026986,42739.652
13199,4.028548,42743.68
13200,4.0309,42747.71
13201,4.0323267,42751.742
13202,4.033504,42755.777
13203,4.0346394,42759.812
13204,4.0348926,42763.848
13205,4.034461,42767.883
13206,4.034335,42771.918
13207,4.033538,42775.953
13208,4.0326896,42779.984
13209,4.032013,42784.016
13210,4.0320435,42788.047
13211,4.032698,42792.08
13212,4.033551,42796.113
13213,4.0348496,42800.15
13214,4.0347695,42804.184
13215,4.032866,42808.215
13216,4.031452,42812.246
13217,4.032018,42816.277
13218,4.03381,42820.312
13219,4.0356464,42824.348
13220,4.03575,42828.383
13221,4.036,42832.418
13222,4.034259,42836.453
13223,4.032359,42840.484
13224,4.031032,42844.516
13225,4.031324,42848.547
13226,4.0340967,42852.582
13227,4.0386624,42856.62
13228,4.04255,42860.664
13229,4.0454707,42864.71
13230,4.047595,42868.758
13231,4.0488453,42872.81
13232,4.0480967,42876.855
13233,4.047567,42880.902
13234,4.0463986,42884.95
13235,4.046916,42888.996
13236,4.0474668,42893.043
13237,4.047813,42897.09
13238,4.0480123,42901.137
13239,4.048618,42905.184
13240,4.0500703,42909.234
13241,4.0502505,42913.285
13242,4.0485816,42917.332
13243,4.0461764,42921.38
13244,4.0431814,42925.42
13245,4.040591,42929.46
13246,4.039879,42933.5
13247,4.0403557,42937.54
13248,4.04211,42941.582
13249,4.0431347,42945.625
13250,4.0452065,42949.67
13251,4.046382,42953.72
13252,4.046374,42957.766
13253,4.0454826,42961.812
13254,4.0444627,42965.855
13255,4.0440316,42969.9
13256,4.0441833,42973.94
13257,4.0440354,42977.984
13258,4.043735,42982.027
13259,4.0441008,42986.07
13260,4.0440216,42990.113
13261,4.043725,42994.156
13262,4.0440755,42998.2
13263,4.0459986,43002.246
13264,4.0478897,43006.293
13265,4.048866,43010.344
13266,4.0485682,43014.39
13267,4.048419,43018.438
13268,4.048359,43022.484
13269,4.0493374,43026.535
13270,4.0511265,43030.586
13271,4.0518417,43034.637
13272,4.0509815,43038.688
13273,4.0510697,43042.74
13274,4.0506206,43046.79
13275,4.049884,43050.84
13276,4.049617,43054.89
13277,4.049617,43058.94
13278,4.0496497,43062.992
13279,4.047721,43067.04
13280,4.0468693,43071.086
13281,4.047861,43075.133
13282,4.048131,43079.18
13283,4.0486984,43083.227
13284,4.047821,43087.273
13285,4.0479,43091.32
13286,4.048258,43095.367
13287,4.046609,43099.414
13288,4.0444484,43103.457
13289,4.042788,43107.5
13290,4.043179,43111.543
13291,4.043476,43115.586
13292,4.04267,43119.63
13293,4.040078,43123.668
13294,4.037193,43127.707
13295,4.0356445,43131.742
13296,4.0340037,43135.777
13297,4.032637,43139.81
13298,4.032712,43143.84
13299,4.0315375,43147.87
13300,4.029815,43151.902
13301,4.0288105,43155.93
13302,4.0265274,43159.957
13303,4.0226703,43163.98
13304,4.0165625,43167.996
13305,4.01094,43172.008
13306,4.0095325,43176.016
13307,4.011734,43180.027
13308,4.015937,43184.043
13309,4.0198884,43188.062
13310,4.0233793,43192.086
13311,4.0255327,43196.113
13312,4.02598,43200.14
13313,4.025486,43204.168
13314,4.0248184,43208.19
13315,4.022674,43212.215
13316,4.0192914,43216.234
13317,4.016525,43220.25
13318,4.0143766,43224.266
13319,4.012024,43228.277
13320,4.011225,43232.29
13321,4.0109644,43236.3
13322,4.0123467,43240.312
13323,4.0147767,43244.33
13324,4.017158,43248.344
13325,4.019868,43252.363
13326,4.020992,43256.383
13327,4.019958,43260.402
13328,4.017225,43264.418
13329,4.01328,43268.43
13330,4.0116987,43272.44
13331,4.013131,43276.453
13332,4.0145884,43280.47
13333,4.0159945,43284.484
13334,4.015447,43288.5
13335,4.0151205,43292.516
13336,4.016196,43296.53
13337,4.0179157,43300.55
13338,4.0190663,43304.57
13339,4.019043,43308.59
13340,4.0194583,43312.61
13341,4.0200477,43316.63
13342,4.022072,43320.652
13343,4.0251184,43324.676
13344,4.028755,43328.703
13345,4.032641,43332.734
13346,4.035588,43336.77
13347,4.035053,43340.805
13348,4.034262,43344.84
13349,4.034559,43348.875
13350,4.0340953,43352.91
13351,4.034131,43356.945
13352,4.035364,43360.98
13353,4.037946,43365.02
13354,4.039012,43369.06
13355,4.038742,43373.098
13356,4.037027,43377.133
13357,4.0342793,43381.168
13358,4.0340867,43385.203
13359,4.034057,43389.24
13360,4.035793,43393.273
13361,4.03807,43397.312
13362,4.040257,43401.35
13363,4.040485,43405.39
13364,4.039931,43409.43
13365,4.0406384,43413.47
13366,4.0380034,43417.508
13367,4.0353494,43421.543
13368,4.0316906,43425.574
13369,4.0304446,43429.605
13370,4.031976,43433.637
13371,4.033573,43437.67
13372,4.0360985,43441.707
13373,4.0365453,43445.742
13374,4.036552,43449.777
13375,4.037899,43453.816
13376,4.040853,43457.855
13377,4.044233,43461.9
13378,4.046274,43465.945
13379,4.045713,43469.992
13380,4.0426435,43474.035
13381,4.041336,43478.08
13382,4.041733,43482.12
13383,4.0447035,43486.164
13384,4.04779,43490.21
13385,4.050649,43494.26
13386,4.050776,43498.312
13387,4.048918,43502.363
13388,4.046864,43506.41
13389,4.0447845,43510.453
13390,4.043095,43514.496
13391,4.0424223,43518.54
13392,4.040259,43522.58
13393,4.037258,43526.617
13394,4.0352573,43530.652
13395,4.0329514,43534.684
13396,4.0305023,43538.715
13397,4.028349,43542.742
13398,4.027782,43546.77
13399,4.0289507,43550.797
13400,4.031994,43554.83
13401,4.0345764,43558.863
13402,4.037199,43562.902
13403,4.0387516,43566.94
13404,4.0399323,43570.98
13405,4.041248,43575.023
13406,4.0423117,43579.066
13407,4.043257,43583.11
13408,4.0428033,43587.152
13409,4.0411525,43591.195
13410,4.0396748,43595.234
13411,4.039142,43599.273
13412,4.039658,43603.312
13413,4.0402646,43607.35
13414,4.040356,43611.39
13415,4.0409803,43615.43
13416,4.0408673,43619.47
13417,4.041725,43623.51
13418,4.0404334,43627.55
13419,4.038645,43631.59
13420,4.0379124,43635.63
13421,4.036488,43639.664
13422,4.035102,43643.7
13423,4.033867,43647.734
13424,4.032694,43651.766
13425,4.032461,43655.797
13426,4.032532,43659.83
13427,4.0331073,43663.86
13428,4.0338902,43667.895
13429,4.0350275,43671.93
13430,4.036231,43675.965
13431,4.0386467,43680.004
13432,4.040706,43684.043
13433,4.040877,43688.082
13434,4.0409985,43692.12
13435,4.0418644,43696.164
13436,4.0432777,43700.207
13437,4.044421,43704.25
13438,4.0455155,43708.297
13439,4.0456605,43712.344
13440,4.0462637,43716.39
13441,4.047182,43720.438
13442,4.0473557,43724.484
13443,4.046378,43728.53
13444,4.04398,43732.574
13445,4.043474,43736.617
13446,4.0448427,43740.66
13447,4.0457926,43744.707
13448,4.045139,43748.754
13449,4.043015,43752.797
13450,4.0410943,43756.84
13451,4.037899,43760.88
13452,4.0343623,43764.914
13453,4.031112,43768.945
13454,4.0289865,43772.973
13455,4.0264792,43777.0
13456,4.0235257,43781.023
13457,4.022914,43785.047
13458,4.0210633,43789.066
13459,4.0190835,43793.086
13460,4.0172133,43797.1
13461,4.0175114,43801.117
13462,4.0206404,43805.137
13463,4.0249815,43809.16
13464,4.028151,43813.188
13465,4.029832,43817.22
13466,4.03105,43821.25
13467,4.032716,43825.28
13468,4.034961,43829.316
13469,4.03541,43833.35
13470,4.0349703,43837.387
13471,4.0343313,43841.42
13472,4.0341144,43845.457
13473,4.0351973,43849.492
13474,4.036998,43853.527
13475,4.0382786,43857.566
13476,4.0394163,43861.605
13477,4.0410075,43865.645
13478,4.0428185,43869.688
13479,4.0437994,43873.73
13480,4.043163,43877.773
13481,4.04188,43881.816
13482,4.0399995,43885.855
13483,4.0381217,43889.895
13484,4.0365725,43893.93
13485,4.0361667,43897.965
13486,4.036769,43902.0
13487,4.0364566,43906.035
13488,4.0358424,43910.07
13489,4.034847,43914.105
13490,4.035081,43918.14
13491,4.035179,43922.176
13492,4.0361304,43926.21
13493,4.038093,43930.25
13494,4.0403895,43934.29
13495,4.0409617,43938.33
13496,4.0405784,43942.367
13497,4.0401874,43946.406
13498,4.040525,43950.445
13499,4.0399737,43954.484
13500,4.03802,43958.523
13501,4.038739,43962.562
13502,4.0391965,43966.6
13503,4.0391884,43970.64
13504,4.04009,43974.68
13505,4.041188,43978.723
13506,4.0425925,43982.766
13507,4.0453176,43986.812
13508,4.0465617,43990.86
13509,4.046704,43994.906
13510,4.0453234,43998.953
13511,4.0427685,44002.996
13512,4.040595,44007.035
13513,4.038705,44011.074
13514,4.0380874,44015.113
13515,4.037543,44019.152
13516,4.038335,44023.19
13517,4.0388074,44027.23
13518,4.039339,44031.27
13519,4.040568,44035.31
13520,4.0418534,44039.35
13521,4.0425305,44043.395
13522,4.041567,44047.438
13523,4.039539,44051.477
13524,4.0381064,44055.516
13525,4.036656,44059.55
13526,4.0355854,44063.586
13527,4.033984,44067.62
13528,4.032185,44071.652
13529,4.030572,44075.684
13530,4.02765,44079.71
13531,4.0257564,44083.74
13532,4.024449,44087.76
13533,4.024448,44091.785
13534,4.025091,44095.81
13535,4.026769,44099.836
13536,4.030125,44103.867
13537,4.0330377,44107.9
13538,4.033923,44111.934
13539,4.033638,44115.97
13540,4.0331473,44120.0
13541,4.032031,44124.03
13542,4.030417,44128.062
13543,4.0288095,44132.09
13544,4.0293555,44136.12
13545,4.0324664,44140.152
13546,4.0348554,44144.188
13547,4.0350804,44148.223
13548,4.0358615,44152.258
13549,4.036902,44156.293
13550,4.0361433,44160.33
13551,4.035979,44164.363
13552,4.037507,44168.402
13553,4.0382266,44172.44
13554,4.037421,44176.48
13555,4.035577,44180.516
13556,4.0333433,44184.55
13557,4.0316696,44188.582
13558,4.031614,44192.613
13559,4.0319524,44196.645
13560,4.0322266,44200.676
13561,4.0334783,44204.71
13562,4.034398,44208.746
13563,4.0333695,44212.78
13564,4.032302,44216.812
13565,4.031047,44220.844
13566,4.0314646,44224.875
13567,4.033207,44228.91
13568,4.0345764,44232.945
13569,4.0359073,44236.98
13570,4.03735,44241.02
13571,4.0386333,44245.06
13572,4.038496,44249.098
13573,4.0365667,44253.133
13574,4.032745,44257.164
13575,4.028316,44261.19
13576,4.027493,44265.22
13577,4.028357,44269.246
13578,4.0287395,44273.273
13579,4.0288863,44277.3
13580,4.0301585,44281.332
13581,4.0317955,44285.363
13582,4.0338354,44289.4
13583,4.0345716,44293.434
13584,4.034029,44297.47
13585,4.031946,44301.5
13586,4.029037,44305.527
13587,4.0269084,44309.555
13588,4.0279284,44313.582
13589,4.0302753,44317.613
13590,4.0302553,44321.645
13591,4.0303493,44325.676
13592,4.0294046,44329.707
13593,4.0284786,44333.734
13594,4.027375,44337.76
13595,4.0261207,44341.79
13596,4.026792,44345.816
13597,4.027446,44349.844
13598,4.027761,44353.87
13599,4.02642,44357.9
13600,4.024638,44361.92
13601,4.022909,44365.945
13602,4.022595,44369.97
13603,4.0227914,44373.992
13604,4.0223536,44378.016
13605,4.022121,44382.04
13606,4.0198817,44386.06
13607,4.015978,44390.074
13608,4.0115986,44394.086
13609,4.006993,44398.094
13610,4.002496,44402.098
13611,3.9989016,44406.098
13612,3.998229,44410.098
13613,4.000992,44414.098
13614,4.0018234,44418.098
13615,4.000418,44422.098
13616,3.9983425,44426.098
13617,3.99772,44430.094
13618,3.9977446,44434.09
13619,3.9972854,44438.086
13620,3.996324,44442.082
13621,3.9970543,44446.08
13622,3.99944,44450.08
13623,4.0027905,44454.082
13624,4.003915,44458.086
13625,4.0024104,44462.09
13626,4.0017414,44466.09
13627,4.002995,44470.094
13628,4.0037994,44474.098
13629,4.0033426,44478.1
13630,4.002162,44482.105
13631,4.0010233,44486.105
13632,3.998525,44490.105
13633,3.9959652,44494.1
13634,3.9938564,44498.094
13635,3.9929047,44502.086
13636,3.9907806,44506.08
13637,3.9902692,44510.07
13638,3.9921474,44514.062
13639,3.9956644,44518.06
13640,3.99985,44522.06
13641,4.0037045,44526.062
13642,4.007965,44530.07
13643,4.011076,44534.082
13644,4.013347,44538.094
13645,4.0137973,44542.11
13646,4.0141873,44546.125
13647,4.013515,44550.137
13648,4.0115643,44554.15
13649,4.0093064,44558.156
13650,4.0080595,44562.164
13651,4.005529,44566.168
13652,4.004412,44570.17
13653,4.004414,44574.176
13654,4.0045295,44578.18
13655,4.0029635,44582.184
13656,4.001059,44586.184
13657,3.9984334,44590.184
13658,3.994553,44594.18
13659,3.989242,44598.168
13660,3.983197,44602.152
13661,3.976723,44606.13
13662,3.9711714,44610.1
13663,3.9656105,44614.066
13664,3.9608715,44618.027
13665,3.9554145,44621.984
13666,3.9488955,44625.934
13667,3.9414473,44629.875
13668,3.938092,44633.812
13669,3.9344268,44637.746
13670,3.9293714,44641.676
13671,3.923669,44645.598
13672,3.918335,44649.516
13673,3.9130278,44653.43
13674,3.9075909,44657.336
13675,3.9002502,44661.234
13676,3.8933797,44665.13
13677,3.8862178,44669.016
13678,3.8797157,44672.895
13679,3.8732164,44676.77
13680,3.8678613,44680.637
13681,3.8627572,44684.5
13682,3.860936,44688.36
13683,3.8583984,44692.22
13684,3.8578188,44696.08
13685,3.8572335,44699.934
13686,3.856731,44703.79
13687,3.8526387,44707.64
13688,3.8480392,44711.49
13689,3.834618,44715.324
13690,3.8216271,44719.145
13691,3.801904,44722.945
13692,3.7863154,44726.73
13693,3.7663858,44730.496
13694,3.750605,44734.246
13695,3.7352035,44737.98
13696,3.7271054,44741.707
13697,3.7178602,44745.426
13698,3.7087212,44749.133
13699,3.6995995,44752.832
13700,3.696475,44756.527
13701,3.6927578,44760.22
13702,3.6896334,44763.91
13703,3.6834419,44767.594
13704,3.6784558,44771.273
13705,3.6731873,44774.945
13706,3.6701097,44778.617
13707,3.6669035,44782.285
13708,3.6651561,44785.95
13709,3.6620517,44789.61
13710,3.659821,44793.27
13711,3.6550481,44796.926
13712,3.6515954,44800.58
13713,3.6468737,44804.227
13714,3.6432016,44807.87
13715,3.6389565,44811.51
13716,3.6367068,44815.15
13717,3.6335046,44818.78
13718,3.6308517,44822.41
13719,3.6277938,44826.04
13720,3.6262305,44829.664
13721,3.6344535,44833.297
13722,3.6560497,44836.953
13723,3.6705084,44840.625
13724,3.6861281,44844.312
13725,3.6998184,44848.01
13726,3.713911,44851.727
13727,3.7251635,44855.453
13728,3.7380779,44859.19
13729,3.7497292,44862.94
13730,3.762778,44866.703
13731,3.7738543,44870.477
13732,3.7851555,44874.26
13733,3.7946334,44878.055
13734,3.8035824,44881.86
13735,3.8101857,44885.668
13736,3.8167229,44889.484
13737,3.8218625,44893.305
13738,3.8267462,44897.133
13739,3.830379,44900.965
13740,3.8332715,44904.797
13741,3.8346863,44908.633
13742,3.8353016,44912.47
13743,3.834924,44916.305
13744,3.834301,44920.14
13745,3.832586,44923.973
13746,3.830839,44927.805
13747,3.8276436,44931.633
13748,3.8245442,44935.457
13749,3.8213058,44939.277
13750,3.8193178,44943.098
13751,3.817336,44946.914
13752,3.8159091,44950.73
13753,3.8138297,44954.543
13754,3.811379,44958.355
13755,3.8082395,44962.164
13756,3.8046257,44965.97
13757,3.7997823,44969.77
13758,3.7947512,44973.562
13759,3.7892294,44977.35
13760,3.7848854,44981.137
13761,3.7797525,44984.918
13762,3.7747347,44988.69
13763,3.7693791,44992.46
13764,3.7656271,44996.227
13765,3.76192,44999.99
13766,3.7576265,45003.746
13767,3.7517433,45007.496
13768,3.7465062,45011.242
13769,3.739627,45014.98
13770,3.7387204,45018.72
13771,3.7395914,45022.457
13772,3.7332036,45026.19
13773,3.7288966,45029.92
13774,3.7224023,45033.645
13775,3.722602,45037.367
13776,3.7227223,45041.09
13777,3.7278464,45044.816
13778,3.7280645,45048.543
13779,3.732952,45052.277
13780,3.7355754,45056.01
13781,3.7407894,45059.754
13782,3.7422414,45063.496
13783,3.7464092,45067.242
13784,3.7494326,45070.992
13785,3.7537727,45074.746
13786,3.7548895,45078.5
13787,3.7566404,45082.258
13788,3.7565155,45086.016
13789,3.7574153,45089.773
13790,3.759539,45093.53
13791,3.762669,45097.293
13792,3.7643878,45101.06
13793,3.7644641,45104.824
13794,3.7622335,45108.586
13795,3.7594454,45112.344
13796,3.7566202,45116.1
13797,3.7524474,45119.855
13798,3.7471187,45123.6
13799,3.74298,45127.344
13800,3.7417014,45131.086
13801,3.7397823,45134.824
13802,3.7375906,45138.562
13803,3.7377563,45142.3
13804,3.7409093,45146.043
13805,3.7447023,45149.79
13806,3.7461162,45153.535
13807,3.7460744,45157.28
13808,3.7453701,45161.027
13809,3.743968,45164.77
13810,3.742795,45168.51
13811,3.7417843,45172.254
13812,3.7406688,45175.996
13813,3.7395995,45179.734
13814,3.7396753,45183.473
13815,3.7393453,45187.21
13816,3.7379794,45190.95
13817,3.7363229,45194.684
13818,3.7343698,45198.418
13819,3.731507,45202.15
13820,3.72796,45205.875
13821,3.724706,45209.6
13822,3.723271,45213.324
13823,3.722793,45217.047
13824,3.7237768,45220.77
13825,3.7248247,45224.496
13826,3.7249217,45228.223
13827,3.7230325,45231.945
13828,3.720397,45235.664
13829,3.7165349,45239.38
13830,3.7132487,45243.094
13831,3.709708,45246.805
13832,3.707306,45250.51
13833,3.7062347,45254.22
13834,3.705561,45257.926
13835,3.7047806,45261.63
13836,3.7041051,45265.332
13837,3.7015872,45269.035
13838,3.696322,45272.73
13839,3.690234,45276.42
13840,3.6861928,45280.11
13841,3.6834567,45283.793
13842,3.6808891,45287.473
13843,3.6767912,45291.15
13844,3.6727023,45294.82
13845,3.6681921,45298.49
13846,3.6642506,45302.152
13847,3.6608112,45305.812
13848,3.6587727,45309.473
13849,3.6569064,45313.13
13850,3.655167,45316.785
13851,3.6523592,45320.438
13852,3.6490943,45324.086
13853,3.6449382,45327.73
13854,3.6408377,45331.37
13855,3.6365383,45335.008
13856,3.6326277,45338.64
13857,3.628067,45342.27
13858,3.6242943,45345.895
13859,3.6207733,45349.516
13860,3.6179047,45353.133
13861,3.6148517,45356.746
13862,3.6118047,45360.36
13863,3.608701,45363.97
13864,3.6062825,45367.574
13865,3.6038482,45371.18
13866,3.60036,45374.78
13867,3.5963593,45378.38
13868,3.5931594,45381.973
13869,3.5917568,45385.562
13870,3.5901558,45389.152
13871,3.588039,45392.742
13872,3.5837133,45396.324
13873,3.5798938,45399.902
13874,3.5768905,45403.48
13875,3.5749047,45407.055
13876,3.5716243,45410.625
13877,3.569503,45414.195
13878,3.565709,45417.76
13879,3.5619802,45421.324
13880,3.5584862,45424.883
13881,3.5562444,45428.438
13882,3.553446,45431.992
13883,3.5514362,45435.543
13884,3.550298,45439.094
13885,3.5511336,45442.645
13886,3.5513334,45446.195
13887,3.5522275,45449.746
13888,3.5500305,45453.297
13889,3.5479488,45456.844
13890,3.546146,45460.39
13891,3.545904,45463.938
13892,3.5433197,45467.48
13893,3.5404685,45471.02
13894,3.5370703,45474.555
13895,3.535346,45478.09
13896,3.5375662,45481.63
13897,3.5332634,45485.164
13898,3.5403666,45488.703
13899,3.5316482,45492.234
13900,3.5505035,45495.785
13901,3.549341,45499.336
13902,3.5678575,45502.902
13903,3.5728872,45506.477
13904,3.577094,45510.055
13905,3.5776567,45513.633
13906,3.5627491,45517.195
13907,3.5450768,45520.742
13908,3.5048242,45524.246
13909,3.4672744,45527.715
13910,3.437389,45531.152
13911,3.4136243,45534.566
13912,3.4198556,45537.984
13913,3.4081326,45541.39
13914,3.4286077,45544.82
13915,3.4157295,45548.234
13916,3.4372678,45551.67
13917,3.4256265,45555.098
13918,3.446393,45558.543
13919,3.433597,45561.977
13920,3.4505048,45565.426
13921,3.4336221,45568.86
13922,3.4504528,45572.31
13923,3.4391773,45575.746
13924,3.4578161,45579.203
13925,3.4492586,45582.652
13926,3.467292,45586.12
13927,3.4657135,45589.586
13928,3.4779909,45593.062
13929,3.4705346,45596.53
13930,3.47978,45600.01
13931,3.477495,45603.49
13932,3.486195,45606.973
13933,3.4869206,45610.46
13934,3.4930236,45613.953
13935,3.4919698,45617.445
13936,3.4940255,45620.938
13937,3.4965768,45624.434
13938,3.5045526,45627.938
13939,3.5151129,45631.453
13940,3.5246325,45634.977
13941,3.5349858,45638.51
13942,3.5445647,45642.055
13943,3.5581524,45645.613
13944,3.575212,45649.188
13945,3.619736,45652.81
13946,3.6581073,45656.465
13947,3.7100224,45660.176
13948,3.7488225,45663.926
13949,3.785067,45667.71
13950,3.8052814,45671.516
13951,3.8238292,45675.34
13952,3.8342931,45679.176
13953,3.8417575,45683.016
13954,3.845216,45686.86
13955,3.8506513,45690.71
13956,3.8534117,45694.562
13957,3.8570123,45698.418
13958,3.858031,45702.277
13959,3.8587506,45706.137
13960,3.8569546,45709.992
13961,3.857691,45713.85
13962,3.8585043,45717.71
13963,3.8599432,45721.57
13964,3.8582485,45725.43
13965,3.8534334,45729.28
13966,3.8457975,45733.13
13967,3.8382943,45736.97
13968,3.8326929,45740.8
13969,3.827947,45744.63
13970,3.8223922,45748.453
13971,3.8158529,45752.27
13972,3.8084047,45756.08
13973,3.7997863,45759.88
13974,3.7958674,45763.676
13975,3.7938528,45767.47
13976,3.7921777,45771.26
13977,3.78528,45775.047
13978,3.7782335,45778.824
13979,3.7703207,45782.594
13980,3.7625103,45786.355
13981,3.7514894,45790.105
13982,3.742466,45793.848
13983,3.7334664,45797.582
13984,3.7272537,45801.31
13985,3.7194426,45805.027
13986,3.7114403,45808.74
13987,3.7051272,45812.445
13988,3.702855,45816.15
13989,3.7008848,45819.848
13990,3.7001977,45823.547
13991,3.6987157,45827.246
13992,3.702109,45830.95
13993,3.7075024,45834.656
13994,3.7168725,45838.375
13995,3.7228866,45842.098
13996,3.7263548,45845.824
13997,3.7239919,45849.547
13998,3.722452,45853.27
13999,3.7205703,45856.99
14000,3.720016,45860.707
14001,3.7149937,45864.42
14002,3.710554,45868.133
14003,3.7068517,45871.84
14004,3.7075734,45875.547
14005,3.7089238,45879.254
14006,3.710506,45882.965
14007,3.7093291,45886.676
14008,3.7115228,45890.387
14009,3.7133064,45894.1
14010,3.7169292,45897.82
14011,3.7202218,45901.54
14012,3.722842,45905.26
14013,3.7201734,45908.98
14014,3.7165976,45912.695
14015,3.712745,45916.406
14016,3.7114851,45920.117
14017,3.7107472,45923.83
14018,3.7119787,45927.54
14019,3.71305,45931.254
14020,3.7172549,45934.973
14021,3.7220953,45938.695
14022,3.7261271,45942.42
14023,3.727453,45946.15
14024,3.7285159,45949.88
14025,3.7291338,45953.61
14026,3.7331722,45957.344
14027,3.7372558,45961.082
14028,3.740133,45964.82
14029,3.7400486,45968.56
14030,3.7404127,45972.3
14031,3.742812,45976.043
14032,3.747672,45979.79
14033,3.749473,45983.54
14034,3.749334,45987.29
14035,3.7477484,45991.035
14036,3.7468574,45994.78
14037,3.7454321,45998.527
14038,3.7451754,46002.273
14039,3.7458928,46006.02
14040,3.7474425,46009.766
14041,3.7479923,46013.51
14042,3.7501717,46017.26
14043,3.753731,46021.016
14044,3.757576,46024.773
14045,3.7593749,46028.53
14046,3.7596812,46032.29
14047,3.7586887,46036.047
14048,3.7595272,46039.805
14049,3.7613423,46043.566
14050,3.760184,46047.33
14051,3.7549727,46051.082
14052,3.7501826,46054.832
14053,3.7480795,46058.582
14054,3.7481418,46062.332
14055,3.747172,46066.08
14056,3.7457223,46069.824
14057,3.7440865,46073.566
14058,3.7438402,46077.31
14059,3.7455382,46081.055
14060,3.7492552,46084.805
14061,3.7546978,46088.56
14062,3.762389,46092.32
14063,3.7708468,46096.09
14064,3.7754107,46099.867
14065,3.7765288,46103.645
14066,3.7759154,46107.42
14067,3.7666032,46111.188
14068,3.7501073,46114.938
14069,3.7288868,46118.668
14070,3.7061837,46122.375
14071,3.684098,46126.06
14072,3.6643965,46129.723
14073,3.6516898,46133.375
14074,3.6476781,46137.023
14075,3.6466067,46140.67
14076,3.6498435,46144.32
14077,3.6512926,46147.973
14078,3.6518548,46151.625
14079,3.64971,46155.273
14080,3.6494107,46158.92
14081,3.649324,46162.57
14082,3.6508873,46166.223
14083,3.650837,46169.875
14084,3.6507154,46173.527
14085,3.652065,46177.18
14086,3.654994,46180.836
14087,3.6568909,46184.492
14088,3.657302,46188.15
14089,3.6564643,46191.805
14090,3.6561837,46195.46
14091,3.6553106,46199.117
14092,3.6531768,46202.77
14093,3.6510057,46206.42
14094,3.650218,46210.07
14095,3.649943,46213.72
14096,3.6523793,46217.37
14097,3.6545885,46221.027
14098,3.6555798,46224.684
14099,3.6564293,46228.34
14100,3.6575255,46231.996
14101,3.6575444,46235.652
14102,3.6566772,46239.31
14103,3.6559744,46242.965
14104,3.6551352,46246.62
14105,3.6542141,46250.273
14106,3.6541965,46253.926
14107,3.6536174,46257.58
14108,3.6527214,46261.23
14109,3.6510365,46264.883
14110,3.651594,46268.535
14111,3.652087,46272.188
14112,3.6532025,46275.84
14113,3.6538837,46279.492
14114,3.6531074,46283.145
14115,3.6541736,46286.797
14116,3.6564977,46290.453
14117,3.6599975,46294.113
14118,3.661761,46297.773
14119,3.6647236,46301.438
14120,3.6671774,46305.105
14121,3.6696725,46308.773
14122,3.6701994,46312.445
14123,3.6729198,46316.117
14124,3.676077,46319.793
14125,3.6803923,46323.473
14126,3.683868,46327.156
14127,3.6867752,46330.844
14128,3.6877172,46334.53
14129,3.6883898,46338.22
14130,3.6881387,46341.906
14131,3.6885893,46345.594
14132,3.6879125,46349.28
14133,3.6865578,46352.97
14134,3.684847,46356.652
14135,3.683486,46360.336
14136,3.6825159,46364.02
14137,3.680414,46367.7
14138,3.6769626,46371.375
14139,3.673904,46375.05
14140,3.672853,46378.723
14141,3.6713555,46382.395
14142,3.666751,46386.062
14143,3.6615474,46389.723
14144,3.6570418,46393.38
14145,3.6509361,46397.03
14146,3.645429,46400.676
14147,3.6409423,46404.316
14148,3.6389215,46407.957
14149,3.637132,46411.594
14150,3.6334822,46415.227
14151,3.6298168,46418.855
14152,3.6278677,46422.484
14153,3.6271756,46426.113
14154,3.6241906,46429.74
14155,3.626145,46433.363
14156,3.6606011,46437.023
14157,3.7212644,46440.746
14158,3.7730074,46444.52
14159,3.8080971,46448.33
14160,3.8202019,46452.15
14161,3.8265889,46455.977
14162,3.8364294,46459.812
14163,3.8456743,46463.656
14164,3.8555942,46467.51
14165,3.8620253,46471.375
14166,3.8698986,46475.246
14167,3.8760579,46479.12
14168,3.8798327,46483.0
14169,3.875762,46486.875
14170,3.8652425,46490.742
14171,3.846767,46494.59
14172,3.8249342,46498.414
14173,3.803536,46502.22
14174,3.7888963,46506.008
14175,3.7861278,46509.793
14176,3.792437,46513.586
14177,3.7994213,46517.387
14178,3.8031878,46521.19
14179,3.8023345,46524.992
14180,3.8007002,46528.793
14181,3.7986073,46532.59
14182,3.7965138,46536.387
14183,3.7931137,46540.18
14184,3.7889123,46543.97
14185,3.783063,46547.75
14186,3.7774854,46551.527
14187,3.7731662,46555.3
14188,3.7696173,46559.07
14189,3.7635396,46562.832
14190,3.75652,46566.59
14191,3.7499423,46570.34
14192,3.744771,46574.086
14193,3.7401955,46577.824
14194,3.7351248,46581.56
14195,3.7287102,46585.29
14196,3.72286,46589.01
14197,3.7179275,46592.73
14198,3.7159834,46596.445
14199,3.7145996,46600.16
14200,3.7124107,46603.87
14201,3.7093549,46607.582
14202,3.7055333,46611.29
14203,3.700696,46614.99
14204,3.6926558,46618.68
14205,3.6816452,46622.363
14206,3.671335,46626.035
14207,3.6604934,46629.695
14208,3.652419,46633.348
14209,3.644699,46636.992
14210,3.6401298,46640.633
14211,3.6362927,46644.27
14212,3.634992,46647.906
14213,3.633636,46651.54
14214,3.6321898,46655.17
14215,3.6307623,46658.8
14216,3.630527,46662.43
14217,3.6305003,46666.06
14218,3.6297457,46669.688
14219,3.627204,46673.316
14220,3.62385,46676.94
14221,3.6212223,46680.562
14222,3.623553,46684.188
14223,3.6257107,46687.812
14224,3.6275082,46691.44
14225,3.6272438,46695.07
14226,3.6251147,46698.695
14227,3.6252022,46702.32
14228,3.6279387,46705.95
14229,3.6302097,46709.58
14230,3.6316726,46713.21
14231,3.6327276,46716.844
14232,3.6335998,46720.477
14233,3.6352851,46724.113
14234,3.6369646,46727.75
14235,3.638625,46731.387
14236,3.6392453,46735.027
14237,3.640435,46738.668
14238,3.6416364,46742.31
14239,3.6435204,46745.953
14240,3.6457238,46749.598
14241,3.6476488,46753.246
14242,3.6496549,46756.895
14243,3.653358,46760.547
14244,3.6575687,46764.203
14245,3.6613226,46767.863
14246,3.6634,46771.527
14247,3.6645186,46775.19
14248,3.6652217,46778.855
14249,3.666063,46782.523
14250,3.6682675,46786.19
14251,3.6706722,46789.863
14252,3.6738632,46793.54
14253,3.6777306,46797.215
14254,3.679567,46800.895
14255,3.6814458,46804.574
14256,3.6844985,46808.258
14257,3.6895022,46811.95
14258,3.6934378,46815.645
14259,3.6948626,46819.34
14260,3.695459,46823.035
14261,3.6970646,46826.73
14262,3.6976879,46830.43
14263,3.6984668,46834.13
14264,3.6976624,46837.83
14265,3.6959028,46841.523
14266,3.693438,46845.22
14267,3.6908624,46848.91
14268,3.6895483,46852.6
14269,3.6908956,46856.293
14270,3.694142,46859.99
14271,3.6988819,46863.688
14272,3.7044127,46867.39
14273,3.7100353,46871.1
14274,3.7145724,46874.816
14275,3.7174127,46878.535
14276,3.7174785,46882.254
14277,3.716602,46885.97
14278,3.7160351,46889.684
14279,3.716066,46893.4
14280,3.7160916,46897.113
14281,3.7186522,46900.832
14282,3.7233658,46904.555
14283,3.7281325,46908.28
14284,3.7296283,46912.01
14285,3.7295866,46915.742
14286,3.7285051,46919.47
14287,3.729409,46923.2
14288,3.7342424,46926.934
14289,3.741511,46930.676
14290,3.7476661,46934.42
14291,3.7525303,46938.176
14292,3.7550595,46941.93
14293,3.7552176,46945.684
14294,3.7541625,46949.438
14295,3.7535064,46953.19
14296,3.7533934,46956.945
14297,3.7525127,46960.7
14298,3.7495098,46964.45
14299,3.748363,46968.2
14300,3.7503135,46971.95
14301,3.7534654,46975.703
14302,3.754586,46979.457
14303,3.7547903,46983.21
14304,3.7527864,46986.965
14305,3.7523036,46990.72
14306,3.7521737,46994.473
14307,3.7520797,46998.227
14308,3.75002,47001.977
14309,3.7479568,47005.723
14310,3.7451363,47009.47
14311,3.743005,47013.21
14312,3.7397149,47016.95
14313,3.7393215,47020.688
14314,3.7428148,47024.43
14315,3.7503085,47028.18
14316,3.7544525,47031.934
14317,3.757201,47035.69
14318,3.7562742,47039.45
14319,3.7538688,47043.203
14320,3.751266,47046.953
14321,3.7504613,47050.703
14322,3.7495086,47054.453
14323,3.74797,47058.2
14324,3.7481897,47061.95
14325,3.7524807,47065.703
14326,3.7586272,47069.46
14327,3.7637258,47073.227
14328,3.7653244,47076.992
14329,3.7679086,47080.76
14330,3.7697604,47084.53
14331,3.7706723,47088.3
14332,3.77108,47092.07
14333,3.7726762,47095.844
14334,3.7752104,47099.617
14335,3.778425,47103.395
14336,3.7816615,47107.176
14337,3.7830706,47110.957
14338,3.7819297,47114.74
14339,3.7784598,47118.516
14340,3.7758465,47122.293
14341,3.7755196,47126.07
14342,3.7779176,47129.848
14343,3.7812395,47133.63
14344,3.7832434,47137.414
14345,3.7836616,47141.2
14346,3.783959,47144.984
14347,3.7849407,47148.77
14348,3.783025,47152.55
14349,3.7795994,47156.332
14350,3.77776,47160.11
14351,3.780371,47163.89
14352,3.7848887,47167.676
14353,3.7884283,47171.465
14354,3.7881896,47175.254
14355,3.7882977,47179.043
14356,3.787789,47182.832
14357,3.7879739,47186.62
14358,3.7893634,47190.41
14359,3.7907498,47194.2
14360,3.7923708,47197.992
14361,3.7967007,47201.79
14362,3.800994,47205.59
14363,3.8047357,47209.395
14364,3.806003,47213.2
14365,3.805529,47217.004
14366,3.8044088,47220.81
14367,3.8020134,47224.61
14368,3.7992358,47228.41
14369,3.7967098,47232.207
14370,3.7929022,47236.0
14371,3.7904124,47239.79
14372,3.7903488,47243.58
14373,3.7922227,47247.37
14374,3.793538,47251.164
14375,3.794529,47254.957
14376,3.7946987,47258.75
14377,3.7950618,47262.547
14378,3.7926257,47266.34
14379,3.790591,47270.13
14380,3.7952375,47273.926
14381,3.8019981,47277.727
14382,3.8024993,47281.527
14383,3.7977579,47285.324
14384,3.790468,47289.113
14385,3.782724,47292.895
14386,3.7813714,47296.676
14387,3.7851272,47300.46
14388,3.790094,47304.25
14389,3.7931695,47308.043
14390,3.7925606,47311.836
14391,3.7922838,47315.63
14392,3.7945354,47319.42
14393,3.7930264,47323.215
14394,3.7883122,47327.004
14395,3.7864728,47330.79
14396,3.791796,47334.582
14397,3.7962418,47338.38
14398,3.795502,47342.176
14399,3.7917142,47345.97
14400,3.7898223,47349.758
14401,3.790498,47353.547
14402,3.7910333,47357.34
14403,3.790715,47361.13
14404,3.790262,47364.918
14405,3.7898846,47368.707
14406,3.788912,47372.496
14407,3.7876081,47376.285
14408,3.787734,47380.074
14409,3.7885273,47383.863
14410,3.7866871,47387.65
14411,3.7846882,47391.434
14412,3.78567,47395.22
14413,3.7880905,47399.008
14414,3.7897625,47402.797
14415,3.7897198,47406.586
14416,3.786482,47410.37
14417,3.7838833,47414.156
14418,3.7845976,47417.94
14419,3.7878232,47421.73
14420,3.7922342,47425.523
14421,3.7969503,47429.32
14422,3.799657,47433.12
14423,3.801272,47436.92
14424,3.8001301,47440.723
14425,3.7980785,47444.52
14426,3.79828,47448.316
14427,3.7988548,47452.117
14428,3.8005214,47455.918
14429,3.8001285,47459.72
14430,3.7997377,47463.52
14431,3.7991784,47467.32
14432,3.798424,47471.117
14433,3.797369,47474.914
14434,3.7980716,47478.71
14435,3.8006766,47482.51
14436,3.805078,47486.316
14437,3.8097508,47490.125
14438,3.8149219,47493.94
14439,3.8169627,47497.758
14440,3.8161972,47501.574
14441,3.8135252,47505.387
14442,3.811263,47509.2
14443,3.8059328,47513.004
14444,3.7949803,47516.8
14445,3.7855878,47520.586
14446,3.7814271,47524.367
14447,3.783124,47528.15
14448,3.7861748,47531.934
14449,3.7867053,47535.72
14450,3.7828343,47539.5
14451,3.7766643,47543.277
14452,3.7735775,47547.05
14453,3.7763116,47550.83
14454,3.7802382,47554.61
14455,3.7813776,47558.39
14456,3.7802882,47562.17
14457,3.7799976,47565.953
14458,3.784068,47569.74
14459,3.789046,47573.527
14460,3.7892635,47577.316
14461,3.7848043,47581.1
14462,3.781361,47584.883
14463,3.7830706,47588.664
14464,3.788872,47592.453
14465,3.7937186,47596.246
14466,3.7919645,47600.04
14467,3.7850182,47603.824
14468,3.7823286,47607.605
14469,3.7851806,47611.39
14470,3.7894096,47615.18
14471,3.7900238,47618.97
14472,3.7891786,47622.758
14473,3.7906957,47626.547
14474,3.795092,47630.344
14475,3.7988107,47634.14
14476,3.7987642,47637.938
14477,3.7948327,47641.73
14478,3.7933612,47645.523
14479,3.7909765,47649.312
14480,3.7849362,47653.098
14481,3.7776897,47656.875
14482,3.772773,47660.65
14483,3.77118,47664.418
14484,3.7698326,47668.188
14485,3.7691512,47671.957
14486,3.7680383,47675.727
14487,3.7690048,47679.496
14488,3.7740536,47683.27
14489,3.7802868,47687.05
14490,3.7856033,47690.836
14491,3.7898183,47694.625
14492,3.7932427,47698.418
14493,3.7929134,47702.21
14494,3.7877102,47706.0
14495,3.7809145,47709.78
14496,3.7735503,47713.555
14497,3.768867,47717.324
14498,3.7697558,47721.094
14499,3.7733488,47724.867
14500,3.7761703,47728.645
14501,3.778239,47732.42
14502,3.7743933,47736.195
14503,3.7697241,47739.965
14504,3.7709014,47743.734
14505,3.777311,47747.51
14506,3.7854254,47751.297
14507,3.7933578,47755.09
14508,3.8000927,47758.89
14509,3.8048697,47762.695
14510,3.8069878,47766.504
14511,3.8033984,47770.31
14512,3.796096,47774.105
14513,3.7864375,47777.89
14514,3.7764986,47781.668
14515,3.7691948,47785.438
14516,3.7640948,47789.203
14517,3.762116,47792.965
14518,3.764674,47796.73
14519,3.7721515,47800.504
14520,3.7786665,47804.28
14521,3.7832248,47808.066
14522,3.7850115,47811.85
14523,3.783889,47815.637
14524,3.7831414,47819.418
14525,3.7848303,47823.203
14526,3.789889,47826.992
14527,3.7909558,47830.78
14528,3.7851431,47834.566
14529,3.7764864,47838.344
14530,3.7678518,47842.113
14531,3.761655,47845.875
14532,3.7570422,47849.633
14533,3.754967,47853.387
14534,3.751601,47857.137
14535,3.7511375,47860.887
14536,3.752775,47864.64
14537,3.7571678,47868.4
14538,3.765911,47872.164
14539,3.776769,47875.94
14540,3.7816608,47879.723
14541,3.781397,47883.504
14542,3.7794507,47887.285
14543,3.778122,47891.062
14544,3.7814872,47894.844
14545,3.7884164,47898.633
14546,3.7923107,47902.426
14547,3.7934418,47906.22
14548,3.795288,47910.016
14549,3.798762,47913.812
14550,3.8038375,47917.617
14551,3.8072448,47921.426
14552,3.8061635,47925.23
14553,3.798048,47929.027
14554,3.7883573,47932.816
14555,3.7798848,47936.598
14556,3.77405,47940.37
14557,3.7703085,47944.14
14558,3.771497,47947.914
14559,3.7762117,47951.69
14560,3.7839568,47955.477
14561,3.792281,47959.27
14562,3.7982845,47963.066
14563,3.8003323,47966.867
14564,3.7986085,47970.664
14565,3.7952473,47974.46
14566,3.794231,47978.254
14567,3.796013,47982.05
14568,3.796044,47985.848
14569,3.7901666,47989.637
14570,3.7819002,47993.418
14571,3.7774131,47997.195
14572,3.7784038,48000.973
14573,3.7804048,48004.754
14574,3.7807825,48008.535
14575,3.7790792,48012.312
14576,3.7788153,48016.09
14577,3.7833896,48019.875
14578,3.7877166,48023.664
14579,3.7899513,48027.453
14580,3.7903616,48031.242
14581,3.7920983,48035.035
14582,3.7946837,48038.83
14583,3.7986226,48042.625
14584,3.802545,48046.426
14585,3.8049426,48050.23
14586,3.8031945,48054.035
14587,3.7986846,48057.832
14588,3.8000114,48061.633
14589,3.8042803,48065.438
14590,3.8111196,48069.25
14591,3.817247,48073.066
14592,3.819445,48076.887
14593,3.8161688,48080.703
14594,3.8090127,48084.51
14595,3.797342,48088.31
14596,3.7861633,48092.094
14597,3.778704,48095.87
14598,3.777742,48099.65
14599,3.7818127,48103.43
14600,3.7889385,48107.22
14601,3.7949896,48111.016
14602,3.7965002,48114.812
14603,3.794252,48118.605
14604,3.7906485,48122.395
14605,3.7867913,48126.18
14606,3.783468,48129.965
14607,3.7803915,48133.746
14608,3.7755327,48137.523
14609,3.767239,48141.29
14610,3.7598677,48145.05
14611,3.7568734,48148.81
14612,3.7599728,48152.57
14613,3.7671492,48156.336
14614,3.7739177,48160.11
14615,3.7771904,48163.887
14616,3.773916,48167.66
14617,3.7691982,48171.43
14618,3.7674568,48175.195
14619,3.7669191,48178.96
14620,3.7644882,48182.727
14621,3.761816,48186.49
14622,3.7616518,48190.25
14623,3.7645366,48194.016
14624,3.7670007,48197.78
14625,3.7695937,48201.55
14626,3.7745154,48205.324
14627,3.7807863,48209.105
14628,3.7852852,48212.89
14629,3.7857132,48216.676
14630,3.78305,48220.457
14631,3.7796903,48224.24
14632,3.7769067,48228.016
14633,3.7734942,48231.79
14634,3.7712398,48235.56
14635,3.7701445,48239.33
14636,3.7701735,48243.098
14637,3.769995,48246.867
14638,3.769541,48250.637
14639,3.7698026,48254.406
14640,3.7707138,48258.176
14641,3.7693565,48261.945
14642,3.7663527,48265.71
14643,3.765211,48269.477
14644,3.7679434,48273.246
14645,3.771648,48277.02
14646,3.7711587,48280.79
14647,3.7697303,48284.56
14648,3.7687218,48288.33
14649,3.7674136,48292.094
14650,3.7664318,48295.86
14651,3.7663937,48299.625
14652,3.767726,48303.395
14653,3.7674975,48307.16
14654,3.766509,48310.926
14655,3.7678812,48314.695
14656,3.7712731,48318.465
14657,3.7760532,48322.242
14658,3.7796245,48326.023
14659,3.7840414,48329.81
14660,3.790468,48333.598
14661,3.7967367,48337.395
14662,3.7998624,48341.195
14663,3.7993047,48344.996
14664,3.7974384,48348.793
14665,3.7932055,48352.586
14666,3.7912924,48356.38
14667,3.7918725,48360.17
14668,3.7919042,48363.965
14669,3.7888536,48367.754
14670,3.783841,48371.54
14671,3.7822626,48375.32
14672,3.786075,48379.105
14673,3.79155,48382.9
14674,3.796444,48386.695
14675,3.7975392,48390.492
14676,3.792772,48394.285
14677,3.7870727,48398.07
14678,3.7881727,48401.86
14679,3.7870376,48405.645
14680,3.7779849,48409.42
14681,3.7677028,48413.19
14682,3.7626178,48416.953
14683,3.7606316,48420.715
14684,3.7589998,48424.473
14685,3.7579076,48428.23
14686,3.753994,48431.984
14687,3.747355,48435.73
14688,3.7401297,48439.47
14689,3.7367926,48443.207
14690,3.7398775,48446.945
14691,3.748418,48450.695
14692,3.7565072,48454.453
14693,3.764202,48458.22
14694,3.7652037,48461.984
14695,3.7641547,48465.75
14696,3.76321,48469.51
14697,3.7651236,48473.277
14698,3.7680058,48477.047
14699,3.7688615,48480.816
14700,3.7649133,48484.582
14701,3.757968,48488.34
14702,3.7512922,48492.09
14703,3.7498746,48495.84
14704,3.755375,48499.594
14705,3.7631247,48503.355
14706,3.7665322,48507.12
14707,3.766025,48510.887
14708,3.7657466,48514.652
14709,3.7662551,48518.418
14710,3.7675347,48522.184
14711,3.7659447,48525.95
14712,3.7636526,48529.71
14713,3.7618675,48533.473
14714,3.7611718,48537.234
14715,3.7602756,48540.996
14716,3.7602348,48544.758
14717,3.7644544,48548.523
14718,3.7685845,48552.293
14719,3.770704,48556.062
14720,3.7713153,48559.832
14721,3.7709777,48563.6
14722,3.770874,48567.37
14723,3.7708383,48571.14
14724,3.7746804,48574.914
14725,3.7790425,48578.69
14726,3.7818704,48582.473
14727,3.7835717,48586.258
14728,3.78463,48590.043
14729,3.7836642,48593.83
14730,3.7823296,48597.61
14731,3.7794147,48601.39
14732,3.7761834,48605.168
14733,3.7757509,48608.945
14734,3.781901,48612.727
14735,3.7898664,48616.516
14736,3.7948222,48620.31
14737,3.7981656,48624.105
14738,3.7978435,48627.902
14739,3.7931263,48631.695
14740,3.7884655,48635.484
14741,3.7822614,48639.266
14742,3.7765932,48643.043
14743,3.7686703,48646.812
14744,3.7633734,48650.574
14745,3.7611816,48654.336
14746,3.7604637,48658.098
14747,3.761888,48661.86
14748,3.769802,48665.63
14749,3.7793593,48669.41
14750,3.782539,48673.19
14751,3.7814827,48676.973
14752,3.778388,48680.75
14753,3.7741747,48684.523
14754,3.7694213,48688.293
14755,3.7639635,48692.06
14756,3.759455,48695.816
14757,3.754991,48699.57
14758,3.752942,48703.324
14759,3.7528548,48707.08
14760,3.7518356,48710.83
14761,3.7511334,48714.58
14762,3.7511597,48718.33
14763,3.7526295,48722.082
14764,3.7541442,48725.836
14765,3.756672,48729.594
14766,3.7563722,48733.35
14767,3.752296,48737.105
14768,3.7457006,48740.85
14769,3.7402732,48744.594
14770,3.7385235,48748.332
14771,3.7388473,48752.07
14772,3.7395098,48755.81
14773,3.7430694,48759.55
14774,3.7494426,48763.3
14775,3.7574065,48767.06
14776,3.7662115,48770.824
14777,3.7718854,48774.598
14778,3.7731514,48778.37
14779,3.7715645,48782.145
14780,3.7674034,48785.91
14781,3.7644634,48789.676
14782,3.7658007,48793.44
14783,3.76714,48797.207
14784,3.7680264,48800.977
14785,3.7689946,48804.746
14786,3.7683716,48808.516
14787,3.7659576,48812.28
14788,3.7621565,48816.043
14789,3.7586107,48819.8
14790,3.7569253,48823.56
14791,3.757091,48827.316
14792,3.7538488,48831.07
14793,3.7485027,48834.82
14794,3.7436073,48838.562
14795,3.7438278,48842.305
14796,3.745757,48846.05
14797,3.7485301,48849.8
14798,3.753872,48853.555
14799,3.760022,48857.316
14800,3.7607868,48861.08
14801,3.7576113,48864.836
14802,3.754591,48868.59
14803,3.7522566,48872.344
14804,3.7540252,48876.098
14805,3.7599335,48879.86
14806,3.7622612,48883.62
14807,3.76099,48887.383
14808,3.7624214,48891.145
14809,3.7672703,48894.91
14810,3.7727513,48898.684
14811,3.7770255,48902.46
14812,3.7782705,48906.24
14813,3.7741997,48910.01
14814,3.7657483,48913.777
14815,3.757983,48917.535
14816,3.758858,48921.293
14817,3.7651737,48925.06
14818,3.768834,48928.83
14819,3.7668307,48932.594
14820,3.7586935,48936.35
14821,3.751402,48940.1
14822,3.7510355,48943.85
14823,3.754302,48947.605
14824,3.7571912,48951.363
14825,3.7569385,48955.12
14826,3.7557375,48958.875
14827,3.7536898,48962.63
14828,3.7513275,48966.38
14829,3.7502718,48970.13
14830,3.7512972,48973.88
14831,3.7528877,48977.633
14832,3.7511437,48981.383
14833,3.7464778,48985.13
14834,3.743801,48988.87
14835,3.744119,48992.613
14836,3.7504778,48996.363
14837,3.759415,49000.12
14838,3.7641172,49003.887
14839,3.7645671,49007.652
14840,3.7649562,49011.418
14841,3.7663164,49015.184
14842,3.768388,49018.953
14843,3.7734315,49022.727
14844,3.781426,49026.508
14845,3.7852354,49030.293
14846,3.7824702,49034.074
14847,3.7776005,49037.85
14848,3.7775958,49041.63
14849,3.779655,49045.41
14850,3.781723,49049.19
14851,3.783868,49052.977
14852,3.786361,49056.76
14853,3.7885966,49060.55
14854,3.7900093,49064.34
14855,3.788835,49068.13
14856,3.7857428,49071.914
14857,3.7806737,49075.695
14858,3.7746801,49079.47
14859,3.7640765,49083.234
14860,3.75305,49086.99
14861,3.7445486,49090.734
14862,3.7415533,49094.477
14863,3.746096,49098.223
14864,3.7513757,49101.973
14865,3.7580373,49105.73
14866,3.7650435,49109.496
14867,3.7694125,49113.266
14868,3.7704754,49117.035
14869,3.7700167,49120.805
14870,3.7679884,49124.574
14871,3.76429,49128.34
14872,3.7627559,49132.1
14873,3.7656708,49135.867
14874,3.7713041,49139.637
14875,3.7744043,49143.41
14876,3.7751596,49147.184
14877,3.7755446,49150.96
14878,3.7761834,49154.74
14879,3.776431,49158.516
14880,3.776213,49162.293
14881,3.7746892,49166.066
14882,3.7735813,49169.84
14883,3.7735994,49173.613
14884,3.7743523,49177.387
14885,3.7716844,49181.16
14886,3.7684245,49184.93
14887,3.767668,49188.7
14888,3.767206,49192.465
14889,3.7622213,49196.227
14890,3.7551665,49199.98
14891,3.749018,49203.73
14892,3.7430718,49207.473
14893,3.7384236,49211.21
14894,3.733219,49214.945
14895,3.7250006,49218.67
14896,3.7165723,49222.387
14897,3.714312,49226.1
14898,3.7197483,49229.82
14899,3.7298675,49233.55
14900,3.7376273,49237.29
14901,3.7433574,49241.03
14902,3.7483065,49244.78
14903,3.7532876,49248.535
14904,3.7584267,49252.293
14905,3.7623382,49256.055
14906,3.7643209,49259.82
14907,3.7662828,49263.586
14908,3.769843,49267.355
14909,3.7723188,49271.13
14910,3.7717748,49274.902
14911,3.769186,49278.67
14912,3.7636974,49282.438
14913,3.7557387,49286.19
14914,3.7491155,49289.94
14915,3.7431338,49293.684
14916,3.738664,49297.42
14917,3.739562,49301.16
14918,3.7416623,49304.902
14919,3.7428079,49308.645
14920,3.7403343,49312.387
14921,3.7377048,49316.125
14922,3.735824,49319.86
14923,3.7358263,49323.594
14924,3.7373097,49327.332
14925,3.7406201,49331.074
14926,3.7452865,49334.82
14927,3.749176,49338.57
14928,3.7490964,49342.32
14929,3.7500417,49346.07
14930,3.7542894,49349.824
14931,3.7611008,49353.586
14932,3.7662728,49357.35
14933,3.7692208,49361.12
14934,3.769783,49364.89
14935,3.7683232,49368.66
14936,3.7664862,49372.426
14937,3.762322,49376.188
14938,3.7574463,49379.945
14939,3.7575078,49383.703
14940,3.7615545,49387.465
14941,3.7670448,49391.23
14942,3.7704787,49395.0
14943,3.7721143,49398.773
14944,3.7668002,49402.54
14945,3.7606113,49406.3
14946,3.75671,49410.06
14947,3.754448,49413.812
14948,3.754348,49417.566
14949,3.7573624,49421.324
14950,3.7605197,49425.086
14951,3.7618353,49428.848
14952,3.7603483,49432.61
14953,3.7589552,49436.367
14954,3.7566965,49440.125
14955,3.7538805,49443.88
14956,3.752103,49447.633
14957,3.7477272,49451.38
14958,3.7445264,49455.125
14959,3.747655,49458.87
14960,3.7546375,49462.625
14961,3.7634478,49466.387
14962,3.7718828,49470.16
14963,3.777662,49473.938
14964,3.7774663,49477.715
14965,3.7768703,49481.492
14966,3.7798834,49485.273
14967,3.7823458,49489.055
14968,3.783985,49492.84
14969,3.787076,49496.625
14970,3.7902203,49500.414
14971,3.7944806,49504.207
14972,3.7978587,49508.004
14973,3.800646,49511.805
14974,3.801905,49515.605
14975,3.8013122,49519.406
14976,3.7985606,49523.203
14977,3.7927368,49526.996
14978,3.784129,49530.78
14979,3.7766168,49534.56
14980,3.7753553,49538.332
14981,3.778468,49542.11
14982,3.7839627,49545.895
14983,3.7872064,49549.684
14984,3.7871652,49553.473
14985,3.7853553,49557.258
14986,3.7851946,49561.043
14987,3.785691,49564.83
14988,3.786312,49568.613
14989,3.7855961,49572.4
14990,3.7844954,49576.184
14991,3.7826562,49579.965
14992,3.78299,49583.746
14993,3.7871327,49587.535
14994,3.7888756,49591.324
14995,3.786907,49595.11
14996,3.7832513,49598.895
14997,3.778544,49602.67
14998,3.776638,49606.45
14999,3.779452,49610.23
15000,3.7820654,49614.01
15001,3.782445,49617.793
15002,3.7841778,49621.58
15003,3.7876976,49625.367
15004,3.7917786,49629.16
15005,3.794734,49632.953
15006,3.7946723,49636.746
15007,3.7927525,49640.54
15008,3.7891805,49644.33
15009,3.7845922,49648.113
15010,3.7798016,49651.895
15011,3.7745776,49655.668
15012,3.772467,49659.44
15013,3.775125,49663.215
15014,3.7815034,49666.996
15015,3.7881646,49670.785
15016,3.7906375,49674.574
15017,3.7892034,49678.363
15018,3.7867312,49682.15
15019,3.785088,49685.934
15020,3.7838204,49689.72
15021,3.7778125,49693.496
15022,3.7703753,49697.266
15023,3.7645738,49701.03
15024,3.7645073,49704.797
15025,3.7653985,49708.562
15026,3.7658386,49712.33
15027,3.7683349,49716.098
15028,3.769182,49719.867
15029,3.7675197,49723.633
15030,3.7650278,49727.4
15031,3.7634997,49731.16
15032,3.7652776,49734.926
15033,3.766396,49738.69
15034,3.767239,49742.457
15035,3.7674403,49746.223
15036,3.764818,49749.99
15037,3.761218,49753.75
15038,3.7602804,49757.51
15039,3.7613454,49761.273
15040,3.763124,49765.035
15041,3.7655568,49768.8
15042,3.7664697,49772.566
15043,3.7663498,49776.332
15044,3.7681081,49780.1
15045,3.771443,49783.87
15046,3.7721374,49787.645
15047,3.7702465,49791.414
15048,3.768094,49795.184
15049,3.7678108,49798.953
15050,3.7682164,49802.723
15051,3.770425,49806.492
15052,3.7737303,49810.266
15053,3.773407,49814.04
15054,3.7691984,49817.81
15055,3.766576,49821.574
15056,3.7672849,49825.34
15057,3.767986,49829.11
15058,3.7660255,49832.875
15059,3.7599826,49836.637
15060,3.7502344,49840.387
15061,3.7424517,49844.13
15062,3.738574,49847.867
15063,3.7386827,49851.605
15064,3.7423,49855.348
15065,3.7505386,49859.098
15066,3.759473,49862.855
15067,3.764826,49866.62
15068,3.7669437,49870.387
15069,3.7704668,49874.156
15070,3.775133,49877.93
15071,3.7770913,49881.707
15072,3.7752886,49885.48
15073,3.7727287,49889.254
15074,3.7716796,49893.027
15075,3.7701745,49896.797
15076,3.7661324,49900.562
15077,3.7626038,49904.324
15078,3.762359,49908.086
15079,3.7644322,49911.85
15080,3.765467,49915.617
15081,3.7679272,49919.387
15082,3.7727962,49923.16
15083,3.7803347,49926.94
15084,3.7876666,49930.73
15085,3.7932003,49934.523
15086,3.7942054,49938.316
15087,3.7937152,49942.11
15088,3.7927554,49945.902
15089,3.7907732,49949.69
15090,3.79024,49953.48
15091,3.7906718,49957.27
15092,3.7914767,49961.062
15093,3.787392,49964.85
15094,3.7786322,49968.63
15095,3.7699094,49972.4
15096,3.7654762,49976.164
15097,3.7618518,49979.926
15098,3.7599304,49983.688
15099,3.7598102,49987.45
15100,3.7587364,49991.207
15101,3.7582262,49994.965
15102,3.756954,49998.723
15103,3.7563577,50002.48
15104,3.7595603,50006.24
15105,3.7672255,50010.004
15106,3.7762098,50013.78
15107,3.7862146,50017.566
15108,3.7967706,50021.363
15109,3.8046827,50025.168
15110,3.802973,50028.973
15111,3.7948358,50032.766
15112,3.786379,50036.55
15113,3.7817993,50040.332
15114,3.7848,50044.117
15115,3.7889774,50047.906
15116,3.7868342,50051.69
15117,3.7776887,50055.47
15118,3.7657573,50059.234
15119,3.7549634,50062.99
15120,3.7525573,50066.742
15121,3.7591534,50070.5
15122,3.764342,50074.266
15123,3.767595,50078.035
15124,3.76539,50081.8
15125,3.7604718,50085.562
15126,3.7583652,50089.32
15127,3.7612991,50093.082
15128,3.76415,50096.848
15129,3.7653205,50100.613
15130,3.7652113,50104.38
15131,3.7655218,50108.145
15132,3.7684414,50111.914
15133,3.7731671,50115.688
15134,3.778628,50119.465
15135,3.782279,50123.246
15136,3.7844155,50127.03
15137,3.7822292,50130.812
15138,3.7784963,50134.59
15139,3.7735927,50138.363
15140,3.7711987,50142.133
15141,3.7693639,50145.902
15142,3.7701616,50149.67
15143,3.7731726,50153.445
15144,3.7776625,50157.223
15145,3.7828066,50161.004
15146,3.7867072,50164.79
15147,3.7883532,50168.58
15148,3.785685,50172.363
15149,3.7842796,50176.15
15150,3.7863717,50179.934
15151,3.7881286,50183.723
15152,3.7881951,50187.51
15153,3.787031,50191.297
15154,3.7861552,50195.082
15155,3.7856395,50198.867
15156,3.784233,50202.652
15157,3.7810948,50206.434
15158,3.7807148,50210.215
15159,3.781613,50213.996
15160,3.7825704,50217.777
15161,3.7844865,50221.562
15162,3.7847688,50225.348
15163,3.783165,50229.13
15164,3.783978,50232.914
15165,3.7854922,50236.7
15166,3.7846553,50240.484
15167,3.784087,50244.27
15168,3.7828615,50248.05
15169,3.7782707,50251.83
15170,3.7686658,50255.598
15171,3.7607772,50259.36
15172,3.7596927,50263.117
15173,3.7626426,50266.88
15174,3.7663395,50270.645
15175,3.7727487,50274.418
15176,3.7804677,50278.2
15177,3.7875218,50281.99
15178,3.7890031,50285.777
15179,3.7847302,50289.562
15180,3.776518,50293.34
15181,3.7687628,50297.11
15182,3.760143,50300.87
15183,3.7511973,50304.62
15184,3.744096,50308.363
15185,3.7420428,50312.105
15186,3.7428515,50315.848
15187,3.7455232,50319.594
15188,3.7504246,50323.344
15189,3.7583654,50327.1
15190,3.7642586,50330.867
15191,3.7701035,50334.637
15192,3.7751355,50338.41
15193,3.7770898,50342.188
15194,3.775441,50345.965
15195,3.77214,50349.74
15196,3.7716088,50353.51
15197,3.7763302,50357.29
15198,3.7842464,50361.074
15199,3.7891476,50364.863
15200,3.7866976,50368.65
15201,3.7786114,50372.426
15202,3.774386,50376.2
15203,3.775545,50379.977
15204,3.7789323,50383.754
15205,3.780373,50387.535
15206,3.7803216,50391.316
15207,3.7784572,50395.094
15208,3.7764046,50398.87
15209,3.773767,50402.645
15210,3.7709832,50406.414
15211,3.7681813,50410.184
15212,3.764845,50413.95
15213,3.7640164,50417.715
15214,3.764642,50421.48
15215,3.764565,50425.246
15216,3.764627,50429.01
15217,3.767937,50432.78
15218,3.7727864,50436.555
15219,3.7762434,50440.332
15220,3.7753966,50444.11
15221,3.7748263,50447.883
15222,3.771415,50451.652
15223,3.7656188,50455.418
15224,3.7592506,50459.176
15225,3.7574093,50462.934
15226,3.7604675,50466.695
15227,3.7629242,50470.457
15228,3.7643497,50474.223
15229,3.7691739,50477.992
15230,3.7770424,50481.77
15231,3.7852938,50485.555
15232,3.789354,50489.344
15233,3.7908478,50493.133
15234,3.7903955,50496.92
15235,3.7885308,50500.71
15236,3.7852929,50504.496
15237,3.7814267,50508.277
15238,3.7781377,50512.055
15239,3.7733579,50515.83
15240,3.7686934,50519.598
15241,3.76677,50523.363
15242,3.76779,50527.133
15243,3.7711356,50530.902
15244,3.7746596,50534.676
15245,3.7765796,50538.453
15246,3.7765088,50542.23
15247,3.7768555,50546.008
15248,3.7804036,50549.79
15249,3.7857363,50553.574
15250,3.7907257,50557.363
15251,3.7910914,50561.156
15252,3.7886472,50564.945
15253,3.7841048,50568.73
15254,3.7822952,50572.51
15255,3.7826898,50576.293
15256,3.7852821,50580.08
15257,3.788437,50583.867
15258,3.7901182,50587.656
15259,3.7889993,50591.445
15260,3.785559,50595.23
15261,3.7813017,50599.01
15262,3.7780108,50602.79
15263,3.776105,50606.566
15264,3.7705383,50610.336
15265,3.7636309,50614.098
15266,3.7595792,50617.855
15267,3.7628675,50621.617
15268,3.7705736,50625.387
15269,3.778252,50629.164
15270,3.781659,50632.945
15271,3.784825,50636.73
15272,3.787285,50640.52
15273,3.7879188,50644.31
15274,3.783892,50648.094
15275,3.7769442,50651.87
15276,3.7710233,50655.64
15277,3.769235,50659.41
15278,3.7692783,50663.18
15279,3.7682927,50666.95
15280,3.7670271,50670.715
15281,3.767788,50674.484
15282,3.7700408,50678.254
15283,3.7737503,50682.027
15284,3.7774935,50685.805
15285,3.7789357,50689.582
15286,3.7819278,50693.363
15287,3.787927,50697.152
15288,3.7946074,50700.945
15289,3.7990892,50704.746
15290,3.799164,50708.547
15291,3.7956502,50712.344
15292,3.7915306,50716.137
15293,3.7876277,50719.926
15294,3.7855623,50723.71
15295,3.7820349,50727.492
15296,3.7769113,50731.27
15297,3.771018,50735.04
15298,3.7680888,50738.81
15299,3.7657833,50742.574
15300,3.7613792,50746.336
15301,3.7563064,50750.094
15302,3.7560527,50753.85
15303,3.7594037,50757.61
15304,3.7621274,50761.37
15305,3.7636435,50765.133
15306,3.76505,50768.9
15307,3.7671869,50772.664
15308,3.7653737,50776.43
15309,3.7606595,50780.19
15310,3.7582474,50783.95
15311,3.757394,50787.707
15312,3.7579412,50791.465
15313,3.7595055,50795.223
15314,3.7568784,50798.98
15315,3.7550063,50802.734
15316,3.754993,50806.49
15317,3.7579143,50810.246
15318,3.761971,50814.008
15319,3.7669525,50817.773
15320,3.7709816,50821.543
15321,3.773272,50825.316
15322,3.7764914,50829.094
15323,3.7823772,50832.875
15324,3.7861927,50836.66
15325,3.7847176,50840.445
15326,3.7818465,50844.227
15327,3.7804449,50848.008
15328,3.7825475,50851.79
15329,3.7830694,50855.57
15330,3.780351,50859.35
15331,3.7744434,50863.125
15332,3.7702396,50866.895
15333,3.7677433,50870.664
15334,3.765823,50874.43
15335,3.7630584,50878.19
15336,3.7612395,50881.953
15337,3.7613132,50885.715
15338,3.762775,50889.477
15339,3.7663064,50893.242
15340,3.7709012,50897.01
15341,3.7745361,50900.785
15342,3.7747574,50904.56
15343,3.774266,50908.332
15344,3.7768755,50912.11
15345,3.7801657,50915.89
15346,3.7855577,50919.676
15347,3.7942157,50923.47
15348,3.805661,50927.273
15349,3.8113506,50931.086
15350,3.810006,50934.895
15351,3.8034494,50938.7
15352,3.7956142,50942.496
15353,3.7858942,50946.28
15354,3.7792568,50950.06
15355,3.7742465,50953.832
15356,3.7691274,50957.6
15357,3.765188,50961.367
15358,3.762986,50965.13
15359,3.7640147,50968.895
15360,3.7641168,50972.66
15361,3.7651803,50976.426
15362,3.768219,50980.195
15363,3.773328,50983.97
15364,3.774874,50987.742
15365,3.7739794,50991.516
15366,3.770329,50995.285
15367,3.7663488,50999.05
15368,3.7642224,51002.816
15369,3.763503,51006.58
15370,3.7628505,51010.34
15371,3.7618306,51014.1
15372,3.7639012,51017.867
15373,3.7717214,51021.64
15374,3.7797246,51025.42
15375,3.784722,51029.207
15376,3.7884567,51032.996
15377,3.7922432,51036.79
15378,3.7946472,51040.582
15379,3.7942173,51044.375
15380,3.791165,51048.168
15381,3.7863872,51051.953
15382,3.7846987,51055.74
15383,3.7833972,51059.523
15384,3.78346,51063.31
15385,3.787438,51067.098
15386,3.7927706,51070.89
15387,3.7944927,51074.684
15388,3.789764,51078.473
15389,3.7814107,51082.254
15390,3.7736523,51086.027
15391,3.767243,51089.793
15392,3.7631285,51093.555
15393,3.7614987,51097.316
15394,3.7580671,51101.074
15395,3.751816,51104.824
15396,3.7444446,51108.57
15397,3.737575,51112.31
15398,3.733073,51116.043
15399,3.7326305,51119.777
15400,3.7375336,51123.516
15401,3.7459059,51127.26
15402,3.7509246,51131.01
15403,3.7554333,51134.766
15404,3.7595105,51138.523
15405,3.7623498,51142.285
15406,3.7641897,51146.05
15407,3.7670715,51149.816
15408,3.7695978,51153.586
15409,3.7722507,51157.36
15410,3.7700174,51161.13
15411,3.762369,51164.89
15412,3.7554774,51168.645
15413,3.75545,51172.4
15414,3.7592952,51176.156
15415,3.7627537,51179.918
15416,3.7648456,51183.684
15417,3.7682161,51187.453
15418,3.7740092,51191.227
15419,3.7799296,51195.008
15420,3.7829568,51198.79
15421,3.7866848,51202.574
15422,3.7943544,51206.367
15423,3.8001819,51210.168
15424,3.8027728,51213.973
15425,3.7998288,51217.773
15426,3.7970924,51221.57
15427,3.7924745,51225.363
15428,3.786942,51229.15
15429,3.780289,51232.93
15430,3.7725625,51236.703
15431,3.764881,51240.47
15432,3.7606382,51244.23
15433,3.7591655,51247.99
15434,3.7600417,51251.75
15435,3.7623904,51255.51
15436,3.7632842,51259.273
15437,3.764732,51263.04
15438,3.7682467,51266.81
15439,3.7731652,51270.582
15440,3.77464,51274.355
15441,3.7734096,51278.13
15442,3.7710707,51281.9
15443,3.7684066,51285.668
15444,3.7652025,51289.434
15445,3.7623198,51293.195
15446,3.7606468,51296.957
15447,3.7638476,51300.723
15448,3.764398,51304.49
15449,3.7622948,51308.25
15450,3.7584999,51312.008
15451,3.7572894,51315.766
15452,3.759901,51319.527
15453,3.765541,51323.293
15454,3.7694817,51327.062
15455,3.7721276,51330.836
15456,3.7737892,51334.61
15457,3.7740028,51338.383
15458,3.774815,51342.156
15459,3.776995,51345.934
15460,3.7779078,51349.71
15461,3.7764242,51353.49
15462,3.7746277,51357.26
15463,3.7757027,51361.04
15464,3.779061,51364.816
15465,3.7799892,51368.598
15466,3.7760415,51372.375
15467,3.769453,51376.145
15468,3.7646556,51379.91
15469,3.7611237,51383.67
15470,3.7582011,51387.43
15471,3.7564287,51391.188
15472,3.756188,51394.945
15473,3.7562575,51398.703
15474,3.7565536,51402.46
15475,3.7576504,51406.22
15476,3.7578847,51409.977
15477,3.757779,51413.734
15478,3.7561345,51417.492
15479,3.7548254,51421.246
15480,3.755157,51425.0
15481,3.7596006,51428.758
15482,3.7632372,51432.52
15483,3.7662473,51436.285
15484,3.769426,51440.055
15485,3.7727315,51443.83
15486,3.7754772,51447.605
15487,3.7750998,51451.38
15488,3.7709246,51455.15
15489,3.7675076,51458.914
15490,3.7696931,51462.684
15491,3.7738783,51466.457
15492,3.7768762,51470.234
15493,3.779449,51474.016
15494,3.780775,51477.797
15495,3.7825952,51481.58
15496,3.7836015,51485.363
15497,3.7815416,51489.145
15498,3.7796218,51492.926
15499,3.779537,51496.707
15500,3.779229,51500.484
15501,3.778093,51504.26
15502,3.7780495,51508.04
15503,3.7786949,51511.816
15504,3.7793744,51515.598
15505,3.7804189,51519.38
15506,3.7824223,51523.16
15507,3.7822392,51526.94
15508,3.7813628,51530.723
15509,3.7810588,51534.504
15510,3.7803411,51538.285
15511,3.778684,51542.062
15512,3.7760992,51545.84
15513,3.7756946,51549.617
15514,3.7758195,51553.395
15515,3.774822,51557.168
15516,3.7697625,51560.938
15517,3.764842,51564.703
15518,3.762886,51568.465
15519,3.7648442,51572.23
15520,3.7650905,51575.996
15521,3.761394,51579.758
15522,3.7563412,51583.516
15523,3.7566729,51587.273
15524,3.7585595,51591.03
15525,3.7588246,51594.79
15526,3.7593315,51598.547
15527,3.7615318,51602.31
15528,3.7614496,51606.07
15529,3.7635036,51609.832
15530,3.7690418,51613.6
15531,3.7747672,51617.375
15532,3.7756338,51621.152
15533,3.7720037,51624.926
15534,3.768296,51628.695
15535,3.7667851,51632.46
15536,3.767971,51636.23
15537,3.7710738,51640.0
15538,3.775522,51643.777
15539,3.7789094,51647.555
15540,3.780646,51651.336
15541,3.7827175,51655.117
15542,3.7868254,51658.902
15543,3.7865262,51662.688
15544,3.7841132,51666.473
15545,3.782716,51670.254
15546,3.7827249,51674.035
15547,3.7815297,51677.816
15548,3.7775817,51681.594
15549,3.7706091,51685.363
15550,3.7652447,51689.13
15551,3.76378,51692.895
15552,3.7642703,51696.66
15553,3.7629783,51700.42
15554,3.758277,51704.18
15555,3.7530148,51707.934
15556,3.7512143,51711.684
15557,3.753986,51715.438
15558,3.7603476,51719.2
15559,3.768553,51722.97
15560,3.7725143,51726.742
15561,3.7744067,51730.516
15562,3.7783377,51734.293
15563,3.7839825,51738.08
15564,3.7917857,51741.87
15565,3.7990017,51745.67
15566,3.803927,51749.477
15567,3.8042743,51753.28
15568,3.8030565,51757.086
15569,3.8015661,51760.887
15570,3.8002038,51764.688
15571,3.7998242,51768.49
15572,3.8033721,51772.293
15573,3.807466,51776.1
15574,3.8059375,51779.906
15575,3.7970943,51783.703
15576,3.7836428,51787.49
15577,3.7732408,51791.26
15578,3.7694695,51795.03
15579,3.770043,51798.8
15580,3.7717078,51802.574
15581,3.7723715,51806.348
15582,3.7722995,51810.12
15583,3.7749798,51813.895
15584,3.7784467,51817.67
15585,3.7826064,51821.453
15586,3.7840335,51825.24
15587,3.7802806,51829.02
15588,3.77368,51832.793
15589,3.7674575,51836.56
15590,3.7645855,51840.324
15591,3.7650847,51844.09
15592,3.7716067,51847.863
15593,3.7809393,51851.645
15594,3.7851775,51855.43
15595,3.7856092,51859.215
15596,3.7856557,51863.0
15597,3.7831023,51866.78
15598,3.7767575,51870.56
15599,3.770612,51874.33
15600,3.7680893,51878.098
15601,3.768387,51881.867
15602,3.7683208,51885.637
15603,3.7667384,51889.402
15604,3.7615588,51893.164
15605,3.759924,51896.926
15606,3.7592864,51900.684
15607,3.7577646,51904.44
15608,3.7552779,51908.195
15609,3.7536545,51911.95
15610,3.7519815,51915.703
15611,3.7518325,51919.453
15612,3.7545667,51923.207
15613,3.7591467,51926.965
15614,3.765116,51930.73
15615,3.7698336,51934.5
15616,3.7720046,51938.273
15617,3.773014,51942.047
15618,3.7737753,51945.82
15619,3.7727797,51949.594
15620,3.7685168,51953.363
15621,3.7626708,51957.125
15622,3.7568927,51960.883
15623,3.7532082,51964.637
15624,3.7547677,51968.39
15625,3.758927,51972.15
15626,3.7600317,51975.91
15627,3.7610054,51979.67
15628,3.761074,51983.434
15629,3.763122,51987.195
15630,3.763933,51990.96
15631,3.7633376,51994.723
15632,3.766991,51998.49
15633,3.772241,52002.26
15634,3.7748747,52006.035
15635,3.7747805,52009.81
15636,3.771601,52013.582
15637,3.765939,52017.348
15638,3.7631607,52021.11
15639,3.763327,52024.87
15640,3.7630305,52028.633
15641,3.7631238,52032.395
15642,3.7661986,52036.16
15643,3.7723587,52039.934
15644,3.7818573,52043.715
15645,3.7890222,52047.504
15646,3.791572,52051.297
15647,3.7933211,52055.09
15648,3.7957373,52058.887
15649,3.795244,52062.684
15650,3.7903793,52066.473
15651,3.7825658,52070.254
15652,3.7758932,52074.03
15653,3.7725246,52077.805
15654,3.7743194,52081.58
15655,3.776886,52085.355
15656,3.7743123,52089.13
15657,3.7697608,52092.9
15658,3.7642632,52096.664
15659,3.764285,52100.43
15660,3.7716246,52104.203
15661,3.7795744,52107.984
15662,3.7835562,52111.77
15663,3.7849364,52115.555
15664,3.781162,52119.336
15665,3.7745907,52123.11
15666,3.7712505,52126.88
15667,3.7691903,52130.65
15668,3.7679129,52134.418
15669,3.7675934,52138.188
15670,3.7665136,52141.953
15671,3.770408,52145.723
15672,3.7800772,52149.504
15673,3.7895849,52153.293
15674,3.7949498,52157.09
15675,3.7969887,52160.887
15676,3.7942035,52164.68
15677,3.7882247,52168.47
15678,3.7854955,52172.254
15679,3.785028,52176.04
15680,3.7850945,52179.824
15681,3.7846098,52183.61
15682,3.7835956,52187.395
15683,3.7818227,52191.176
15684,3.7803705,52194.957
15685,3.7779896,52198.734
15686,3.7745383,52202.508
15687,3.7694542,52206.277
15688,3.7639058,52210.043
15689,3.7596068,52213.8
15690,3.756455,52217.56
15691,3.7566955,52221.316
15692,3.7594478,52225.074
15693,3.765173,52228.84
15694,3.770796,52232.61
15695,3.772288,52236.383
15696,3.7722282,52240.156
15697,3.7706752,52243.926
15698,3.770262,52247.695
15699,3.7722824,52251.47
15700,3.7776518,52255.246
15701,3.7837567,52259.03
15702,3.787278,52262.82
15703,3.788536,52266.61
15704,3.7895021,52270.4
15705,3.7914553,52274.19
15706,3.7947197,52277.984
15707,3.795406,52281.78
15708,3.7928445,52285.574
15709,3.7862682,52289.36
15710,3.779674,52293.14
15711,3.7753465,52296.914
15712,3.7762349,52300.69
15713,3.7796686,52304.473
15714,3.7832274,52308.258
15715,3.7852788,52312.043
15716,3.7873466,52315.832
15717,3.7878447,52319.62
15718,3.7846136,52323.406
15719,3.7806876,52327.188
15720,3.7770746,52330.965
15721,3.7732415,52334.74
15722,3.770201,52338.508
15723,3.7685306,52342.277
15724,3.7691991,52346.047
15725,3.7692082,52349.816
15726,3.7669165,52353.582
15727,3.763976,52357.348
15728,3.758627,52361.105
15729,3.75412,52364.86
15730,3.7520537,52368.613
15731,3.7506237,52372.363
15732,3.7517078,52376.113
15733,3.754395,52379.867
15734,3.7538443,52383.62
15735,3.7535892,52387.375
15736,3.755294,52391.13
15737,3.758676,52394.887
15738,3.7630203,52398.65
15739,3.7693768,52402.418
15740,3.7733278,52406.19
15741,3.7726345,52409.965
15742,3.7699313,52413.734
15743,3.7685301,52417.504
15744,3.7717674,52421.277
15745,3.777393,52425.055
15746,3.7849832,52428.84
15747,3.789873,52432.63
15748,3.7898738,52436.418
15749,3.785977,52440.203
15750,3.7845955,52443.99
15751,3.7819111,52447.77
15752,3.778264,52451.547
15753,3.772431,52455.32
15754,3.7654653,52459.086
15755,3.7590208,52462.844
15756,3.7571428,52466.6
15757,3.759682,52470.36
15758,3.763765,52474.125
15759,3.7692,52477.895
15760,3.7735317,52481.668
15761,3.7743034,52485.44
15762,3.770414,52489.21
15763,3.763966,52492.977
15764,3.7563875,52496.734
15765,3.7494447,52500.484
15766,3.7445166,52504.23
15767,3.7409575,52507.973
15768,3.7402344,52511.71
15769,3.7430959,52515.453
15770,3.7465496,52519.2
15771,3.751927,52522.95
15772,3.7592795,52526.707
15773,3.7658505,52530.473
15774,3.7689662,52534.242
15775,3.769421,52538.01
15776,3.7671216,52541.777
15777,3.7640958,52545.543
15778,3.763936,52549.31
15779,3.7636337,52553.07
15780,3.7598283,52556.832
15781,3.7561204,52560.59
15782,3.7534208,52564.344
15783,3.7533062,52568.098
15784,3.7543287,52571.85
15785,3.7574887,52575.61
15786,3.7637267,52579.375
15787,3.7726357,52583.15
15788,3.7807424,52586.93
15789,3.7863104,52590.715
15790,3.788428,52594.504
15791,3.786328,52598.29
15792,3.7846346,52602.074
15793,3.7828925,52605.855
15794,3.7809012,52609.637
15795,3.774845,52613.41
15796,3.7681456,52617.18
15797,3.7625954,52620.94
15798,3.7611554,52624.703
15799,3.7597198,52628.46
15800,3.7555904,52632.215
15801,3.7528808,52635.97
15802,3.753193,52639.723
15803,3.7540712,52643.477
15804,3.752235,52647.23
15805,3.7504342,52650.98
15806,3.7495062,52654.73
15807,3.7488806,52658.48
15808,3.7467327,52662.227
15809,3.7451544,52665.973
15810,3.7465024,52669.72
15811,3.749139,52673.47
15812,3.7501574,52677.22
15813,3.7526238,52680.973
15814,3.7550523,52684.727
15815,3.7583187,52688.484
15816,3.7572842,52692.242
15817,3.7565386,52696.0
15818,3.7571368,52699.758
15819,3.762454,52703.52
15820,3.7699356,52707.29
15821,3.7728581,52711.062
15822,3.7684288,52714.832
15823,3.7627132,52718.594
15824,3.7591436,52722.35
15825,3.75568,52726.105
15826,3.753122,52729.86
15827,3.7546577,52733.613
15828,3.757235,52737.37
15829,3.758287,52741.13
15830,3.7572348,52744.887
15831,3.7587466,52748.645
15832,3.763518,52752.406
15833,3.77017,52756.176
15834,3.7743523,52759.95
15835,3.7760577,52763.727
15836,3.7738974,52767.5
15837,3.7672207,52771.266
15838,3.762427,52775.027
15839,3.7575989,52778.785
15840,3.7519064,52782.535
15841,3.745813,52786.28
15842,3.7443597,52790.027
15843,3.7462115,52793.773
15844,3.747286,52797.52
15845,3.746793,52801.266
15846,3.7448275,52805.01
15847,3.7452278,52808.758
15848,3.749393,52812.508
15849,3.7567666,52816.266
15850,3.7637515,52820.03
15851,3.7693594,52823.8
15852,3.7719545,52827.574
15853,3.7725058,52831.348
15854,3.7713623,52835.117
15855,3.768044,52838.887
15856,3.7646077,52842.652
15857,3.764226,52846.418
15858,3.7666538,52850.184
15859,3.7710426,52853.953
15860,3.7757363,52857.73
15861,3.7800233,52861.51
15862,3.780652,52865.293
15863,3.7766063,52869.07
15864,3.7709095,52872.84
15865,3.767745,52876.61
15866,3.7695491,52880.38
15867,3.772833,52884.152
15868,3.7750683,52887.926
15869,3.7754836,52891.703
15870,3.7752597,52895.477
15871,3.772631,52899.25
15872,3.7695458,52903.02
15873,3.7691197,52906.79
15874,3.7718036,52910.562
15875,3.7750456,52914.336
15876,3.7792177,52918.113
15877,3.7837167,52921.9
15878,3.7856052,52925.684
15879,3.7824674,52929.465
15880,3.7753668,52933.24
15881,3.7679296,52937.008
15882,3.7603934,52940.77
15883,3.7521245,52944.523
15884,3.749092,52948.273
15885,3.7528598,52952.027
15886,3.7621489,52955.79
15887,3.7740514,52959.562
15888,3.7822452,52963.344
15889,3.7872317,52967.133
15890,3.7901397,52970.92
15891,3.7938566,52974.715
15892,3.8026805,52978.516
15893,3.8096092,52982.324
15894,3.811829,52986.137
15895,3.8101876,52989.945
15896,3.8077998,52993.754
15897,3.8035998,52997.56
15898,3.8019643,53001.36
15899,3.800935,53005.16
15900,3.7989557,53008.96
15901,3.7952178,53012.758
15902,3.793793,53016.55
15903,3.7949045,53020.344
15904,3.7969923,53024.14
15905,3.795128,53027.938
15906,3.7882288,53031.727
15907,3.777231,53035.504
15908,3.7672522,53039.27
15909,3.7602735,53043.03
15910,3.758362,53046.79
15911,3.757623,53050.547
15912,3.7573211,53054.305
15913,3.7580707,53058.062
15914,3.7566803,53061.82
15915,3.75647,53065.58
15916,3.757838,53069.336
15917,3.7605908,53073.098
15918,3.763354,53076.86
15919,3.765345,53080.625
15920,3.7691166,53084.395
15921,3.7707088,53088.164
15922,3.7622957,53091.926
15923,3.7498126,53095.676
15924,3.742109,53099.418
15925,3.73995,53103.156
15926,3.7422283,53106.9
15927,3.746405,53110.645
15928,3.747635,53114.39
15929,3.7479153,53118.137
15930,3.75381,53121.89
15931,3.7631977,53125.652
15932,3.7682836,53129.42
15933,3.7693274,53133.19
15934,3.7657585,53136.957
15935,3.7585711,53140.715
15936,3.7551544,53144.47
15937,3.7548594,53148.223
15938,3.7567089,53151.98
15939,3.758303,53155.74
15940,3.7580197,53159.496
15941,3.754806,53163.25
15942,3.750702,53167.0
15943,3.7458103,53170.746
15944,3.7440906,53174.49
15945,3.7444665,53178.234
15946,3.7470357,53181.98
15947,3.7512133,53185.73
15948,3.757376,53189.49
15949,3.7623286,53193.25
15950,3.7620895,53197.01
15951,3.759656,53200.77
15952,3.760487,53204.53
15953,3.759793,53208.293
15954,3.7567465,53212.05
15955,3.7554142,53215.805
15956,3.7569559,53219.562
15957,3.7574914,53223.32
15958,3.7546563,53227.074
15959,3.7522366,53230.83
15960,3.7539392,53234.582
15961,3.7564416,53238.34
15962,3.7556522,53242.094
15963,3.7550137,53245.848
15964,3.7545998,53249.6
15965,3.7548025,53253.355
15966,3.7545345,53257.11
15967,3.7551217,53260.863
15968,3.7562082,53264.62
15969,3.7590425,53268.38
15970,3.7596202,53272.137
15971,3.75923,53275.895
15972,3.7584312,53279.652
15973,3.7607477,53283.414
15974,3.764518,53287.18
15975,3.7677794,53290.95
15976,3.7685962,53294.72
15977,3.7683513,53298.49
15978,3.7675984,53302.258
15979,3.7659476,53306.023
15980,3.7649024,53309.79
15981,3.7630157,53313.55
15982,3.7631514,53317.312
15983,3.7632887,53321.074
15984,3.7603269,53324.836
15985,3.75676,53328.594
15986,3.754174,53332.348
15987,3.7534988,53336.1
15988,3.7564507,53339.86
15989,3.7604852,53343.62
15990,3.7642195,53347.387
15991,3.7650898,53351.152
15992,3.7632892,53354.914
15993,3.759971,53358.676
15994,3.7588382,53362.434
15995,3.7624156,53366.195
15996,3.763949,53369.96
15997,3.7592058,53373.72
15998,3.752605,53377.473
15999,3.7479978,53381.22
16000,3.744878,53384.965
16001,3.7441843,53388.71
16002,3.7480505,53392.46
16003,3.7550335,53396.215
16004,3.758561,53399.973
16005,3.7597532,53403.73
16006,3.7609684,53407.492
16007,3.764945,53411.258
16008,3.7699726,53415.027
16009,3.774229,53418.8
16010,3.7752066,53422.574
16011,3.7727296,53426.348
16012,3.7707548,53430.117
16013,3.7718272,53433.89
16014,3.7759085,53437.668
16015,3.7788877,53441.445
16016,3.7788315,53445.223
16017,3.7761006,53449.0
16018,3.7731328,53452.773
16019,3.771054,53456.543
16020,3.7695785,53460.312
16021,3.769323,53464.082
16022,3.77413,53467.855
16023,3.7823355,53471.637
16024,3.789073,53475.426
16025,3.7905233,53479.215
16026,3.788697,53483.004
16027,3.7854521,53486.79
16028,3.7800047,53490.57
16029,3.7734346,53494.344
16030,3.7695007,53498.113
16031,3.765854,53501.88
16032,3.7622926,53505.64
16033,3.7602222,53509.402
16034,3.7574358,53513.16
16035,3.7579575,53516.918
16036,3.761465,53520.68
16037,3.764715,53524.445
16038,3.76571,53528.21
16039,3.7674336,53531.977
16040,3.7713487,53535.746
16041,3.7753701,53539.52
16042,3.7759094,53543.297
16043,3.7747247,53547.07
16044,3.7763126,53550.848
16045,3.78105,53554.63
16046,3.7860928,53558.414
16047,3.787743,53562.203
16048,3.7872493,53565.992
16049,3.7872746,53569.78
16050,3.7840288,53573.566
16051,3.7754393,53577.344
16052,3.7656353,53581.11
16053,3.7587008,53584.867
16054,3.7579105,53588.625
16055,3.7584517,53592.383
16056,3.7587883,53596.14
16057,3.762359,53599.902
16058,3.7705474,53603.67
16059,3.7784164,53607.45
16060,3.7785594,53611.227
16061,3.774396,53615.0
16062,3.771771,53618.773
16063,3.7677896,53622.543
16064,3.7631416,53626.305
16065,3.7595477,53630.062
16066,3.7581387,53633.82
16067,3.7590175,53637.58
16068,3.7593129,53641.336
16069,3.7555883,53645.09
16070,3.7483697,53648.84
16071,3.745042,53652.586
16072,3.7469778,53656.332
16073,3.7489972,53660.082
16074,3.7463262,53663.83
16075,3.7443185,53667.574
16076,3.7451217,53671.32
16077,3.748219,53675.07
16078,3.7493014,53678.82
16079,3.7506208,53682.57
16080,3.7521667,53686.324
16081,3.7556856,53690.08
16082,3.7575612,53693.836
16083,3.760758,53697.598
16084,3.7644086,53701.363
16085,3.7672453,53705.13
16086,3.768266,53708.9
16087,3.7689395,53712.668
16088,3.7684503,53716.438
16089,3.765913,53720.203
16090,3.761804,53723.965
16091,3.758038,53727.723
16092,3.7546554,53731.477
16093,3.7517173,53735.227
16094,3.7507951,53738.977
16095,3.7476606,53742.723
16096,3.7414901,53746.465
16097,3.7404182,53750.207
16098,3.747672,53753.953
16099,3.757467,53757.71
16100,3.76182,53761.473
16101,3.762407,53765.234
16102,3.761544,53768.996
16103,3.7619796,53772.758
16104,3.7614236,53776.52
16105,3.761066,53780.28
16106,3.7628121,53784.043
16107,3.7638447,53787.81
16108,3.762555,53791.57
16109,3.761411,53795.332
16110,3.7645137,53799.098
16111,3.7698402,53802.867
16112,3.7756965,53806.645
16113,3.7804184,53810.426
16114,3.7846658,53814.21
16115,3.7872274,53818.0
16116,3.7866201,53821.785
16117,3.7804697,53825.566
16118,3.7719557,53829.34
16119,3.761938,53833.1
16120,3.7567718,53836.86
16121,3.7608416,53840.62
16122,3.7726781,53844.395
16123,3.7832568,53848.18
16124,3.7878973,53851.97
16125,3.7883444,53855.758
16126,3.7857788,53859.543
16127,3.7789705,53863.32
16128,3.7708733,53867.09
16129,3.7659564,53870.855
16130,3.7642267,53874.62
16131,3.7615166,53878.383
16132,3.7564218,53882.14
16133,3.7512984,53885.89
16134,3.7536047,53889.645
16135,3.7592266,53893.402
16136,3.760497,53897.164
16137,3.7607906,53900.926
16138,3.7642868,53904.69
16139,3.7688916,53908.46
16140,3.7727869,53912.234
16141,3.7721558,53916.008
16142,3.765714,53919.773
16143,3.7576818,53923.53
16144,3.7506661,53927.28
16145,3.744116,53931.023
16146,3.739923,53934.76
16147,3.743186,53938.504
16148,3.7525365,53942.258
16149,3.764623,53946.023
16150,3.7740362,53949.797
16151,3.7797306,53953.58
16152,3.78032,53957.36
16153,3.7764306,53961.137
16154,3.767524,53964.902
16155,3.7577846,53968.66
16156,3.7504332,53972.41
16157,3.7447371,53976.156
16158,3.7404175,53979.9
16159,3.7391129,53983.637
16160,3.737841,53987.375
16161,3.736987,53991.113
16162,3.7366295,53994.85
16163,3.73946,53998.59
16164,3.745159,54002.336
16165,3.7525244,54006.09
16166,3.7604241,54009.85
16167,3.7691882,54013.62
16168,3.7721887,54017.395
16169,3.7701073,54021.164
16170,3.764887,54024.93
16171,3.7598965,54028.69
16172,3.760217,54032.453
16173,3.764263,54036.22
16174,3.7704687,54039.99
16175,3.776711,54043.766
16176,3.781201,54047.547
16177,3.7837546,54051.332
16178,3.7881105,54055.12
16179,3.792493,54058.914
16180,3.7971826,54062.71
16181,3.7989569,54066.51
16182,3.79728,54070.31
16183,3.7901328,54074.098
16184,3.786217,54077.883
16185,3.785065,54081.668
16186,3.7882278,54085.457
16187,3.7935672,54089.25
16188,3.7987838,54093.047
16189,3.8011303,54096.848
16190,3.803607,54100.652
16191,3.8047514,54104.457
16192,3.8050504,54108.26
16193,3.8037682,54112.066
16194,3.8012102,54115.867
16195,3.7969778,54119.664
16196,3.7896354,54123.453
16197,3.7826016,54127.234
16198,3.776923,54131.01
16199,3.770486,54134.78
16200,3.7634687,54138.543
16201,3.7579772,54142.3
16202,3.7605467,54146.062
16203,3.768363,54149.832
16204,3.7724605,54153.605
16205,3.7751575,54157.38
16206,3.7790015,54161.156
16207,3.784564,54164.94
16208,3.7865264,54168.727
16209,3.785902,54172.51
16210,3.7830389,54176.293
16211,3.780584,54180.074
16212,3.7794828,54183.855
16213,3.7777524,54187.633
16214,3.7771895,54191.41
16215,3.7772343,54195.188
16216,3.7777154,54198.965
16217,3.7800918,54202.746
16218,3.7835438,54206.53
16219,3.7838695,54210.316
16220,3.7817495,54214.098
16221,3.7777047,54217.875
16222,3.7710314,54221.645
16223,3.7642982,54225.41
16224,3.762352,54229.17
16225,3.7623293,54232.934
16226,3.7614982,54236.695
16227,3.7583978,54240.453
16228,3.7539206,54244.207
16229,3.7534819,54247.96
16230,3.7593002,54251.72
16231,3.7673416,54255.484
16232,3.7748263,54259.258
16233,3.780667,54263.04
16234,3.781412,54266.82
16235,3.7783632,54270.598
16236,3.7748904,54274.37
16237,3.7692046,54278.14
16238,3.7650867,54281.906
16239,3.7643287,54285.67
16240,3.7680001,54289.44
16241,3.7722235,54293.215
16242,3.7738924,54296.99
16243,3.773097,54300.76
16244,3.772577,54304.535
16245,3.7713313,54308.305
16246,3.7704659,54312.074
16247,3.7684352,54315.844
16248,3.764265,54319.61
16249,3.757742,54323.367
16250,3.7510364,54327.117
16251,3.7477345,54330.863
16252,3.7477245,54334.61
16253,3.751714,54338.36
16254,3.7564254,54342.117
16255,3.761289,54345.88
16256,3.7648351,54349.645
16257,3.7665002,54353.41
16258,3.7690954,54357.18
16259,3.7750542,54360.953
16260,3.7781823,54364.73
16261,3.7758856,54368.508
16262,3.7721906,54372.28
16263,3.7658775,54376.047
16264,3.7593932,54379.805
16265,3.7556944,54383.56
16266,3.7550642,54387.312
16267,3.755316,54391.066
16268,3.7520094,54394.82
16269,3.749571,54398.57
16270,3.7511566,54402.32
16271,3.75739,54406.08
16272,3.7625318,54409.84
16273,3.7643797,54413.605
16274,3.7619097,54417.367
16275,3.7570271,54421.125
16276,3.7495348,54424.875
16277,3.7411728,54428.617
16278,3.7338514,54432.35
16279,3.731947,54436.082
16280,3.7325063,54439.816
16281,3.7341902,54443.55
16282,3.738662,54447.29
16283,3.748169,54451.04
16284,3.7596765,54454.797
16285,3.77188,54458.57
16286,3.7803311,54462.35
16287,3.7829492,54466.133
16288,3.7812881,54469.914
16289,3.7754583,54473.69
16290,3.7702365,54477.46
16291,3.766764,54481.227
16292,3.7646763,54484.992
16293,3.760625,54488.754
16294,3.7559574,54492.51
16295,3.7547362,54496.266
16296,3.7565808,54500.023
16297,3.761018,54503.785
16298,3.7694685,54507.555
16299,3.7794282,54511.336
16300,3.7845454,54515.12
16301,3.7838101,54518.906
16302,3.7766178,54522.684
16303,3.7675946,54526.453
16304,3.7644725,54530.22
16305,3.763837,54533.984
16306,3.7601292,54537.746
16307,3.7558153,54541.5
16308,3.754624,54545.254
16309,3.757468,54549.01
16310,3.7594593,54552.77
16311,3.7608645,54556.53
16312,3.764273,54560.297
16313,3.7700894,54564.066
16314,3.7732852,54567.84
16315,3.773892,54571.613
16316,3.774656,54575.387
16317,3.778686,54579.164
16318,3.7850282,54582.95
16319,3.7891808,54586.74
16320,3.792342,54590.53
16321,3.7956932,54594.33
16322,3.7983246,54598.125
16323,3.7981822,54601.92
16324,3.7973197,54605.72
16325,3.7949612,54609.516
16326,3.7890835,54613.305
16327,3.7830706,54617.086
16328,3.776554,54620.863
16329,3.7718704,54624.637
16330,3.7686741,54628.406
16331,3.7658317,54632.17
16332,3.7608402,54635.934
16333,3.7564,54639.69
16334,3.7547438,54643.445
16335,3.756407,54647.203
16336,3.758267,54650.96
16337,3.7602675,54654.723
16338,3.7633007,54658.484
16339,3.7678523,54662.254
16340,3.7716699,54666.027
16341,3.778615,54669.805
16342,3.7880373,54673.594
16343,3.7943225,54677.387
16344,3.7932892,54681.18
16345,3.7880754,54684.97
16346,3.781137,54688.75
16347,3.773396,54692.523
16348,3.7693942,54696.293
16349,3.7672198,54700.06
16350,3.7659566,54703.824
16351,3.7688556,54707.594
16352,3.7721276,54711.367
16353,3.774569,54715.14
16354,3.7765074,54718.918
16355,3.779128,54722.695
16356,3.7788823,54726.473
16357,3.7768035,54730.25
16358,3.7754152,54734.027
16359,3.771121,54737.797
16360,3.7626503,54741.56
16361,3.7541192,54745.312
16362,3.749779,54749.062
16363,3.7493804,54752.812
16364,3.7479992,54756.56
16365,3.7478316,54760.305
16366,3.7512083,54764.055
16367,3.7555065,54767.81
16368,3.7552133,54771.562
16369,3.7519026,54775.312
16370,3.750201,54779.062
16371,3.7523427,54782.816
16372,3.754299,54786.57
16373,3.755171,54790.324
16374,3.7555237,54794.08
16375,3.7570248,54797.836
16376,3.7611597,54801.598
16377,3.769425,54805.367
16378,3.780541,54809.15
16379,3.7914474,54812.94
16380,3.7978597,54816.74
16381,3.7958653,54820.535
16382,3.789622,54824.324
16383,3.783912,54828.11
16384,3.784345,54831.895
16385,3.788046,54835.684
16386,3.790032,54839.473
16387,3.7891457,54843.26
16388,3.7856135,54847.047
16389,3.7801182,54850.83
16390,3.773509,54854.6
16391,3.7668276,54858.367
16392,3.7663305,54862.133
16393,3.7706397,54865.902
16394,3.775236,54869.676
16395,3.7788103,54873.453
16396,3.780442,54877.234
16397,3.7815945,54881.016
16398,3.782557,54884.797
16399,3.7818792,54888.58
16400,3.78171,54892.36
16401,3.7826095,54896.14
16402,3.7839186,54899.926
16403,3.7849252,54903.71
16404,3.7871253,54907.5
16405,3.7885487,54911.29
16406,3.786785,54915.074
16407,3.7813666,54918.855
16408,3.774531,54922.63
16409,3.771877,54926.402
16410,3.7741442,54930.176
16411,3.7769833,54933.953
16412,3.77868,54937.73
16413,3.7799132,54941.51
16414,3.7813737,54945.293
16415,3.7850833,54949.08
16416,3.7948766,54952.87
16417,3.802872,54956.676
16418,3.8076677,54960.484
16419,3.810379,54964.293
16420,3.811504,54968.105
16421,3.8085258,54971.914
16422,3.8058364,54975.72
16423,3.8045795,54979.523
16424,3.8044188,54983.33
16425,3.8016152,54987.13
16426,3.7948952,54990.92
16427,3.7861965,54994.707
16428,3.7776823,54998.484
16429,3.769923,55002.254
16430,3.7651532,55006.02
16431,3.7638094,55009.785
16432,3.7669814,55013.55
16433,3.7719002,55017.324
16434,3.7731848,55021.098
16435,3.771346,55024.867
16436,3.7688198,55028.637
16437,3.7669873,55032.402
16438,3.764484,55036.168
16439,3.7630103,55039.93
16440,3.765485,55043.695
16441,3.7711856,55047.465
16442,3.7761536,55051.242
16443,3.777235,55055.02
16444,3.774836,55058.793
16445,3.7704434,55062.562
16446,3.7636034,55066.324
16447,3.7563426,55070.082
16448,3.754424,55073.836
16449,3.7556534,55077.59
16450,3.7551773,55081.344
16451,3.7533789,55085.098
16452,3.7511718,55088.848
16453,3.7505162,55092.598
16454,3.7526228,55096.35
16455,3.7583597,55100.11
16456,3.7650344,55103.875
16457,3.7679577,55107.645
16458,3.764993,55111.41
16459,3.7633379,55115.17
16460,3.7667522,55118.938
16461,3.772436,55122.71
16462,3.7746954,55126.484
16463,3.771502,55130.258
16464,3.7653499,55134.023
16465,3.758619,55137.78
16466,3.7546792,55141.535
16467,3.7526631,55145.29
16468,3.7565122,55149.047
16469,3.7620823,55152.81
16470,3.7655241,55156.574
16471,3.769583,55160.344
16472,3.7741923,55164.117
16473,3.7761543,55167.895
16474,3.7724874,55171.668
16475,3.7670088,55175.434
16476,3.7646255,55179.2
16477,3.7622561,55182.96
16478,3.7600636,55186.723
16479,3.7624834,55190.484
16480,3.7629344,55194.246
16481,3.759774,55198.008
16482,3.7598553,55201.77
16483,3.7636468,55205.53
16484,3.7682316,55209.3
16485,3.7704206,55213.07
16486,3.7691526,55216.84
16487,3.7659602,55220.605
16488,3.7606676,55224.367
16489,3.756287,55228.125
16490,3.7533672,55231.88
16491,3.7500181,55235.63
16492,3.7492747,55239.38
16493,3.7522142,55243.133
16494,3.7569356,55246.89
16495,3.762954,55250.652
16496,3.7649004,55254.418
16497,3.764726,55258.184
16498,3.7643912,55261.95
16499,3.763971,55265.715
16500,3.764684,55269.48
16501,3.7665727,55273.246
16502,3.7685611,55277.016
16503,3.7742703,55280.79
16504,3.783234,55284.574
16505,3.7903116,55288.363
16506,3.7913826,55292.156
16507,3.7858846,55295.94
16508,3.7782,55299.72
16509,3.769117,55303.49
16510,3.7637587,55307.254
16511,3.7624311,55311.016
16512,3.7633018,55314.777
16513,3.7644713,55318.543
16514,3.7642567,55322.31
16515,3.76386,55326.074
16516,3.762213,55329.836
16517,3.760523,55333.598
16518,3.7596736,55337.355
16519,3.7587554,55341.113
16520,3.7586644,55344.87
16521,3.7588224,55348.63
16522,3.7598767,55352.39
16523,3.7618985,55356.152
16524,3.7617843,55359.914
16525,3.7597494,55363.67
16526,3.7553706,55367.426
16527,3.7541423,55371.18
16528,3.7574844,55374.938
16529,3.7652104,55378.703
16530,3.7713852,55382.473
16531,3.7759178,55386.25
16532,3.7792642,55390.027
16533,3.7814288,55393.81
16534,3.784592,55397.594
16535,3.789186,55401.383
16536,3.793806,55405.176
16537,3.7974684,55408.973
16538,3.7990515,55412.773
16539,3.798804,55416.57
16540,3.7983577,55420.367
16541,3.7966106,55424.164
16542,3.7932482,55427.957
16543,3.7884076,55431.746
16544,3.7864873,55435.53
16545,3.786095,55439.316
16546,3.7840154,55443.1
16547,3.7816586,55446.883
16548,3.7825568,55450.664
16549,3.7883468,55454.453
16550,3.7940052,55458.246
16551,3.7961016,55462.043
16552,3.7925894,55465.836
16553,3.7840817,55469.62
16554,3.7775638,55473.4
16555,3.7744243,55477.17
16556,3.7745373,55480.945
16557,3.7757597,55484.723
16558,3.7740974,55488.496
16559,3.7714617,55492.266
16560,3.7714577,55496.035
16561,3.7760146,55499.812
16562,3.7815099,55503.594
16563,3.7855873,55507.38
16564,3.7857537,55511.164
16565,3.7846866,55514.95
16566,3.785583,55518.734
16567,3.7866278,55522.52
16568,3.7858672,55526.305
16569,3.7857902,55530.09
16570,3.7869072,55533.875
16571,3.790797,55537.664
16572,3.7965856,55541.46
16573,3.8003848,55545.26
16574,3.8019946,55549.062
16575,3.8040957,55552.867
16576,3.80691,55556.676
16577,3.8080952,55560.484
16578,3.8058243,55564.29
16579,3.7999122,55568.09
16580,3.7963035,55571.887
16581,3.7931695,55575.68
16582,3.789873,55579.47
16583,3.784152,55583.254
16584,3.7791348,55587.03
16585,3.7711077,55590.8
16586,3.763224,55594.562
16587,3.7578213,55598.32
16588,3.7536285,55602.074
16589,3.750554,55605.824
16590,3.7498698,55609.574
16591,3.7533498,55613.33
16592,3.7573738,55617.086
16593,3.7616432,55620.848
16594,3.767481,55624.613
16595,3.7747388,55628.387
16596,3.778617,55632.164
16597,3.7777212,55635.94
16598,3.77262,55639.715
16599,3.7664053,55643.48
16600,3.761855,55647.242
16601,3.7576933,55651.0
16602,3.7544622,55654.754
16603,3.7528682,55658.508
16604,3.7548885,55662.26
16605,3.759562,55666.02
16606,3.7643957,55669.785
16607,3.7712762,55673.555
16608,3.774022,55677.33
16609,3.7724404,55681.1
16610,3.7682316,55684.87
16611,3.762841,55688.633
16612,3.7591054,55692.39
16613,3.7574584,55696.15
16614,3.7549787,55699.902
16615,3.7540936,55703.656
16616,3.7494879,55707.406
16617,3.7451625,55711.152
16618,3.7463326,55714.9
16619,3.7543173,55718.652
16620,3.7589803,55722.41
16621,3.759772,55726.17
16622,3.7563393,55729.93
16623,3.749184,55733.68
16624,3.7398436,55737.418
16625,3.734314,55741.152
16626,3.7372122,55744.89
16627,3.7446933,55748.637
16628,3.751901,55752.387
16629,3.76068,55756.15
16630,3.7651632,55759.914
16631,3.76558,55763.68
16632,3.7647128,55767.445
16633,3.7663634,55771.21
16634,3.767354,55774.977
16635,3.7656317,55778.742
16636,3.7665377,55782.508
16637,3.7727203,55786.28
16638,3.7806923,55790.062
16639,3.787747,55793.85
16640,3.7907686,55797.64
16641,3.7909691,55801.43
16642,3.790923,55805.22
16643,3.790048,55809.008
16644,3.7934854,55812.8
16645,3.7965202,55816.598
16646,3.7954257,55820.395
16647,3.791259,55824.188
16648,3.7864852,55827.973
16649,3.782689,55831.754
16650,3.7830017,55835.535
16651,3.7851882,55839.32
16652,3.7853072,55843.105
16653,3.7814212,55846.887
16654,3.7725449,55850.66
16655,3.7629256,55854.42
16656,3.7557411,55858.176
16657,3.7506938,55861.926
16658,3.748579,55865.676
16659,3.7519722,55869.43
16660,3.757743,55873.188
16661,3.7657363,55876.953
16662,3.7717924,55880.727
16663,3.7771773,55884.504
16664,3.7810998,55888.285
16665,3.784928,55892.07
16666,3.7878108,55895.86
16667,3.788868,55899.65
16668,3.7881448,55903.438
16669,3.7857819,55907.223
16670,3.785606,55911.008
16671,3.7879252,55914.797
16672,3.7900283,55918.586
16673,3.791649,55922.38
16674,3.7910483,55926.17
16675,3.7898724,55929.96
16676,3.7899559,55933.75
16677,3.7921498,55937.543
16678,3.7951863,55941.34
16679,3.7937436,55945.133
16680,3.7906723,55948.92
16681,3.7869215,55952.707
16682,3.7819445,55956.49
16683,3.77858,55960.266
16684,3.7760909,55964.043
16685,3.7766287,55967.82
16686,3.7810762,55971.6
16687,3.785681,55975.387
16688,3.7892478,55979.176
16689,3.7889514,55982.965
16690,3.78395,55986.75
16691,3.7760913,55990.527
16692,3.7725976,55994.3
16693,3.7724483,55998.074
16694,3.7715645,56001.848
16695,3.7663097,56005.613
16696,3.7604072,56009.375
16697,3.7572784,56013.133
16698,3.761207,56016.895
16699,3.7684526,56020.664
16700,3.772033,56024.438
16701,3.7734175,56028.21
16702,3.7725887,56031.984
16703,3.771891,56035.758
16704,3.7729998,56039.53
16705,3.7762637,56043.31
16706,3.780838,56047.09
16707,3.7859106,56050.875
16708,3.7869582,56054.66
16709,3.7836816,56058.445
16710,3.7790072,56062.223
16711,3.7738953,56065.996
16712,3.7691498,56069.766
16713,3.7675662,56073.53
16714,3.7671373,56077.297
16715,3.7639728,56081.062
16716,3.7605517,56084.824
16717,3.7592647,56088.582
16718,3.7585647,56092.34
16719,3.7531903,56096.094
16720,3.7473276,56099.84
16721,3.7492168,56103.59
16722,3.756057,56107.348
16723,3.7643526,56111.113
16724,3.7709384,56114.883
16725,3.776013,56118.66
16726,3.779432,56122.44
16727,3.781827,56126.223
16728,3.785691,56130.008
16729,3.7878246,56133.797
16730,3.7883344,56137.586
16731,3.787705,56141.375
16732,3.7877276,56145.164
16733,3.786583,56148.95
16734,3.7841594,56152.734
16735,3.7808027,56156.516
16736,3.7770953,56160.293
16737,3.7705169,56164.062
16738,3.7688205,56167.832
16739,3.7704933,56171.6
16740,3.7691438,56175.37
16741,3.7683337,56179.14
16742,3.770836,56182.91
16743,3.7746315,56186.684
16744,3.775247,56190.457
16745,3.774486,56194.23
16746,3.7739644,56198.004
16747,3.7718182,56201.777
16748,3.7734087,56205.55
16749,3.7767563,56209.33
16750,3.778616,56213.105
16751,3.77989,56216.887
16752,3.7842865,56220.67
16753,3.7867773,56224.457
16754,3.7874064,56228.246
16755,3.786691,56232.03
16756,3.785346,56235.816
16757,3.7815497,56239.598
16758,3.7754953,56243.375
16759,3.7647314,56247.14
16760,3.7543576,56250.895
16761,3.7488182,56254.645
16762,3.7457013,56258.39
16763,3.7447233,56262.137
16764,3.744836,56265.883
16765,3.7454772,56269.63
16766,3.7455504,56273.375
16767,3.7480812,56277.125
16768,3.7507112,56280.875
16769,3.7537825,56284.63
16770,3.7561746,56288.387
16771,3.7594478,56292.145
16772,3.7629137,56295.906
16773,3.764139,56299.67
16774,3.7607555,56303.434
16775,3.7533867,56307.188
16776,3.7451513,56310.934
16777,3.7388942,56314.67
16778,3.7374437,56318.41
16779,3.7396934,56322.15
16780,3.743924,56325.89
16781,3.7488308,56329.64
16782,3.7491167,56333.39
16783,3.7462292,56337.137
16784,3.7461455,56340.883
16785,3.7520962,56344.637
16786,3.761365,56348.4
16787,3.7688878,56352.168
16788,3.7692156,56355.938
16789,3.7652242,56359.703
16790,3.7590644,56363.46
16791,3.753766,56367.215
16792,3.7501779,56370.965
16793,3.7496667,56374.715
16794,3.7520592,56378.47
16795,3.7545245,56382.223
16796,3.7562375,56385.98
16797,3.7610877,56389.742
16798,3.769837,56393.51
16799,3.7791388,56397.29
16800,3.7849765,56401.074
16801,3.7854474,56404.86
16802,3.780995,56408.64
16803,3.7702415,56412.41
16804,3.7643745,56416.176
16805,3.7632442,56419.938
16806,3.7636,56423.7
16807,3.76252,56427.46
16808,3.7592332,56431.22
16809,3.7589247,56434.977
16810,3.760062,56438.74
16811,3.7634137,56442.5
16812,3.767317,56446.266
16813,3.7704809,56450.035
16814,3.774504,56453.81
16815,3.7782302,56457.586
16816,3.7774167,56461.363
16817,3.7753248,56465.137
16818,3.7770839,56468.914
16819,3.7812223,56472.695
16820,3.7855873,56476.48
16821,3.7891085,56480.27
16822,3.791834,56484.062
16823,3.7937527,56487.855
16824,3.7957025,56491.652
16825,3.7951314,56495.45
16826,3.7927914,56499.242
16827,3.7887242,56503.03
16828,3.7829208,56506.812
16829,3.7780735,56510.59
16830,3.774867,56514.363
16831,3.7744634,56518.137
16832,3.7742162,56521.91
16833,3.7730827,56525.684
16834,3.7699456,56529.453
16835,3.7690032,56533.223
16836,3.7743623,56536.996
16837,3.7787905,56540.773
16838,3.7790496,56544.55
16839,3.779433,56548.332
16840,3.7772534,56552.11
16841,3.7752624,56555.883
16842,3.7757363,56559.66
16843,3.7787983,56563.438
16844,3.7805765,56567.22
16845,3.7809289,56571.0
16846,3.7786803,56574.777
16847,3.7720196,56578.55
16848,3.7641034,56582.316
16849,3.7580261,56586.074
16850,3.756026,56589.832
16851,3.7575827,56593.59
16852,3.7617254,56597.35
16853,3.765198,56601.117
16854,3.7635522,56604.88
16855,3.7613332,56608.64
16856,3.7599494,56612.402
16857,3.7583296,56616.16
16858,3.7566621,56619.918
16859,3.7557464,56623.67
16860,3.7573597,56627.43
16861,3.7610202,56631.19
16862,3.7634706,56634.953
16863,3.764389,56638.72
16864,3.764412,56642.484
16865,3.7610257,56646.246
16866,3.7529402,56650.0
16867,3.7441504,56653.746
16868,3.7397695,56657.484
16869,3.7379026,56661.223
16870,3.7390633,56664.96
16871,3.745581,56668.707
16872,3.7551448,56672.46
16873,3.7638943,56676.227
16874,3.7709367,56679.996
16875,3.7743905,56683.77
16876,3.7752776,56687.543
16877,3.775449,56691.32
16878,3.775524,56695.098
16879,3.7713559,56698.867
16880,3.7619927,56702.63
16881,3.7544432,56706.383
16882,3.7530506,56710.137
16883,3.7566311,56713.895
16884,3.762255,56717.656
16885,3.7673187,56721.42
16886,3.7699337,56725.19
16887,3.7698479,56728.96
16888,3.7681324,56732.73
16889,3.7644932,56736.496
16890,3.75937,56740.254
16891,3.753716,56744.008
16892,3.7499304,56747.758
16893,3.7490368,56751.508
16894,3.75116,56755.258
16895,3.753841,56759.01
16896,3.7541442,56762.766
16897,3.7557592,56766.52
16898,3.7586367,56770.277
16899,3.7610662,56774.04
16900,3.7635846,56777.8
16901,3.768981,56781.57
16902,3.7750227,56785.344
16903,3.7791493,56789.12
16904,3.7815816,56792.902
16905,3.7804005,56796.684
16906,3.7717876,56800.457
16907,3.7599645,56804.22
16908,3.7528024,56807.973
16909,3.7520516,56811.727
16910,3.7534208,56815.48
16911,3.756134,56819.24
16912,3.75695,56822.996
16913,3.7591424,56826.754
16914,3.7625139,56830.516
16915,3.766051,56834.28
16916,3.7646105,56838.047
16917,3.7637572,56841.812
16918,3.763247,56845.574
16919,3.7646568,56849.34
16920,3.7667348,56853.105
16921,3.7669144,56856.87
16922,3.7652316,56860.637
16923,3.7631772,56864.4
16924,3.761581,56868.16
16925,3.7619305,56871.92
16926,3.7644854,56875.688
16927,3.7672794,56879.453
16928,3.7723875,56883.227
16929,3.7771945,56887.004
16930,3.7763774,56890.78
16931,3.7731829,56894.555
16932,3.7713344,56898.324
16933,3.7695034,56902.094
16934,3.7671292,56905.86
16935,3.7608895,56909.62
16936,3.7564895,56913.38
16937,3.7581365,56917.137
16938,3.7644777,56920.902
16939,3.7715955,56924.676
16940,3.7770119,56928.453
16941,3.7808626,56932.234
16942,3.7841322,56936.02
16943,3.785194,56939.805
16944,3.784667,56943.59
16945,3.7831132,56947.37
16946,3.78252,56951.152
16947,3.7836494,56954.938
16948,3.7841835,56958.723
16949,3.7825096,56962.504
16950,3.7807896,56966.285
16951,3.7768493,56970.062
16952,3.7724495,56973.836
16953,3.7672632,56977.6
16954,3.766426,56981.367
16955,3.769262,56985.137
16956,3.7674923,56988.902
16957,3.7649524,56992.668
16958,3.7650414,56996.434
16959,3.7697058,57000.203
16960,3.7750027,57003.977
16961,3.779323,57007.758
16962,3.7820745,57011.54
16963,3.7837226,57015.324
16964,3.7861722,57019.11
16965,3.7885127,57022.9
16966,3.7883308,57026.688
16967,3.7855072,57030.473
16968,3.7816277,57034.254
16969,3.7784975,57038.03
16970,3.7760103,57041.81
16971,3.7754664,57045.586
16972,3.776777,57049.363
16973,3.7782269,57053.14
16974,3.7787504,57056.918
16975,3.7778115,57060.695
16976,3.7718172,57064.47
16977,3.7607744,57068.23
16978,3.7520888,57071.984
16979,3.749825,57075.734
16980,3.7499945,57079.484
16981,3.7513769,57083.234
16982,3.7536645,57086.99
16983,3.758292,57090.746
16984,3.7613525,57094.508
16985,3.763602,57098.27
16986,3.7620475,57102.03
16987,3.7574606,57105.79
16988,3.751722,57109.54
16989,3.7485373,57113.29
16990,3.749779,57117.04
16991,3.7554562,57120.793
16992,3.7626848,57124.555
16993,3.7695134,57128.324
16994,3.7699192,57132.094
16995,3.767412,57135.86
16996,3.766364,57139.625
16997,3.7647939,57143.39
16998,3.7611022,57147.152
16999,3.7570488,57150.91
17000,3.7548568,57154.664
17001,3.7550368,57158.418
17002,3.754969,57162.17
17003,3.7550786,57165.926
17004,3.758085,57169.684
17005,3.7637274,57173.45
17006,3.765465,57177.215
17007,3.7611938,57180.977
17008,3.7560644,57184.734
17009,3.7549996,57188.49
17010,3.7580853,57192.246
17011,3.7635872,57196.008
17012,3.771414,57199.777
17013,3.7789412,57203.555
17014,3.778988,57207.332
17015,3.7750425,57211.105
17016,3.7728589,57214.88
17017,3.771547,57218.652
17018,3.770505,57222.42
17019,3.7709968,57226.19
17020,3.7720537,57229.965
17021,3.7749972,57233.74
17022,3.7804165,57237.52
17023,3.7854507,57241.305
17024,3.7918842,57245.098
17025,3.7951736,57248.895
17026,3.794301,57252.688
17027,3.7913787,57256.48
17028,3.7938337,57260.273
17029,3.7954495,57264.07
17030,3.794415,57267.863
17031,3.7924948,57271.656
17032,3.7909994,57275.445
17033,3.7880833,57279.234
17034,3.7867901,57283.02
17035,3.7875524,57286.81
17036,3.7877672,57290.598
17037,3.7860599,57294.383
17038,3.7851253,57298.168
17039,3.7846673,57301.953
17040,3.7804384,57305.734
17041,3.7751112,57309.508
17042,3.7746365,57313.28
17043,3.7802029,57317.062
17044,3.786267,57320.848
17045,3.7877553,57324.637
17046,3.7866864,57328.42
17047,3.7846472,57332.207
17048,3.784239,57335.992
17049,3.7858043,57339.777
17050,3.7885377,57343.566
17051,3.7886486,57347.355
17052,3.7859848,57351.14
17053,3.7830322,57354.92
17054,3.78231,57358.703
17055,3.7827678,57362.484
17056,3.784892,57366.27
17057,3.7857106,57370.055
17058,3.7807236,57373.836
17059,3.772081,57377.61
17060,3.7650244,57381.375
17061,3.7586489,57385.133
17062,3.7563741,57388.89
17063,3.7587628,57392.65
17064,3.7625906,57396.41
17065,3.768152,57400.18
17066,3.7734854,57403.953
17067,3.777375,57407.73
17068,3.7755432,57411.508
17069,3.7709644,57415.277
17070,3.770091,57419.047
17071,3.768958,57422.816
17072,3.767485,57426.582
17073,3.7668602,57430.348
17074,3.7688816,57434.117
17075,3.770376,57437.887
17076,3.7715008,57441.66
17077,3.7703075,57445.43
17078,3.766517,57449.195
17079,3.7618175,57452.957
17080,3.7597623,57456.715
17081,3.7604222,57460.477
17082,3.7640808,57464.242
17083,3.7687793,57468.01
17084,3.7718115,57471.785
17085,3.7745464,57475.56
17086,3.779186,57479.336
17087,3.7810898,57483.117
17088,3.782091,57486.9
17089,3.7804973,57490.68
17090,3.775004,57494.453
17091,3.7695606,57498.223
17092,3.7679687,57501.992
17093,3.7673793,57505.758
17094,3.766871,57509.523
17095,3.7650747,57513.29
17096,3.7640615,57517.055
17097,3.7655392,57520.82
17098,3.7669826,57524.586
17099,3.76829,57528.355
17100,3.7675238,57532.12
17101,3.7620769,57535.883
17102,3.7547596,57539.637
17103,3.748005,57543.383
17104,3.7432907,57547.125
17105,3.7448559,57550.87
17106,3.752194,57554.625
17107,3.7589483,57558.383
17108,3.7597737,57562.145
17109,3.7594898,57565.902
17110,3.7556758,57569.656
17111,3.7485075,57573.406
17112,3.7421353,57577.15
17113,3.7401924,57580.887
17114,3.74207,57584.63
17115,3.7459712,57588.375
17116,3.7500284,57592.125
17117,3.7521858,57595.88
17118,3.7517931,57599.63
17119,3.7499619,57603.38
17120,3.746816,57607.125
17121,3.7455165,57610.87
17122,3.748082,57614.62
17123,3.7543046,57618.375
17124,3.75914,57622.133
17125,3.7607286,57625.895
17126,3.761914,57629.656
17127,3.7623568,57633.418
17128,3.761818,57637.18
17129,3.760849,57640.94
17130,3.7588296,57644.7
17131,3.7597928,57648.46
17132,3.7644155,57652.227
17133,3.769532,57655.996
17134,3.7738461,57659.77
17135,3.775447,57663.547
17136,3.7730932,57667.32
17137,3.7675989,57671.09
17138,3.7646368,57674.855
17139,3.7623677,57678.617
17140,3.7580101,57682.375
17141,3.7535548,57686.13
17142,3.7514904,57689.88
17143,3.7517638,57693.63
17144,3.7523403,57697.383
17145,3.7497234,57701.133
17146,3.7459767,57704.88
17147,3.7458556,57708.625
17148,3.7492986,57712.375
17149,3.7527077,57716.13
17150,3.75476,57719.883
17151,3.7586007,57723.64
17152,3.7605007,57727.402
17153,3.759561,57731.16
17154,3.757866,57734.918
17155,3.758303,57738.676
17156,3.7624395,57742.438
17157,3.7668984,57746.203
17158,3.767807,57749.973
17159,3.7659423,57753.74
17160,3.7633755,57757.5
17161,3.7652113,57761.266
17162,3.7675045,57765.03
17163,3.7694519,57768.8
17164,3.771438,57772.57
17165,3.7757232,57776.348
17166,3.7808435,57780.13
17167,3.783019,57783.91
17168,3.785154,57787.695
17169,3.790286,57791.484
17170,3.7929752,57795.277
17171,3.7926319,57799.07
17172,3.7949562,57802.867
17173,3.798682,57806.664
17174,3.801031,57810.465
17175,3.7976608,57814.26
17176,3.7910507,57818.055
17177,3.7839115,57821.84
17178,3.7792735,57825.617
17179,3.7751799,57829.39
17180,3.7683952,57833.16
17181,3.763169,57836.92
17182,3.7617242,57840.684
17183,3.7604282,57844.445
17184,3.7603836,57848.207
17185,3.7625782,57851.97
17186,3.7635422,57855.73
17187,3.763671,57859.492
17188,3.764504,57863.258
17189,3.7653842,57867.023
17190,3.7626967,57870.785
17191,3.7578425,57874.543
17192,3.7524996,57878.297
17193,3.748412,57882.047
17194,3.745241,57885.793
17195,3.746056,57889.54
17196,3.749513,57893.29
17197,3.7532232,57897.043
17198,3.7530203,57900.797
17199,3.7511673,57904.547
17200,3.7493691,57908.297
17201,3.7505047,57912.047
17202,3.754177,57915.8
17203,3.7570958,57919.56
17204,3.75874,57923.316
17205,3.7620857,57927.08
17206,3.7682118,57930.848
17207,3.771988,57934.62
17208,3.772118,57938.395
17209,3.771173,57942.164
17210,3.772049,57945.938
17211,3.7724144,57949.71
17212,3.7712348,57953.48
17213,3.7685122,57957.25
17214,3.767321,57961.016
17215,3.769182,57964.785
17216,3.7674813,57968.55
17217,3.75639,57972.31
17218,3.7408829,57976.05
17219,3.7354114,57979.785
17220,3.7331686,57983.52
17221,3.7296429,57987.25
17222,3.7304285,57990.98
17223,3.73866,57994.72
17224,3.7451634,57998.465
17225,3.7544155,58002.22
17226,3.7553976,58005.973
17227,3.7579536,58009.73
17228,3.7556827,58013.484
17229,3.7585585,58017.242
17230,3.7587566,58021.0
17231,3.7643127,58024.766
17232,3.7665455,58028.53
17233,3.7708468,58032.3
17234,3.7696338,58036.07
17235,3.7711112,58039.84
17236,3.7709472,58043.61
17237,3.7715437,58047.383
17238,3.7721102,58051.156
17239,3.7760549,58054.934
17240,3.7804904,58058.715
17241,3.7868402,58062.5
17242,3.791528,58066.293
17243,3.7955194,58070.09
17244,3.7978008,58073.887
17245,3.8002195,58077.688
17246,3.8039463,58081.492
17247,3.8071818,58085.3
17248,3.8094897,58089.11
17249,3.811428,58092.92
17250,3.813918,58096.734
17251,3.8147323,58100.55
17252,3.8146482,58104.367
17253,3.8138952,58108.18
17254,3.8133485,58111.992
17255,3.8128197,58115.805
17256,3.8131244,58119.617
17257,3.8111072,58123.43
17258,3.8076959,58127.24
17259,3.8029857,58131.043
17260,3.7981744,58134.84
17261,3.7931297,58138.633
17262,3.7903247,58142.42
17263,3.7890694,58146.21
17264,3.7845047,58149.996
17265,3.7814128,58153.777
17266,3.7783957,58157.555
17267,3.7779229,58161.332
17268,3.7714746,58165.1
17269,3.7664244,58168.867
17270,3.7566664,58172.625
17271,3.7471547,58176.37
17272,3.735955,58180.105
17273,3.7279396,58183.832
17274,3.717909,58187.55
17275,3.70936,58191.26
17276,3.696896,58194.957
17277,3.6835845,58198.64
17278,3.6710691,58202.312
17279,3.6607506,58205.973
17280,3.651619,58209.625
17281,3.6410282,58213.266
17282,3.6241896,58216.89
17283,3.5974867,58220.49
17284,3.5567913,58224.047
17285,3.496784,58227.543
17286,3.4740202,58231.016
17287,3.4855807,58234.5
17288,3.493016,58237.992
17289,3.4967222,58241.49
17290,3.4916058,58244.98
17291,3.4844472,58248.465
17292,3.477122,58251.94
17293,3.4745715,58255.414
17294,3.4756212,58258.89
17295,3.4781315,58262.367
17296,3.4802082,58265.848
17297,3.482508,58269.332
17298,3.480567,58272.812
17299,3.481284,58276.293
17300,3.4760437,58279.77
17301,3.472598,58283.242
17302,3.4621267,58286.703
17303,3.454999,58290.156
17304,3.4512973,58293.61
17305,3.4523678,58297.062
17306,3.4492974,58300.51
17307,3.4467282,58303.957
17308,3.4367507,58307.395
17309,3.4282882,58310.824
17310,3.4166324,58314.242
17311,3.406885,58317.65
17312,3.3956814,58321.043
17313,3.387534,58324.43
17314,3.3782191,58327.81
17315,3.3757172,58331.184
17316,3.3711693,58334.555
17317,3.3703203,58337.926
17318,3.3643048,58341.29
17319,3.3574321,58344.65
17320,3.3497658,58348.0
17321,3.3446302,58351.344
17322,3.3396337,58354.684
17323,3.3344948,58358.02
17324,3.3293283,58361.348
17325,3.3261623,58364.67
17326,3.3241243,58367.996
17327,3.3233006,58371.32
17328,3.3186853,58374.64
17329,3.3103693,58377.95
17330,3.3031082,58381.254
17331,3.2980063,58384.55
17332,3.2999153,58387.85
17333,3.302362,58391.152
17334,3.3047872,58394.457
17335,3.306506,58397.76
17336,3.307608,58401.07
17337,3.3081405,58404.38
17338,3.3059564,58407.684
17339,3.3035104,58410.99
17340,3.298255,58414.285
17341,3.293935,58417.58
17342,3.288937,58420.867
17343,3.28294,58424.15
17344,3.2775018,58427.426
17345,3.272952,58430.7
17346,3.2685156,58433.97
17347,3.262752,58437.23
17348,3.2570915,58440.49
17349,3.2521107,58443.742
17350,3.2499645,58446.992
17351,3.250707,58450.242
17352,3.2485552,58453.492
17353,3.2423036,58456.734
17354,3.2353346,58459.97
17355,3.2302644,58463.2
17356,3.2253218,58466.426
17357,3.222418,58469.65
17358,3.219083,58472.867
17359,3.2158816,58476.082
17360,3.210986,58479.293
17361,3.204423,58482.496
17362,3.198069,58485.695
17363,3.1927593,58488.887
17364,3.1892464,58492.074
17365,3.1855884,58495.26
17366,3.1859326,58498.45
17367,3.1859746,58501.637
17368,3.1861825,58504.824
17369,3.1857028,58508.01
17370,3.1822782,58511.195
17371,3.178674,58514.375
17372,3.1741278,58517.55
17373,3.1705825,58520.723
17374,3.1689427,58523.89
17375,3.1674588,58527.06
17376,3.1666498,58530.227
17377,3.165748,58533.39
17378,3.164709,58536.555
17379,3.1628587,58539.72
17380,3.1595585,58542.88
17381,3.1563275,58546.035
17382,3.1547036,58549.19
17383,3.154692,58552.348
17384,3.1556017,58555.504
17385,3.1566248,58558.66
17386,3.1562917,58561.816
17387,3.1543596,58564.973
17388,3.1531274,58568.125
17389,3.1519966,58571.277
17390,3.1514523,58574.43
17391,3.1505675,58577.582
17392,3.1479945,58580.73
17393,3.1455395,58583.875
17394,3.1419246,58587.016
17395,3.1371222,58590.152
17396,3.1338086,58593.285
17397,3.1314962,58596.418
17398,3.130521,58599.547
17399,3.1290393,58602.676
17400,3.1332924,58605.81
17401,3.1464639,58608.953
17402,3.1590493,58612.113
17403,3.184312,58615.297
17404,3.2042108,58618.5
17405,3.2440538,58621.742
17406,3.2814472,58625.023
17407,3.3358018,58628.36
17408,3.3811285,58631.742
17409,3.4346254,58635.176
17410,3.477067,58638.652
17411,3.5184863,58642.17
17412,3.550643,58645.723
17413,3.5794592,58649.3
17414,3.6003761,58652.902
17415,3.6181374,58656.52
17416,3.6293142,58660.15
17417,3.6368978,58663.785
17418,3.6401021,58667.426
17419,3.640636,58671.066
17420,3.639225,58674.707
17421,3.6344914,58678.34
17422,3.625812,58681.965
17423,3.608632,58685.574
17424,3.5780892,58689.152
17425,3.5240865,58692.676
17426,3.455997,58696.133
17427,3.3996315,58699.53
17428,3.3760324,58702.906
17429,3.3776085,58706.285
17430,3.4027941,58709.688
17431,3.4371397,58713.125
17432,3.4719808,58716.598
17433,3.4904077,58720.09
17434,3.487353,58723.58
17435,3.4661815,58727.043
17436,3.440261,58730.484
17437,3.4170308,58733.902
17438,3.4010723,58737.305
17439,3.3930795,58740.7
17440,3.393243,58744.094
17441,3.3999527,58747.492
17442,3.4166548,58750.91
17443,3.4392126,58754.348
17444,3.469251,58757.816
17445,3.4984124,58761.316
17446,3.5169833,58764.832
17447,3.5142784,58768.348
17448,3.5016468,58771.848
17449,3.5014248,58775.348
17450,3.5087337,58778.855
17451,3.517929,58782.375
17452,3.5278792,58785.902
17453,3.53328,58789.438
17454,3.533428,58792.973
17455,3.5250235,58796.496
17456,3.5111148,58800.008
17457,3.486053,58803.492
17458,3.4576716,58806.95
17459,3.4317255,58810.383
17460,3.4156094,58813.797
17461,3.4022026,58817.2
17462,3.3911731,58820.59
17463,3.3821304,58823.973
17464,3.3754177,58827.348
17465,3.3707094,58830.72
17466,3.3673687,58834.086
17467,3.364955,58837.45
17468,3.3603694,58840.81
17469,3.355956,58844.164
17470,3.351372,58847.516
17471,3.349155,58850.863
17472,3.3465252,58854.21
17473,3.345027,58857.555
17474,3.3430622,58860.9
17475,3.3422132,58864.242
17476,3.3416204,58867.582
17477,3.341021,58870.92
17478,3.3398395,58874.26
17479,3.3379097,58877.6
17480,3.3357024,58880.938
17481,3.3336706,58884.27
17482,3.3311355,58887.6
17483,3.3285885,58890.93
17484,3.3250463,58894.254
17485,3.3217165,58897.574
17486,3.319358,58900.895
17487,3.3180318,58904.21
17488,3.3174758,58907.527
17489,3.3167217,58910.844
17490,3.3166833,58914.16
17491,3.316069,58917.477
17492,3.3172762,58920.793
17493,3.318117,58924.11
17494,3.3185904,58927.43
17495,3.3187075,58930.75
17496,3.319294,58934.07
17497,3.3192654,58937.39
17498,3.3187444,58940.71
17499,3.3177996,58944.027
17500,3.3178663,58947.344
17501,3.3178728,58950.66
17502,3.3194406,58953.98
17503,3.3210528,58957.3
17504,3.3212197,58960.62
17505,3.319492,58963.94
17506,3.3188617,58967.26
17507,3.3200183,58970.582
17508,3.3258815,58973.906
17509,3.3301768,58977.24
17510,3.3320868,58980.57
17511,3.3332534,58983.902
17512,3.3346379,58987.24
17513,3.3362377,58990.574
17514,3.337678,58993.91
17515,3.339219,58997.25
17516,3.3393717,59000.59
17517,3.3380172,59003.93
17518,3.3362658,59007.266
17519,3.334536,59010.6
17520,3.336676,59013.938
17521,3.3407793,59017.277
17522,3.3479576,59020.625
17523,3.3549173,59023.98
17524,3.362549,59027.344
17525,3.368738,59030.71
17526,3.3743734,59034.086
17527,3.3778508,59037.465
17528,3.3814614,59040.848
17529,3.3852499,59044.234
17530,3.3910265,59047.625
17531,3.3971612,59051.023
17532,3.4043453,59054.43
17533,3.4113584,59057.84
17534,3.4193523,59061.258
17535,3.4269063,59064.684
17536,3.4341028,59068.117
17537,3.439009,59071.555
17538,3.4440858,59075.0
17539,3.4484453,59078.45
17540,3.452991,59081.902
17541,3.4562192,59085.36
17542,3.459559,59088.82
17543,3.4623134,59092.28
17544,3.4654293,59095.746
17545,3.468698,59099.215
17546,3.4724538,59102.688
17547,3.4746861,59106.164
17548,3.472855,59109.637
17549,3.4679463,59113.105
17550,3.4628432,59116.566
17551,3.4587579,59120.023
17552,3.4585333,59123.48
17553,3.4595304,59126.94
17554,3.459556,59130.402
17555,3.458377,59133.86
17556,3.4543753,59137.312
17557,3.4479153,59140.76
17558,3.4394014,59144.2
17559,3.430833,59147.63
17560,3.4250557,59151.055
17561,3.4186523,59154.473
17562,3.4111574,59157.883
17563,3.4048212,59161.29
17564,3.4000366,59164.688
17565,3.3978307,59168.086
17566,3.4008617,59171.49
17567,3.41084,59174.9
17568,3.4167163,59178.316
17569,3.4089043,59181.727
17570,3.3969264,59185.125
17571,3.3838954,59188.508
17572,3.3790245,59191.887
17573,3.3884213,59195.273
17574,3.4538722,59198.727
17575,3.4952767,59202.223
17576,3.4993205,59205.723
17577,3.5005355,59209.223
17578,3.5030203,59212.727
17579,3.5012484,59216.227
17580,3.4962125,59219.723
17581,3.4890478,59223.21
17582,3.4842858,59226.695
17583,3.4837575,59230.18
17584,3.4897726,59233.668
17585,3.4942997,59237.164
17586,3.495378,59240.66
17587,3.4944735,59244.156
17588,3.4926202,59247.65
17589,3.4912765,59251.14
17590,3.4918313,59254.633
17591,3.4950855,59258.13
17592,3.5043383,59261.633
17593,3.5145016,59265.15
17594,3.514745,59268.664
17595,3.5034246,59272.168
17596,3.4685662,59275.637
17597,3.4068618,59279.043
17598,3.3375232,59282.38
17599,3.3044727,59285.684
17600,3.2937236,59288.977
17601,3.288752,59292.266
17602,3.285861,59295.55
17603,3.2852614,59298.836
17604,3.2858028,59302.12
17605,3.2885547,59305.41
17606,3.290885,59308.7
17607,3.2942963,59311.992
17608,3.2953768,59315.29
17609,3.296582,59318.586
17610,3.296688,59321.883
17611,3.297525,59325.18
17612,3.2967372,59328.477
17613,3.2957175,59331.773
17614,3.2931225,59335.066
17615,3.290248,59338.355
17616,3.2868168,59341.64
17617,3.2833736,59344.926
17618,3.2805443,59348.207
17619,3.2778597,59351.484
17620,3.2747507,59354.758
17621,3.2713299,59358.027
17622,3.268205,59361.297
17623,3.2644641,59364.562
17624,3.2604184,59367.824
17625,3.2556689,59371.08
17626,3.2507024,59374.33
17627,3.2453177,59377.574
17628,3.2415133,59380.816
17629,3.237418,59384.055
17630,3.233203,59387.29
17631,3.2288725,59390.52
17632,3.2239947,59393.742
17633,3.2185473,59396.96
17634,3.2140481,59400.176
17635,3.2111804,59403.387
17636,3.20856,59406.594
17637,3.2047756,59409.797
17638,3.1993654,59412.996
17639,3.1932137,59416.188
17640,3.1882565,59419.375
17641,3.184187,59422.56
17642,3.1842031,59425.742
17643,3.1896574,59428.934
17644,3.1992679,59432.133
17645,3.2070358,59435.34
17646,3.2147162,59438.555
17647,3.217373,59441.773
17648,3.221551,59444.996
17649,3.2240078,59448.22
17650,3.2282774,59451.445
17651,3.23214,59454.676
17652,3.2377844,59457.914
17653,3.2428408,59461.156
17654,3.2474823,59464.402
17655,3.2500274,59467.652
17656,3.251488,59470.902
17657,3.2521286,59474.156
17658,3.2525346,59477.41
17659,3.2527425,59480.664
17660,3.2538066,59483.918
17661,3.2549875,59487.17
17662,3.255286,59490.426
17663,3.2550128,59493.68
17664,3.25537,59496.934
17665,3.2555585,59500.188
17666,3.2557104,59503.44
17667,3.255839,59506.695
17668,3.255161,59509.95
17669,3.2544086,59513.203
17670,3.2524424,59516.457
17671,3.2505834,59519.707
17672,3.2488828,59522.957
17673,3.2476504,59526.203
17674,3.243742,59529.445
17675,3.2403593,59532.688
17676,3.2372105,59535.926
17677,3.2353497,59539.16
17678,3.2327173,59542.395
17679,3.2322524,59545.625
17680,3.231681,59548.855
17681,3.231875,59552.086
17682,3.228883,59555.316
17683,3.2246904,59558.543
17684,3.2206304,59561.76
17685,3.2178957,59564.98
17686,3.2157254,59568.195
17687,3.213616,59571.41
17688,3.206435,59574.617
17689,3.1975994,59577.816
17690,3.1881468,59581.004
17691,3.17916,59584.184
17692,3.1693563,59587.35
17693,3.1626465,59590.516
17694,3.157651,59593.67
17695,3.1539989,59596.824
17696,3.1506526,59599.977
17697,3.147689,59603.125
17698,3.143285,59606.27
17699,3.1390183,59609.41
17700,3.1360712,59612.547
17701,3.1361563,59615.684
17702,3.1359918,59618.82
17703,3.1346545,59621.953
17704,3.1328585,59625.086
17705,3.1289709,59628.215
17706,3.1261246,59631.34
17707,3.1251729,59634.465
17708,3.1237483,59637.59
17709,3.1218257,59640.71
17710,3.1185048,59643.83
17711,3.1135898,59646.94
17712,3.1090395,59650.05
17713,3.1050692,59653.156
17714,3.1033826,59656.258
17715,3.0997262,59659.36
17716,3.095311,59662.453
17717,3.087611,59665.54
17718,3.0776246,59668.617
17719,3.067588,59671.684
17720,3.056508,59674.74
17721,3.0456212,59677.785
17722,3.0328512,59680.816
17723,3.015671,59683.832
17724,2.9999585,59686.832
17725,2.985881,59689.816
17726,2.97629,59692.793
17727,2.9679053,59695.76
17728,2.965681,59698.727
17729,2.9652636,59701.69
17730,2.9628353,59704.652
17731,2.9569652,59707.61
17732,2.9492257,59710.56
17733,2.9379897,59713.496
17734,2.9292052,59716.426
17735,2.9208112,59719.348
17736,2.9192715,59722.266
17737,2.918482,59725.184
17738,2.9188352,59728.1
17739,2.9196045,59731.02
17740,2.919348,59733.938
17741,2.9182587,59736.855
17742,2.9187355,59739.773
17743,2.9178655,59742.69
17744,2.9162781,59745.61
17745,2.917899,59748.527
17746,2.922854,59751.45
17747,2.926178,59754.375
17748,2.9251404,59757.3
17749,2.9226787,59760.223
17750,2.9228063,59763.145
17751,2.9257662,59766.07
17752,2.9320328,59769.004
17753,2.939521,59771.945
17754,2.9446545,59774.89
17755,2.9479141,59777.84
17756,2.9493527,59780.79
17757,2.9491525,59783.74
17758,2.947597,59786.688
17759,2.9486744,59789.637
17760,2.9482508,59792.586
17761,2.948324,59795.535
17762,2.9484246,59798.484
17763,2.94939,59801.434
17764,2.949767,59804.383
17765,2.9468281,59807.33
17766,2.939811,59810.27
17767,2.932838,59813.203
17768,2.930877,59816.133
17769,2.9306166,59819.062
17770,2.9347394,59821.996
17771,2.9396923,59824.938
17772,2.9436634,59827.883
17773,2.9453125,59830.83
17774,2.9447417,59833.773
17775,2.9450243,59836.72
17776,2.944701,59839.664
17777,2.9449368,59842.61
17778,2.9429355,59845.55
17779,2.942482,59848.492
17780,2.9435298,59851.438
17781,2.9451797,59854.383
17782,2.9471014,59857.33
17783,2.94701,59860.273
17784,2.9478962,59863.223
17785,2.9508965,59866.17
17786,2.9543762,59869.125
17787,2.9586663,59872.082
17788,2.962237,59875.043
17789,2.9646542,59878.008
17790,2.96545,59880.973
17791,2.965205,59883.938
17792,2.9648564,59886.902
17793,2.9668443,59889.87
17794,2.9712503,59892.844
17795,2.9753232,59895.82
17796,2.9813886,59898.8
17797,2.9877963,59901.79
17798,2.993548,59904.78
17799,2.9976852,59907.777
17800,3.0013494,59910.777
17801,3.0041854,59913.78
17802,3.0063295,59916.79
17803,3.0098953,59919.8
17804,3.0118356,59922.812
17805,3.0124526,59925.824
17806,3.0132787,59928.836
17807,3.0125194,59931.848
17808,3.0115554,59934.86
17809,3.0109227,59937.87
17810,3.010834,59940.883
17811,3.01167,59943.895
17812,3.0125136,59946.906
17813,3.012934,59949.918
17814,3.0108001,59952.93
17815,3.0089726,59955.938
17816,3.0089955,59958.945
17817,3.0137615,59961.96
17818,3.0211928,59964.98
17819,3.0259032,59968.008
17820,3.0239704,59971.03
17821,3.0190985,59974.05
17822,3.0152779,59977.066
17823,3.013431,59980.08
17824,3.0135896,59983.09
17825,3.0140722,59986.105
17826,3.0134273,59989.117
17827,3.0126855,59992.13
17828,3.0119174,59995.14
17829,3.0119362,59998.152
17830,3.0111785,60001.164
17831,3.0104108,60004.176
17832,3.0118523,60007.188
17833,3.0152888,60010.203
17834,3.0207083,60013.223
17835,3.0261154,60016.25
17836,3.029184,60019.277
17837,3.0316992,60022.31
17838,3.0351567,60025.344
17839,3.0384374,60028.383
17840,3.0406337,60031.42
17841,3.043234,60034.465
17842,3.0444064,60037.508
17843,3.0441964,60040.55
17844,3.041102,60043.594
17845,3.0398235,60046.633
17846,3.0425014,60049.676
17847,3.0465744,60052.723
17848,3.0491948,60055.773
17849,3.049005,60058.824
17850,3.0466616,60061.87
17851,3.044972,60064.918
17852,3.045749,60067.965
17853,3.0462296,60071.01
17854,3.047911,60074.06
17855,3.0503356,60077.11
17856,3.0527575,60080.164
17857,3.0540106,60083.22
17858,3.0541961,60086.273
17859,3.055153,60089.33
17860,3.0535498,60092.383
17861,3.0504186,60095.434
17862,3.0483377,60098.48
17863,3.0473568,60101.527
17864,3.0469627,60104.574
17865,3.0480044,60107.62
17866,3.0465672,60110.668
17867,3.0437462,60113.71
17868,3.043332,60116.754
17869,3.0446336,60119.797
17870,3.047385,60122.844
17871,3.050216,60125.895
17872,3.0505242,60128.945
17873,3.047871,60131.992
17874,3.0470855,60135.04
17875,3.0494268,60138.09
17876,3.0538385,60141.145
17877,3.0571718,60144.203
17878,3.0597363,60147.26
17879,3.0628514,60150.324
17880,3.0659752,60153.39
17881,3.068146,60156.457
17882,3.0705693,60159.527
17883,3.072508,60162.6
17884,3.071693,60165.67
17885,3.0718114,60168.742
17886,3.0746508,60171.816
17887,3.0787613,60174.895
17888,3.0827053,60177.977
17889,3.0848174,60181.062
17890,3.0834846,60184.145
17891,3.0815575,60187.227
17892,3.081902,60190.31
17893,3.0836732,60193.39
17894,3.086133,60196.477
17895,3.0874798,60199.562
17896,3.087842,60202.65
17897,3.0891964,60205.74
17898,3.0920687,60208.832
17899,3.0941188,60211.926
17900,3.0955455,60215.02
17901,3.0959504,60218.117
17902,3.0955467,60221.21
17903,3.0954907,60224.305
17904,3.0970492,60227.402
17905,3.0983925,60230.5
17906,3.1005936,60233.6
17907,3.1048336,60236.707
17908,3.1100411,60239.816
17909,3.1130083,60242.93
17910,3.1124096,60246.043
17911,3.1098,60249.152
17912,3.107555,60252.26
17913,3.1068106,60255.367
17914,3.1070561,60258.473
17915,3.1081102,60261.582
17916,3.1107967,60264.69
17917,3.1135669,60267.805
17918,3.1160839,60270.92
17919,3.118865,60274.04
17920,3.1200469,60277.16
17921,3.1190064,60280.277
17922,3.1179183,60283.395
17923,3.118536,60286.51
17924,3.1209025,60289.633
17925,3.1225019,60292.754
17926,3.123,60295.875
17927,3.123542,60299.0
17928,3.123111,60302.125
17929,3.1226141,60305.246
17930,3.1237717,60308.37
17931,3.1262884,60311.496
17932,3.129482,60314.625
17933,3.13254,60317.758
17934,3.134778,60320.895
17935,3.135375,60324.03
17936,3.1334035,60327.164
17937,3.129897,60330.293
17938,3.1255734,60333.418
17939,3.1227942,60336.54
17940,3.1230872,60339.664
17941,3.1246614,60342.79
17942,3.1264818,60345.914
17943,3.1283734,60349.043
17944,3.1288333,60352.17
17945,3.1276484,60355.3
17946,3.1232808,60358.426
17947,3.1200914,60361.547
17948,3.1188726,60364.664
17949,3.1179123,60367.78
17950,3.1164846,60370.9
17951,3.1163604,60374.016
17952,3.1180196,60377.133
17953,3.1200423,60380.254
17954,3.12252,60383.375
17955,3.124719,60386.5
17956,3.127217,60389.63
17957,3.1285129,60392.758
17958,3.1280682,60395.887
17959,3.1264582,60399.01
17960,3.1239405,60402.137
17961,3.1208,60405.258
17962,3.1197324,60408.38
17963,3.1194031,60411.5
17964,3.1201437,60414.62
17965,3.1213286,60417.742
17966,3.1244376,60420.867
17967,3.1283095,60423.996
17968,3.1322644,60427.13
17969,3.1348507,60430.266
17970,3.1364706,60433.402
17971,3.1382222,60436.54
17972,3.140442,60439.68
17973,3.1431754,60442.824
17974,3.144479,60445.97
17975,3.1451123,60449.113
17976,3.1452048,60452.258
17977,3.144421,60455.402
17978,3.143567,60458.547
17979,3.1430233,60461.69
17980,3.1419897,60464.832
17981,3.141256,60467.973
17982,3.141351,60471.113
17983,3.1408608,60474.254
17984,3.139085,60477.395
17985,3.1366456,60480.53
17986,3.1352992,60483.668
17987,3.1357155,60486.805
17988,3.1376152,60489.94
17989,3.1401434,60493.082
17990,3.140809,60496.223
17991,3.1400409,60499.363
17992,3.1389132,60502.504
17993,3.1388009,60505.645
17994,3.1403422,60508.785
17995,3.1414406,60511.926
17996,3.1414766,60515.066
17997,3.1406162,60518.207
17998,3.1392076,60521.348
17999,3.1371126,60524.484
18000,3.1351504,60527.62
18001,3.133559,60530.754
18002,3.1322668,60533.887
18003,3.130272,60537.016
18004,3.126611,60540.14
18005,3.1238918,60543.266
18006,3.1229138,60546.387
18007,3.1227999,60549.508
18008,3.1237252,60552.633
18009,3.1248806,60555.758
18010,3.128283,60558.887
18011,3.1311328,60562.02
18012,3.131542,60565.152
18013,3.1290698,60568.28
18014,3.1261055,60571.406
18015,3.1241138,60574.53
18016,3.1240196,60577.656
18017,3.1241777,60580.78
18018,3.1252415,60583.906
18019,3.1269917,60587.035
18020,3.1280751,60590.164
18021,3.1291318,60593.293
18022,3.1301,60596.42
18023,3.1314685,60599.555
18024,3.13245,60602.688
18025,3.1345427,60605.82
18026,3.1345503,60608.953
18027,3.1343186,60612.086
18028,3.1342983,60615.22
18029,3.1348357,60618.355
18030,3.1359954,60621.492
18031,3.1374028,60624.63
18032,3.1395235,60627.77
18033,3.1408985,60630.91
18034,3.1428163,60634.055
18035,3.1448932,60637.2
18036,3.1474953,60640.348
18037,3.1498222,60643.496
18038,3.149408,60646.645
18039,3.148674,60649.793
18040,3.1484573,60652.94
18041,3.1490564,60656.09
18042,3.1494625,60659.24
18043,3.1499379,60662.387
18044,3.1497335,60665.535
18045,3.1503394,60668.684
18046,3.1507409,60671.836
18047,3.1505916,60674.99
18048,3.1508632,60678.14
18049,3.150614,60681.293
18050,3.1507688,60684.445
18051,3.1506772,60687.598
18052,3.1500638,60690.746
18053,3.1500342,60693.895
18054,3.1508093,60697.047
18055,3.1511526,60700.2
18056,3.151675,60703.35
18057,3.1526427,60706.504
18058,3.1539824,60709.656
18059,3.1544626,60712.812
18060,3.1534462,60715.965
18061,3.1517437,60719.117
18062,3.1507967,60722.27
18063,3.1514466,60725.42
18064,3.154124,60728.574
18065,3.1574264,60731.73
18066,3.1600325,60734.89
18067,3.161249,60738.05
18068,3.162317,60741.215
18069,3.163517,60744.38
18070,3.1647677,60747.543
18071,3.1650536,60750.707
18072,3.1634538,60753.87
18073,3.160828,60757.03
18074,3.1578267,60760.188
18075,3.1554973,60763.344
18076,3.1552672,60766.5
18077,3.157435,60769.656
18078,3.1586654,60772.816
18079,3.15807,60775.973
18080,3.1567526,60779.13
18081,3.1559439,60782.285
18082,3.1559982,60785.44
18083,3.1554284,60788.598
18084,3.1554036,60791.754
18085,3.1554444,60794.91
18086,3.1541405,60798.062
18087,3.1524286,60801.215
18088,3.1517534,60804.367
18089,3.1529438,60807.52
18090,3.154302,60810.676
18091,3.1547186,60813.832
18092,3.154466,60816.99
18093,3.1533687,60820.14
18094,3.1515973,60823.293
18095,3.1499302,60826.44
18096,3.1494894,60829.59
18097,3.1491654,60832.74
18098,3.146985,60835.887
18099,3.1437042,60839.03
18100,3.140141,60842.17
18101,3.1368647,60845.31
18102,3.1333382,60848.44
18103,3.1299367,60851.57
18104,3.1279802,60854.7
18105,3.1267269,60857.824
18106,3.1276858,60860.953
18107,3.1281505,60864.082
18108,3.1274927,60867.21
18109,3.1272826,60870.34
18110,3.126455,60873.465
18111,3.1261303,60876.59
18112,3.1260698,60879.715
18113,3.1271508,60882.844
18114,3.1302395,60885.973
18115,3.1330123,60889.105
18116,3.134962,60892.242
18117,3.13694,60895.38
18118,3.1398172,60898.52
18119,3.1415048,60901.66
18120,3.1404126,60904.8
18121,3.13856,60907.938
18122,3.1377609,60911.074
18123,3.1374283,60914.21
18124,3.1377785,60917.348
18125,3.1387982,60920.49
18126,3.1401749,60923.63
18127,3.14042,60926.77
18128,3.1397035,60929.91
18129,3.1388106,60933.05
18130,3.1370027,60936.188
18131,3.1349816,60939.324
18132,3.1334822,60942.457
18133,3.1326702,60945.59
18134,3.1330845,60948.723
18135,3.133984,60951.855
18136,3.1357036,60954.992
18137,3.1379302,60958.13
18138,3.1407623,60961.27
18139,3.1442406,60964.414
18140,3.1467462,60967.562
18141,3.1479702,60970.71
18142,3.146668,60973.86
18143,3.1448457,60977.004
18144,3.1440594,60980.15
18145,3.1438506,60983.293
18146,3.143926,60986.438
18147,3.1440938,60989.582
18148,3.1435323,60992.727
18149,3.1426413,60995.87
18150,3.140805,60999.01
18151,3.139904,61002.152
18152,3.1404545,61005.293
18153,3.1425567,61008.434
18154,3.145343,61011.58
18155,3.1470735,61014.727
18156,3.1453736,61017.87
18157,3.14207,61021.01
18158,3.1379592,61024.15
18159,3.1343546,61027.28
18160,3.1309857,61030.414
18161,3.1290202,61033.543
18162,3.1288676,61036.67
18163,3.130153,61039.8
18164,3.1312566,61042.934
18165,3.1320517,61046.066
18166,3.1319046,61049.2
18167,3.1312206,61052.332
18168,3.1308796,61055.465
18169,3.1297667,61058.594
18170,3.1285653,61061.723
18171,3.1278987,61064.85
18172,3.1256628,61067.977
18173,3.124803,61071.1
18174,3.1250157,61074.227
18175,3.1249661,61077.35
18176,3.1228938,61080.473
18177,3.1209538,61083.594
18178,3.1199825,61086.715
18179,3.119695,61089.836
18180,3.1197205,61092.957
18181,3.1189127,61096.074
18182,3.1187057,61099.19
18183,3.1184216,61102.31
18184,3.1167114,61105.426
18185,3.1149929,61108.54
18186,3.1149046,61111.652
18187,3.1146383,61114.766
18188,3.114847,61117.88
18189,3.115397,61120.996
18190,3.1155035,61124.113
18191,3.115023,61127.227
18192,3.116753,61130.344
18193,3.1183712,61133.46
18194,3.121154,61136.582
18195,3.1237118,61139.707
18196,3.125739,61142.832
18197,3.1257632,61145.957
18198,3.1232724,61149.082
18199,3.1210153,61152.203
18200,3.1211832,61155.324
18201,3.1231427,61158.45
18202,3.1258056,61161.574
18203,3.1289992,61164.703
18204,3.1306865,61167.832
18205,3.1313763,61170.965
18206,3.1306086,61174.094
18207,3.129395,61177.223
18208,3.1266787,61180.348
18209,3.1242468,61183.473
18210,3.124351,61186.598
18211,3.1255138,61189.723
18212,3.1263454,61192.848
18213,3.1260595,61195.973
18214,3.1257937,61199.098
18215,3.125167,61202.223
18216,3.1249173,61205.348
18217,3.1247263,61208.473
18218,3.1237442,61211.598
18219,3.1216528,61214.72
18220,3.1184778,61217.836
18221,3.1173384,61220.953
18222,3.1174097,61224.07
18223,3.115808,61227.188
18224,3.1141555,61230.3
18225,3.1118243,61233.414
18226,3.1112854,61236.523
18227,3.1122038,61239.637
18228,3.1136324,61242.75
18229,3.1158266,61245.867
18230,3.11702,61248.984
18231,3.1174664,61252.1
18232,3.1183531,61255.22
18233,3.1208925,61258.34
18234,3.1224816,61261.46
18235,3.1240673,61264.586
18236,3.1242495,61267.71
18237,3.124121,61270.836
18238,3.123168,61273.96
18239,3.1221862,61277.082
18240,3.122331,61280.203
18241,3.1233037,61283.33
18242,3.1234102,61286.453
18243,3.1222198,61289.574
18244,3.1213434,61292.695
18245,3.118471,61295.812
18246,3.114241,61298.926
18247,3.111362,61302.04
18248,3.1111789,61305.15
18249,3.1126702,61308.26
18250,3.1150484,61311.375
18251,3.1180747,61314.492
18252,3.1192696,61317.613
18253,3.1202562,61320.734
18254,3.1203766,61323.855
18255,3.1182654,61326.973
18256,3.1160583,61330.09
18257,3.1145642,61333.203
18258,3.113829,61336.316
18259,3.1146054,61339.43
18260,3.1165574,61342.547
18261,3.120205,61345.668
18262,3.125639,61348.793
18263,3.1283226,61351.92
18264,3.1266382,61355.047
18265,3.1239417,61358.17
18266,3.1224167,61361.293
18267,3.1215112,61364.414
18268,3.120413,61367.535
18269,3.118959,61370.652
18270,3.1175988,61373.77
18271,3.1160588,61376.887
18272,3.1165338,61380.004
18273,3.1177514,61383.12
18274,3.1204052,61386.242
18275,3.1235223,61389.367
18276,3.1255236,61392.492
18277,3.1266887,61395.617
18278,3.1256979,61398.742
18279,3.1236258,61401.867
18280,3.1221497,61404.99
18281,3.1210525,61408.11
18282,3.121513,61411.23
18283,3.120974,61414.35
18284,3.1205683,61417.473
18285,3.119554,61420.594
18286,3.1183515,61423.71
18287,3.1163187,61426.83
18288,3.1124227,61429.94
18289,3.1080873,61433.05
18290,3.104847,61436.156
18291,3.102689,61439.258
18292,3.1041079,61442.363
18293,3.105534,61445.47
18294,3.1047924,61448.574
18295,3.1034167,61451.676
18296,3.1056976,61454.78
18297,3.1095917,61457.89
18298,3.1118045,61461.004
18299,3.1133618,61464.117
18300,3.1139674,61467.23
18301,3.115949,61470.348
18302,3.119348,61473.47
18303,3.1222992,61476.59
18304,3.1249928,61479.715
18305,3.125941,61482.84
18306,3.1249712,61485.965
18307,3.1230962,61489.09
18308,3.1217282,61492.21
18309,3.1219945,61495.332
18310,3.1231732,61498.457
18311,3.1247478,61501.582
18312,3.125034,61504.707
18313,3.1243029,61507.832
18314,3.1236637,61510.957
18315,3.1237133,61514.082
18316,3.1251957,61517.207
18317,3.1265545,61520.332
18318,3.1281023,61523.46
18319,3.1290395,61526.59
18320,3.1296968,61529.72
18321,3.1300714,61532.848
18322,3.1309073,61535.98
18323,3.1313257,61539.113
18324,3.1310086,61542.246
18325,3.130029,61545.375
18326,3.1304452,61548.504
18327,3.131982,61551.637
18328,3.1339595,61554.77
18329,3.135931,61557.906
18330,3.1383078,61561.043
18331,3.1410384,61564.184
18332,3.141651,61567.324
18333,3.1409042,61570.465
18334,3.1388717,61573.605
18335,3.13558,61576.742
18336,3.1315355,61579.875
18337,3.1283133,61583.004
18338,3.1289933,61586.133
18339,3.1318097,61589.266
18340,3.1351953,61592.402
18341,3.1377478,61595.54
18342,3.1381526,61598.676
18343,3.1384804,61601.812
18344,3.1396854,61604.953
18345,3.140481,61608.094
18346,3.140647,61611.234
18347,3.1404605,61614.375
18348,3.1397173,61617.516
18349,3.1392224,61620.656
18350,3.1387317,61623.797
18351,3.1399338,61626.938
18352,3.1416795,61630.08
18353,3.1435516,61633.223
18354,3.1446679,61636.367
18355,3.144863,61639.51
18356,3.1450078,61642.656
18357,3.1453357,61645.8
18358,3.1454382,61648.945
18359,3.145142,61652.09
18360,3.1446648,61655.234
18361,3.1438065,61658.38
18362,3.1415572,61661.52
18363,3.13903,61664.66
18364,3.137434,61667.797
18365,3.1364338,61670.934
18366,3.1371102,61674.07
18367,3.1385548,61677.207
18368,3.1398547,61680.348
18369,3.1407328,61683.49
18370,3.1409652,61686.63
18371,3.140707,61689.77
18372,3.1400454,61692.91
18373,3.1383715,61696.047
18374,3.1355178,61699.184
18375,3.1326616,61702.316
18376,3.1317537,61705.45
18377,3.1318533,61708.582
18378,3.1341467,61711.715
18379,3.1376936,61714.85
18380,3.1402996,61717.992
18381,3.1405787,61721.133
18382,3.1384954,61724.27
18383,3.1350148,61727.406
18384,3.133584,61730.54
18385,3.1341825,61733.67
18386,3.137035,61736.81
18387,3.1409066,61739.95
18388,3.1430037,61743.094
18389,3.1436272,61746.24
18390,3.1435537,61749.383
18391,3.144117,61752.527
18392,3.1451793,61755.67
18393,3.1453812,61758.816
18394,3.1454036,61761.96
18395,3.143915,61765.105
18396,3.1425755,61768.246
18397,3.1418166,61771.387
18398,3.1424396,61774.527
18399,3.1427834,61777.67
18400,3.1427999,61780.816
18401,3.1435716,61783.96
18402,3.1452081,61787.105
18403,3.146925,61790.254
18404,3.147575,61793.402
18405,3.1469722,61796.55
18406,3.1467774,61799.7
18407,3.1462834,61802.844
18408,3.1441278,61805.99
18409,3.140937,61809.13
18410,3.1370707,61812.266
18411,3.133899,61815.4
18412,3.132039,61818.53
18413,3.1312587,61821.664
18414,3.1311593,61824.797
18415,3.1320915,61827.93
18416,3.1351836,61831.066
18417,3.1384494,61834.203
18418,3.1407156,61837.344
18419,3.142307,61840.484
18420,3.143347,61843.63
18421,3.1430907,61846.773
18422,3.1406436,61849.914
18423,3.1380463,61853.05
18424,3.1362543,61856.188
18425,3.1349454,61859.324
18426,3.1361651,61862.46
18427,3.138978,61865.6
18428,3.1385367,61868.74
18429,3.1377063,61871.875
18430,3.1354256,61875.01
18431,3.1333325,61878.145
18432,3.13203,61881.277
18433,3.131058,61884.41
18434,3.1312609,61887.543
18435,3.1315124,61890.676
18436,3.131393,61893.81
18437,3.1310143,61896.94
18438,3.130238,61900.07
18439,3.1297631,61903.2
18440,3.1286833,61906.33
18441,3.1274126,61909.457
18442,3.126271,61912.582
18443,3.1253679,61915.707
18444,3.124874,61918.832
18445,3.1233983,61921.957
18446,3.1220891,61925.08
18447,3.1210809,61928.2
18448,3.1212556,61931.32
18449,3.1230776,61934.445
18450,3.1239731,61937.57
18451,3.1235929,61940.695
18452,3.123247,61943.82
18453,3.1242192,61946.945
18454,3.1254396,61950.07
18455,3.1270158,61953.2
18456,3.1281705,61956.33
18457,3.1279004,61959.457
18458,3.1257632,61962.582
18459,3.124219,61965.707
18460,3.1226566,61968.83
18461,3.120909,61971.95
18462,3.119907,61975.07
18463,3.1195648,61978.19
18464,3.12046,61981.312
18465,3.1208746,61984.434
18466,3.1205957,61987.555
18467,3.1200426,61990.676
18468,3.1202583,61993.797
18469,3.1201482,61996.918
18470,3.1204681,62000.04
18471,3.120766,62003.16
18472,3.1208584,62006.28
18473,3.1203673,62009.402
18474,3.122884,62012.523
18475,3.1271906,62015.652
18476,3.1312342,62018.785
18477,3.1329453,62021.918
18478,3.1309261,62025.05
18479,3.127704,62028.18
18480,3.1222026,62031.3
18481,3.117189,62034.418
18482,3.1128786,62037.53
18483,3.109544,62040.64
18484,3.109695,62043.75
18485,3.112076,62046.863
18486,3.115575,62049.98
18487,3.117389,62053.098
18488,3.1170359,62056.215
18489,3.1153057,62059.332
18490,3.113187,62062.445
18491,3.110673,62065.555
18492,3.1091297,62068.664
18493,3.107928,62071.773
18494,3.1101444,62074.883
18495,3.1132212,62077.996
18496,3.1159933,62081.113
18497,3.1194904,62084.234
18498,3.12371,62087.36
18499,3.126489,62090.484
18500,3.127672,62093.613
18501,3.1288676,62096.742
18502,3.1302626,62099.87
18503,3.1320915,62103.004
18504,3.1334293,62106.137
18505,3.1339831,62109.27
18506,3.1321144,62112.402
18507,3.1288075,62115.53
18508,3.124915,62118.656
18509,3.121857,62121.777
18510,3.1210537,62124.9
18511,3.1226604,62128.02
18512,3.125684,62131.145
18513,3.1273935,62134.273
18514,3.1267998,62137.4
18515,3.1244953,62140.523
18516,3.1222916,62143.645
18517,3.1201198,62146.766
18518,3.1202185,62149.887
18519,3.1225052,62153.008
18520,3.1254268,62156.133
18521,3.1275604,62159.26
18522,3.1293933,62162.39
18523,3.131159,62165.523
18524,3.1312869,62168.656
18525,3.1297922,62171.785
18526,3.1262453,62174.91
18527,3.1224802,62178.03
18528,3.1182775,62181.15
18529,3.113745,62184.26
18530,3.1126845,62187.375
18531,3.1151779,62190.49
18532,3.119551,62193.61
18533,3.1229196,62196.73
18534,3.123431,62199.855
18535,3.1230288,62202.977
18536,3.1222954,62206.098
18537,3.1199982,62209.22
18538,3.117835,62212.336
18539,3.1174502,62215.453
18540,3.118581,62218.57
18541,3.1199079,62221.69
18542,3.1201243,62224.812
18543,3.1201673,62227.934
18544,3.1187668,62231.05
18545,3.1169443,62234.168
18546,3.116686,62237.285
18547,3.1183138,62240.402
18548,3.1196892,62243.523
18549,3.12106,62246.645
18550,3.1215954,62249.766
18551,3.1212344,62252.887
18552,3.1198015,62256.008
18553,3.119771,62259.13
18554,3.1211324,62262.25
18555,3.1236606,62265.375
18556,3.1257958,62268.5
18557,3.1264212,62271.625
18558,3.1263576,62274.75
18559,3.1269927,62277.88
18560,3.1269028,62281.004
18561,3.1260037,62284.13
18562,3.1251683,62287.254
18563,3.125596,62290.38
18564,3.1268759,62293.504
18565,3.1279213,62296.633
18566,3.1283848,62299.76
18567,3.128402,62302.89
18568,3.1267583,62306.016
18569,3.1258752,62309.14
18570,3.1256375,62312.266
18571,3.1251912,62315.39
18572,3.1235306,62318.516
18573,3.1221197,62321.637
18574,3.1217098,62324.758
18575,3.1222937,62327.88
18576,3.1209416,62331.0
18577,3.1182678,62334.117
18578,3.1156049,62337.234
18579,3.1161804,62340.35
18580,3.118729,62343.47
18581,3.1190028,62346.586
18582,3.117467,62349.703
18583,3.1163554,62352.82
18584,3.1166632,62355.938
18585,3.116253,62359.055
18586,3.1152248,62362.168
18587,3.1144829,62365.28
18588,3.1154327,62368.4
18589,3.1166987,62371.516
18590,3.1177068,62374.633
18591,3.1177654,62377.75
18592,3.1172822,62380.867
18593,3.1169417,62383.984
18594,3.1187103,62387.1
18595,3.1200194,62390.223
18596,3.119993,62393.344
18597,3.1190746,62396.46
18598,3.1183808,62399.58
18599,3.1180289,62402.695
18600,3.1179535,62405.812
18601,3.1182666,62408.93
18602,3.119175,62412.05
18603,3.1217315,62415.17
18604,3.125361,62418.297
18605,3.127567,62421.426
18606,3.127898,62424.555
18607,3.1273508,62427.684
18608,3.1266031,62430.81
18609,3.1252604,62433.934
18610,3.123872,62437.06
18611,3.1233182,62440.184
18612,3.1213617,62443.305
18613,3.120012,62446.426
18614,3.1174054,62449.543
18615,3.1148531,62452.656
18616,3.1135347,62455.77
18617,3.1122217,62458.883
18618,3.111831,62461.996
18619,3.110136,62465.105
18620,3.1093237,62468.215
18621,3.109641,62471.324
18622,3.1094148,62474.434
18623,3.1084175,62477.543
18624,3.1066551,62480.65
18625,3.1049123,62483.754
18626,3.1024861,62486.855
18627,3.1003506,62489.957
18628,3.101067,62493.06
18629,3.104412,62496.164
18630,3.1107726,62499.273
18631,3.1182082,62502.39
18632,3.122295,62505.51
18633,3.1242206,62508.637
18634,3.1218078,62511.758
18635,3.1188104,62514.875
18636,3.1178005,62517.992
18637,3.1178234,62521.11
18638,3.119303,62524.23
18639,3.120048,62527.35
18640,3.1202,62530.473
18641,3.1226761,62533.594
18642,3.1262598,62536.72
18643,3.1300445,62539.848
18644,3.130397,62542.977
18645,3.1291382,62546.105
18646,3.1289423,62549.234
18647,3.1285367,62552.363
18648,3.1282206,62555.492
18649,3.126365,62558.617
18650,3.124031,62561.742
18651,3.1231933,62564.867
18652,3.1241405,62567.992
18653,3.125591,62571.117
18654,3.1263084,62574.242
18655,3.1261296,62577.367
18656,3.127338,62580.496
18657,3.1290724,62583.625
18658,3.1302736,62586.754
18659,3.130948,62589.887
18660,3.1314747,62593.02
18661,3.1313052,62596.152
18662,3.1310122,62599.285
18663,3.1308153,62602.414
18664,3.1304648,62605.543
18665,3.1301177,62608.67
18666,3.1310303,62611.805
18667,3.133378,62614.938
18668,3.1354756,62618.074
18669,3.137235,62621.21
18670,3.1360292,62624.348
18671,3.1329348,62627.48
18672,3.1276565,62630.61
18673,3.121402,62633.73
18674,3.1199508,62636.85
18675,3.1215713,62639.973
18676,3.1249657,62643.098
18677,3.1282833,62646.227
18678,3.1309874,62649.36
18679,3.1334808,62652.492
18680,3.133728,62655.625
18681,3.1333525,62658.758
18682,3.1346374,62661.89
18683,3.135426,62665.027
18684,3.1355157,62668.164
18685,3.1336582,62671.297
18686,3.1318178,62674.43
18687,3.132054,62677.562
18688,3.1321414,62680.695
18689,3.1331089,62683.83
18690,3.1345758,62686.96
18691,3.136959,62690.098
18692,3.138732,62693.24
18693,3.1399355,62696.38
18694,3.1416173,62699.52
18695,3.1441207,62702.664
18696,3.1455545,62705.81
18697,3.146743,62708.957
18698,3.1477525,62712.105
18699,3.147983,62715.254
18700,3.1465194,62718.402
18701,3.1451252,62721.547
18702,3.1463215,62724.69
18703,3.1478975,62727.84
18704,3.148195,62730.99
18705,3.1474907,62734.137
18706,3.1462533,62737.28
18707,3.1444683,62740.426
18708,3.1415637,62743.566
18709,3.1402779,62746.707
18710,3.1394649,62749.848
18711,3.1402338,62752.99
18712,3.1397138,62756.13
18713,3.1377602,62759.266
18714,3.135293,62762.402
18715,3.1325104,62765.535
18716,3.1299946,62768.664
18717,3.1291747,62771.793
18718,3.1293359,62774.92
18719,3.1295333,62778.05
18720,3.1293013,62781.18
18721,3.1288486,62784.31
18722,3.1281054,62787.438
18723,3.128099,62790.566
18724,3.129297,62793.695
18725,3.1320565,62796.83
18726,3.1354785,62799.965
18727,3.1375146,62803.1
18728,3.137781,62806.24
18729,3.1374176,62809.375
18730,3.1385715,62812.51
18731,3.1405554,62815.652
18732,3.1398196,62818.793
18733,3.1360822,62821.93
18734,3.1323647,62825.062
18735,3.1299136,62828.19
18736,3.1303756,62831.32
18737,3.1311955,62834.453
18738,3.1333435,62837.586
18739,3.1362634,62840.723
18740,3.1384363,62843.86
18741,3.138048,62846.996
18742,3.135786,62850.133
18743,3.133255,62853.266
18744,3.1316552,62856.4
18745,3.1304364,62859.527
18746,3.1290567,62862.656
18747,3.1261752,62865.78
18748,3.1235063,62868.906
18749,3.1229446,62872.027
18750,3.1246047,62875.152
18751,3.1265194,62878.277
18752,3.1276016,62881.406
18753,3.1273131,62884.535
18754,3.1261687,62887.66
18755,3.1252663,62890.785
18756,3.1246614,62893.91
18757,3.1240737,62897.035
18758,3.1244545,62900.16
18759,3.1254992,62903.285
18760,3.1261108,62906.41
18761,3.125769,62909.535
18762,3.1254303,62912.66
18763,3.1242435,62915.785
18764,3.1234725,62918.91
18765,3.1236365,62922.035
18766,3.1255465,62925.16
18767,3.1274068,62928.29
18768,3.1295416,62931.418
18769,3.131653,62934.55
18770,3.1323614,62937.684
18771,3.1323204,62940.816
18772,3.1318789,62943.95
18773,3.1320865,62947.082
18774,3.1328332,62950.215
18775,3.1330569,62953.348
18776,3.1324723,62956.48
18777,3.131967,62959.613
18778,3.1317816,62962.746
18779,3.1326582,62965.88
18780,3.1339564,62969.01
18781,3.135548,62972.15
18782,3.1372552,62975.285
18783,3.1387362,62978.426
18784,3.1397448,62981.566
18785,3.1406446,62984.707
18786,3.1428566,62987.85
18787,3.146069,62990.996
18788,3.1488512,62994.145
18789,3.1495929,62997.293
18790,3.14769,63000.44
18791,3.1451845,63003.586
18792,3.144499,63006.73
18793,3.1435974,63009.875
18794,3.1428182,63013.02
18795,3.142036,63016.16
18796,3.1420279,63019.3
18797,3.1422036,63022.44
18798,3.1426482,63025.586
18799,3.1446438,63028.73
18800,3.145545,63031.875
18801,3.1463556,63035.02
18802,3.1475194,63038.168
18803,3.147869,63041.316
18804,3.1485946,63044.465
18805,3.1498218,63047.613
18806,3.150703,63050.766
18807,3.1518605,63053.918
18808,3.1524556,63057.07
18809,3.1518745,63060.223
18810,3.1491594,63063.37
18811,3.1461136,63066.516
18812,3.1434777,63069.66
18813,3.1406155,63072.8
18814,3.1371157,63075.938
18815,3.1354299,63079.074
18816,3.1364048,63082.21
18817,3.1374457,63085.348
18818,3.1384282,63088.484
18819,3.1391852,63091.625
18820,3.1383474,63094.76
18821,3.1375384,63097.9
18822,3.1362612,63101.035
18823,3.13436,63104.168
18824,3.132197,63107.3
18825,3.1295934,63110.43
18826,3.1261675,63113.555
18827,3.1235993,63116.68
18828,3.121385,63119.8
18829,3.1197274,63122.92
18830,3.1188753,63126.04
18831,3.1171901,63129.156
18832,3.117158,63132.273
18833,3.1167834,63135.39
18834,3.1175582,63138.508
18835,3.1194959,63141.63
18836,3.1204944,63144.75
18837,3.1205254,63147.87
18838,3.118147,63150.99
18839,3.1168346,63154.105
18840,3.1183674,63157.223
18841,3.1221614,63160.344
18842,3.1256654,63163.47
18843,3.1277542,63166.598
18844,3.1291013,63169.727
18845,3.1289554,63172.855
18846,3.1273859,63175.984
18847,3.1254876,63179.11
18848,3.12529,63182.234
18849,3.1258562,63185.36
18850,3.1276915,63188.49
18851,3.129823,63191.617
18852,3.1292007,63194.746
18853,3.1273432,63197.875
18854,3.1268368,63201.0
18855,3.1269972,63204.13
18856,3.1261864,63207.254
18857,3.1247132,63210.38
18858,3.1242497,63213.504
18859,3.1236043,63216.63
18860,3.1227102,63219.75
18861,3.121048,63222.87
18862,3.1205196,63225.992
18863,3.1215246,63229.113
18864,3.1221294,63232.234
18865,3.121918,63235.355
18866,3.1213589,63238.477
18867,3.1220582,63241.598
18868,3.1239934,63244.723
18869,3.124158,63247.848
18870,3.1209447,63250.97
18871,3.1166615,63254.086
18872,3.1149564,63257.2
18873,3.1139321,63260.312
18874,3.1134465,63263.426
18875,3.112436,63266.54
18876,3.1127706,63269.652
18877,3.113615,63272.766
18878,3.1140752,63275.88
18879,3.1139522,63278.992
18880,3.1139286,63282.105
18881,3.113998,63285.22
18882,3.112933,63288.332
18883,3.1120203,63291.445
18884,3.1120179,63294.56
18885,3.1125774,63297.67
18886,3.1134088,63300.785
18887,3.113685,63303.9
18888,3.114658,63307.01
18889,3.1165767,63310.13
18890,3.1177945,63313.246
18891,3.1175303,63316.363
18892,3.1169415,63319.48
18893,3.116852,63322.598
18894,3.1161854,63325.715
18895,3.115617,63328.832
18896,3.1172917,63331.95
18897,3.1189175,63335.066
18898,3.121406,63338.188
18899,3.1237738,63341.312
18900,3.1263375,63344.438
18901,3.128521,63347.566
18902,3.1314526,63350.7
18903,3.134789,63353.836
18904,3.1375496,63356.973
18905,3.139364,63360.113
18906,3.1394374,63363.254
18907,3.1386316,63366.39
18908,3.1370692,63369.527
18909,3.1358624,63372.664
18910,3.1362667,63375.8
18911,3.1366212,63378.938
18912,3.1356719,63382.074
18913,3.1337109,63385.207
18914,3.1330755,63388.34
18915,3.1328287,63391.473
18916,3.1325002,63394.605
18917,3.1318657,63397.74
18918,3.1314285,63400.87
18919,3.130016,63404.0
18920,3.1272366,63407.13
18921,3.1241817,63410.254
18922,3.1211975,63413.375
18923,3.1205535,63416.496
18924,3.1229231,63419.617
18925,3.1261446,63422.742
18926,3.127721,63425.87
18927,3.1282387,63429.0
18928,3.1260996,63432.125
18929,3.1236148,63435.25
18930,3.1217577,63438.37
18931,3.1185405,63441.49
18932,3.1162882,63444.605
18933,3.1144466,63447.72
18934,3.1124337,63450.832
18935,3.1116154,63453.945
18936,3.1116443,63457.06
18937,3.1119225,63460.17
18938,3.113745,63463.285
18939,3.1155145,63466.402
18940,3.113533,63469.516
18941,3.1100812,63472.625
18942,3.108115,63475.734
18943,3.1104283,63478.844
18944,3.1141155,63481.957
18945,3.1181505,63485.074
18946,3.11948,63488.195
18947,3.120052,63491.316
18948,3.1193461,63494.438
18949,3.1176143,63497.555
18950,3.1164272,63500.67
18951,3.1156278,63503.79
18952,3.1144917,63506.902
18953,3.114032,63510.016
18954,3.1151958,63513.13
18955,3.1158953,63516.246
18956,3.1152887,63519.363
18957,3.114188,63522.477
18958,3.1123178,63525.59
18959,3.1112235,63528.7
18960,3.111173,63531.81
18961,3.1117985,63534.92
18962,3.1115434,63538.035
18963,3.1102173,63541.145
18964,3.1099498,63544.254
18965,3.1113675,63547.367
18966,3.113127,63550.48
18967,3.112733,63553.594
18968,3.1116087,63556.707
18969,3.1100533,63559.816
18970,3.1095963,63562.926
18971,3.1097436,63566.035
18972,3.1105096,63569.145
18973,3.1128662,63572.258
18974,3.1144953,63575.37
18975,3.1142294,63578.484
18976,3.113166,63581.598
18977,3.1114333,63584.71
18978,3.1089869,63587.82
18979,3.1073227,63590.926
18980,3.1073515,63594.03
18981,3.1089962,63597.14
18982,3.109363,63600.25
18983,3.1095715,63603.36
18984,3.1089244,63606.47
18985,3.1089182,63609.58
18986,3.109996,63612.688
18987,3.11188,63615.8
18988,3.112718,63618.914
18989,3.1119778,63622.027
18990,3.111503,63625.14
18991,3.1101756,63628.25
18992,3.1105537,63631.36
18993,3.1114461,63634.473
18994,3.1105947,63637.582
18995,3.107799,63640.69
18996,3.1055696,63643.797
18997,3.1039383,63646.902
18998,3.102863,63650.004
18999,3.1029553,63653.105
19000,3.1041327,63656.21
19001,3.1056154,63659.316
19002,3.1081536,63662.426
19003,3.1103914,63665.535
19004,3.113072,63668.65
19005,3.1148987,63671.76
19006,3.1153903,63674.88
19007,3.1147573,63677.992
19008,3.113761,63681.105
19009,3.1128936,63684.22
19010,3.1139433,63687.332
19011,3.1145985,63690.445
19012,3.1148987,63693.56
19013,3.1148503,63696.67
19014,3.116606,63699.79
19015,3.1191907,63702.91
19016,3.1201754,63706.03
19017,3.1204479,63709.152
19018,3.1207125,63712.273
19019,3.1217074,63715.395
19020,3.1226795,63718.516
19021,3.124453,63721.64
19022,3.1251688,63724.766
19023,3.124717,63727.89
19024,3.1243343,63731.016
19025,3.1247308,63734.14
19026,3.124865,63737.266
19027,3.1245232,63740.39
19028,3.1245112,63743.516
19029,3.123813,63746.64
19030,3.1216328,63749.76
19031,3.1188767,63752.88
19032,3.1180665,63755.996
19033,3.118817,63759.113
19034,3.1205406,63762.234
19035,3.123054,63765.36
19036,3.1261208,63768.484
19037,3.1298244,63771.613
19038,3.1338959,63774.746
19039,3.1372442,63777.883
19040,3.1381109,63781.02
19041,3.1374154,63784.156
19042,3.1355984,63787.293
19043,3.1338122,63790.426
19044,3.1330714,63793.56
19045,3.1324606,63796.69
19046,3.1333065,63799.824
19047,3.1355052,63802.96
19048,3.1390123,63806.1
19049,3.142485,63809.242
19050,3.146336,63812.387
19051,3.1493227,63815.535
19052,3.148464,63818.684
19053,3.145641,63821.83
19054,3.141636,63824.97
19055,3.1374893,63828.105
19056,3.1333008,63831.24
19057,3.1297379,63834.367
19058,3.128564,63837.496
19059,3.1281106,63840.625
19060,3.1281543,63843.754
19061,3.1293433,63846.883
19062,3.1282616,63850.01
19063,3.12546,63853.137
19064,3.1231573,63856.26
19065,3.1210587,63859.383
19066,3.120169,63862.504
19067,3.120037,63865.625
19068,3.1222873,63868.746
19069,3.1253269,63871.87
19070,3.1264458,63874.996
19071,3.125727,63878.12
19072,3.1238523,63881.246
19073,3.1230109,63884.367
19074,3.1247988,63887.492
19075,3.127144,63890.62
19076,3.127292,63893.75
19077,3.1255276,63896.875
19078,3.12338,63900.0
19079,3.120787,63903.12
19080,3.118131,63906.24
19081,3.1169982,63909.355
19082,3.1171672,63912.473
19083,3.1185439,63915.59
19084,3.1209054,63918.71
19085,3.1236217,63921.836
19086,3.1258798,63924.96
19087,3.1280675,63928.09
19088,3.1288574,63931.22
19089,3.1289577,63934.348
19090,3.1294725,63937.477
19091,3.12913,63940.605
19092,3.1290002,63943.734
19093,3.1298394,63946.863
19094,3.1331491,63949.996
19095,3.1365075,63953.133
19096,3.139211,63956.273
19097,3.140911,63959.414
19098,3.1422532,63962.555
19099,3.1438005,63965.7
19100,3.143625,63968.844
19101,3.1425488,63971.984
19102,3.1413436,63975.125
19103,3.1400735,63978.266
19104,3.1402972,63981.406
19105,3.1407223,63984.547
19106,3.1416326,63987.688
19107,3.1424875,63990.83
19108,3.144304,63993.973
19109,3.1456075,63997.117
19110,3.1447499,64000.26
19111,3.1426833,64003.406
19112,3.141079,64006.547
19113,3.1412945,64009.688
19114,3.142357,64012.83
19115,3.142586,64015.973
19116,3.1429808,64019.117
19117,3.143612,64022.26
19118,3.143409,64025.406
19119,3.1423593,64028.547
19120,3.1408343,64031.688
19121,3.139473,64034.83
19122,3.1387994,64037.97
19123,3.1390522,64041.11
19124,3.1402779,64044.25
19125,3.1429262,64047.395
19126,3.1447628,64050.54
19127,3.1454854,64053.684
19128,3.1450632,64056.83
19129,3.1451068,64059.973
19130,3.146032,64063.117
19131,3.1473598,64066.266
19132,3.1484978,64069.414
19133,3.1491234,64072.562
19134,3.148955,64075.71
19135,3.1487343,64078.86
19136,3.147521,64082.008
19137,3.146429,64085.152
19138,3.1464493,64088.297
19139,3.1479628,64091.445
19140,3.1496506,64094.594
19141,3.1508138,64097.746
19142,3.1494408,64100.895
19143,3.147239,64104.043
19144,3.147389,64107.19
19145,3.146465,64110.336
19146,3.1443963,64113.48
19147,3.140596,64116.62
19148,3.136357,64119.758
19149,3.1337218,64122.89
19150,3.133905,64126.023
19151,3.134952,64129.16
19152,3.1356773,64132.297
19153,3.1357205,64135.434
19154,3.1360009,64138.57
19155,3.1356785,64141.707
19156,3.1338985,64144.84
19157,3.1326396,64147.973
19158,3.1319003,64151.105
19159,3.132014,64154.24
19160,3.1337426,64157.37
19161,3.135841,64160.508
19162,3.138282,64163.645
19163,3.1407585,64166.785
19164,3.1427855,64169.93
19165,3.1441422,64173.074
19166,3.145467,64176.22
19167,3.146585,64179.367
19168,3.1477575,64182.516
19169,3.148757,64185.664
19170,3.1484356,64188.812
19171,3.1472745,64191.96
19172,3.1452608,64195.105
19173,3.1439974,64198.25
19174,3.1433477,64201.395
19175,3.1434286,64204.54
19176,3.141667,64207.68
19177,3.1388686,64210.82
19178,3.1369815,64213.957
19179,3.1366632,64217.094
19180,3.1369858,64220.23
19181,3.1366692,64223.367
19182,3.1364706,64226.504
19183,3.1352966,64229.64
19184,3.1336894,64232.773
19185,3.1317737,64235.906
19186,3.1300316,64239.035
19187,3.1281164,64242.164
19188,3.1277263,64245.293
19189,3.1275492,64248.42
19190,3.1283169,64251.55
19191,3.1294808,64254.68
19192,3.131534,64257.812
19193,3.1335344,64260.945
19194,3.1337698,64264.08
19195,3.132805,64267.21
19196,3.1318114,64270.344
19197,3.130522,64273.473
19198,3.1305306,64276.6
19199,3.1305501,64279.73
19200,3.131458,64282.863
19201,3.132331,64285.996
19202,3.1329777,64289.13
19203,3.1349182,64292.266
19204,3.1366634,64295.402
19205,3.138181,64298.54
19206,3.1375687,64301.676
19207,3.1359553,64304.812
19208,3.1338823,64307.945
19209,3.1326935,64311.08
19210,3.1318762,64314.21
19211,3.1318653,64317.344
19212,3.132545,64320.477
19213,3.1333597,64323.61
19214,3.1347156,64326.742
19215,3.1363473,64329.88
19216,3.1371255,64333.016
19217,3.137191,64336.152
19218,3.137218,64339.29
19219,3.1364117,64342.426
19220,3.1356337,64345.562
19221,3.134763,64348.695
19222,3.1332936,64351.83
19223,3.1316867,64354.96
19224,3.1302664,64358.09
19225,3.1290889,64361.22
19226,3.129156,64364.348
19227,3.1297276,64367.477
19228,3.1308925,64370.61
19229,3.1315966,64373.742
19230,3.1328194,64376.875
19231,3.135184,64380.01
19232,3.138658,64383.15
19233,3.1416922,64386.29
19234,3.1423018,64389.43
19235,3.1417906,64392.57
19236,3.141614,64395.71
19237,3.1425958,64398.855
19238,3.1442263,64402.0
19239,3.1446166,64405.145
19240,3.1433568,64408.29
19241,3.1427126,64411.434
19242,3.1426678,64414.58
19243,3.1430328,64417.723
19244,3.143534,64420.867
19245,3.1431634,64424.01
19246,3.1415308,64427.152
19247,3.140671,64430.293
19248,3.1403897,64433.434
19249,3.1399274,64436.574
19250,3.1383014,64439.71
19251,3.1366735,64442.848
19252,3.1378946,64445.984
19253,3.1412442,64449.125
19254,3.1428866,64452.27
19255,3.1421616,64455.41
19256,3.1385946,64458.547
19257,3.1347873,64461.684
19258,3.1335118,64464.816
19259,3.1330273,64467.95
19260,3.1323335,64471.082
19261,3.1307895,64474.21
19262,3.129387,64477.34
19263,3.1294668,64480.47
19264,3.1297905,64483.598
19265,3.1302505,64486.727
19266,3.1326337,64489.86
19267,3.1374664,64492.996
19268,3.1415913,64496.137
19269,3.1426766,64499.28
19270,3.1409512,64502.42
19271,3.1394887,64505.562
19272,3.1388223,64508.703
19273,3.1385064,64511.84
19274,3.1381726,64514.977
19275,3.1386526,64518.113
19276,3.1394463,64521.254
19277,3.139831,64524.395
19278,3.137335,64527.53
19279,3.1336207,64530.664
19280,3.1312027,64533.797
19281,3.1306713,64536.926
19282,3.1305726,64540.055
19283,3.129822,64543.184
19284,3.1295412,64546.312
19285,3.1292214,64549.44
19286,3.1283753,64552.57
19287,3.1271102,64555.7
19288,3.1248987,64558.824
19289,3.122683,64561.945
19290,3.1214948,64565.066
19291,3.1226573,64568.188
19292,3.1266043,64571.312
19293,3.1299357,64574.44
19294,3.1304038,64577.57
19295,3.1268172,64580.695
19296,3.1211145,64583.816
19297,3.1161778,64586.934
19298,3.11393,64590.047
19299,3.1133058,64593.16
19300,3.112402,64596.273
19301,3.1105952,64599.383
19302,3.1094494,64602.492
19303,3.1087527,64605.6
19304,3.1083074,64608.71
19305,3.1084356,64611.82
19306,3.1103892,64614.93
19307,3.1120448,64618.043
19308,3.1108942,64621.152
19309,3.1088955,64624.26
19310,3.108151,64627.37
19311,3.1078887,64630.48
19312,3.1093433,64633.59
19313,3.1108136,64636.7
19314,3.1126723,64639.812
19315,3.1142147,64642.926
19316,3.1154928,64646.043
19317,3.115738,64649.16
19318,3.1144826,64652.273
19319,3.1129618,64655.387
19320,3.109539,64658.496
19321,3.1060932,64661.6
19322,3.1047647,64664.707
19323,3.1051922,64667.812
19324,3.109752,64670.92
19325,3.1132698,64674.035
19326,3.1142833,64677.15
19327,3.1140888,64680.26
19328,3.1149898,64683.375
19329,3.1139553,64686.49
19330,3.1112764,64689.598
19331,3.1090012,64692.707
19332,3.1069186,64695.812
19333,3.1047778,64698.918
19334,3.1048899,64702.023
19335,3.10725,64705.13
19336,3.1077626,64708.24
19337,3.1076736,64711.348
19338,3.1074834,64714.457
19339,3.1081488,64717.566
19340,3.1082861,64720.676
19341,3.1088152,64723.785
19342,3.1093974,64726.895
19343,3.1097052,64730.004
19344,3.1087255,64733.113
19345,3.1062863,64736.22
19346,3.1054213,64739.324
19347,3.1055822,64742.43
19348,3.1065817,64745.535
19349,3.1067367,64748.64
19350,3.1073446,64751.746
19351,3.1074102,64754.85
19352,3.105489,64757.957
19353,3.1035364,64761.062
19354,3.1027064,64764.164
19355,3.1025925,64767.266
19356,3.1040235,64770.37
19357,3.1052206,64773.477
19358,3.1071203,64776.582
19359,3.1093798,64779.69
19360,3.1110356,64782.8
19361,3.111401,64785.914
19362,3.1120136,64789.027
19363,3.1126873,64792.14
19364,3.1130319,64795.254
19365,3.1122255,64798.367
19366,3.1104589,64801.477
19367,3.109666,64804.586
19368,3.1091008,64807.695
19369,3.1108742,64810.805
19370,3.113242,64813.918
19371,3.116413,64817.035
19372,3.1195161,64820.156
19373,3.1224627,64823.277
19374,3.1239514,64826.402
19375,3.1253352,64829.527
19376,3.125288,64832.652
19377,3.1248581,64835.777
19378,3.1254442,64838.902
19379,3.1265137,64842.027
19380,3.1282244,64845.156
19381,3.1291063,64848.285
19382,3.1310933,64851.418
19383,3.1356065,64854.555
19384,3.139255,64857.695
19385,3.1410513,64860.836
19386,3.141882,64863.977
19387,3.1437445,64867.12
19388,3.1470895,64870.27
19389,3.1491098,64873.418
19390,3.1499922,64876.566
19391,3.1491387,64879.715
19392,3.1478238,64882.863
19393,3.146804,64886.01
19394,3.1464856,64889.16
19395,3.1461954,64892.305
19396,3.1454055,64895.45
19397,3.1441197,64898.594
19398,3.1423135,64901.734
19399,3.140305,64904.875
19400,3.138466,64908.01
19401,3.1369805,64911.15
19402,3.136464,64914.285
19403,3.1380718,64917.42
19404,3.1417487,64920.562
19405,3.1459024,64923.707
19406,3.1486871,64926.855
19407,3.1502059,64930.004
19408,3.1508145,64933.156
19409,3.149847,64936.305
19410,3.1480653,64939.453
19411,3.1467266,64942.6
19412,3.1451213,64945.746
19413,3.144056,64948.89
19414,3.144619,64952.035
19415,3.1453826,64955.18
19416,3.145565,64958.324
19417,3.14501,64961.47
19418,3.1435723,64964.613
19419,3.1433682,64967.758
19420,3.1445258,64970.902
19421,3.146052,64974.047
19422,3.1478133,64977.195
19423,3.1483657,64980.344
19424,3.1473415,64983.492
19425,3.147377,64986.64
19426,3.1486843,64989.79
19427,3.1511252,64992.94
19428,3.1516538,64996.094
19429,3.1522753,64999.246
19430,3.152611,65002.4
19431,3.1541445,65005.55
19432,3.1564112,65008.707
19433,3.1586092,65011.867
19434,3.160996,65015.027
19435,3.163909,65018.19
19436,3.1673336,65021.36
19437,3.1693652,65024.527
19438,3.1692493,65027.695
19439,3.1689098,65030.863
19440,3.168366,65034.03
19441,3.1673024,65037.2
19442,3.1656845,65040.363
19443,3.1634622,65043.527
19444,3.1621032,65046.688
19445,3.1608615,65049.848
19446,3.1595643,65053.008
19447,3.1569216,65056.164
19448,3.154789,65059.32
19449,3.153164,65062.473
19450,3.151968,65065.625
19451,3.1510794,65068.777
19452,3.15078,65071.93
19453,3.1510553,65075.082
19454,3.1501238,65078.23
19455,3.1485796,65081.38
19456,3.1476126,65084.527
19457,3.1473618,65087.676
19458,3.1466427,65090.824
19459,3.1456065,65093.97
19460,3.1432574,65097.113
19461,3.141287,65100.254
19462,3.140091,65103.395
19463,3.138251,65106.53
19464,3.1361766,65109.668
19465,3.133789,65112.8
19466,3.1319895,65115.934
19467,3.1320775,65119.066
19468,3.1328511,65122.2
19469,3.1344342,65125.332
19470,3.1350136,65128.47
19471,3.1357706,65131.605
19472,3.1334908,65134.74
19473,3.1297226,65137.867
19474,3.1260893,65140.992
19475,3.1244216,65144.117
19476,3.1253552,65147.242
19477,3.127061,65150.37
19478,3.1273599,65153.5
19479,3.12668,65156.625
19480,3.1248066,65159.75
19481,3.1218975,65162.87
19482,3.1201437,65165.992
19483,3.1206155,65169.113
19484,3.1227422,65172.234
19485,3.1246426,65175.36
19486,3.1246786,65178.484
19487,3.1243227,65181.61
19488,3.124946,65184.734
19489,3.1265934,65187.86
19490,3.1287003,65190.99
19491,3.1289585,65194.117
19492,3.127741,65197.246
19493,3.1260364,65200.37
19494,3.125274,65203.496
19495,3.1248877,65206.62
19496,3.1238093,65209.746
19497,3.122559,65212.867
19498,3.120452,65215.99
19499,3.117385,65219.105
19500,3.1157806,65222.223
19501,3.1148229,65225.336
19502,3.1136868,65228.45
19503,3.112623,65231.562
19504,3.1149297,65234.676
19505,3.1177628,65237.793
19506,3.1189494,65240.91
19507,3.117522,65244.027
19508,3.1158319,65247.145
19509,3.114825,65250.258
19510,3.1142843,65253.37
19511,3.1144106,65256.484
19512,3.1135004,65259.598
19513,3.1095092,65262.707
19514,3.104351,65265.812
19515,3.101556,65268.914
19516,3.1020021,65272.016
19517,3.103199,65275.117
19518,3.1037135,65278.223
19519,3.1037822,65281.33
19520,3.1027553,65284.43
19521,3.1002977,65287.53
19522,3.0958922,65290.63
19523,3.0917065,65293.72
19524,3.0911596,65296.81
19525,3.0942852,65299.902
19526,3.0977216,65303.0
19527,3.099348,65306.098
19528,3.098379,65309.195
19529,3.0959291,65312.293
19530,3.092775,65315.387
19531,3.089106,65318.477
19532,3.0887172,65321.566
19533,3.0895855,65324.656
19534,3.0908175,65327.746
19535,3.0926573,65330.84
19536,3.096656,65333.938
19537,3.1002948,65337.04
19538,3.10271,65340.14
19539,3.1044674,65343.246
19540,3.1065593,65346.35
19541,3.1066988,65349.457
19542,3.1053073,65352.562
19543,3.1037588,65355.668
19544,3.1026964,65358.77
19545,3.1045077,65361.875
19546,3.1093237,65364.984
19547,3.1128662,65368.098
19548,3.113731,65371.21
19549,3.1132529,65374.324
19550,3.112242,65377.438
19551,3.1115124,65380.55
19552,3.1111593,65383.66
19553,3.11199,65386.773
19554,3.113207,65389.887
19555,3.1139026,65393.0
19556,3.1148357,65396.113
19557,3.1160052,65399.23
19558,3.1155922,65402.348
19559,3.1157951,65405.465
19560,3.1149337,65408.58
19561,3.1131165,65411.69
19562,3.111362,65414.805
19563,3.1103694,65417.914
19564,3.1111329,65421.023
19565,3.1120331,65424.137
19566,3.1123433,65427.25
19567,3.1106656,65430.36
19568,3.1069863,65433.465
19569,3.1040535,65436.57
19570,3.1021755,65439.67
19571,3.0995035,65442.77
19572,3.0991597,65445.867
19573,3.101032,65448.97
19574,3.1052551,65452.074
19575,3.1106343,65455.184
19576,3.1149292,65458.297
19577,3.1186268,65461.414
19578,3.121858,65464.535
19579,3.1246347,65467.66
19580,3.127384,65470.79
19581,3.1291552,65473.918
19582,3.1314938,65477.05
19583,3.1345384,65480.184
19584,3.1363897,65483.32
19585,3.136517,65486.457
19586,3.136493,65489.594
19587,3.1374307,65492.73
19588,3.1387045,65495.87
19589,3.1399186,65499.01
19590,3.1405337,65502.152
19591,3.141693,65505.293
19592,3.1427202,65508.438
19593,3.1442368,65511.582
19594,3.1446393,65514.727
19595,3.1444676,65517.87
19596,3.1442893,65521.016
19597,3.1438823,65524.16
19598,3.1428125,65527.305
19599,3.141298,65530.445
19600,3.1404703,65533.586
19601,3.1400025,65536.73
19602,3.1411128,65539.87
19603,3.1428816,65543.01
19604,3.1453369,65546.16
19605,3.1482997,65549.305
19606,3.1509917,65552.45
19607,3.1523037,65555.6
19608,3.1517868,65558.75
19609,3.15072,65561.9
19610,3.14885,65565.05
19611,3.14673,65568.195
19612,3.1438568,65571.336
19613,3.1423182,65574.48
19614,3.1414435,65577.62
19615,3.1411793,65580.76
19616,3.1418037,65583.9
19617,3.1422622,65587.04
19618,3.1417584,65590.18
19619,3.1427262,65593.32
19620,3.1456232,65596.47
19621,3.1495354,65599.62
19622,3.1543024,65602.77
19623,3.158746,65605.93
19624,3.161833,65609.09
19625,3.164105,65612.26
19626,3.1632,65615.42
19627,3.1609805,65618.586
19628,3.1580307,65621.74
19629,3.1545303,65624.9
19630,3.151421,65628.05
19631,3.1491427,65631.195
19632,3.1492238,65634.34
19633,3.1490967,65637.49
19634,3.1462739,65640.64
19635,3.1425624,65643.78
19636,3.1396954,65646.92
19637,3.1382184,65650.06
19638,3.1378863,65653.2
19639,3.136773,65656.34
19640,3.135011,65659.48
19641,3.1337693,65662.61
19642,3.1353486,65665.74
19643,3.1363568,65668.875
19644,3.1357558,65672.01
19645,3.1347885,65675.14
19646,3.1345224,65678.27
19647,3.1339564,65681.41
19648,3.1322157,65684.54
19649,3.132448,65687.67
19650,3.1333861,65690.805
19651,3.1346953,65693.94
19652,3.1338303,65697.07
19653,3.1305807,65700.2
19654,3.1265368,65703.33
19655,3.124686,65706.45
19656,3.1255352,65709.58
19657,3.12728,65712.7
19658,3.127391,65715.83
19659,3.1252801,65718.95
19660,3.122861,65722.08
19661,3.1208026,65725.195
19662,3.1225133,65728.32
19663,3.1258748,65731.445
19664,3.129674,65734.58
19665,3.1322124,65737.71
19666,3.1311238,65740.84
19667,3.129146,65743.98
19668,3.128937,65747.11
19669,3.1302316,65750.24
19670,3.1322494,65753.375
19671,3.1347525,65756.51
19672,3.136926,65759.65
19673,3.1389163,65762.79
19674,3.1407597,65765.93
19675,3.1423311,65769.07
19676,3.1412191,65772.21
19677,3.1386414,65775.35
19678,3.1354718,65778.484
19679,3.1322176,65781.62
19680,3.131169,65784.75
19681,3.1315541,65787.88
19682,3.1330593,65791.016
19683,3.1338594,65794.15
19684,3.1352499,65797.28
19685,3.136946,65800.42
19686,3.1373525,65803.56
19687,3.1366425,65806.695
19688,3.1342328,65809.83
19689,3.1317737,65812.96
19690,3.1300151,65816.09
19691,3.1281817,65819.22
19692,3.126159,65822.34
19693,3.1236105,65825.47
19694,3.1232378,65828.59
19695,3.1244814,65831.72
19696,3.1283975,65834.84
19697,3.1322014,65837.98
19698,3.1344025,65841.11
19699,3.1345596,65844.24
19700,3.1318479,65847.375
19701,3.1288593,65850.5
19702,3.1264222,65853.625
19703,3.123639,65856.75
19704,3.120335,65859.87
19705,3.1175854,65862.984
19706,3.1161969,65866.1
19707,3.1154428,65869.22
19708,3.1140988,65872.336
19709,3.1142066,65875.45
19710,3.115277,65878.57
19711,3.1185124,65881.69
19712,3.1237688,65884.81
19713,3.1274304,65887.94
19714,3.1281207,65891.06
19715,3.1266153,65894.19
19716,3.1264398,65897.31
19717,3.1281962,65900.44
19718,3.1308007,65903.57
19719,3.1343899,65906.7
19720,3.1372218,65909.84
19721,3.1385536,65912.984
19722,3.138565,65916.125
19723,3.138403,65919.266
19724,3.1399481,65922.41
19725,3.1413834,65925.55
19726,3.1414351,65928.69
19727,3.140634,65931.83
19728,3.1381428,65934.97
19729,3.1363757,65938.1
19730,3.1370678,65941.24
19731,3.1388116,65944.38
19732,3.1401813,65947.52
19733,3.140247,65950.664
19734,3.1376796,65953.805
19735,3.135067,65956.94
19736,3.1343932,65960.07
19737,3.1346025,65963.2
19738,3.133794,65966.336
19739,3.132365,65969.47
19740,3.1314583,65972.6
19741,3.1306603,65975.734
19742,3.1306386,65978.87
19743,3.1318135,65982.0
19744,3.1333008,65985.13
19745,3.134897,65988.266
19746,3.1356719,65991.4
19747,3.136101,65994.53
19748,3.1350996,65997.664
19749,3.1335516,66000.8
19750,3.1315074,66003.93
19751,3.12832,66007.055
19752,3.1227531,66010.18
19753,3.1168873,66013.3
19754,3.1120038,66016.41
19755,3.1087198,66019.516
19756,3.1082382,66022.625
19757,3.1099257,66025.734
19758,3.114537,66028.85
19759,3.1193697,66031.97
19760,3.122672,66035.09
19761,3.1240993,66038.22
19762,3.1246202,66041.34
19763,3.1241686,66044.47
19764,3.1238775,66047.59
19765,3.1229281,66050.72
19766,3.1227508,66053.84
19767,3.1231215,66056.97
19768,3.1240325,66060.09
19769,3.1245272,66063.22
19770,3.1237903,66066.34
19771,3.123812,66069.47
19772,3.123591,66072.59
19773,3.1231198,66075.72
19774,3.1227527,66078.84
19775,3.1227813,66081.97
19776,3.1253436,66085.09
19777,3.128896,66088.22
19778,3.131965,66091.35
19779,3.133074,66094.484
19780,3.1331744,66097.62
19781,3.1327505,66100.75
19782,3.1315536,66103.88
19783,3.1310267,66107.016
19784,3.1323812,66110.15
19785,3.1337488,66113.28
19786,3.135202,66116.414
19787,3.1365616,66119.55
19788,3.1369972,66122.69
19789,3.1362877,66125.82
19790,3.134833,66128.95
19791,3.1340473,66132.086
19792,3.133908,66135.22
19793,3.1344643,66138.35
19794,3.1352751,66141.484
19795,3.1376998,66144.625
19796,3.1405785,66147.766
19797,3.1426544,66150.91
19798,3.142079,66154.05
19799,3.1392806,66157.19
19800,3.136575,66160.32
19801,3.1349487,66163.45
19802,3.133564,66166.586
19803,3.1315987,66169.72
19804,3.1320415,66172.85
19805,3.1334517,66175.984
19806,3.135146,66179.12
19807,3.1357138,66182.25
19808,3.13512,66185.38
19809,3.134819,66188.516
19810,3.1357253,66191.65
19811,3.1376486,66194.79
19812,3.1388257,66197.93
19813,3.1381629,66201.07
19814,3.1374774,66204.21
19815,3.1376946,66207.35
19816,3.136353,66210.484
19817,3.133189,66213.62
19818,3.1307116,66216.75
19819,3.1289215,66219.88
19820,3.128874,66223.01
19821,3.1300037,66226.14
19822,3.1339447,66229.27
19823,3.1399279,66232.414
19824,3.1447253,66235.56
19825,3.1475017,66238.71
19826,3.1482549,66241.86
19827,3.1490493,66245.01
19828,3.1502972,66248.16
19829,3.150982,66251.305
19830,3.1507568,66254.45
19831,3.1509209,66257.6
19832,3.150554,66260.75
19833,3.1505556,66263.9
19834,3.149461,66267.05
19835,3.1490276,66270.195
19836,3.1475952,66273.34
19837,3.1458871,66276.49
19838,3.1443942,66279.63
19839,3.1433542,66282.77
19840,3.1430407,66285.914
19841,3.1419768,66289.055
19842,3.141672,66292.195
19843,3.1414769,66295.336
19844,3.1427078,66298.48
19845,3.1439953,66301.62
19846,3.1428158,66304.76
19847,3.1404545,66307.9
19848,3.1387558,66311.04
19849,3.1385715,66314.18
19850,3.1407099,66317.32
19851,3.1425545,66320.46
19852,3.1436763,66323.6
19853,3.1438031,66326.74
19854,3.141407,66329.88
19855,3.1375496,66333.02
19856,3.132445,66336.16
19857,3.1288273,66339.28
19858,3.1290567,66342.414
19859,3.1312268,66345.55
19860,3.1325665,66348.68
19861,3.1333466,66351.81
19862,3.133564,66354.945
19863,3.134854,66358.08
19864,3.134318,66361.21
19865,3.131808,66364.34
19866,3.129177,66367.48
19867,3.1273835,66370.6
19868,3.1270037,66373.73
19869,3.1271563,66376.85
19870,3.1289475,66379.984
19871,3.1306272,66383.12
19872,3.1304753,66386.25
19873,3.1295934,66389.38
19874,3.129654,66392.516
19875,3.1302829,66395.65
19876,3.1319845,66398.78
19877,3.133672,66401.914
19878,3.1346347,66405.05
19879,3.1336195,66408.18
19880,3.1323986,66411.31
19881,3.1305046,66414.445
19882,3.1289134,66417.58
19883,3.1278942,66420.7
19884,3.127554,66423.83
19885,3.1275988,66426.95
19886,3.1269214,66430.08
19887,3.1260455,66433.2
19888,3.124722,66436.33
19889,3.1238427,66439.45
19890,3.1251597,66442.58
19891,3.127669,66445.7
19892,3.1295238,66448.836
19893,3.1298199,66451.97
19894,3.1273534,66455.09
19895,3.1249077,66458.22
19896,3.1243165,66461.34
19897,3.124795,66464.47
19898,3.1268246,66467.59
19899,3.1277196,66470.72
19900,3.1266162,66473.84
19901,3.1251194,66476.97
19902,3.1229687,66480.09
19903,3.1202602,66483.21
19904,3.1203465,66486.33
19905,3.1205359,66489.445
19906,3.120927,66492.56
19907,3.1218002,66495.69
19908,3.1230664,66498.81
19909,3.1241798,66501.94
19910,3.1243384,66505.06
19911,3.1239467,66508.19
19912,3.1223323,66511.31
19913,3.1210964,66514.44
19914,3.1182232,66517.555
19915,3.11627,66520.67
19916,3.1164927,66523.79
19917,3.1171384,66526.91
19918,3.1182628,66530.02
19919,3.1198437,66533.14
19920,3.1216424,66536.266
19921,3.1226919,66539.39
19922,3.124609,66542.516
19923,3.1267924,66545.64
19924,3.1285756,66548.766
19925,3.129969,66551.9
19926,3.1305263,66555.03
19927,3.131303,66558.164
19928,3.131795,66561.3
19929,3.1329587,66564.43
19930,3.1345308,66567.56
19931,3.1362567,66570.695
19932,3.1381743,66573.836
19933,3.1395004,66576.98
19934,3.1378908,66580.12
19935,3.1350586,66583.25
19936,3.1320715,66586.38
19937,3.130614,66589.516
19938,3.131076,66592.65
19939,3.132941,66595.78
19940,3.1346505,66598.914
19941,3.1351466,66602.05
19942,3.132691,66605.18
19943,3.1304429,66608.31
19944,3.1297464,66611.445
19945,3.1311884,66614.58
19946,3.1332223,66617.71
19947,3.1356814,66620.84
19948,3.136354,66623.98
19949,3.1353073,66627.11
19950,3.1340268,66630.24
19951,3.131582,66633.375
19952,3.1295607,66636.51
19953,3.1282775,66639.63
19954,3.1279845,66642.76
19955,3.1271477,66645.88
19956,3.1275775,66649.01
19957,3.1287575,66652.13
19958,3.1288884,66655.26
19959,3.1268153,66658.38
19960,3.1220205,66661.51
19961,3.1175117,66664.625
19962,3.1135085,66667.74
19963,3.1100466,66670.85
19964,3.1083903,66673.96
19965,3.1073315,66677.07
19966,3.1058483,66680.18
19967,3.1062725,66683.29
19968,3.108538,66686.4
19969,3.1110797,66689.51
19970,3.1131575,66692.62
19971,3.1144445,66695.734
19972,3.115018,66698.85
19973,3.1155095,66701.97
19974,3.1145957,66705.086
19975,3.1117415,66708.195
19976,3.108952,66711.305
19977,3.1073887,66714.414
19978,3.1078436,66717.52
19979,3.1087267,66720.63
19980,3.1087494,66723.74
19981,3.1079195,66726.85
19982,3.106327,66729.96
19983,3.1041908,66733.06
19984,3.1032648,66736.164
19985,3.1042743,66739.266
19986,3.1066363,66742.375
19987,3.108693,66745.484
19988,3.1090846,66748.59
19989,3.1092093,66751.7
19990,3.1093044,66754.81
19991,3.1099427,66757.92
19992,3.1113403,66761.03
19993,3.1115484,66764.14
19994,3.1115544,66767.25
19995,3.1114872,66770.36
19996,3.1101434,66773.47
19997,3.1093197,66776.58
19998,3.1102448,66779.69
19999,3.1128938,66782.8
20000,3.1147106,66785.914
20001,3.1148818,66789.03
20002,3.1135678,66792.15
20003,3.1102474,66795.26
20004,3.1075287,66798.37
20005,3.1050355,66801.47
20006,3.104652,66804.57
20007,3.1034775,66807.67
20008,3.1038883,66810.77
20009,3.1058328,66813.88
20010,3.1082785,66816.99
20011,3.1100304,66820.1
20012,3.109594,66823.21
20013,3.1073992,66826.32
20014,3.1058376,66829.43
20015,3.106551,66832.54
20016,3.1084497,66835.65
20017,3.110678,66838.76
20018,3.1115248,66841.87
20019,3.1108477,66844.98
20020,3.1076007,66848.086
20021,3.1042817,66851.19
20022,3.101023,66854.29
20023,3.0992517,66857.39
20024,3.102506,66860.49
20025,3.108042,66863.6
20026,3.1131587,66866.71
20027,3.1178775,66869.83
20028,3.1217215,66872.95
20029,3.1249306,66876.08
20030,3.1263726,66879.2
20031,3.12757,66882.33
20032,3.1287072,66885.45
20033,3.1291146,66888.586
20034,3.1291826,66891.72
20035,3.1286461,66894.84
20036,3.127993,66897.97
20037,3.1259148,66901.09
20038,3.1239924,66904.22
20039,3.122409,66907.34
20040,3.123987,66910.47
20041,3.127385,66913.59
20042,3.1301687,66916.73
20043,3.1325176,66919.86
20044,3.1317515,66922.99
20045,3.1289916,66926.125
20046,3.127214,66929.25
20047,3.127431,66932.375
20048,3.1266067,66935.5
20049,3.124102,66938.625
20050,3.1222494,66941.75
20051,3.1226954,66944.875
20052,3.1247172,66948.0
20053,3.126601,66951.125
20054,3.1269042,66954.25
20055,3.127177,66957.375
20056,3.1285532,66960.5
20057,3.1307008,66963.63
20058,3.134378,66966.766
20059,3.1383622,66969.91
20060,3.1420739,66973.05
20061,3.1440215,66976.19
20062,3.143191,66979.33
20063,3.1409137,66982.47
20064,3.1400573,66985.61
20065,3.1394234,66988.75
20066,3.1376288,66991.89
20067,3.1350396,66995.02
20068,3.1337142,66998.16
20069,3.1333187,67001.29
20070,3.1328063,67004.42
20071,3.1323254,67007.555
20072,3.1321802,67010.69
20073,3.1336367,67013.82
20074,3.1353989,67016.95
20075,3.1367366,67020.09
20076,3.1358461,67023.23
20077,3.1353638,67026.36
20078,3.1343307,67029.49
20079,3.1334271,67032.625
20080,3.1330986,67035.76
20081,3.133958,67038.89
20082,3.1341965,67042.02
20083,3.134438,67045.16
20084,3.134209,67048.29
20085,3.13387,67051.42
20086,3.1332872,67054.555
20087,3.1317477,67057.69
20088,3.131112,67060.82
20089,3.1320627,67063.95
20090,3.1332445,67067.086
20091,3.13379,67070.22
20092,3.133024,67073.35
20093,3.1317503,67076.484
20094,3.1307514,67079.62
20095,3.1299908,67082.75
20096,3.1273956,67085.875
20097,3.1249557,67089.0
20098,3.1238775,67092.125
20099,3.1236434,67095.25
20100,3.1253307,67098.375
20101,3.1287796,67101.5
20102,3.1333525,67104.63
20103,3.1366975,67107.766
20104,3.1383023,67110.91
20105,3.1381645,67114.05
20106,3.1381445,67117.19
20107,3.1398706,67120.33
20108,3.1429338,67123.47
20109,3.1450746,67126.62
20110,3.1453824,67129.766
20111,3.143518,67132.91
20112,3.141711,67136.05
20113,3.1408074,67139.19
20114,3.1396985,67142.33
20115,3.1371474,67145.47
20116,3.1359155,67148.6
20117,3.1358223,67151.734
20118,3.136511,67154.87
20119,3.1377153,67158.01
20120,3.1392279,67161.15
20121,3.1393769,67164.29
20122,3.1394124,67167.43
20123,3.1399963,67170.57
20124,3.140437,67173.71
20125,3.1398506,67176.85
20126,3.1383317,67179.99
20127,3.1380029,67183.13
20128,3.1415355,67186.27
20129,3.1462953,67189.42
20130,3.1492035,67192.57
20131,3.1513324,67195.72
20132,3.1503048,67198.87
20133,3.1476173,67202.016
20134,3.1428752,67205.16
20135,3.1385317,67208.3
20136,3.1360369,67211.43
20137,3.135278,67214.56
20138,3.135033,67217.695
20139,3.1340218,67220.83
20140,3.133564,67223.96
20141,3.1339154,67227.09
20142,3.1341612,67230.23
20143,3.1346743,67233.36
20144,3.1359103,67236.49
20145,3.137363,67239.63
20146,3.139014,67242.77
20147,3.1411788,67245.914
20148,3.1425061,67249.055
20149,3.1425629,67252.195
20150,3.1439788,67255.336
20151,3.1464117,67258.484
20152,3.1477692,67261.63
20153,3.1480596,67264.78
20154,3.1476302,67267.93
20155,3.1487048,67271.08
20156,3.150094,67274.23
20157,3.1520867,67277.375
20158,3.1548147,67280.53
20159,3.1564202,67283.69
20160,3.1566463,67286.84
20161,3.156609,67290.0
20162,3.1573923,67293.16
20163,3.1581612,67296.31
20164,3.1567745,67299.47
20165,3.1539142,67302.625
20166,3.1488125,67305.77
20167,3.1424499,67308.914
20168,3.137511,67312.055
20169,3.1336071,67315.19
20170,3.131189,67318.32
20171,3.128969,67321.45
20172,3.1256878,67324.58
20173,3.1230986,67327.7
20174,3.1229053,67330.83
20175,3.125493,67333.95
20176,3.1284451,67337.08
20177,3.1320386,67340.21
20178,3.133134,67343.34
20179,3.1325567,67346.48
20180,3.1314416,67349.61
20181,3.129833,67352.74
20182,3.1271112,67355.87
20183,3.1251411,67358.99
20184,3.1250348,67362.12
20185,3.124693,67365.24
20186,3.1262593,67368.37
20187,3.128002,67371.49
20188,3.130202,67374.625
20189,3.1312103,67377.76
20190,3.1302774,67380.89
20191,3.129558,67384.02
20192,3.1306057,67387.16
20193,3.1310089,67390.29
20194,3.130617,67393.42
20195,3.1304348,67396.555
20196,3.129684,67399.69
20197,3.1273773,67402.81
20198,3.125198,67405.94
20199,3.1233263,67409.06
20200,3.1221316,67412.19
20201,3.1226134,67415.31
20202,3.1246254,67418.44
20203,3.1267831,67421.56
20204,3.128061,67424.69
20205,3.1291606,67427.82
20206,3.1297643,67430.95
20207,3.1304538,67434.086
20208,3.1297586,67437.22
20209,3.1288774,67440.34
20210,3.12764,67443.47
20211,3.126694,67446.59
20212,3.126911,67449.72
20213,3.1273155,67452.84
20214,3.126608,67455.97
20215,3.1238515,67459.09
20216,3.1208165,67462.21
20217,3.118063,67465.33
20218,3.1165636,67468.445
20219,3.1160066,67471.56
20220,3.1165273,67474.68
20221,3.1174474,67477.8
20222,3.1187682,67480.914
20223,3.1198235,67484.03
20224,3.1208513,67487.15
20225,3.1219692,67490.27
20226,3.1246371,67493.4
20227,3.1286123,67496.52
20228,3.1317523,67499.66
20229,3.1332684,67502.79
20230,3.1321208,67505.92
20231,3.1296022,67509.055
20232,3.1252582,67512.18
20233,3.121759,67515.305
20234,3.1208844,67518.42
20235,3.1224432,67521.55
20236,3.1247983,67524.67
20237,3.1273859,67527.8
20238,3.1297765,67530.93
20239,3.1312075,67534.06
20240,3.1317728,67537.195
20241,3.131326,67540.33
20242,3.1299028,67543.46
20243,3.1281645,67546.586
20244,3.126331,67549.71
20245,3.124061,67552.836
20246,3.1221564,67555.96
20247,3.1201088,67559.08
20248,3.1181033,67562.195
20249,3.1172686,67565.31
20250,3.116342,67568.43
20251,3.1158626,67571.55
20252,3.1158326,67574.664
20253,3.115913,67577.78
20254,3.1137686,67580.9
20255,3.1107767,67584.01
20256,3.1099846,67587.12
20257,3.111225,67590.23
20258,3.110885,67593.336
20259,3.1078262,67596.445
20260,3.1047223,67599.55
20261,3.1010852,67602.65
20262,3.0986602,67605.75
20263,3.0982509,67608.85
20264,3.099294,67611.95
20265,3.0995421,67615.055
20266,3.099744,67618.16
20267,3.0995882,67621.26
20268,3.0970247,67624.35
20269,3.094726,67627.445
20270,3.0954745,67630.54
20271,3.0963733,67633.63
20272,3.0972874,67636.73
20273,3.1002612,67639.83
20274,3.1055856,67642.94
20275,3.1106513,67646.05
20276,3.1138997,67649.164
20277,3.1135964,67652.28
20278,3.110631,67655.39
20279,3.1070354,67658.5
20280,3.1047237,67661.6
20281,3.1026447,67664.7
20282,3.1010113,67667.805
20283,3.1000147,67670.91
20284,3.100491,67674.01
20285,3.101308,67677.11
20286,3.1024125,67680.21
20287,3.103864,67683.31
20288,3.1040938,67686.414
20289,3.1043324,67689.516
20290,3.105582,67692.625
20291,3.1078758,67695.734
20292,3.1093361,67698.84
20293,3.1095433,67701.95
20294,3.1113977,67705.06
20295,3.1124268,67708.17
20296,3.1127565,67711.28
20297,3.1115997,67714.39
20298,3.1089473,67717.5
20299,3.1063106,67720.61
20300,3.1049001,67723.71
20301,3.1030462,67726.81
20302,3.099687,67729.914
20303,3.0962842,67733.01
20304,3.0963235,67736.1
20305,3.0973752,67739.195
20306,3.097792,67742.3
20307,3.0971618,67745.39
20308,3.096436,67748.484
20309,3.0964317,67751.58
20310,3.0969164,67754.67
20311,3.0982733,67757.77
20312,3.1005695,67760.875
20313,3.1031587,67763.98
20314,3.1039019,67767.08
20315,3.1040337,67770.18
20316,3.1041646,67773.28
20317,3.1035242,67776.38
20318,3.1028008,67779.484
20319,3.1033406,67782.586
20320,3.1052344,67785.69
20321,3.1092596,67788.8
20322,3.1132333,67791.91
20323,3.1157815,67795.02
20324,3.11622,67798.14
20325,3.1148412,67801.26
20326,3.1114523,67804.37
20327,3.1088688,67807.48
20328,3.1091375,67810.586
20329,3.1124704,67813.695
20330,3.1161036,67816.81
20331,3.120086,67819.93
20332,3.121602,67823.055
20333,3.1210468,67826.17
20334,3.121955,67829.3
20335,3.1256397,67832.42
20336,3.1314054,67835.555
20337,3.135196,67838.69
20338,3.1348412,67841.82
20339,3.1332142,67844.95
20340,3.1315737,67848.086
20341,3.1318502,67851.22
20342,3.13313,67854.35
20343,3.1341329,67857.484
20344,3.1342587,67860.62
20345,3.1334534,67863.75
20346,3.13211,67866.88
20347,3.131468,67870.016
20348,3.1328173,67873.15
20349,3.1333482,67876.28
20350,3.1327143,67879.414
20351,3.1323638,67882.55
20352,3.132394,67885.68
20353,3.13306,67888.81
20354,3.1320627,67891.945
20355,3.1304169,67895.08
20356,3.1284807,67898.2
20357,3.1264725,67901.33
20358,3.1260347,67904.45
20359,3.125648,67907.58
20360,3.124948,67910.7
20361,3.125507,67913.83
20362,3.12782,67916.95
20363,3.1304288,67920.086
20364,3.131766,67923.22
20365,3.1310399,67926.35
20366,3.13004,67929.484
20367,3.1295552,67932.62
20368,3.1305263,67935.75
20369,3.1315527,67938.88
20370,3.1326997,67942.016
20371,3.1337318,67945.15
20372,3.1338382,67948.28
20373,3.1332638,67951.414
20374,3.1320512,67954.55
20375,3.13004,67957.68
20376,3.129979,67960.81
20377,3.1313334,67963.945
20378,3.1340444,67967.08
20379,3.1363878,67970.21
20380,3.1375268,67973.35
20381,3.1389368,67976.49
20382,3.1400495,67979.63
20383,3.1412299,67982.77
20384,3.1420462,67985.914
20385,3.143486,67989.055
20386,3.143301,67992.195
20387,3.1410286,67995.336
20388,3.1398735,67998.48
20389,3.13949,68001.62
20390,3.1394525,68004.76
20391,3.139248,68007.9
20392,3.1393764,68011.04
20393,3.1396084,68014.18
20394,3.1398976,68017.32
20395,3.1408494,68020.46
20396,3.142489,68023.6
20397,3.1439154,68026.74
20398,3.1436205,68029.88
20399,3.142124,68033.02
20400,3.139806,68036.164
20401,3.1369562,68039.305
20402,3.1348581,68042.44
20403,3.1336212,68045.57
20404,3.133508,68048.7
20405,3.132732,68051.836
20406,3.1306288,68054.97
20407,3.128341,68058.09
20408,3.126789,68061.22
20409,3.1254385,68064.34
20410,3.1245599,68067.47
20411,3.1252248,68070.59
20412,3.1265259,68073.72
20413,3.128104,68076.84
20414,3.1278625,68079.97
20415,3.1272075,68083.09
20416,3.1264615,68086.22
20417,3.1248636,68089.34
20418,3.124257,68092.47
20419,3.1255105,68095.59
20420,3.1279793,68098.72
20421,3.130606,68101.85
20422,3.1307387,68104.984
20423,3.1312938,68108.12
20424,3.1350281,68111.25
20425,3.1402605,68114.39
20426,3.145046,68117.54
20427,3.1476016,68120.69
20428,3.1472905,68123.836
20429,3.1470826,68126.984
20430,3.1477416,68130.13
20431,3.1476378,68133.28
20432,3.1453683,68136.43
20433,3.1427553,68139.57
20434,3.1422658,68142.71
20435,3.1432986,68145.85
20436,3.1465683,68149.0
20437,3.1484613,68152.15
20438,3.1495721,68155.3
20439,3.149793,68158.445
20440,3.1480238,68161.59
20441,3.1452138,68164.74
20442,3.1421013,68167.88
20443,3.1402307,68171.02
20444,3.1383624,68174.164
20445,3.135396,68177.3
20446,3.1315913,68180.43
20447,3.12954,68183.56
20448,3.1275532,68186.69
20449,3.1251519,68189.81
20450,3.1233838,68192.94
20451,3.1220658,68196.06
20452,3.121616,68199.19
20453,3.1210907,68202.305
20454,3.1201534,68205.42
20455,3.1184,68208.54
20456,3.116161,68211.66
20457,3.1140459,68214.77
20458,3.1125178,68217.88
20459,3.1121228,68220.99
20460,3.1136281,68224.11
20461,3.115127,68227.23
20462,3.116343,68230.34
20463,3.1164255,68233.46
20464,3.1170006,68236.58
20465,3.1173146,68239.695
20466,3.1175704,68242.81
20467,3.1186843,68245.93
20468,3.1200442,68249.05
20469,3.1206496,68252.164
20470,3.1196673,68255.28
20471,3.1179492,68258.4
20472,3.1179595,68261.516
20473,3.1202548,68264.63
20474,3.123041,68267.76
20475,3.1256433,68270.88
20476,3.1270223,68274.01
20477,3.128056,68277.13
20478,3.129481,68280.266
20479,3.1304915,68283.4
20480,3.1303322,68286.53
20481,3.1294386,68289.664
20482,3.130927,68292.8
20483,3.13248,68295.93
20484,3.1334953,68299.06
20485,3.1342993,68302.195
20486,3.1342964,68305.33
20487,3.134109,68308.46
20488,3.133948,68311.59
20489,3.1350987,68314.73
20490,3.135838,68317.86
20491,3.1352975,68320.99
20492,3.1344762,68324.125
20493,3.133233,68327.26
20494,3.1314669,68330.39
20495,3.1292462,68333.52
20496,3.127709,68336.65
20497,3.1274402,68339.77
20498,3.1262817,68342.9
20499,3.12546,68346.02
20500,3.1246083,68349.15
20501,3.1227968,68352.27
20502,3.121013,68355.39
20503,3.1190603,68358.51
20504,3.117866,68361.625
20505,3.1178856,68364.74
20506,3.119959,68367.86
20507,3.1227515,68370.984
20508,3.1272426,68374.11
20509,3.1317313,68377.24
20510,3.133105,68380.375
20511,3.133388,68383.51
20512,3.1329565,68386.64
20513,3.133436,68389.77
20514,3.1345239,68392.91
20515,3.1359437,68396.04
20516,3.1361535,68399.17
20517,3.1369283,68402.31
20518,3.1379285,68405.45
20519,3.1383343,68408.59
20520,3.1383417,68411.734
20521,3.1379666,68414.875
20522,3.1374266,68418.016
20523,3.1365442,68421.15
20524,3.1359427,68424.28
20525,3.1357992,68427.414
20526,3.1355302,68430.55
20527,3.13666,68433.68
20528,3.1376865,68436.82
20529,3.1385052,68439.96
20530,3.1395614,68443.1
20531,3.1418,68446.24
20532,3.1429052,68449.38
20533,3.142686,68452.52
20534,3.1402593,68455.664
20535,3.136388,68458.8
20536,3.1333826,68461.93
20537,3.1326156,68465.06
20538,3.1345515,68468.195
20539,3.1360004,68471.33
20540,3.1362743,68474.46
20541,3.1361918,68477.59
20542,3.136197,68480.73
20543,3.137,68483.87
20544,3.1365483,68487.0
20545,3.1343727,68490.13
20546,3.1310265,68493.266
20547,3.128937,68496.4
20548,3.1281111,68499.52
20549,3.1271317,68502.65
20550,3.1249251,68505.77
20551,3.1230447,68508.9
20552,3.1226032,68512.02
20553,3.124586,68515.15
20554,3.128522,68518.27
20555,3.1313105,68521.41
20556,3.1316483,68524.54
20557,3.1305585,68527.67
20558,3.1272552,68530.8
20559,3.1242664,68533.92
20560,3.1225905,68537.05
20561,3.1232708,68540.17
20562,3.1258676,68543.3
20563,3.1280365,68546.42
20564,3.1297448,68549.555
20565,3.1317341,68552.69
20566,3.1336048,68555.82
20567,3.1355007,68558.95
20568,3.1354406,68562.086
20569,3.1345804,68565.22
20570,3.1344206,68568.35
20571,3.1346843,68571.484
20572,3.1348233,68574.62
20573,3.1358557,68577.75
20574,3.136414,68580.88
20575,3.1359332,68584.016
20576,3.1334975,68587.15
20577,3.1315331,68590.28
20578,3.1293676,68593.414
20579,3.1273625,68596.54
20580,3.1261792,68599.664
20581,3.125087,68602.79
20582,3.1247957,68605.914
20583,3.1232839,68609.04
20584,3.119702,68612.16
20585,3.1164663,68615.27
20586,3.1159518,68618.39
20587,3.1167333,68621.51
20588,3.1185262,68624.625
20589,3.1187973,68627.74
20590,3.120305,68630.86
20591,3.1231148,68633.984
20592,3.127293,68637.11
20593,3.1296625,68640.24
20594,3.1285827,68643.37
20595,3.125555,68646.49
20596,3.1234908,68649.62
20597,3.1214888,68652.74
20598,3.1181085,68655.86
20599,3.1137996,68658.98
20600,3.1115968,68662.086
20601,3.1101305,68665.195
20602,3.1095693,68668.305
20603,3.109486,68671.414
20604,3.1080554,68674.52
20605,3.1055846,68677.63
20606,3.103408,68680.734
20607,3.1007137,68683.836
20608,3.1013238,68686.94
20609,3.1034088,68690.04
20610,3.1057665,68693.15
20611,3.106302,68696.26
20612,3.1074288,68699.37
20613,3.1111827,68702.48
20614,3.115509,68705.59
20615,3.1195624,68708.71
20616,3.1221793,68711.836
20617,3.1231496,68714.96
20618,3.1218152,68718.086
20619,3.1216555,68721.21
20620,3.1241457,68724.336
20621,3.1270192,68727.46
20622,3.1296594,68730.59
20623,3.132064,68733.73
20624,3.1326523,68736.86
20625,3.1335366,68739.99
20626,3.1353095,68743.125
20627,3.1357608,68746.26
20628,3.1359885,68749.39
20629,3.1360729,68752.52
20630,3.1351073,68755.66
20631,3.1339395,68758.79
20632,3.1328735,68761.92
20633,3.1316702,68765.055
20634,3.1313841,68768.19
20635,3.1317828,68771.32
20636,3.1328433,68774.45
20637,3.1349864,68777.586
20638,3.136802,68780.73
20639,3.1377425,68783.87
20640,3.1380086,68787.01
20641,3.138916,68790.15
20642,3.1392925,68793.29
20643,3.1392653,68796.43
20644,3.1390643,68799.57
20645,3.137885,68802.71
20646,3.135927,68805.84
20647,3.1341329,68808.98
20648,3.131409,68812.11
20649,3.1293483,68815.24
20650,3.1289868,68818.375
20651,3.1288803,68821.5
20652,3.129056,68824.63
20653,3.1296618,68827.766
20654,3.1330755,68830.9
20655,3.1366937,68834.03
20656,3.1377046,68837.17
20657,3.1370556,68840.31
20658,3.1353567,68843.445
20659,3.1331782,68846.58
20660,3.1318583,68849.71
20661,3.1327507,68852.84
20662,3.1354914,68855.98
20663,3.1381438,68859.12
20664,3.140419,68862.26
20665,3.141418,68865.4
20666,3.141527,68868.54
20667,3.1416805,68871.68
20668,3.1420603,68874.82
20669,3.142843,68877.96
20670,3.142407,68881.1
20671,3.1425524,68884.24
20672,3.142827,68887.38
20673,3.142328,68890.52
20674,3.1414754,68893.664
20675,3.1398935,68896.805
20676,3.1367655,68899.945
20677,3.1334398,68903.08
20678,3.1315475,68906.21
20679,3.1319754,68909.34
20680,3.133183,68912.48
20681,3.1328652,68915.61
20682,3.1319788,68918.74
20683,3.1321688,68921.875
20684,3.1339307,68925.01
20685,3.1355715,68928.14
20686,3.1357944,68931.27
20687,3.1363328,68934.41
20688,3.1361742,68937.54
20689,3.13632,68940.67
20690,3.137146,68943.81
20691,3.1361547,68946.945
20692,3.1351223,68950.08
20693,3.1347003,68953.21
20694,3.1337848,68956.34
20695,3.1332262,68959.48
20696,3.1325946,68962.61
20697,3.130985,68965.74
20698,3.1276712,68968.87
20699,3.1242657,68971.99
20700,3.1196847,68975.11
20701,3.1156259,68978.23
20702,3.1156065,68981.34
20703,3.1186275,68984.46
20704,3.1232615,68987.586
20705,3.1272817,68990.71
20706,3.1278822,68993.836
20707,3.1262536,68996.96
20708,3.1231394,69000.086
20709,3.1215758,69003.21
20710,3.1230702,69006.336
20711,3.1258385,69009.46
20712,3.128844,69012.586
20713,3.1302745,69015.72
20714,3.129369,69018.85
20715,3.1265748,69021.98
20716,3.1221938,69025.1
20717,3.1172113,69028.22
20718,3.1146276,69031.336
20719,3.113731,69034.45
20720,3.1145325,69037.57
20721,3.1154664,69040.69
20722,3.1153588,69043.805
20723,3.111833,69046.914
20724,3.1069033,69050.02
20725,3.1037793,69053.125
20726,3.1033568,69056.23
20727,3.1040032,69059.33
20728,3.1045423,69062.43
20729,3.1049144,69065.53
20730,3.107105,69068.64
20731,3.1102734,69071.75
20732,3.114451,69074.87
20733,3.1183407,69077.984
20734,3.1217618,69081.11
20735,3.125723,69084.234
20736,3.129023,69087.37
20737,3.131216,69090.5
20738,3.1328335,69093.63
20739,3.1343322,69096.766
20740,3.1347182,69099.9
20741,3.133814,69103.03
20742,3.1321115,69106.164
20743,3.1310434,69109.3
20744,3.1306515,69112.43
20745,3.1299863,69115.56
20746,3.1297152,69118.695
20747,3.129909,69121.83
20748,3.1301348,69124.96
20749,3.1307528,69128.09
20750,3.132417,69131.23
20751,3.134146,69134.36
20752,3.135204,69137.49
20753,3.134977,69140.625
20754,3.1331677,69143.76
20755,3.130502,69146.89
20756,3.1273654,69150.016
20757,3.1255813,69153.14
20758,3.1256812,69156.266
20759,3.1274354,69159.39
20760,3.130408,69162.52
20761,3.1332932,69165.66
20762,3.1349072,69168.79
20763,3.1352904,69171.92
20764,3.134101,69175.055
20765,3.1314402,69178.19
20766,3.1290352,69181.32
20767,3.127498,69184.445
20768,3.1268542,69187.57
20769,3.1260703,69190.695
20770,3.1228018,69193.82
20771,3.1186109,69196.94
20772,3.115687,69200.055
20773,3.11456,69203.17
20774,3.115797,69206.29
20775,3.1178856,69209.41
20776,3.1210692,69212.52
20777,3.1237595,69215.65
20778,3.126285,69218.77
20779,3.1282809,69221.9
20780,3.1294425,69225.03
20781,3.1301715,69228.164
20782,3.1317587,69231.3
20783,3.134644,69234.43
20784,3.1379354,69237.57
20785,3.1406415,69240.71
20786,3.1424878,69243.85
20787,3.141857,69246.99
20788,3.1395807,69250.13
20789,3.1364043,69253.266
20790,3.1333249,69256.4
20791,3.129475,69259.53
20792,3.1273074,69262.66
20793,3.1260135,69265.78
20794,3.1259463,69268.91
20795,3.1260278,69272.03
20796,3.1267934,69275.16
20797,3.1289017,69278.28
20798,3.130283,69281.414
20799,3.131468,69284.55
20800,3.1334517,69287.68
20801,3.1361642,69290.81
20802,3.1382132,69293.95
20803,3.137787,69297.09
20804,3.13583,69300.23
20805,3.1345165,69303.36
20806,3.13597,69306.49
20807,3.137686,69309.63
20808,3.1375518,69312.77
20809,3.1379418,69315.914
20810,3.137385,69319.055
20811,3.1362903,69322.19
20812,3.1336234,69325.32
20813,3.129718,69328.45
20814,3.127157,69331.58
20815,3.1261406,69334.7
20816,3.1262078,69337.83
20817,3.1260848,69340.95
20818,3.1258926,69344.08
20819,3.1248043,69347.2
20820,3.1223786,69350.33
20821,3.1203423,69353.445
20822,3.1174536,69356.56
20823,3.1157732,69359.68
20824,3.1150146,69362.8
20825,3.1165695,69365.914
20826,3.1193857,69369.03
20827,3.120866,69372.15
20828,3.121286,69375.27
20829,3.1209497,69378.39
20830,3.1216676,69381.516
20831,3.1239507,69384.64
20832,3.1278844,69387.766
20833,3.1328301,69390.9
20834,3.135894,69394.03
20835,3.13689,69397.17
20836,3.136003,69400.305
20837,3.1344113,69403.44
20838,3.133025,69406.57
20839,3.1314337,69409.7
20840,3.130042,69412.836
20841,3.129084,69415.97
20842,3.129505,69419.1
20843,3.130524,69422.234
20844,3.1327302,69425.37
20845,3.1344748,69428.5
20846,3.1360729,69431.63
20847,3.1378188,69434.77
20848,3.1394134,69437.914
20849,3.141054,69441.055
20850,3.142509,69444.195
20851,3.1449978,69447.34
20852,3.1464357,69450.49
20853,3.147765,69453.64
20854,3.1476793,69456.79
20855,3.1469202,69459.94
20856,3.1443908,69463.08
20857,3.1407008,69466.22
20858,3.1375363,69469.36
20859,3.1341476,69472.49
20860,3.1299088,69475.625
20861,3.125642,69478.75
20862,3.1233127,69481.875
20863,3.1231034,69485.0
20864,3.1250107,69488.125
20865,3.1270525,69491.25
20866,3.1286242,69494.375
20867,3.1303837,69497.51
20868,3.1312587,69500.64
20869,3.1301785,69503.77
20870,3.1284595,69506.9
20871,3.1268902,69510.02
20872,3.126148,69513.15
20873,3.1264186,69516.27
20874,3.1276288,69519.4
20875,3.1283257,69522.52
20876,3.1275494,69525.65
20877,3.1271203,69528.77
20878,3.1279328,69531.9
20879,3.1292603,69535.03
20880,3.1299703,69538.164
20881,3.130687,69541.3
20882,3.132499,69544.43
20883,3.1337273,69547.56
20884,3.132697,69550.695
20885,3.1310227,69553.83
20886,3.1295824,69556.96
20887,3.1281073,69560.086
20888,3.1276455,69563.21
20889,3.1283765,69566.336
20890,3.1303465,69569.47
20891,3.132902,69572.6
20892,3.134869,69575.734
20893,3.135796,69578.87
20894,3.1347902,69582.0
20895,3.1327298,69585.13
20896,3.1296291,69588.266
20897,3.1262245,69591.39
20898,3.124351,69594.516
20899,3.1233716,69597.64
20900,3.1213272,69600.766
20901,3.1191845,69603.88
20902,3.116831,69607.0
20903,3.1145415,69610.12
20904,3.1126983,69613.23
20905,3.112481,69616.336
20906,3.113589,69619.45
20907,3.1148193,69622.57
20908,3.115145,69625.69
20909,3.1153123,69628.805
20910,3.116817,69631.92
20911,3.1194124,69635.04
20912,3.1223204,69638.164
20913,3.1245553,69641.29
20914,3.1254482,69644.414
20915,3.1262624,69647.54
20916,3.1270719,69650.664
20917,3.1271038,69653.79
20918,3.1248055,69656.914
20919,3.1214404,69660.04
20920,3.1191554,69663.16
20921,3.1175475,69666.27
20922,3.1171017,69669.39
20923,3.1176784,69672.51
20924,3.1176202,69675.625
20925,3.117212,69678.74
20926,3.1172824,69681.86
20927,3.1162808,69684.98
20928,3.1146326,69688.09
20929,3.1132333,69691.2
20930,3.1113927,69694.31
20931,3.110425,69697.42
20932,3.109941,69700.53
20933,3.1085727,69703.64
20934,3.107552,69706.75
20935,3.1073034,69709.86
20936,3.1083145,69712.97
20937,3.1087427,69716.08
20938,3.1092186,69719.19
20939,3.1087155,69722.3
20940,3.107928,69725.41
20941,3.1072912,69728.516
20942,3.1084368,69731.625
20943,3.1096394,69734.734
20944,3.1100972,69737.84
20945,3.1098514,69740.95
20946,3.1086855,69744.06
20947,3.1081035,69747.17
20948,3.1087885,69750.28
20949,3.1106493,69753.39
20950,3.1135254,69756.51
20951,3.1158626,69759.625
20952,3.1168501,69762.74
20953,3.1181254,69765.86
20954,3.118468,69768.98
20955,3.1195014,69772.09
20956,3.1224315,69775.22
20957,3.1247814,69778.34
20958,3.1269,69781.47
20959,3.1278908,69784.59
20960,3.1288452,69787.72
20961,3.1299648,69790.85
20962,3.1315033,69793.984
20963,3.1332173,69797.12
20964,3.1336324,69800.25
20965,3.1326895,69803.38
20966,3.131764,69806.516
20967,3.131748,69809.65
20968,3.1332195,69812.78
20969,3.133926,69815.914
20970,3.1327224,69819.05
20971,3.1310458,69822.18
20972,3.12844,69825.305
20973,3.125632,69828.43
20974,3.123556,69831.555
20975,3.1212215,69834.68
20976,3.1192,69837.8
20977,3.116304,69840.914
20978,3.1141658,69844.03
20979,3.1136942,69847.15
20980,3.1151445,69850.266
20981,3.1173208,69853.38
20982,3.1190152,69856.5
20983,3.1200597,69859.62
20984,3.1217914,69862.74
20985,3.1237094,69865.87
20986,3.1229172,69868.99
20987,3.1213658,69872.12
20988,3.1202414,69875.234
20989,3.1188855,69878.35
20990,3.119395,69881.47
20991,3.119829,69884.586
20992,3.1227183,69887.71
20993,3.1259656,69890.836
20994,3.1287625,69893.96
20995,3.1311374,69897.09
20996,3.133071,69900.23
20997,3.134845,69903.36
20998,3.1351335,69906.49
20999,3.1345503,69909.625
21000,3.1323485,69912.76
21001,3.130727,69915.89
21002,3.1297457,69919.02
21003,3.1295266,69922.16
21004,3.1303475,69925.29
21005,3.1326525,69928.42
21006,3.1344237,69931.555
21007,3.1370852,69934.695
21008,3.1383564,69937.836
21009,3.1385002,69940.98
21010,3.1380672,69944.12
21011,3.138574,69947.26
21012,3.137774,69950.4
21013,3.1362317,69953.53
21014,3.135151,69956.664
21015,3.1342382,69959.8
21016,3.1329987,69962.93
21017,3.1322174,69966.06
21018,3.133196,69969.195
21019,3.1356235,69972.33
21020,3.137642,69975.47
21021,3.1389995,69978.61
21022,3.1403966,69981.75
21023,3.1410747,69984.89
21024,3.141482,69988.03
21025,3.1402943,69991.17
21026,3.1394162,69994.31
21027,3.1387444,69997.45
21028,3.1395028,70000.59
21029,3.140814,70003.734
21030,3.141656,70006.875
21031,3.142039,70010.016
21032,3.14254,70013.16
21033,3.1434605,70016.3
21034,3.1445792,70019.445
21035,3.1458328,70022.59
21036,3.14625,70025.74
21037,3.1457922,70028.89
21038,3.14437,70032.03
21039,3.1430545,70035.17
21040,3.144542,70038.32
21041,3.146601,70041.47
21042,3.1482553,70044.62
21043,3.1496215,70047.766
21044,3.1502342,70050.914
21045,3.15102,70054.06
21046,3.1495035,70057.21
21047,3.1457558,70060.36
21048,3.142355,70063.5
21049,3.1403978,70066.64
21050,3.140767,70069.78
21051,3.1413043,70072.92
21052,3.1408305,70076.06
21053,3.1396444,70079.2
21054,3.137947,70082.34
21055,3.136403,70085.48
21056,3.1344948,70088.61
21057,3.13352,70091.74
21058,3.1334372,70094.875
21059,3.1340716,70098.01
21060,3.134113,70101.14
21061,3.1317809,70104.27
21062,3.1276214,70107.4
21063,3.123898,70110.52
21064,3.1222692,70113.65
21065,3.1227672,70116.77
21066,3.1244364,70119.9
21067,3.126915,70123.02
21068,3.1286883,70126.15
21069,3.1296082,70129.28
21070,3.1307397,70132.414
21071,3.1322937,70135.55
21072,3.1340508,70138.68
21073,3.136237,70141.81
21074,3.138444,70144.95
21075,3.1389132,70148.09
21076,3.1382809,70151.234
21077,3.1380594,70154.375
21078,3.1395411,70157.516
21079,3.1427963,70160.66
21080,3.1457436,70163.805
21081,3.1474354,70166.95
21082,3.1485393,70170.1
21083,3.1498764,70173.25
21084,3.14976,70176.4
21085,3.147135,70179.55
21086,3.1452582,70182.695
21087,3.1449401,70185.84
21088,3.1462657,70188.99
21089,3.1478646,70192.14
21090,3.148021,70195.29
21091,3.1482708,70198.44
21092,3.1471987,70201.586
21093,3.1460626,70204.734
21094,3.144255,70207.875
21095,3.1424127,70211.016
21096,3.1413944,70214.16
21097,3.1405532,70217.3
21098,3.138244,70220.44
21099,3.1343787,70223.57
21100,3.1302626,70226.7
21101,3.1256762,70229.83
21102,3.12124,70232.95
21103,3.1165497,70236.07
21104,3.1129863,70239.18
21105,3.111374,70242.29
21106,3.1147366,70245.41
21107,3.1188338,70248.52
21108,3.1205156,70251.64
21109,3.1185777,70254.76
21110,3.1164966,70257.875
21111,3.1140344,70260.99
21112,3.1147387,70264.11
21113,3.1170816,70267.23
21114,3.1208713,70270.34
21115,3.1251945,70273.47
21116,3.127821,70276.59
21117,3.1283135,70279.72
21118,3.128081,70282.84
21119,3.1277862,70285.97
21120,3.129662,70289.1
21121,3.1328442,70292.234
21122,3.135879,70295.37
21123,3.1378798,70298.51
21124,3.1365395,70301.64
21125,3.1333394,70304.77
21126,3.1304355,70307.91
21127,3.1285324,70311.03
21128,3.1280499,70314.16
21129,3.1287408,70317.28
21130,3.1310394,70320.414
21131,3.1338763,70323.55
21132,3.1355233,70326.68
21133,3.1357317,70329.81
21134,3.134827,70332.945
21135,3.1345148,70336.08
21136,3.1342194,70339.21
21137,3.1344104,70342.34
21138,3.1350827,70345.48
21139,3.135625,70348.61
21140,3.1355898,70351.74
21141,3.1361601,70354.875
21142,3.1352925,70358.01
21143,3.1347585,70361.14
21144,3.1358545,70364.27
21145,3.1370864,70367.414
21146,3.1384387,70370.555
21147,3.1385574,70373.695
21148,3.1384444,70376.836
21149,3.1386185,70379.98
21150,3.1401668,70383.12
21151,3.1395276,70386.26
21152,3.1354141,70389.39
21153,3.1303089,70392.52
21154,3.1241748,70395.65
21155,3.118741,70398.766
21156,3.1143315,70401.88
21157,3.111776,70404.99
21158,3.1111014,70408.1
21159,3.1112545,70411.21
21160,3.1107287,70414.32
21161,3.111293,70417.43
21162,3.1125872,70420.54
21163,3.1143389,70423.66
21164,3.115359,70426.77
21165,3.115147,70429.89
21166,3.1134622,70433.01
21167,3.1110501,70436.12
21168,3.1097274,70439.23
21169,3.109733,70442.336
21170,3.1098642,70445.445
21171,3.1094882,70448.555
21172,3.109231,70451.664
21173,3.1091127,70454.77
21174,3.1094496,70457.88
21175,3.1098516,70460.99
21176,3.1110601,70464.1
21177,3.1125784,70467.21
21178,3.1136355,70470.33
21179,3.1140378,70473.445
21180,3.1136043,70476.56
21181,3.112596,70479.67
21182,3.111189,70482.78
21183,3.1099935,70485.89
21184,3.1087635,70489.0
21185,3.1071863,70492.11
21186,3.1042948,70495.21
21187,3.1001968,70498.31
21188,3.0945053,70501.41
21189,3.0870252,70504.49
21190,3.0766084,70507.57
21191,3.0670428,70510.64
21192,3.0605862,70513.7
21193,3.05948,70516.766
21194,3.0611706,70519.83
21195,3.0653718,70522.89
21196,3.071285,70525.96
21197,3.080375,70529.04
21198,3.090854,70532.13
21199,3.0989733,70535.234
21200,3.099242,70538.336
21201,3.0963256,70541.43
21202,3.0919356,70544.52
21203,3.0875185,70547.61
21204,3.0837886,70550.695
21205,3.0807269,70553.77
21206,3.0776591,70556.85
21207,3.073749,70559.92
21208,3.070342,70562.99
21209,3.066763,70566.06
21210,3.062206,70569.125
21211,3.0569518,70572.18
21212,3.0525472,70575.234
21213,3.0477605,70578.28
21214,3.042505,70581.32
21215,3.037153,70584.36
21216,3.0323095,70587.39
21217,3.026851,70590.414
21218,3.0203576,70593.44
21219,3.0131595,70596.45
21220,3.006727,70599.46
21221,3.000288,70602.46
21222,2.9942272,70605.45
21223,2.988072,70608.44
21224,2.9824317,70611.42
21225,2.9766932,70614.4
21226,2.9714782,70617.37
21227,2.966978,70620.336
21228,2.963518,70623.3
21229,2.960712,70626.26
21230,2.9585662,70629.22
21231,2.9573452,70632.18
21232,2.9567013,70635.13
21233,2.9569662,70638.086
21234,2.9576638,70641.05
21235,2.95864,70644.01
21236,2.9589605,70646.97
21237,2.958995,70649.93
21238,2.959278,70652.89
21239,2.9600778,70655.85
21240,2.9604897,70658.81
21241,2.9619088,70661.77
21242,2.963076,70664.734
21243,2.9647133,70667.695
21244,2.9661403,70670.664
21245,2.9676404,70673.63
21246,2.9681838,70676.6
21247,2.967449,70679.57
21248,2.9661114,70682.54
21249,2.965051,70685.51
21250,2.9641006,70688.47
21251,2.9637618,70691.43
21252,2.963023,70694.39
21253,2.962182,70697.35
21254,2.9613369,70700.31
21255,2.9612727,70703.27
21256,2.9624286,70706.234
21257,2.963635,70709.195
21258,2.9646945,70712.16
21259,2.965971,70715.125
21260,2.968176,70718.09
21261,2.9711173,70721.06
21262,2.973821,70724.04
21263,2.9757915,70727.016
21264,2.9790502,70729.99
21265,2.9805093,70732.98
21266,2.9830747,70735.96
21267,2.984163,70738.945
21268,2.9870327,70741.93
21269,2.988613,70744.92
21270,2.9902887,70747.914
21271,2.990075,70750.91
21272,2.989788,70753.9
21273,2.9887664,70756.89
21274,2.9873123,70759.875
21275,2.9869983,70762.86
21276,2.9873745,70765.84
21277,2.9879048,70768.83
21278,2.9877334,70771.81
21279,2.9879427,70774.8
21280,2.9880888,70777.78
21281,2.9872842,70780.766
21282,2.986817,70783.75
21283,2.9859421,70786.734
21284,2.9847631,70789.72
21285,2.9838333,70792.7
21286,2.9823837,70795.69
21287,2.980993,70798.67
21288,2.9793565,70801.65
21289,2.9775023,70804.625
21290,2.9749858,70807.6
21291,2.9722252,70810.57
21292,2.9695044,70813.54
21293,2.967497,70816.51
21294,2.9661856,70819.48
21295,2.964928,70822.445
21296,2.9632094,70825.41
21297,2.9617722,70828.37
21298,2.9608743,70831.33
21299,2.959936,70834.29
21300,2.9588966,70837.25
21301,2.957737,70840.21
21302,2.9555392,70843.164
21303,2.9535723,70846.12
21304,2.9522567,70849.07
21305,2.951324,70852.02
21306,2.950298,70854.98
21307,2.9494286,70857.93
21308,2.9484997,70860.875
21309,2.9475408,70863.82
21310,2.9466784,70866.766
21311,2.9461315,70869.71
21312,2.9455233,70872.66
21313,2.9452846,70875.6
21314,2.9443939,70878.55
21315,2.9433174,70881.49
21316,2.9421163,70884.44
21317,2.9416568,70887.38
21318,2.941812,70890.33
21319,2.9421108,70893.27
21320,2.941888,70896.22
21321,2.940807,70899.16
21322,2.938963,70902.09
21323,2.9372983,70905.03
21324,2.9357045,70907.97
21325,2.9343174,70910.91
21326,2.9327028,70913.836
21327,2.9315155,70916.766
21328,2.927739,70919.695
21329,2.9197927,70922.62
21330,2.9099495,70925.52
21331,2.9199886,70928.445
21332,2.9275153,70931.375
21333,2.9376085,70934.31
21334,2.9498863,70937.266
21335,2.9632976,70940.23
21336,2.9783304,70943.2
21337,3.0045235,70946.21
21338,3.0346353,70949.24
21339,3.070705,70952.31
21340,3.1015282,70955.414
21341,3.132184,70958.55
21342,3.1555984,70961.7
21343,3.1800172,70964.88
21344,3.2024155,70968.086
21345,3.2284331,70971.31
21346,3.2530117,70974.56
21347,3.2769415,70977.836
21348,3.2961636,70981.13
21349,3.3122842,70984.445
21350,3.3227065,70987.766
21351,3.3288968,70991.09
21352,3.3285363,70994.42
21353,3.3215213,70997.74
21354,3.2976785,71001.04
21355,3.2407074,71004.28
21356,3.1881976,71007.47
21357,3.1599898,71010.625
21358,3.1495311,71013.77
21359,3.147965,71016.92
21360,3.1505294,71020.07
21361,3.1538742,71023.23
21362,3.1580322,71026.38
21363,3.1618245,71029.55
21364,3.1653583,71032.71
21365,3.1688445,71035.88
21366,3.1716604,71039.055
21367,3.1738706,71042.23
21368,3.1749659,71045.4
21369,3.1755044,71048.57
21370,3.175736,71051.74
21371,3.1751206,71054.914
21372,3.1736689,71058.086
21373,3.171953,71061.26
21374,3.170478,71064.43
21375,3.1683102,71067.6
21376,3.165072,71070.766
21377,3.1607623,71073.93
21378,3.154143,71077.086
21379,3.1456854,71080.234
21380,3.134622,71083.37
21381,3.122649,71086.49
21382,3.1103935,71089.6
21383,3.099108,71092.7
21384,3.089624,71095.79
21385,3.0795126,71098.87
21386,3.0702078,71101.94
21387,3.0591214,71105.0
21388,3.0484815,71108.05
21389,3.0365534,71111.086
21390,3.024673,71114.11
21391,3.009259,71117.12
21392,2.9970882,71120.12
21393,2.988023,71123.1
21394,2.983588,71126.086
21395,2.9801235,71129.06
21396,2.9778812,71132.04
21397,2.977094,71135.016
21398,2.9784484,71137.99
21399,2.9800887,71140.97
21400,2.9828632,71143.95
21401,2.9864678,71146.94
21402,2.9901135,71149.93
21403,2.9926643,71152.92
21404,2.9943516,71155.914
21405,2.9954085,71158.91
21406,2.9971292,71161.91
21407,2.9979863,71164.91
21408,2.9982178,71167.91
21409,2.997515,71170.91
21410,2.9966097,71173.91
21411,2.9960678,71176.9
21412,2.9954226,71179.89
21413,2.9931123,71182.88
21414,2.9911041,71185.875
21415,2.9892974,71188.87
21416,2.987527,71191.85
21417,2.9854877,71194.836
21418,2.9841144,71197.82
21419,2.98388,71200.805
21420,2.9829853,71203.79
21421,2.9825997,71206.77
21422,2.981076,71209.76
21423,2.9792156,71212.734
21424,2.9763978,71215.71
21425,2.9733684,71218.69
21426,2.969903,71221.66
21427,2.9666393,71224.625
21428,2.9639904,71227.586
21429,2.9624732,71230.55
21430,2.9622278,71233.51
21431,2.961753,71236.47
21432,2.9595249,71239.43
21433,2.9580405,71242.39
21434,2.9559798,71245.34
21435,2.9529474,71248.3
21436,2.9491365,71251.24
21437,2.946245,71254.19
21438,2.9437892,71257.13
21439,2.941123,71260.07
21440,2.9352486,71263.01
21441,2.9278712,71265.94
21442,2.921013,71268.86
21443,2.9150174,71271.77
21444,2.9097595,71274.68
21445,2.904898,71277.586
21446,2.900439,71280.484
21447,2.896934,71283.38
21448,2.8935843,71286.27
21449,2.8910518,71289.164
21450,2.8876102,71292.055
21451,2.8843932,71294.94
21452,2.8810208,71297.82
21453,2.8782954,71300.695
21454,2.8755183,71303.57
21455,2.8742566,71306.445
21456,2.872741,71309.32
21457,2.8723395,71312.195
21458,2.8730636,71315.07
21459,2.875304,71317.945
21460,2.877799,71320.82
21461,2.8810549,71323.7
21462,2.8845904,71326.586
21463,2.8903472,71329.48
21464,2.9013412,71332.375
21465,2.9243948,71335.3
21466,2.9483156,71338.24
21467,2.9623394,71341.2
21468,2.9697227,71344.17
21469,2.9741232,71347.15
21470,2.975513,71350.125
21471,2.9778545,71353.1
21472,2.9800768,71356.08
21473,2.9822433,71359.06
21474,2.9837081,71362.05
21475,2.9842665,71365.03
21476,2.9842713,71368.016
21477,2.9836724,71371.0
21478,2.9826827,71373.984
21479,2.9807131,71376.97
21480,2.9776952,71379.945
21481,2.9742274,71382.92
21482,2.9711294,71385.89
21483,2.968186,71388.86
21484,2.9659154,71391.83
21485,2.9638762,71394.79
21486,2.962026,71397.75
21487,2.959754,71400.71
21488,2.957374,71403.67
21489,2.9546869,71406.625
21490,2.9522743,71409.58
21491,2.9496057,71412.53
21492,2.9469793,71415.48
21493,2.9439263,71418.42
21494,2.941209,71421.36
21495,2.938923,71424.3
21496,2.937184,71427.234
21497,2.9355822,71430.17
21498,2.934082,71433.11
21499,2.9327686,71436.04
21500,2.9321015,71438.97
21501,2.9311528,71441.9
21502,2.9320354,71444.83
21503,2.9351602,71447.766
21504,2.9433374,71450.71
21505,2.9545867,71453.664
21506,2.9680557,71456.63
21507,2.9832072,71459.62
21508,2.9979186,71462.62
21509,3.014668,71465.63
21510,3.0308285,71468.664
21511,3.0494897,71471.71
21512,3.0679839,71474.78
21513,3.0917566,71477.875
21514,3.1147635,71480.99
21515,3.1367617,71484.13
21516,3.1495574,71487.28
21517,3.1564202,71490.44
21518,3.155411,71493.59
21519,3.148682,71496.74
21520,3.129189,71499.875
21521,3.0935318,71502.97
21522,3.0558362,71506.02
21523,3.0310957,71509.055
21524,3.0207577,71512.08
21525,3.0173273,71515.09
21526,3.017029,71518.11
21527,3.0180166,71521.125
21528,3.0186014,71524.14
21529,3.0191019,71527.16
21530,3.0185711,71530.17
21531,3.0178177,71533.19
21532,3.0162914,71536.2
21533,3.0145242,71539.22
21534,3.0117426,71542.234
21535,3.0079293,71545.24
21536,3.0019236,71548.24
21537,2.994353,71551.234
21538,2.9838314,71554.22
21539,2.9718964,71557.19
21540,2.9566433,71560.14
21541,2.9387875,71563.08
21542,2.9157856,71565.99
21543,2.8911757,71568.88
21544,2.865885,71571.75
21545,2.841327,71574.59
21546,2.8138993,71577.41
21547,2.7810373,71580.19
21548,2.7440164,71582.93
21549,2.7029607,71585.63
21550,2.649089,71588.28
21551,2.560815,71590.84
21552,2.4748747,71593.32
21553,2.4014635,71595.72
21554,2.3656163,71598.086
21555,2.3419588,71600.43
21556,2.331326,71602.76
21557,2.3324392,71605.09
21558,2.3601503,71607.45
21559,2.4190114,71609.875
21560,2.4419215,71612.32
21561,2.4307587,71614.75
21562,2.340963,71617.09
21563,2.2923467,71619.38
21564,2.2675207,71621.65
21565,2.2474365,71623.9
21566,2.2342536,71626.13
21567,2.221857,71628.35
21568,2.2145622,71630.56
21569,2.2075315,71632.77
21570,2.2024755,71634.98
21571,2.1907158,71637.164
21572,2.1784263,71639.34
21573,2.166657,71641.51
21574,2.1590517,71643.664
21575,2.1498418,71645.81
21576,2.1396544,71647.95
21577,2.1308444,71650.086
21578,2.127096,71652.21
21579,2.126412,71654.336
21580,2.129589,71656.47
21581,2.1323497,71658.6
21582,2.13353,71660.734
21583,2.1310914,71662.87
21584,2.128377,71664.99
21585,2.1247334,71667.12
21586,2.1233354,71669.24
21587,2.1208992,71671.36
21588,2.118825,71673.48
21589,2.1144435,71675.59
21590,2.1112266,71677.7
21591,2.1070762,71679.81
21592,2.105796,71681.92
21593,2.1046977,71684.02
21594,2.1064534,71686.13
21595,2.10539,71688.234
21596,2.1028433,71690.336
21597,2.0988936,71692.44
21598,2.0944169,71694.53
21599,2.0879602,71696.62
21600,2.0841157,71698.7
21601,2.0812392,71700.78
21602,2.08162,71702.86
21603,2.0811443,71704.94
21604,2.0877724,71707.02
21605,2.0944116,71709.12
21606,2.1018836,71711.22
21607,2.1073847,71713.33
21608,2.1150866,71715.445
21609,2.1172426,71717.56
21610,2.1171646,71719.68
21611,2.114523,71721.8
21612,2.114032,71723.914
21613,2.113403,71726.03
21614,2.1177614,71728.15
21615,2.1245956,71730.27
21616,2.1344407,71732.41
21617,2.1443322,71734.55
21618,2.1539767,71736.7
21619,2.1617265,71738.87
21620,2.16898,71741.04
21621,2.1743896,71743.21
21622,2.1817806,71745.39
21623,2.1901383,71747.58
21624,2.1992548,71749.78
21625,2.2067351,71751.984
21626,2.216253,71754.2
21627,2.2257445,71756.43
21628,2.2382991,71758.67
21629,2.2509763,71760.92
21630,2.2615273,71763.18
21631,2.2687752,71765.445
21632,2.2725518,71767.72
21633,2.2727172,71769.99
21634,2.274269,71772.266
21635,2.2749765,71774.54
21636,2.2794285,71776.82
21637,2.2830439,71779.1
21638,2.2905366,71781.39
21639,2.3013804,71783.695
21640,2.3111784,71786.01
21641,2.3183439,71788.33
21642,2.3233542,71790.65
21643,2.3297281,71792.98
21644,2.338685,71795.31
21645,2.3431308,71797.66
21646,2.3453608,71800.0
21647,2.3453553,71802.34
21648,2.3486571,71804.695
21649,2.3502996,71807.05
21650,2.354059,71809.4
21651,2.3577747,71811.76
21652,2.3669477,71814.125
21653,2.3750908,71816.5
21654,2.3849165,71818.88
21655,2.3963602,71821.28
21656,2.4121552,71823.695
21657,2.421423,71826.12
21658,2.4232461,71828.54
21659,2.4217634,71830.96
21660,2.4419413,71833.41
21661,2.487528,71835.89
21662,2.4711535,71838.36
21663,2.4616292,71840.82
21664,2.5061247,71843.33
21665,2.453789,71845.78
21666,2.4643857,71848.24
21667,2.4734776,71850.72
21668,2.477058,71853.195
21669,2.480776,71855.68
21670,2.4875574,71858.164
21671,2.4948466,71860.66
21672,2.501158,71863.16
21673,2.509836,71865.664
21674,2.5212512,71868.19
21675,2.5331867,71870.72
21676,2.545589,71873.266
21677,2.556814,71875.82
21678,2.5621133,71878.38
21679,2.5619655,71880.945
21680,2.5613532,71883.51
21681,2.561904,71886.07
21682,2.5728672,71888.64
21683,2.588642,71891.23
21684,2.6056893,71893.836
21685,2.6223562,71896.46
21686,2.633815,71899.09
21687,2.6417923,71901.734
21688,2.6467712,71904.38
21689,2.6515493,71907.03
21690,2.6610415,71909.695
21691,2.6720805,71912.37
21692,2.6857858,71915.055
21693,2.6967554,71917.75
21694,2.7025588,71920.45
21695,2.7061727,71923.16
21696,2.7083766,71925.87
21697,2.7106533,71928.58
21698,2.7142293,71931.29
21699,2.7183516,71934.01
21700,2.7230158,71936.734
21701,2.7274218,71939.46
21702,2.7330241,71942.195
21703,2.7400692,71944.94
21704,2.7467425,71947.69
21705,2.7532942,71950.44
21706,2.758616,71953.195
21707,2.763141,71955.96
21708,2.7672477,71958.73
21709,2.7710211,71961.5
21710,2.771409,71964.27
21711,2.7699041,71967.05
21712,2.769575,71969.82
21713,2.7701306,71972.59
21714,2.771939,71975.37
21715,2.774444,71978.14
21716,2.77583,71980.914
21717,2.776252,71983.69
21718,2.7760527,71986.46
21719,2.7758455,71989.234
21720,2.77497,71992.01
21721,2.7751322,71994.78
21722,2.7750347,71997.555
21723,2.7744513,72000.33
21724,2.773696,72003.1
21725,2.773454,72005.875
21726,2.7720969,72008.65
21727,2.7701366,72011.42
21728,2.7705405,72014.195
21729,2.771963,72016.97
21730,2.7744012,72019.74
21731,2.7776184,72022.52
21732,2.7796974,72025.305
21733,2.7812467,72028.086
21734,2.7822576,72030.87
21735,2.7823663,72033.65
21736,2.7821693,72036.43
21737,2.782389,72039.21
21738,2.7834694,72041.99
21739,2.7849524,72044.77
21740,2.7862988,72047.56
21741,2.7879562,72050.35
21742,2.788117,72053.14
21743,2.7873187,72055.93
21744,2.7871423,72058.72
21745,2.7885094,72061.51
21746,2.7917743,72064.3
21747,2.794456,72067.09
21748,2.7963607,72069.89
21749,2.7979834,72072.69
21750,2.799366,72075.484
21751,2.801862,72078.29
21752,2.8045511,72081.09
21753,2.8071752,72083.9
21754,2.8081448,72086.7
21755,2.8097994,72089.516
21756,2.8105958,72092.33
21757,2.8100057,72095.14
21758,2.8084471,72097.945
21759,2.804651,72100.75
21760,2.8007152,72103.55
21761,2.7960305,72106.34
21762,2.793454,72109.14
21763,2.7919018,72111.93
21764,2.7919078,72114.72
21765,2.7929337,72117.51
21766,2.7940521,72120.305
21767,2.7936351,72123.1
21768,2.7922657,72125.89
21769,2.791067,72128.68
21770,2.7903697,72131.47
21771,2.7877536,72134.26
21772,2.784568,72137.04
21773,2.781281,72139.82
21774,2.7802668,72142.6
21775,2.7813656,72145.38
21776,2.7841818,72148.164
21777,2.7879176,72150.95
21778,2.790662,72153.74
21779,2.7924602,72156.53
21780,2.7929702,72159.33
21781,2.7923567,72162.12
21782,2.7928078,72164.91
21783,2.7924652,72167.695
21784,2.7925038,72170.484
21785,2.7932117,72173.28
21786,2.793648,72176.08
21787,2.794265,72178.875
21788,2.7936842,72181.67
21789,2.7931175,72184.47
21790,2.79407,72187.266
21791,2.7956285,72190.06
21792,2.797037,72192.86
21793,2.7987561,72195.66
21794,2.801553,72198.46
21795,2.8044612,72201.266
21796,2.8051245,72204.07
21797,2.8062832,72206.875
21798,2.8080342,72209.68
21799,2.8096259,72212.49
21800,2.8101797,72215.305
21801,2.810494,72218.12
21802,2.8100238,72220.93
21803,2.8092303,72223.74
21804,2.8091567,72226.555
21805,2.8095856,72229.37
21806,2.810267,72232.18
21807,2.8105538,72234.99
21808,2.8114104,72237.805
21809,2.8113635,72240.62
21810,2.8112178,72243.43
21811,2.811344,72246.24
21812,2.812997,72249.055
21813,2.8138652,72251.87
21814,2.8144372,72254.68
21815,2.8151596,72257.49
21816,2.8153183,72260.305
21817,2.8151088,72263.12
21818,2.8152444,72265.93
21819,2.8147457,72268.74
21820,2.8134656,72271.555
21821,2.811441,72274.37
21822,2.810132,72277.18
21823,2.8096838,72279.99
21824,2.8084917,72282.8
21825,2.8071356,72285.6
21826,2.8070714,72288.41
21827,2.8080075,72291.21
21828,2.8090737,72294.02
21829,2.810959,72296.836
21830,2.8123324,72299.65
21831,2.8144825,72302.46
21832,2.8161373,72305.27
21833,2.8176477,72308.09
21834,2.8182368,72310.914
21835,2.8191233,72313.734
21836,2.8191583,72316.555
21837,2.8194444,72319.375
21838,2.8195446,72322.195
21839,2.820332,72325.016
21840,2.820693,72327.836
21841,2.8212252,72330.66
21842,2.8211615,72333.48
21843,2.8206973,72336.3
21844,2.8201642,72339.12
21845,2.819739,72341.94
21846,2.820768,72344.76
21847,2.8226438,72347.58
21848,2.8238451,72350.4
21849,2.8236039,72353.22
21850,2.8238955,72356.04
21851,2.8239236,72358.86
21852,2.824303,72361.69
21853,2.8243968,72364.516
21854,2.8235478,72367.336
21855,2.8226895,72370.16
21856,2.8229702,72372.98
21857,2.8253043,72375.805
21858,2.8276372,72378.63
21859,2.8288486,72381.46
21860,2.827864,72384.29
21861,2.826051,72387.12
21862,2.82481,72389.945
21863,2.8244195,72392.77
21864,2.8246493,72395.6
21865,2.825646,72398.43
21866,2.8263206,72401.26
21867,2.8260357,72404.086
21868,2.8251204,72406.914
21869,2.8235707,72409.734
21870,2.8231869,72412.555
21871,2.8234313,72415.375
21872,2.8231099,72418.195
21873,2.8225052,72421.016
21874,2.8218024,72423.836
21875,2.8222194,72426.66
21876,2.8232558,72429.48
21877,2.8242846,72432.305
21878,2.8247805,72435.13
21879,2.825006,72437.96
21880,2.8254404,72440.79
21881,2.8259487,72443.62
21882,2.8268194,72446.445
21883,2.8268597,72449.27
21884,2.8263261,72452.1
21885,2.8252196,72454.93
21886,2.825103,72457.76
21887,2.825319,72460.586
21888,2.8258553,72463.414
21889,2.8260086,72466.24
21890,2.825386,72469.07
21891,2.8248172,72471.9
21892,2.8249202,72474.73
21893,2.8259811,72477.555
21894,2.8275037,72480.38
21895,2.8297884,72483.21
21896,2.8314884,72486.04
21897,2.8328927,72488.875
21898,2.831879,72491.7
21899,2.8297002,72494.53
21900,2.8273942,72497.36
21901,2.8258374,72500.19
21902,2.8249273,72503.016
21903,2.8241055,72505.836
21904,2.824422,72508.664
21905,2.8252664,72511.49
21906,2.826065,72514.32
21907,2.8257458,72517.15
21908,2.8264575,72519.98
21909,2.8278334,72522.805
21910,2.829675,72525.63
21911,2.8313048,72528.46
21912,2.8321564,72531.3
21913,2.8325667,72534.13
21914,2.8326488,72536.97
21915,2.8333542,72539.805
21916,2.8345044,72542.64
21917,2.8348632,72545.48
21918,2.8352544,72548.31
21919,2.8351228,72551.15
21920,2.835444,72553.984
21921,2.8348632,72556.82
21922,2.8340435,72559.66
21923,2.8332663,72562.49
21924,2.8327549,72565.33
21925,2.8318615,72568.16
21926,2.8304465,72570.984
21927,2.8296773,72573.81
21928,2.8278048,72576.64
21929,2.8256185,72579.47
21930,2.8235335,72582.29
21931,2.8217807,72585.11
21932,2.818926,72587.93
21933,2.814906,72590.74
21934,2.8110466,72593.555
21935,2.8078034,72596.36
21936,2.8067753,72599.164
21937,2.8068848,72601.97
21938,2.807187,72604.77
21939,2.806643,72607.58
21940,2.8053675,72610.38
21941,2.80304,72613.19
21942,2.7976499,72615.984
21943,2.7920167,72618.77
21944,2.7874496,72621.56
21945,2.784076,72624.34
21946,2.7820084,72627.125
21947,2.7793243,72629.91
21948,2.7763002,72632.68
21949,2.7747273,72635.45
21950,2.7768173,72638.23
21951,2.780389,72641.01
21952,2.783765,72643.79
21953,2.7868395,72646.58
21954,2.7890682,72649.37
21955,2.7927444,72652.16
21956,2.7974942,72654.95
21957,2.802562,72657.76
21958,2.8064427,72660.56
21959,2.8105528,72663.375
21960,2.8132076,72666.19
21961,2.815335,72669.0
21962,2.8167489,72671.82
21963,2.8173745,72674.64
21964,2.8170166,72677.46
21965,2.8167007,72680.28
21966,2.8167775,72683.1
21967,2.8177743,72685.92
21968,2.8183763,72688.74
21969,2.8188992,72691.56
21970,2.8188806,72694.38
21971,2.8187652,72697.2
21972,2.8184862,72700.02
21973,2.817096,72702.84
21974,2.81653,72705.664
21975,2.8158014,72708.48
21976,2.8156786,72711.29
21977,2.8167248,72714.11
21978,2.8177326,72716.93
21979,2.8181765,72719.75
21980,2.8171172,72722.57
21981,2.8139894,72725.38
21982,2.812825,72728.195
21983,2.811798,72731.01
21984,2.8125374,72733.82
21985,2.8132055,72736.63
21986,2.812971,72739.445
21987,2.8135545,72742.26
21988,2.8133442,72745.07
21989,2.8128698,72747.88
21990,2.812984,72750.695
21991,2.8122766,72753.51
21992,2.8138537,72756.32
21993,2.8156903,72759.13
21994,2.8171914,72761.95
21995,2.8178253,72764.77
21996,2.817555,72767.59
21997,2.8173306,72770.414
21998,2.8184416,72773.234
21999,2.820718,72776.055
22000,2.8234432,72778.875
22001,2.8262618,72781.7
22002,2.8282597,72784.53
22003,2.8310122,72787.36
22004,2.833669,72790.195
22005,2.837276,72793.03
22006,2.8407047,72795.875
22007,2.8439214,72798.72
22008,2.8461733,72801.56
22009,2.8476686,72804.414
22010,2.848036,72807.266
22011,2.8486147,72810.12
22012,2.8473978,72812.96
22013,2.8447423,72815.805
22014,2.842539,72818.65
22015,2.8408225,72821.49
22016,2.8403442,72824.336
22017,2.8400054,72827.18
22018,2.8392935,72830.016
22019,2.8392754,72832.85
22020,2.8400002,72835.695
22021,2.8411956,72838.54
22022,2.8414145,72841.38
22023,2.8416305,72844.23
22024,2.8409653,72847.07
22025,2.839278,72849.91
22026,2.8363984,72852.74
22027,2.834075,72855.58
22028,2.833143,72858.414
22029,2.8337975,72861.25
22030,2.8344514,72864.086
22031,2.8352878,72866.92
22032,2.8358252,72869.76
22033,2.8354592,72872.59
22034,2.834107,72875.43
22035,2.8321059,72878.266
22036,2.8310833,72881.09
22037,2.8302088,72883.92
22038,2.8286014,72886.75
22039,2.826341,72889.58
22040,2.8235443,72892.4
22041,2.8205736,72895.22
22042,2.8188756,72898.04
22043,2.818305,72900.86
22044,2.8185518,72903.68
22045,2.8194537,72906.5
22046,2.819821,72909.32
22047,2.8187804,72912.14
22048,2.8182843,72914.96
22049,2.8185985,72917.78
22050,2.819008,72920.6
22051,2.8196914,72923.42
22052,2.8200707,72926.24
22053,2.8208468,72929.06
22054,2.8216326,72931.88
22055,2.823169,72934.7
22056,2.8245735,72937.53
22057,2.8267567,72940.36
22058,2.8275576,72943.19
22059,2.8277462,72946.016
22060,2.8281415,72948.84
22061,2.8278692,72951.67
22062,2.8270712,72954.5
22063,2.8251476,72957.33
22064,2.8235378,72960.15
22065,2.822163,72962.97
22066,2.821968,72965.79
22067,2.8236184,72968.61
22068,2.8262722,72971.44
22069,2.829294,72974.266
22070,2.8302646,72977.09
22071,2.8289871,72979.92
22072,2.8279996,72982.75
22073,2.8270357,72985.58
22074,2.8259988,72988.41
22075,2.8244042,72991.234
22076,2.8227055,72994.055
22077,2.8217518,72996.875
22078,2.8219151,72999.695
22079,2.8211455,73002.516
22080,2.8202093,73005.336
22081,2.8197112,73008.16
22082,2.8196075,73010.98
22083,2.8193054,73013.8
22084,2.8198733,73016.62
22085,2.8207695,73019.44
22086,2.821354,73022.26
22087,2.8199966,73025.08
22088,2.818826,73027.9
22089,2.8176537,73030.72
22090,2.818556,73033.54
22091,2.8200421,73036.36
22092,2.821797,73039.18
22093,2.8237634,73042.0
22094,2.8242905,73044.83
22095,2.82262,73047.65
22096,2.81993,73050.47
22097,2.8174129,73053.29
22098,2.8160696,73056.1
22099,2.8160872,73058.914
22100,2.8171027,73061.734
22101,2.8179457,73064.555
22102,2.8184383,73067.375
22103,2.8183773,73070.195
22104,2.8190837,73073.016
22105,2.821469,73075.836
22106,2.8244743,73078.664
22107,2.8274367,73081.49
22108,2.8291605,73084.32
22109,2.8300738,73087.15
22110,2.8301244,73089.98
22111,2.8298798,73092.805
22112,2.8301096,73095.63
22113,2.8302913,73098.46
22114,2.830398,73101.29
22115,2.8301713,73104.12
22116,2.830143,73106.945
22117,2.8305817,73109.77
22118,2.8317506,73112.6
22119,2.83252,73115.44
22120,2.8313527,73118.266
22121,2.8293831,73121.09
22122,2.827664,73123.92
22123,2.8263943,73126.75
22124,2.8255877,73129.58
22125,2.825624,73132.41
22126,2.8267055,73135.234
22127,2.827264,73138.06
22128,2.8275516,73140.89
22129,2.8280873,73143.72
22130,2.8267345,73146.55
22131,2.8238437,73149.37
22132,2.8199618,73152.19
22133,2.8162367,73155.0
22134,2.8139095,73157.81
22135,2.8127313,73160.625
22136,2.8132815,73163.44
22137,2.8152547,73166.25
22138,2.8178973,73169.07
22139,2.8204172,73171.89
22140,2.8223486,73174.71
22141,2.8229983,73177.53
22142,2.823419,73180.35
22143,2.8241382,73183.17
22144,2.8251429,73186.0
22145,2.8268492,73188.83
22146,2.8287222,73191.66
22147,2.830604,73194.484
22148,2.8314395,73197.31
22149,2.8311,73200.14
22150,2.8307796,73202.97
22151,2.8302383,73205.8
22152,2.8300395,73208.625
22153,2.8301742,73211.45
22154,2.830001,73214.28
22155,2.8299978,73217.11
22156,2.8307018,73219.94
22157,2.8327136,73222.77
22158,2.8340027,73225.61
22159,2.8359714,73228.445
22160,2.836194,73231.28
22161,2.8348122,73234.12
22162,2.8325336,73236.95
22163,2.829572,73239.78
22164,2.827347,73242.61
22165,2.8257983,73245.44
22166,2.825179,73248.266
22167,2.825996,73251.09
22168,2.8266938,73253.92
22169,2.82704,73256.75
22170,2.8267865,73259.58
22171,2.825622,73262.41
22172,2.824208,73265.23
22173,2.8219008,73268.05
22174,2.8203642,73270.87
22175,2.820475,73273.69
22176,2.8198113,73276.51
22177,2.8188677,73279.33
22178,2.8180587,73282.15
22179,2.8170722,73284.97
22180,2.816474,73287.79
22181,2.8173494,73290.61
22182,2.818409,73293.43
22183,2.8202035,73296.25
22184,2.822097,73299.07
22185,2.824526,73301.9
22186,2.8258455,73304.73
22187,2.8267148,73307.555
22188,2.8274527,73310.38
22189,2.8273714,73313.21
22190,2.826342,73316.04
22191,2.8244839,73318.87
22192,2.8245614,73321.695
22193,2.8253875,73324.52
22194,2.8254883,73327.35
22195,2.8244927,73330.18
22196,2.8228414,73333.0
22197,2.8207016,73335.82
22198,2.8199952,73338.64
22199,2.8206148,73341.46
22200,2.8206747,73344.28
22201,2.8201952,73347.1
22202,2.8193111,73349.92
22203,2.817519,73352.74
22204,2.8172104,73355.56
22205,2.8171377,73358.38
22206,2.8173616,73361.2
22207,2.8178241,73364.02
22208,2.818122,73366.84
22209,2.8181002,73369.664
22210,2.8172286,73372.484
22211,2.8166943,73375.305
22212,2.8163676,73378.12
22213,2.8169513,73380.94
22214,2.8169343,73383.76
22215,2.8170073,73386.58
22216,2.8167129,73389.4
22217,2.8166738,73392.22
22218,2.8156526,73395.03
22219,2.8139052,73397.84
22220,2.8124535,73400.66
22221,2.810632,73403.47
22222,2.809743,73406.28
22223,2.8088205,73409.09
22224,2.809117,73411.91
22225,2.809915,73414.72
22226,2.810838,73417.53
22227,2.8116977,73420.34
22228,2.8122368,73423.16
22229,2.8130832,73425.97
22230,2.8133109,73428.78
22231,2.813905,73431.59
22232,2.8144486,73434.41
22233,2.815384,73437.22
22234,2.8168457,73440.04
22235,2.8186505,73442.86
22236,2.8188086,73445.68
22237,2.818173,73448.5
22238,2.8165848,73451.32
22239,2.814,73454.13
22240,2.8131378,73456.945
22241,2.8133745,73459.76
22242,2.813733,73462.57
22243,2.8137758,73465.38
22244,2.8126118,73468.195
22245,2.8115277,73471.01
22246,2.811571,73473.82
22247,2.8123982,73476.63
22248,2.8127491,73479.445
22249,2.8118477,73482.26
22250,2.8122637,73485.07
22251,2.8121665,73487.88
22252,2.813168,73490.695
22253,2.8141232,73493.51
22254,2.8147633,73496.32
22255,2.8151212,73499.13
22256,2.8163998,73501.945
22257,2.8183243,73504.766
22258,2.8198211,73507.586
22259,2.8203843,73510.41
22260,2.8197112,73513.23
22261,2.818417,73516.05
22262,2.8171377,73518.87
22263,2.8163683,73521.68
22264,2.8157353,73524.49
22265,2.814458,73527.305
22266,2.811755,73530.12
22267,2.8089669,73532.93
22268,2.8095672,73535.74
22269,2.8116012,73538.555
22270,2.8142648,73541.37
22271,2.8165483,73544.19
22272,2.81712,73547.01
22273,2.8171349,73549.83
22274,2.8157122,73552.64
22275,2.814871,73555.45
22276,2.8156247,73558.266
22277,2.818415,73561.086
22278,2.8192215,73563.91
22279,2.8183823,73566.73
22280,2.8164313,73569.55
22281,2.814534,73572.36
22282,2.8108149,73575.17
22283,2.8073788,73577.98
22284,2.8053732,73580.78
22285,2.8036249,73583.586
22286,2.8037589,73586.39
22287,2.8036702,73589.195
22288,2.8036258,73592.0
22289,2.8046682,73594.805
22290,2.807675,73597.61
22291,2.8104317,73600.42
22292,2.8121557,73603.234
22293,2.8135846,73606.05
22294,2.8138418,73608.86
22295,2.8141785,73611.67
22296,2.8152733,73614.484
22297,2.8173845,73617.305
22298,2.818413,73620.125
22299,2.818729,73622.945
22300,2.8193872,73625.766
22301,2.8194058,73628.586
22302,2.8205113,73631.41
22303,2.8223937,73634.23
22304,2.823744,73637.05
22305,2.8243957,73639.875
22306,2.8250127,73642.7
22307,2.8253767,73645.53
22308,2.8253372,73648.36
22309,2.8246722,73651.19
22310,2.8251314,73654.016
22311,2.8259017,73656.84
22312,2.8268635,73659.67
22313,2.8273337,73662.5
22314,2.826814,73665.33
22315,2.826667,73668.16
22316,2.8269427,73670.984
22317,2.8276384,73673.81
22318,2.827092,73676.64
22319,2.8249736,73679.47
22320,2.8233526,73682.29
22321,2.8227499,73685.11
22322,2.8237991,73687.93
22323,2.825214,73690.76
22324,2.825734,73693.586
22325,2.8260279,73696.414
22326,2.824852,73699.24
22327,2.8224456,73702.06
22328,2.8198502,73704.88
22329,2.817045,73707.7
22330,2.8148122,73710.516
22331,2.8129845,73713.33
22332,2.812257,73716.14
22333,2.8118734,73718.95
22334,2.8116934,73721.766
22335,2.8122208,73724.58
22336,2.812709,73727.39
22337,2.81302,73730.2
22338,2.8131607,73733.016
22339,2.8138309,73735.83
22340,2.8141375,73738.64
22341,2.8157363,73741.45
22342,2.8162274,73744.266
22343,2.8164113,73747.086
22344,2.816363,73749.9
22345,2.817531,73752.72
22346,2.819283,73755.54
22347,2.8216531,73758.36
22348,2.8225925,73761.18
22349,2.8226082,73764.0
22350,2.822788,73766.82
22351,2.8236878,73769.64
22352,2.8257134,73772.47
22353,2.8282583,73775.3
22354,2.8296878,73778.125
22355,2.830617,73780.95
22356,2.8313143,73783.78
22357,2.8323069,73786.62
22358,2.8320775,73789.45
22359,2.8315988,73792.28
22360,2.8306634,73795.11
22361,2.8298776,73797.94
22362,2.8280652,73800.766
22363,2.8253055,73803.59
22364,2.823101,73806.414
22365,2.8213816,73809.234
22366,2.8206007,73812.055
22367,2.8202107,73814.875
22368,2.8198433,73817.695
22369,2.8196568,73820.516
22370,2.8198211,73823.336
22371,2.8204741,73826.16
22372,2.8202634,73828.98
22373,2.819586,73831.8
22374,2.8189993,73834.62
22375,2.818454,73837.44
22376,2.8189435,73840.26
22377,2.819659,73843.08
22378,2.821233,73845.9
22379,2.8230493,73848.72
22380,2.8234777,73851.54
22381,2.8230143,73854.36
22382,2.8220513,73857.18
22383,2.819712,73860.0
22384,2.8181982,73862.82
22385,2.8174732,73865.64
22386,2.8175461,73868.46
22387,2.8170986,73871.28
22388,2.8166997,73874.1
22389,2.8165696,73876.92
22390,2.8163052,73879.734
22391,2.8146245,73882.55
22392,2.8130286,73885.36
22393,2.8127804,73888.17
22394,2.8144217,73890.984
22395,2.8167984,73893.805
22396,2.8175921,73896.625
22397,2.8175247,73899.445
22398,2.8169427,73902.266
22399,2.818336,73905.086
22400,2.8219178,73907.91
22401,2.8262699,73910.734
22402,2.829735,73913.56
22403,2.832082,73916.4
22404,2.833388,73919.234
22405,2.8348343,73922.07
22406,2.8352845,73924.91
22407,2.8342264,73927.74
22408,2.8314612,73930.57
22409,2.828283,73933.4
22410,2.8264992,73936.23
22411,2.8251925,73939.055
22412,2.8245544,73941.88
22413,2.823144,73944.7
22414,2.8228946,73947.52
22415,2.8230486,73950.34
22416,2.8232894,73953.164
22417,2.8227444,73955.984
22418,2.8209288,73958.805
22419,2.8194878,73961.625
22420,2.818776,73964.445
22421,2.8181906,73967.266
22422,2.8180246,73970.086
22423,2.8181431,73972.91
22424,2.8181365,73975.73
22425,2.8182013,73978.55
22426,2.8192258,73981.37
22427,2.8200595,73984.19
22428,2.819624,73987.01
22429,2.8192108,73989.83
22430,2.8195708,73992.65
22431,2.8204424,73995.47
22432,2.8199959,73998.29
22433,2.8185844,74001.11
22434,2.8166478,74003.93
22435,2.8153133,74006.74
22436,2.8136163,74009.555
22437,2.8111236,74012.37
22438,2.8083215,74015.17
22439,2.8051305,74017.98
22440,2.8034081,74020.78
22441,2.8025384,74023.586
22442,2.8018253,74026.39
22443,2.8018575,74029.195
22444,2.8023763,74032.0
22445,2.8041341,74034.805
22446,2.8057394,74037.61
22447,2.8080895,74040.414
22448,2.8090525,74043.23
22449,2.8103764,74046.04
22450,2.8108525,74048.85
22451,2.8100307,74051.664
22452,2.808251,74054.47
22453,2.8042812,74057.27
22454,2.801208,74060.08
22455,2.800816,74062.88
22456,2.801257,74065.69
22457,2.8022835,74068.49
22458,2.8039117,74071.3
22459,2.8061645,74074.1
22460,2.8075728,74076.91
22461,2.8087714,74079.72
22462,2.8079169,74082.52
22463,2.8050427,74085.33
22464,2.8042417,74088.13
22465,2.804741,74090.94
22466,2.8077319,74093.74
22467,2.811676,74096.555
22468,2.816366,74099.37
22469,2.8213086,74102.19
22470,2.8255424,74105.016
22471,2.828979,74107.84
22472,2.830824,74110.67
22473,2.83138,74113.5
22474,2.8313735,74116.33
22475,2.8309348,74119.16
22476,2.829539,74121.984
22477,2.826817,74124.81
22478,2.8235445,74127.63
22479,2.8195064,74130.45
22480,2.8163152,74133.266
22481,2.8133266,74136.08
22482,2.8113794,74138.89
22483,2.8089774,74141.7
22484,2.8081808,74144.51
22485,2.8076808,74147.31
22486,2.8090565,74150.125
22487,2.810524,74152.94
22488,2.813893,74155.75
22489,2.816681,74158.57
22490,2.8175414,74161.39
22491,2.8173895,74164.21
22492,2.8138418,74167.02
22493,2.8099322,74169.836
22494,2.8091927,74172.65
22495,2.8086987,74175.46
22496,2.8085294,74178.266
22497,2.8066533,74181.07
22498,2.8061657,74183.875
22499,2.8052454,74186.68
22500,2.805324,74189.484
22501,2.8059597,74192.29
22502,2.8053017,74195.09
22503,2.8032558,74197.9
22504,2.8014805,74200.7
22505,2.801244,74203.51
22506,2.8030932,74206.31
22507,2.8066537,74209.12
22508,2.810197,74211.93
22509,2.8127403,74214.74
22510,2.8140686,74217.555
22511,2.8143811,74220.37
22512,2.815723,74223.18
22513,2.8193505,74226.0
22514,2.8220677,74228.82
22515,2.82404,74231.64
22516,2.8252208,74234.47
22517,2.827418,74237.3
22518,2.8296976,74240.125
22519,2.8314452,74242.95
22520,2.8306699,74245.78
22521,2.8286617,74248.61
22522,2.8271856,74251.44
22523,2.8257096,74254.266
22524,2.8250132,74257.09
22525,2.8246841,74259.92
22526,2.8236086,74262.74
22527,2.82242,74265.56
22528,2.8220568,74268.38
22529,2.8228672,74271.2
22530,2.8232584,74274.02
22531,2.823411,74276.84
22532,2.8232498,74279.664
22533,2.823538,74282.484
22534,2.8242188,74285.31
22535,2.8254607,74288.14
22536,2.826593,74290.97
22537,2.827916,74293.8
22538,2.8282049,74296.625
22539,2.8284938,74299.45
22540,2.8283637,74302.28
22541,2.8278658,74305.11
22542,2.8286219,74307.94
22543,2.829188,74310.766
22544,2.8298235,74313.59
22545,2.8306866,74316.42
22546,2.8310738,74319.25
22547,2.830155,74322.08
22548,2.8296633,74324.91
22549,2.8295898,74327.734
22550,2.8291473,74330.56
22551,2.829419,74333.39
22552,2.8284721,74336.22
22553,2.827662,74339.05
22554,2.8267574,74341.875
22555,2.8262146,74344.7
22556,2.8270526,74347.53
22557,2.8285573,74350.36
22558,2.8302386,74353.19
22559,2.8306253,74356.016
22560,2.8302495,74358.84
22561,2.8306143,74361.67
22562,2.8310437,74364.5
22563,2.8316066,74367.33
22564,2.831033,74370.16
22565,2.830986,74372.984
22566,2.8304434,74375.81
22567,2.8301384,74378.64
22568,2.8297198,74381.47
22569,2.8288074,74384.3
22570,2.8272054,74387.125
22571,2.8253653,74389.95
22572,2.8237479,74392.77
22573,2.8219302,74395.59
22574,2.8205721,74398.414
22575,2.8186407,74401.234
22576,2.8178258,74404.055
22577,2.817593,74406.875
22578,2.817691,74409.695
22579,2.817395,74412.516
22580,2.8166668,74415.336
22581,2.8164392,74418.16
22582,2.816314,74420.97
22583,2.8160346,74423.78
22584,2.8158422,74426.59
22585,2.8159432,74429.41
22586,2.8157582,74432.22
22587,2.8165865,74435.04
22588,2.817138,74437.86
22589,2.817139,74440.68
22590,2.8173969,74443.5
22591,2.817481,74446.32
22592,2.81835,74449.14
22593,2.8202538,74451.96
22594,2.8233318,74454.78
22595,2.825458,74457.61
22596,2.8254793,74460.44
22597,2.8237042,74463.26
22598,2.8220785,74466.08
22599,2.820588,74468.9
22600,2.819748,74471.72
22601,2.8184412,74474.54
22602,2.8182387,74477.36
22603,2.8194132,74480.18
22604,2.821477,74483.0
22605,2.8236842,74485.82
22606,2.8248398,74488.65
22607,2.825252,74491.48
22608,2.8239653,74494.3
22609,2.8221698,74497.12
22610,2.8212576,74499.94
22611,2.820363,74502.76
22612,2.8201,74505.58
22613,2.8202362,74508.4
22614,2.8224564,74511.22
22615,2.8242962,74514.05
22616,2.8253021,74516.875
22617,2.8265536,74519.7
22618,2.8279393,74522.53
22619,2.8293512,74525.36
22620,2.830268,74528.19
22621,2.83154,74531.016
22622,2.8330705,74533.85
22623,2.833883,74536.69
22624,2.8336108,74539.52
22625,2.8328006,74542.36
22626,2.8313892,74545.19
22627,2.8302016,74548.016
22628,2.8290198,74550.84
22629,2.8275926,74553.67
22630,2.8260384,74556.5
22631,2.8254352,74559.33
22632,2.8252447,74562.16
22633,2.8249714,74564.984
22634,2.8248184,74567.81
22635,2.824245,74570.64
22636,2.8240967,74573.46
22637,2.8244526,74576.29
22638,2.8253698,74579.12
22639,2.8262172,74581.945
22640,2.8268063,74584.77
22641,2.8276327,74587.6
22642,2.8288054,74590.43
22643,2.829848,74593.26
22644,2.8304281,74596.086
22645,2.830864,74598.914
22646,2.83053,74601.74
22647,2.828757,74604.57
22648,2.825714,74607.4
22649,2.8242388,74610.23
22650,2.8231683,74613.05
22651,2.822774,74615.87
22652,2.8222823,74618.69
22653,2.8214614,74621.51
22654,2.8203452,74624.33
22655,2.8196416,74627.15
22656,2.8190048,74629.97
22657,2.81858,74632.79
22658,2.8179672,74635.61
22659,2.8173,74638.43
22660,2.8173697,74641.25
22661,2.8180356,74644.07
22662,2.8204534,74646.89
22663,2.824441,74649.72
22664,2.8275259,74652.55
22665,2.8297281,74655.375
22666,2.829793,74658.2
22667,2.8289921,74661.03
22668,2.8277602,74663.86
22669,2.826867,74666.69
22670,2.8262298,74669.516
22671,2.8260903,74672.34
22672,2.8252864,74675.17
22673,2.8228683,74677.99
22674,2.819808,74680.81
22675,2.816956,74683.63
22676,2.8152175,74686.445
22677,2.8125885,74689.26
22678,2.8105125,74692.07
22679,2.808431,74694.875
22680,2.8087935,74697.69
22681,2.8098252,74700.5
22682,2.811105,74703.31
22683,2.8135982,74706.125
22684,2.8152077,74708.94
22685,2.8159845,74711.75
22686,2.8158464,74714.56
22687,2.8163638,74717.375
22688,2.8162706,74720.19
22689,2.815186,74723.0
22690,2.8142488,74725.81
22691,2.8128176,74728.625
22692,2.812004,74731.44
22693,2.812233,74734.25
22694,2.8130245,74737.06
22695,2.81298,74739.875
22696,2.812383,74742.69
22697,2.8118498,74745.5
22698,2.8135524,74748.31
22699,2.8146212,74751.125
22700,2.8150923,74753.94
22701,2.8150074,74756.75
22702,2.8142843,74759.56
22703,2.8131769,74762.375
22704,2.8126183,74765.19
22705,2.8117905,74768.0
22706,2.8109877,74770.81
22707,2.8109272,74773.625
22708,2.8122997,74776.44
22709,2.8135865,74779.25
22710,2.8149037,74782.06
22711,2.815576,74784.875
22712,2.8153863,74787.69
22713,2.814629,74790.5
22714,2.812505,74793.31
22715,2.809513,74796.125
22716,2.8073757,74798.93
22717,2.8061419,74801.734
22718,2.8063226,74804.54
22719,2.8066652,74807.34
22720,2.8067124,74810.15
22721,2.8068216,74812.95
22722,2.8066442,74815.76
22723,2.8059912,74818.56
22724,2.8068142,74821.37
22725,2.8077037,74824.17
22726,2.809795,74826.984
22727,2.812729,74829.8
22728,2.8146384,74832.61
22729,2.8163095,74835.42
22730,2.8167586,74838.24
22731,2.8167953,74841.06
22732,2.818244,74843.88
22733,2.820234,74846.7
22734,2.8219702,74849.52
22735,2.823956,74852.34
22736,2.825793,74855.17
22737,2.8277256,74858.0
22738,2.8291137,74860.83
22739,2.829581,74863.66
22740,2.8294346,74866.484
22741,2.828974,74869.31
22742,2.8287027,74872.14
22743,2.8292928,74874.97
22744,2.8286703,74877.8
22745,2.8277042,74880.625
22746,2.8272893,74883.45
22747,2.8286393,74886.28
22748,2.8286202,74889.11
22749,2.827067,74891.94
22750,2.8242188,74894.766
22751,2.8216214,74897.586
22752,2.8204358,74900.41
22753,2.819613,74903.23
22754,2.8188906,74906.05
22755,2.8184328,74908.87
22756,2.8177984,74911.69
22757,2.8178701,74914.51
22758,2.8170738,74917.33
22759,2.815455,74920.14
22760,2.814886,74922.95
22761,2.8148882,74925.766
22762,2.815599,74928.58
22763,2.816143,74931.39
22764,2.8171914,74934.21
22765,2.8183424,74937.03
22766,2.8206515,74939.85
22767,2.822631,74942.67
22768,2.8237503,74945.49
22769,2.8257396,74948.32
22770,2.8274105,74951.15
22771,2.8282115,74953.98
22772,2.8276346,74956.805
22773,2.826143,74959.63
22774,2.8260152,74962.46
22775,2.8279703,74965.29
22776,2.830732,74968.12
22777,2.8328912,74970.95
22778,2.8338156,74973.79
22779,2.8336632,74976.625
22780,2.8340511,74979.46
22781,2.8344686,74982.3
22782,2.83479,74985.13
22783,2.8352225,74987.97
22784,2.8356035,74990.805
22785,2.8351638,74993.64
22786,2.8335748,74996.48
22787,2.831986,74999.305
22788,2.8306842,75002.13
22789,2.830041,75004.96
22790,2.8290982,75007.79
22791,2.8282497,75010.62
22792,2.829018,75013.445
22793,2.8305776,75016.27
22794,2.8320038,75019.1
22795,2.832343,75021.94
22796,2.8313324,75024.766
22797,2.8296258,75027.59
22798,2.8263714,75030.42
22799,2.8227532,75033.24
22800,2.819829,75036.06
22801,2.817526,75038.88
22802,2.8159585,75041.695
22803,2.8131454,75044.51
22804,2.8111546,75047.32
22805,2.8092785,75050.13
22806,2.808518,75052.94
22807,2.8084097,75055.74
22808,2.8080924,75058.55
22809,2.8085263,75061.35
22810,2.8092356,75064.164
22811,2.8110738,75066.98
22812,2.812653,75069.79
22813,2.813603,75072.6
22814,2.8127053,75075.414
22815,2.810084,75078.23
22816,2.8086648,75081.04
22817,2.807929,75083.84
22818,2.8078647,75086.65
22819,2.8074265,75089.45
22820,2.8058333,75092.26
22821,2.8042583,75095.06
22822,2.8036947,75097.87
22823,2.8034346,75100.67
22824,2.8053753,75103.48
22825,2.8090324,75106.29
22826,2.812723,75109.1
22827,2.817326,75111.92
22828,2.820434,75114.74
22829,2.821721,75117.56
22830,2.821659,75120.38
22831,2.8215375,75123.2
22832,2.8203685,75126.02
22833,2.818098,75128.84
22834,2.8163114,75131.66
22835,2.8145485,75134.47
22836,2.8138416,75137.28
22837,2.813863,75140.09
22838,2.8130655,75142.91
22839,2.8114548,75145.72
22840,2.810305,75148.53
22841,2.8110855,75151.34
22842,2.8135316,75154.16
22843,2.8150756,75156.97
22844,2.8146996,75159.78
22845,2.8132777,75162.59
22846,2.8116755,75165.41
22847,2.8079927,75168.21
22848,2.8043377,75171.016
22849,2.8006988,75173.81
22850,2.8002193,75176.61
22851,2.8010345,75179.414
22852,2.803775,75182.22
22853,2.80621,75185.02
22854,2.8091168,75187.836
22855,2.812035,75190.65
22856,2.8134878,75193.46
22857,2.8129308,75196.27
22858,2.8121736,75199.086
22859,2.8110223,75201.9
22860,2.8107708,75204.71
22861,2.811217,75207.52
22862,2.8114235,75210.336
22863,2.8104439,75213.15
22864,2.8101044,75215.96
22865,2.810145,75218.77
22866,2.81057,75221.586
22867,2.811335,75224.4
22868,2.81156,75227.21
22869,2.810883,75230.02
22870,2.811301,75232.836
22871,2.8119462,75235.65
22872,2.8115947,75238.46
22873,2.8111637,75241.27
22874,2.8115969,75244.086
22875,2.8129842,75246.9
22876,2.8151162,75249.71
22877,2.817766,75252.53
22878,2.8190703,75255.35
22879,2.820064,75258.17
22880,2.8204272,75260.99
22881,2.819082,75263.81
22882,2.8175073,75266.63
22883,2.8184187,75269.45
22884,2.821259,75272.27
22885,2.8240705,75275.09
22886,2.8247955,75277.92
22887,2.8242888,75280.75
22888,2.8236628,75283.57
22889,2.8221972,75286.39
22890,2.821493,75289.21
22891,2.8204956,75292.03
22892,2.8204403,75294.85
22893,2.8202786,75297.67
22894,2.821343,75300.49
22895,2.8237276,75303.31
22896,2.8262928,75306.14
22897,2.8285875,75308.97
22898,2.828994,75311.8
22899,2.8297052,75314.625
22900,2.8293674,75317.45
22901,2.8298314,75320.28
22902,2.830827,75323.11
22903,2.8328693,75325.945
22904,2.8348093,75328.78
22905,2.837051,75331.62
22906,2.8379192,75334.45
22907,2.8369772,75337.29
22908,2.8351827,75340.125
22909,2.8342044,75342.96
22910,2.8335428,75345.8
22911,2.833866,75348.63
22912,2.8344007,75351.47
22913,2.835355,75354.305
22914,2.8368547,75357.14
22915,2.8379903,75359.98
22916,2.8383276,75362.81
22917,2.8386095,75365.65
22918,2.8386884,75368.484
22919,2.8381865,75371.32
22920,2.8366246,75374.16
22921,2.8336987,75376.99
22922,2.8324754,75379.83
22923,2.8323147,75382.664
22924,2.8321416,75385.5
22925,2.8318944,75388.33
22926,2.8316216,75391.16
22927,2.8323908,75393.99
22928,2.8338635,75396.83
22929,2.835061,75399.664
22930,2.8360748,75402.5
22931,2.836271,75405.336
22932,2.8369262,75408.17
22933,2.8379831,75411.01
22934,2.8386362,75413.84
22935,2.838258,75416.68
22936,2.8374643,75419.516
22937,2.836665,75422.35
22938,2.8357005,75425.19
22939,2.8355224,75428.02
22940,2.8348806,75430.86
22941,2.833046,75433.695
22942,2.8303304,75436.52
22943,2.828254,75439.35
22944,2.8271441,75442.18
22945,2.8269253,75445.01
22946,2.8264363,75447.836
22947,2.8263783,75450.664
22948,2.8254993,75453.49
22949,2.8246214,75456.32
22950,2.8235118,75459.14
22951,2.822753,75461.96
22952,2.8230484,75464.78
22953,2.823973,75467.6
22954,2.8252761,75470.43
22955,2.82555,75473.26
22956,2.8236794,75476.08
22957,2.8191185,75478.9
22958,2.8157823,75481.71
22959,2.8131835,75484.52
22960,2.8124013,75487.336
22961,2.8128476,75490.15
22962,2.814027,75492.96
22963,2.8151681,75495.77
22964,2.814704,75498.586
22965,2.8132355,75501.4
22966,2.8111215,75504.21
22967,2.809604,75507.02
22968,2.8084776,75509.83
22969,2.80633,75512.63
22970,2.8042068,75515.44
22971,2.8015435,75518.24
22972,2.8008177,75521.05
22973,2.8011475,75523.85
22974,2.8029222,75526.66
22975,2.8061666,75529.46
22976,2.809527,75532.27
22977,2.811524,75535.086
22978,2.8123012,75537.9
22979,2.8135488,75540.71
22980,2.8140242,75543.52
22981,2.814373,75546.336
22982,2.8157144,75549.15
22983,2.8179927,75551.97
22984,2.820376,75554.79
22985,2.8215485,75557.61
22986,2.823237,75560.43
22987,2.82529,75563.26
22988,2.8270824,75566.086
22989,2.8274312,75568.914
22990,2.82592,75571.74
22991,2.8241467,75574.56
22992,2.8231654,75577.38
22993,2.8237085,75580.2
22994,2.823913,75583.02
22995,2.8240051,75585.84
22996,2.8226156,75588.664
22997,2.8209827,75591.484
22998,2.819651,75594.305
22999,2.8178437,75597.125
23000,2.8167107,75599.945
23001,2.8163579,75602.76
23002,2.8163946,75605.57
23003,2.8170137,75608.39
23004,2.8162856,75611.2
23005,2.814832,75614.016
23006,2.812998,75616.83
23007,2.8111546,75619.64
23008,2.8093112,75622.45
23009,2.808367,75625.26
23010,2.8072853,75628.06
23011,2.8066008,75630.87
23012,2.8051589,75633.67
23013,2.8040261,75636.48
23014,2.8043826,75639.28
23015,2.806099,75642.086
23016,2.8077004,75644.89
23017,2.8087542,75647.7
23018,2.8099415,75650.516
23019,2.8125076,75653.33
23020,2.81493,75656.14
23021,2.8179486,75658.96
23022,2.8192666,75661.78
23023,2.8194146,75664.6
23024,2.8192098,75667.42
23025,2.8186946,75670.24
23026,2.8176105,75673.06
23027,2.8153377,75675.875
23028,2.8146865,75678.69
23029,2.814602,75681.5
23030,2.8148346,75684.31
23031,2.81526,75687.125
23032,2.816007,75689.94
23033,2.818318,75692.76
23034,2.8207219,75695.58
23035,2.8236568,75698.4
23036,2.8257535,75701.23
23037,2.8276024,75704.055
23038,2.828648,75706.88
23039,2.8290427,75709.71
23040,2.8294759,75712.54
23041,2.8294811,75715.37
23042,2.8291295,75718.195
23043,2.8283179,75721.02
23044,2.8276165,75723.85
23045,2.8269663,75726.68
23046,2.8252838,75729.51
23047,2.8234603,75732.33
23048,2.8218858,75735.15
23049,2.820627,75737.97
23050,2.8203342,75740.79
23051,2.8195038,75743.61
23052,2.8190408,75746.43
23053,2.8173294,75749.25
23054,2.8152359,75752.06
23055,2.8124363,75754.875
23056,2.8132706,75757.69
23057,2.8150961,75760.5
23058,2.8181212,75763.32
23059,2.8205295,75766.14
23060,2.820821,75768.96
23061,2.8194375,75771.78
23062,2.8191986,75774.6
23063,2.820217,75777.42
23064,2.8205307,75780.24
23065,2.8195271,75783.06
23066,2.8178363,75785.88
23067,2.8170311,75788.7
23068,2.8177724,75791.52
23069,2.81863,75794.34
23070,2.8183734,75797.164
23071,2.8176084,75799.984
23072,2.8161213,75802.8
23073,2.813695,75805.61
23074,2.8126597,75808.42
23075,2.8121243,75811.234
23076,2.812141,75814.05
23077,2.8125987,75816.86
23078,2.8155665,75819.67
23079,2.8187957,75822.49
23080,2.8220794,75825.31
23081,2.8245788,75828.14
23082,2.8268797,75830.97
23083,2.8292184,75833.8
23084,2.8303185,75836.625
23085,2.830762,75839.45
23086,2.8302941,75842.28
23087,2.8295648,75845.11
23088,2.828339,75847.94
23089,2.8276322,75850.766
23090,2.8263,75853.59
23091,2.8247325,75856.42
23092,2.8241754,75859.24
23093,2.8239136,75862.06
23094,2.8231301,75864.88
23095,2.8220198,75867.7
23096,2.8222325,75870.52
23097,2.82361,75873.34
23098,2.8251665,75876.17
23099,2.827129,75879.0
23100,2.8271327,75881.83
23101,2.826149,75884.66
23102,2.8253014,75887.484
23103,2.8242629,75890.31
23104,2.8224556,75893.13
23105,2.8208966,75895.95
23106,2.8196537,75898.77
23107,2.8194091,75901.59
23108,2.8193207,75904.414
23109,2.8183956,75907.234
23110,2.8164196,75910.055
23111,2.814324,75912.87
23112,2.8142343,75915.68
23113,2.8151338,75918.49
23114,2.8166668,75921.31
23115,2.817588,75924.13
23116,2.8189962,75926.95
23117,2.8205318,75929.77
23118,2.821605,75932.59
23119,2.8230443,75935.414
23120,2.8243136,75938.24
23121,2.8249893,75941.07
23122,2.8253849,75943.9
23123,2.8263693,75946.73
23124,2.8275456,75949.555
23125,2.8291802,75952.38
23126,2.8305805,75955.21
23127,2.832259,75958.05
23128,2.8333437,75960.88
23129,2.8345208,75963.72
23130,2.8345416,75966.555
23131,2.8337445,75969.39
23132,2.8318138,75972.22
23133,2.8291714,75975.05
23134,2.8274245,75977.875
23135,2.8255289,75980.7
23136,2.8242738,75983.53
23137,2.823128,75986.35
23138,2.8219216,75989.17
23139,2.8207736,75991.99
23140,2.8194005,75994.81
23141,2.8194792,75997.63
23142,2.8199131,76000.45
23143,2.8206685,76003.27
23144,2.8198526,76006.09
23145,2.818927,76008.914
23146,2.816901,76011.734
23147,2.8143344,76014.55
23148,2.8128633,76017.36
23149,2.8126473,76020.17
23150,2.812947,76022.984
23151,2.8123963,76025.8
23152,2.8127685,76028.61
23153,2.8143861,76031.42
23154,2.8177702,76034.24
23155,2.8208416,76037.06
23156,2.8216667,76039.88
23157,2.8217914,76042.7
23158,2.8209648,76045.52
23159,2.819585,76048.34
23160,2.8194246,76051.164
23161,2.8195891,76053.984
23162,2.8194036,76056.805
23163,2.8183062,76059.625
23164,2.818271,76062.445
23165,2.8196795,76065.266
23166,2.8213394,76068.086
23167,2.8227346,76070.91
23168,2.822882,76073.73
23169,2.8217964,76076.55
23170,2.819957,76079.37
23171,2.8180273,76082.19
23172,2.8161464,76085.0
23173,2.8147779,76087.81
23174,2.8146281,76090.625
23175,2.8143632,76093.44
23176,2.8143353,76096.25
23177,2.8134613,76099.06
23178,2.8128097,76101.875
23179,2.812717,76104.69
23180,2.8138208,76107.5
23181,2.8144097,76110.31
23182,2.815726,76113.125
23183,2.816689,76115.945
23184,2.8166296,76118.766
23185,2.8155355,76121.58
23186,2.8139303,76124.39
23187,2.8119485,76127.2
23188,2.8117418,76130.016
23189,2.8119617,76132.83
23190,2.8135703,76135.64
23191,2.8149576,76138.45
23192,2.815595,76141.266
23193,2.816301,76144.08
23194,2.8169386,76146.9
23195,2.8161852,76149.71
23196,2.8157043,76152.52
23197,2.815455,76155.336
23198,2.815701,76158.15
23199,2.81544,76160.96
23200,2.8140793,76163.77
23201,2.8129878,76166.586
23202,2.8120522,76169.4
23203,2.8117046,76172.21
23204,2.8110695,76175.02
23205,2.8105125,76177.836
23206,2.809684,76180.65
23207,2.8085594,76183.45
23208,2.8074353,76186.26
23209,2.805903,76189.06
23210,2.8053203,76191.87
23211,2.8057733,76194.67
23212,2.8083704,76197.48
23213,2.8131032,76200.29
23214,2.8154612,76203.1
23215,2.8154738,76205.914
23216,2.8140972,76208.73
23217,2.8130848,76211.54
23218,2.8126385,76214.35
23219,2.8110223,76217.164
23220,2.8101552,76219.98
23221,2.8098187,76222.79
23222,2.8099935,76225.6
23223,2.8097415,76228.414
23224,2.8080683,76231.22
23225,2.8065186,76234.02
23226,2.8056424,76236.83
23227,2.8053296,76239.63
23228,2.806052,76242.44
23229,2.8064032,76245.24
23230,2.805955,76248.05
23231,2.805656,76250.85
23232,2.8052797,76253.66
23233,2.8058755,76256.46
23234,2.806506,76259.266
23235,2.8083196,76262.07
23236,2.8107553,76264.88
23237,2.8144329,76267.695
23238,2.8158007,76270.51
23239,2.8167226,76273.33
23240,2.8170147,76276.15
23241,2.8165643,76278.97
23242,2.8169634,76281.79
23243,2.8171942,76284.61
23244,2.817586,76287.43
23245,2.8176928,76290.25
23246,2.817768,76293.07
23247,2.8163533,76295.88
23248,2.8148346,76298.695
23249,2.8125472,76301.51
23250,2.8107116,76304.32
23251,2.809864,76307.13
23252,2.8102014,76309.945
23253,2.8102405,76312.76
23254,2.8101983,76315.57
23255,2.809318,76318.38
23256,2.809495,76321.195
23257,2.8097773,76324.01
23258,2.8085115,76326.81
23259,2.8077729,76329.62
23260,2.806514,76332.42
23261,2.8053234,76335.23
23262,2.8053517,76338.03
23263,2.8054798,76340.836
23264,2.8065224,76343.64
23265,2.807272,76346.445
23266,2.809711,76349.26
23267,2.8125176,76352.07
23268,2.8156972,76354.88
23269,2.8179016,76357.7
23270,2.817239,76360.52
23271,2.8160684,76363.336
23272,2.8152232,76366.15
23273,2.8137538,76368.96
23274,2.8127375,76371.77
23275,2.8116934,76374.586
23276,2.8118794,76377.4
23277,2.8118718,76380.21
23278,2.8140955,76383.02
23279,2.81682,76385.84
23280,2.8182092,76388.664
23281,2.8188374,76391.484
23282,2.8192286,76394.305
23283,2.8192418,76397.125
23284,2.8200464,76399.945
23285,2.8208096,76402.766
23286,2.8230739,76405.586
23287,2.8248525,76408.414
23288,2.8267956,76411.24
23289,2.8287838,76414.07
23290,2.8300948,76416.9
23291,2.8310208,76419.73
23292,2.830875,76422.555
23293,2.8313136,76425.38
23294,2.8321517,76428.22
23295,2.8330438,76431.055
23296,2.8335488,76433.89
23297,2.8328764,76436.73
23298,2.8321166,76439.56
23299,2.831738,76442.39
23300,2.8318014,76445.22
23301,2.8323226,76448.055
23302,2.8328476,76450.89
23303,2.8333964,76453.73
23304,2.8323262,76456.56
23305,2.8310585,76459.39
23306,2.831033,76462.22
23307,2.831408,76465.05
23308,2.8308945,76467.875
23309,2.8302975,76470.7
23310,2.8291705,76473.53
23311,2.828802,76476.36
23312,2.8306856,76479.19
23313,2.8333888,76482.02
23314,2.8350902,76484.86
23315,2.8366213,76487.695
23316,2.8362384,76490.53
23317,2.8354647,76493.37
23318,2.8342474,76496.2
23319,2.8325331,76499.04
23320,2.831021,76501.87
23321,2.8291671,76504.695
23322,2.827531,76507.52
23323,2.8267837,76510.35
23324,2.8274453,76513.18
23325,2.8285992,76516.01
23326,2.8290896,76518.836
23327,2.8287861,76521.664
23328,2.8267534,76524.49
23329,2.8248153,76527.32
23330,2.8226764,76530.14
23331,2.8208172,76532.96
23332,2.818616,76535.78
23333,2.8168175,76538.6
23334,2.8152363,76541.414
23335,2.8147988,76544.23
23336,2.815542,76547.04
23337,2.8164928,76549.86
23338,2.8178012,76552.68
23339,2.818706,76555.5
23340,2.8201523,76558.32
23341,2.8213854,76561.14
23342,2.8219774,76563.96
23343,2.8226666,76566.78
23344,2.8230016,76569.6
23345,2.8237045,76572.42
23346,2.824119,76575.24
23347,2.8258433,76578.07
23348,2.8276424,76580.9
23349,2.8292522,76583.73
23350,2.8294802,76586.555
23351,2.8303025,76589.38
23352,2.8310547,76592.21
23353,2.8321347,76595.05
23354,2.833423,76597.88
23355,2.8341274,76600.72
23356,2.8345876,76603.555
23357,2.8341503,76606.39
23358,2.8334312,76609.23
23359,2.832489,76612.06
23360,2.8325634,76614.9
23361,2.8338811,76617.734
23362,2.8350046,76620.57
23363,2.8359406,76623.41
23364,2.8361652,76626.24
23365,2.835102,76629.08
23366,2.8342242,76631.914
23367,2.8336656,76634.75
23368,2.8334978,76637.586
23369,2.8337204,76640.42
23370,2.83388,76643.26
23371,2.8337886,76646.09
23372,2.8332686,76648.93
23373,2.8323233,76651.766
23374,2.830076,76654.59
23375,2.8266737,76657.42
23376,2.8246427,76660.25
23377,2.822373,76663.07
23378,2.820871,76665.89
23379,2.8195543,76668.71
23380,2.819064,76671.53
23381,2.818326,76674.35
23382,2.8169665,76677.17
23383,2.8149352,76679.984
23384,2.8132105,76682.8
23385,2.8119445,76685.61
23386,2.8118317,76688.42
23387,2.8119137,76691.234
23388,2.8119392,76694.05
23389,2.8123124,76696.86
23390,2.8117163,76699.67
23391,2.8101985,76702.484
23392,2.8087606,76705.3
23393,2.807542,76708.1
23394,2.8069932,76710.91
23395,2.8077366,76713.71
23396,2.8095865,76716.52
23397,2.8124933,76719.336
23398,2.8149483,76722.15
23399,2.8173702,76724.97
23400,2.8195064,76727.79
23401,2.820827,76730.61
23402,2.82208,76733.43
23403,2.8231642,76736.25
23404,2.8250992,76739.08
23405,2.8262331,76741.91
23406,2.8268163,76744.734
23407,2.827421,76747.56
23408,2.8273852,76750.39
23409,2.8283455,76753.22
23410,2.8285484,76756.05
23411,2.8283703,76758.875
23412,2.8284616,76761.7
23413,2.829038,76764.53
23414,2.828786,76767.36
23415,2.8281503,76770.19
23416,2.8275607,76773.016
23417,2.826838,76775.84
23418,2.825881,76778.67
23419,2.8249605,76781.5
23420,2.8253462,76784.33
23421,2.8256073,76787.16
23422,2.8260586,76789.984
23423,2.8267653,76792.81
23424,2.828641,76795.64
23425,2.8307555,76798.47
23426,2.8315368,76801.3
23427,2.8306177,76804.125
23428,2.8297849,76806.95
23429,2.8289194,76809.78
23430,2.8286536,76812.61
23431,2.828168,76815.44
23432,2.8285985,76818.266
23433,2.8289185,76821.09
23434,2.8289654,76823.92
23435,2.8288918,76826.75
23436,2.8287988,76829.58
23437,2.828547,76832.41
23438,2.8286083,76835.234
23439,2.8286502,76838.06
23440,2.8279238,76840.89
23441,2.8273082,76843.72
23442,2.8268795,76846.55
23443,2.825905,76849.375
23444,2.8256807,76852.2
23445,2.8269296,76855.03
23446,2.8295028,76857.86
23447,2.8330345,76860.695
23448,2.8352056,76863.53
23449,2.836435,76866.37
23450,2.8363664,76869.2
23451,2.8356924,76872.04
23452,2.8351068,76874.875
23453,2.8346567,76877.71
23454,2.834102,76880.55
23455,2.8335257,76883.38
23456,2.834006,76886.22
23457,2.8349593,76889.055
23458,2.8366375,76891.89
23459,2.8376682,76894.73
23460,2.8393013,76897.56
23461,2.8406765,76900.41
23462,2.841491,76903.25
23463,2.8423538,76906.09
23464,2.8425705,76908.94
23465,2.8420718,76911.78
23466,2.840438,76914.625
23467,2.8370874,76917.46
23468,2.8346171,76920.3
23469,2.8323522,76923.13
23470,2.8304644,76925.96
23471,2.828524,76928.79
23472,2.8273513,76931.62
23473,2.826508,76934.445
23474,2.8257222,76937.27
23475,2.8246334,76940.1
23476,2.823749,76942.92
23477,2.8220072,76945.74
23478,2.81964,76948.56
23479,2.8182068,76951.38
23480,2.8164232,76954.2
23481,2.8150094,76957.016
23482,2.814978,76959.83
23483,2.8160715,76962.64
23484,2.816633,76965.46
23485,2.8167682,76968.28
23486,2.8143916,76971.09
23487,2.8115764,76973.91
23488,2.8094208,76976.72
23489,2.8080187,76979.52
23490,2.8077831,76982.33
23491,2.8087957,76985.14
23492,2.8107102,76987.95
23493,2.812814,76990.766
23494,2.8138063,76993.58
23495,2.8135278,76996.39
23496,2.812243,76999.2
23497,2.810783,77002.016
23498,2.8084292,77004.82
23499,2.8050475,77007.625
23500,2.8031778,77010.43
23501,2.8025403,77013.234
23502,2.803224,77016.04
23503,2.8041143,77018.84
23504,2.8035889,77021.65
23505,2.80115,77024.45
23506,2.7991638,77027.25
23507,2.7979486,77030.05
23508,2.7963731,77032.84
23509,2.7954266,77035.64
23510,2.7942433,77038.44
23511,2.792261,77041.23
23512,2.7925503,77044.016
23513,2.7941856,77046.81
23514,2.7973034,77049.61
23515,2.800603,77052.41
23516,2.8017604,77055.21
23517,2.8020167,77058.016
23518,2.8025513,77060.82
23519,2.8016374,77063.625
23520,2.800827,77066.43
23521,2.7996738,77069.23
23522,2.8004951,77072.02
23523,2.8022363,77074.83
23524,2.804306,77077.63
23525,2.8063738,77080.44
23526,2.8083687,77083.24
23527,2.8103693,77086.055
23528,2.8125808,77088.87
23529,2.815588,77091.68
23530,2.8181307,77094.5
23531,2.8210182,77097.32
23532,2.8234766,77100.14
23533,2.8239365,77102.96
23534,2.8237724,77105.78
23535,2.8233178,77108.6
23536,2.823733,77111.42
23537,2.825138,77114.25
23538,2.825398,77117.08
23539,2.8259523,77119.91
23540,2.8252823,77122.734
23541,2.8245034,77125.56
23542,2.824911,77128.39
23543,2.8251593,77131.22
23544,2.8244457,77134.05
23545,2.8224795,77136.87
23546,2.8205373,77139.69
23547,2.818191,77142.51
23548,2.8197942,77145.33
23549,2.8214557,77148.15
23550,2.821949,77150.97
23551,2.8221633,77153.79
23552,2.820575,77156.61
23553,2.8181255,77159.43
23554,2.8152153,77162.24
23555,2.810878,77165.055
23556,2.8063314,77167.86
23557,2.7997515,77170.66
23558,2.7940488,77173.45
23559,2.7895641,77176.24
23560,2.7879367,77179.03
23561,2.7890344,77181.82
23562,2.788823,77184.61
23563,2.7877457,77187.4
23564,2.7854586,77190.19
23565,2.7852283,77192.98
23566,2.7878368,77195.766
23567,2.7918193,77198.555
23568,2.793811,77201.35
23569,2.7963371,77204.15
23570,2.7984765,77206.945
23571,2.8021195,77209.75
23572,2.804973,77212.555
23573,2.8074706,77215.36
23574,2.8063452,77218.164
23575,2.8032174,77220.97
23576,2.7990189,77223.766
23577,2.795354,77226.56
23578,2.7943795,77229.36
23579,2.795673,77232.16
23580,2.796559,77234.95
23581,2.796275,77237.75
23582,2.79537,77240.55
23583,2.7948008,77243.34
23584,2.796344,77246.14
23585,2.7971716,77248.94
23586,2.7965984,77251.734
23587,2.79479,77254.53
23588,2.794226,77257.33
23589,2.7940674,77260.125
23590,2.7953057,77262.92
23591,2.7976675,77265.72
23592,2.7993395,77268.516
23593,2.799561,77271.31
23594,2.8004506,77274.11
23595,2.80198,77276.914
23596,2.805198,77279.72
23597,2.810112,77282.53
23598,2.8119843,77285.34
23599,2.8119397,77288.16
23600,2.8107011,77290.97
23601,2.8082876,77293.77
23602,2.807895,77296.58
23603,2.8089485,77299.39
23604,2.8095677,77302.2
23605,2.8085206,77305.01
23606,2.8079512,77307.81
23607,2.8091578,77310.625
23608,2.8117273,77313.44
23609,2.8134444,77316.25
23610,2.8126504,77319.06
23611,2.810704,77321.875
23612,2.8103151,77324.69
23613,2.8104002,77327.5
23614,2.8109207,77330.31
23615,2.8118181,77333.125
23616,2.8121777,77335.94
23617,2.8123028,77338.75
23618,2.81306,77341.56
23619,2.8134274,77344.375
23620,2.8135555,77347.19
23621,2.813105,77350.0
23622,2.811367,77352.81
23623,2.8088448,77355.625
23624,2.8058307,77358.43
23625,2.8036792,77361.234
23626,2.8036947,77364.04
23627,2.8058245,77366.84
23628,2.8071756,77369.65
23629,2.8068793,77372.45
23630,2.8065352,77375.26
23631,2.807802,77378.06
23632,2.80949,77380.875
23633,2.810826,77383.69
23634,2.8107865,77386.5
23635,2.8093867,77389.31
23636,2.807092,77392.12
23637,2.8056726,77394.92
23638,2.806174,77397.73
23639,2.807428,77400.53
23640,2.807817,77403.336
23641,2.8079393,77406.14
23642,2.807821,77408.945
23643,2.8076382,77411.75
23644,2.8074288,77414.555
23645,2.8083925,77417.36
23646,2.8099756,77420.17
23647,2.8124216,77422.984
23648,2.814187,77425.8
23649,2.8154805,77428.61
23650,2.8172486,77431.43
23651,2.8190353,77434.25
23652,2.820567,77437.07
23653,2.8214626,77439.89
23654,2.8213916,77442.71
23655,2.8224661,77445.53
23656,2.8233333,77448.35
23657,2.8245015,77451.18
23658,2.8260927,77454.01
23659,2.8262808,77456.836
23660,2.825526,77459.664
23661,2.8254187,77462.49
23662,2.8248315,77465.32
23663,2.8235104,77468.14
23664,2.8226027,77470.96
23665,2.8215694,77473.78
23666,2.8203979,77476.6
23667,2.8189526,77479.42
23668,2.8185525,77482.24
23669,2.8192635,77485.06
23670,2.8201916,77487.88
23671,2.821423,77490.7
23672,2.822773,77493.52
23673,2.8234234,77496.34
23674,2.8243563,77499.17
23675,2.8251138,77502.0
23676,2.8253713,77504.83
23677,2.8253405,77507.66
23678,2.826437,77510.484
23679,2.827819,77513.31
23680,2.8276424,77516.14
23681,2.8265183,77518.97
23682,2.8256145,77521.8
23683,2.8255327,77524.625
23684,2.8255,77527.45
23685,2.8247426,77530.28
23686,2.8228302,77533.1
23687,2.8210104,77535.92
23688,2.8199322,77538.74
23689,2.8192542,77541.56
23690,2.817939,77544.38
23691,2.8163857,77547.195
23692,2.815263,77550.01
23693,2.813551,77552.82
23694,2.8115463,77555.63
23695,2.809936,77558.445
23696,2.808606,77561.26
23697,2.808705,77564.07
23698,2.810886,77566.88
23699,2.8136861,77569.695
23700,2.8160925,77572.51
23701,2.8193316,77575.33
23702,2.821452,77578.15
23703,2.8222172,77580.97
23704,2.8215342,77583.79
23705,2.820362,77586.61
23706,2.8193307,77589.43
23707,2.8183422,77592.25
23708,2.8179073,77595.07
23709,2.818741,77597.89
23710,2.82029,77600.71
23711,2.8223004,77603.53
23712,2.824036,77606.35
23713,2.825755,77609.18
23714,2.8269331,77612.01
23715,2.8275363,77614.836
23716,2.8274572,77617.664
23717,2.826271,77620.49
23718,2.825323,77623.32
23719,2.8240998,77626.14
23720,2.8219864,77628.96
23721,2.8211658,77631.78
23722,2.8212738,77634.6
23723,2.8213363,77637.42
23724,2.8209326,77640.24
23725,2.8209841,77643.06
23726,2.8219507,77645.88
23727,2.8219218,77648.7
23728,2.8215387,77651.52
23729,2.821458,77654.34
23730,2.8219948,77657.164
23731,2.824356,77659.99
23732,2.8268628,77662.82
23733,2.827804,77665.65
23734,2.827549,77668.48
23735,2.8267922,77671.305
23736,2.8261228,77674.13
23737,2.8247912,77676.96
23738,2.823204,77679.78
23739,2.8218012,77682.6
23740,2.8206575,77685.42
23741,2.8194244,77688.24
23742,2.8179924,77691.06
23743,2.8165758,77693.88
23744,2.8167071,77696.7
23745,2.8161986,77699.516
23746,2.815613,77702.33
23747,2.8148413,77705.14
23748,2.8152857,77707.95
23749,2.8167756,77710.77
23750,2.8182743,77713.59
23751,2.8201077,77716.414
23752,2.8202934,77719.234
23753,2.8195565,77722.055
23754,2.820908,77724.875
23755,2.8225722,77727.695
23756,2.822947,77730.516
23757,2.8228722,77733.336
23758,2.821888,77736.16
23759,2.821924,77738.98
23760,2.8226373,77741.8
23761,2.8243139,77744.625
23762,2.8244853,77747.45
23763,2.823669,77750.27
23764,2.8234704,77753.09
23765,2.8233042,77755.914
23766,2.8239048,77758.734
23767,2.824352,77761.56
23768,2.823725,77764.38
23769,2.8232524,77767.2
23770,2.823411,77770.02
23771,2.8241594,77772.84
23772,2.8245168,77775.67
23773,2.825344,77778.5
23774,2.825948,77781.33
23775,2.8267794,77784.16
23776,2.8276918,77786.984
23777,2.8284893,77789.81
23778,2.8284075,77792.64
23779,2.8283322,77795.47
23780,2.8268297,77798.3
23781,2.8256428,77801.125
23782,2.8239114,77803.945
23783,2.8236926,77806.766
23784,2.8239598,77809.586
23785,2.8225384,77812.41
23786,2.8205783,77815.23
23787,2.8179643,77818.05
23788,2.8174045,77820.87
23789,2.8175817,77823.69
23790,2.8176448,77826.51
23791,2.817767,77829.33
23792,2.818997,77832.15
23793,2.8209958,77834.97
23794,2.822059,77837.79
23795,2.8228261,77840.61
23796,2.8237746,77843.43
23797,2.824713,77846.26
23798,2.823953,77849.08
23799,2.822971,77851.9
23800,2.8217604,77854.72
23801,2.8199813,77857.54
23802,2.817792,77860.36
23803,2.817204,77863.18
23804,2.8162282,77865.99
23805,2.8138669,77868.805
23806,2.8119302,77871.62
23807,2.8099566,77874.43
23808,2.811021,77877.24
23809,2.812865,77880.055
23810,2.8139508,77882.87
23811,2.8135827,77885.68
23812,2.8148694,77888.49
23813,2.816901,77891.31
23814,2.818117,77894.13
23815,2.8186255,77896.95
23816,2.8189712,77899.77
23817,2.8190737,77902.59
23818,2.8184102,77905.414
23819,2.8165429,77908.234
23820,2.8152013,77911.05
23821,2.8145046,77913.86
23822,2.8146255,77916.67
23823,2.816177,77919.484
23824,2.8174105,77922.305
23825,2.818712,77925.125
23826,2.8195734,77927.945
23827,2.8197014,77930.766
23828,2.8195736,77933.586
23829,2.818803,77936.41
23830,2.8192399,77939.23
23831,2.820065,77942.05
23832,2.8213196,77944.87
23833,2.8225534,77947.69
23834,2.8224242,77950.51
23835,2.8221838,77953.33
23836,2.8216152,77956.15
23837,2.8208544,77958.97
23838,2.820645,77961.79
23839,2.821712,77964.61
23840,2.8237855,77967.43
23841,2.826958,77970.26
23842,2.8289762,77973.086
23843,2.8297,77975.914
23844,2.8285973,77978.74
23845,2.8264132,77981.57
23846,2.8235304,77984.39
23847,2.8201232,77987.21
23848,2.8182695,77990.03
23849,2.8175278,77992.85
23850,2.8187127,77995.67
23851,2.8198717,77998.49
23852,2.8204436,78001.31
23853,2.8202655,78004.13
23854,2.8200595,78006.95
23855,2.8200908,78009.77
23856,2.8203979,78012.59
23857,2.8194497,78015.414
23858,2.8179245,78018.234
23859,2.8168437,78021.055
23860,2.8163192,78023.87
23861,2.816412,78026.69
23862,2.8153403,78029.5
23863,2.81331,78032.31
23864,2.812232,78035.125
23865,2.811931,78037.94
23866,2.8139565,78040.75
23867,2.815017,78043.56
23868,2.8161943,78046.375
23869,2.8173797,78049.195
23870,2.8192325,78052.016
23871,2.8219082,78054.836
23872,2.8248107,78057.664
23873,2.8280435,78060.49
23874,2.8309045,78063.32
23875,2.833297,78066.16
23876,2.8345199,78068.99
23877,2.833707,78071.83
23878,2.8319733,78074.66
23879,2.8294473,78077.484
23880,2.827148,78080.31
23881,2.8248918,78083.14
23882,2.8214886,78085.96
23883,2.8185995,78088.78
23884,2.8175738,78091.6
23885,2.8181448,78094.42
23886,2.8208063,78097.24
23887,2.824103,78100.06
23888,2.8263533,78102.89
23889,2.8279457,78105.72
23890,2.8286226,78108.55
23891,2.8285687,78111.375
23892,2.8275232,78114.2
23893,2.8267212,78117.03
23894,2.8266356,78119.86
23895,2.8276286,78122.69
23896,2.8293757,78125.516
23897,2.8307812,78128.34
23898,2.8309572,78131.17
23899,2.8309255,78134.0
23900,2.8312008,78136.83
23901,2.8312805,78139.66
23902,2.8319879,78142.484
23903,2.8326666,78145.32
23904,2.8331637,78148.16
23905,2.8335235,78150.99
23906,2.8341448,78153.83
23907,2.834618,78156.664
23908,2.8351183,78159.5
23909,2.8344803,78162.336
23910,2.8334866,78165.17
23911,2.8324573,78168.01
23912,2.8322701,78170.84
23913,2.8315544,78173.67
23914,2.8313873,78176.5
23915,2.8306007,78179.33
23916,2.8295312,78182.16
23917,2.8294308,78184.984
23918,2.830764,78187.81
23919,2.8329163,78190.65
23920,2.8344367,78193.484
23921,2.8360584,78196.32
23922,2.8378499,78199.16
23923,2.8396373,78201.99
23924,2.8402884,78204.836
23925,2.8403728,78207.68
23926,2.8390245,78210.516
23927,2.8370266,78213.35
23928,2.835796,78216.19
23929,2.8345706,78219.02
23930,2.834385,78221.86
23931,2.8341794,78224.695
23932,2.8339984,78227.53
23933,2.8343487,78230.37
23934,2.835266,78233.2
23935,2.8365734,78236.04
23936,2.8367224,78238.875
23937,2.837466,78241.71
23938,2.8366709,78244.55
23939,2.835011,78247.38
23940,2.8334417,78250.22
23941,2.8321068,78253.055
23942,2.8311377,78255.88
23943,2.8315964,78258.71
23944,2.8327315,78261.55
23945,2.8343825,78264.38
23946,2.835609,78267.22
23947,2.834875,78270.055
23948,2.8339398,78272.89
23949,2.8329089,78275.73
23950,2.832558,78278.56
23951,2.8323665,78281.4
23952,2.8314822,78284.23
23953,2.8304799,78287.055
23954,2.8288589,78289.88
23955,2.8282292,78292.71
23956,2.8286252,78295.54
23957,2.8290334,78298.37
23958,2.8296034,78301.195
23959,2.8296182,78304.02
23960,2.8283713,78306.85
23961,2.8268,78309.68
23962,2.825378,78312.51
23963,2.8254344,78315.336
23964,2.8261464,78318.164
23965,2.8266957,78320.99
23966,2.8276072,78323.82
23967,2.8284798,78326.65
23968,2.8285217,78329.48
23969,2.828667,78332.305
23970,2.8287554,78335.13
23971,2.8298829,78337.96
23972,2.8306072,78340.79
23973,2.8308291,78343.62
23974,2.831311,78346.445
23975,2.8315883,78349.27
23976,2.832355,78352.11
23977,2.8325598,78354.945
23978,2.8323882,78357.78
23979,2.831543,78360.61
23980,2.8300216,78363.44
23981,2.8282917,78366.266
23982,2.826714,78369.09
23983,2.825502,78371.92
23984,2.8242683,78374.75
23985,2.8235683,78377.57
23986,2.8230264,78380.39
23987,2.8228388,78383.21
23988,2.8235834,78386.03
23989,2.8234339,78388.85
23990,2.8228216,78391.67
23991,2.8219206,78394.49
23992,2.8216937,78397.31
23993,2.8227632,78400.13
23994,2.8241227,78402.95
23995,2.824933,78405.78
23996,2.825581,78408.61
23997,2.8265831,78411.44
23998,2.8274822,78414.266
23999,2.8271332,78417.09
24000,2.8255115,78419.92
24001,2.8229241,78422.74
24002,2.820713,78425.56
24003,2.8195145,78428.38
24004,2.8207214,78431.2
24005,2.8220892,78434.02
24006,2.8221536,78436.84
24007,2.8222716,78439.664
24008,2.822659,78442.484
24009,2.8227108,78445.305
24010,2.822427,78448.125
24011,2.8217244,78450.945
24012,2.8216925,78453.766
24013,2.8223867,78456.586
24014,2.8232226,78459.41
24015,2.8234482,78462.23
24016,2.8233457,78465.05
24017,2.8229249,78467.87
24018,2.8232117,78470.69
24019,2.8244798,78473.516
24020,2.8255553,78476.34
24021,2.8257375,78479.17
24022,2.8257055,78482.0
24023,2.825855,78484.83
24024,2.8262608,78487.66
24025,2.8270211,78490.484
24026,2.8266745,78493.31
24027,2.8249776,78496.14
24028,2.8224726,78498.96
24029,2.8198125,78501.78
24030,2.8187745,78504.6
24031,2.8181376,78507.42
24032,2.8179986,78510.24
24033,2.8179657,78513.06
24034,2.8164153,78515.88
24035,2.8136415,78518.695
24036,2.809058,78521.51
24037,2.8053515,78524.31
24038,2.8034031,78527.12
24039,2.8010602,78529.92
24040,2.7997906,78532.72
24041,2.8004587,78535.516
24042,2.801888,78538.32
24043,2.8028824,78541.125
24044,2.8028166,78543.93
24045,2.8017263,78546.734
24046,2.800859,78549.54
24047,2.8000097,78552.336
24048,2.798904,78555.13
24049,2.798679,78557.93
24050,2.7988195,78560.73
24051,2.799127,78563.52
24052,2.7991738,78566.32
24053,2.7995088,78569.12
24054,2.7989774,78571.914
24055,2.79836,78574.71
24056,2.7999833,78577.51
24057,2.801095,78580.31
24058,2.8022494,78583.12
24059,2.803465,78585.92
24060,2.8035326,78588.73
24061,2.802779,78591.53
24062,2.804391,78594.336
24063,2.8063304,78597.14
24064,2.8069813,78599.945
24065,2.807311,78602.75
24066,2.8090892,78605.56
24067,2.8116655,78608.375
24068,2.8143935,78611.19
24069,2.8158135,78614.0
24070,2.815774,78616.81
24071,2.81626,78619.625
24072,2.8176472,78622.445
24073,2.8181107,78625.266
24074,2.8145547,78628.08
24075,2.8103578,78630.89
24076,2.80714,78633.695
24077,2.805115,78636.5
24078,2.8045208,78639.305
24079,2.806051,78642.11
24080,2.8076732,78644.914
24081,2.8072133,78647.72
24082,2.804426,78650.52
24083,2.7989671,78653.32
24084,2.7967215,78656.12
24085,2.7934494,78658.914
24086,2.792221,78661.7
24087,2.790885,78664.49
24088,2.7918713,78667.28
24089,2.7937067,78670.08
24090,2.7956276,78672.875
24091,2.7975223,78675.67
24092,2.798304,78678.47
24093,2.7993038,78681.266
24094,2.799199,78684.06
24095,2.7975998,78686.86
24096,2.797086,78689.66
24097,2.7972686,78692.45
24098,2.801309,78695.26
24099,2.8068588,78698.06
24100,2.8116686,78700.875
24101,2.8142345,78703.69
24102,2.8144968,78706.5
24103,2.815303,78709.31
24104,2.8173492,78712.13
24105,2.8197718,78714.95
24106,2.820267,78717.77
24107,2.8205535,78720.59
24108,2.8204155,78723.414
24109,2.821326,78726.234
24110,2.8243606,78729.06
24111,2.829002,78731.89
24112,2.8327534,78734.73
24113,2.8361676,78737.56
24114,2.8381546,78740.4
24115,2.8392577,78743.234
24116,2.8389812,78746.07
24117,2.8385751,78748.91
24118,2.8383684,78751.74
24119,2.8367712,78754.58
24120,2.8338275,78757.414
24121,2.8303483,78760.24
24122,2.8273492,78763.07
24123,2.8246856,78765.9
24124,2.823987,78768.72
24125,2.8246224,78771.55
24126,2.8250067,78774.375
24127,2.8250666,78777.2
24128,2.82404,78780.02
24129,2.8224783,78782.84
24130,2.8214161,78785.664
24131,2.8202255,78788.484
24132,2.8199706,78791.305
24133,2.8207142,78794.125
24134,2.8211186,78796.945
24135,2.8214529,78799.766
24136,2.8205483,78802.586
24137,2.8198562,78805.41
24138,2.8187184,78808.23
24139,2.8170757,78811.05
24140,2.8155785,78813.86
24141,2.8134084,78816.67
24142,2.8117898,78819.484
24143,2.810883,78822.3
24144,2.8103325,78825.11
24145,2.8107617,78827.92
24146,2.8109822,78830.734
24147,2.8119793,78833.55
24148,2.8123899,78836.36
24149,2.813165,78839.17
24150,2.8134005,78841.984
24151,2.8130312,78844.8
24152,2.8131688,78847.61
24153,2.8121867,78850.42
24154,2.812573,78853.234
24155,2.8133152,78856.05
24156,2.8139584,78858.86
24157,2.8147135,78861.67
24158,2.8163192,78864.484
24159,2.8197365,78867.305
24160,2.8224878,78870.125
24161,2.8246388,78872.95
24162,2.8260686,78875.78
24163,2.8280067,78878.61
24164,2.8300414,78881.44
24165,2.8325412,78884.27
24166,2.8336518,78887.11
24167,2.8337543,78889.945
24168,2.8341625,78892.78
24169,2.8336174,78895.62
24170,2.8339942,78898.45
24171,2.834265,78901.29
24172,2.833955,78904.125
24173,2.833336,78906.96
24174,2.832361,78909.8
24175,2.8313935,78912.625
24176,2.8293467,78915.45
24177,2.8271167,78918.28
24178,2.8246796,78921.11
24179,2.8232448,78923.93
24180,2.8211844,78926.75
24181,2.818991,78929.57
24182,2.81869,78932.39
24183,2.8187459,78935.21
24184,2.8190987,78938.03
24185,2.818255,78940.85
24186,2.816895,78943.67
24187,2.8164265,78946.49
24188,2.815591,78949.305
24189,2.8143954,78952.12
24190,2.8122783,78954.93
24191,2.8092446,78957.74
24192,2.8074968,78960.55
24193,2.8058856,78963.35
24194,2.8048756,78966.16
24195,2.803306,78968.96
24196,2.8023288,78971.766
24197,2.8020253,78974.57
24198,2.8028216,78977.375
24199,2.8045938,78980.18
24200,2.8063583,78982.984
24201,2.8078165,78985.79
24202,2.8100154,78988.6
24203,2.8121097,78991.414
24204,2.8140566,78994.23
24205,2.817148,78997.05
24206,2.8201036,78999.87
24207,2.8217158,79002.69
24208,2.822053,79005.51
24209,2.822051,79008.33
24210,2.8223774,79011.15
24211,2.822947,79013.97
24212,2.8241827,79016.79
24213,2.8269298,79019.62
24214,2.828158,79022.445
24215,2.8278136,79025.27
24216,2.8263912,79028.1
24217,2.8244982,79030.93
24218,2.8230267,79033.75
24219,2.8216372,79036.57
24220,2.8209996,79039.39
24221,2.8199124,79042.21
24222,2.8207479,79045.03
24223,2.822337,79047.85
24224,2.8229415,79050.67
24225,2.8212252,79053.49
24226,2.818362,79056.31
24227,2.81507,79059.125
24228,2.8129601,79061.94
24229,2.8111377,79064.75
24230,2.8103888,79067.56
24231,2.8107543,79070.375
24232,2.8118906,79073.19
24233,2.8132732,79076.0
24234,2.813879,79078.81
24235,2.8132558,79081.625
24236,2.8119252,79084.44
24237,2.8102376,79087.25
24238,2.808499,79090.055
24239,2.807743,79092.86
24240,2.8089755,79095.67
24241,2.8117278,79098.484
24242,2.8154123,79101.3
24243,2.8184109,79104.12
24244,2.8205287,79106.94
24245,2.8218682,79109.76
24246,2.8232806,79112.58
24247,2.8246639,79115.41
24248,2.8252468,79118.234
24249,2.8246083,79121.06
24250,2.8243725,79123.89
24251,2.8253691,79126.72
24252,2.8264072,79129.55
24253,2.8275037,79132.375
24254,2.8288708,79135.2
24255,2.830572,79138.03
24256,2.8307083,79140.86
24257,2.8305736,79143.69
24258,2.8288715,79146.516
24259,2.8265023,79149.34
24260,2.8240118,79152.164
24261,2.8218644,79154.984
24262,2.8201478,79157.805
24263,2.818096,79160.625
24264,2.815387,79163.44
24265,2.8142483,79166.25
24266,2.8151314,79169.06
24267,2.8175302,79171.88
24268,2.819736,79174.7
24269,2.8213668,79177.52
24270,2.8215647,79180.34
24271,2.8208773,79183.164
24272,2.820409,79185.984
24273,2.8191473,79188.805
24274,2.8182583,79191.625
24275,2.8174167,79194.445
24276,2.8164554,79197.266
24277,2.8158028,79200.08
24278,2.8159332,79202.89
24279,2.8164587,79205.71
24280,2.8175862,79208.53
24281,2.819472,79211.35
24282,2.8209267,79214.17
24283,2.8211453,79216.99
24284,2.8207705,79219.81
24285,2.8203316,79222.63
24286,2.8205087,79225.45
24287,2.8199565,79228.27
24288,2.818925,79231.09
24289,2.819046,79233.914
24290,2.8185284,79236.734
24291,2.8185828,79239.555
24292,2.8170974,79242.375
24293,2.815411,79245.19
24294,2.8142464,79248.0
24295,2.8130026,79250.81
24296,2.8111207,79253.625
24297,2.809748,79256.44
24298,2.807745,79259.24
24299,2.8057327,79262.05
24300,2.8052187,79264.85
24301,2.806596,79267.66
24302,2.8083339,79270.46
24303,2.8112578,79273.27
24304,2.8141377,79276.086
24305,2.8158026,79278.9
24306,2.8168905,79281.72
24307,2.817181,79284.54
24308,2.8171911,79287.36
24309,2.81633,79290.17
24310,2.8161228,79292.984
24311,2.8159835,79295.8
24312,2.8160603,79298.61
24313,2.8154938,79301.42
24314,2.8134878,79304.234
24315,2.8110728,79307.05
24316,2.8092644,79309.86
24317,2.8079212,79312.664
24318,2.808776,79315.48
24319,2.8096669,79318.29
24320,2.8102405,79321.1
24321,2.809639,79323.914
24322,2.809251,79326.73
24323,2.8104281,79329.54
24324,2.8120325,79332.35
24325,2.8135178,79335.164
24326,2.812268,79337.98
24327,2.8103273,79340.79
24328,2.8090136,79343.6
24329,2.8079226,79346.41
24330,2.8078723,79349.21
24331,2.8075404,79352.016
24332,2.806834,79354.82
24333,2.8062072,79357.625
24334,2.8054454,79360.43
24335,2.8056128,79363.234
24336,2.8042257,79366.04
24337,2.8019202,79368.84
24338,2.8001409,79371.64
24339,2.797719,79374.44
24340,2.7965124,79377.234
24341,2.7945864,79380.03
24342,2.7938423,79382.83
24343,2.7936902,79385.625
24344,2.7949212,79388.42
24345,2.795633,79391.22
24346,2.79561,79394.016
24347,2.7966254,79396.81
24348,2.7993426,79399.61
24349,2.8025665,79402.414
24350,2.8055706,79405.22
24351,2.8071616,79408.02
24352,2.8085797,79410.83
24353,2.8112893,79413.64
24354,2.8142061,79416.45
24355,2.8177931,79419.27
24356,2.8193493,79422.09
24357,2.819817,79424.914
24358,2.819869,79427.734
24359,2.8198116,79430.555
24360,2.820332,79433.375
24361,2.8207004,79436.195
24362,2.82095,79439.016
24363,2.820089,79441.836
24364,2.8190517,79444.66
24365,2.817521,79447.48
24366,2.817818,79450.3
24367,2.81941,79453.12
24368,2.8203192,79455.94
24369,2.821265,79458.76
24370,2.8210998,79461.58
24371,2.8190782,79464.4
24372,2.8177419,79467.22
24373,2.8167877,79470.04
24374,2.816513,79472.86
24375,2.8166082,79475.68
24376,2.8177557,79478.5
24377,2.81891,79481.32
24378,2.8189938,79484.14
24379,2.8184907,79486.96
24380,2.8189113,79489.78
24381,2.8195403,79492.6
24382,2.8207269,79495.42
24383,2.8211005,79498.24
24384,2.821648,79501.06
24385,2.8220384,79503.88
24386,2.8216076,79506.7
24387,2.821018,79509.52
24388,2.820717,79512.34
24389,2.8205693,79515.164
24390,2.8209064,79517.984
24391,2.8205674,79520.805
24392,2.8189025,79523.625
24393,2.8177724,79526.445
24394,2.8179173,79529.266
24395,2.8171773,79532.086
24396,2.8159337,79534.9
24397,2.8150353,79537.71
24398,2.8163016,79540.52
24399,2.8180761,79543.34
24400,2.8175576,79546.164
24401,2.8164947,79548.984
24402,2.816677,79551.805
24403,2.8183186,79554.625
24404,2.8195071,79557.445
24405,2.820932,79560.266
24406,2.8221252,79563.086
24407,2.8233278,79565.91
24408,2.8238592,79568.73
24409,2.8240862,79571.55
24410,2.8248694,79574.375
24411,2.8256733,79577.2
24412,2.8254178,79580.03
24413,2.8245437,79582.86
24414,2.8233285,79585.68
24415,2.8217406,79588.5
24416,2.8203063,79591.32
24417,2.818131,79594.14
24418,2.8165386,79596.96
24419,2.815624,79599.77
24420,2.8145282,79602.586
24421,2.814158,79605.4
24422,2.813924,79608.21
24423,2.814959,79611.02
24424,2.8156128,79613.836
24425,2.816148,79616.65
24426,2.8159425,79619.46
24427,2.8160043,79622.27
24428,2.816748,79625.09
24429,2.8178604,79627.914
24430,2.8197536,79630.734
24431,2.8221297,79633.555
24432,2.8241918,79636.375
24433,2.82503,79639.2
24434,2.8262186,79642.03
24435,2.8271892,79644.86
24436,2.8282137,79647.69
24437,2.8300645,79650.516
24438,2.8311505,79653.34
24439,2.8320072,79656.17
24440,2.8313172,79659.0
24441,2.828946,79661.83
24442,2.8279533,79664.66
24443,2.827333,79667.484
24444,2.8266537,79670.31
24445,2.8251257,79673.14
24446,2.8240204,79675.96
24447,2.8238962,79678.78
24448,2.824436,79681.61
24449,2.8248763,79684.44
24450,2.8256311,79687.266
24451,2.8268747,79690.09
24452,2.8278942,79692.92
24453,2.8287802,79695.75
24454,2.829142,79698.58
24455,2.829795,79701.41
24456,2.8305316,79704.234
24457,2.8311496,79707.06
24458,2.8316257,79709.89
24459,2.831868,79712.72
24460,2.8308377,79715.55
24461,2.8293974,79718.375
24462,2.8286266,79721.2
24463,2.827846,79724.03
24464,2.8276007,79726.86
24465,2.827369,79729.69
24466,2.828343,79732.516
24467,2.8295577,79735.34
24468,2.8316207,79738.17
24469,2.8326595,79741.01
24470,2.8331654,79743.84
24471,2.8337579,79746.68
24472,2.8336225,79749.516
24473,2.8335936,79752.35
24474,2.8336856,79755.19
24475,2.8336096,79758.02
24476,2.8325627,79760.86
24477,2.83223,79763.695
24478,2.8333883,79766.53
24479,2.8359613,79769.37
24480,2.8388803,79772.2
24481,2.8409624,79775.05
24482,2.8412478,79777.89
24483,2.841048,79780.734
24484,2.8414602,79783.58
24485,2.8420947,79786.42
24486,2.8422987,79789.266
24487,2.8412583,79792.11
24488,2.8387218,79794.945
24489,2.8361864,79797.78
24490,2.833789,79800.62
24491,2.8321512,79803.45
24492,2.831116,79806.28
24493,2.8300896,79809.11
24494,2.828983,79811.94
24495,2.827428,79814.766
24496,2.8270035,79817.59
24497,2.826829,79820.42
24498,2.8276863,79823.25
24499,2.829943,79826.08
24500,2.8308327,79828.91
24501,2.8306625,79831.734
24502,2.830482,79834.56
24503,2.8304646,79837.39
24504,2.8304715,79840.22
24505,2.8301685,79843.05
24506,2.830811,79845.875
24507,2.8306112,79848.7
24508,2.8294957,79851.53
24509,2.8276863,79854.36
24510,2.826717,79857.19
24511,2.8261483,79860.016
24512,2.8239965,79862.836
24513,2.82207,79865.66
24514,2.8215475,79868.48
24515,2.8218024,79871.3
24516,2.8213947,79874.12
24517,2.8210375,79876.94
24518,2.8205588,79879.76
24519,2.819967,79882.58
24520,2.8186944,79885.4
24521,2.8169272,79888.22
24522,2.815971,79891.03
24523,2.816238,79893.84
24524,2.8162658,79896.66
24525,2.8173773,79899.48
24526,2.8203876,79902.3
24527,2.823542,79905.12
24528,2.8246963,79907.945
24529,2.8253517,79910.77
24530,2.8241851,79913.59
24531,2.822192,79916.414
24532,2.8203871,79919.234
24533,2.8188095,79922.055
24534,2.8169663,79924.875
24535,2.8139257,79927.69
24536,2.8113496,79930.5
24537,2.8084412,79933.305
24538,2.8067136,79936.11
24539,2.804652,79938.914
24540,2.8038518,79941.72
24541,2.805294,79944.52
24542,2.8078597,79947.33
24543,2.8119287,79950.14
24544,2.8148708,79952.95
24545,2.816025,79955.766
24546,2.815241,79958.58
24547,2.8148875,79961.39
24548,2.8165057,79964.21
24549,2.8194118,79967.03
24550,2.8226624,79969.85
24551,2.825812,79972.68
24552,2.8285284,79975.51
24553,2.83072,79978.336
24554,2.8315444,79981.164
24555,2.831987,79983.99
24556,2.8318255,79986.82
24557,2.831821,79989.65
24558,2.831075,79992.48
24559,2.8300347,79995.305
24560,2.8284903,79998.13
24561,2.826833,80000.96
24562,2.8250275,80003.79
24563,2.82331,80006.61
24564,2.8217123,80009.43
24565,2.8200617,80012.25
24566,2.8196468,80015.07
24567,2.819029,80017.89
24568,2.8181279,80020.71
24569,2.8169155,80023.53
24570,2.816283,80026.34
24571,2.8161798,80029.16
24572,2.815829,80031.97
24573,2.8155267,80034.78
24574,2.8139832,80037.59
24575,2.812214,80040.41
24576,2.8103018,80043.22
24577,2.8090224,80046.03
24578,2.8086889,80048.84
24579,2.8085058,80051.65
24580,2.8067338,80054.45
24581,2.805867,80057.26
24582,2.8057828,80060.06
24583,2.8068073,80062.87
24584,2.8074749,80065.67
24585,2.807397,80068.48
24586,2.807611,80071.28
24587,2.8075511,80074.086
24588,2.8076162,80076.89
24589,2.807494,80079.695
24590,2.8077235,80082.5
24591,2.808664,80085.31
24592,2.809599,80088.125
24593,2.8102002,80090.94
24594,2.8105843,80093.75
24595,2.8108673,80096.56
24596,2.810597,80099.375
24597,2.8107576,80102.19
24598,2.8109548,80105.0
24599,2.810826,80107.81
24600,2.8101916,80110.625
24601,2.8102357,80113.44
24602,2.810425,80116.25
24603,2.8105972,80119.06
24604,2.8107574,80121.875
24605,2.8110046,80124.69
24606,2.8117504,80127.5
24607,2.812803,80130.31
24608,2.8136208,80133.125
24609,2.813746,80135.94
24610,2.8146014,80138.75
24611,2.817404,80141.57
24612,2.8196673,80144.39
24613,2.8221548,80147.21
24614,2.8240442,80150.03
24615,2.8250353,80152.86
24616,2.825395,80155.69
24617,2.8244677,80158.516
24618,2.8235924,80161.336
24619,2.82272,80164.16
24620,2.8217154,80166.98
24621,2.820693,80169.8
24622,2.8193896,80172.62
24623,2.8170552,80175.44
24624,2.8166635,80178.26
24625,2.8159697,80181.07
24626,2.8167546,80183.89
24627,2.8181887,80186.71
24628,2.8187902,80189.53
24629,2.8191016,80192.35
24630,2.8189015,80195.17
24631,2.8185623,80197.99
24632,2.817936,80200.81
24633,2.817943,80203.63
24634,2.8170655,80206.45
24635,2.815842,80209.266
24636,2.815808,80212.08
24637,2.8158934,80214.89
24638,2.816339,80217.7
24639,2.8171477,80220.52
24640,2.8166347,80223.34
24641,2.816974,80226.164
24642,2.8171713,80228.984
24643,2.8178253,80231.805
24644,2.8180118,80234.625
24645,2.817456,80237.445
24646,2.8161447,80240.26
24647,2.8141189,80243.07
24648,2.8132014,80245.88
24649,2.8120449,80248.695
24650,2.8119366,80251.51
24651,2.8125374,80254.32
24652,2.8134332,80257.13
24653,2.8148897,80259.945
24654,2.8149462,80262.76
24655,2.8144672,80265.57
24656,2.8133311,80268.38
24657,2.81233,80271.195
24658,2.812034,80274.01
24659,2.8133504,80276.82
24660,2.8159535,80279.63
24661,2.8181841,80282.45
24662,2.819651,80285.27
24663,2.8200781,80288.09
24664,2.8197052,80290.914
24665,2.8186657,80293.734
24666,2.8160388,80296.55
24667,2.8129256,80299.36
24668,2.8097365,80302.17
24669,2.807379,80304.98
24670,2.805842,80307.78
24671,2.8046138,80310.586
24672,2.8044252,80313.39
24673,2.8060663,80316.195
24674,2.8079858,80319.0
24675,2.8091555,80321.81
24676,2.809486,80324.625
24677,2.8100991,80327.44
24678,2.8107693,80330.25
24679,2.8121638,80333.06
24680,2.8141897,80335.875
24681,2.8172274,80338.695
24682,2.8195713,80341.516
24683,2.8214264,80344.336
24684,2.823046,80347.16
24685,2.8248641,80349.984
24686,2.8245413,80352.81
24687,2.823153,80355.63
24688,2.8227315,80358.45
24689,2.8219664,80361.27
24690,2.8201566,80364.09
24691,2.8169937,80366.914
24692,2.8138194,80369.73
24693,2.810968,80372.54
24694,2.80952,80375.35
24695,2.8086832,80378.164
24696,2.8081653,80380.97
24697,2.8073626,80383.77
24698,2.8076372,80386.58
24699,2.808081,80389.38
24700,2.8085234,80392.19
24701,2.8085315,80394.99
24702,2.8096316,80397.805
24703,2.8106225,80400.62
24704,2.8120668,80403.43
24705,2.8136792,80406.24
24706,2.8160717,80409.055
24707,2.8171945,80411.875
24708,2.8173501,80414.695
24709,2.8165,80417.516
24710,2.815038,80420.33
24711,2.814006,80423.14
24712,2.812177,80425.95
24713,2.809038,80428.766
24714,2.8042552,80431.57
24715,2.7984982,80434.37
24716,2.7952013,80437.164
24717,2.793003,80439.96
24718,2.7943857,80442.76
24719,2.7972655,80445.555
24720,2.800216,80448.35
24721,2.8025863,80451.16
24722,2.8030987,80453.96
24723,2.8027518,80456.766
24724,2.8017452,80459.57
24725,2.8007915,80462.375
24726,2.8008173,80465.18
24727,2.8019707,80467.984
24728,2.8037355,80470.79
24729,2.8056748,80473.59
24730,2.8068128,80476.4
24731,2.8074732,80479.2
24732,2.807168,80482.01
24733,2.8077898,80484.81
24734,2.8087707,80487.625
24735,2.809621,80490.44
24736,2.8096843,80493.25
24737,2.8096373,80496.06
24738,2.8104305,80498.875
24739,2.811248,80501.69
24740,2.8129852,80504.5
24741,2.8150983,80507.31
24742,2.817855,80510.13
24743,2.8207848,80512.95
24744,2.8230188,80515.77
24745,2.8255553,80518.6
24746,2.828788,80521.43
24747,2.832543,80524.266
24748,2.8348825,80527.1
24749,2.8353586,80529.94
24750,2.8362288,80532.77
24751,2.837897,80535.61
24752,2.8399963,80538.45
24753,2.8425984,80541.3
24754,2.843755,80544.14
24755,2.8440964,80546.984
24756,2.8445544,80549.83
24757,2.8447082,80552.67
24758,2.8449109,80555.516
24759,2.844015,80558.36
24760,2.8423553,80561.2
24761,2.840764,80564.05
24762,2.839749,80566.88
24763,2.838716,80569.72
24764,2.838523,80572.555
24765,2.8377385,80575.39
24766,2.8371663,80578.23
24767,2.8371072,80581.06
24768,2.8373375,80583.9
24769,2.8375812,80586.734
24770,2.837576,80589.57
24771,2.8384392,80592.41
24772,2.8395658,80595.24
24773,2.8399475,80598.086
24774,2.8395977,80600.92
24775,2.8385096,80603.76
24776,2.8381603,80606.59
24777,2.8373609,80609.43
24778,2.8375037,80612.266
24779,2.8379757,80615.1
24780,2.8372965,80617.94
24781,2.8360486,80620.77
24782,2.8353329,80623.61
24783,2.834199,80626.445
24784,2.8327763,80629.28
24785,2.8310196,80632.11
24786,2.8297918,80634.94
24787,2.829448,80637.766
24788,2.8295977,80640.59
24789,2.8297753,80643.42
24790,2.8292968,80646.25
24791,2.8290792,80649.08
24792,2.8285818,80651.91
24793,2.8275461,80654.734
24794,2.826745,80657.56
24795,2.826586,80660.39
24796,2.8277853,80663.22
24797,2.8300924,80666.05
24798,2.8320699,80668.88
24799,2.8349316,80671.72
24800,2.8370845,80674.555
24801,2.8386943,80677.39
24802,2.8396225,80680.23
24803,2.8396366,80683.06
24804,2.8396845,80685.9
24805,2.8403707,80688.74
24806,2.8388138,80691.58
24807,2.8358145,80694.414
24808,2.831437,80697.24
24809,2.8274863,80700.07
24810,2.8254285,80702.9
24811,2.8241503,80705.72
24812,2.823908,80708.54
24813,2.8242419,80711.37
24814,2.824183,80714.19
24815,2.8244638,80717.016
24816,2.8243773,80719.84
24817,2.823213,80722.664
24818,2.8221774,80725.484
24819,2.8215756,80728.305
24820,2.8216548,80731.125
24821,2.821181,80733.945
24822,2.820911,80736.766
24823,2.8208096,80739.586
24824,2.8217118,80742.41
24825,2.823157,80745.23
24826,2.823892,80748.05
24827,2.8256729,80750.875
24828,2.8263586,80753.7
24829,2.8271077,80756.53
24830,2.8265219,80759.36
24831,2.824396,80762.19
24832,2.821457,80765.01
24833,2.8173637,80767.83
24834,2.8161035,80770.64
24835,2.8179393,80773.46
24836,2.8208559,80776.28
24837,2.8220847,80779.1
24838,2.821418,80781.92
24839,2.8197289,80784.74
24840,2.8176959,80787.56
24841,2.8158529,80790.375
24842,2.8144665,80793.19
24843,2.813542,80796.0
24844,2.8123605,80798.81
24845,2.811675,80801.625
24846,2.8103878,80804.44
24847,2.8094788,80807.25
24848,2.8102002,80810.06
24849,2.8107708,80812.875
24850,2.8108053,80815.69
24851,2.810537,80818.5
24852,2.8092217,80821.31
24853,2.8067734,80824.12
24854,2.80467,80826.92
24855,2.8025076,80829.73
24856,2.803064,80832.53
24857,2.8059475,80835.336
24858,2.809547,80838.15
24859,2.8118358,80840.96
24860,2.8114743,80843.77
24861,2.8122432,80846.586
24862,2.8138714,80849.4
24863,2.81531,80852.21
24864,2.8173752,80855.03
24865,2.8187659,80857.85
24866,2.818609,80860.67
24867,2.817277,80863.49
24868,2.8181539,80866.31
24869,2.8204563,80869.13
24870,2.8223894,80871.95
24871,2.823882,80874.77
24872,2.8242114,80877.59
24873,2.8242884,80880.42
24874,2.8234594,80883.24
24875,2.8220196,80886.06
24876,2.820913,80888.88
24877,2.8205297,80891.7
24878,2.8222241,80894.52
24879,2.8243682,80897.35
24880,2.8260632,80900.18
24881,2.8268073,80903.01
24882,2.826714,80905.836
24883,2.8260052,80908.664
24884,2.8259354,80911.49
24885,2.8262532,80914.32
24886,2.8261147,80917.15
24887,2.825069,80919.98
24888,2.82423,80922.805
24889,2.8230584,80925.625
24890,2.822415,80928.445
24891,2.8218853,80931.266
24892,2.821806,80934.086
24893,2.821298,80936.91
24894,2.8208675,80939.73
24895,2.8204591,80942.55
24896,2.8208148,80945.37
24897,2.822107,80948.19
24898,2.822039,80951.01
24899,2.8219943,80953.83
24900,2.822898,80956.65
24901,2.8244128,80959.48
24902,2.8253732,80962.305
24903,2.8259234,80965.13
24904,2.8262029,80967.96
24905,2.8265479,80970.79
24906,2.8267136,80973.62
24907,2.8283663,80976.445
24908,2.830054,80979.27
24909,2.8319592,80982.1
24910,2.8329968,80984.94
24911,2.8340096,80987.77
24912,2.835266,80990.61
24913,2.8373249,80993.445
24914,2.839613,80996.28
24915,2.8413942,80999.125
24916,2.841629,81001.97
24917,2.841019,81004.81
24918,2.8406136,81007.66
24919,2.8394785,81010.49
24920,2.838,81013.33
24921,2.8362215,81016.164
24922,2.8339288,81019.0
24923,2.831529,81021.83
24924,2.8301787,81024.66
24925,2.8299057,81027.484
24926,2.8300085,81030.31
24927,2.8304439,81033.14
24928,2.8309321,81035.97
24929,2.830568,81038.8
24930,2.8317206,81041.625
24931,2.8332489,81044.46
24932,2.8348842,81047.3
24933,2.8361156,81050.13
24934,2.836792,81052.97
24935,2.8377762,81055.805
24936,2.8388,81058.64
24937,2.8391314,81061.48
24938,2.8385408,81064.31
24939,2.8382525,81067.15
24940,2.838092,81069.984
24941,2.8370318,81072.82
24942,2.835326,81075.66
24943,2.8336732,81078.49
24944,2.8329964,81081.33
24945,2.8329957,81084.164
24946,2.832437,81087.0
24947,2.8304384,81089.83
24948,2.8290324,81092.66
24949,2.828217,81095.484
24950,2.8275487,81098.31
24951,2.8270946,81101.14
24952,2.8250995,81103.97
24953,2.822398,81106.79
24954,2.8205142,81109.61
24955,2.819598,81112.43
24956,2.8197653,81115.25
24957,2.8201733,81118.07
24958,2.8203871,81120.89
24959,2.821278,81123.71
24960,2.821988,81126.53
24961,2.8235292,81129.35
24962,2.825469,81132.18
24963,2.8277752,81135.01
24964,2.8280191,81137.836
24965,2.8274963,81140.664
24966,2.827222,81143.49
24967,2.8278384,81146.32
24968,2.8283877,81149.15
24969,2.8280194,81151.98
24970,2.826014,81154.805
24971,2.8234396,81157.625
24972,2.8209624,81160.445
24973,2.8182847,81163.266
24974,2.8170114,81166.086
24975,2.8155942,81168.9
24976,2.8152175,81171.71
24977,2.8165035,81174.53
24978,2.8183665,81177.35
24979,2.8200684,81180.17
24980,2.8210952,81182.99
24981,2.8214822,81185.81
24982,2.8210661,81188.63
24983,2.821348,81191.45
24984,2.8210585,81194.27
24985,2.8203287,81197.09
24986,2.818874,81199.914
24987,2.8169103,81202.734
24988,2.8158016,81205.55
24989,2.815414,81208.36
24990,2.813778,81211.17
24991,2.8113234,81213.984
24992,2.8092089,81216.8
24993,2.8074362,81219.6
24994,2.8070755,81222.41
24995,2.8071475,81225.21
24996,2.807031,81228.016
24997,2.804487,81230.82
24998,2.7999191,81233.62
24999,2.7945168,81236.414
25000,2.79159,81239.2
25001,2.7895186,81241.99
25002,2.7887769,81244.78
25003,2.788456,81247.57
25004,2.7881863,81250.36
25005,2.7872143,81253.15
25006,2.786708,81255.94
25007,2.7869854,81258.73
25008,2.7886617,81261.516
25009,2.7921746,81264.305
25010,2.796522,81267.1
25011,2.8008661,81269.91
25012,2.8027594,81272.71
25013,2.8055763,81275.516
25014,2.807172,81278.32
25015,2.807415,81281.125
25016,2.8073676,81283.93
25017,2.8076794,81286.734
25018,2.8080246,81289.54
25019,2.8070421,81292.34
25020,2.8062031,81295.15
25021,2.8055837,81297.95
25022,2.8063576,81300.76
25023,2.8080113,81303.56
25024,2.809382,81306.375
25025,2.8116913,81309.19
25026,2.812082,81312.0
25027,2.8122737,81314.81
25028,2.8121493,81317.625
25029,2.8119328,81320.44
25030,2.8106067,81323.25
25031,2.809366,81326.06
25032,2.8092926,81328.875
25033,2.8103118,81331.69
25034,2.8120606,81334.5
25035,2.8124661,81337.31
25036,2.8116214,81340.125
25037,2.810354,81342.94
25038,2.809197,81345.75
25039,2.8083935,81348.555
25040,2.8089533,81351.37
25041,2.8095996,81354.18
25042,2.8105168,81356.99
25043,2.811992,81359.805
25044,2.8126607,81362.62
25045,2.812037,81365.43
25046,2.8117325,81368.24
25047,2.8127139,81371.055
25048,2.8145092,81373.87
25049,2.8166,81376.69
25050,2.8187597,81379.51
25051,2.8207521,81382.33
25052,2.8227458,81385.15
25053,2.8239052,81387.97
25054,2.8239844,81390.79
25055,2.8239093,81393.61
25056,2.8254004,81396.44
25057,2.8281276,81399.266
25058,2.8305905,81402.09
25059,2.8335004,81404.93
25060,2.8342235,81407.766
25061,2.8337564,81410.6
25062,2.8326955,81413.44
25063,2.831173,81416.266
25064,2.8294296,81419.09
25065,2.8278754,81421.92
25066,2.8253798,81424.75
25067,2.8226705,81427.57
25068,2.8200765,81430.39
25069,2.8179963,81433.21
25070,2.8168666,81436.03
25071,2.816944,81438.85
25072,2.8189948,81441.67
25073,2.8212106,81444.49
25074,2.8239813,81447.31
25075,2.826503,81450.14
25076,2.827222,81452.97
25077,2.8272743,81455.8
25078,2.827252,81458.625
25079,2.827442,81461.45
25080,2.8269668,81464.28
25081,2.8263936,81467.11
25082,2.8262813,81469.94
25083,2.824985,81472.766
25084,2.823234,81475.586
25085,2.8218129,81478.41
25086,2.8220918,81481.23
25087,2.8222237,81484.05
25088,2.8227854,81486.87
25089,2.8229554,81489.69
25090,2.8239388,81492.51
25091,2.8259878,81495.336
25092,2.8279464,81498.164
25093,2.8297517,81500.99
25094,2.8304698,81503.82
25095,2.8308978,81506.65
25096,2.8320003,81509.48
25097,2.8347108,81512.31
25098,2.836884,81515.15
25099,2.838565,81517.984
25100,2.839967,81520.83
25101,2.841689,81523.67
25102,2.841903,81526.516
25103,2.840057,81529.36
25104,2.838977,81532.195
25105,2.838144,81535.03
25106,2.8364916,81537.87
25107,2.8341546,81540.7
25108,2.831804,81543.53
25109,2.828559,81546.36
25110,2.8274658,81549.19
25111,2.8267658,81552.016
25112,2.8257024,81554.84
25113,2.8245244,81557.67
25114,2.8237057,81560.49
25115,2.8216631,81563.31
25116,2.8196802,81566.13
25117,2.8183117,81568.95
25118,2.8172646,81571.77
25119,2.8172967,81574.59
25120,2.8179076,81577.414
25121,2.8190854,81580.234
25122,2.8197348,81583.055
25123,2.8200824,81585.875
25124,2.8195698,81588.695
25125,2.8189504,81591.516
25126,2.8184721,81594.336
25127,2.817489,81597.16
25128,2.816863,81599.98
25129,2.816483,81602.8
25130,2.8170884,81605.62
25131,2.8175497,81608.44
25132,2.8169549,81611.26
25133,2.8163457,81614.07
25134,2.8151445,81616.88
25135,2.8132927,81619.695
25136,2.8107302,81622.51
25137,2.808977,81625.32
25138,2.8069048,81628.125
25139,2.8043284,81630.93
25140,2.8037038,81633.734
25141,2.8042889,81636.54
25142,2.8057995,81639.34
25143,2.8069522,81642.15
25144,2.8083565,81644.95
25145,2.809851,81647.766
25146,2.8103898,81650.58
25147,2.811213,81653.39
25148,2.81298,81656.2
25149,2.816094,81659.016
25150,2.817311,81661.836
25151,2.8179038,81664.66
25152,2.819164,81667.48
25153,2.8208666,81670.3
25154,2.8217275,81673.12
25155,2.821762,81675.94
25156,2.8219063,81678.76
25157,2.8224478,81681.58
25158,2.8229907,81684.4
25159,2.8239157,81687.22
25160,2.8241074,81690.04
25161,2.8241668,81692.86
25162,2.823046,81695.68
25163,2.8225136,81698.5
25164,2.82269,81701.32
25165,2.8241374,81704.14
25166,2.8232107,81706.96
25167,2.8204737,81709.78
25168,2.8188562,81712.6
25169,2.818497,81715.42
25170,2.8193839,81718.24
25171,2.8203125,81721.06
25172,2.8219159,81723.88
25173,2.8238728,81726.7
25174,2.8250325,81729.53
25175,2.82586,81732.36
25176,2.8254144,81735.19
25177,2.8223484,81738.01
25178,2.8199818,81740.83
25179,2.8177888,81743.65
25180,2.8171718,81746.47
25181,2.816779,81749.29
25182,2.8173974,81752.11
25183,2.8174095,81754.93
25184,2.8165743,81757.75
25185,2.8150613,81760.56
25186,2.8132384,81763.375
25187,2.8107333,81766.19
25188,2.808571,81768.99
25189,2.807626,81771.8
25190,2.8073504,81774.6
25191,2.8067946,81777.41
25192,2.807527,81780.21
25193,2.8083355,81783.016
25194,2.8094833,81785.83
25195,2.8100882,81788.64
25196,2.810922,81791.45
25197,2.8124578,81794.266
25198,2.813501,81797.08
25199,2.8137546,81799.89
25200,2.8137925,81802.7
25201,2.8154957,81805.516
25202,2.8178585,81808.336
25203,2.8190603,81811.16
25204,2.8205807,81813.98
25205,2.8216293,81816.8
25206,2.8219523,81819.62
25207,2.821112,81822.44
25208,2.8204184,81825.26
25209,2.8202877,81828.08
25210,2.8213768,81830.9
25211,2.8222249,81833.72
25212,2.8236368,81836.54
25213,2.825248,81839.37
25214,2.827032,81842.195
25215,2.8290846,81845.02
25216,2.8313248,81847.85
25217,2.8329527,81850.69
25218,2.832303,81853.52
25219,2.8314846,81856.35
25220,2.830344,81859.18
25221,2.8311555,81862.01
25222,2.8308566,81864.836
25223,2.8311336,81867.664
25224,2.8322177,81870.5
25225,2.8337224,81873.336
25226,2.8331213,81876.17
25227,2.8320608,81879.01
25228,2.8301935,81881.836
25229,2.8285656,81884.664
25230,2.82665,81887.49
25231,2.823991,81890.31
25232,2.8209774,81893.13
25233,2.8173764,81895.95
25234,2.814829,81898.766
25235,2.8141086,81901.58
25236,2.8140883,81904.39
25237,2.813605,81907.2
25238,2.8124795,81910.016
25239,2.8108046,81912.83
25240,2.8085718,81915.63
25241,2.8063228,81918.44
25242,2.8050256,81921.24
25243,2.8042803,81924.05
25244,2.8044338,81926.85
25245,2.8050036,81929.66
25246,2.804995,81932.46
25247,2.8041034,81935.266
25248,2.8036935,81938.07
25249,2.8040066,81940.875
25250,2.8038604,81943.68
25251,2.8030455,81946.484
25252,2.8022118,81949.29
25253,2.801289,81952.09
25254,2.801423,81954.9
25255,2.8022473,81957.7
25256,2.8022506,81960.51
25257,2.8010428,81963.31
25258,2.800081,81966.11
25259,2.7986736,81968.91
25260,2.7970104,81971.7
25261,2.7966347,81974.5
25262,2.7985742,81977.3
25263,2.801312,81980.1
25264,2.8018372,81982.91
25265,2.801706,81985.71
25266,2.802911,81988.516
25267,2.803526,81991.32
25268,2.8055174,81994.125
25269,2.8074899,81996.93
25270,2.8105016,81999.74
25271,2.8133123,82002.555
25272,2.8158178,82005.37
25273,2.818751,82008.19
25274,2.820845,82011.01
25275,2.821331,82013.83
25276,2.8202863,82016.65
25277,2.8180437,82019.47
25278,2.815877,82022.28
25279,2.8132706,82025.09
25280,2.813028,82027.91
25281,2.8133862,82030.72
25282,2.8141558,82033.53
25283,2.814946,82036.34
25284,2.8162944,82039.16
25285,2.8182378,82041.98
25286,2.8202987,82044.8
25287,2.8227823,82047.62
25288,2.8242357,82050.445
25289,2.8233163,82053.266
25290,2.8229363,82056.086
25291,2.8246942,82058.914
25292,2.8281164,82061.74
25293,2.8305886,82064.57
25294,2.8308,82067.4
25295,2.8298748,82070.23
25296,2.8296652,82073.055
25297,2.8297827,82075.88
25298,2.8303163,82078.71
25299,2.830131,82081.54
25300,2.8296914,82084.37
25301,2.8289993,82087.195
25302,2.8288507,82090.02
25303,2.8282552,82092.85
25304,2.829667,82095.68
25305,2.8312316,82098.51
25306,2.8312535,82101.336
25307,2.830884,82104.164
25308,2.830356,82106.99
25309,2.8295941,82109.82
25310,2.8299158,82112.65
25311,2.830875,82115.48
25312,2.8312624,82118.305
25313,2.8312979,82121.13
25314,2.8311508,82123.96
25315,2.8304565,82126.79
25316,2.829587,82129.62
25317,2.8292098,82132.445
25318,2.8285818,82135.27
25319,2.8290334,82138.1
25320,2.829781,82140.93
25321,2.830714,82143.76
25322,2.8310509,82146.586
25323,2.8307323,82149.414
25324,2.829951,82152.24
25325,2.8282573,82155.07
25326,2.8268042,82157.9
25327,2.8250873,82160.73
25328,2.8229363,82163.55
25329,2.821286,82166.37
25330,2.8205647,82169.19
25331,2.8205612,82172.01
25332,2.8209708,82174.83
25333,2.8205156,82177.65
25334,2.8201358,82180.47
25335,2.8193436,82183.29
25336,2.8192012,82186.11
25337,2.8197784,82188.93
25338,2.8195379,82191.75
25339,2.8195312,82194.57
25340,2.818254,82197.39
25341,2.8177083,82200.21
25342,2.8167431,82203.03
25343,2.8169699,82205.85
25344,2.8186855,82208.67
25345,2.8210924,82211.49
25346,2.8229196,82214.31
25347,2.8242695,82217.14
25348,2.8252075,82219.97
25349,2.8268235,82222.8
25350,2.8282292,82225.625
25351,2.8294082,82228.45
25352,2.8296661,82231.28
25353,2.8297577,82234.11
25354,2.8296864,82236.94
25355,2.8291588,82239.766
25356,2.8286917,82242.59
25357,2.8295736,82245.42
25358,2.830501,82248.25
25359,2.8314142,82251.08
25360,2.8313942,82253.91
25361,2.831267,82256.734
25362,2.832109,82259.57
25363,2.833129,82262.41
25364,2.833053,82265.24
25365,2.8319921,82268.07
25366,2.8313107,82270.9
25367,2.8320553,82273.734
25368,2.8322513,82276.57
25369,2.8320537,82279.41
25370,2.8309026,82282.234
25371,2.8296936,82285.06
25372,2.8290257,82287.89
25373,2.8274755,82290.72
25374,2.8270059,82293.55
25375,2.8263779,82296.375
25376,2.8264751,82299.2
25377,2.8271897,82302.03
25378,2.8276083,82304.86
25379,2.827217,82307.69
25380,2.8266563,82310.516
25381,2.8254466,82313.34
25382,2.8248804,82316.17
25383,2.8246057,82319.0
25384,2.8247356,82321.83
25385,2.825116,82324.66
25386,2.8264084,82327.484
25387,2.8284678,82330.31
25388,2.8306623,82333.14
25389,2.8325365,82335.98
25390,2.8335698,82338.81
25391,2.8339026,82341.65
25392,2.8352618,82344.484
25393,2.8370142,82347.32
25394,2.8381119,82350.16
25395,2.838794,82352.99
25396,2.8389952,82355.83
25397,2.838786,82358.664
25398,2.8388567,82361.5
25399,2.8391483,82364.336
25400,2.8395028,82367.17
25401,2.8395777,82370.01
25402,2.839472,82372.84
25403,2.838792,82375.68
25404,2.8386574,82378.516
25405,2.8385108,82381.35
25406,2.8385081,82384.19
25407,2.8384204,82387.02
25408,2.8377953,82389.86
25409,2.8371134,82392.695
25410,2.835638,82395.53
25411,2.8343735,82398.37
25412,2.8333175,82401.2
25413,2.8323126,82404.04
25414,2.831031,82406.87
25415,2.8293633,82409.695
25416,2.8284566,82412.52
25417,2.8283055,82415.35
25418,2.8290138,82418.18
25419,2.830074,82421.01
25420,2.8311574,82423.836
25421,2.8319309,82426.664
25422,2.8335314,82429.5
25423,2.8358853,82432.336
25424,2.8381221,82435.17
25425,2.8404992,82438.016
25426,2.8425534,82440.86
25427,2.844654,82443.7
25428,2.8464751,82446.55
25429,2.8476803,82449.4
25430,2.8487935,82452.25
25431,2.8502944,82455.1
25432,2.8530247,82457.95
25433,2.8588078,82460.81
25434,2.8685074,82463.68
25435,2.8880706,82466.57
25436,2.90648,82469.48
25437,2.917459,82472.39
25438,2.9235415,82475.31
25439,2.92814,82478.24
25440,2.9306796,82481.17
25441,2.93272,82484.1
25442,2.933435,82487.03
25443,2.9341943,82489.97
25444,2.9351888,82492.91
25445,2.9379256,82495.84
25446,2.9386861,82498.78
25447,2.939156,82501.72
25448,2.9379532,82504.66
25449,2.9361007,82507.59
25450,2.932441,82510.52
25451,2.9275615,82513.45
25452,2.9213989,82516.375
25453,2.915382,82519.29
25454,2.90776,82522.195
25455,2.900348,82525.09
25456,2.892334,82527.984
25457,2.885229,82530.87
25458,2.8783865,82533.74
25459,2.8725579,82536.62
25460,2.8679187,82539.484
25461,2.86544,82542.35
25462,2.867467,82545.22
25463,2.8735013,82548.09
25464,2.8862417,82550.98
25465,2.8891168,82553.87
25466,2.8813412,82556.75
25467,2.8670897,82559.62
25468,2.8573067,82562.48
25469,2.852208,82565.33
25470,2.8519115,82568.18
25471,2.8536637,82571.03
25472,2.8567467,82573.89
25473,2.8601198,82576.75
25474,2.8634768,82579.62
25475,2.8638446,82582.484
25476,2.863188,82585.34
25477,2.8595963,82588.2
25478,2.8571453,82591.06
25479,2.8539627,82593.914
25480,2.852405,82596.766
25481,2.8493958,82599.62
25482,2.8475335,82602.46
25483,2.844198,82605.305
25484,2.8421252,82608.15
25485,2.8393078,82610.984
25486,2.8372238,82613.82
25487,2.833873,82616.66
25488,2.8301656,82619.484
25489,2.8262172,82622.31
25490,2.822178,82625.13
25491,2.8181446,82627.95
25492,2.8138056,82630.766
25493,2.8085687,82633.57
25494,2.8027866,82636.375
25495,2.796572,82639.17
25496,2.7906299,82641.96
25497,2.7849972,82644.74
25498,2.77899,82647.52
25499,2.7727463,82650.3
25500,2.7673342,82653.06
25501,2.7624373,82655.83
25502,2.7577379,82658.586
25503,2.7526257,82661.336
25504,2.7470071,82664.086
25505,2.74064,82666.83
25506,2.7331276,82669.56
25507,2.7256055,82672.29
25508,2.7179542,82675.01
25509,2.711234,82677.72
25510,2.7042482,82680.42
25511,2.6972735,82683.12
25512,2.6899493,82685.805
25513,2.682857,82688.484
25514,2.6760812,82691.164
25515,2.6701615,82693.836
25516,2.664499,82696.5
25517,2.6591818,82699.16
25518,2.6546059,82701.81
25519,2.6509664,82704.46
25520,2.6484642,82707.11
25521,2.6483927,82709.76
25522,2.651105,82712.41
25523,2.654722,82715.06
25524,2.6597857,82717.72
25525,2.6671228,82720.38
25526,2.6784985,82723.06
25527,2.6917114,82725.76
25528,2.7057202,82728.46
25529,2.7201352,82731.18
25530,2.7319493,82733.914
25531,2.743624,82736.66
25532,2.756688,82739.414
25533,2.7738605,82742.19
25534,2.7912185,82744.98
25535,2.804511,82747.78
25536,2.8130536,82750.59
25537,2.8195293,82753.414
25538,2.8253894,82756.24
25539,2.8308938,82759.07
25540,2.8347933,82761.91
25541,2.8386798,82764.74
25542,2.8424165,82767.586
25543,2.8474615,82770.43
25544,2.8517554,82773.28
25545,2.8561099,82776.14
25546,2.8604066,82779.0
25547,2.8657598,82781.87
25548,2.871151,82784.74
25549,2.877062,82787.62
25550,2.8826265,82790.5
25551,2.8880188,82793.39
25552,2.8927243,82796.28
25553,2.8974085,82799.18
25554,2.9016316,82802.08
25555,2.9056604,82804.984
25556,2.908343,82807.89
25557,2.9104152,82810.805
25558,2.911755,82813.72
25559,2.9130766,82816.63
25560,2.9138134,82819.55
25561,2.9144623,82822.46
25562,2.914087,82825.375
25563,2.9135163,82828.29
25564,2.910967,82831.2
25565,2.907625,82834.11
25566,2.9028003,82837.016
25567,2.8990881,82839.914
25568,2.8947997,82842.81
25569,2.8919919,82845.7
25570,2.8900118,82848.59
25571,2.8924286,82851.484
25572,2.8946793,82854.38
25573,2.8974466,82857.28
25574,2.898815,82860.18
25575,2.9011204,82863.08
25576,2.9030373,82865.984
25577,2.9056184,82868.89
25578,2.9073067,82871.8
25579,2.9092062,82874.7
25580,2.910271,82877.62
25581,2.9110281,82880.53
25582,2.9107146,82883.445
25583,2.9105644,82886.36
25584,2.9095666,82889.266
25585,2.909364,82892.17
25586,2.9090106,82895.08
25587,2.910015,82897.984
25588,2.9109366,82900.9
25589,2.913084,82903.81
25590,2.915129,82906.73
25591,2.9180238,82909.65
25592,2.9195578,82912.57
25593,2.921471,82915.49
25594,2.923034,82918.414
25595,2.9247131,82921.336
25596,2.9264002,82924.266
25597,2.9280968,82927.195
25598,2.9300199,82930.125
25599,2.9309497,82933.055
25600,2.9329016,82935.984
25601,2.9321597,82938.914
25602,2.9327385,82941.84
25603,2.9305556,82944.77
25604,2.930069,82947.7
25605,2.9279883,82950.63
25606,2.928117,82953.56
25607,2.9272966,82956.49
25608,2.9296803,82959.42
25609,2.9293034,82962.35
25610,2.930069,82965.28
25611,2.930113,82968.21
25612,2.9312832,82971.14
25613,2.931373,82974.07
25614,2.933648,82977.01
25615,2.9328823,82979.94
25616,2.9360223,82982.875
25617,2.9371557,82985.81
25618,2.94105,82988.75
25619,2.941693,82991.695
25620,2.9445152,82994.64
25621,2.9445806,82997.586
25622,2.9465556,83000.53
25623,2.945785,83003.48
25624,2.9452336,83006.42
25625,2.9424837,83009.37
25626,2.9403286,83012.305
25627,2.9381828,83015.24
25628,2.9368517,83018.18
25629,2.935699,83021.12
25630,2.9340863,83024.055
25631,2.9318514,83026.984
25632,2.9283175,83029.914
25633,2.924447,83032.836
25634,2.9208853,83035.76
25635,2.9183922,83038.68
25636,2.915823,83041.59
25637,2.9133682,83044.51
25638,2.909747,83047.414
25639,2.905348,83050.32
25640,2.9002419,83053.22
25641,2.8959575,83056.12
25642,2.8919132,83059.01
25643,2.888271,83061.9
25644,2.8840408,83064.78
25645,2.8801043,83067.664
25646,2.8759978,83070.54
25647,2.872678,83073.414
25648,2.8696,83076.28
25649,2.8666682,83079.15
25650,2.8632488,83082.01
25651,2.860424,83084.87
25652,2.8574276,83087.73
25653,2.8547075,83090.58
25654,2.85151,83093.43
25655,2.848657,83096.28
25656,2.845199,83099.125
25657,2.8422375,83101.97
25658,2.8391476,83104.805
25659,2.8369014,83107.64
25660,2.8341372,83110.48
25661,2.8367095,83113.31
25662,2.8482273,83116.164
25663,2.8559234,83119.02
25664,2.8398545,83121.87
25665,2.8927126,83124.76
25666,2.904143,83127.664
25667,2.9109359,83130.58
25668,2.9135203,83133.49
25669,2.9182298,83136.414
25670,2.922677,83139.336
25671,2.923076,83142.26
25672,2.921729,83145.18
25673,2.9178805,83148.09
25674,2.9169347,83151.01
25675,2.9209194,83153.93
25676,2.9346814,83156.87
25677,2.9514883,83159.82
25678,2.972549,83162.79
25679,2.9884894,83165.78
25680,3.0017693,83168.78
25681,3.0026782,83171.78
25682,2.9959927,83174.77
25683,2.9796426,83177.75
25684,2.9724283,83180.72
25685,2.972514,83183.69
25686,2.9748757,83186.664
25687,2.9760327,83189.64
25688,2.977051,83192.62
25689,2.977582,83195.59
25690,2.9776177,83198.57
25691,2.9761267,83201.55
25692,2.9736876,83204.52
25693,2.9706182,83207.49
25694,2.9681528,83210.46
25695,2.966362,83213.43
25696,2.9656193,83216.4
25697,2.9655957,83219.37
25698,2.966791,83222.336
25699,2.968916,83225.305
25700,2.972034,83228.27
25701,2.975892,83231.25
25702,2.9804585,83234.23
25703,2.9845896,83237.21
25704,2.9890347,83240.2
25705,2.9922376,83243.195
25706,2.9953663,83246.19
25707,2.99666,83249.19
25708,2.996043,83252.18
25709,2.9948614,83255.17
25710,2.9938698,83258.164
25711,2.9959297,83261.16
25712,2.9984157,83264.16
25713,2.996933,83267.16
25714,2.9941092,83270.15
25715,2.9911633,83273.14
25716,2.986024,83276.125
25717,2.971306,83279.09
25718,2.9271371,83282.02
25719,2.9044755,83284.93
25720,2.8913622,83287.82
25721,2.8844638,83290.7
25722,2.8791046,83293.586
25723,2.8701472,83296.45
25724,2.8619728,83299.31
25725,2.8556607,83302.17
25726,2.8512042,83305.02
25727,2.843175,83307.87
25728,2.8358605,83310.7
25729,2.841285,83313.55
25730,2.8425329,83316.39
25731,2.8406472,83319.234
25732,2.8374484,83322.07
25733,2.8310356,83324.9
25734,2.82864,83327.73
25735,2.8246484,83330.555
25736,2.8225958,83333.375
25737,2.818192,83336.195
25738,2.8176231,83339.016
25739,2.8190053,83341.836
25740,2.8258862,83344.664
25741,2.8346927,83347.5
25742,2.8418221,83350.34
25743,2.846216,83353.19
25744,2.8493521,83356.04
25745,2.8511095,83358.89
25746,2.8590093,83361.75
25747,2.8691244,83364.62
25748,2.880951,83367.5
25749,2.8917708,83370.39
25750,2.903678,83373.3
25751,2.9141622,83376.21
25752,2.9227326,83379.13
25753,2.930734,83382.06
25754,2.9384823,83385.0
25755,2.9463744,83387.945
25756,2.9523656,83390.9
25757,2.957947,83393.86
25758,2.9614673,83396.82
25759,2.9622583,83399.78
25760,2.9640224,83402.74
25761,2.96772,83405.71
25762,2.9708753,83408.68
25763,2.9737248,83411.66
25764,2.9733293,83414.63
25765,2.9718106,83417.6
25766,2.9689395,83420.57
25767,2.9660678,83423.54
25768,2.9621902,83426.5
25769,2.958694,83429.46
25770,2.9528258,83432.414
25771,2.945579,83435.36
25772,2.9362428,83438.3
25773,2.925568,83441.22
25774,2.914728,83444.13
25775,2.9040737,83447.04
25776,2.894377,83449.93
25777,2.8864257,83452.81
25778,2.8787913,83455.69
25779,2.87261,83458.56
25780,2.8663263,83461.43
25781,2.859586,83464.29
25782,2.8508408,83467.14
25783,2.8421874,83469.984
25784,2.8356762,83472.82
25785,2.831373,83475.65
25786,2.8295574,83478.48
25787,2.829724,83481.305
25788,2.8317163,83484.13
25789,2.8341916,83486.97
25790,2.8374393,83489.805
25791,2.8413298,83492.65
25792,2.8451376,83495.49
25793,2.848464,83498.34
25794,2.8442886,83501.19
25795,2.8338723,83504.02
25796,2.83308,83506.86
25797,2.8339562,83509.695
25798,2.838388,83512.53
25799,2.8441863,83515.375
25800,2.8516192,83518.23
25801,2.8580453,83521.086
25802,2.8639505,83523.95
25803,2.867727,83526.82
25804,2.8712642,83529.695
25805,2.873046,83532.57
25806,2.876523,83535.445
25807,2.8814256,83538.33
25808,2.8870795,83541.22
25809,2.8927574,83544.11
25810,2.896186,83547.01
25811,2.8963592,83549.91
25812,2.893903,83552.8
25813,2.8897338,83555.69
25814,2.8861058,83558.57
25815,2.8854523,83561.45
25816,2.8857207,83564.336
25817,2.8878033,83567.23
25818,2.8888457,83570.12
25819,2.8904102,83573.01
25820,2.8908548,83575.9
25821,2.8917537,83578.79
25822,2.8914733,83581.68
25823,2.8914895,83584.57
25824,2.891015,83587.46
25825,2.8915834,83590.35
25826,2.8923845,83593.24
25827,2.8939803,83596.13
25828,2.8950877,83599.03
25829,2.8963547,83601.93
25830,2.897075,83604.83
25831,2.8985567,83607.73
25832,2.9004152,83610.625
25833,2.903068,83613.53
25834,2.905179,83616.44
25835,2.907034,83619.34
25836,2.908275,83622.25
25837,2.9129252,83625.164
25838,2.9178808,83628.08
25839,2.9245925,83631.0
25840,2.936177,83633.94
25841,2.9493463,83636.89
25842,2.9629385,83639.85
25843,2.9753456,83642.83
25844,2.98614,83645.81
25845,2.9937193,83648.805
25846,2.9982655,83651.805
25847,2.9994593,83654.805
25848,2.9983516,83657.805
25849,2.9950674,83660.8
25850,2.9891603,83663.79
25851,2.9824276,83666.77
25852,2.974417,83669.75
25853,2.9650967,83672.72
25854,2.9535186,83675.67
25855,2.9404378,83678.61
25856,2.923983,83681.53
25857,2.9058907,83684.44
25858,2.8851025,83687.32
25859,2.865025,83690.19
25860,2.8441765,83693.03
25861,2.824184,83695.85
25862,2.803239,83698.66
25863,2.781625,83701.44
25864,2.7580917,83704.195
25865,2.7348504,83706.93
25866,2.7135456,83709.64
25867,2.6909168,83712.33
25868,2.670368,83715.0
25869,2.651739,83717.65
25870,2.6386771,83720.29
25871,2.6280074,83722.914
25872,2.6205058,83725.53
25873,2.6141057,83728.15
25874,2.6130965,83730.76
25875,2.6151211,83733.375
25876,2.6231394,83736.0
25877,2.6346664,83738.63
25878,2.648512,83741.28
25879,2.6617959,83743.945
25880,2.6699002,83746.62
25881,2.6748695,83749.29
25882,2.6811752,83751.97
25883,2.6866665,83754.66
25884,2.6914737,83757.35
25885,2.6942523,83760.05
25886,2.6923523,83762.74
25887,2.6824594,83765.42
25888,2.665957,83768.086
25889,2.6298022,83770.72
25890,2.578386,83773.3
25891,2.4960396,83775.79
25892,2.4284964,83778.22
25893,2.3817363,83780.6
25894,2.3520763,83782.95
25895,2.3080635,83785.26
25896,2.2260282,83787.484
25897,2.085847,83789.57
25898,1.9871542,83791.555
25899,1.9460679,83793.5
25900,1.9376324,83795.44
25901,1.9516203,83797.39
25902,1.9434569,83799.336
25903,1.9368113,83801.27
25904,1.9080508,83803.18
25905,1.8861701,83805.06
25906,1.7540824,83806.82
25907,1.7150003,83808.54
25908,1.6763663,83810.22
25909,1.6701219,83811.89
25910,1.6498747,83813.54
25911,1.6428329,83815.18
25912,1.6354667,83816.81
25913,1.6347868,83818.445
25914,1.6252079,83820.07
25915,1.6241734,83821.695
25916,1.6154647,83823.31
25917,1.6091112,83824.92
25918,1.6053461,83826.52
25919,1.608496,83828.13
25920,1.6034235,83829.734
25921,1.5994034,83831.336
25922,1.5989065,83832.94
25923,1.6078494,83834.55
25924,1.6113348,83836.16
25925,1.616218,83837.77
25926,1.6225744,83839.4
25927,1.6450126,83841.05
25928,1.6524671,83842.7
25929,1.6991415,83844.4
25930,1.774186,83846.17
25931,1.7434382,83847.914
25932,1.7751825,83849.69
25933,1.7316772,83851.42
25934,1.7742258,83853.195
25935,1.7203679,83854.914
25936,1.776926,83856.69
25937,1.7227277,83858.414
25938,1.7898262,83860.2
25939,1.7385771,83861.945
25940,1.8012538,83863.75
25941,1.7613637,83865.51
25942,1.8092097,83867.32
25943,1.7912709,83869.11
25944,1.8243324,83870.94
25945,1.8073595,83872.74
25946,1.8234458,83874.56
25947,1.8000826,83876.36
25948,1.8145034,83878.17
25949,1.7814999,83879.95
25950,1.7916139,83881.74
25951,1.7465712,83883.49
25952,1.7599014,83885.25
25953,1.6954277,83886.945
25954,1.6417613,83888.586
25955,1.536729,83890.125
25956,1.5922265,83891.72
25957,1.5481007,83893.266
25958,1.5599133,83894.83
25959,1.5557613,83896.38
25960,1.534832,83897.914
25961,1.5235536,83899.44
25962,1.505613,83900.945
25963,1.4709017,83902.414
25964,1.4547611,83903.87
25965,1.4231312,83905.29
25966,1.4089104,83906.695
25967,1.379952,83908.08
25968,1.3669195,83909.445
25969,1.3432324,83910.79
25970,1.3214016,83912.11
25971,1.3030602,83913.414
25972,1.2798271,83914.695
25973,1.2606827,83915.95
25974,1.2361531,83917.19
25975,1.2151963,83918.41
25976,1.177983,83919.586
25977,1.1438336,83920.73
25978,1.0970829,83921.82
25979,1.0502803,83922.87
25980,0.99535954,83923.86
25981,0.9483913,83924.805
25982,0.9020275,83925.7
25983,0.874918,83926.58
25984,0.8513343,83927.43
25985,0.847264,83928.27
25986,0.84410286,83929.12
25987,0.850819,83929.97
25988,0.8536355,83930.82
25989,0.8633701,83931.69
25990,0.86643684,83932.555
25991,0.8705214,83933.42
25992,0.87092125,83934.29
25993,0.8802767,83935.17
25994,0.8897919,83936.06
25995,0.8982071,83936.96
25996,0.8907351,83937.85
25997,0.8702167,83938.72
25998,0.8558791,83939.58
25999,0.84602803,83940.42
26000,0.82549137,83941.25
26001,0.7987342,83942.05
26002,0.76913095,83942.81
26003,0.76081365,83943.57
26004,0.7421726,83944.31
26005,0.7237623,83945.04
26006,0.6976331,83945.734
26007,0.69680077,83946.43
26008,0.6956226,83947.125
26009,0.70608634,83947.83
26010,0.70660496,83948.53
26011,0.6997237,83949.234
26012,0.67447716,83949.91
26013,0.6604214,83950.57
26014,0.63945395,83951.21
26015,0.62772787,83951.836
26016,0.6078431,83952.445
26017,0.5907751,83953.04
26018,0.56993616,83953.61
26019,0.5551371,83954.164
26020,0.5460549,83954.71
26021,0.5438514,83955.26
26022,0.5382569,83955.8
26023,0.5218436,83956.32
26024,0.50091255,83956.82
26025,0.48513266,83957.305
26026,0.47777,83957.78
26027,0.4737275,83958.26
26028,0.4731063,83958.734
26029,0.47422355,83959.21
26030,0.47688666,83959.69
26031,0.47579566,83960.164
26032,0.4746804,83960.64
26033,0.47270498,83961.12
26034,0.47823492,83961.59
26035,0.4882305,83962.08
26036,0.49784812,83962.58
26037,0.5038802,83963.08
26038,0.5075048,83963.586
26039,0.5046369,83964.09
26040,0.50805074,83964.6
26041,0.50655967,83965.11
26042,0.50716025,83965.62
26043,0.50472206,83966.125
26044,0.50845224,83966.63
26045,0.51192254,83967.15
26046,0.5164953,83967.664
26047,0.5206763,83968.19
26048,0.52609015,83968.71
26049,0.5219431,83969.234
26050,0.51293355,83969.75
26051,0.5089333,83970.26
26052,0.517394,83970.77
26053,0.5283715,83971.305
26054,0.53365195,83971.836
26055,0.5304505,83972.37
26056,0.53136253,83972.9
26057,0.5427894,83973.44
26058,0.55802983,83973.99
26059,0.5696029,83974.56
26060,0.5765862,83975.14
26061,0.5781943,83975.72
26062,0.5761861,83976.3
26063,0.56999075,83976.87
26064,0.571679,83977.44
26065,0.58068943,83978.016
26066,0.59265006,83978.61
26067,0.5931798,83979.2
26068,0.5908947,83979.8
26069,0.59661853,83980.39
26070,0.6114449,83981.0
26071,0.6272388,83981.625
26072,0.6311051,83982.26
26073,0.6281556,83982.88
26074,0.6237905,83983.51
26075,0.6264278,83984.13
26076,0.631363,83984.766
26077,0.6389832,83985.41
26078,0.64159214,83986.05
26079,0.65430105,83986.7
26080,0.66924626,83987.375
26081,0.68717045,83988.06
26082,0.6923859,83988.76
26083,0.6898911,83989.445
26084,0.68674934,83990.13
26085,0.69028145,83990.82
26086,0.6931412,83991.516
26087,0.6976003,83992.21
26088,0.7075965,83992.92
26089,0.728241,83993.65
26090,0.74310154,83994.39
26091,0.7472901,83995.14
26092,0.74493736,83995.88
26093,0.7442518,83996.625
26094,0.75232077,83997.375
26095,0.7697286,83998.15
26096,0.7870275,83998.94
26097,0.8094762,83999.75
26098,0.8283396,84000.58
26099,0.84228414,84001.42
26100,0.85311633,84002.27
26101,0.86830056,84003.14
26102,0.8793641,84004.02
26103,0.88157856,84004.91
26104,0.87973684,84005.79
26105,0.8814109,84006.67
26106,0.8870679,84007.56
26107,0.90147835,84008.46
26108,0.9223017,84009.38
26109,0.9537594,84010.336
26110,0.9767708,84011.31
26111,0.9952842,84012.305
26112,1.0091631,84013.31
26113,1.0310581,84014.34
26114,1.0467991,84015.39
26115,1.0621376,84016.45
26116,1.0711507,84017.52
26117,1.0788585,84018.6
26118,1.0876986,84019.69
26119,1.0997695,84020.79
26120,1.1075749,84021.9
26121,1.1108769,84023.01
26122,1.1130836,84024.12
26123,1.119152,84025.234
26124,1.1307858,84026.37
26125,1.1434418,84027.51
26126,1.1479467,84028.66
26127,1.1515436,84029.805
26128,1.1620967,84030.97
26129,1.1745243,84032.14
26130,1.1841577,84033.33
26131,1.1880509,84034.516
26132,1.18461,84035.7
26133,1.1849555,84036.89
26134,1.1872197,84038.08
26135,1.190418,84039.266
26136,1.1951641,84040.46
26137,1.208233,84041.67
26138,1.2176764,84042.89
26139,1.22205,84044.11
26140,1.2209041,84045.33
26141,1.2199908,84046.55
26142,1.2267401,84047.77
26143,1.2374125,84049.01
26144,1.241894,84050.25
26145,1.2411959,84051.49
26146,1.2363882,84052.73
26147,1.2285397,84053.95
26148,1.223633,84055.18
26149,1.226267,84056.41
26150,1.2332922,84057.64
26151,1.237526,84058.875
26152,1.2389561,84060.12
26153,1.2414272,84061.36
26154,1.2493324,84062.61
26155,1.2557989,84063.87
26156,1.2612286,84065.125
26157,1.2624326,84066.39
26158,1.262173,84067.66
26159,1.2576771,84068.914
26160,1.2551473,84070.17
26161,1.2496711,84071.42
26162,1.2447517,84072.664
26163,1.2402123,84073.91
26164,1.2373427,84075.14
26165,1.238161,84076.375
26166,1.2440057,84077.62
26167,1.2483987,84078.87
26168,1.2461714,84080.12
26169,1.2447202,84081.36
26170,1.2475021,84082.61
26171,1.2480797,84083.86
26172,1.2472888,84085.11
26173,1.2438809,84086.35
26174,1.2400503,84087.59
26175,1.2362684,84088.83
26176,1.2369304,84090.06
26177,1.2372276,84091.3
26178,1.2361649,84092.53
26179,1.2358265,84093.766
26180,1.2360469,84095.0
26181,1.2342994,84096.234
26182,1.2343259,84097.47
26183,1.2331822,84098.7
26184,1.2301316,84099.93
26185,1.2271667,84101.16
26186,1.2273973,84102.38
26187,1.2304925,84103.62
26188,1.2380668,84104.85
26189,1.2477758,84106.1
26190,1.2584745,84107.36
26191,1.26724,84108.625
26192,1.2717508,84109.9
26193,1.2724302,84111.17
26194,1.2714489,84112.445
26195,1.2703849,84113.72
26196,1.2678325,84114.984
26197,1.2615654,84116.24
26198,1.2467121,84117.49
26199,1.230762,84118.73
26200,1.2204177,84119.945
26201,1.2151768,84121.164
26202,1.2090896,84122.375
26203,1.2032015,84123.58
26204,1.1978877,84124.77
26205,1.1980606,84125.97
26206,1.2012184,84127.17
26207,1.1997463,84128.375
26208,1.1881324,84129.56
26209,1.1767156,84130.74
26210,1.1733876,84131.914
26211,1.1733686,84133.086
26212,1.1668504,84134.25
26213,1.1561263,84135.41
26214,1.1451491,84136.555
26215,1.1371835,84137.695
26216,1.1382792,84138.836
26217,1.1432477,84139.98
26218,1.1465236,84141.125
26219,1.1458557,84142.27
26220,1.1478353,84143.42
26221,1.1465312,84144.57
26222,1.1435359,84145.71
26223,1.1433982,84146.85
26224,1.1480864,84148.0
26225,1.1541849,84149.16
26226,1.1574829,84150.31
26227,1.1582623,84151.47
26228,1.1598386,84152.625
26229,1.1628611,84153.79
26230,1.1696373,84154.96
26231,1.1819022,84156.14
26232,1.1954501,84157.336
26233,1.2061108,84158.54
26234,1.2135018,84159.75
26235,1.2142347,84160.96
26236,1.2125889,84162.17
26237,1.2081643,84163.38
26238,1.2066498,84164.586
26239,1.2075255,84165.8
26240,1.2116939,84167.01
26241,1.2165631,84168.23
26242,1.2197201,84169.445
26243,1.2207993,84170.664
26244,1.2223725,84171.88
26245,1.2220477,84173.1
26246,1.2223319,84174.32
26247,1.2246763,84175.55
26248,1.2277601,84176.77
26249,1.2286202,84178.0
26250,1.2298496,84179.23
26251,1.2317458,84180.46
26252,1.235848,84181.695
26253,1.2381645,84182.93
26254,1.2433085,84184.17
26255,1.2467648,84185.42
26256,1.2533039,84186.67
26257,1.2626822,84187.94
26258,1.272361,84189.21
26259,1.2838255,84190.49
26260,1.2991635,84191.79
26261,1.3121943,84193.1
26262,1.3211212,84194.42
26263,1.3256168,84195.75
26264,1.3269098,84197.08
26265,1.3295051,84198.41
26266,1.3298631,84199.734
26267,1.3330064,84201.07
26268,1.3317311,84202.4
26269,1.3289502,84203.73
26270,1.3272835,84205.055
26271,1.3238132,84206.375
26272,1.314802,84207.69
26273,1.2992495,84208.984
26274,1.2768682,84210.26
26275,1.2586211,84211.516
26276,1.2479923,84212.766
26277,1.2401198,84214.01
26278,1.2377942,84215.24
26279,1.236106,84216.48
26280,1.2354858,84217.71
26281,1.2402534,84218.95
26282,1.2538412,84220.2
26283,1.2667184,84221.47
26284,1.2652042,84222.734
26285,1.2553571,84223.99
26286,1.2426864,84225.234
26287,1.2248442,84226.46
26288,1.2044142,84227.664
26289,1.185526,84228.85
26290,1.1684918,84230.02
26291,1.1589484,84231.18
26292,1.1490871,84232.33
26293,1.1451372,84233.48
26294,1.1452514,84234.625
26295,1.1517909,84235.77
26296,1.1607485,84236.94
26297,1.1682067,84238.11
26298,1.1721925,84239.28
26299,1.1758491,84240.46
26300,1.1764077,84241.64
26301,1.1756918,84242.81
26302,1.1740218,84243.984
26303,1.1748475,84245.16
26304,1.1748692,84246.33
26305,1.172228,84247.5
26306,1.1690837,84248.67
26307,1.1677597,84249.836
26308,1.1686785,84251.01
26309,1.1703322,84252.18
26310,1.1723914,84253.35
26311,1.1750896,84254.52
26312,1.1771779,84255.7
26313,1.1790138,84256.88
26314,1.184236,84258.07
26315,1.1909395,84259.26
26316,1.1967608,84260.45
26317,1.2022862,84261.66
26318,1.2077805,84262.87
26319,1.2151943,84264.086
26320,1.218094,84265.305
26321,1.2181587,84266.52
26322,1.216034,84267.74
26323,1.2177092,84268.96
26324,1.2194533,84270.18
26325,1.2225077,84271.4
26326,1.2250384,84272.625
26327,1.2263424,84273.85
26328,1.2265315,84275.08
26329,1.2252164,84276.305
26330,1.2270663,84277.53
26331,1.2331517,84278.766
26332,1.2406479,84280.01
26333,1.2484223,84281.26
26334,1.255277,84282.516
26335,1.2580824,84283.77
26336,1.2582213,84285.03
26337,1.2567749,84286.29
26338,1.2506744,84287.54
26339,1.2420169,84288.78
26340,1.2349883,84290.016
26341,1.2288883,84291.24
26342,1.2234931,84292.47
26343,1.2225899,84293.69
26344,1.2220311,84294.91
26345,1.2218772,84296.125
26346,1.2222388,84297.34
26347,1.2254891,84298.57
26348,1.2263435,84299.8
26349,1.2274107,84301.02
26350,1.2280695,84302.25
26351,1.2317178,84303.484
26352,1.2359493,84304.72
26353,1.2390518,84305.96
26354,1.2375226,84307.195
26355,1.2349559,84308.43
26356,1.2268889,84309.66
26357,1.219951,84310.875
26358,1.2101159,84312.086
26359,1.2032737,84313.29
26360,1.195024,84314.484
26361,1.189635,84315.67
26362,1.1863282,84316.86
26363,1.1875217,84318.05
26364,1.1857662,84319.234
26365,1.1810884,84320.414
26366,1.170166,84321.586
26367,1.1559992,84322.74
26368,1.1406571,84323.88
26369,1.1308675,84325.016
26370,1.1197373,84326.13
26371,1.1115695,84327.24
26372,1.1066941,84328.35
26373,1.1080735,84329.46
26374,1.1116204,84330.57
26375,1.1184032,84331.69
26376,1.1232836,84332.81
26377,1.1220049,84333.94
26378,1.116819,84335.055
26379,1.111685,84336.164
26380,1.1117469,84337.27
26381,1.1122048,84338.38
26382,1.1100572,84339.49
26383,1.1067107,84340.6
26384,1.1059932,84341.71
26385,1.105675,84342.82
26386,1.1075296,84343.93
26387,1.1123338,84345.04
26388,1.1180254,84346.16
26389,1.1262612,84347.28
26390,1.1340503,84348.414
26391,1.1383839,84349.555
26392,1.1373323,84350.695
26393,1.1335276,84351.83
26394,1.1261492,84352.95
26395,1.1181618,84354.07
26396,1.1139048,84355.19
26397,1.1151388,84356.305
26398,1.1144185,84357.42
26399,1.11876,84358.54
26400,1.1218238,84359.664
26401,1.1250689,84360.79
26402,1.1267785,84361.914
26403,1.1253268,84363.04
26404,1.1215862,84364.164
26405,1.1150693,84365.28
26406,1.1121333,84366.39
26407,1.1128447,84367.5
26408,1.113297,84368.62
26409,1.1122113,84369.73
26410,1.108275,84370.836
26411,1.1037923,84371.94
26412,1.1019814,84373.04
26413,1.1019938,84374.14
26414,1.1040202,84375.24
26415,1.1055444,84376.35
26416,1.1047869,84377.45
26417,1.0979742,84378.555
26418,1.0892173,84379.64
26419,1.0784968,84380.72
26420,1.0697658,84381.79
26421,1.0620545,84382.85
26422,1.0528466,84383.91
26423,1.0440677,84384.95
26424,1.0386412,84385.99
26425,1.036133,84387.03
26426,1.0357839,84388.07
26427,1.0350155,84389.1
26428,1.0337774,84390.13
26429,1.0280704,84391.164
26430,1.0230007,84392.19
26431,1.0184531,84393.2
26432,1.0172858,84394.22
26433,1.0164874,84395.234
26434,1.0152606,84396.25
26435,1.0177256,84397.266
26436,1.0247377,84398.29
26437,1.0320147,84399.32
26438,1.0399779,84400.36
26439,1.0415581,84401.4
26440,1.0373088,84402.44
26441,1.0268108,84403.46
26442,1.0193146,84404.48
26443,1.0152622,84405.49
26444,1.0116737,84406.5
26445,1.0079758,84407.51
26446,1.0059261,84408.516
26447,1.0088334,84409.52
26448,1.0128806,84410.54
26449,1.0148267,84411.555
26450,1.0142331,84412.57
26451,1.0089915,84413.58
26452,1.00007,84414.58
26453,0.9922248,84415.57
26454,0.98417336,84416.555
26455,0.97589713,84417.53
26456,0.96555257,84418.5
26457,0.9612893,84419.46
26458,0.95825016,84420.42
26459,0.95732534,84421.38
26460,0.9546573,84422.336
26461,0.95207584,84423.29
26462,0.9405689,84424.23
26463,0.9364011,84425.164
26464,0.9289585,84426.09
26465,0.9230189,84427.016
26466,0.9070659,84427.92
26467,0.89014286,84428.81
26468,0.87731296,84429.69
26469,0.8686379,84430.555
26470,0.85740316,84431.414
26471,0.8458428,84432.26
26472,0.8377778,84433.09
26473,0.83545065,84433.93
26474,0.8309987,84434.76
26475,0.8257253,84435.586
26476,0.81355566,84436.4
26477,0.80323493,84437.2
26478,0.7901914,84437.99
26479,0.7758098,84438.766
26480,0.76763004,84439.53
26481,0.7616477,84440.29
26482,0.7529188,84441.04
26483,0.74017966,84441.78
26484,0.7279592,84442.51
26485,0.72544545,84443.234
26486,0.7164133,84443.95
26487,0.708823,84444.664
26488,0.6944358,84445.36
26489,0.67675924,84446.04
26490,0.6635076,84446.7
26491,0.659804,84447.36
26492,0.6687769,84448.03
26493,0.685501,84448.72
26494,0.700069,84449.42
26495,0.71139455,84450.13
26496,0.71939063,84450.85
26497,0.7245307,84451.58
26498,0.72656757,84452.305
26499,0.72511834,84453.03
26500,0.72275245,84453.76
26501,0.72333455,84454.484
26502,0.7266175,84455.21
26503,0.72697717,84455.94
26504,0.7255414,84456.664
26505,0.72687,84457.39
26506,0.72678673,84458.12
26507,0.72606206,84458.84
26508,0.7209609,84459.56
26509,0.7188584,84460.28
26510,0.7184836,84461.0
26511,0.71456033,84461.71
26512,0.70616215,84462.414
26513,0.70093113,84463.12
26514,0.69344425,84463.81
26515,0.68739754,84464.5
26516,0.682109,84465.18
26517,0.67940223,84465.86
26518,0.67375696,84466.53
26519,0.6664391,84467.195
26520,0.6559806,84467.85
26521,0.64711326,84468.5
26522,0.63797814,84469.14
26523,0.621966,84469.766
26524,0.60679877,84470.375
26525,0.59693867,84470.97
26526,0.5863433,84471.555
26527,0.5781777,84472.13
26528,0.57127786,84472.7
26529,0.56567895,84473.266
26530,0.5562685,84473.82
26531,0.5513285,84474.375
26532,0.5448786,84474.92
26533,0.5487865,84475.47
26534,0.54547036,84476.016
26535,0.5445208,84476.56
26536,0.53913367,84477.1
26537,0.5388015,84477.64
26538,0.54115975,84478.18
26539,0.5453469,84478.73
26540,0.5531237,84479.28
26541,0.56017387,84479.84
26542,0.56791264,84480.414
26543,0.5710943,84480.984
26544,0.57606083,84481.56
26545,0.5769059,84482.14
26546,0.5760314,84482.72
26547,0.5731461,84483.29
26548,0.57071173,84483.86
26549,0.56527597,84484.42
26550,0.5573028,84484.98
26551,0.55363715,84485.53
26552,0.5497074,84486.08
26553,0.5462029,84486.625
26554,0.5418586,84487.164
26555,0.5376691,84487.7
26556,0.5329375,84488.234
26557,0.52828664,84488.766
26558,0.52260077,84489.29
26559,0.51806355,84489.805
26560,0.51155204,84490.31
26561,0.5046401,84490.82
26562,0.4978968,84491.32
26563,0.49046317,84491.81
26564,0.4826467,84492.3
26565,0.47669715,84492.77
26566,0.46938863,84493.24
26567,0.46141273,84493.7
26568,0.45115104,84494.16
26569,0.44341484,84494.6
26570,0.4345191,84495.04
26571,0.42973763,84495.47
26572,0.42329994,84495.89
26573,0.4158219,84496.305
26574,0.4074886,84496.71
26575,0.40030706,84497.11
26576,0.39512855,84497.51
26577,0.39179832,84497.9
26578,0.38840094,84498.29
26579,0.378377,84498.664
26580,0.36700293,84499.03
26581,0.3531684,84499.38
26582,0.34253854,84499.73
26583,0.33173728,84500.055
26584,0.31692556,84500.375
26585,0.29698154,84500.67
26586,0.27727622,84500.945
26587,0.2600501,84501.2
26588,0.2458164,84501.445
26589,0.23440999,84501.68
26590,0.22848715,84501.91
26591,0.22652547,84502.13
26592,0.22172734,84502.35
26593,0.21490453,84502.57
26594,0.20564687,84502.77
26595,0.1992983,84502.98
26596,0.19473897,84503.17
26597,0.19064198,84503.36
26598,0.18407369,84503.55
26599,0.17662786,84503.73
26600,0.170333,84503.9
26601,0.16682103,84504.06
26602,0.16332982,84504.23
26603,0.16099401,84504.39
26604,0.15817237,84504.55
26605,0.1573525,84504.7
26606,0.15609488,84504.86
26607,0.15492804,84505.016
26608,0.15350333,84505.17
26609,0.15241553,84505.33
26610,0.15081656,84505.48
26611,0.15002142,84505.625
26612,0.14826651,84505.77
26613,0.14618339,84505.92
26614,0.1423014,84506.06
26615,0.13983405,84506.2
26616,0.13584647,84506.336
26617,0.13271552,84506.47
26618,0.12822883,84506.59
26619,0.12473731,84506.72
26620,0.12075736,84506.836
26621,0.118808046,84506.95
26622,0.116169654,84507.07
26623,0.11608832,84507.19
26624,0.114790715,84507.305
26625,0.11435156,84507.42
26626,0.11363974,84507.54
26627,0.11406211,84507.66
26628,0.11379935,84507.77
26629,0.11388205,84507.89
26630,0.11266165,84508.0
26631,0.1117594,84508.11
26632,0.11087867,84508.22
26633,0.11140021,84508.33
26634,0.11006125,84508.44
26635,0.109824896,84508.55
26636,0.10915137,84508.66
26637,0.10854468,84508.766
26638,0.10776892,84508.875
26639,0.107981786,84508.984
26640,0.10871817,84509.09
26641,0.10976508,84509.2
26642,0.109387726,84509.31
26643,0.10877829,84509.42
26644,0.10671988,84509.53
26645,0.104870215,84509.63
26646,0.10133567,84509.734
26647,0.09709357,84509.83
26648,0.092915714,84509.92
26649,0.087316655,84510.01
26650,0.080682285,84510.086
26651,0.07336295,84510.16
26652,0.066436216,84510.23
26653,0.060443938,84510.29
26654,0.057158113,84510.34
26655,0.05309836,84510.4
26656,0.048470367,84510.445
26657,0.041349854,84510.484
26658,0.036738344,84510.52
26659,0.033415284,84510.555
26660,0.02867102,84510.586
26661,0.018527893,84510.6
26662,0.0025327157,84510.6
26663,0.015939422,84510.62
26664,0.028279968,84510.65
26665,0.037828613,84510.69
26666,0.043997433,84510.734
26667,0.049797148,84510.78
26668,0.05822763,84510.836
26669,0.06582116,84510.9
26670,0.072391294,84510.97
26671,0.07628427,84511.05
26672,0.07594003,84511.125
26673,0.07540536,84511.2
26674,0.076939784,84511.28
26675,0.079241425,84511.36
26676,0.08211434,84511.445
26677,0.083563924,84511.53
26678,0.08287637,84511.62
26679,0.07996743,84511.695
26680,0.07928384,84511.77
26681,0.08015511,84511.85
26682,0.082533345,84511.94
26683,0.08455758,84512.02
26684,0.08504159,84512.11
26685,0.084428795,84512.195
26686,0.08465523,84512.28
26687,0.084701926,84512.37
26688,0.08615792,84512.45
26689,0.08787575,84512.54
26690,0.09141396,84512.63
26691,0.09351083,84512.73
26692,0.09264962,84512.82
26693,0.09083871,84512.914
26694,0.08924661,84513.0
26695,0.08926308,84513.086
26696,0.09135812,84513.18
26697,0.095136195,84513.27
26698,0.10114907,84513.375
26699,0.107542194,84513.484
26700,0.112236716,84513.59
26701,0.11531289,84513.71
26702,0.115623556,84513.83
26703,0.11335061,84513.945
26704,0.11064278,84514.055
26705,0.10751626,84514.164
26706,0.10621957,84514.27
26707,0.09871255,84514.375
26708,0.09543099,84514.47
26709,0.09504891,84514.56
26710,0.09504006,84514.66
26711,0.09420876,84514.75
26712,0.094886556,84514.84
26713,0.094804466,84514.94
26714,0.0957145,84515.03
26715,0.09289437,84515.125
26716,0.08821999,84515.21
26717,0.083356105,84515.3
26718,0.080076076,84515.375
26719,0.0772297,84515.45
26720,0.07479959,84515.53
26721,0.07161569,84515.6
26722,0.06849725,84515.67
26723,0.06459283,84515.734
26724,0.061626982,84515.8
26725,0.05987039,84515.86
26726,0.058537994,84515.914
26727,0.05823953,84515.97
26728,0.056483854,84516.02
26729,0.056715786,84516.08
26730,0.057539914,84516.13
26731,0.058817226,84516.195
26732,0.06029306,84516.26
26733,0.06221246,84516.32
26734,0.06402612,84516.38
26735,0.065943696,84516.445
26736,0.06454828,84516.51
26737,0.0642666,84516.57
26738,0.06168588,84516.63
26739,0.06206262,84516.695
26740,0.06086282,84516.76
26741,0.06304361,84516.82
26742,0.06384973,84516.88
26743,0.06590356,84516.945
26744,0.06539071,84517.01
26745,0.06660928,84517.08
26746,0.06736597,84517.15
26747,0.06783456,84517.22
26748,0.068945706,84517.29
26749,0.07199273,84517.36
26750,0.072636805,84517.43
26751,0.07368203,84517.5
26752,0.07025033,84517.57
26753,0.06676706,84517.64
26754,0.062092375,84517.7
26755,0.059865814,84517.766
26756,0.057816863,84517.82
26757,0.058876432,84517.88
26758,0.060675748,84517.945
26759,0.061956417,84518.01
26760,0.0607612,84518.07
26761,0.05838754,84518.125
26762,0.056443114,84518.18
26763,0.05206079,84518.234
26764,0.051134124,84518.29
26765,0.050372098,84518.336
26766,0.04927423,84518.38
26767,0.048910763,84518.43
26768,0.046972744,84518.48
26769,0.044141173,84518.52
26770,0.04100839,84518.56
26771,0.04060907,84518.6
26772,0.038610168,84518.64
26773,0.03822,84518.68
26774,0.035282377,84518.72
26775,0.033522733,84518.75
26776,0.032145932,84518.78
26777,0.031507965,84518.81
26778,0.03127252,84518.84
26779,0.03179361,84518.875
26780,0.031316925,84518.91
26781,0.030405363,84518.94
26782,0.030080656,84518.97
26783,0.027597137,84519.0
26784,0.02632028,84519.02
26785,0.02563211,84519.05
26786,0.026452575,84519.07
26787,0.026657194,84519.09
26788,0.02596414,84519.12
26789,0.026201414,84519.14
26790,0.026332488,84519.164
26791,0.026723266,84519.19
26792,0.026009154,84519.21
26793,0.026926054,84519.234
26794,0.028022246,84519.266
26795,0.029814696,84519.3
26796,0.032176755,84519.33
26797,0.032507263,84519.36
26798,0.03611688,84519.4
26799,0.037149444,84519.44
26800,0.037603848,84519.48
26801,0.038084198,84519.516
26802,0.039930206,84519.555
26803,0.04005609,84519.59
26804,0.041432433,84519.63
26805,0.04229013,84519.67
26806,0.043009426,84519.72
26807,0.044418577,84519.766
26808,0.04447488,84519.81
26809,0.04533502,84519.86
26810,0.044774566,84519.91
26811,0.045120023,84519.95
26812,0.044667754,84520.0
26813,0.044803098,84520.05
26814,0.044205565,84520.09
26815,0.043864682,84520.14
26816,0.04384332,84520.19
26817,0.04435327,84520.234
26818,0.045223173,84520.28
26819,0.046716094,84520.33
26820,0.04762689,84520.375
26821,0.048568968,84520.42
26822,0.048108306,84520.47
26823,0.046890043,84520.516
26824,0.046202175,84520.56
26825,0.046528716,84520.61
26826,0.04776178,84520.66
26827,0.049110044,84520.7
26828,0.050768673,84520.75
26829,0.050881132,84520.805
26830,0.05095758,84520.86
26831,0.05003381,84520.91
26832,0.049335264,84520.95
26833,0.048349548,84521.0
26834,0.048205502,84521.05
26835,0.047785733,84521.09
26836,0.048380367,84521.14
26837,0.05025781,84521.19
26838,0.052015167,84521.24
26839,0.053955473,84521.3
26840,0.033236783,84521.33
26841,0.06332391,84521.39
26842,0.0397413,84521.43
26843,0.059895873,84521.49
26844,0.056974575,84521.55
26845,0.06647378,84521.62
26846,0.0540809,84521.67
26847,0.07085046,84521.74
26848,0.05736917,84521.8
26849,0.07161813,84521.87
26850,0.05525079,84521.92
26851,0.074269496,84522.0
26852,0.055064786,84522.055
26853,0.07476159,84522.13
26854,0.053758025,84522.19
26855,0.07427133,84522.266
26856,0.050943237,84522.32
26857,0.07323465,84522.39
26858,0.049568877,84522.44
26859,0.072623536,84522.51
26860,0.04725549,84522.555
26861,0.07033105,84522.625
26862,0.044262175,84522.67
26863,0.06846597,84522.74
26864,0.041902404,84522.78
26865,0.06815988,84522.85
26866,0.04150476,84522.89
26867,0.06811761,84522.96
26868,0.040880673,84523.0
26869,0.06812524,84523.07
26870,0.040607695,84523.11
26871,0.06854104,84523.18
26872,0.040229887,84523.22
26873,0.06796792,84523.29
26874,0.039500516,84523.33
26875,0.06442361,84523.39
26876,0.0342135,84523.42
26877,0.059392486,84523.484
26878,0.02979013,84523.516
26879,0.05504358,84523.57
26880,0.025984129,84523.59
26881,0.05109155,84523.65
26882,0.022367949,84523.67
26883,0.047267392,84523.72
26884,0.019350523,84523.734
26885,0.044208158,84523.78
26886,0.04300058,84523.83
26887,0.04240655,84523.87
26888,0.037463773,84523.91
26889,0.049101803,84523.95
26890,0.04908502,84524.0
26891,0.049080748,84524.05
26892,0.049082577,84524.09
26893,0.049086392,84524.14
26894,0.049082883,84524.19
26895,0.049076322,84524.234
26896,0.0490603,84524.28
26897,0.049036648,84524.33
26898,0.04904672,84524.375
26899,0.04904031,84524.42
26900,0.049039092,84524.47
26901,0.04903589,84524.516
26902,0.049027648,84524.56
26903,0.049016967,84524.61
26904,0.04899835,84524.66
26905,0.049001098,84524.7
26906,0.04899362,84524.75
26907,0.048991483,84524.8
26908,0.04900537,84524.84
26909,0.048999418,84524.89
26910,0.048997283,84524.94
26911,0.048989654,84524.984
26912,0.04896951,84525.03
26913,0.048965238,84525.08
26914,0.04896707,84525.125
26915,0.048963863,84525.17
26916,0.048962798,84525.22
26917,0.048955016,84525.266
26918,0.04894449,84525.31
26919,0.048926633,84525.36
26920,0.04891946,84525.41
26921,0.0489219,84525.45
26922,0.048916258,84525.5
26923,0.048911832,84525.55
26924,0.048904356,84525.59
26925,0.04889535,84525.64
26926,0.048887268,84525.69
26927,0.048884977,84525.734
26928,0.048871092,84525.78
26929,0.048871092,84525.83
26930,0.048867125,84525.875
26931,0.048868194,84525.92
26932,0.048859954,84525.97
26933,0.048846677,84526.016
26934,0.04883203,84526.06
26935,0.04882913,84526.11
26936,0.048825163,84526.16
26937,0.04883737,84526.2
26938,0.04883096,84526.25
26939,0.048821196,84526.3
26940,0.048810057,84526.34
26941,0.048792507,84526.39
26942,0.04880151,84526.44
26943,0.048790067,84526.484
26944,0.048792202,84526.53
26945,0.04878854,84526.58
26946,0.048786405,84526.625
26947,0.048780303,84526.67
26948,0.04876672,84526.72
26949,0.048757415,84526.766
26950,0.048752837,84526.81
26951,0.048748717,84526.86
26952,0.048748106,84526.91
26953,0.048742004,84526.95
26954,0.048737273,84527.0
26955,0.048724454,84527.05
26956,0.048718352,84527.09
26957,0.048709348,84527.14
26958,0.048703246,84527.19
26959,0.048709348,84527.234
26960,0.048710875,84527.28
26961,0.048689056,84527.33
26962,0.04867883,84527.375
26963,0.048663113,84527.42
26964,0.048660215,84527.47
26965,0.048657775,84527.516
26966,0.048654873,84527.56
26967,0.04866571,84527.61
26968,0.04866098,84527.66
26969,0.04865457,84527.7
26970,0.048641294,84527.75
26971,0.048638396,84527.8
26972,0.048634734,84527.84
26973,0.048624355,84527.89
26974,0.048620086,84527.94
26975,0.048614744,84527.984
26976,0.048608337,84528.03
26977,0.048616577,84528.08
26978,0.048599638,84528.125
26979,0.048597198,84528.17
26980,0.048601925,84528.22
26981,0.048592925,84528.266
26982,0.048588194,84528.31
26983,0.048582394,84528.36
26984,0.048569884,84528.41
26985,0.048551727,84528.45
26986,0.048539214,84528.5
26987,0.048535552,84528.55
26988,0.048530515,84528.59
26989,0.048532043,84528.64
26990,0.04852075,84528.69
26991,0.048515562,84528.734
26992,0.048521664,84528.78
26993,0.048487484,84528.83
26994,0.04848184,84528.875
26995,0.048474975,84528.92
26996,0.048471313,84528.97
26997,0.048463836,84529.016
26998,0.04845666,84529.06
26999,0.048458494,84529.11
27000,0.04843942,84529.16
27001,0.04843225,84529.2
27002,0.048437286,84529.25
27003,0.048434537,84529.3
27004,0.04842767,84529.34
27005,0.048421875,84529.39
27006,0.048418667,84529.44
27007,0.048419736,84529.484
27008,0.048403256,84529.53
27009,0.04838922,84529.58
27010,0.048387542,84529.625
27011,0.048367705,84529.67
27012,0.04836282,84529.72
27013,0.04836023,84529.766
27014,0.048354123,84529.81
27015,0.048341002,84529.86
27016,0.048334744,84529.91
27017,0.048340544,84529.95
27018,0.048340544,84530.0
27019,0.048333067,84530.05
27020,0.04832971,84530.09
27021,0.048334137,84530.14
27022,0.04833734,84530.19
27023,0.048320096,84530.234
27024,0.04832803,84530.28
27025,0.048321623,84530.33
27026,0.048308652,84530.375
27027,0.048296902,84530.42
27028,0.048290648,84530.47
27029,0.04829797,84530.516
27030,0.048284546,84530.56
27031,0.048278898,84530.61
27032,0.04827737,84530.66
27033,0.048259977,84530.7
27034,0.04826059,84530.75
27035,0.048269894,84530.8
27036,0.048265014,84530.84
27037,0.04825418,84530.89
27038,0.04823907,84530.94
27039,0.048237395,84530.984
27040,0.04822595,84531.03
27041,0.048220456,84531.08
27042,0.04821878,84531.125
27043,0.04821359,84531.17
27044,0.048210386,84531.22
27045,0.04819116,84531.266
27046,0.048181396,84531.31
27047,0.048184905,84531.36
27048,0.04817392,84531.41
27049,0.048172086,84531.45
27050,0.048164304,84531.5
27051,0.048160337,84531.55
27052,0.04814523,84531.59
27053,0.04812936,84531.64
27054,0.04812112,84531.69
27055,0.04812158,84531.734
27056,0.048120815,84531.78
27057,0.04812433,84531.83
27058,0.04812738,84531.875
27059,0.04812433,84531.92
27060,0.048117917,84531.97
27061,0.048093658,84532.016
27062,0.0480932,84532.06
27063,0.048089232,84532.11
27064,0.04808435,84532.16
27065,0.048078552,84532.2
27066,0.048078552,84532.25
27067,0.048068937,84532.3
27068,0.048057646,84532.34
27069,0.048045132,84532.39
27070,0.04804559,84532.44
27071,0.04803949,84532.484
27072,0.04804086,84532.53
27073,0.04803842,84532.58
27074,0.048033077,84532.625
27075,0.04802484,84532.67
27076,0.048015837,84532.72
27077,0.048009276,84532.766
27078,0.0480079,84532.81
27079,0.047995694,84532.86
27080,0.04798074,84532.91
27081,0.047985625,84532.95
27082,0.047983944,84533.0
27083,0.04797967,84533.05
27084,0.04796136,84533.09
27085,0.047961667,84533.14
27086,0.047948394,84533.19
27087,0.047951598,84533.234
27088,0.04795053,84533.28
27089,0.047947783,84533.33
27090,0.047935423,84533.375
27091,0.047929168,84533.42
27092,0.047910094,84533.47
27093,0.047902618,84533.516
27094,0.047894377,84533.56
27095,0.047886748,84533.61
27096,0.047888882,84533.66
27097,0.047880948,84533.7
27098,0.047882017,84533.75
27099,0.04787393,84533.8
27100,0.047873776,84533.84
27101,0.0478663,84533.89
27102,0.047861416,84533.94
27103,0.047860656,84533.984
27104,0.04786386,84534.03
27105,0.047851957,84534.08
27106,0.04783258,84534.125
27107,0.047822356,84534.17
27108,0.047815185,84534.22
27109,0.04780969,84534.266
27110,0.047796417,84534.31
27111,0.047792904,84534.36
27112,0.047775663,84534.41
27113,0.047769256,84534.45
27114,0.04776773,84534.5
27115,0.04775598,84534.55
27116,0.04775705,84534.59
27117,0.047742706,84534.64
27118,0.04774011,84534.69
27119,0.047732938,84534.734
27120,0.04771875,84534.78
27121,0.047721494,84534.83
27122,0.04772287,84534.875
27123,0.04770547,84534.92
27124,0.04770105,84534.97
27125,0.04770715,84535.016
27126,0.047704253,84535.06
27127,0.047697082,84535.11
27128,0.04769281,84535.16
27129,0.047685638,84535.2
27130,0.04767526,84535.25
27131,0.047665343,84535.3
27132,0.047661223,84535.34
27133,0.047657102,84535.39
27134,0.047645506,84535.44
27135,0.047638793,84535.484
27136,0.04764871,84535.53
27137,0.047644436,84535.58
27138,0.047633756,84535.625
27139,0.04763803,84535.67
27140,0.04763452,84535.72
27141,0.047629025,84535.766
27142,0.04762155,84535.81
27143,0.047617886,84535.86
27144,0.04761148,84535.91
27145,0.047604766,84535.95
27146,0.047597136,84536.0
27147,0.047586303,84536.05
27148,0.047575314,84536.09
27149,0.047567837,84536.14
27150,0.047566313,84536.19
27151,0.047566313,84536.234
27152,0.04756204,84536.28
27153,0.0475451,84536.33
27154,0.047548763,84536.375
27155,0.04754724,84536.42
27156,0.04753488,84536.47
27157,0.047533352,84536.516
27158,0.047520537,84536.56
27159,0.047519315,84536.61
27160,0.047513213,84536.66
27161,0.047490325,84536.7
27162,0.047474913,84536.75
27163,0.047473233,84536.8
27164,0.047461636,84536.84
27165,0.0474653,84536.89
27166,0.04745126,84536.94
27167,0.047447294,84536.984
27168,0.047446683,84537.03
27169,0.047437225,84537.08
27170,0.04742288,84537.125
27171,0.04742654,84537.17
27172,0.04741891,84537.22
27173,0.047421202,84537.266
27174,0.047415096,84537.31
27175,0.047396787,84537.36
27176,0.047404263,84537.41
27177,0.047386717,84537.45
27178,0.047369625,84537.5
27179,0.04736383,84537.55
27180,0.04737985,84537.59
27181,0.047371306,84537.64
27182,0.04736627,84537.69
27183,0.04735452,84537.734
27184,0.047348112,84537.78
27185,0.047350246,84537.83
27186,0.047333006,84537.875
27187,0.047326904,84537.92
27188,0.047324307,84537.97
27189,0.047318205,84538.016
27190,0.047319274,84538.06
27191,0.047323395,84538.11
27192,0.047315,84538.16
27193,0.047305387,84538.2
27194,0.047274563,84538.25
27195,0.047258846,84538.3
27196,0.04725961,84538.34
27197,0.047257017,84538.39
27198,0.04725763,84538.44
27199,0.047254577,84538.484
27200,0.047253508,84538.53
27201,0.04725763,84538.58
27202,0.047241606,84538.625
27203,0.04723367,84538.67
27204,0.047231536,84538.72
27205,0.047231536,84538.766
27206,0.04720819,84538.81
27207,0.047204223,84538.86
27208,0.047199033,84538.91
27209,0.047196746,84538.95
27210,0.04718347,84539.0
27211,0.04717035,84539.05
27212,0.047169585,84539.09
27213,0.04717035,84539.14
27214,0.047170956,84539.19
27215,0.04716104,84539.234
27216,0.04715341,84539.28
27217,0.047147308,84539.33
27218,0.04713754,84539.375
27219,0.047127318,84539.42
27220,0.04710962,84539.47
27221,0.047101837,84539.516
27222,0.04711679,84539.56
27223,0.047110073,84539.61
27224,0.047108244,84539.66
27225,0.047108702,84539.7
27226,0.0470997,84539.75
27227,0.04708963,84539.8
27228,0.047089323,84539.84
27229,0.04708383,84539.89
27230,0.047084287,84539.94
27231,0.047074217,84539.984
27232,0.047067046,84540.03
27233,0.047060482,84540.08
27234,0.047054075,84540.125
27235,0.047046904,84540.17
27236,0.047035765,84540.22
27237,0.047017302,84540.266
27238,0.047020353,84540.31
27239,0.047021575,84540.36
27240,0.047020048,84540.41
27241,0.047019437,84540.45
27242,0.046994567,84540.5
27243,0.04698129,84540.55
27244,0.04698236,84540.59
27245,0.046972442,84540.64
27246,0.046972137,84540.69
27247,0.04696603,84540.734
27248,0.046973813,84540.78
27249,0.04695993,84540.83
27250,0.04695886,84540.875
27251,0.046941314,84540.92
27252,0.046939787,84540.97
27253,0.046944518,84541.016
27254,0.046926208,84541.06
27255,0.046921782,84541.11
27256,0.04692575,84541.16
27257,0.04691644,84541.2
27258,0.046913695,84541.25
27259,0.046908505,84541.3
27260,0.04689462,84541.34
27261,0.04688455,84541.39
27262,0.046871733,84541.44
27263,0.046861663,84541.484
27264,0.046870206,84541.53
27265,0.04685983,84541.58
27266,0.04686334,84541.625
27267,0.0468551,84541.67
27268,0.046855252,84541.72
27269,0.046826262,84541.766
27270,0.046832975,84541.81
