step,predicted_energy,cumulative_energy
0,0.02952124,0.02952124
1,0.02952124,0.05904248
2,0.02952124,0.08856372
3,0.02952124,0.11808496
4,0.02952124,0.1476062
5,0.02952124,0.17712744
6,0.02952124,0.20664868
7,0.02952124,0.23616992
8,0.02952124,0.26569116
9,0.02952124,0.2952124
10,0.02952124,0.32473361
11,0.02952124,0.35425484
12,0.02952124,0.38377607
13,0.02952124,0.4132973
14,0.02952124,0.44281852
15,0.02952124,0.47233975
16,0.02952124,0.501861
17,0.02952124,0.5313822
18,0.02952124,0.56090343
19,0.02952124,0.59042466
20,0.02952124,0.6199459
21,0.02952124,0.6494671
22,0.02952124,0.67898834
23,0.02952124,0.70850956
24,0.02952124,0.7380308
25,0.02952124,0.767552
26,0.02952124,0.79707325
27,0.02952124,0.8265945
28,0.02952124,0.8561157
29,0.02952124,0.8856369
30,0.02952124,0.91515815
31,0.02952124,0.9446794
32,0.02952124,0.9742006
33,0.02952124,1.0037218
34,0.02952124,1.0332431
35,0.02952124,1.0627643
36,0.02952124,1.0922855
37,0.02952124,1.1218067
38,0.02952124,1.151328
39,0.02952124,1.1808492
40,0.02952124,1.2103704
41,0.02952124,1.2398916
42,0.02952124,1.2694129
43,0.02952124,1.2989341
44,0.02952124,1.3284553
45,0.02952124,1.3579766
46,0.02952124,1.3874978
47,0.02952124,1.417019
48,0.02952124,1.4465402
49,0.02952124,1.4760615
50,0.02952124,1.5055827
51,0.02952124,1.5351039
52,0.02952124,1.5646251
53,0.02952124,1.5941464
54,0.02952124,1.6236676
55,0.02952124,1.6531888
56,0.02952124,1.68271
57,0.02952124,1.7122313
58,0.02952124,1.7417525
59,0.02952124,1.7712737
60,0.02952124,1.800795
61,0.02952124,1.8303162
62,0.02952124,1.8598374
63,0.02952124,1.8893586
64,0.02952124,1.9188799
65,0.02952124,1.9484011
66,0.02952124,1.9779223
67,0.02952124,2.0074437
68,0.02952124,2.036965
69,0.02952124,2.0664861
70,0.02952124,2.0960073
71,0.02952124,2.1255286
72,0.02952124,2.1550498
73,0.02952124,2.184571
74,0.02952124,2.2140923
75,0.02952124,2.2436135
76,0.02952124,2.2731347
77,0.02952124,2.302656
78,0.02952124,2.3321772
79,0.02952124,2.3616984
80,0.02952124,2.3912196
81,0.02952124,2.4207408
82,0.02952124,2.450262
83,0.02952124,2.4797833
84,0.02952124,2.5093045
85,0.02952124,2.5388258
86,0.02952124,2.568347
87,0.02952124,2.5978682
88,0.02952124,2.6273894
89,0.02952124,2.6569107
90,0.02952124,2.686432
91,0.02952124,2.715953
92,0.02952124,2.7454743
93,0.02952124,2.7749956
94,0.02952124,2.8045168
95,0.02952124,2.834038
96,0.02952124,2.8635592
97,0.02952124,2.8930805
98,0.02952124,2.9226017
99,0.02952124,2.952123
100,0.02952124,2.9816442
101,0.02952124,3.0111654
102,0.02952124,3.0406866
103,0.02952124,3.0702078
104,0.02952124,3.099729
105,0.02952124,3.1292503
106,0.02952124,3.1587715
107,0.02952124,3.1882927
108,0.02952124,3.217814
109,0.02952124,3.2473352
110,0.02952124,3.2768564
111,0.02952124,3.3063776
112,0.02952124,3.3358989
113,0.02952124,3.36542
114,0.02952124,3.3949413
115,0.02952124,3.4244626
116,0.02952124,3.4539838
117,0.02952124,3.483505
118,0.02952124,3.5130262
119,0.02952124,3.5425475
120,0.02952124,3.5720687
121,0.02952124,3.60159
122,0.02952124,3.6311111
123,0.02952124,3.6606324
124,0.02952124,3.6901536
125,0.02952124,3.7196748
126,0.02952124,3.749196
127,0.02952124,3.7787173
128,0.02952124,3.8082385
129,0.02952124,3.8377597
130,0.02952124,3.867281
131,0.02952124,3.8968022
132,0.02952124,3.9263234
133,0.02952124,3.9558446
134,0.02952124,3.9853659
135,0.02952124,4.0148873
136,0.02952124,4.044409
137,0.02952124,4.0739303
138,0.02952124,4.1034517
139,0.02952124,4.132973
140,0.02952124,4.1624947
141,0.02952124,4.192016
142,0.02952124,4.2215376
143,0.02952124,4.251059
144,0.02952124,4.2805805
145,0.02952124,4.310102
146,0.02952124,4.3396235
147,0.02952124,4.369145
148,0.02952124,4.3986664
149,0.02952124,4.428188
150,0.02952124,4.4577093
151,0.02952124,4.487231
152,0.02952124,4.5167522
153,0.02952124,4.5462737
154,0.02952124,4.575795
155,0.02952124,4.6053166
156,0.02952124,4.634838
157,0.02952124,4.6643596
158,0.02952124,4.693881
159,0.02952124,4.7234025
160,0.02952124,4.752924
161,0.02952124,4.7824454
162,0.02952124,4.811967
163,0.02952124,4.8414884
164,0.02952124,4.87101
165,0.02952124,4.9005313
166,0.02952124,4.9300528
167,0.02952124,4.959574
168,0.02952124,4.9890957
169,0.02952124,5.018617
170,0.02952124,5.0481386
171,0.02952124,5.07766
172,0.02952124,5.1071815
173,0.02952124,5.136703
174,0.02952124,5.1662245
175,0.02952124,5.195746
176,0.02952124,5.2252674
177,0.02952124,5.254789
178,0.02952124,5.2843103
179,0.02952124,5.313832
180,0.02952124,5.3433533
181,0.02952124,5.3728747
182,0.02952124,5.402396
183,0.02952124,5.4319177
184,0.02952124,5.461439
185,0.02952124,5.4909606
186,0.02952124,5.520482
187,0.02952124,5.5500035
188,0.02952124,5.579525
189,0.02952124,5.6090465
190,0.02952124,5.638568
191,0.02952124,5.6680894
192,0.02952124,5.697611
193,0.02952124,5.7271323
194,0.02952124,5.756654
195,0.02952124,5.7861753
196,0.02952124,5.8156967
197,0.02952124,5.845218
198,0.02952124,5.8747396
199,0.02952124,5.904261
200,0.02952124,5.9337826
201,0.02952124,5.963304
202,0.02952124,5.9928255
203,0.02952124,6.022347
204,0.02952124,6.0518684
205,0.02952124,6.08139
206,0.02952124,6.1109114
207,0.02952124,6.140433
208,0.02952124,6.1699543
209,0.02952124,6.199476
210,0.02952124,6.228997
211,0.02952124,6.2585187
212,0.02952124,6.28804
213,0.02952124,6.3175616
214,0.02952124,6.347083
215,0.02952124,6.3766046
216,0.02952124,6.406126
217,0.02952124,6.4356475
218,0.02952124,6.465169
219,0.02952124,6.4946904
220,0.02952124,6.524212
221,0.02952124,6.5537333
222,0.02952124,6.583255
223,0.02952124,6.6127763
224,0.02952124,6.6422977
225,0.02952124,6.671819
226,0.02952124,6.7013407
227,0.02952124,6.730862
228,0.02952124,6.7603836
229,0.02952124,6.789905
230,0.02952124,6.8194265
231,0.02952124,6.848948
232,0.02952124,6.8784695
233,0.02952124,6.907991
234,0.02952124,6.9375124
235,0.02952124,6.967034
236,0.02952124,6.9965553
237,0.02952124,7.026077
238,0.02952124,7.0555983
239,0.02952124,7.0851197
240,0.02952124,7.114641
241,0.02952124,7.1441627
242,0.02952124,7.173684
243,0.02952124,7.2032056
244,0.02952124,7.232727
245,0.02952124,7.2622485
246,0.02952124,7.29177
247,0.02952124,7.3212914
248,0.02952124,7.350813
249,0.02952124,7.3803344
250,0.02952124,7.409856
251,0.02952124,7.4393773
252,0.02952124,7.468899
253,0.02952124,7.4984202
254,0.02952124,7.5279417
255,0.02952124,7.557463
256,0.02952124,7.5869846
257,0.02952124,7.616506
258,0.02952124,7.6460276
259,0.02952124,7.675549
260,0.02952124,7.7050705
261,0.02952124,7.734592
262,0.02952124,7.7641134
263,0.02952124,7.793635
264,0.02952124,7.8231564
265,0.02952124,7.852678
266,0.02952124,7.8821993
267,0.02952124,7.9117208
268,0.02952124,7.941242
269,0.02952124,7.9707637
270,0.02952124,8.000285
271,0.02952124,8.029806
272,0.02952124,8.059327
273,0.02952124,8.088848
274,0.02952124,8.118369
275,0.02952124,8.14789
276,0.02952124,8.177411
277,0.02952124,8.206932
278,0.02952124,8.236453
279,0.02952124,8.265974
280,0.02952124,8.295495
281,0.02952124,8.325016
282,0.02952124,8.354537
283,0.02952124,8.384058
284,0.02952124,8.413579
285,0.02952124,8.4431
286,0.02952124,8.472621
287,0.02952124,8.502142
288,0.02952124,8.531663
289,0.02952124,8.561184
290,0.02952124,8.590705
291,0.02952124,8.620226
292,0.02952124,8.649747
293,0.02952124,8.679268
294,0.02952124,8.708789
295,0.02952124,8.73831
296,0.02952124,8.767831
297,0.02952124,8.797352
298,0.02952124,8.826873
299,0.02952124,8.856394
300,0.02952124,8.885915
301,0.02952124,8.915436
302,0.02952124,8.944957
303,0.02952124,8.974478
304,0.02952124,9.003999
305,0.02952124,9.03352
306,0.02952124,9.063041
307,0.02952124,9.092562
308,0.02952124,9.122083
309,0.02952124,9.151604
310,0.02952124,9.181125
311,0.02952124,9.210646
312,0.02952124,9.240167
313,0.02952124,9.269688
314,0.02952124,9.299209
315,0.02952124,9.32873
316,0.02952124,9.358251
317,0.02952124,9.387772
318,0.02952124,9.417293
319,0.02952124,9.446814
320,0.02952124,9.476335
321,0.02952124,9.505856
322,0.02952124,9.535377
323,0.02952124,9.564898
324,0.02952124,9.594419
325,0.02952124,9.6239395
326,0.02952124,9.6534605
327,0.02952124,9.6829815
328,0.02952124,9.7125025
329,0.02952124,9.742023
330,0.02952124,9.771544
331,0.02952124,9.801065
332,0.02952124,9.830586
333,0.02952124,9.860107
334,0.02952124,9.889628
335,0.02952124,9.919149
336,0.02952124,9.94867
337,0.02952124,9.978191
338,0.02952124,10.007712
339,0.02952124,10.037233
340,0.02952124,10.066754
341,0.02952124,10.096275
342,0.02952124,10.125796
343,0.02952124,10.155317
344,0.02952124,10.184838
345,0.02952124,10.214359
346,0.02952124,10.24388
347,0.02952124,10.273401
348,0.02952124,10.302922
349,0.02952124,10.332443
350,0.02952124,10.361964
351,0.02952124,10.391485
352,0.02952124,10.421006
353,0.02952124,10.450527
354,0.02952124,10.480048
355,0.02952124,10.509569
356,0.02952124,10.53909
357,0.02952124,10.568611
358,0.02952124,10.598132
359,0.02952124,10.627653
360,0.02952124,10.657174
361,0.02952124,10.686695
362,0.02952124,10.716216
363,0.02952124,10.745737
364,0.02952124,10.775258
365,0.02952124,10.804779
366,0.02952124,10.8343
367,0.02952124,10.863821
368,0.02952124,10.893342
369,0.02952124,10.922863
370,0.02952124,10.952384
371,0.02952124,10.981905
372,0.02952124,11.011426
373,0.02952124,11.040947
374,0.02952124,11.070468
375,0.02952124,11.099989
376,0.02952124,11.12951
377,0.02952124,11.159031
378,0.02952124,11.188552
379,0.02952124,11.218073
380,0.02952124,11.247594
381,0.02952124,11.277115
382,0.02952124,11.306636
383,0.02952124,11.336157
384,0.02952124,11.365678
385,0.02952124,11.395199
386,0.02952124,11.42472
387,0.02952124,11.454241
388,0.02952124,11.483762
389,0.02952124,11.513283
390,0.02952124,11.542804
391,0.02952124,11.572325
392,0.02952124,11.601846
393,0.02952124,11.631367
394,0.02952124,11.660888
395,0.02952124,11.690409
396,0.02952124,11.71993
397,0.02952124,11.749451
398,0.02952124,11.778972
399,0.02952124,11.808493
400,0.02952124,11.838014
401,0.02952124,11.867535
402,0.02952124,11.897056
403,0.02952124,11.926577
404,0.02952124,11.956098
405,0.02952124,11.985619
406,0.02952124,12.01514
407,0.02952124,12.044661
408,0.02952124,12.074182
409,0.02952124,12.103703
410,0.02952124,12.133224
411,0.02952124,12.1627445
412,0.02952124,12.1922655
413,0.02952124,12.2217865
414,0.02952124,12.2513075
415,0.02952124,12.280828
416,0.02952124,12.310349
417,0.02952124,12.33987
418,0.02952124,12.369391
419,0.02952124,12.398912
420,0.02952124,12.428433
421,0.02952124,12.457954
422,0.02952124,12.487475
423,0.02952124,12.516996
424,0.02952124,12.546517
425,0.02952124,12.576038
426,0.02952124,12.605559
427,0.02952124,12.63508
428,0.02952124,12.664601
429,0.02952124,12.694122
430,0.02952124,12.723643
431,0.02952124,12.753164
432,0.02952124,12.782685
433,0.02952124,12.812206
434,0.02952124,12.841727
435,0.02952124,12.871248
436,0.02952124,12.900769
437,0.02952124,12.93029
438,0.02952124,12.959811
439,0.02952124,12.989332
440,0.02952124,13.018853
441,0.02952124,13.048374
442,0.02952124,13.077895
443,0.02952124,13.107416
444,0.02952124,13.136937
445,0.02952124,13.166458
446,0.02952124,13.195979
447,0.02952124,13.2255
448,0.02952124,13.255021
449,0.02952124,13.284542
450,0.02952124,13.314063
451,0.02952124,13.343584
452,0.02952124,13.373105
453,0.02952124,13.402626
454,0.02952124,13.432147
455,0.02952124,13.461668
456,0.02952124,13.491189
457,0.02952124,13.52071
458,0.02952124,13.550231
459,0.02952124,13.579752
460,0.02952124,13.609273
461,0.02952124,13.638794
462,0.02952124,13.668315
463,0.02952124,13.697836
464,0.02952124,13.727357
465,0.02952124,13.756878
466,0.02952124,13.786399
467,0.02952124,13.81592
468,0.02952124,13.845441
469,0.02952124,13.874962
470,0.02952124,13.904483
471,0.02952124,13.934004
472,0.02952124,13.963525
473,0.02952124,13.993046
474,0.02952124,14.022567
475,0.02952124,14.052088
476,0.02952124,14.081609
477,0.02952124,14.11113
478,0.02952124,14.140651
479,0.02952124,14.170172
480,0.02952124,14.199693
481,0.02952124,14.229214
482,0.02952124,14.258735
483,0.02952124,14.288256
484,0.02952124,14.317777
485,0.02952124,14.347298
486,0.02952124,14.376819
487,0.02952124,14.40634
488,0.02952124,14.435861
489,0.02952124,14.465382
490,0.02952124,14.494903
491,0.02952124,14.524424
492,0.02952124,14.553945
493,0.02952124,14.583466
494,0.02952124,14.612987
495,0.02952124,14.642508
496,0.02952124,14.672029
497,0.02952124,14.70155
498,0.02952124,14.7310705
499,0.02952124,14.7605915
500,0.02952124,14.7901125
501,0.02952124,14.8196335
502,0.02952124,14.849154
503,0.02952124,14.878675
504,0.02952124,14.908196
505,0.02952124,14.937717
506,0.02952124,14.967238
507,0.02952124,14.996759
508,0.02952124,15.02628
509,0.02952124,15.055801
510,0.02952124,15.085322
511,0.02952124,15.114843
512,0.02952124,15.144364
513,0.02952124,15.173885
514,0.02952124,15.203406
515,0.02952124,15.232927
516,0.02952124,15.262448
517,0.02952124,15.291969
518,0.02952124,15.32149
519,0.02952124,15.351011
520,0.02952124,15.380532
521,0.02952124,15.410053
522,0.02952124,15.439574
523,0.02952124,15.469095
524,0.02952124,15.498616
525,0.02952124,15.528137
526,0.02952124,15.557658
527,0.02952124,15.587179
528,0.02952124,15.6167
529,0.02952124,15.646221
530,0.02952124,15.675742
531,0.02952124,15.705263
532,0.02952124,15.734784
533,0.02952124,15.764305
534,0.02952124,15.793826
535,0.02952124,15.823347
536,0.02952124,15.852868
537,0.02952124,15.882389
538,0.02952124,15.91191
539,0.02952124,15.941431
540,0.02952124,15.970952
541,0.02952124,16.000473
542,0.02952124,16.029995
543,0.02952124,16.059517
544,0.02952124,16.089039
545,0.02952124,16.11856
546,0.02952124,16.148083
547,0.02952124,16.177605
548,0.02952124,16.207127
549,0.02952124,16.236649
550,0.02952124,16.26617
551,0.02952124,16.295692
552,0.02952124,16.325214
553,0.02952124,16.354736
554,0.02952124,16.384258
555,0.02952124,16.41378
556,0.02952124,16.443302
557,0.02952124,16.472824
558,0.02952124,16.502346
559,0.02952124,16.531868
560,0.02952124,16.56139
561,0.02952124,16.590912
562,0.02952124,16.620434
563,0.02952124,16.649956
564,0.02952124,16.679478
565,0.02952124,16.709
566,0.02952124,16.738522
567,0.02952124,16.768044
568,0.02952124,16.797565
569,0.02952124,16.827087
570,0.02952124,16.85661
571,0.02952124,16.886131
572,0.02952124,16.915653
573,0.02952124,16.945175
574,0.02952124,16.974697
575,0.02952124,17.00422
576,0.02952124,17.033741
577,0.02952124,17.063263
578,0.02952124,17.092785
579,0.02952124,17.122307
580,0.02952124,17.151829
581,0.02952124,17.18135
582,0.02952124,17.210873
583,0.02952124,17.240395
584,0.02952124,17.269917
585,0.02952124,17.299438
586,0.02952124,17.32896
587,0.02952124,17.358482
588,0.02952124,17.388004
589,0.02952124,17.417526
590,0.02952124,17.447048
591,0.02952124,17.47657
592,0.02952124,17.506092
593,0.02952124,17.535614
594,0.02952124,17.565136
595,0.02952124,17.594658
596,0.02952124,17.62418
597,0.02952124,17.653702
598,0.02952124,17.683224
599,0.02952124,17.712746
600,0.02952124,17.742268
601,0.02952124,17.77179
602,0.02952124,17.801311
603,0.02952124,17.830833
604,0.02952124,17.860355
605,0.02952124,17.889877
606,0.02952124,17.9194
607,0.02952124,17.948921
608,0.02952124,17.978443
609,0.02952124,18.007965
610,0.02952124,18.037487
611,0.02952124,18.067009
612,0.02952124,18.09653
613,0.02952124,18.126053
614,0.02952124,18.155575
615,0.02952124,18.185097
616,0.02952124,18.214619
617,0.02952124,18.24414
618,0.02952124,18.273663
619,0.02952124,18.303185
620,0.02952124,18.332706
621,0.02952124,18.362228
622,0.02952124,18.39175
623,0.02952124,18.421272
624,0.02952124,18.450794
625,0.02952124,18.480316
626,0.02952124,18.509838
627,0.02952124,18.53936
628,0.02952124,18.568882
629,0.02952124,18.598404
630,0.02952124,18.627926
631,0.02952124,18.657448
632,0.02952124,18.68697
633,0.02952124,18.716492
634,0.02952124,18.746014
635,0.02952124,18.775536
636,0.02952124,18.805058
637,0.02952124,18.83458
638,0.02952124,18.864101
639,0.02952124,18.893623
640,0.02952124,18.923145
641,0.02952124,18.952667
642,0.02952124,18.98219
643,0.02952124,19.011711
644,0.02952124,19.041233
645,0.02952124,19.070755
646,0.02952124,19.100277
647,0.02952124,19.129799
648,0.02952124,19.15932
649,0.02952124,19.188843
650,0.02952124,19.218365
651,0.02952124,19.247887
652,0.02952124,19.277409
653,0.02952124,19.30693
654,0.02952124,19.336452
655,0.02952124,19.365974
656,0.02952124,19.395496
657,0.02952124,19.425018
658,0.02952124,19.45454
659,0.02952124,19.484062
660,0.02952124,19.513584
661,0.02952124,19.543106
662,0.02952124,19.572628
663,0.02952124,19.60215
664,0.02952124,19.631672
665,0.02952124,19.661194
666,0.02952124,19.690716
667,0.02952124,19.720238
668,0.02952124,19.74976
669,0.02952124,19.779282
670,0.02952124,19.808804
671,0.02952124,19.838326
672,0.02952124,19.867847
673,0.02952124,19.89737
674,0.02952124,19.926891
675,0.02952124,19.956413
676,0.02952124,19.985935
677,0.02952124,20.015457
678,0.02952124,20.04498
679,0.02952124,20.074501
680,0.02952124,20.104023
681,0.02952124,20.133545
682,0.02952124,20.163067
683,0.02952124,20.192589
684,0.02952124,20.22211
685,0.02952124,20.251633
686,0.02952124,20.281155
687,0.02952124,20.310677
688,0.02952124,20.340199
689,0.02952124,20.36972
690,0.02952124,20.399242
691,0.02952124,20.428764
692,0.02952124,20.458286
693,0.02952124,20.487808
694,0.02952124,20.51733
695,0.02952124,20.546852
696,0.02952124,20.576374
697,0.02952124,20.605896
698,0.02952124,20.635418
699,0.02952124,20.66494
700,0.02952124,20.694462
701,0.02952124,20.723984
702,0.02952124,20.753506
703,0.02952124,20.783028
704,0.02952124,20.81255
705,0.02952124,20.842072
706,0.02952124,20.871593
707,0.02952124,20.901115
708,0.02952124,20.930637
709,0.02952124,20.96016
710,0.02952124,20.989681
711,0.02952124,21.019203
712,0.02952124,21.048725
713,0.02952124,21.078247
714,0.02952124,21.107769
715,0.02952124,21.137291
716,0.02952124,21.166813
717,0.02952124,21.196335
718,0.02952124,21.225857
719,0.02952124,21.255379
720,0.02952124,21.2849
721,0.02952124,21.314423
722,0.02952124,21.343945
723,0.02952124,21.373466
724,0.02952124,21.402988
725,0.02952124,21.43251
726,0.02952124,21.462032
727,0.02952124,21.491554
728,0.02952124,21.521076
729,0.02952124,21.550598
730,0.02952124,21.58012
731,0.02952124,21.609642
732,0.02952124,21.639164
733,0.02952124,21.668686
734,0.02952124,21.698208
735,0.02952124,21.72773
736,0.02952124,21.757252
737,0.02952124,21.786774
738,0.02952124,21.816296
739,0.02952124,21.845818
740,0.02952124,21.87534
741,0.02952124,21.904861
742,0.02952124,21.934383
743,0.02952124,21.963905
744,0.02952124,21.993427
745,0.02952124,22.02295
746,0.02952124,22.052471
747,0.02952124,22.081993
748,0.02952124,22.111515
749,0.02952124,22.141037
750,0.02952124,22.170559
751,0.02952124,22.20008
752,0.02952124,22.229603
753,0.02952124,22.259125
754,0.02952124,22.288647
755,0.02952124,22.318169
756,0.02952124,22.34769
757,0.02952124,22.377213
758,0.02952124,22.406734
759,0.02952124,22.436256
760,0.02952124,22.465778
761,0.02952124,22.4953
762,0.02952124,22.524822
763,0.02952124,22.554344
764,0.02952124,22.583866
765,0.02952124,22.613388
766,0.02952124,22.64291
767,0.02952124,22.672432
768,0.02952124,22.701954
769,0.02952124,22.731476
770,0.02952124,22.760998
771,0.02952124,22.79052
772,0.02952124,22.820042
773,0.02952124,22.849564
774,0.02952124,22.879086
775,0.02952124,22.908607
776,0.029598908,22.938206
777,0.030054992,22.96826
778,0.031016296,22.999275
779,0.032312073,23.031588
780,0.033402313,23.06499
781,0.03376898,23.098759
782,0.03314078,23.131899
783,0.032007966,23.163906
784,0.031224884,23.195131
785,0.030976776,23.226109
786,0.031391967,23.2575
787,0.031267915,23.288767
788,0.030538086,23.319305
789,0.029514374,23.34882
790,0.028944153,23.377764
791,0.028024048,23.405788
792,0.027185883,23.432974
793,0.027035432,23.460009
794,0.02801245,23.488022
795,0.029805358,23.517828
796,0.031071382,23.548899
797,0.031538147,23.580437
798,0.031089997,23.611526
799,0.030820832,23.642347
800,0.030140137,23.672487
801,0.029559998,23.702047
802,0.028485017,23.730532
803,0.027549347,23.758081
804,0.02709143,23.785173
805,0.026796784,23.81197
806,0.026932282,23.838902
807,0.026551574,23.865454
808,0.026679138,23.892134
809,0.026700195,23.918835
810,0.027411865,23.946247
811,0.027987428,23.974234
812,0.028909668,24.003143
813,0.029802613,24.032946
814,0.030012269,24.062958
815,0.030557007,24.093515
816,0.030587524,24.124104
817,0.031290803,24.155394
818,0.030868286,24.186262
819,0.029927582,24.21619
820,0.0292771,24.245468
821,0.029458832,24.274927
822,0.030569976,24.305496
823,0.03166144,24.337158
824,0.032969423,24.370127
825,0.03360312,24.40373
826,0.033536743,24.437267
827,0.033203796,24.47047
828,0.032223113,24.502693
829,0.032025207,24.534718
830,0.032299712,24.567017
831,0.033227142,24.600245
832,0.035017457,24.635262
833,0.037422545,24.672684
834,0.03923773,24.711922
835,0.03995459,24.751877
836,0.03948462,24.79136
837,0.039471343,24.830832
838,0.041693788,24.872526
839,0.044101622,24.916628
840,0.04507132,24.961699
841,0.044974733,25.006674
842,0.045092683,25.051767
843,0.045670837,25.097439
844,0.04617743,25.143616
845,0.046451934,25.190067
846,0.04582831,25.235895
847,0.04552069,25.281416
848,0.04468344,25.3261
849,0.043244995,25.369345
850,0.042302612,25.411648
851,0.04200476,25.453653
852,0.04313559,25.496788
853,0.0450791,25.541866
854,0.046563324,25.58843
855,0.046779845,25.63521
856,0.045349028,25.68056
857,0.04408545,25.724644
858,0.043658663,25.768303
859,0.04412207,25.812426
860,0.04396338,25.856388
861,0.04331534,25.899704
862,0.042288423,25.941992
863,0.04155539,25.983547
864,0.041416228,26.024963
865,0.04152167,26.066484
866,0.042382874,26.108868
867,0.042538512,26.151405
868,0.042694,26.1941
869,0.042273927,26.236374
870,0.04203024,26.278404
871,0.04206259,26.320467
872,0.041603453,26.36207
873,0.042593446,26.404663
874,0.043789122,26.448452
875,0.045399535,26.49385
876,0.04508063,26.53893
877,0.04416037,26.583092
878,0.043835662,26.626928
879,0.04400168,26.67093
880,0.045322936,26.716253
881,0.04694983,26.763203
882,0.047839873,26.811043
883,0.047173064,26.858215
884,0.045851655,26.904066
885,0.04575827,26.949825
886,0.046668,26.996492
887,0.049038146,27.04553
888,0.050336212,27.095867
889,0.051527772,27.147394
890,0.052128814,27.199524
891,0.05305838,27.252583
892,0.053526368,27.306108
893,0.05446875,27.360577
894,0.055674806,27.416252
895,0.056838285,27.473091
896,0.057842314,27.530933
897,0.057992462,27.588926
898,0.05785803,27.646784
899,0.057945922,27.70473
900,0.05876486,27.763494
901,0.060283568,27.823778
902,0.06261267,27.88639
903,0.065476745,27.951868
904,0.067791045,28.019659
905,0.06968405,28.089344
906,0.069972135,28.159317
907,0.069961,28.229279
908,0.067517154,28.296795
909,0.06625082,28.363047
910,0.065687776,28.428734
911,0.06631461,28.495049
912,0.06813483,28.563183
913,0.06959555,28.632778
914,0.07143073,28.704208
915,0.07232382,28.776533
916,0.07334799,28.84988
917,0.07457052,28.92445
918,0.07573843,29.000189
919,0.07703634,29.077225
920,0.07714193,29.154367
921,0.07839835,29.232765
922,0.08010657,29.312872
923,0.08360251,29.396475
924,0.08638709,29.482862
925,0.089607306,29.57247
926,0.0909751,29.663445
927,0.09236258,29.755808
928,0.0928498,29.848658
929,0.0951821,29.94384
930,0.09700797,30.040848
931,0.09954291,30.14039
932,0.10255362,30.242945
933,0.10615378,30.349098
934,0.11138266,30.460482
935,0.11667746,30.57716
936,0.120954804,30.698114
937,0.12380179,30.821917
938,0.12489936,30.946815
939,0.12890281,31.075718
940,0.13278419,31.208502
941,0.13866049,31.347162
942,0.14253516,31.489697
943,0.14711249,31.636808
944,0.14933218,31.78614
945,0.15236823,31.938509
946,0.15598899,32.094498
947,0.15979819,32.254295
948,0.16434683,32.418644
949,0.16765508,32.5863
950,0.16972937,32.75603
951,0.17101857,32.927048
952,0.1714739,33.098522
953,0.17328176,33.271805
954,0.17388509,33.44569
955,0.17801611,33.623707
956,0.18216497,33.80587
957,0.18702565,33.992897
958,0.19040608,34.183304
959,0.19266333,34.37597
960,0.19419561,34.570164
961,0.1947788,34.764942
962,0.19562276,34.960564
963,0.1957253,35.15629
964,0.19616796,35.352455
965,0.1977114,35.550167
966,0.19670248,35.74687
967,0.19624318,35.94311
968,0.19444966,36.13756
969,0.19591238,36.333473
970,0.197544,36.531017
971,0.2042661,36.735283
972,0.21174963,36.947033
973,0.22005498,37.167088
974,0.22594732,37.393036
975,0.22997533,37.623013
976,0.23131047,37.854324
977,0.2313819,38.085705
978,0.23217824,38.317883
979,0.23341528,38.551296
980,0.23458593,38.78588
981,0.23784047,39.02372
982,0.24182287,39.26554
983,0.2446111,39.51015
984,0.2490804,39.75923
985,0.25234076,40.011574
986,0.25743428,40.26901
987,0.2625687,40.531578
988,0.26880848,40.80039
989,0.2710645,41.071453
990,0.27272528,41.344177
991,0.27171773,41.615894
992,0.2731966,41.88909
993,0.2728411,42.161934
994,0.27562475,42.437557
995,0.27522603,42.712784
996,0.2796807,42.992466
997,0.28109288,43.27356
998,0.29007742,43.563637
999,0.2975591,43.861195
1000,0.30990055,44.171097
1001,0.3163535,44.48745
1002,0.33142143,44.81887
1003,0.34282538,45.161697
1004,0.3607641,45.52246
1005,0.37319204,45.895653
1006,0.38927895,46.28493
1007,0.39872748,46.68366
1008,0.41071814,47.094376
1009,0.41284308,47.507217
1010,0.42480767,47.932026
1011,0.43646368,48.36849
1012,0.45424858,48.82274
1013,0.4629299,49.285667
1014,0.47577962,49.761448
1015,0.4925292,50.25398
1016,0.5066558,50.760635
1017,0.5322425,51.292877
1018,0.5479633,51.84084
1019,0.5757894,52.41663
1020,0.5900906,53.00672
1021,0.62683797,53.63356
1022,0.65951836,54.29308
1023,0.7413648,55.034443
1024,0.7922596,55.826702
1025,0.88463265,56.711334
1026,0.9420449,57.653378
1027,1.057236,58.710613
1028,1.1085613,59.819176
1029,1.2664615,61.085636
1030,1.3648502,62.450485
1031,1.5535768,64.00406
1032,1.5915121,65.59557
1033,1.5718958,67.16747
1034,1.4726518,68.64012
1035,1.3712548,70.011375
1036,1.3722857,71.38366
1037,1.4704034,72.854065
1038,1.649407,74.50347
1039,1.8057607,76.309235
1040,1.8523211,78.16155
1041,1.8859719,80.04752
1042,1.9189546,81.96648
1043,1.9309399,83.897415
1044,1.9618933,85.85931
1045,1.9728112,87.832115
1046,2.0289485,89.86106
1047,2.0546596,91.91572
1048,2.088871,94.00459
1049,2.0745146,96.07911
1050,2.0831614,98.16227
1051,2.0770445,100.23931
1052,2.0999024,102.33921
1053,2.1074142,104.446625
1054,2.1340456,106.58067
1055,2.14538,108.72605
1056,2.1664739,110.892525
1057,2.1673434,113.05987
1058,2.1765108,115.23638
1059,2.1700883,117.40647
1060,2.1853456,119.59182
1061,2.1796453,121.77146
1062,2.1983266,123.96979
1063,2.2060907,126.17588
1064,2.2273445,128.40323
1065,2.2437956,130.64702
1066,2.2692735,132.91629
1067,2.2892342,135.20552
1068,2.3096983,137.51521
1069,2.322488,139.8377
1070,2.3420763,142.17978
1071,2.3547945,144.53458
1072,2.373563,146.90814
1073,2.3794227,149.28757
1074,2.3896785,151.67725
1075,2.3928676,154.07011
1076,2.4051273,156.47523
1077,2.4133081,158.88855
1078,2.4284406,161.31699
1079,2.4443038,163.76129
1080,2.4586885,166.21999
1081,2.4714086,168.69139
1082,2.4854982,171.1769
1083,2.5030158,173.67992
1084,2.5245354,176.20445
1085,2.5491626,178.75362
1086,2.5715883,181.32521
1087,2.5872219,183.91243
1088,2.5930474,186.50548
1089,2.5978756,189.10335
1090,2.607116,191.71046
1091,2.6189117,194.32938
1092,2.6308916,196.96027
1093,2.6403062,199.60057
1094,2.648202,202.24878
1095,2.654778,204.90356
1096,2.660253,207.56381
1097,2.665664,210.22948
1098,2.6728146,212.9023
1099,2.6807218,215.58302
1100,2.6886551,218.27168
1101,2.6950457,220.96674
1102,2.7016797,223.66841
1103,2.70823,226.37665
1104,2.714821,229.09148
1105,2.7199767,231.81145
1106,2.723913,234.53535
1107,2.7263317,237.26169
1108,2.730212,239.9919
1109,2.733493,242.72539
1110,2.7376392,245.46303
1111,2.7409203,248.20395
1112,2.7456806,250.94963
1113,2.7507641,253.7004
1114,2.7574074,256.4578
1115,2.7627885,259.22058
1116,2.7680461,261.98862
1117,2.7722816,264.7609
1118,2.7766707,267.53757
1119,2.7804124,270.318
1120,2.7849767,273.10297
1121,2.7882433,275.8912
1122,2.7920218,278.68323
1123,2.795005,281.47824
1124,2.7985222,284.27676
1125,2.8017657,287.07852
1126,2.804606,289.88312
1127,2.8062634,292.6894
1128,2.8065567,295.49594
1129,2.8056824,298.30164
1130,2.805453,301.1071
1131,2.805545,303.91263
1132,2.8060563,306.7187
1133,2.806506,309.5252
1134,2.8091824,312.33438
1135,2.8108444,315.14523
1136,2.8120165,317.95724
1137,2.8121104,320.76935
1138,2.8113565,323.58072
1139,2.8109486,326.39166
1140,2.8098116,329.20148
1141,2.8080657,332.00955
1142,2.8056054,334.81516
1143,2.8025057,337.61768
1144,2.7999506,340.41763
1145,2.796014,343.21365
1146,2.7917037,346.00537
1147,2.786577,348.79196
1148,2.7829955,351.57495
1149,2.7785025,354.35345
1150,2.7741425,357.1276
1151,2.7673934,359.895
1152,2.7630794,362.65808
1153,2.7593083,365.4174
1154,2.7569542,368.17435
1155,2.75439,370.92874
1156,2.750412,373.67914
1157,2.7463841,376.42554
1158,2.7430053,379.16855
1159,2.7392316,381.90778
1160,2.7366567,384.64444
1161,2.7335277,387.37796
1162,2.7309337,390.1089
1163,2.7285285,392.8374
1164,2.7269988,395.5644
1165,2.7246923,398.2891
1166,2.7229724,401.01205
1167,2.719747,403.7318
1168,2.7171745,406.44897
1169,2.713999,409.16296
1170,2.712114,411.8751
1171,2.7102056,414.5853
1172,2.709742,417.29504
1173,2.708453,420.0035
1174,2.7079358,422.71146
1175,2.7077477,425.4192
1176,2.708429,428.12762
1177,2.709283,430.8369
1178,2.7093363,433.54626
1179,2.7091274,436.2554
1180,2.709265,438.96466
1181,2.7095132,441.67416
1182,2.7105591,444.38474
1183,2.7112637,447.096
1184,2.7121882,449.8082
1185,2.7130768,452.52127
1186,2.714968,455.23624
1187,2.7162414,457.95248
1188,2.7169914,460.66946
1189,2.717015,463.38647
1190,2.7175689,466.10403
1191,2.7188385,468.82288
1192,2.7199013,471.5428
1193,2.7199993,474.2628
1194,2.7198892,476.98267
1195,2.7193549,479.70203
1196,2.7198143,482.42184
1197,2.7207851,485.14264
1198,2.722416,487.86505
1199,2.7239227,490.589
1200,2.7255304,493.3145
1201,2.725932,496.04044
1202,2.7269483,498.7674
1203,2.7272773,501.49466
1204,2.7281737,504.22284
1205,2.7282922,506.95114
1206,2.728684,509.67984
1207,2.7295816,512.4094
1208,2.731126,515.14056
1209,2.732563,517.8731
1210,2.733468,520.60657
1211,2.733959,523.3405
1212,2.7353542,526.07587
1213,2.7369561,528.8128
1214,2.7380724,531.5509
1215,2.738213,534.2891
1216,2.7381692,537.0273
1217,2.7380366,539.7653
1218,2.7384102,542.5037
1219,2.738792,545.2425
1220,2.738895,547.9814
1221,2.7381885,550.71954
1222,2.7379491,553.4575
1223,2.737099,556.19464
1224,2.7364058,558.931
1225,2.735182,561.6662
1226,2.7343729,564.4006
1227,2.7327461,567.1333
1228,2.7311752,569.8645
1229,2.7297127,572.59424
1230,2.7291672,575.3234
1231,2.7289615,578.05237
1232,2.7291515,580.7815
1233,2.7290604,583.51056
1234,2.7295468,586.2401
1235,2.7305162,588.97064
1236,2.7324164,591.70306
1237,2.7344003,594.43744
1238,2.7358332,597.1733
1239,2.7358603,599.9091
1240,2.735995,602.64514
1241,2.7362924,605.3814
1242,2.7374728,608.1189
1243,2.7383547,610.85724
1244,2.7388756,613.5961
1245,2.738397,616.33453
1246,2.7381876,619.0727
1247,2.7380173,621.8107
1248,2.7385495,624.54926
1249,2.7392025,627.28845
1250,2.7402518,630.0287
1251,2.741828,632.7705
1252,2.743041,635.51355
1253,2.7437038,638.25726
1254,2.7438018,641.00104
1255,2.7438118,643.7449
1256,2.744479,646.4894
1257,2.7457423,649.2351
1258,2.7472086,651.9823
1259,2.7477977,654.7301
1260,2.7484598,657.4786
1261,2.7494006,660.22797
1262,2.7504685,662.97845
1263,2.7517579,665.7302
1264,2.7539093,668.48413
1265,2.7564251,671.24054
1266,2.758179,673.9987
1267,2.759746,676.7585
1268,2.76053,679.51904
1269,2.7612386,682.2803
1270,2.7621248,685.0424
1271,2.7629197,687.80536
1272,2.7631214,690.5685
1273,2.763293,693.3318
1274,2.7641485,696.09595
1275,2.7647948,698.8607
1276,2.7656634,701.6264
1277,2.766335,704.39276
1278,2.7673278,707.1601
1279,2.7680223,709.9281
1280,2.7689087,712.697
1281,2.7699609,715.467
1282,2.7708023,718.2378
1283,2.7717385,721.0095
1284,2.7731655,723.7827
1285,2.775222,726.5579
1286,2.7780316,729.33594
1287,2.7815142,732.11743
1288,2.784542,734.902
1289,2.7870183,737.689
1290,2.7885246,740.47754
1291,2.791106,743.2686
1292,2.7942102,746.0628
1293,2.797147,748.8599
1294,2.7993367,751.65924
1295,2.801332,754.4606
1296,2.8025405,757.2631
1297,2.8035228,760.06665
1298,2.8039923,762.87067
1299,2.8044865,765.6752
1300,2.8059146,768.4811
1301,2.807748,771.2888
1302,2.8095913,774.0984
1303,2.812424,776.9108
1304,2.8150747,779.7259
1305,2.8178756,782.54376
1306,2.8201025,785.3639
1307,2.8217056,788.1856
1308,2.8229265,791.00854
1309,2.8238735,793.8324
1310,2.8264058,796.6588
1311,2.8292208,799.48804
1312,2.831672,802.3197
1313,2.834463,805.1542
1314,2.8369522,807.99115
1315,2.8397808,810.83093
1316,2.8420987,813.67303
1317,2.8440416,816.5171
1318,2.8451188,819.3622
1319,2.8460534,822.20825
1320,2.8471777,825.0554
1321,2.849021,827.9044
1322,2.850654,830.75507
1323,2.8528905,833.608
1324,2.8542843,836.4623
1325,2.8547566,839.317
1326,2.85486,842.1719
1327,2.854782,845.0267
1328,2.8554034,847.8821
1329,2.8561394,850.7382
1330,2.857072,853.5953
1331,2.8580022,856.4533
1332,2.858847,859.31213
1333,2.8596687,862.1718
1334,2.861199,865.033
1335,2.8629847,867.896
1336,2.8637176,870.7597
1337,2.8642583,873.62396
1338,2.8644805,876.48846
1339,2.8647006,879.35315
1340,2.8644643,882.2176
1341,2.864292,885.0819
1342,2.864978,887.9469
1343,2.8663526,890.81323
1344,2.8675845,893.68085
1345,2.8689067,896.54974
1346,2.8696215,899.4194
1347,2.8708794,902.2902
1348,2.8714414,905.1617
1349,2.870768,908.0325
1350,2.8703933,910.9029
1351,2.8701718,913.7731
1352,2.870535,916.6436
1353,2.871507,919.51514
1354,2.8729181,922.38806
1355,2.8748453,925.2629
1356,2.8764691,928.13934
1357,2.8776364,931.01697
1358,2.8782456,933.8952
1359,2.8791459,936.77435
1360,2.879921,939.6543
1361,2.880612,942.5349
1362,2.881741,945.4166
1363,2.883147,948.29974
1364,2.8848605,951.18463
1365,2.8866856,954.0713
1366,2.8879082,956.95917
1367,2.888856,959.848
1368,2.8900418,962.73804
1369,2.8911142,965.62915
1370,2.8917181,968.5209
1371,2.8913238,971.4122
1372,2.890526,974.3027
1373,2.889907,977.19257
1374,2.889504,980.0821
1375,2.88976,982.97186
1376,2.8904665,985.8623
1377,2.892101,988.7544
1378,2.893653,991.6481
1379,2.8951714,994.5432
1380,2.8957062,997.4389
1381,2.8963256,1000.3352
1382,2.8963408,1003.23157
1383,2.8961327,1006.1277
1384,2.896663,1009.02435
1385,2.8981404,1011.9225
1386,2.8994663,1014.82196
1387,2.899991,1017.7219
1388,2.8995569,1020.62146
1389,2.899125,1023.52057
1390,2.8979023,1026.4185
1391,2.8957906,1029.3142
1392,2.8944695,1032.2086
1393,2.8942187,1035.1028
1394,2.8953083,1037.998
1395,2.8965013,1040.8945
1396,2.897369,1043.7919
1397,2.8987818,1046.6907
1398,2.9004335,1049.5911
1399,2.9022973,1052.4934
1400,2.9040773,1055.3975
1401,2.9057782,1058.3032
1402,2.9085217,1061.2118
1403,2.9116707,1064.1234
1404,2.9148617,1067.0383
1405,2.9174716,1069.9558
1406,2.9200945,1072.8759
1407,2.9233115,1075.7992
1408,2.92581,1078.725
1409,2.9284124,1081.6534
1410,2.9305751,1084.584
1411,2.932512,1087.5165
1412,2.9348395,1090.4513
1413,2.937846,1093.3892
1414,2.9400957,1096.3292
1415,2.9419765,1099.2712
1416,2.9439375,1102.2152
1417,2.9459605,1105.1611
1418,2.9476466,1108.1088
1419,2.9492116,1111.058
1420,2.950529,1114.0085
1421,2.9510362,1116.9596
1422,2.9516363,1119.9113
1423,2.952503,1122.8638
1424,2.9526415,1125.8164
1425,2.9526892,1128.769
1426,2.953446,1131.7225
1427,2.9544928,1134.677
1428,2.9561446,1137.6332
1429,2.9582207,1140.5914
1430,2.960267,1143.5518
1431,2.961842,1146.5135
1432,2.9620821,1149.4756
1433,2.962153,1152.4377
1434,2.9621148,1155.3999
1435,2.96305,1158.3629
1436,2.9642072,1161.3271
1437,2.9663641,1164.2935
1438,2.9682307,1167.2617
1439,2.9701211,1170.2318
1440,2.9713366,1173.2031
1441,2.9730084,1176.1761
1442,2.97402,1179.1501
1443,2.9748955,1182.125
1444,2.9757822,1185.1008
1445,2.976299,1188.0771
1446,2.9765308,1191.0537
1447,2.9775875,1194.0312
1448,2.9784613,1197.0098
1449,2.9797094,1199.9895
1450,2.9805064,1202.97
1451,2.9813292,1205.9513
1452,2.9822204,1208.9335
1453,2.9829473,1211.9164
1454,2.983816,1214.9001
1455,2.984508,1217.8846
1456,2.985949,1220.8706
1457,2.987545,1223.8582
1458,2.9892044,1226.8474
1459,2.991957,1229.8394
1460,2.9947276,1232.8341
1461,2.9974353,1235.8315
1462,2.999467,1238.831
1463,3.0014272,1241.8325
1464,3.0033677,1244.8359
1465,3.0052516,1247.8412
1466,3.0062304,1250.8474
1467,3.00705,1253.8545
1468,3.007861,1256.8623
1469,3.0088997,1259.8712
1470,3.0095398,1262.8807
1471,3.0101056,1265.8909
1472,3.0104198,1268.9012
1473,3.0108147,1271.9121
1474,3.0110552,1274.9232
1475,3.0114174,1277.9347
1476,3.0118475,1280.9465
1477,3.0112154,1283.9578
1478,3.0108452,1286.9686
1479,3.0107992,1289.9794
1480,3.0110738,1292.9905
1481,3.011152,1296.0016
1482,3.0115252,1299.0131
1483,3.0121007,1302.0251
1484,3.0129135,1305.0381
1485,3.014281,1308.0524
1486,3.015529,1311.0679
1487,3.016299,1314.0842
1488,3.0172975,1317.1016
1489,3.0179253,1320.1195
1490,3.0184777,1323.138
1491,3.0194845,1326.1575
1492,3.0199301,1329.1774
1493,3.019647,1332.197
1494,3.0194867,1335.2166
1495,3.0196605,1338.2362
1496,3.0201738,1341.2563
1497,3.0208788,1344.2772
1498,3.0219138,1347.2992
1499,3.0237541,1350.323
1500,3.0254364,1353.3484
1501,3.0261912,1356.3746
1502,3.026826,1359.4015
1503,3.0274563,1362.429
1504,3.0278149,1365.4568
1505,3.0284047,1368.4852
1506,3.0293262,1371.5145
1507,3.0299633,1374.5444
1508,3.0304384,1377.5748
1509,3.0305355,1380.6053
1510,3.031316,1383.6367
1511,3.0320773,1386.6688
1512,3.0330794,1389.7019
1513,3.0344439,1392.7363
1514,3.035837,1395.7722
1515,3.0373755,1398.8096
1516,3.0387964,1401.8484
1517,3.040219,1404.8885
1518,3.041396,1407.9299
1519,3.042695,1410.9727
1520,3.0439174,1414.0166
1521,3.0456543,1417.0623
1522,3.046508,1420.1088
1523,3.0471845,1423.156
1524,3.047204,1426.2032
1525,3.0471163,1429.2504
1526,3.0475698,1432.298
1527,3.048592,1435.3466
1528,3.0494857,1438.396
1529,3.050243,1441.4463
1530,3.0509179,1444.4972
1531,3.0515084,1447.5487
1532,3.0523825,1450.6011
1533,3.0535986,1453.6547
1534,3.0546634,1456.7094
1535,3.0551038,1459.7644
1536,3.055821,1462.8202
1537,3.0569737,1465.8772
1538,3.058874,1468.936
1539,3.0610123,1471.9971
1540,3.0630574,1475.0602
1541,3.0657275,1478.1259
1542,3.0684977,1481.1943
1543,3.0706193,1484.265
1544,3.0720367,1487.337
1545,3.0731287,1490.4102
1546,3.0742059,1493.4844
1547,3.0748107,1496.5592
1548,3.0756924,1499.6349
1549,3.0762117,1502.711
1550,3.0764902,1505.7876
1551,3.0772405,1508.8649
1552,3.0782912,1511.9431
1553,3.079599,1515.0227
1554,3.0809371,1518.1036
1555,3.0820012,1521.1857
1556,3.0831287,1524.2688
1557,3.0840871,1527.3529
1558,3.0851283,1530.438
1559,3.0865037,1533.5245
1560,3.0878365,1536.6124
1561,3.088934,1539.7014
1562,3.0896409,1542.791
1563,3.0904248,1545.8815
1564,3.090794,1548.9723
1565,3.091045,1552.0634
1566,3.0914428,1555.1548
1567,3.092198,1558.247
1568,3.0926516,1561.3396
1569,3.0933008,1564.4329
1570,3.0937226,1567.5266
1571,3.0942626,1570.6208
1572,3.094679,1573.7156
1573,3.0952456,1576.8108
1574,3.095718,1579.9065
1575,3.0964634,1583.0029
1576,3.0976384,1586.1006
1577,3.0988207,1589.1995
1578,3.0999825,1592.2994
1579,3.101318,1595.4008
1580,3.1024804,1598.5033
1581,3.1035619,1601.6068
1582,3.104782,1604.7115
1583,3.106381,1607.8179
1584,3.1080172,1610.9259
1585,3.1092098,1614.0352
1586,3.109998,1617.1451
1587,3.1105967,1620.2557
1588,3.1109586,1623.3667
1589,3.111123,1626.4778
1590,3.111596,1629.5894
1591,3.1125546,1632.7019
1592,3.1139803,1635.8159
1593,3.1154873,1638.9314
1594,3.116769,1642.0482
1595,3.1177628,1645.166
1596,3.1189044,1648.2849
1597,3.1200697,1651.405
1598,3.1214747,1654.5265
1599,3.1231399,1657.6497
1600,3.1249695,1660.7747
1601,3.1264575,1663.9011
1602,3.1277077,1667.0288
1603,3.128674,1670.1575
1604,3.1296456,1673.2871
1605,3.1306655,1676.4177
1606,3.1314602,1679.5492
1607,3.1322067,1682.6814
1608,3.132804,1685.8142
1609,3.1333618,1688.9475
1610,3.1334949,1692.081
1611,3.1337905,1695.2148
1612,3.133666,1698.3485
1613,3.1335192,1701.482
1614,3.1333683,1704.6155
1615,3.133485,1707.749
1616,3.133543,1710.8826
1617,3.1337886,1714.0164
1618,3.1342082,1717.1505
1619,3.134807,1720.2853
1620,3.1351876,1723.4204
1621,3.135784,1726.5562
1622,3.1362777,1729.6924
1623,3.136959,1732.8293
1624,3.1378253,1735.9672
1625,3.138563,1739.1057
1626,3.1395977,1742.2454
1627,3.14078,1745.3861
1628,3.1418467,1748.528
1629,3.142625,1751.6705
1630,3.142997,1754.8135
1631,3.1436958,1757.9572
1632,3.1444588,1761.1016
1633,3.1450777,1764.2466
1634,3.1455748,1767.3922
1635,3.14619,1770.5385
1636,3.1466644,1773.685
1637,3.1472423,1776.8323
1638,3.1478775,1779.9801
1639,3.1484337,1783.1285
1640,3.14876,1786.2773
1641,3.1490254,1789.4264
1642,3.1495438,1792.5759
1643,3.1503787,1795.7263
1644,3.1516635,1798.8779
1645,3.1531181,1802.031
1646,3.1547692,1805.1858
1647,3.1563222,1808.3422
1648,3.1573753,1811.4995
1649,3.1580422,1814.6576
1650,3.1587212,1817.8163
1651,3.159239,1820.9755
1652,3.1593285,1824.1348
1653,3.1597087,1827.2944
1654,3.1599376,1830.4543
1655,3.1602452,1833.6146
1656,3.1607113,1836.7754
1657,3.1611571,1839.9365
1658,3.1614895,1843.098
1659,3.1616616,1846.2596
1660,3.1617153,1849.4214
1661,3.1619177,1852.5833
1662,3.161945,1855.7452
1663,3.1622283,1858.9075
1664,3.1623147,1862.0698
1665,3.1626055,1865.2324
1666,3.1625402,1868.395
1667,3.1625397,1871.5576
1668,3.1625323,1874.7201
1669,3.1624663,1877.8826
1670,3.1627657,1881.0453
1671,3.1632462,1884.2085
1672,3.1636336,1887.3721
1673,3.1637628,1890.5359
1674,3.1641557,1893.7001
1675,3.1649172,1896.865
1676,3.1656961,1900.0306
1677,3.1661792,1903.1968
1678,3.166475,1906.3633
1679,3.166928,1909.5302
1680,3.1672013,1912.6974
1681,3.1673806,1915.8647
1682,3.1680496,1919.0328
1683,3.168689,1922.2015
1684,3.1694074,1925.371
1685,3.1702318,1928.5413
1686,3.1708722,1931.7122
1687,3.171423,1934.8835
1688,3.1715887,1938.0552
1689,3.1716793,1941.2268
1690,3.1718996,1944.3987
1691,3.1718304,1947.5706
1692,3.1724815,1950.743
1693,3.1729462,1953.916
1694,3.1734505,1957.0895
1695,3.1738305,1960.2633
1696,3.1741204,1963.4374
1697,3.174611,1966.6119
1698,3.175148,1969.7871
1699,3.1756978,1972.9628
1700,3.1763108,1976.139
1701,3.1770604,1979.316
1702,3.1779232,1982.494
1703,3.178538,1985.6726
1704,3.1792474,1988.8518
1705,3.1797137,1992.0315
1706,3.1802108,1995.2117
1707,3.1805968,1998.3922
1708,3.1811104,2001.5734
1709,3.181641,2004.755
1710,3.1825192,2007.9375
1711,3.183391,2011.1208
1712,3.1837823,2014.3047
1713,3.1840434,2017.4888
1714,3.18428,2020.6731
1715,3.1841435,2023.8573
1716,3.184045,2027.0414
1717,3.1842198,2030.2256
1718,3.1842105,2033.4098
1719,3.1841593,2036.594
1720,3.1841757,2039.7782
1721,3.1846712,2042.9629
1722,3.1853478,2046.1482
1723,3.1855352,2049.3337
1724,3.1854253,2052.5193
1725,3.1849868,2055.7043
1726,3.1848102,2058.8892
1727,3.1848772,2062.074
1728,3.1847796,2065.2588
1729,3.1845376,2068.4434
1730,3.1840115,2071.6274
1731,3.1836376,2074.811
1732,3.1828363,2077.994
1733,3.1823614,2081.1763
1734,3.1823995,2084.3586
1735,3.1825376,2087.5413
1736,3.1827612,2090.724
1737,3.182513,2093.9067
1738,3.18239,2097.089
1739,3.181886,2100.271
1740,3.1817873,2103.453
1741,3.1815279,2106.6345
1742,3.1810029,2109.8154
1743,3.1807196,2112.996
1744,3.180586,2116.1768
1745,3.180088,2119.357
1746,3.179763,2122.5366
1747,3.1796334,2125.7163
1748,3.179365,2128.8958
1749,3.1790934,2132.075
1750,3.178659,2135.2537
1751,3.177937,2138.4316
1752,3.1774101,2141.6091
1753,3.177071,2144.7861
1754,3.1761608,2147.9624
1755,3.1747103,2151.1372
1756,3.1736734,2154.3108
1757,3.172671,2157.4834
1758,3.1717274,2160.655
1759,3.1711025,2163.8262
1760,3.1711824,2166.9973
1761,3.1716976,2170.169
1762,3.1723714,2173.3413
1763,3.172516,2176.514
1764,3.1726015,2179.6865
1765,3.1720347,2182.8586
1766,3.1718662,2186.0305
1767,3.1714566,2189.202
1768,3.17106,2192.373
1769,3.1704977,2195.5435
1770,3.1692674,2198.7126
1771,3.1681077,2201.8809
1772,3.167426,2205.0483
1773,3.1672204,2208.2156
1774,3.167458,2211.383
1775,3.1669347,2214.55
1776,3.1660528,2217.716
1777,3.1651773,2220.8813
1778,3.1642542,2224.0457
1779,3.1631486,2227.2087
1780,3.1624565,2230.371
1781,3.1616566,2233.5327
1782,3.1614542,2236.694
1783,3.160711,2239.8547
1784,3.1602676,2243.015
1785,3.1593246,2246.1743
1786,3.1586373,2249.333
1787,3.1581469,2252.4912
1788,3.1580389,2255.6492
1789,3.1587765,2258.8079
1790,3.1598535,2261.9678
1791,3.1597714,2265.1274
1792,3.1582434,2268.2856
1793,3.1553206,2271.441
1794,3.15398,2274.595
1795,3.1532636,2277.7483
1796,3.152814,2280.9011
1797,3.1519709,2284.053
1798,3.1500936,2287.2031
1799,3.1475728,2290.3506
1800,3.146696,2293.4973
1801,3.1450112,2296.6423
1802,3.1448386,2299.787
1803,3.146487,2302.9336
1804,3.1486163,2306.0823
1805,3.1507695,2309.2332
1806,3.15248,2312.3857
1807,3.1537764,2315.5396
1808,3.1534448,2318.693
1809,3.1528008,2321.846
1810,3.1512454,2324.9973
1811,3.147977,2328.1453
1812,3.1439803,2331.2893
1813,3.140201,2334.4294
1814,3.1362238,2337.5657
1815,3.1310573,2340.6968
1816,3.1254954,2343.8223
1817,3.1165059,2346.9387
1818,3.112911,2350.0515
1819,3.1134813,2353.165
1820,3.1141903,2356.2793
1821,3.1140661,2359.3933
1822,3.1094482,2362.5027
1823,3.1029034,2365.6055
1824,3.0993109,2368.7048
1825,3.0971272,2371.802
1826,3.0969198,2374.899
1827,3.0964708,2377.9954
1828,3.093302,2381.0886
1829,3.0890486,2384.1777
1830,3.086635,2387.2644
1831,3.0848677,2390.3494
1832,3.0834818,2393.4329
1833,3.0815628,2396.5144
1834,3.0791988,2399.5935
1835,3.0772607,2402.6707
1836,3.0763419,2405.747
1837,3.0742772,2408.8213
1838,3.0712588,2411.8926
1839,3.067819,2414.9604
1840,3.0651453,2418.0256
1841,3.063769,2421.0894
1842,3.0627186,2424.152
1843,3.0609822,2427.2131
1844,3.0617337,2430.275
1845,3.0631223,2433.3381
1846,3.0627556,2436.401
1847,3.060861,2439.4617
1848,3.058303,2442.52
1849,3.0571404,2445.5771
1850,3.0563707,2448.6335
1851,3.0545533,2451.688
1852,3.0520651,2454.74
1853,3.049791,2457.7898
1854,3.0487597,2460.8386
1855,3.0485985,2463.8872
1856,3.0488772,2466.936
1857,3.0499692,2469.986
1858,3.049974,2473.0361
1859,3.0510013,2476.0872
1860,3.0522554,2479.1394
1861,3.0538983,2482.1934
1862,3.054269,2485.2476
1863,3.0553985,2488.303
1864,3.0582209,2491.361
1865,3.0609057,2494.4219
1866,3.0628176,2497.4846
1867,3.0634532,2500.548
1868,3.0634875,2503.6116
1869,3.064619,2506.6763
1870,3.0648892,2509.7412
1871,3.0659356,2512.8071
1872,3.0659246,2515.873
1873,3.0645137,2518.9375
1874,3.0622497,2521.9998
1875,3.0590358,2525.0588
1876,3.0568852,2528.1157
1877,3.0542617,2531.17
1878,3.0522466,2534.2222
1879,3.0507746,2537.273
1880,3.0505612,2540.3235
1881,3.050049,2543.3735
1882,3.0483108,2546.4219
1883,3.047091,2549.469
1884,3.0452793,2552.5142
1885,3.0417058,2555.556
1886,3.0399714,2558.596
1887,3.0403833,2561.6362
1888,3.043295,2564.6794
1889,3.0472305,2567.7266
1890,3.0489123,2570.7754
1891,3.0488305,2573.8242
1892,3.0470345,2576.8713
1893,3.0448146,2579.9163
1894,3.0435994,2582.96
1895,3.0425014,2586.0024
1896,3.0422878,2589.0447
1897,3.0422027,2592.087
1898,3.0431798,2595.1301
1899,3.0433345,2598.1733
1900,3.0427983,2601.216
1901,3.0413928,2604.2576
1902,3.039928,2607.2976
1903,3.0381901,2610.3357
1904,3.036836,2613.3726
1905,3.0356429,2616.4082
1906,3.0347414,2619.4429
1907,3.0356002,2622.4785
1908,3.0372002,2625.5156
1909,3.0399444,2628.5557
1910,3.0407329,2631.5964
1911,3.0422943,2634.6387
1912,3.0428216,2637.6814
1913,3.0438652,2640.7253
1914,3.0434659,2643.7688
1915,3.0422983,2646.811
1916,3.0416064,2649.8525
1917,3.0424738,2652.895
1918,3.0428784,2655.938
1919,3.043044,2658.981
1920,3.0429976,2662.024
1921,3.0423033,2665.0662
1922,3.0407147,2668.107
1923,3.0397527,2671.1467
1924,3.0404286,2674.1873
1925,3.040669,2677.228
1926,3.041192,2680.2693
1927,3.0403585,2683.3096
1928,3.0404735,2686.35
1929,3.0410373,2689.391
1930,3.0423803,2692.4336
1931,3.0444643,2695.478
1932,3.0462096,2698.5242
1933,3.0464609,2701.5706
1934,3.0454974,2704.616
1935,3.0434976,2707.6594
1936,3.0418193,2710.7012
1937,3.0411541,2713.7424
1938,3.0415175,2716.784
1939,3.0405474,2719.8245
1940,3.0378625,2722.8623
1941,3.0349462,2725.8972
1942,3.0327203,2728.93
1943,3.0312316,2731.9612
1944,3.0282953,2734.9895
1945,3.0242562,2738.0137
1946,3.0214736,2741.0352
1947,3.019416,2744.0547
1948,3.0178277,2747.0725
1949,3.0162823,2750.0889
1950,3.0152397,2753.104
1951,3.0130987,2756.1172
1952,3.0137706,2759.1309
1953,3.0159097,2762.1467
1954,3.0184667,2765.1653
1955,3.0199347,2768.1853
1956,3.0205135,2771.2058
1957,3.0229547,2774.2288
1958,3.0244882,2777.2532
1959,3.0244122,2780.2776
1960,3.0224411,2783.3
1961,3.019107,2786.319
1962,3.017779,2789.337
1963,3.0184581,2792.3555
1964,3.0207703,2795.3762
1965,3.0237799,2798.4
1966,3.025539,2801.4255
1967,3.0270998,2804.4526
1968,3.02759,2807.4802
1969,3.0277553,2810.508
1970,3.0260012,2813.5342
1971,3.0241702,2816.5583
1972,3.0220907,2819.5803
1973,3.0178201,2822.5981
1974,3.0148733,2825.613
1975,3.012916,2828.626
1976,3.013317,2831.6394
1977,3.0127175,2834.652
1978,3.012167,2837.6643
1979,3.0117126,2840.676
1980,3.0117717,2843.6877
1981,3.0118458,2846.6997
1982,3.0129857,2849.7126
1983,3.0165265,2852.7292
1984,3.0193715,2855.7485
1985,3.021221,2858.7698
1986,3.0216794,2861.7915
1987,3.020969,2864.8125
1988,3.0214493,2867.834
1989,3.0209885,2870.855
1990,3.0201938,2873.8752
1991,3.0198588,2876.895
1992,3.0206778,2879.9158
1993,3.0221913,2882.938
1994,3.0237207,2885.9617
1995,3.0247252,2888.9863
1996,3.024874,2892.0112
1997,3.026895,2895.038
1998,3.028202,2898.0664
1999,3.0282912,2901.0947
2000,3.026622,2904.1213
2001,3.0238402,2907.1453
2002,3.0225961,2910.168
2003,3.0225441,2913.1904
2004,3.0244925,2916.2148
2005,3.0261214,2919.241
2006,3.0255165,2922.2666
2007,3.0238366,2925.2905
2008,3.0228014,2928.3132
2009,3.0225768,2931.3357
2010,3.0235837,2934.3594
2011,3.0268564,2937.3862
2012,3.0282333,2940.4146
2013,3.0277267,2943.4424
2014,3.0254617,2946.4678
2015,3.0221186,2949.49
2016,3.0187068,2952.5088
2017,3.0151873,2955.524
2018,3.0122204,2958.5361
2019,3.0116413,2961.5479
2020,3.0117676,2964.5596
2021,3.0121796,2967.5718
2022,3.0118134,2970.5835
2023,3.011624,2973.5952
2024,3.0109484,2976.6062
2025,3.0100474,2979.6162
2026,3.009601,2982.6257
2027,3.0100842,2985.6357
2028,3.0114331,2988.6472
2029,3.0120568,2991.6592
2030,3.0127695,2994.6719
2031,3.0130773,2997.685
2032,3.013892,3000.699
2033,3.0141113,3003.7131
2034,3.0133052,3006.7263
2035,3.0121965,3009.7385
2036,3.011645,3012.7502
2037,3.0110476,3015.7612
2038,3.0098379,3018.771
2039,3.0100677,3021.781
2040,3.0100555,3024.791
2041,3.0084484,3027.7996
2042,3.007183,3030.8066
2043,3.0059164,3033.8125
2044,3.0049481,3036.8174
2045,3.004894,3039.8223
2046,3.0056865,3042.828
2047,3.0060909,3045.834
2048,3.0063248,3048.8403
2049,3.0060196,3051.8464
2050,3.0067432,3054.8533
2051,3.0093474,3057.8625
2052,3.0114312,3060.874
2053,3.0124931,3063.8865
2054,3.0124025,3066.899
2055,3.0124798,3069.9114
2056,3.0124285,3072.9238
2057,3.0129662,3075.9368
2058,3.0122607,3078.949
2059,3.010552,3081.9595
2060,3.0070832,3084.9666
2061,3.0037444,3087.9702
2062,3.0022316,3090.9724
2063,3.0009658,3093.9734
2064,3.001875,3096.9753
2065,3.005005,3099.9805
2066,3.0089302,3102.9895
2067,3.013335,3106.003
2068,3.0143874,3109.0173
2069,3.0139923,3112.0312
2070,3.0140698,3115.0454
2071,3.0139973,3118.0593
2072,3.0134468,3121.0728
2073,3.011275,3124.084
2074,3.0095334,3127.0935
2075,3.0082302,3130.1018
2076,3.0064275,3133.1082
2077,3.005041,3136.1133
2078,3.0039897,3139.1172
2079,3.0028565,3142.12
2080,3.0018249,3145.1218
2081,3.0010064,3148.1228
2082,3.0016053,3151.1245
2083,3.0030642,3154.1277
2084,3.0020285,3157.1296
2085,2.9998555,3160.1294
2086,2.9968832,3163.1262
2087,2.994298,3166.1206
2088,2.9919612,3169.1125
2089,2.989887,3172.1025
2090,2.9896555,3175.0923
2091,2.9904623,3178.0828
2092,2.9924448,3181.0752
2093,2.9943423,3184.0696
2094,2.995513,3187.0652
2095,2.996343,3190.0615
2096,2.9959447,3193.0574
2097,2.994057,3196.0515
2098,2.9941442,3199.0457
2099,2.99602,3202.0417
2100,2.9971287,3205.0388
2101,2.9969728,3208.036
2102,2.997559,3211.0334
2103,3.0000582,3214.0334
2104,3.0013092,3217.0347
2105,3.0024338,3220.037
2106,3.0021605,3223.0393
2107,3.003505,3226.0427
2108,3.0041342,3229.0469
2109,3.003806,3232.0508
2110,3.0022337,3235.053
2111,2.999609,3238.0525
2112,2.9970381,3241.0496
2113,2.9950168,3244.0447
2114,2.9938042,3247.0386
2115,2.9934268,3250.032
2116,2.9937193,3253.0256
2117,2.9942753,3256.02
2118,2.9951708,3259.0151
2119,2.9961247,3262.0112
2120,2.9979854,3265.0093
2121,3.0000393,3268.0093
2122,3.0003679,3271.0098
2123,2.9985156,3274.0083
2124,2.995805,3277.0042
2125,2.9934587,3279.9976
2126,2.992915,3282.9905
2127,2.9924152,3285.983
2128,2.9935853,3288.9766
2129,2.994291,3291.971
2130,2.9941366,3294.965
2131,2.994284,3297.9595
2132,2.9944947,3300.9539
2133,2.9942796,3303.9482
2134,2.9934278,3306.9417
2135,2.9931145,3309.9348
2136,2.9923382,3312.9272
2137,2.9921358,3315.9194
2138,2.9926262,3318.912
2139,2.9927695,3321.9048
2140,2.9926214,3324.8975
2141,2.9937053,3327.891
2142,2.9941304,3330.8853
2143,2.9952972,3333.8806
2144,2.994263,3336.875
2145,2.9917235,3339.8667
2146,2.9910173,3342.8577
2147,2.9917822,3345.8494
2148,2.9940643,3348.8435
2149,2.996175,3351.8396
2150,2.9978862,3354.8374
2151,2.9984043,3357.8357
2152,2.9996448,3360.8354
2153,3.0008895,3363.8364
2154,3.0023584,3366.8389
2155,3.0036151,3369.8425
2156,3.0048163,3372.8474
2157,3.0058653,3375.8533
2158,3.0055003,3378.859
2159,3.005344,3381.8643
2160,3.005282,3384.8696
2161,3.0066836,3387.8762
2162,3.0082185,3390.8845
2163,3.0101702,3393.8948
2164,3.011462,3396.9062
2165,3.0105774,3399.9167
2166,3.0105453,3402.9272
2167,3.011682,3405.939
2168,3.0123663,3408.9514
2169,3.0128593,3411.9644
2170,3.0125127,3414.9768
2171,3.0110867,3417.9878
2172,3.0108645,3420.9988
2173,3.0119424,3424.0107
2174,3.0145679,3427.0254
2175,3.0175526,3430.043
2176,3.0195355,3433.0625
2177,3.0194767,3436.082
2178,3.019442,3439.1016
2179,3.019711,3442.1213
2180,3.019964,3445.1414
2181,3.020481,3448.1619
2182,3.0194676,3451.1814
2183,3.0168278,3454.1982
2184,3.0141644,3457.2124
2185,3.0117297,3460.224
2186,3.0086367,3463.2327
2187,3.004349,3466.237
2188,3.0005834,3469.2375
2189,2.996893,3472.2344
2190,2.9954958,3475.23
2191,2.9944801,3478.2244
2192,2.995062,3481.2195
2193,2.9948006,3484.2144
2194,2.9950037,3487.2095
2195,2.9951108,3490.2046
2196,2.9967902,3493.2014
2197,2.998654,3496.2
2198,3.0003283,3499.2002
2199,3.0002334,3502.2004
2200,2.999831,3505.2002
2201,2.999684,3508.2
2202,3.0014627,3511.2014
2203,3.0061114,3514.2075
2204,3.0074828,3517.215
2205,3.007113,3520.2222
2206,3.0054498,3523.2275
2207,3.004056,3526.2317
2208,3.00314,3529.2349
2209,3.0033703,3532.2383
2210,3.004547,3535.243
2211,3.0072322,3538.2502
2212,3.0062847,3541.2566
2213,3.0039318,3544.2605
2214,3.0032187,3547.2637
2215,3.0026026,3550.2664
2216,3.0019095,3553.2683
2217,3.0003116,3556.2686
2218,2.999746,3559.2683
2219,2.998229,3562.2666
2220,2.9957614,3565.2625
2221,2.9934833,3568.2559
2222,2.992737,3571.2485
2223,2.9941928,3574.2427
2224,2.9949536,3577.2375
2225,2.9951622,3580.2327
2226,2.9953713,3583.228
2227,2.9958534,3586.2239
2228,2.997818,3589.2217
2229,3.0012064,3592.223
2230,3.0046926,3595.2275
2231,3.0086195,3598.236
2232,3.01037,3601.2463
2233,3.0114563,3604.2578
2234,3.010774,3607.2686
2235,3.0097852,3610.2783
2236,3.009333,3613.2876
2237,3.0089269,3616.2966
2238,3.0085886,3619.3052
2239,3.0082698,3622.3135
2240,3.0076625,3625.321
2241,3.0068939,3628.328
2242,3.0070846,3631.335
2243,3.0078597,3634.3428
2244,3.0086367,3637.3513
2245,3.008836,3640.36
2246,3.0081825,3643.3684
2247,3.0067654,3646.3752
2248,3.00634,3649.3816
2249,3.005549,3652.3872
2250,3.0054173,3655.3926
2251,3.006195,3658.3987
2252,3.006917,3661.4055
2253,3.0065734,3664.412
2254,3.006904,3667.419
2255,3.0078607,3670.4268
2256,3.0090606,3673.4358
2257,3.0091949,3676.445
2258,3.0091307,3679.454
2259,3.0083413,3682.4624
2260,3.0084987,3685.471
2261,3.0090265,3688.48
2262,3.0105276,3691.4905
2263,3.0130565,3694.5034
2264,3.014211,3697.5176
2265,3.0167227,3700.5342
2266,3.0188642,3703.553
2267,3.020724,3706.5737
2268,3.0210836,3709.5947
2269,3.0216038,3712.6162
2270,3.0220273,3715.6382
2271,3.0219917,3718.6602
2272,3.0210137,3721.6812
2273,3.01888,3724.7
2274,3.016884,3727.7168
2275,3.0150027,3730.7317
2276,3.013833,3733.7456
2277,3.0121262,3736.7578
2278,3.0101156,3739.7678
2279,3.008617,3742.7764
2280,3.008041,3745.7844
2281,3.009226,3748.7937
2282,3.0127468,3751.8064
2283,3.0177069,3754.8242
2284,3.0203674,3757.8445
2285,3.02197,3760.8665
2286,3.0211935,3763.8877
2287,3.0210924,3766.9087
2288,3.0211003,3769.9297
2289,3.022843,3772.9526
2290,3.0229113,3775.9756
2291,3.0217931,3778.9973
2292,3.0194185,3782.0168
2293,3.0164952,3785.0334
2294,3.0152194,3788.0486
2295,3.015049,3791.0637
2296,3.015061,3794.0789
2297,3.0148458,3797.0938
2298,3.015257,3800.109
2299,3.014966,3803.1238
2300,3.0144482,3806.1382
2301,3.0130098,3809.1511
2302,3.0132725,3812.1643
2303,3.0133107,3815.1777
2304,3.0142243,3818.192
2305,3.0167694,3821.2087
2306,3.0188553,3824.2275
2307,3.0191104,3827.2466
2308,3.0188055,3830.2654
2309,3.0203557,3833.2856
2310,3.0215547,3836.3071
2311,3.0226626,3839.3298
2312,3.0236645,3842.3535
2313,3.022021,3845.3755
2314,3.0197499,3848.3953
2315,3.0177667,3851.413
2316,3.0156384,3854.4287
2317,3.0133498,3857.4421
2318,3.011242,3860.4534
2319,3.0084286,3863.462
2320,3.0069292,3866.4688
2321,3.007188,3869.4758
2322,3.0081172,3872.484
2323,3.0097528,3875.4937
2324,3.0114849,3878.5051
2325,3.0135717,3881.5188
2326,3.0158386,3884.5347
2327,3.017987,3887.5527
2328,3.019529,3890.5723
2329,3.0202346,3893.5925
2330,3.020451,3896.613
2331,3.0189376,3899.632
2332,3.0178137,3902.65
2333,3.017278,3905.6672
2334,3.0162315,3908.6833
2335,3.0163546,3911.6997
2336,3.0162494,3914.716
2337,3.0168014,3917.733
2338,3.0178142,3920.7507
2339,3.0192168,3923.77
2340,3.0199792,3926.79
2341,3.0197244,3929.8098
2342,3.0181158,3932.828
2343,3.0151718,3935.843
2344,3.0129418,3938.856
2345,3.0104952,3941.8665
2346,3.008503,3944.875
2347,3.006841,3947.8818
2348,3.0071352,3950.889
2349,3.0076876,3953.8965
2350,3.007923,3956.9043
2351,3.0087252,3959.913
2352,3.0093637,3962.9224
2353,3.010458,3965.9329
2354,3.009645,3968.9426
2355,3.007759,3971.9504
2356,3.0065444,3974.957
2357,3.0052762,3977.9624
2358,3.0033813,3980.9658
2359,3.0024974,3983.9683
2360,3.0022182,3986.9705
2361,3.00236,3989.973
2362,3.001848,3992.9749
2363,3.0009434,3995.9758
2364,3.001031,3998.9768
2365,3.002095,4001.979
2366,3.0017488,4004.9807
2367,3.0016296,4007.9824
2368,3.0023458,4010.9849
2369,3.002599,4013.9875
2370,3.0022957,4016.9897
2371,3.0014462,4019.9912
2372,3.0026443,4022.994
2373,3.0056777,4025.9995
2374,3.00773,4029.0073
2375,3.0083733,4032.0156
2376,3.0076747,4035.0232
2377,3.0059602,4038.029
2378,3.0052288,4041.0342
2379,3.0054681,4044.0396
2380,3.006772,4047.0464
2381,3.0075371,4050.054
2382,3.0077245,4053.0618
2383,3.0059693,4056.0676
2384,3.004292,4059.072
2385,3.0047405,4062.0767
2386,3.0052063,4065.0818
2387,3.0068004,4068.0886
2388,3.0073233,4071.096
2389,3.006943,4074.1028
2390,3.0062115,4077.109
2391,3.0057073,4080.1145
2392,3.0044594,4083.119
2393,3.003019,4086.1218
2394,3.0017571,4089.1235
2395,3.002196,4092.1257
2396,3.0024571,4095.1282
2397,3.0039122,4098.1323
2398,3.0056224,4101.138
2399,3.0073519,4104.1455
2400,3.009819,4107.1553
2401,3.0117917,4110.167
2402,3.0127046,4113.1797
2403,3.0121796,4116.192
2404,3.0126073,4119.2046
2405,3.0145922,4122.219
2406,3.0157368,4125.235
2407,3.0146022,4128.2495
2408,3.0120423,4131.2617
2409,3.0116415,4134.2734
2410,3.013546,4137.287
2411,3.015455,4140.3027
2412,3.0170238,4143.32
2413,3.0182009,4146.338
2414,3.0199184,4149.358
2415,3.0223525,4152.3804
2416,3.02394,4155.4043
2417,3.0235653,4158.4277
2418,3.022675,4161.45
2419,3.0230052,4164.473
2420,3.0240397,4167.497
2421,3.0239208,4170.521
2422,3.0226517,4173.5435
2423,3.0219355,4176.5654
2424,3.021705,4179.587
2425,3.0210695,4182.608
2426,3.0216122,4185.6294
2427,3.0223467,4188.652
2428,3.0228264,4191.675
2429,3.0222332,4194.6973
2430,3.021732,4197.719
2431,3.020629,4200.7397
2432,3.0196278,4203.7593
2433,3.017748,4206.777
2434,3.0157213,4209.7925
2435,3.013522,4212.806
2436,3.01235,4215.8184
2437,3.012185,4218.8306
2438,3.012156,4221.843
2439,3.0118475,4224.8545
2440,3.0107794,4227.865
2441,3.0109262,4230.876
2442,3.0118084,4233.8877
2443,3.0125084,4236.9004
2444,3.0133045,4239.9136
2445,3.0151093,4242.9287
2446,3.0165524,4245.9453
2447,3.0164545,4248.962
2448,3.0161812,4251.978
2449,3.0162196,4254.994
2450,3.0164702,4258.0107
2451,3.0170367,4261.028
2452,3.0165033,4264.0444
2453,3.0151663,4267.0596
2454,3.0146763,4270.074
2455,3.016264,4273.0903
2456,3.0185726,4276.109
2457,3.0210223,4279.13
2458,3.0229323,4282.153
2459,3.0239758,4285.177
2460,3.0253754,4288.202
2461,3.0275283,4291.2295
2462,3.0287335,4294.2583
2463,3.0300982,4297.2886
2464,3.0305538,4300.3193
2465,3.030028,4303.349
2466,3.03083,4306.38
2467,3.0314791,4309.411
2468,3.031989,4312.4434
2469,3.0325494,4315.476
2470,3.033231,4318.5093
2471,3.033959,4321.5435
2472,3.0339446,4324.5776
2473,3.0339913,4327.612
2474,3.0337636,4330.6455
2475,3.0336506,4333.679
2476,3.033524,4336.713
2477,3.0334594,4339.7466
2478,3.031719,4342.7783
2479,3.0289025,4345.807
2480,3.026179,4348.8335
2481,3.0236473,4351.857
2482,3.021635,4354.8784
2483,3.0197732,4357.898
2484,3.0180993,4360.916
2485,3.0173225,4363.933
2486,3.0159264,4366.949
2487,3.0164382,4369.966
2488,3.0185916,4372.9844
2489,3.0208008,4376.0054
2490,3.0212677,4379.027
2491,3.0194335,4382.0464
2492,3.0173755,4385.064
2493,3.0171163,4388.081
2494,3.0182168,4391.099
2495,3.0193856,4394.1187
2496,3.0214496,4397.14
2497,3.024885,4400.165
2498,3.0271225,4403.1924
2499,3.0280447,4406.22
2500,3.027781,4409.248
2501,3.026669,4412.275
2502,3.0269547,4415.302
2503,3.0270834,4418.3286
2504,3.027733,4421.3564
2505,3.027807,4424.3843
2506,3.0266902,4427.411
2507,3.0251536,4430.4365
2508,3.024218,4433.461
2509,3.0222893,4436.4834
2510,3.0224338,4439.506
2511,3.0211961,4442.527
2512,3.0202277,4445.547
2513,3.0193362,4448.5664
2514,3.0180724,4451.5845
2515,3.0172482,4454.6016
2516,3.0160549,4457.6177
2517,3.0145466,4460.6323
2518,3.011595,4463.644
2519,3.0071127,4466.6514
2520,3.005444,4469.6567
2521,3.0046988,4472.6616
2522,3.003946,4475.6655
2523,3.001789,4478.6675
2524,2.9999487,4481.6675
2525,2.998361,4484.666
2526,2.9967542,4487.6626
2527,2.9955828,4490.658
2528,2.9961674,4493.6543
2529,2.9988446,4496.6533
2530,3.0020268,4499.6553
2531,3.0046396,4502.66
2532,3.0061986,4505.6665
2533,3.0072427,4508.674
2534,3.0081608,4511.682
2535,3.0102367,4514.6924
2536,3.0113938,4517.7036
2537,3.0114768,4520.7153
2538,3.0115213,4523.727
2539,3.0120635,4526.7393
2540,3.0132098,4529.7524
2541,3.0135355,4532.766
2542,3.0128667,4535.779
2543,3.0109277,4538.7896
2544,3.0099292,4541.7993
2545,3.008522,4544.8076
2546,3.0081105,4547.816
2547,3.007611,4550.8237
2548,3.0081248,4553.832
2549,3.0089679,4556.841
2550,3.0102465,4559.851
2551,3.0117307,4562.863
2552,3.012447,4565.875
2553,3.0128002,4568.8877
2554,3.0140965,4571.902
2555,3.015686,4574.9175
2556,3.0166342,4577.934
2557,3.0179567,4580.952
2558,3.0181286,4583.97
2559,3.018188,4586.9883
2560,3.018868,4590.0073
2561,3.0198693,4593.0273
2562,3.0201988,4596.0474
2563,3.0198987,4599.0674
2564,3.0206277,4602.088
2565,3.0211055,4605.109
2566,3.0214748,4608.1304
2567,3.0221045,4611.1523
2568,3.0235322,4614.176
2569,3.0248752,4617.2007
2570,3.02609,4620.2266
2571,3.027061,4623.2534
2572,3.0275416,4626.281
2573,3.0282745,4629.309
2574,3.0293992,4632.3384
2575,3.0295544,4635.368
2576,3.0305014,4638.3984
2577,3.0316155,4641.43
2578,3.031955,4644.462
2579,3.0327914,4647.4946
2580,3.0339234,4650.5283
2581,3.0362377,4653.5645
2582,3.0357733,4656.6
2583,3.0350156,4659.6353
2584,3.033541,4662.669
2585,3.0337615,4665.7026
2586,3.0340285,4668.737
2587,3.0345814,4671.7715
2588,3.0344522,4674.806
2589,3.033429,4677.8394
2590,3.0329375,4680.872
2591,3.0327213,4683.905
2592,3.0326467,4686.9375
2593,3.033446,4689.9707
2594,3.0343108,4693.005
2595,3.0352407,4696.04
2596,3.0349612,4699.075
2597,3.0338843,4702.109
2598,3.0325806,4705.1416
2599,3.0309691,4708.1724
2600,3.0294237,4711.2017
2601,3.0288892,4714.2305
2602,3.0282457,4717.259
2603,3.027198,4720.286
2604,3.02608,4723.312
2605,3.0258224,4726.338
2606,3.0284233,4729.366
2607,3.0312455,4732.3975
2608,3.0320241,4735.4297
2609,3.0319912,4738.462
2610,3.031219,4741.493
2611,3.0297632,4744.523
2612,3.0292275,4747.5522
2613,3.0296164,4750.582
2614,3.0294342,4753.6113
2615,3.028705,4756.64
2616,3.0280733,4759.668
2617,3.027627,4762.696
2618,3.0268536,4765.7227
2619,3.0275986,4768.7505
2620,3.0278842,4771.7783
2621,3.0282998,4774.8066
2622,3.0281658,4777.835
2623,3.028388,4780.8633
2624,3.0279732,4783.891
2625,3.0278864,4786.919
2626,3.0280197,4789.947
2627,3.0274947,4792.974
2628,3.027572,4796.0015
2629,3.0279555,4799.0293
2630,3.029121,4802.0586
2631,3.029897,4805.0884
2632,3.0298817,4808.118
2633,3.029279,4811.1475
2634,3.028328,4814.176
2635,3.0293486,4817.205
2636,3.0293617,4820.2344
2637,3.0289364,4823.263
2638,3.0285738,4826.292
2639,3.0290518,4829.321
2640,3.0299158,4832.3506
2641,3.0303655,4835.381
2642,3.0291598,4838.41
2643,3.0272691,4841.4375
2644,3.026286,4844.464
2645,3.0268598,4847.4907
2646,3.028582,4850.5195
2647,3.02977,4853.5493
2648,3.030582,4856.58
2649,3.030086,4859.6104
2650,3.0295033,4862.6396
2651,3.02835,4865.668
2652,3.0279324,4868.696
2653,3.0273461,4871.723
2654,3.0261867,4874.7495
2655,3.025058,4877.7744
2656,3.0242789,4880.799
2657,3.0244815,4883.823
2658,3.02479,4886.848
2659,3.0240772,4889.872
2660,3.0239253,4892.896
2661,3.025294,4895.9214
2662,3.0247982,4898.9463
2663,3.0235665,4901.9697
2664,3.0218446,4904.9917
2665,3.0195153,4908.011
2666,3.0187163,4911.03
2667,3.0192535,4914.049
2668,3.0202985,4917.0693
2669,3.020812,4920.0903
2670,3.0213037,4923.112
2671,3.02114,4926.133
2672,3.0212893,4929.1543
2673,3.021344,4932.176
2674,3.020532,4935.1963
2675,3.0188305,4938.2153
2676,3.0176067,4941.233
2677,3.0166025,4944.2495
2678,3.0119693,4947.2617
2679,3.003077,4950.2646
2680,2.9922109,4953.257
2681,2.9839642,4956.2407
2682,2.9757297,4959.2163
2683,2.969825,4962.186
2684,2.9623744,4965.1484
2685,2.9576092,4968.106
2686,2.9508252,4971.0566
2687,2.946925,4974.0034
2688,2.93958,4976.943
2689,2.9338078,4979.8765
2690,2.9296107,4982.806
2691,2.9280016,4985.7344
2692,2.925556,4988.66
2693,2.9240198,4991.584
2694,2.9209902,4994.505
2695,2.917075,4997.422
2696,2.9136257,5000.3354
2697,2.9112482,5003.2466
2698,2.91097,5006.1577
2699,2.911679,5009.0693
2700,2.9131312,5011.9824
2701,2.9141629,5014.8965
2702,2.9163454,5017.813
2703,2.9190984,5020.732
2704,2.9232237,5023.6553
2705,2.9272158,5026.5825
2706,2.9308136,5029.513
2707,2.9331918,5032.4463
2708,2.9359167,5035.3823
2709,2.9386547,5038.321
2710,2.941605,5041.262
2711,2.9447808,5044.207
2712,2.949878,5047.1567
2713,2.9552016,5050.112
2714,2.9609454,5053.0728
2715,2.9642155,5056.037
2716,2.9682324,5059.0054
2717,2.9700563,5061.9756
2718,2.9732502,5064.9487
2719,2.9764187,5067.9253
2720,2.9798312,5070.9053
2721,2.9837575,5073.889
2722,2.9887593,5076.878
2723,2.9932961,5079.871
2724,2.9974346,5082.8687
2725,3.0018392,5085.8706
2726,3.005614,5088.876
2727,3.0101843,5091.886
2728,3.0147316,5094.901
2729,3.0227544,5097.924
2730,3.0284967,5100.952
2731,3.0367212,5103.989
2732,3.0416415,5107.0303
2733,3.047087,5110.077
2734,3.0513403,5113.1284
2735,3.0577395,5116.186
2736,3.0632079,5119.249
2737,3.0697641,5122.319
2738,3.0743704,5125.393
2739,3.0796602,5128.4727
2740,3.0846562,5131.557
2741,3.0913613,5134.6484
2742,3.0969687,5137.7456
2743,3.1032019,5140.8486
2744,3.106945,5143.9556
2745,3.1115494,5147.067
2746,3.1158688,5150.1826
2747,3.1207156,5153.303
2748,3.123106,5156.4263
2749,3.1244135,5159.551
2750,3.1254075,5162.6763
2751,3.1262627,5165.8027
2752,3.1263483,5168.929
2753,3.1250813,5172.054
2754,3.1240582,5175.178
2755,3.1209335,5178.2993
2756,3.120794,5181.42
2757,3.1212113,5184.541
2758,3.1208367,5187.6616
2759,3.1226904,5190.784
2760,3.1275845,5193.9116
2761,3.1344926,5197.046
2762,3.1430166,5200.189
2763,3.1504204,5203.3394
2764,3.156054,5206.4956
2765,3.1592083,5209.655
2766,3.1620264,5212.817
2767,3.1675167,5215.9844
2768,3.1721563,5219.1567
2769,3.1746936,5222.3315
2770,3.1744113,5225.506
2771,3.1737227,5228.6797
2772,3.178043,5231.858
2773,3.1834579,5235.0415
2774,3.188463,5238.23
2775,3.1964288,5241.4263
2776,3.204373,5244.631
2777,3.2114873,5247.8423
2778,3.215082,5251.057
2779,3.2195556,5254.277
2780,3.2219086,5257.4985
2781,3.224066,5260.7227
2782,3.224945,5263.9478
2783,3.2235568,5267.1714
2784,3.2221532,5270.3936
2785,3.2192607,5273.613
2786,3.217837,5276.8306
2787,3.2167103,5280.0474
2788,3.2150629,5283.262
2789,3.2100873,5286.472
2790,3.2064013,5289.6787
2791,3.204115,5292.883
2792,3.2036793,5296.0864
2793,3.2006776,5299.287
2794,3.1948504,5302.482
2795,3.1882832,5305.6704
2796,3.1846364,5308.855
2797,3.1827729,5312.0376
2798,3.1834004,5315.221
2799,3.1847873,5318.406
2800,3.1829586,5321.589
2801,3.1778977,5324.7666
2802,3.1702597,5327.937
2803,3.1613207,5331.098
2804,3.1570685,5334.2554
2805,3.1562526,5337.4116
2806,3.1567187,5340.5684
2807,3.1560335,5343.7246
2808,3.1519332,5346.8765
2809,3.1447525,5350.021
2810,3.1366885,5353.1577
2811,3.1275964,5356.285
2812,3.1246448,5359.4097
2813,3.1223335,5362.532
2814,3.1198463,5365.652
2815,3.1163986,5368.768
2816,3.1158879,5371.884
2817,3.1169717,5375.001
2818,3.1175473,5378.1187
2819,3.1155133,5381.2344
2820,3.1124518,5384.3467
2821,3.1093316,5387.456
2822,3.1071205,5390.563
2823,3.1055179,5393.6685
2824,3.1065383,5396.775
2825,3.1089022,5399.884
2826,3.1125581,5402.9966
2827,3.1149144,5406.1113
2828,3.1157176,5409.227
2829,3.1136696,5412.341
2830,3.1118312,5415.4526
2831,3.1103206,5418.563
2832,3.1092422,5421.6724
2833,3.1065373,5424.779
2834,3.103459,5427.8823
2835,3.0983222,5430.9805
2836,3.0947967,5434.075
2837,3.0922976,5437.1675
2838,3.0921493,5440.26
2839,3.0932083,5443.353
2840,3.0941951,5446.4473
2841,3.0941346,5449.5415
2842,3.093528,5452.6353
2843,3.094229,5455.7295
2844,3.094744,5458.824
2845,3.0945714,5461.919
2846,3.0950189,5465.014
2847,3.0963912,5468.1104
2848,3.098908,5471.2095
2849,3.1017132,5474.311
2850,3.103386,5477.4146
2851,3.1038487,5480.5186
2852,3.1026318,5483.621
2853,3.0993907,5486.7207
2854,3.0947413,5489.8154
2855,3.089428,5492.905
2856,3.0843148,5495.9893
2857,3.0783334,5499.0674
2858,3.0755792,5502.143
2859,3.0715086,5505.2144
2860,3.0691524,5508.2837
2861,3.0663393,5511.35
2862,3.0614154,5514.4116
2863,3.057275,5517.4688
2864,3.053564,5520.5225
2865,3.05103,5523.5737
2866,3.0505688,5526.6245
2867,3.0501873,5529.675
2868,3.0492642,5532.724
2869,3.0468276,5535.771
2870,3.0456417,5538.8164
2871,3.044594,5541.861
2872,3.0435958,5544.9043
2873,3.042087,5547.9463
2874,3.039973,5550.9863
2875,3.0362408,5554.0225
2876,3.0316763,5557.054
2877,3.0279164,5560.082
2878,3.024305,5563.1064
2879,3.020754,5566.1274
2880,3.0168328,5569.144
2881,3.012592,5572.1567
2882,3.0081944,5575.165
2883,3.0010324,5578.166
2884,2.994365,5581.16
2885,2.9906855,5584.151
2886,2.989854,5587.1406
2887,2.9893854,5590.13
2888,2.985998,5593.1157
2889,2.9822001,5596.098
2890,2.9802117,5599.078
2891,2.9773717,5602.0557
2892,2.9745739,5605.0303
2893,2.9712396,5608.0015
2894,2.9679744,5610.969
2895,2.9641964,5613.9336
2896,2.963172,5616.897
2897,2.9622576,5619.8594
2898,2.9621913,5622.822
2899,2.9617136,5625.7837
2900,2.9612215,5628.745
2901,2.9613152,5631.7065
2902,2.9614184,5634.668
2903,2.962023,5637.63
2904,2.9621675,5640.5923
2905,2.9600976,5643.5522
2906,2.954574,5646.507
2907,2.9476209,5649.4546
2908,2.942574,5652.397
2909,2.9392571,5655.3364
2910,2.9393272,5658.276
2911,2.9388645,5661.215
2912,2.9394565,5664.1543
2913,2.9404593,5667.0947
2914,2.9432852,5670.038
2915,2.9474173,5672.9854
2916,2.9505117,5675.936
2917,2.9531245,5678.889
2918,2.9526024,5681.842
2919,2.9503067,5684.792
2920,2.9483736,5687.74
2921,2.941813,5690.682
2922,2.932506,5693.6147
2923,2.924026,5696.5386
2924,2.9133608,5699.452
2925,2.9009924,5702.353
2926,2.8865118,5705.2397
2927,2.873527,5708.1133
2928,2.861639,5710.975
2929,2.8524947,5713.8276
2930,2.8408148,5716.6685
2931,2.8285806,5719.497
2932,2.8157997,5722.313
2933,2.807222,5725.12
2934,2.8029842,5727.9233
2935,2.8018932,5730.725
2936,2.8003535,5733.5254
2937,2.7977746,5736.323
2938,2.7955956,5739.1187
2939,2.7933116,5741.912
2940,2.7921045,5744.704
2941,2.7905388,5747.4946
2942,2.7904706,5750.285
2943,2.791938,5753.077
2944,2.7959728,5755.873
2945,2.7995684,5758.673
2946,2.8012564,5761.474
2947,2.8011568,5764.2754
2948,2.801936,5767.077
2949,2.8055017,5769.883
2950,2.8096192,5772.6924
2951,2.812985,5775.5054
2952,2.815143,5778.3203
2953,2.8158386,5781.136
2954,2.8166234,5783.9526
2955,2.8168383,5786.7695
2956,2.8201427,5789.59
2957,2.824615,5792.4146
2958,2.8314552,5795.246
2959,2.8359354,5798.082
2960,2.83838,5800.9204
2961,2.8416452,5803.762
2962,2.844804,5806.607
2963,2.8466237,5809.4536
2964,2.8459265,5812.2993
2965,2.8446093,5815.144
2966,2.8454015,5817.9893
2967,2.8465424,5820.836
2968,2.8473084,5823.683
2969,2.846814,5826.53
2970,2.8480496,5829.378
2971,2.8487613,5832.2266
2972,2.849804,5835.076
2973,2.8517065,5837.9277
2974,2.853171,5840.781
2975,2.8561318,5843.6367
2976,2.8591232,5846.4956
2977,2.8637745,5849.3594
2978,2.866754,5852.226
2979,2.8686035,5855.0947
2980,2.8707929,5857.9653
2981,2.8753839,5860.841
2982,2.8796582,5863.7207
2983,2.8836553,5866.6045
2984,2.8880959,5869.4927
2985,2.8926396,5872.3853
2986,2.8956661,5875.281
2987,2.8941762,5878.175
2988,2.891087,5881.066
2989,2.8891149,5883.955
2990,2.8864598,5886.8413
2991,2.886619,5889.728
2992,2.8860495,5892.6143
2993,2.88817,5895.5024
2994,2.8883693,5898.3906
2995,2.889623,5901.2803
2996,2.885495,5904.1655
2997,2.8802562,5907.046
2998,2.876133,5909.922
2999,2.872766,5912.7944
3000,2.8701751,5915.6646
3001,2.8697076,5918.534
3002,2.8692477,5921.4033
3003,2.8693678,5924.2725
3004,2.8691568,5927.1416
3005,2.8691049,5930.0107
3006,2.8706543,5932.8813
3007,2.8724358,5935.754
3008,2.874873,5938.629
3009,2.8740153,5941.503
3010,2.8728108,5944.376
3011,2.8713443,5947.2476
3012,2.8702605,5950.1177
3013,2.867928,5952.986
3014,2.8686688,5955.8545
3015,2.8709884,5958.7256
3016,2.8737633,5961.599
3017,2.8759575,5964.475
3018,2.8769717,5967.352
3019,2.8760138,5970.228
3020,2.8741024,5973.102
3021,2.8702,5975.972
3022,2.868713,5978.841
3023,2.8677287,5981.7085
3024,2.8683124,5984.5767
3025,2.8671496,5987.444
3026,2.8656652,5990.3096
3027,2.8646576,5993.1743
3028,2.864974,5996.039
3029,2.8631754,5998.9023
3030,2.8627422,6001.765
3031,2.862679,6004.628
3032,2.8633318,6007.491
3033,2.8655994,6010.357
3034,2.8654344,6013.222
3035,2.8630311,6016.085
3036,2.861776,6018.947
3037,2.861672,6021.8086
3038,2.862832,6024.6714
3039,2.8639495,6027.535
3040,2.870345,6030.4053
3041,2.8818808,6033.287
3042,2.896128,6036.183
3043,2.9047356,6039.088
3044,2.9125671,6042.0005
3045,2.9173086,6044.918
3046,2.9243004,6047.8423
3047,2.9304006,6050.7725
3048,2.9349673,6053.7075
3049,2.9357889,6056.643
3050,2.9384694,6059.5815
3051,2.9431183,6062.525
3052,2.9478664,6065.4727
3053,2.9469202,6068.4194
3054,2.947244,6071.3667
3055,2.9492862,6074.316
3056,2.9510791,6077.267
3057,2.9529445,6080.22
3058,2.9519968,6083.1724
3059,2.952289,6086.1245
3060,2.9519331,6089.0767
3061,2.9513261,6092.028
3062,2.950805,6094.9785
3063,2.9500394,6097.9287
3064,2.9478858,6100.8765
3065,2.944117,6103.821
3066,2.9415643,6106.762
3067,2.9406915,6109.703
3068,2.9393084,6112.6426
3069,2.9378417,6115.5806
3070,2.9353023,6118.5156
3071,2.9315867,6121.4473
3072,2.9275079,6124.375
3073,2.9213402,6127.2964
3074,2.916439,6130.213
3075,2.9150157,6133.128
3076,2.9152412,6136.043
3077,2.9153235,6138.9585
3078,2.9160924,6141.8745
3079,2.9157596,6144.79
3080,2.912228,6147.702
3081,2.9083822,6150.6104
3082,2.9045148,6153.5146
3083,2.901264,6156.416
3084,2.8979158,6159.314
3085,2.8949296,6162.209
3086,2.8935268,6165.1025
3087,2.8919744,6167.9946
3088,2.890244,6170.885
3089,2.8851607,6173.77
3090,2.87439,6176.6445
3091,2.8607495,6179.5054
3092,2.848987,6182.3545
3093,2.8363144,6185.191
3094,2.8252404,6188.016
3095,2.8172774,6190.8335
3096,2.8120992,6193.6455
3097,2.806464,6196.452
3098,2.7975209,6199.2495
3099,2.7878914,6202.0376
3100,2.7762718,6204.814
3101,2.762627,6207.5767
3102,2.7543488,6210.331
3103,2.7464075,6213.0776
3104,2.7389717,6215.8164
3105,2.727936,6218.5444
3106,2.7186358,6221.263
3107,2.7069788,6223.97
3108,2.7007027,6226.671
3109,2.6940203,6229.3647
3110,2.6901064,6232.0547
3111,2.68769,6234.742
3112,2.6808832,6237.423
3113,2.6689916,6240.092
3114,2.655156,6242.747
3115,2.6419396,6245.389
3116,2.631881,6248.021
3117,2.6243255,6250.6455
3118,2.6177523,6253.263
3119,2.6126256,6255.876
3120,2.6025825,6258.4785
3121,2.5897498,6261.0684
3122,2.5783517,6263.6465
3123,2.566247,6266.213
3124,2.5596952,6268.7725
3125,2.5541878,6271.3267
3126,2.5524883,6273.879
3127,2.548767,6276.4277
3128,2.5444086,6278.972
3129,2.5392935,6281.511
3130,2.5385857,6284.05
3131,2.5402784,6286.59
3132,2.5411682,6289.131
3133,2.5427864,6291.674
3134,2.54133,6294.2153
3135,2.5400467,6296.7554
3136,2.5388634,6299.2944
3137,2.5381393,6301.8325
3138,2.5380778,6304.3706
3139,2.5390067,6306.9097
3140,2.538863,6309.4487
3141,2.539516,6311.9883
3142,2.5387714,6314.527
3143,2.5382771,6317.065
3144,2.5388346,6319.604
3145,2.5392098,6322.143
3146,2.5388887,6324.682
3147,2.537996,6327.22
3148,2.5388982,6329.7593
3149,2.540985,6332.3003
3150,2.5425289,6334.843
3151,2.5460918,6337.3887
3152,2.5463061,6339.935
3153,2.5477192,6342.483
3154,2.5482867,6345.0312
3155,2.5501392,6347.5815
3156,2.5528426,6350.1343
3157,2.5565543,6352.691
3158,2.5580666,6355.249
3159,2.5573933,6357.8066
3160,2.5518956,6360.3584
3161,2.5420737,6362.9004
3162,2.5320888,6365.4326
3163,2.5246136,6367.957
3164,2.5220325,6370.479
3165,2.521721,6373.0005
3166,2.5220857,6375.5225
3167,2.5228977,6378.0454
3168,2.5214381,6380.567
3169,2.5211785,6383.088
3170,2.521456,6385.6094
3171,2.5220733,6388.1313
3172,2.5225594,6390.654
3173,2.5237029,6393.1777
3174,2.5260563,6395.7036
3175,2.5296102,6398.2334
3176,2.5321155,6400.7656
3177,2.5340602,6403.3
3178,2.5373676,6405.8374
3179,2.541726,6408.379
3180,2.5446851,6410.924
3181,2.5480528,6413.4717
3182,2.5506227,6416.0225
3183,2.5546854,6418.577
3184,2.5565603,6421.134
3185,2.5561523,6423.69
3186,2.5556543,6426.2456
3187,2.5551102,6428.801
3188,2.5529933,6431.354
3189,2.5526385,6433.9067
3190,2.5534987,6436.4604
3191,2.5566266,6439.017
3192,2.5576444,6441.5747
3193,2.5571666,6444.132
3194,2.5562668,6446.688
3195,2.555877,6449.2437
3196,2.5582387,6451.802
3197,2.5586991,6454.3604
3198,2.5556433,6456.916
3199,2.5531523,6459.469
3200,2.5521867,6462.0215
3201,2.5510623,6464.5728
3202,2.5514107,6467.124
3203,2.5514581,6469.6753
3204,2.5530586,6472.2285
3205,2.5579307,6474.7866
3206,2.5626147,6477.349
3207,2.5660994,6479.915
3208,2.5629816,6482.478
3209,2.5569685,6485.035
3210,2.5495784,6487.585
3211,2.543972,6490.129
3212,2.5448043,6492.674
3213,2.5485506,6495.222
3214,2.5487425,6497.771
3215,2.5482237,6500.3193
3216,2.5481265,6502.8677
3217,2.547446,6505.415
3218,2.5461414,6507.961
3219,2.546557,6510.5073
3220,2.5477452,6513.055
3221,2.5497577,6515.605
3222,2.5507693,6518.156
3223,2.5506766,6520.7065
3224,2.5515747,6523.2583
3225,2.5513208,6525.8096
3226,2.550611,6528.3604
3227,2.551475,6530.9116
3228,2.552932,6533.4644
3229,2.5537367,6536.018
3230,2.5549216,6538.5728
3231,2.5566385,6541.1294
3232,2.5579455,6543.6875
3233,2.55847,6546.246
3234,2.5597057,6548.8057
3235,2.5625968,6551.368
3236,2.5664454,6553.9346
3237,2.5729048,6556.5073
3238,2.5811162,6559.0884
3239,2.59119,6561.6797
3240,2.596567,6564.2764
3241,2.6005015,6566.877
3242,2.6029131,6569.48
3243,2.6025915,6572.0825
3244,2.6025229,6574.685
3245,2.6028383,6577.288
3246,2.6054592,6579.8936
3247,2.610819,6582.5044
3248,2.6145225,6585.119
3249,2.6185403,6587.738
3250,2.622167,6590.36
3251,2.626661,6592.9863
3252,2.630937,6595.617
3253,2.6341019,6598.2515
3254,2.6355343,6600.887
3255,2.6373196,6603.5244
3256,2.640615,6606.165
3257,2.64455,6608.8096
3258,2.645968,6611.4556
3259,2.6462777,6614.102
3260,2.6443934,6616.7466
3261,2.6420271,6619.3887
3262,2.6389365,6622.028
3263,2.6354284,6624.663
3264,2.6341798,6627.2974
3265,2.6340272,6629.931
3266,2.6336102,6632.565
3267,2.6322544,6635.1973
3268,2.631112,6637.8286
3269,2.630393,6640.459
3270,2.6322472,6643.0913
3271,2.6346784,6645.726
3272,2.6371932,6648.3633
3273,2.6383514,6651.0015
3274,2.6362352,6653.6377
3275,2.6338031,6656.2715
3276,2.6331725,6658.905
3277,2.633402,6661.538
3278,2.6347382,6664.173
3279,2.6375625,6666.8105
3280,2.6404483,6669.451
3281,2.642203,6672.0933
3282,2.646732,6674.74
3283,2.6500227,6677.39
3284,2.6508675,6680.041
3285,2.6517224,6682.693
3286,2.653003,6685.3457
3287,2.6564794,6688.002
3288,2.6603284,6690.662
3289,2.66271,6693.3247
3290,2.6641946,6695.989
3291,2.6660638,6698.655
3292,2.6682293,6701.323
3293,2.6696045,6703.9927
3294,2.671667,6706.6646
3295,2.672519,6709.337
3296,2.6701694,6712.0073
3297,2.6678805,6714.6753
3298,2.6707895,6717.346
3299,2.6763163,6720.0225
3300,2.6815374,6722.704
3301,2.6855953,6725.3896
3302,2.6884575,6728.078
3303,2.691627,6730.7695
3304,2.696442,6733.466
3305,2.7008955,6736.1665
3306,2.7005458,6738.867
3307,2.698142,6741.5654
3308,2.6958678,6744.261
3309,2.6935935,6746.9546
3310,2.6938682,6749.6484
3311,2.6948318,6752.3433
3312,2.694829,6755.038
3313,2.692895,6757.731
3314,2.691741,6760.423
3315,2.691022,6763.114
3316,2.6927898,6765.8066
3317,2.696679,6768.5034
3318,2.6996312,6771.203
3319,2.7002804,6773.9033
3320,2.6958547,6776.599
3321,2.6882205,6779.287
3322,2.6808376,6781.968
3323,2.6754296,6784.643
3324,2.673578,6787.3164
3325,2.6722074,6789.989
3326,2.6707397,6792.6597
3327,2.670984,6795.3306
3328,2.672543,6798.003
3329,2.6738472,6800.677
3330,2.6769726,6803.3535
3331,2.6819344,6806.0356
3332,2.6855712,6808.721
3333,2.6860867,6811.407
3334,2.6833,6814.0903
3335,2.6801214,6816.7705
3336,2.6772373,6819.4478
3337,2.6762412,6822.124
3338,2.678602,6824.8027
3339,2.6812928,6827.484
3340,2.6839142,6830.168
3341,2.6864302,6832.8545
3342,2.6903207,6835.545
3343,2.6933522,6838.2383
3344,2.69551,6840.9336
3345,2.6984298,6843.632
3346,2.7019997,6846.334
3347,2.7066061,6849.0405
3348,2.7108822,6851.7515
3349,2.7152643,6854.467
3350,2.7184033,6857.185
3351,2.721487,6859.9067
3352,2.7236896,6862.6304
3353,2.72578,6865.356
3354,2.7260754,6868.082
3355,2.725898,6870.808
3356,2.7260633,6873.534
3357,2.7257528,6876.26
3358,2.7282064,6878.988
3359,2.7324164,6881.72
3360,2.7339215,6884.454
3361,2.7357874,6887.19
3362,2.7352417,6889.9253
3363,2.7348373,6892.66
3364,2.7354178,6895.3955
3365,2.73815,6898.134
3366,2.736079,6900.8696
3367,2.731673,6903.601
3368,2.7263086,6906.327
3369,2.720832,6909.048
3370,2.7175505,6911.7656
3371,2.7160344,6914.4814
3372,2.716655,6917.198
3373,2.7185662,6919.917
3374,2.7189984,6922.636
3375,2.718939,6925.355
3376,2.7193766,6928.074
3377,2.7193282,6930.7935
3378,2.71867,6933.512
3379,2.7193587,6936.2314
3380,2.7235177,6938.955
3381,2.7307029,6941.6855
3382,2.7351346,6944.421
3383,2.7352922,6947.1562
3384,2.732469,6949.8887
3385,2.7294595,6952.618
3386,2.728661,6955.3467
3387,2.7298367,6958.0767
3388,2.7313187,6960.808
3389,2.7320824,6963.54
3390,2.732167,6966.272
3391,2.7340024,6969.006
3392,2.7364206,6971.742
3393,2.7391613,6974.4814
3394,2.742032,6977.2236
3395,2.7448058,6979.9683
3396,2.7447243,6982.713
3397,2.7428496,6985.4556
3398,2.7397616,6988.1953
3399,2.735953,6990.931
3400,2.7324252,6993.6636
3401,2.7294316,6996.393
3402,2.7281735,6999.121
3403,2.7287633,7001.85
3404,2.73247,7004.5825
3405,2.7370522,7007.3193
3406,2.7403836,7010.0596
3407,2.742908,7012.8022
3408,2.74389,7015.546
3409,2.7436957,7018.2896
3410,2.7444093,7021.034
3411,2.7447402,7023.779
3412,2.7421634,7026.521
3413,2.7394822,7029.2603
3414,2.7382004,7031.9985
3415,2.7383478,7034.737
3416,2.7383597,7037.475
3417,2.736637,7040.212
3418,2.737233,7042.949
3419,2.737004,7045.686
3420,2.7372973,7048.4233
3421,2.7366967,7051.16
3422,2.7383764,7053.8984
3423,2.7391498,7056.6377
3424,2.7418976,7059.3794
3425,2.7476764,7062.127
3426,2.7517247,7064.879
3427,2.7524848,7067.6313
3428,2.7539275,7070.3853
3429,2.7570746,7073.142
3430,2.7609706,7075.903
3431,2.7643447,7078.667
3432,2.7606761,7081.4277
3433,2.7557046,7084.1836
3434,2.7524352,7086.936
3435,2.7517052,7089.6875
3436,2.7514074,7092.439
3437,2.7500942,7095.189
3438,2.7469604,7097.936
3439,2.7440894,7100.68
3440,2.745473,7103.426
3441,2.7510962,7106.177
3442,2.7563643,7108.933
3443,2.7599697,7111.693
3444,2.7599268,7114.4526
3445,2.7575395,7117.21
3446,2.7529364,7119.963
3447,2.74479,7122.7075
3448,2.7337952,7125.4414
3449,2.724624,7128.166
3450,2.7176676,7130.884
3451,2.713018,7133.5967
3452,2.7107651,7136.3076
3453,2.7099156,7139.0176
3454,2.7095668,7141.727
3455,2.711147,7144.438
3456,2.715476,7147.1533
3457,2.7202883,7149.8735
3458,2.7251718,7152.5986
3459,2.727061,7155.3257
3460,2.7311306,7158.0566
3461,2.7369814,7160.7935
3462,2.746762,7163.54
3463,2.7577908,7166.298
3464,2.767595,7169.0654
3465,2.7762256,7171.842
3466,2.7849472,7174.627
3467,2.7928326,7177.42
3468,2.8039207,7180.2236
3469,2.815992,7183.0396
3470,2.8287945,7185.868
3471,2.8398507,7188.708
3472,2.8493,7191.557
3473,2.8565412,7194.4136
3474,2.8618512,7197.2754
3475,2.8658864,7200.141
3476,2.869862,7203.0107
3477,2.8736856,7205.8843
3478,2.8785439,7208.7627
3479,2.883205,7211.646
3480,2.8878567,7214.5337
3481,2.8917544,7217.4253
3482,2.8948126,7220.3203
3483,2.897098,7223.2173
3484,2.8982959,7226.1157
3485,2.898297,7229.014
3486,2.8978226,7231.912
3487,2.8969753,7234.809
3488,2.8956554,7237.7046
3489,2.8940878,7240.5986
3490,2.8918626,7243.4907
3491,2.8892913,7246.38
3492,2.8861983,7249.266
3493,2.8829858,7252.149
3494,2.879703,7255.029
3495,2.8766766,7257.9053
3496,2.8733883,7260.779
3497,2.8711112,7263.65
3498,2.8694692,7266.5195
3499,2.8684368,7269.388
3500,2.8681393,7272.2563
3501,2.8688214,7275.125
3502,2.8705177,7277.9956
3503,2.8744924,7280.87
3504,2.8820276,7283.752
3505,2.8925836,7286.6445
3506,2.9017034,7289.5464
3507,2.908494,7292.455
3508,2.9137018,7295.3687
3509,2.9180806,7298.2866
3510,2.921642,7301.2085
3511,2.924747,7304.1333
3512,2.9268956,7307.06
3513,2.9287844,7309.989
3514,2.929827,7312.9185
3515,2.930366,7315.8486
3516,2.9296978,7318.7783
3517,2.928608,7321.707
3518,2.9269214,7324.634
3519,2.9250233,7327.5586
3520,2.9228847,7330.4814
3521,2.9209664,7333.4023
3522,2.9189718,7336.3213
3523,2.9176257,7339.239
3524,2.9163396,7342.1553
3525,2.9153194,7345.071
3526,2.9140277,7347.985
3527,2.912792,7350.8975
3528,2.91195,7353.8096
3529,2.9114652,7356.721
3530,2.9114623,7359.633
3531,2.9113133,7362.544
3532,2.9107704,7365.4546
3533,2.9104195,7368.365
3534,2.9098818,7371.275
3535,2.9095213,7374.1846
3536,2.9090786,7377.0938
3537,2.9090216,7380.003
3538,2.908788,7382.9116
3539,2.9084685,7385.8203
3540,2.908849,7388.729
3541,2.9101932,7391.639
3542,2.9119294,7394.5513
3543,2.914159,7397.4653
3544,2.9164672,7400.382
3545,2.918883,7403.301
3546,2.9209695,7406.2217
3547,2.9223506,7409.144
3548,2.9239016,7412.068
3549,2.9260485,7414.994
3550,2.9294002,7417.9233
3551,2.9332027,7420.8564
3552,2.9367428,7423.793
3553,2.9382298,7426.731
3554,2.9394672,7429.6704
3555,2.9392812,7432.61
3556,2.9412286,7435.5513
3557,2.9413447,7438.4927
3558,2.9452066,7441.438
3559,2.9487584,7444.3867
3560,2.9542508,7447.341
3561,2.9538207,7450.2944
3562,2.953807,7453.248
3563,2.953595,7456.2017
3564,2.9575348,7459.159
3565,2.959689,7462.1187
3566,2.964502,7465.083
3567,2.9660883,7468.0493
3568,2.9670258,7471.016
3569,2.96423,7473.9805
3570,2.96263,7476.943
3571,2.960313,7479.9033
3572,2.9608896,7482.8643
3573,2.9623652,7485.8267
3574,2.967052,7488.794
3575,2.9698763,7491.7637
3576,2.971789,7494.7354
3577,2.9723313,7497.7075
3578,2.971993,7500.6797
3579,2.9712245,7503.651
3580,2.9688547,7506.6196
3581,2.9654253,7509.585
3582,2.9623916,7512.5474
3583,2.9601967,7515.5073
3584,2.959247,7518.467
3585,2.9583144,7521.4253
3586,2.9587395,7524.384
3587,2.9595575,7527.3433
3588,2.9598815,7530.303
3589,2.9581237,7533.261
3590,2.9559996,7536.2173
3591,2.9536486,7539.171
3592,2.9503849,7542.121
3593,2.9458895,7545.067
3594,2.944804,7548.0117
3595,2.9430232,7550.9546
3596,2.9450374,7553.8994
3597,2.947062,7556.8467
3598,2.948688,7559.7954
3599,2.9482198,7562.7437
3600,2.9454188,7565.689
3601,2.9413986,7568.6304
3602,2.9385445,7571.569
3603,2.9389873,7574.508
3604,2.9426217,7577.45
3605,2.946762,7580.397
3606,2.9501257,7583.347
3607,2.9532146,7586.3003
3608,2.9571679,7589.2573
3609,2.9597363,7592.2173
3610,2.9604573,7595.1777
3611,2.9602358,7598.138
3612,2.957488,7601.0957
3613,2.9539728,7604.05
3614,2.952103,7607.002
3615,2.9517672,7609.9536
3616,2.9523735,7612.906
3617,2.952527,7615.8584
3618,2.952962,7618.8115
3619,2.9533944,7621.765
3620,2.9547167,7624.7197
3621,2.9564629,7627.6763
3622,2.9585636,7630.635
3623,2.9585397,7633.5933
3624,2.956991,7636.5503
3625,2.9544613,7639.505
3626,2.952835,7642.4575
3627,2.951741,7645.409
3628,2.9524148,7648.362
3629,2.9532406,7651.315
3630,2.954722,7654.2695
3631,2.9551754,7657.2246
3632,2.9542346,7660.1787
3633,2.953207,7663.132
3634,2.9522839,7666.084
3635,2.95196,7669.036
3636,2.951496,7671.988
3637,2.9506347,7674.9385
3638,2.9500551,7677.8887
3639,2.9495823,7680.8384
3640,2.9498677,7683.788
3641,2.9503512,7686.7383
3642,2.9509883,7689.6895
3643,2.9515994,7692.641
3644,2.9522383,7695.5933
3645,2.9529583,7698.5464
3646,2.9536102,7701.5
3647,2.9534562,7704.4536
3648,2.953233,7707.4067
3649,2.953008,7710.36
3650,2.9530466,7713.313
3651,2.9529607,7716.266
3652,2.953037,7719.219
3653,2.9534798,7722.173
3654,2.9540353,7725.127
3655,2.9545422,7728.0815
3656,2.9549227,7731.0366
3657,2.9550264,7733.9917
3658,2.9548197,7736.9463
3659,2.9543605,7739.901
3660,2.9544268,7742.8555
3661,2.9526525,7745.808
3662,2.9502323,7748.7583
3663,2.9522207,7751.7104
3664,2.9539826,7754.6646
3665,2.9565887,7757.621
3666,2.9604416,7760.5815
3667,2.963838,7763.5454
3668,2.9678915,7766.513
3669,2.9698706,7769.483
3670,2.9721773,7772.455
3671,2.9739056,7775.429
3672,2.979866,7778.409
3673,2.9898846,7781.399
3674,3.0045557,7784.4033
3675,3.020291,7787.424
3676,3.0366385,7790.4604
3677,3.052314,7793.5127
3678,3.0679324,7796.5806
3679,3.082193,7799.6626
3680,3.0947168,7802.7573
3681,3.1051853,7805.8623
3682,3.1142876,7808.9766
3683,3.12186,7812.0986
3684,3.128327,7815.227
3685,3.1342456,7818.3613
3686,3.1402948,7821.5015
3687,3.1464784,7824.648
3688,3.153661,7827.802
3689,3.160755,7830.9624
3690,3.168201,7834.1304
3691,3.1748247,7837.305
3692,3.1810186,7840.4863
3693,3.1857033,7843.672
3694,3.1898546,7846.862
3695,3.1915643,7850.053
3696,3.1927197,7853.246
3697,3.1922393,7856.4385
3698,3.191415,7859.63
3699,3.1890292,7862.819
3700,3.1877284,7866.0063
3701,3.1864789,7869.193
3702,3.1871505,7872.38
3703,3.1874156,7875.5674
3704,3.1890738,7878.7563
3705,3.1911306,7881.9473
3706,3.1945026,7885.1416
3707,3.1967664,7888.3384
3708,3.1981378,7891.5366
3709,3.198782,7894.7354
3710,3.198834,7897.934
3711,3.1968796,7901.131
3712,3.1926105,7904.323
3713,3.188127,7907.511
3714,3.1844249,7910.696
3715,3.1801357,7913.876
3716,3.1781917,7917.054
3717,3.1754718,7920.2295
3718,3.1745055,7923.404
3719,3.171517,7926.575
3720,3.168948,7929.744
3721,3.1645107,7932.9087
3722,3.1604145,7936.0693
3723,3.155722,7939.225
3724,3.1522558,7942.3774
3725,3.1479318,7945.5254
3726,3.1427088,7948.668
3727,3.135822,7951.8037
3728,3.1290932,7954.9326
3729,3.1224186,7958.055
3730,3.1169286,7961.172
3731,3.1110113,7964.2827
3732,3.1054568,7967.388
3733,3.100366,7970.489
3734,3.0965033,7973.5854
3735,3.093539,7976.679
3736,3.090951,7979.77
3737,3.088644,7982.859
3738,3.0859945,7985.945
3739,3.0840738,7989.029
3740,3.0816917,7992.1104
3741,3.0796902,7995.19
3742,3.077131,7998.267
3743,3.0746105,8001.342
3744,3.0721123,8004.414
3745,3.0697057,8007.484
3746,3.0669568,8010.551
3747,3.065303,8013.616
3748,3.066739,8016.683
3749,3.0696228,8019.753
3750,3.0741339,8022.827
3751,3.079364,8025.9067
3752,3.0854104,8028.992
3753,3.092507,8032.0845
3754,3.1002557,8035.1846
3755,3.1092186,8038.294
3756,3.1185787,8041.4126
3757,3.1300316,8044.5425
3758,3.1417038,8047.684
3759,3.1550527,8050.8394
3760,3.167121,8054.0063
3761,3.1791253,8057.1855
3762,3.1892788,8060.375
3763,3.1988287,8063.5737
3764,3.2056503,8066.7793
3765,3.2119646,8069.991
3766,3.2162929,8073.2075
3767,3.2198489,8076.4272
3768,3.2212515,8079.6484
3769,3.2215037,8082.87
3770,3.2201855,8086.0903
3771,3.2196693,8089.31
3772,3.219797,8092.53
3773,3.219823,8095.7495
3774,3.21952,8098.969
3775,3.2192268,8102.1885
3776,3.2184808,8105.4067
3777,3.2182355,8108.625
3778,3.2177706,8111.843
3779,3.2185674,8115.0615
3780,3.2192302,8118.281
3781,3.2196224,8121.5005
3782,3.2186296,8124.719
3783,3.2174318,8127.9365
3784,3.2165596,8131.1533
3785,3.216128,8134.3696
3786,3.2153356,8137.585
3787,3.214432,8140.7993
3788,3.2136319,8144.013
3789,3.2133534,8147.2266
3790,3.2142186,8150.441
3791,3.215241,8153.6562
3792,3.2163253,8156.8726
3793,3.2162867,8160.089
3794,3.2188036,8163.3076
3795,3.2205145,8166.5283
3796,3.2232785,8169.7515
3797,3.2286694,8172.98
3798,3.2348866,8176.215
3799,3.2426915,8179.4575
3800,3.2502532,8182.708
3801,3.258047,8185.966
3802,3.2647066,8189.2305
3803,3.270584,8192.501
3804,3.2745183,8195.775
3805,3.2772603,8199.053
3806,3.2782817,8202.331
3807,3.2779193,8205.609
3808,3.2749655,8208.885
3809,3.2706552,8212.155
3810,3.2654026,8215.421
3811,3.2600787,8218.681
3812,3.2554142,8221.937
3813,3.251741,8225.188
3814,3.2481308,8228.437
3815,3.2447505,8231.682
3816,3.2405999,8234.922
3817,3.2346663,8238.156
3818,3.2258797,8241.382
3819,3.213304,8244.595
3820,3.198984,8247.794
3821,3.1857762,8250.9795
3822,3.174189,8254.153
3823,3.165393,8257.318
3824,3.1576664,8260.476
3825,3.1522298,8263.628
3826,3.1476526,8266.775
3827,3.1433394,8269.919
3828,3.138741,8273.058
3829,3.1349075,8276.192
3830,3.1305122,8279.323
3831,3.1261487,8282.449
3832,3.1221697,8285.571
3833,3.1186469,8288.689
3834,3.1143265,8291.804
3835,3.109721,8294.913
3836,3.1057968,8298.019
3837,3.1029263,8301.121
3838,3.09936,8304.221
3839,3.0957217,8307.316
3840,3.0904016,8310.407
3841,3.0839827,8313.491
3842,3.074366,8316.565
3843,3.0627692,8319.628
3844,3.0511444,8322.679
3845,3.0332952,8325.712
3846,3.014612,8328.727
3847,2.9906554,8331.717
3848,2.9701614,8334.687
3849,2.9525487,8337.639
3850,2.9426694,8340.581
3851,2.9382985,8343.52
3852,2.93683,8346.456
3853,2.9372466,8349.394
3854,2.937373,8352.331
3855,2.9378424,8355.269
3856,2.9378207,8358.206
3857,2.9385457,8361.145
3858,2.938562,8364.083
3859,2.938605,8367.021
3860,2.939142,8369.961
3861,2.9397585,8372.9
3862,2.94013,8375.841
3863,2.9397295,8378.78
3864,2.939476,8381.72
3865,2.939134,8384.659
3866,2.9394958,8387.599
3867,2.9395266,8390.538
3868,2.9394236,8393.478
3869,2.938804,8396.416
3870,2.9380853,8399.3545
3871,2.9381354,8402.293
3872,2.9385202,8405.231
3873,2.9385476,8408.17
3874,2.9383965,8411.108
3875,2.9378967,8414.046
3876,2.9379256,8416.983
3877,2.9376104,8419.921
3878,2.9381542,8422.859
3879,2.9386852,8425.798
3880,2.9392292,8428.737
3881,2.939251,8431.677
3882,2.9397495,8434.616
3883,2.9404058,8437.557
3884,2.9407125,8440.497
3885,2.9408572,8443.4375
3886,2.940943,8446.379
3887,2.9399765,8449.319
3888,2.9389453,8452.258
3889,2.9381127,8455.196
3890,2.9377387,8458.134
3891,2.9380224,8461.072
3892,2.9381633,8464.011
3893,2.9376462,8466.948
3894,2.9365196,8469.885
3895,2.9358494,8472.82
3896,2.9357085,8475.756
3897,2.9357295,8478.691
3898,2.9353738,8481.627
3899,2.9350424,8484.562
3900,2.9342706,8487.496
3901,2.933759,8490.43
3902,2.933809,8493.363
3903,2.9339125,8496.297
3904,2.9343576,8499.231
3905,2.934797,8502.166
3906,2.9342988,8505.101
3907,2.9327877,8508.033
3908,2.9314382,8510.965
3909,2.9296343,8513.895
3910,2.9285948,8516.823
3911,2.9280064,8519.751
3912,2.9270513,8522.678
3913,2.926347,8525.6045
3914,2.9256215,8528.53
3915,2.9247212,8531.455
3916,2.9245088,8534.38
3917,2.9241529,8537.304
3918,2.9239447,8540.228
3919,2.9239545,8543.151
3920,2.9236362,8546.075
3921,2.9231195,8548.998
3922,2.9227097,8551.921
3923,2.9217818,8554.843
3924,2.9208653,8557.764
3925,2.9191449,8560.683
3926,2.917703,8563.601
3927,2.916083,8566.517
3928,2.9155843,8569.433
3929,2.915809,8572.349
3930,2.9164548,8575.265
3931,2.9174643,8578.182
3932,2.9181285,8581.1
3933,2.918018,8584.018
3934,2.9183059,8586.936
3935,2.9186752,8589.8545
3936,2.919777,8592.774
3937,2.9210138,8595.695
3938,2.9220831,8598.617
3939,2.9227688,8601.54
3940,2.923166,8604.463
3941,2.923049,8607.386
3942,2.9225423,8610.309
3943,2.9221141,8613.23
3944,2.9216814,8616.152
3945,2.9212658,8619.073
3946,2.9211566,8621.994
3947,2.9216375,8624.916
3948,2.9226916,8627.839
3949,2.923979,8630.763
3950,2.925085,8633.6875
3951,2.9256227,8636.613
3952,2.9253056,8639.539
3953,2.9241936,8642.463
3954,2.9233043,8645.386
3955,2.923359,8648.31
3956,2.9241536,8651.233
3957,2.9243524,8654.158
3958,2.9247265,8657.083
3959,2.9247983,8660.008
3960,2.925595,8662.934
3961,2.9264474,8665.86
3962,2.9270697,8668.787
3963,2.9272358,8671.714
3964,2.9271407,8674.641
3965,2.9263752,8677.567
3966,2.9258356,8680.493
3967,2.9256027,8683.419
3968,2.9253051,8686.345
3969,2.924078,8689.269
3970,2.9231594,8692.191
3971,2.9219987,8695.113
3972,2.921149,8698.034
3973,2.9201496,8700.954
3974,2.919245,8703.873
3975,2.9184194,8706.791
3976,2.9175382,8709.709
3977,2.9164565,8712.625
3978,2.916498,8715.541
3979,2.91673,8718.458
3980,2.9169643,8721.375
3981,2.9171984,8724.292
3982,2.917779,8727.21
3983,2.9178119,8730.128
3984,2.9179223,8733.046
3985,2.9182274,8735.964
3986,2.918483,8738.883
3987,2.9185054,8741.802
3988,2.9182162,8744.72
3989,2.9184308,8747.638
3990,2.9195983,8750.558
3991,2.921386,8753.479
3992,2.9232225,8756.401
3993,2.9252489,8759.326
3994,2.9276896,8762.254
3995,2.9298074,8765.184
3996,2.9324477,8768.116
3997,2.933581,8771.05
3998,2.9334755,8773.983
3999,2.933002,8776.916
4000,2.9313817,8779.848
4001,2.929334,8782.777
4002,2.9275453,8785.705
4003,2.926247,8788.631
4004,2.9250436,8791.556
4005,2.924082,8794.4795
4006,2.9237208,8797.403
4007,2.9236255,8800.327
4008,2.9247131,8803.252
4009,2.9261096,8806.178
4010,2.927517,8809.105
4011,2.928592,8812.034
4012,2.930202,8814.965
4013,2.9320831,8817.896
4014,2.9334457,8820.83
4015,2.9346642,8823.765
4016,2.9352548,8826.7
4017,2.9352434,8829.636
4018,2.9353075,8832.571
4019,2.935506,8835.507
4020,2.9357553,8838.442
4021,2.936553,8841.379
4022,2.9378076,8844.316
4023,2.9386787,8847.255
4024,2.9400911,8850.195
4025,2.9417052,8853.137
4026,2.9426396,8856.079
4027,2.943404,8859.022
4028,2.944074,8861.967
4029,2.9453309,8864.912
4030,2.9475453,8867.859
4031,2.949706,8870.809
4032,2.9494112,8873.758
4033,2.9474065,8876.705
4034,2.9435685,8879.648
4035,2.9396248,8882.588
4036,2.937896,8885.525
4037,2.9372656,8888.463
4038,2.9376178,8891.4
4039,2.9396448,8894.34
4040,2.9418442,8897.281
4041,2.9446588,8900.226
4042,2.947643,8903.173
4043,2.9492593,8906.122
4044,2.9505844,8909.072
4045,2.9523504,8912.024
4046,2.9539504,8914.979
4047,2.9544802,8917.933
4048,2.954879,8920.888
4049,2.9544013,8923.842
4050,2.9530938,8926.795
4051,2.9502954,8929.745
4052,2.9481905,8932.693
4053,2.9462738,8935.64
4054,2.9454892,8938.585
4055,2.945835,8941.531
4056,2.9459565,8944.478
4057,2.9448297,8947.423
4058,2.9432673,8950.366
4059,2.9416091,8953.308
4060,2.940581,8956.248
4061,2.940056,8959.188
4062,2.9394357,8962.128
4063,2.9381583,8965.066
4064,2.9372237,8968.004
4065,2.9357724,8970.939
4066,2.9347398,8973.874
4067,2.933897,8976.808
4068,2.9340582,8979.741
4069,2.933801,8982.675
4070,2.9333797,8985.608
4071,2.932913,8988.541
4072,2.9335787,8991.475
4073,2.9341705,8994.409
4074,2.9343867,8997.344
4075,2.9343767,9000.278
4076,2.9350994,9003.214
4077,2.935739,9006.149
4078,2.9363365,9009.086
4079,2.936166,9012.022
4080,2.9355736,9014.958
4081,2.9350748,9017.894
4082,2.934688,9020.828
4083,2.9344845,9023.763
4084,2.9339776,9026.696
4085,2.9337425,9029.63
4086,2.9335055,9032.563
4087,2.93301,9035.496
4088,2.9323776,9038.429
4089,2.9312356,9041.36
4090,2.9299996,9044.29
4091,2.92893,9047.219
4092,2.9279242,9050.146
4093,2.9268918,9053.073
4094,2.926153,9055.999
4095,2.925412,9058.925
4096,2.925038,9061.85
4097,2.9254084,9064.775
4098,2.9260716,9067.701
4099,2.9264166,9070.628
4100,2.9262183,9073.554
4101,2.9260986,9076.4795
4102,2.925777,9079.405
4103,2.9253912,9082.331
4104,2.9248042,9085.256
4105,2.9239013,9088.18
4106,2.9235723,9091.104
4107,2.923375,9094.027
4108,2.9233682,9096.951
4109,2.922864,9099.874
4110,2.922079,9102.796
4111,2.9217546,9105.718
4112,2.9220126,9108.64
4113,2.9224625,9111.5625
4114,2.9227087,9114.485
4115,2.9234874,9117.409
4116,2.9235954,9120.333
4117,2.9233043,9123.256
4118,2.9224823,9126.179
4119,2.9217465,9129.101
4120,2.9213302,9132.021
4121,2.9216068,9134.943
4122,2.9220812,9137.865
4123,2.922474,9140.788
4124,2.922236,9143.71
4125,2.9217033,9146.632
4126,2.9210575,9149.553
4127,2.9206188,9152.474
4128,2.920911,9155.395
4129,2.9206665,9158.315
4130,2.9205859,9161.236
4131,2.920273,9164.156
4132,2.9205048,9167.077
4133,2.9215908,9169.999
4134,2.9231231,9172.922
4135,2.9247704,9175.847
4136,2.925858,9178.772
4137,2.9263093,9181.699
4138,2.9263654,9184.626
4139,2.9265006,9187.553
4140,2.9279158,9190.48
4141,2.9303656,9193.411
4142,2.9332433,9196.345
4143,2.9360716,9199.281
4144,2.937497,9202.219
4145,2.9382253,9205.157
4146,2.937895,9208.095
4147,2.9380455,9211.033
4148,2.9376822,9213.971
4149,2.9374352,9216.908
4150,2.936831,9219.845
4151,2.9363883,9222.781
4152,2.9367065,9225.718
4153,2.9365778,9228.654
4154,2.936272,9231.591
4155,2.936043,9234.527
4156,2.9363282,9237.464
4157,2.9370358,9240.401
4158,2.9372215,9243.339
4159,2.93673,9246.275
4160,2.9361541,9249.212
4161,2.9370098,9252.148
4162,2.9383917,9255.087
4163,2.9405904,9258.027
4164,2.941884,9260.969
4165,2.9424267,9263.911
4166,2.9418907,9266.853
4167,2.9404168,9269.793
4168,2.939218,9272.732
4169,2.9375374,9275.67
4170,2.9366868,9278.606
4171,2.9360018,9281.542
4172,2.9353638,9284.478
4173,2.9344819,9287.412
4174,2.934148,9290.347
4175,2.9337785,9293.28
4176,2.9333696,9296.214
4177,2.9329522,9299.146
4178,2.9328332,9302.079
4179,2.9330575,9305.012
4180,2.932926,9307.944
4181,2.9322457,9310.877
4182,2.9309707,9313.808
4183,2.9293175,9316.737
4184,2.9287221,9319.666
4185,2.9289465,9322.595
4186,2.929702,9325.524
4187,2.9302406,9328.455
4188,2.930692,9331.386
4189,2.9311976,9334.317
4190,2.9312809,9337.249
4191,2.9312859,9340.181
4192,2.9311647,9343.112
4193,2.9314601,9346.044
4194,2.9317534,9348.976
4195,2.9311287,9351.906
4196,2.930989,9354.837
4197,2.9307415,9357.768
4198,2.9306157,9360.698
4199,2.9301126,9363.628
4200,2.9292243,9366.558
4201,2.9283206,9369.486
4202,2.9278631,9372.414
4203,2.928395,9375.343
4204,2.9286764,9378.271
4205,2.9293892,9381.201
4206,2.9297616,9384.131
4207,2.9298036,9387.061
4208,2.9299746,9389.99
4209,2.9299011,9392.92
4210,2.9303806,9395.851
4211,2.9310973,9398.781
4212,2.9313061,9401.713
4213,2.931672,9404.645
4214,2.9321148,9407.576
4215,2.932799,9410.509
4216,2.9331396,9413.442
4217,2.9331415,9416.376
4218,2.9331417,9419.31
4219,2.9331145,9422.243
4220,2.93344,9425.177
4221,2.933707,9428.11
4222,2.9335635,9431.044
4223,2.9331746,9433.978
4224,2.9330084,9436.91
4225,2.9335473,9439.844
4226,2.9343922,9442.778
4227,2.9352586,9445.714
4228,2.9355175,9448.649
4229,2.935267,9451.585
4230,2.9347453,9454.52
4231,2.9340782,9457.453
4232,2.9336464,9460.387
4233,2.9335973,9463.32
4234,2.9334815,9466.254
4235,2.933222,9469.1875
4236,2.9327228,9472.12
4237,2.931821,9475.052
4238,2.9313638,9477.983
4239,2.9315872,9480.915
4240,2.9321692,9483.848
4241,2.9336407,9486.781
4242,2.9348931,9489.716
4243,2.9358022,9492.651
4244,2.9369671,9495.588
4245,2.9384758,9498.526
4246,2.938795,9501.465
4247,2.9385695,9504.403
4248,2.93802,9507.342
4249,2.9374192,9510.279
4250,2.9367855,9513.216
4251,2.936632,9516.152
4252,2.9366913,9519.089
4253,2.9368386,9522.025
4254,2.9368815,9524.962
4255,2.9369664,9527.898
4256,2.9373803,9530.836
4257,2.9382913,9533.774
4258,2.9384816,9536.713
4259,2.938384,9539.651
4260,2.9383123,9542.59
4261,2.938287,9545.528
4262,2.938139,9548.467
4263,2.9381626,9551.405
4264,2.9379628,9554.343
4265,2.9375522,9557.28
4266,2.9370508,9560.218
4267,2.9357576,9563.153
4268,2.9347177,9566.088
4269,2.9337478,9569.021
4270,2.9329314,9571.954
4271,2.93156,9574.886
4272,2.9297302,9577.815
4273,2.928056,9580.743
4274,2.9264336,9583.67
4275,2.925235,9586.595
4276,2.924931,9589.52
4277,2.9252293,9592.444
4278,2.9255462,9595.37
4279,2.9263031,9598.297
4280,2.9269168,9601.224
4281,2.9269338,9604.15
4282,2.9268386,9607.077
4283,2.926967,9610.004
4284,2.9273338,9612.932
4285,2.9276009,9615.859
4286,2.928004,9618.787
4287,2.9279594,9621.715
4288,2.92752,9624.643
4289,2.927438,9627.57
4290,2.9273386,9630.498
4291,2.9277146,9633.426
4292,2.9277878,9636.354
4293,2.9282882,9639.282
4294,2.9285223,9642.211
4295,2.9291546,9645.14
4296,2.9296923,9648.069
4297,2.9306657,9651.0
4298,2.9313922,9653.932
4299,2.9324296,9656.864
4300,2.932773,9659.797
4301,2.9330182,9662.7295
4302,2.9324038,9665.662
4303,2.9318593,9668.594
4304,2.9313273,9671.525
4305,2.9308946,9674.456
4306,2.9306643,9677.387
4307,2.9305475,9680.317
4308,2.930712,9683.248
4309,2.9314413,9686.18
4310,2.9326575,9689.112
4311,2.9344609,9692.047
4312,2.9361398,9694.983
4313,2.9373784,9697.921
4314,2.9374316,9700.858
4315,2.937542,9703.796
4316,2.9385097,9706.734
4317,2.9392579,9709.674
4318,2.9407024,9712.614
4319,2.9415298,9715.556
4320,2.9423592,9718.498
4321,2.9425426,9721.44
4322,2.9427779,9724.383
4323,2.9436615,9727.326
4324,2.9444962,9730.2705
4325,2.9452379,9733.216
4326,2.945101,9736.161
4327,2.94538,9739.106
4328,2.944188,9742.051
4329,2.9425163,9744.993
4330,2.94196,9747.936
4331,2.9406645,9750.876
4332,2.9394078,9753.815
4333,2.9382951,9756.754
4334,2.9375014,9759.691
4335,2.9368129,9762.628
4336,2.936575,9765.564
4337,2.9365795,9768.501
4338,2.936805,9771.4375
4339,2.9375134,9774.375
4340,2.938575,9777.313
4341,2.9400027,9780.254
4342,2.941182,9783.195
4343,2.9424517,9786.138
4344,2.9432068,9789.081
4345,2.9438155,9792.024
4346,2.9442499,9794.969
4347,2.9449794,9797.914
4348,2.946584,9800.86
4349,2.9480581,9803.809
4350,2.9498515,9806.759
4351,2.9506848,9809.71
4352,2.9512265,9812.661
4353,2.9508843,9815.612
4354,2.9504178,9818.5625
4355,2.9495728,9821.512
4356,2.948398,9824.46
4357,2.9481726,9827.408
4358,2.9487896,9830.357
4359,2.9496167,9833.307
4360,2.9494982,9836.256
4361,2.9500194,9839.206
4362,2.9505377,9842.156
4363,2.9503412,9845.106
4364,2.9492495,9848.056
4365,2.9471076,9851.003
4366,2.945281,9853.948
4367,2.9439812,9856.893
4368,2.943871,9859.837
4369,2.942672,9862.779
4370,2.9416308,9865.721
4371,2.9407039,9868.661
4372,2.940094,9871.602
4373,2.9396899,9874.541
4374,2.9397557,9877.48
4375,2.9400313,9880.421
4376,2.9399905,9883.361
4377,2.9394054,9886.301
4378,2.937712,9889.238
4379,2.9353967,9892.174
4380,2.933395,9895.107
4381,2.931978,9898.039
4382,2.9312334,9900.971
4383,2.9307828,9903.901
4384,2.930425,9906.832
4385,2.9302123,9909.763
4386,2.9296668,9912.692
4387,2.9293692,9915.622
4388,2.928832,9918.551
4389,2.9287374,9921.4795
4390,2.928417,9924.408
4391,2.928641,9927.337
4392,2.9290106,9930.266
4393,2.9293978,9933.195
4394,2.9294171,9936.125
4395,2.928883,9939.054
4396,2.9284036,9941.982
4397,2.927719,9944.91
4398,2.9277556,9947.838
4399,2.9280565,9950.766
4400,2.9286418,9953.694
4401,2.9288833,9956.623
4402,2.9289305,9959.552
4403,2.9286559,9962.48
4404,2.928428,9965.409
4405,2.9280503,9968.337
4406,2.9280732,9971.265
4407,2.9287605,9974.193
4408,2.9301772,9977.124
4409,2.9319263,9980.056
4410,2.9330382,9982.988
4411,2.9334946,9985.922
4412,2.9341075,9988.856
4413,2.9344811,9991.791
4414,2.9352548,9994.727
4415,2.935834,9997.662
4416,2.9362497,10000.599
4417,2.9367125,10003.535
4418,2.9367049,10006.472
4419,2.9366715,10009.408
4420,2.9367573,10012.345
4421,2.9372036,10015.282
4422,2.9382012,10018.221
4423,2.9394262,10021.16
4424,2.9405665,10024.101
4425,2.9413083,10027.042
4426,2.9419806,10029.984
4427,2.9428172,10032.927
4428,2.943554,10035.87
4429,2.9440484,10038.814
4430,2.9438896,10041.759
4431,2.943219,10044.702
4432,2.942974,10047.6455
4433,2.9431772,10050.589
4434,2.9434047,10053.532
4435,2.9442291,10056.477
4436,2.945003,10059.422
4437,2.945689,10062.367
4438,2.946048,10065.313
4439,2.9467,10068.26
4440,2.946906,10071.207
4441,2.9468365,10074.154
4442,2.9468079,10077.102
4443,2.9474847,10080.049
4444,2.9475262,10082.996
4445,2.946514,10085.942
4446,2.9455113,10088.888
4447,2.943845,10091.831
4448,2.9422734,10094.773
4449,2.9403262,10097.714
4450,2.9390843,10100.653
4451,2.9383605,10103.592
4452,2.938186,10106.53
4453,2.9373782,10109.468
4454,2.93647,10112.404
4455,2.9354355,10115.34
4456,2.934749,10118.274
4457,2.9340887,10121.209
4458,2.933511,10124.143
4459,2.9334912,10127.076
4460,2.9337485,10130.01
4461,2.9335995,10132.943
4462,2.9330869,10135.876
4463,2.9327612,10138.809
4464,2.9325378,10141.741
4465,2.9324782,10144.674
4466,2.9324298,10147.606
4467,2.9327397,10150.539
4468,2.9332213,10153.473
4469,2.9335594,10156.406
4470,2.9337902,10159.34
4471,2.9341617,10162.274
4472,2.9345844,10165.209
4473,2.9353247,10168.145
4474,2.935966,10171.08
4475,2.937036,10174.018
4476,2.9373705,10176.955
4477,2.9379153,10179.893
4478,2.9390917,10182.832
4479,2.9406679,10185.772
4480,2.9419484,10188.715
4481,2.9426906,10191.657
4482,2.9431288,10194.601
4483,2.9438348,10197.544
4484,2.9445019,10200.488
4485,2.9452004,10203.434
4486,2.9463449,10206.38
4487,2.9477782,10209.328
4488,2.9485114,10212.276
4489,2.9488747,10215.226
4490,2.9482262,10218.174
4491,2.948239,10221.122
4492,2.9484203,10224.07
4493,2.949706,10227.02
4494,2.949681,10229.969
4495,2.9496198,10232.918
4496,2.949948,10235.868
4497,2.9504974,10238.818
4498,2.9496815,10241.768
4499,2.9489422,10244.717
4500,2.9486504,10247.665
4501,2.9475284,10250.612
4502,2.9471822,10253.56
4503,2.9466412,10256.506
4504,2.9453554,10259.451
4505,2.9435844,10262.395
4506,2.942396,10265.337
4507,2.9421806,10268.279
4508,2.9412873,10271.221
4509,2.9412909,10274.162
4510,2.9419878,10277.1045
4511,2.945422,10280.05
4512,2.948142,10282.998
4513,2.952875,10285.951
4514,2.9579206,10288.909
4515,2.9658992,10291.875
4516,2.9756768,10294.851
4517,2.989911,10297.841
4518,3.0033636,10300.844
4519,3.0168252,10303.86
4520,3.0254586,10306.886
4521,3.0318325,10309.918
4522,3.03777,10312.956
4523,3.044918,10316.001
4524,3.0509872,10319.052
4525,3.0564687,10322.108
4526,3.0603049,10325.169
4527,3.063406,10328.232
4528,3.0660417,10331.299
4529,3.0686579,10334.367
4530,3.0714319,10337.438
4531,3.0743604,10340.513
4532,3.0765567,10343.589
4533,3.0782976,10346.667
4534,3.079697,10349.747
4535,3.0806715,10352.828
4536,3.0814145,10355.909
4537,3.0824559,10358.991
4538,3.0843124,10362.075
4539,3.0873961,10365.162
4540,3.0906541,10368.253
4541,3.0948749,10371.348
4542,3.100034,10374.447
4543,3.1054828,10377.553
4544,3.1106362,10380.663
4545,3.1154504,10383.778
4546,3.1209304,10386.899
4547,3.1270723,10390.026
4548,3.1335115,10393.16
4549,3.1391387,10396.299
4550,3.1446962,10399.443
4551,3.1501904,10402.594
4552,3.1566086,10405.75
4553,3.1625328,10408.912
4554,3.1673458,10412.079
4555,3.1708343,10415.25
4556,3.174307,10418.424
4557,3.1769834,10421.601
4558,3.1796095,10424.78
4559,3.1813245,10427.962
4560,3.1829677,10431.145
4561,3.1837637,10434.328
4562,3.185071,10437.514
4563,3.1850314,10440.698
4564,3.1843588,10443.883
4565,3.1826794,10447.065
4566,3.1816854,10450.247
4567,3.180452,10453.428
4568,3.1808724,10456.608
4569,3.1812854,10459.79
4570,3.1821756,10462.973
4571,3.1822026,10466.155
4572,3.181547,10469.337
4573,3.1803288,10472.518
4574,3.179172,10475.696
4575,3.1776133,10478.874
4576,3.175302,10482.05
4577,3.171516,10485.222
4578,3.1663895,10488.388
4579,3.1590514,10491.547
4580,3.1504085,10494.697
4581,3.1406634,10497.838
4582,3.1318736,10500.97
4583,3.1232893,10504.093
4584,3.1151211,10507.208
4585,3.1069498,10510.315
4586,3.098983,10513.414
4587,3.0901153,10516.504
4588,3.0810068,10519.585
4589,3.0715084,10522.656
4590,3.062489,10525.719
4591,3.0534394,10528.772
4592,3.0437741,10531.816
4593,3.0334108,10534.85
4594,3.0225763,10537.872
4595,3.0120041,10540.884
4596,3.0020308,10543.886
4597,2.9929712,10546.879
4598,2.9838543,10549.862
4599,2.9749312,10552.837
4600,2.9658043,10555.803
4601,2.9567063,10558.76
4602,2.9475198,10561.707
4603,2.9394207,10564.646
4604,2.9313724,10567.578
4605,2.9251454,10570.503
4606,2.9206142,10573.424
4607,2.9178803,10576.342
4608,2.9159257,10579.258
4609,2.9158132,10582.174
4610,2.9172933,10585.091
4611,2.920976,10588.012
4612,2.9240677,10590.936
4613,2.928237,10593.864
4614,2.9316683,10596.796
4615,2.9358926,10599.731
4616,2.9402697,10602.672
4617,2.9460306,10605.618
4618,2.9500744,10608.568
4619,2.9545805,10611.522
4620,2.9579833,10614.48
4621,2.962228,10617.442
4622,2.9660573,10620.408
4623,2.9702306,10623.379
4624,2.9731033,10626.352
4625,2.9756653,10629.327
4626,2.9775338,10632.305
4627,2.9793518,10635.284
4628,2.980714,10638.265
4629,2.9818947,10641.246
4630,2.9829211,10644.2295
4631,2.9837134,10647.213
4632,2.9839554,10650.197
4633,2.9839559,10653.182
4634,2.9840267,10656.166
4635,2.9836688,10659.149
4636,2.9831905,10662.133
4637,2.9824624,10665.115
4638,2.9820285,10668.098
4639,2.9812026,10671.079
4640,2.9803913,10674.06
4641,2.9790888,10677.039
4642,2.9776876,10680.017
4643,2.976066,10682.992
4644,2.9749298,10685.967
4645,2.9733946,10688.94
4646,2.972071,10691.912
4647,2.97112,10694.883
4648,2.9710498,10697.854
4649,2.970966,10700.824
4650,2.9705625,10703.795
4651,2.969539,10706.765
4652,2.969193,10709.733
4653,2.9686787,10712.702
4654,2.9683816,10715.671
4655,2.9678109,10718.639
4656,2.9677722,10721.606
4657,2.967982,10724.574
4658,2.9687195,10727.543
4659,2.9691753,10730.512
4660,2.9695277,10733.481
4661,2.969156,10736.45
4662,2.968944,10739.419
4663,2.9688797,10742.388
4664,2.9689052,10745.356
4665,2.9680972,10748.324
4666,2.9666617,10751.291
4667,2.965476,10754.257
4668,2.9654012,10757.223
4669,2.9654596,10760.188
4670,2.9655688,10763.154
4671,2.9651022,10766.119
4672,2.9635136,10769.083
4673,2.9613018,10772.044
4674,2.9594986,10775.004
4675,2.958828,10777.963
4676,2.9590008,10780.922
4677,2.9589043,10783.881
4678,2.959161,10786.84
4679,2.959412,10789.799
4680,2.958798,10792.758
4681,2.9570818,10795.715
4682,2.9543667,10798.669
4683,2.9524033,10801.621
4684,2.951741,10804.573
4685,2.951704,10807.525
4686,2.9511979,10810.477
4687,2.95001,10813.427
4688,2.9480743,10816.375
4689,2.9462805,10819.321
4690,2.94479,10822.266
4691,2.9440193,10825.21
4692,2.9436538,10828.153
4693,2.9429517,10831.097
4694,2.9412863,10834.038
4695,2.9395788,10836.978
4696,2.9385703,10839.916
4697,2.9384704,10842.8545
4698,2.9383435,10845.793
4699,2.9377337,10848.73
4700,2.937481,10851.668
4701,2.9379332,10854.605
4702,2.9391851,10857.545
4703,2.939445,10860.484
4704,2.9383004,10863.423
4705,2.9368372,10866.359
4706,2.9355679,10869.295
4707,2.9350967,10872.23
4708,2.934877,10875.165
4709,2.9347436,10878.1
4710,2.93505,10881.034
4711,2.9355845,10883.97
4712,2.935991,10886.905
4713,2.9356968,10889.841
4714,2.9339075,10892.774
4715,2.9322824,10895.707
4716,2.9314127,10898.639
4717,2.931038,10901.569
4718,2.9304159,10904.5
4719,2.929567,10907.43
4720,2.9291682,10910.358
4721,2.9291952,10913.287
4722,2.9294853,10916.217
4723,2.929215,10919.146
4724,2.9278293,10922.074
4725,2.9261093,10925.0
4726,2.9241054,10927.924
4727,2.9225774,10930.847
4728,2.9207768,10933.768
4729,2.919462,10936.6875
4730,2.9188497,10939.606
4731,2.9188116,10942.525
4732,2.919206,10945.444
4733,2.9197333,10948.364
4734,2.9199483,10951.284
4735,2.9201016,10954.204
4736,2.9202502,10957.124
4737,2.9205337,10960.045
4738,2.9207404,10962.966
4739,2.920977,10965.887
4740,2.9211853,10968.808
4741,2.921715,10971.7295
4742,2.9224093,10974.652
4743,2.9225066,10977.575
4744,2.9219375,10980.497
4745,2.9214928,10983.419
4746,2.921257,10986.34
4747,2.9215438,10989.262
4748,2.9222794,10992.184
4749,2.923046,10995.106
4750,2.9239552,10998.03
4751,2.9227965,11000.953
4752,2.920887,11003.874
4753,2.9237645,11006.798
4754,2.9263353,11009.725
4755,2.9303315,11012.655
4756,2.9340699,11015.589
4757,2.9392388,11018.528
4758,2.94631,11021.475
4759,2.9542928,11024.429
4760,2.962989,11027.392
4761,2.9709923,11030.362
4762,2.9787052,11033.341
4763,2.984775,11036.325
4764,2.9910278,11039.316
4765,2.997854,11042.314
4766,3.0111675,11045.325
4767,3.0349927,11048.36
4768,3.0683186,11051.429
4769,3.0957055,11054.524
4770,3.1191964,11057.644
4771,3.1367626,11060.78
4772,3.152515,11063.933
4773,3.165341,11067.098
4774,3.177726,11070.275
4775,3.1876576,11073.463
4776,3.1961477,11076.659
4777,3.2026324,11079.861
4778,3.2086203,11083.07
4779,3.2122684,11086.282
4780,3.2149196,11089.497
4781,3.2165062,11092.714
4782,3.218296,11095.933
4783,3.2199373,11099.152
4784,3.222188,11102.375
4785,3.2236898,11105.599
4786,3.2250721,11108.823
4787,3.226428,11112.05
4788,3.2279403,11115.277
4789,3.229143,11118.507
4790,3.2305834,11121.737
4791,3.2307348,11124.968
4792,3.230503,11128.198
4793,3.229281,11131.428
4794,3.2277155,11134.655
4795,3.2261498,11137.882
4796,3.2256665,11141.107
4797,3.2246628,11144.332
4798,3.2231207,11147.555
4799,3.2204502,11150.775
4800,3.2191384,11153.994
4801,3.2169566,11157.211
4802,3.214844,11160.426
4803,3.2115762,11163.638
4804,3.2085147,11166.847
4805,3.2048144,11170.052
4806,3.2003818,11173.252
4807,3.1941705,11176.446
4808,3.1871521,11179.634
4809,3.1786368,11182.8125
4810,3.1698828,11185.982
4811,3.170979,11189.153
4812,3.184803,11192.338
4813,3.199994,11195.538
4814,3.2187805,11198.757
4815,3.2348864,11201.992
4816,3.2512224,11205.243
4817,3.2655516,11208.509
4818,3.2800636,11211.789
4819,3.292525,11215.082
4820,3.303528,11218.386
4821,3.312252,11221.698
4822,3.3198717,11225.019
4823,3.3260283,11228.345
4824,3.331437,11231.676
4825,3.335322,11235.011
4826,3.3387918,11238.35
4827,3.3411455,11241.69
4828,3.3439825,11245.034
4829,3.3455021,11248.38
4830,3.3469553,11251.727
4831,3.3474526,11255.074
4832,3.3480966,11258.422
4833,3.3473766,11261.77
4834,3.3466628,11265.116
4835,3.345008,11268.461
4836,3.3420224,11271.803
4837,3.3390608,11275.142
4838,3.3358037,11278.478
4839,3.3333242,11281.811
4840,3.3299289,11285.141
4841,3.3257756,11288.467
4842,3.3200924,11291.787
4843,3.3133993,11295.101
4844,3.306079,11298.406
4845,3.299197,11301.705
4846,3.2925763,11304.998
4847,3.2863557,11308.284
4848,3.2805727,11311.564
4849,3.2752657,11314.84
4850,3.271027,11318.111
4851,3.2669559,11321.378
4852,3.2620099,11324.64
4853,3.256119,11327.8955
4854,3.248603,11331.145
4855,3.2406082,11334.385
4856,3.2317395,11337.616
4857,3.2228549,11340.839
4858,3.2137098,11344.053
4859,3.2048376,11347.258
4860,3.196028,11350.454
4861,3.1879768,11353.642
4862,3.1800206,11356.821
4863,3.1720145,11359.993
4864,3.163423,11363.156
4865,3.1559465,11366.3125
4866,3.1482985,11369.461
4867,3.141966,11372.603
4868,3.1355176,11375.738
4869,3.1296709,11378.868
4870,3.1242948,11381.992
4871,3.121793,11385.114
4872,3.122472,11388.236
4873,3.1280587,11391.364
4874,3.13699,11394.501
4875,3.1477017,11397.648
4876,3.1590106,11400.808
4877,3.1715088,11403.9795
4878,3.1841938,11407.164
4879,3.196726,11410.36
4880,3.2077975,11413.568
4881,3.2179892,11416.786
4882,3.2269332,11420.013
4883,3.2357256,11423.248
4884,3.2438784,11426.492
4885,3.2514522,11429.743
4886,3.2581887,11433.001
4887,3.2639334,11436.265
4888,3.2700093,11439.534
4889,3.275768,11442.81
4890,3.2811632,11446.091
4891,3.2860365,11449.377
4892,3.2914293,11452.668
4893,3.2973845,11455.966
4894,3.3033075,11459.27
4895,3.3073545,11462.577
4896,3.310487,11465.888
4897,3.3125908,11469.2
4898,3.3145263,11472.515
4899,3.3156512,11475.83
4900,3.3169794,11479.147
4901,3.3176765,11482.465
4902,3.3195212,11485.784
4903,3.3192043,11489.104
4904,3.3195436,11492.423
4905,3.317899,11495.741
4906,3.3171084,11499.059
4907,3.314106,11502.373
4908,3.3117745,11505.685
4909,3.3080947,11508.992
4910,3.3044004,11512.297
4911,3.3001235,11515.597
4912,3.2963185,11518.893
4913,3.2911732,11522.184
4914,3.2861083,11525.47
4915,3.2808313,11528.751
4916,3.2757745,11532.026
4917,3.2714403,11535.298
4918,3.267451,11538.565
4919,3.261923,11541.827
4920,3.2562838,11545.083
4921,3.2509181,11548.334
4922,3.2471454,11551.581
4923,3.2439494,11554.825
4924,3.2421002,11558.067
4925,3.2397182,11561.307
4926,3.2424817,11564.549
4927,3.2484522,11567.797
4928,3.2584364,11571.056
4929,3.2685452,11574.324
4930,3.2782004,11577.603
4931,3.2873454,11580.89
4932,3.297149,11584.187
4933,3.3073602,11587.494
4934,3.317926,11590.8125
4935,3.3285532,11594.141
4936,3.3390536,11597.4795
4937,3.347964,11600.827
4938,3.3562036,11604.184
4939,3.3625336,11607.546
4940,3.3682437,11610.914
4941,3.3734546,11614.287
4942,3.3793497,11617.666
4943,3.3839703,11621.05
4944,3.387071,11624.437
4945,3.3894887,11627.826
4946,3.3913264,11631.218
4947,3.3930633,11634.61
4948,3.393485,11638.004
4949,3.3926547,11641.396
4950,3.3913743,11644.788
4951,3.3900757,11648.178
4952,3.3892748,11651.567
4953,3.3877275,11654.955
4954,3.38654,11658.342
4955,3.3851452,11661.727
4956,3.3833318,11665.11
4957,3.3812184,11668.491
4958,3.38031,11671.871
4959,3.3783624,11675.249
4960,3.3754683,11678.624
4961,3.3716807,11681.996
4962,3.3677983,11685.364
4963,3.3638082,11688.729
4964,3.359731,11692.088
4965,3.3554788,11695.443
4966,3.3500106,11698.793
4967,3.3451738,11702.138
4968,3.338592,11705.477
4969,3.3332283,11708.81
4970,3.327768,11712.138
4971,3.323343,11715.461
4972,3.3181329,11718.779
4973,3.312996,11722.093
4974,3.3070214,11725.399
4975,3.3017886,11728.701
4976,3.2963142,11731.997
4977,3.2913792,11735.288
4978,3.2861218,11738.574
4979,3.2814682,11741.855
4980,3.2772157,11745.133
4981,3.2737513,11748.406
4982,3.2707295,11751.677
4983,3.2692065,11754.946
4984,3.2680728,11758.215
4985,3.2674074,11761.482
4986,3.2746944,11764.757
4987,3.2821755,11768.039
4988,3.2922137,11771.331
4989,3.3017497,11774.633
4990,3.311989,11777.944
4991,3.321107,11781.266
4992,3.3310473,11784.597
4993,3.3407583,11787.9375
4994,3.3504817,11791.288
4995,3.3606439,11794.648
4996,3.3716643,11798.0205
4997,3.3786414,11801.399
4998,3.3881748,11804.787
4999,3.39394,11808.181
5000,3.4011126,11811.582
5001,3.4072487,11814.989
5002,3.4140723,11818.403
5003,3.4183192,11821.821
5004,3.4248288,11825.246
5005,3.429823,11828.676
5006,3.4349415,11832.11
5007,3.4396265,11835.55
5008,3.4443846,11838.994
5009,3.4481664,11842.442
5010,3.4522684,11845.895
5011,3.4567554,11849.352
5012,3.459531,11852.812
5013,3.463748,11856.275
5014,3.466261,11859.741
5015,3.469665,11863.211
5016,3.4725423,11866.684
5017,3.4754367,11870.159
5018,3.4773026,11873.637
5019,3.4795504,11877.116
5020,3.480958,11880.598
5021,3.4821367,11884.08
5022,3.4831002,11887.563
5023,3.4845772,11891.048
5024,3.4852552,11894.533
5025,3.4860992,11898.02
5026,3.4864752,11901.506
5027,3.486889,11904.993
5028,3.4862661,11908.4795
5029,3.4857054,11911.965
5030,3.483041,11915.448
5031,3.479659,11918.928
5032,3.4744594,11922.402
5033,3.4694772,11925.872
5034,3.463312,11929.335
5035,3.4573433,11932.792
5036,3.4501173,11936.242
5037,3.4429398,11939.686
5038,3.4336073,11943.119
5039,3.4228246,11946.542
5040,3.4075809,11949.949
5041,3.3884408,11953.338
5042,3.3687816,11956.707
5043,3.3508534,11960.058
5044,3.3351653,11963.393
5045,3.3210666,11966.714
5046,3.3011246,11970.015
5047,3.2802,11973.295
5048,3.2643194,11976.56
5049,3.2571938,11979.816
5050,3.2588546,11983.075
5051,3.2640133,11986.339
5052,3.2676256,11989.606
5053,3.272661,11992.879
5054,3.2758834,11996.155
5055,3.2824676,11999.4375
5056,3.2846062,12002.722
5057,3.2864015,12006.008
5058,3.2829175,12009.291
5059,3.2785814,12012.569
5060,3.2697666,12015.839
5061,3.2594543,12019.099
5062,3.2520332,12022.351
5063,3.247965,12025.599
5064,3.2478423,12028.847
5065,3.249897,12032.097
5066,3.2539778,12035.351
5067,3.2630026,12038.613
5068,3.2780337,12041.892
5069,3.2899961,12045.182
5070,3.2935698,12048.476
5071,3.2950864,12051.7705
5072,3.3038168,12055.074
5073,3.3166854,12058.391
5074,3.3264368,12061.717
5075,3.3356063,12065.053
5076,3.343349,12068.396
5077,3.3517742,12071.748
5078,3.357684,12075.105
5079,3.3647542,12078.471
5080,3.371143,12081.842
5081,3.3777578,12085.22
5082,3.3814936,12088.602
5083,3.385347,12091.987
5084,3.388479,12095.376
5085,3.3909254,12098.767
5086,3.39365,12102.16
5087,3.3968365,12105.557
5088,3.3998141,12108.956
5089,3.4016142,12112.357
5090,3.4030194,12115.761
5091,3.4044847,12119.165
5092,3.4035528,12122.568
5093,3.4012272,12125.97
5094,3.3979323,12129.367
5095,3.394808,12132.762
5096,3.3938255,12136.155
5097,3.3934221,12139.549
5098,3.3958786,12142.944
5099,3.400275,12146.345
5100,3.407673,12149.752
5101,3.414379,12153.166
5102,3.4193804,12156.585
5103,3.41988,12160.005
5104,3.4200094,12163.425
5105,3.4194164,12166.844
5106,3.4180293,12170.262
5107,3.4180384,12173.68
5108,3.415508,12177.095
5109,3.413957,12180.509
5110,3.4112213,12183.92
5111,3.4088879,12187.329
5112,3.408684,12190.737
5113,3.4062335,12194.144
5114,3.4038208,12197.548
5115,3.4005542,12200.948
5116,3.399085,12204.348
5117,3.3982344,12207.746
5118,3.3994315,12211.1455
5119,3.3993022,12214.545
5120,3.4008346,12217.945
5121,3.4001439,12221.346
5122,3.4012258,12224.747
5123,3.4014893,12228.148
5124,3.4041548,12231.553
5125,3.4083297,12234.961
5126,3.4136312,12238.375
5127,3.4184618,12241.794
5128,3.4238145,12245.218
5129,3.4276361,12248.6455
5130,3.4310338,12252.076
5131,3.4342058,12255.511
5132,3.4369051,12258.947
5133,3.4373758,12262.385
5134,3.4370666,12265.822
5135,3.4368052,12269.259
5136,3.4356668,12272.694
5137,3.4351993,12276.13
5138,3.4366295,12279.566
5139,3.439824,12283.006
5140,3.4428928,12286.449
5141,3.4452596,12289.895
5142,3.4483752,12293.343
5143,3.4505985,12296.793
5144,3.4514294,12300.244
5145,3.451486,12303.695
5146,3.4501183,12307.1455
5147,3.44892,12310.595
5148,3.448552,12314.043
5149,3.447458,12317.49
5150,3.4464028,12320.937
5151,3.4449065,12324.382
5152,3.4446607,12327.826
5153,3.4444876,12331.2705
5154,3.4441092,12334.715
5155,3.4430065,12338.158
5156,3.4420602,12341.601
5157,3.441798,12345.042
5158,3.4418678,12348.483
5159,3.442358,12351.926
5160,3.4443827,12355.37
5161,3.4453106,12358.815
5162,3.4473684,12362.263
5163,3.4487472,12365.712
5164,3.450629,12369.162
5165,3.4516375,12372.613
5166,3.4539998,12376.067
5167,3.4565747,12379.524
5168,3.4605522,12382.985
5169,3.4631293,12386.448
5170,3.4658115,12389.914
5171,3.4678853,12393.382
5172,3.4693847,12396.852
5173,3.47049,12400.322
5174,3.4704034,12403.793
5175,3.470765,12407.264
5176,3.4701083,12410.733
5177,3.4694529,12414.203
5178,3.469436,12417.673
5179,3.4688272,12421.142
5180,3.4689782,12424.61
5181,3.4693248,12428.08
5182,3.47083,12431.551
5183,3.4717135,12435.022
5184,3.4723647,12438.495
5185,3.4720917,12441.967
5186,3.470575,12445.4375
5187,3.469132,12448.906
5188,3.4689221,12452.375
5189,3.4692013,12455.844
5190,3.4722002,12459.316
5191,3.4751368,12462.792
5192,3.479753,12466.271
5193,3.4828327,12469.754
5194,3.4855852,12473.239
5195,3.4877431,12476.727
5196,3.4889538,12480.216
5197,3.4899971,12483.706
5198,3.4915357,12487.197
5199,3.4934545,12490.69
5200,3.4966924,12494.1875
5201,3.499006,12497.687
5202,3.5010073,12501.1875
5203,3.5019636,12504.689
5204,3.5026038,12508.192
5205,3.5024395,12511.694
5206,3.5013165,12515.195
5207,3.499941,12518.695
5208,3.4983885,12522.193
5209,3.4955895,12525.688
5210,3.4936328,12529.182
5211,3.4917681,12532.674
5212,3.4911513,12536.165
5213,3.4896622,12539.654
5214,3.4880288,12543.143
5215,3.4846945,12546.627
5216,3.4813418,12550.108
5217,3.478654,12553.587
5218,3.4772272,12557.064
5219,3.4763336,12560.541
5220,3.4773517,12564.019
5221,3.4769843,12567.495
5222,3.4750094,12570.97
5223,3.4725146,12574.442
5224,3.4718027,12577.914
5225,3.4702742,12581.385
5226,3.4679677,12584.853
5227,3.4651318,12588.317
5228,3.4648635,12591.782
5229,3.4624417,12595.245
5230,3.4578679,12598.703
5231,3.452973,12602.156
5232,3.4518535,12605.608
5233,3.4508536,12609.06
5234,3.4535623,12612.513
5235,3.458891,12615.972
5236,3.4611804,12619.433
5237,3.4576972,12622.891
5238,3.453668,12626.345
5239,3.4424129,12629.787
5240,3.4342906,12633.222
5241,3.4266174,12636.648
5242,3.4264805,12640.075
5243,3.433778,12643.509
5244,3.4439843,12646.953
5245,3.4512002,12650.404
5246,3.4547822,12653.859
5247,3.4554126,12657.314
5248,3.4547186,12660.77
5249,3.4487066,12664.218
5250,3.4452987,12667.663
5251,3.4447536,12671.107
5252,3.4435287,12674.551
5253,3.4442015,12677.995
5254,3.4466732,12681.441
5255,3.4515278,12684.893
5256,3.4535406,12688.346
5257,3.4562871,12691.802
5258,3.4595132,12695.262
5259,3.4636328,12698.726
5260,3.4621072,12702.1875
5261,3.4541864,12705.642
5262,3.4501877,12709.092
5263,3.4484901,12712.54
5264,3.4476764,12715.987
5265,3.4447474,12719.432
5266,3.4404652,12722.872
5267,3.4403644,12726.3125
5268,3.4409938,12729.754
5269,3.4347622,12733.188
5270,3.4344246,12736.623
5271,3.44386,12740.067
5272,3.4529567,12743.5205
5273,3.4620209,12746.982
5274,3.4637356,12750.446
5275,3.4624798,12753.909
5276,3.4574635,12757.366
5277,3.4523172,12760.818
5278,3.4539616,12764.272
5279,3.4591844,12767.731
5280,3.4609857,12771.192
5281,3.4569273,12774.649
5282,3.4478946,12778.098
5283,3.436264,12781.534
5284,3.4309871,12784.965
5285,3.424291,12788.389
5286,3.4210243,12791.81
5287,3.4188378,12795.229
5288,3.4204757,12798.649
5289,3.4308722,12802.08
5290,3.439432,12805.52
5291,3.4443147,12808.964
5292,3.4389894,12812.403
5293,3.4309478,12815.834
5294,3.4230297,12819.257
5295,3.4141948,12822.671
5296,3.4101536,12826.081
5297,3.4090838,12829.49
5298,3.4078536,12832.898
5299,3.4087121,12836.308
5300,3.413919,12839.722
5301,3.4223807,12843.145
5302,3.426791,12846.571
5303,3.4289217,12850.0
5304,3.4281557,12853.428
5305,3.4254396,12856.854
5306,3.423561,12860.277
5307,3.4236965,12863.701
5308,3.4282763,12867.13
5309,3.438511,12870.568
5310,3.449486,12874.018
5311,3.4575233,12877.476
5312,3.4579437,12880.934
5313,3.4611702,12884.395
5314,3.4642725,12887.858
5315,3.4683783,12891.327
5316,3.4656534,12894.793
5317,3.4614415,12898.255
5318,3.459288,12901.714
5319,3.4556649,12905.17
5320,3.4543772,12908.624
5321,3.4558783,12912.08
5322,3.4568996,12915.537
5323,3.4541223,12918.991
5324,3.45386,12922.445
5325,3.4565654,12925.902
5326,3.4602673,12929.362
5327,3.462043,12932.824
5328,3.462863,12936.287
5329,3.4635274,12939.751
5330,3.4643614,12943.216
5331,3.46472,12946.681
5332,3.4628103,12950.144
5333,3.4596386,12953.604
5334,3.4613748,12957.064
5335,3.4661496,12960.53
5336,3.4702094,12964.0
5337,3.4743474,12967.475
5338,3.479525,12970.954
5339,3.483739,12974.4375
5340,3.4846935,12977.922
5341,3.4862075,12981.408
5342,3.4866085,12984.895
5343,3.4858587,12988.381
5344,3.484787,12991.865
5345,3.4817498,12995.347
5346,3.479204,12998.826
5347,3.477691,13002.304
5348,3.4756422,13005.779
5349,3.4722438,13009.252
5350,3.4657052,13012.718
5351,3.4444778,13016.162
5352,3.427021,13019.589
5353,3.4125946,13023.001
5354,3.4036827,13026.404
5355,3.3916836,13029.796
5356,3.3837872,13033.18
5357,3.3772168,13036.557
5358,3.3692403,13039.926
5359,3.365896,13043.292
5360,3.3700473,13046.662
5361,3.384685,13050.047
5362,3.3801527,13053.427
5363,3.366169,13056.793
5364,3.362995,13060.156
5365,3.374465,13063.53
5366,3.3872912,13066.918
5367,3.395499,13070.313
5368,3.3837068,13073.697
5369,3.3723724,13077.069
5370,3.3677263,13080.4375
5371,3.3638065,13083.802
5372,3.3611617,13087.163
5373,3.3627598,13090.525
5374,3.3675342,13093.893
5375,3.3694715,13097.262
5376,3.366202,13100.628
5377,3.3614888,13103.989
5378,3.354956,13107.344
5379,3.3439326,13110.6875
5380,3.3318295,13114.02
5381,3.3176436,13117.337
5382,3.3106167,13120.647
5383,3.3095517,13123.957
5384,3.3124967,13127.27
5385,3.3126318,13130.582
5386,3.3133743,13133.8955
5387,3.3146281,13137.21
5388,3.316618,13140.526
5389,3.3213668,13143.848
5390,3.3275673,13147.175
5391,3.334228,13150.509
5392,3.3381972,13153.847
5393,3.3430746,13157.189
5394,3.3488052,13160.538
5395,3.3556452,13163.894
5396,3.3587573,13167.252
5397,3.3617983,13170.613
5398,3.3619587,13173.976
5399,3.3621557,13177.338
5400,3.3665526,13180.704
5401,3.3744478,13184.078
5402,3.3829222,13187.461
5403,3.3915443,13190.853
5404,3.400134,13194.253
5405,3.4061046,13197.659
5406,3.410227,13201.069
5407,3.4151697,13204.484
5408,3.4203799,13207.904
5409,3.4236138,13211.328
5410,3.4256337,13214.754
5411,3.426526,13218.181
5412,3.4289157,13221.609
5413,3.431704,13225.041
5414,3.4366033,13228.478
5415,3.4433916,13231.921
5416,3.4511232,13235.372
5417,3.4580128,13238.83
5418,3.463946,13242.294
5419,3.4697592,13245.764
5420,3.4726205,13249.236
5421,3.4744034,13252.711
5422,3.47556,13256.187
5423,3.4772334,13259.664
5424,3.4775493,13263.142
5425,3.478472,13266.62
5426,3.4781163,13270.099
5427,3.477463,13273.576
5428,3.4781747,13277.055
5429,3.4788265,13280.533
5430,3.4784923,13284.012
5431,3.4787526,13287.49
5432,3.4787738,13290.969
5433,3.4789822,13294.447
5434,3.4776525,13297.925
5435,3.4767263,13301.401
5436,3.477501,13304.879
5437,3.4779582,13308.356
5438,3.476992,13311.833
5439,3.4760964,13315.31
5440,3.474287,13318.784
5441,3.4738312,13322.258
5442,3.471968,13325.7295
5443,3.4697714,13329.199
5444,3.4663744,13332.666
5445,3.461878,13336.128
5446,3.4575534,13339.586
5447,3.4526622,13343.039
5448,3.4496427,13346.488
5449,3.443453,13349.932
5450,3.432418,13353.364
5451,3.411215,13356.775
5452,3.4095218,13360.185
5453,3.4150026,13363.6
5454,3.4207764,13367.0205
5455,3.4315202,13370.452
5456,3.4364529,13373.889
5457,3.4422894,13377.331
5458,3.4436233,13380.774
5459,3.4458406,13384.221
5460,3.4378338,13387.658
5461,3.421371,13391.079
5462,3.4116297,13394.491
5463,3.40077,13397.892
5464,3.3956065,13401.287
5465,3.3894565,13404.677
5466,3.3852124,13408.062
5467,3.3800194,13411.441
5468,3.3776956,13414.819
5469,3.3779569,13418.197
5470,3.3787909,13421.576
5471,3.3802319,13424.956
5472,3.381979,13428.338
5473,3.3848927,13431.723
5474,3.387212,13435.11
5475,3.3877752,13438.498
5476,3.3843126,13441.883
5477,3.3786907,13445.262
5478,3.375055,13448.637
5479,3.373141,13452.01
5480,3.3755279,13455.386
5481,3.385618,13458.771
5482,3.3933382,13462.165
5483,3.3977673,13465.5625
5484,3.3967023,13468.959
5485,3.3933303,13472.353
5486,3.3919253,13475.744
5487,3.3922484,13479.137
5488,3.390718,13482.527
5489,3.3894925,13485.917
5490,3.3899503,13489.307
5491,3.4056618,13492.712
5492,3.4229403,13496.135
5493,3.4374988,13499.572
5494,3.433045,13503.005
5495,3.4180765,13506.423
5496,3.4051878,13509.828
5497,3.3852513,13513.213
5498,3.368479,13516.581
5499,3.3518457,13519.933
5500,3.3484447,13523.281
5501,3.350217,13526.632
5502,3.3559155,13529.987
5503,3.3615685,13533.349
5504,3.3654468,13536.714
5505,3.368905,13540.083
5506,3.3701031,13543.453
5507,3.3714714,13546.824
5508,3.371089,13550.195
5509,3.3731852,13553.568
5510,3.3749788,13556.943
5511,3.3744824,13560.317
5512,3.3741152,13563.691
5513,3.3766458,13567.068
5514,3.3815658,13570.45
5515,3.3866365,13573.837
5516,3.3875554,13577.225
5517,3.3852644,13580.61
5518,3.3834772,13583.994
5519,3.3812802,13587.375
5520,3.3809214,13590.756
5521,3.3817923,13594.138
5522,3.3810835,13597.519
5523,3.381198,13600.899
5524,3.3815749,13604.281
5525,3.3838382,13607.665
5526,3.3834758,13611.049
5527,3.3818667,13614.431
5528,3.3816202,13617.8125
5529,3.3829143,13621.195
5530,3.3835995,13624.579
5531,3.3820372,13627.961
5532,3.3853438,13631.347
5533,3.3946557,13634.741
5534,3.399509,13638.141
5535,3.395881,13641.536
5536,3.3897378,13644.926
5537,3.38329,13648.309
5538,3.380729,13651.689
5539,3.3797023,13655.069
5540,3.3773668,13658.446
5541,3.3719528,13661.818
5542,3.3653784,13665.184
5543,3.365757,13668.55
5544,3.36895,13671.919
5545,3.372205,13675.291
5546,3.3717232,13678.663
5547,3.3627594,13682.025
5548,3.355897,13685.381
5549,3.353998,13688.734
5550,3.3568814,13692.091
5551,3.3598356,13695.45
5552,3.363352,13698.813
5553,3.3670833,13702.181
5554,3.372176,13705.553
5555,3.3795962,13708.933
5556,3.3815918,13712.314
5557,3.3813808,13715.696
5558,3.3798559,13719.076
5559,3.3801568,13722.456
5560,3.3841155,13725.84
5561,3.390004,13729.2295
5562,3.392159,13732.622
5563,3.3922093,13736.015
5564,3.3913553,13739.406
5565,3.3880298,13742.794
5566,3.3868876,13746.181
5567,3.3885336,13749.569
5568,3.390035,13752.959
5569,3.3933718,13756.353
5570,3.3993196,13759.752
5571,3.410621,13763.162
5572,3.4170656,13766.579
5573,3.422903,13770.002
5574,3.42347,13773.426
5575,3.4244206,13776.851
5576,3.4223452,13780.272
5577,3.415493,13783.6875
5578,3.410177,13787.098
5579,3.4070425,13790.505
5580,3.4077022,13793.912
5581,3.4073496,13797.319
5582,3.405533,13800.725
5583,3.4019246,13804.127
5584,3.4026172,13807.529
5585,3.4069812,13810.937
5586,3.4129643,13814.35
5587,3.4209785,13817.7705
5588,3.428134,13821.198
5589,3.4341516,13824.633
5590,3.438438,13828.071
5591,3.4422383,13831.514
5592,3.4449248,13834.959
5593,3.4470918,13838.406
5594,3.4498196,13841.856
5595,3.4514723,13845.308
5596,3.4538918,13848.762
5597,3.4558501,13852.218
5598,3.457088,13855.675
5599,3.4590635,13859.134
5600,3.4601042,13862.594
5601,3.4602752,13866.054
5602,3.4600296,13869.514
5603,3.4606562,13872.975
5604,3.4613206,13876.436
5605,3.4620929,13879.897
5606,3.4636776,13883.361
5607,3.4652505,13886.826
5608,3.4673624,13890.294
5609,3.469752,13893.764
5610,3.4721158,13897.235
5611,3.4731307,13900.708
5612,3.4737332,13904.182
5613,3.4751513,13907.657
5614,3.4766855,13911.134
5615,3.479612,13914.613
5616,3.4832034,13918.097
5617,3.4857745,13921.582
5618,3.4878492,13925.07
5619,3.4890783,13928.56
5620,3.4907026,13932.05
5621,3.492709,13935.543
5622,3.4947472,13939.038
5623,3.4961119,13942.534
5624,3.4969797,13946.031
5625,3.4972677,13949.528
5626,3.497398,13953.025
5627,3.497546,13956.522
5628,3.496708,13960.02
5629,3.4961934,13963.516
5630,3.4957073,13967.012
5631,3.4953032,13970.507
5632,3.4940712,13974.001
5633,3.4932506,13977.494
5634,3.491361,13980.985
5635,3.4890258,13984.475
5636,3.4865584,13987.961
5637,3.4846277,13991.445
5638,3.4832225,13994.929
5639,3.4816005,13998.41
5640,3.4800298,14001.891
5641,3.4778054,14005.368
5642,3.476388,14008.845
5643,3.475328,14012.32
5644,3.4748235,14015.795
5645,3.4753587,14019.2705
5646,3.475719,14022.746
5647,3.4749281,14026.221
5648,3.4739766,14029.694
5649,3.4733303,14033.168
5650,3.4729495,14036.641
5651,3.4725037,14040.113
5652,3.4710383,14043.584
5653,3.46988,14047.054
5654,3.4686394,14050.522
5655,3.4677005,14053.99
5656,3.4652557,14057.455
5657,3.4614391,14060.917
5658,3.4585676,14064.376
5659,3.456502,14067.832
5660,3.455859,14071.288
5661,3.4559252,14074.744
5662,3.4545898,14078.199
5663,3.4525766,14081.651
5664,3.4503508,14085.102
5665,3.4457333,14088.547
5666,3.4453835,14091.992
5667,3.4486697,14095.44
5668,3.450966,14098.892
5669,3.4537704,14102.346
5670,3.4542897,14105.8
5671,3.4519012,14109.252
5672,3.449992,14112.702
5673,3.4488094,14116.151
5674,3.4469256,14119.599
5675,3.4447231,14123.043
5676,3.4450576,14126.488
5677,3.4470646,14129.936
5678,3.4474447,14133.383
5679,3.4478564,14136.831
5680,3.448827,14140.28
5681,3.4502068,14143.73
5682,3.451933,14147.183
5683,3.4531286,14150.636
5684,3.4544742,14154.09
5685,3.4559817,14157.546
5686,3.457497,14161.003
5687,3.4595141,14164.463
5688,3.4615948,14167.925
5689,3.4636028,14171.389
5690,3.465681,14174.8545
5691,3.4670148,14178.321
5692,3.4686718,14181.79
5693,3.47059,14185.261
5694,3.473646,14188.734
5695,3.4756942,14192.21
5696,3.4781237,14195.688
5697,3.479756,14199.168
5698,3.4809482,14202.648
5699,3.4834507,14206.132
5700,3.485765,14209.617
5701,3.4872472,14213.1045
5702,3.4884632,14216.593
5703,3.4884384,14220.081
5704,3.4883466,14223.569
5705,3.487921,14227.058
5706,3.486497,14230.544
5707,3.4856472,14234.029
5708,3.4842467,14237.514
5709,3.4830961,14240.997
5710,3.4821408,14244.4795
5711,3.4813526,14247.961
5712,3.4796894,14251.44
5713,3.478334,14254.919
5714,3.4781663,14258.397
5715,3.4792495,14261.877
5716,3.4805582,14265.357
5717,3.4812322,14268.839
5718,3.4819324,14272.32
5719,3.4818747,14275.802
5720,3.48229,14279.284
5721,3.4831798,14282.768
5722,3.4834955,14286.251
5723,3.4843853,14289.735
5724,3.4842467,14293.22
5725,3.4846542,14296.704
5726,3.4850366,14300.189
5727,3.486029,14303.676
5728,3.485344,14307.161
5729,3.4848483,14310.6455
5730,3.4838,14314.129
5731,3.4822183,14317.611
5732,3.480412,14321.092
5733,3.4781613,14324.57
5734,3.4768643,14328.047
5735,3.4756122,14331.522
5736,3.4756374,14334.998
5737,3.4748142,14338.473
5738,3.4739456,14341.946
5739,3.471959,14345.418
5740,3.470873,14348.889
5741,3.4692829,14352.358
5742,3.4664888,14355.825
5743,3.4615724,14359.287
5744,3.4592192,14362.746
5745,3.4586682,14366.205
5746,3.4595692,14369.665
5747,3.4610214,14373.126
5748,3.462655,14376.589
5749,3.462508,14380.052
5750,3.462932,14383.515
5751,3.463484,14386.979
5752,3.4661436,14390.444
5753,3.469545,14393.914
5754,3.4708192,14397.385
5755,3.472538,14400.857
5756,3.4724612,14404.33
5757,3.4721134,14407.802
5758,3.470756,14411.272
5759,3.4694479,14414.742
5760,3.4689236,14418.211
5761,3.4682128,14421.679
5762,3.4678972,14425.146
5763,3.4649138,14428.611
5764,3.4628432,14432.074
5765,3.4545171,14435.528
5766,3.4466276,14438.975
5767,3.442865,14442.417
5768,3.4473815,14445.864
5769,3.4542556,14449.318
5770,3.4536273,14452.772
5771,3.4497194,14456.223
5772,3.4470742,14459.67
5773,3.4466696,14463.116
5774,3.4428236,14466.559
5775,3.4360712,14469.995
5776,3.437026,14473.433
5777,3.4425778,14476.875
5778,3.4454904,14480.32
5779,3.4487295,14483.769
5780,3.450361,14487.219
5781,3.4521875,14490.671
5782,3.4518847,14494.123
5783,3.4493856,14497.572
5784,3.4466236,14501.019
5785,3.44847,14504.467
5786,3.4531035,14507.92
5787,3.4584997,14511.379
5788,3.4607968,14514.84
5789,3.4584846,14518.298
5790,3.4553409,14521.753
5791,3.451161,14525.204
5792,3.4515228,14528.655
5793,3.4508302,14532.106
5794,3.4516363,14535.558
5795,3.451068,14539.009
5796,3.4475474,14542.456
5797,3.4460008,14545.902
5798,3.4485466,14549.351
5799,3.4510145,14552.802
5800,3.4534774,14556.255
5801,3.4582183,14559.713
5802,3.4599423,14563.173
5803,3.4586587,14566.632
5804,3.451689,14570.084
5805,3.4428616,14573.526
5806,3.4395878,14576.966
5807,3.4396267,14580.405
5808,3.4376156,14583.843
5809,3.4308112,14587.273
5810,3.422807,14590.696
5811,3.411169,14594.107
5812,3.403044,14597.511
5813,3.394904,14600.905
5814,3.3928626,14604.298
5815,3.392029,14607.689
5816,3.386576,14611.076
5817,3.3819647,14614.458
5818,3.383058,14617.841
5819,3.3932354,14621.234
5820,3.3922815,14624.627
5821,3.3789198,14628.006
5822,3.365693,14631.371
5823,3.355493,14634.727
5824,3.3514798,14638.078
5825,3.3539052,14641.432
5826,3.3614235,14644.793
5827,3.3758438,14648.169
5828,3.3842807,14651.554
5829,3.3909807,14654.944
5830,3.3911786,14658.336
5831,3.391899,14661.728
5832,3.3929706,14665.12
5833,3.394939,14668.515
5834,3.3957458,14671.91
5835,3.3948054,14675.305
5836,3.3957357,14678.7
5837,3.3922577,14682.093
5838,3.389123,14685.481
5839,3.3864725,14688.868
5840,3.3878558,14692.256
5841,3.3921793,14695.648
5842,3.398056,14699.047
5843,3.4053085,14702.452
5844,3.4082108,14705.86
5845,3.4061525,14709.267
5846,3.4054675,14712.672
5847,3.403654,14716.075
5848,3.406537,14719.481
5849,3.4119735,14722.894
5850,3.4170902,14726.311
5851,3.4208653,14729.731
5852,3.4248095,14733.156
5853,3.4311078,14736.587
5854,3.4355197,14740.022
5855,3.440407,14743.463
5856,3.4448133,14746.907
5857,3.449418,14750.356
5858,3.4520183,14753.809
5859,3.4532132,14757.262
5860,3.4548833,14760.717
5861,3.4572802,14764.174
5862,3.4585462,14767.633
5863,3.4615042,14771.095
5864,3.4637096,14774.559
5865,3.465973,14778.024
5866,3.469448,14781.494
5867,3.4732559,14784.968
5868,3.4762764,14788.444
5869,3.4783583,14791.923
5870,3.4801333,14795.403
5871,3.482058,14798.886
5872,3.4836383,14802.369
5873,3.4852834,14805.8545
5874,3.4861572,14809.341
5875,3.4859648,14812.827
5876,3.485217,14816.3125
5877,3.4849508,14819.798
5878,3.4838138,14823.281
5879,3.4838738,14826.765
5880,3.48367,14830.248
5881,3.4824963,14833.73
5882,3.4814253,14837.212
5883,3.4803097,14840.692
5884,3.4801707,14844.173
5885,3.4800704,14847.653
5886,3.4793081,14851.133
5887,3.4782343,14854.611
5888,3.4782577,14858.09
5889,3.4781795,14861.568
5890,3.4779754,14865.046
5891,3.477405,14868.523
5892,3.476888,14872.0
5893,3.4769247,14875.477
5894,3.475466,14878.952
5895,3.4741697,14882.427
5896,3.4737163,14885.9
5897,3.4740841,14889.374
5898,3.4737425,14892.848
5899,3.4726427,14896.32
5900,3.4708269,14899.791
5901,3.4691403,14903.26
5902,3.4683304,14906.729
5903,3.4668493,14910.195
5904,3.466921,14913.662
5905,3.466906,14917.129
5906,3.4671085,14920.596
5907,3.4670062,14924.0625
5908,3.4674249,14927.53
5909,3.4683852,14930.999
5910,3.4678485,14934.467
5911,3.4683328,14937.936
5912,3.4684808,14941.404
5913,3.4652038,14944.869
5914,3.4627266,14948.332
5915,3.4610054,14951.793
5916,3.4638813,14955.257
5917,3.4678,14958.725
5918,3.4684153,14962.193
5919,3.4662588,14965.659
5920,3.4639044,14969.123
5921,3.4610584,14972.584
5922,3.4607456,14976.045
5923,3.4622695,14979.507
5924,3.4636412,14982.971
5925,3.4664733,14986.4375
5926,3.4672158,14989.904
5927,3.4660764,14993.37
5928,3.4636316,14996.834
5929,3.46088,15000.295
5930,3.457702,15003.753
5931,3.4557748,15007.209
5932,3.457257,15010.666
5933,3.4608393,15014.127
5934,3.4622421,15017.589
5935,3.46174,15021.051
5936,3.460095,15024.511
5937,3.4571347,15027.968
5938,3.4555597,15031.423
5939,3.4555001,15034.878
5940,3.4580853,15038.336
5941,3.4625654,15041.799
5942,3.4651709,15045.264
5943,3.4671583,15048.73
5944,3.4654994,15052.196
5945,3.4639006,15055.66
5946,3.462347,15059.122
5947,3.461956,15062.584
5948,3.4614885,15066.046
5949,3.4585752,15069.505
5950,3.4541807,15072.959
5951,3.4487286,15076.407
5952,3.443923,15079.852
5953,3.4401186,15083.292
5954,3.4369779,15086.729
5955,3.4350808,15090.164
5956,3.431502,15093.596
5957,3.4323375,15097.028
5958,3.4375045,15100.466
5959,3.4412892,15103.907
5960,3.43846,15107.346
5961,3.4328089,15110.778
5962,3.4263082,15114.205
5963,3.4165933,15117.622
5964,3.4131327,15121.035
5965,3.415568,15124.451
5966,3.4184487,15127.869
5967,3.422312,15131.291
5968,3.4245496,15134.716
5969,3.4250865,15138.141
5970,3.4242086,15141.564
5971,3.4290462,15144.993
5972,3.4345033,15148.428
5973,3.4383764,15151.866
5974,3.438845,15155.305
5975,3.4377673,15158.742
5976,3.4392562,15162.182
5977,3.445643,15165.627
5978,3.4489877,15169.076
5979,3.4466534,15172.522
5980,3.4444542,15175.967
5981,3.4438562,15179.411
5982,3.446189,15182.857
5983,3.4494333,15186.307
5984,3.4489827,15189.756
5985,3.4441128,15193.2
5986,3.4383235,15196.639
5987,3.4313765,15200.07
5988,3.4276915,15203.498
5989,3.4252882,15206.923
5990,3.4286258,15210.352
5991,3.4343157,15213.786
5992,3.4424126,15217.229
5993,3.4519234,15220.681
5994,3.4540372,15224.135
5995,3.4537866,15227.589
5996,3.4539025,15231.043
5997,3.4517055,15234.495
5998,3.4491277,15237.944
5999,3.4483888,15241.393
6000,3.4498687,15244.843
6001,3.4525604,15248.295
6002,3.4529803,15251.748
6003,3.4518738,15255.2
6004,3.4501822,15258.65
6005,3.4457812,15262.096
6006,3.4400246,15265.536
6007,3.4334545,15268.97
6008,3.432761,15272.402
6009,3.4340122,15275.836
6010,3.433045,15279.269
6011,3.4302778,15282.699
6012,3.4287047,15286.128
6013,3.426173,15289.554
6014,3.4211135,15292.975
6015,3.4157784,15296.391
6016,3.4167705,15299.808
6017,3.424076,15303.231
6018,3.4272249,15306.658
6019,3.4262877,15310.085
6020,3.419857,15313.505
6021,3.4132223,15316.918
6022,3.4129076,15320.331
6023,3.4139261,15323.745
6024,3.4170964,15327.162
6025,3.4216385,15330.584
6026,3.4255939,15334.01
6027,3.42907,15337.438
6028,3.4289157,15340.867
6029,3.4283,15344.296
6030,3.4304779,15347.727
6031,3.4338083,15351.16
6032,3.4360056,15354.596
6033,3.4375436,15358.033
6034,3.4408593,15361.474
6035,3.4448493,15364.919
6036,3.449445,15368.368
6037,3.4511874,15371.819
6038,3.4521203,15375.271
6039,3.4517887,15378.724
6040,3.4525473,15382.176
6041,3.4532712,15385.629
6042,3.4558709,15389.085
6043,3.4582534,15392.543
6044,3.4602947,15396.003
6045,3.4618468,15399.465
6046,3.463012,15402.928
6047,3.4655173,15406.394
6048,3.4683287,15409.862
6049,3.4709854,15413.333
6050,3.472291,15416.806
6051,3.473642,15420.279
6052,3.474374,15423.754
6053,3.474953,15427.229
6054,3.473499,15430.702
6055,3.471986,15434.174
6056,3.4700494,15437.644
6057,3.468751,15441.112
6058,3.4687924,15444.581
6059,3.4689188,15448.05
6060,3.4695938,15451.52
6061,3.4710205,15454.99
6062,3.472504,15458.463
6063,3.4734373,15461.937
6064,3.4750838,15465.411
6065,3.4763885,15468.888
6066,3.478031,15472.366
6067,3.4791107,15475.846
6068,3.4790466,15479.325
6069,3.4785588,15482.804
6070,3.4772084,15486.281
6071,3.4767392,15489.758
6072,3.4772997,15493.235
6073,3.4785757,15496.714
6074,3.4797087,15500.193
6075,3.4804895,15503.674
6076,3.4810681,15507.155
6077,3.4815154,15510.637
6078,3.480924,15514.117
6079,3.4802327,15517.598
6080,3.4784734,15521.076
6081,3.4751787,15524.552
6082,3.4711854,15528.022
6083,3.466314,15531.489
6084,3.4615076,15534.951
6085,3.4542031,15538.405
6086,3.4480133,15541.854
6087,3.4408078,15545.294
6088,3.4359708,15548.7295
6089,3.429857,15552.159
6090,3.421049,15555.58
6091,3.4166677,15558.997
6092,3.415822,15562.413
6093,3.417348,15565.83
6094,3.4189587,15569.249
6095,3.418441,15572.667
6096,3.4174778,15576.084
6097,3.416258,15579.5
6098,3.418816,15582.919
6099,3.4262009,15586.345
6100,3.4320688,15589.776
6101,3.4341664,15593.211
6102,3.4311974,15596.643
6103,3.4296765,15600.072
6104,3.4290254,15603.501
6105,3.428888,15606.93
6106,3.4297879,15610.359
6107,3.4323037,15613.792
6108,3.4343097,15617.227
6109,3.4351223,15620.662
6110,3.4353979,15624.098
6111,3.434517,15627.532
6112,3.435385,15630.968
6113,3.4368362,15634.404
6114,3.4392786,15637.844
6115,3.4434361,15641.287
6116,3.4479535,15644.735
6117,3.45186,15648.1875
6118,3.4538534,15651.642
6119,3.454967,15655.097
6120,3.4557278,15658.553
6121,3.4557462,15662.009
6122,3.4583697,15665.467
6123,3.4602597,15668.927
6124,3.4635375,15672.391
6125,3.4679534,15675.858
6126,3.4708078,15679.329
6127,3.4733248,15682.803
6128,3.4738393,15686.276
6129,3.4746714,15689.751
6130,3.4753063,15693.227
6131,3.4772916,15696.704
6132,3.479192,15700.184
6133,3.480367,15703.664
6134,3.4803746,15707.145
6135,3.4795666,15710.624
6136,3.4788415,15714.103
6137,3.479568,15717.582
6138,3.4813464,15721.063
6139,3.4837008,15724.547
6140,3.4856927,15728.032
6141,3.4864202,15731.519
6142,3.4867775,15735.005
6143,3.4862812,15738.491
6144,3.4863439,15741.978
6145,3.4869592,15745.465
6146,3.4875033,15748.952
6147,3.4877596,15752.439
6148,3.487805,15755.928
6149,3.4874792,15759.415
6150,3.4868774,15762.902
6151,3.4868534,15766.39
6152,3.486413,15769.876
6153,3.4863567,15773.362
6154,3.4857318,15776.848
6155,3.4864004,15780.334
6156,3.4879863,15783.822
6157,3.489282,15787.312
6158,3.4906206,15790.802
6159,3.4908938,15794.293
6160,3.4916615,15797.784
6161,3.4918454,15801.276
6162,3.4917247,15804.769
6163,3.490225,15808.259
6164,3.488212,15811.747
6165,3.4863074,15815.233
6166,3.4852188,15818.719
6167,3.4850638,15822.204
6168,3.4834986,15825.6875
6169,3.480406,15829.168
6170,3.4756417,15832.644
6171,3.4695065,15836.113
6172,3.4655473,15839.579
6173,3.462757,15843.042
6174,3.4629626,15846.505
6175,3.4653313,15849.97
6176,3.467259,15853.437
6177,3.46895,15856.905
6178,3.471291,15860.377
6179,3.4723523,15863.85
6180,3.4725914,15867.322
6181,3.4716012,15870.794
6182,3.4718432,15874.266
6183,3.473087,15877.738
6184,3.4748354,15881.213
6185,3.4755948,15884.688
6186,3.4757268,15888.164
6187,3.4746814,15891.639
6188,3.473999,15895.112
6189,3.4718344,15898.584
6190,3.4714074,15902.056
6191,3.4720972,15905.527
6192,3.4751153,15909.003
6193,3.477315,15912.48
6194,3.477644,15915.958
6195,3.4757347,15919.434
6196,3.4751284,15922.909
6197,3.477415,15926.387
6198,3.4797585,15929.866
6199,3.482768,15933.349
6200,3.4839885,15936.833
6201,3.4835362,15940.316
6202,3.4812517,15943.798
6203,3.4789126,15947.276
6204,3.4763935,15950.753
6205,3.472977,15954.226
6206,3.469824,15957.695
6207,3.4675207,15961.163
6208,3.4661376,15964.629
6209,3.464837,15968.094
6210,3.46206,15971.556
6211,3.4589877,15975.015
6212,3.458335,15978.473
6213,3.4582934,15981.931
6214,3.4576383,15985.389
6215,3.456408,15988.845
6216,3.4548745,15992.3
6217,3.4547908,15995.755
6218,3.455813,15999.211
6219,3.4575014,16002.668
6220,3.4575078,16006.125
6221,3.4572194,16009.582
6222,3.4547033,16013.037
6223,3.4523244,16016.489
6224,3.4481716,16019.9375
6225,3.4437575,16023.381
6226,3.4388325,16026.819
6227,3.4319344,16030.251
6228,3.4263034,16033.678
6229,3.421607,16037.1
6230,3.4179864,16040.518
6231,3.4143088,16043.932
6232,3.4098985,16047.342
6233,3.408333,16050.75
6234,3.4073286,16054.157
6235,3.4079874,16057.565
6236,3.406698,16060.972
6237,3.4075966,16064.379
6238,3.40752,16067.786
6239,3.4084344,16071.194
6240,3.4077218,16074.603
6241,3.4071453,16078.01
6242,3.405407,16081.415
6243,3.4054797,16084.82
6244,3.4052892,16088.226
6245,3.4059858,16091.632
6246,3.4050066,16095.037
6247,3.4043431,16098.441
6248,3.403567,16101.845
6249,3.402415,16105.247
6250,3.4016027,16108.648
6251,3.4003618,16112.049
6252,3.3982058,16115.447
6253,3.39437,16118.842
6254,3.3904102,16122.232
6255,3.3865416,16125.619
6256,3.3840325,16129.003
6257,3.3812091,16132.384
6258,3.3789089,16135.763
6259,3.37745,16139.141
6260,3.3756955,16142.517
6261,3.3747115,16145.892
6262,3.3751059,16149.267
6263,3.3744216,16152.641
6264,3.3732052,16156.014
6265,3.3721569,16159.386
6266,3.371613,16162.758
6267,3.3716388,16166.13
6268,3.3708851,16169.501
6269,3.369546,16172.87
6270,3.3697274,16176.24
6271,3.3703413,16179.61
6272,3.3733184,16182.983
6273,3.37519,16186.358
6274,3.375323,16189.733
6275,3.373433,16193.106
6276,3.372121,16196.479
6277,3.368744,16199.848
6278,3.3654003,16203.213
6279,3.362322,16206.575
6280,3.3586617,16209.934
6281,3.356485,16213.29
6282,3.3550758,16216.6455
6283,3.3529174,16219.998
6284,3.350921,16223.349
6285,3.3483827,16226.697
6286,3.3448286,16230.042
6287,3.3410692,16233.383
6288,3.3366632,16236.72
6289,3.3329217,16240.053
6290,3.329561,16243.382
6291,3.3264043,16246.708
6292,3.3236141,16250.031
6293,3.3204741,16253.352
6294,3.3170254,16256.669
6295,3.313222,16259.982
6296,3.3119686,16263.294
6297,3.3099935,16266.604
6298,3.3087924,16269.912
6299,3.3050854,16273.217
6300,3.3008919,16276.518
6301,3.2953403,16279.8125
6302,3.289462,16283.102
6303,3.2839394,16286.386
6304,3.2791607,16289.665
6305,3.274474,16292.939
6306,3.2712274,16296.211
6307,3.2680767,16299.4795
6308,3.2644587,16302.744
6309,3.2598398,16306.004
6310,3.2544634,16309.259
6311,3.2493825,16312.508
6312,3.2452068,16315.753
6313,3.2417321,16318.995
6314,3.2390106,16322.234
6315,3.2349925,16325.47
6316,3.2309065,16328.7
6317,3.2265155,16331.927
6318,3.2239354,16335.15
6319,3.2206583,16338.371
6320,3.217499,16341.589
6321,3.2128105,16344.802
6322,3.2068853,16348.009
6323,3.1998384,16351.209
6324,3.1930642,16354.402
6325,3.1869829,16357.589
6326,3.1832037,16360.772
6327,3.1786969,16363.951
6328,3.1761203,16367.127
6329,3.1724792,16370.3
6330,3.170386,16373.47
6331,3.1668668,16376.637
6332,3.1654634,16379.802
6333,3.1620924,16382.964
6334,3.1607742,16386.125
6335,3.1569583,16389.281
6336,3.1551712,16392.436
6337,3.151426,16395.588
6338,3.1502423,16398.738
6339,3.147751,16401.887
6340,3.1466894,16405.033
6341,3.143336,16408.176
6342,3.142663,16411.318
6343,3.1412365,16414.459
6344,3.1442196,16417.604
6345,3.1454916,16420.748
6346,3.1487277,16423.896
6347,3.1481404,16427.045
6348,3.1496997,16430.195
6349,3.1483254,16433.344
6350,3.1486983,16436.492
6351,3.146033,16439.639
6352,3.1465595,16442.785
6353,3.144078,16445.93
6354,3.1449623,16449.074
6355,3.1440856,16452.219
6356,3.1488032,16455.367
6357,3.149846,16458.518
6358,3.1540146,16461.672
6359,3.1531644,16464.824
6360,3.155341,16467.98
6361,3.1520412,16471.133
6362,3.1528704,16474.285
6363,3.1503754,16477.436
6364,3.1537964,16480.59
6365,3.1544342,16483.744
6366,3.1596649,16486.904
6367,3.1599643,16490.064
6368,3.164074,16493.229
6369,3.1639416,16496.393
6370,3.1674035,16499.56
6371,3.1652079,16502.727
6372,3.1668613,16505.893
6373,3.1637456,16509.057
6374,3.165461,16512.223
6375,3.1636214,16515.387
6376,3.1673682,16518.555
6377,3.1685834,16521.723
6378,3.1744554,16524.896
6379,3.1771417,16528.074
6380,3.1830263,16531.258
6381,3.1846263,16534.443
6382,3.187732,16537.63
6383,3.187433,16540.818
6384,3.1889539,16544.008
6385,3.1887054,16547.197
6386,3.189471,16550.387
6387,3.1886492,16553.576
6388,3.190507,16556.768
6389,3.191536,16559.959
6390,3.1931343,16563.152
6391,3.1915295,16566.344
6392,3.1879704,16569.531
6393,3.1828952,16572.715
6394,3.1805174,16575.895
6395,3.1808465,16579.076
6396,3.1836727,16582.26
6397,3.1863492,16585.445
6398,3.1901813,16588.635
6399,3.1942918,16591.828
6400,3.1969116,16595.025
6401,3.1952753,16598.22
6402,3.1929672,16601.414
6403,3.1918843,16604.605
6404,3.192786,16607.799
6405,3.1945312,16610.994
6406,3.1965652,16614.191
6407,3.1976614,16617.389
6408,3.199156,16620.588
6409,3.201246,16623.79
6410,3.2045436,16626.994
6411,3.2097063,16630.203
6412,3.2174616,16633.42
6413,3.2232823,16636.643
6414,3.2253106,16639.867
6415,3.2250586,16643.092
6416,3.2231455,16646.314
6417,3.2217686,16649.537
6418,3.2220058,16652.76
6419,3.2217178,16655.982
6420,3.2211263,16659.203
6421,3.2199783,16662.424
6422,3.219823,16665.645
6423,3.2192607,16668.863
6424,3.2170105,16672.08
6425,3.2140837,16675.295
6426,3.2110326,16678.506
6427,3.2087297,16681.715
6428,3.2083898,16684.924
6429,3.2090747,16688.133
6430,3.2101526,16691.344
6431,3.2203734,16694.564
6432,3.2378435,16697.803
6433,3.2426083,16701.045
6434,3.2444766,16704.29
6435,3.2464933,16707.535
6436,3.2519023,16710.787
6437,3.2563918,16714.043
6438,3.2621531,16717.305
6439,3.2683196,16720.572
6440,3.2770138,16723.85
6441,3.2853112,16727.135
6442,3.2934542,16730.428
6443,3.3005595,16733.729
6444,3.3077178,16737.037
6445,3.314948,16740.352
6446,3.3223422,16743.674
6447,3.3295681,16747.004
6448,3.3375988,16750.342
6449,3.3458679,16753.688
6450,3.3542786,16757.041
6451,3.36208,16760.402
6452,3.3697164,16763.771
6453,3.3766568,16767.148
6454,3.383138,16770.531
6455,3.390195,16773.922
6456,3.397033,16777.318
6457,3.4039135,16780.723
6458,3.410611,16784.133
6459,3.4164577,16787.549
6460,3.4228795,16790.973
6461,3.4290566,16794.402
6462,3.435282,16797.838
6463,3.4408758,16801.28
6464,3.4456644,16804.725
6465,3.4496145,16808.174
6466,3.4528515,16811.627
6467,3.4555979,16815.082
6468,3.4590514,16818.541
6469,3.4624622,16822.004
6470,3.4652274,16825.469
6471,3.4673204,16828.936
6472,3.4697695,16832.406
6473,3.4723928,16835.879
6474,3.4752953,16839.354
6475,3.4780176,16842.832
6476,3.4804535,16846.312
6477,3.4817157,16849.795
6478,3.4827623,16853.277
6479,3.4848874,16856.762
6480,3.4880013,16860.25
6481,3.492758,16863.742
6482,3.4967468,16867.238
6483,3.5010397,16870.74
6484,3.5045378,16874.244
6485,3.5087345,16877.752
6486,3.5120234,16881.264
6487,3.5166855,16884.781
6488,3.5197706,16888.3
6489,3.5233815,16891.824
6490,3.5257034,16895.35
6491,3.5282998,16898.877
6492,3.529209,16902.406
6493,3.5298476,16905.936
6494,3.528699,16909.465
6495,3.526705,16912.992
6496,3.523335,16916.516
6497,3.518639,16920.035
6498,3.5149736,16923.55
6499,3.5113845,16927.062
6500,3.5084424,16930.57
6501,3.504965,16934.076
6502,3.5017433,16937.578
6503,3.4986694,16941.076
6504,3.4959369,16944.572
6505,3.493889,16948.066
6506,3.4919958,16951.559
6507,3.4899251,16955.049
6508,3.4882464,16958.537
6509,3.4858434,16962.023
6510,3.4821472,16965.506
6511,3.478431,16968.984
6512,3.4753442,16972.459
6513,3.4734967,16975.932
6514,3.472023,16979.404
6515,3.4707305,16982.875
6516,3.4694118,16986.344
6517,3.4682686,16989.812
6518,3.468369,16993.281
6519,3.4689174,16996.75
6520,3.4688628,17000.219
6521,3.467799,17003.688
6522,3.467146,17007.154
6523,3.4654455,17010.62
6524,3.4625669,17014.082
6525,3.462309,17017.545
6526,3.4616284,17021.006
6527,3.4628534,17024.469
6528,3.4630785,17027.932
6529,3.4635382,17031.395
6530,3.46284,17034.857
6531,3.4595397,17038.316
6532,3.4518907,17041.768
6533,3.4384487,17045.205
6534,3.417219,17048.623
6535,3.3869824,17052.01
6536,3.3529637,17055.363
6537,3.319208,17058.682
6538,3.2943277,17061.977
6539,3.2802,17065.256
6540,3.2720642,17068.527
6541,3.2685368,17071.795
6542,3.2682726,17075.062
6543,3.2702987,17078.332
6544,3.2763817,17081.61
6545,3.2869856,17084.896
6546,3.3070424,17088.203
6547,3.3406346,17091.543
6548,3.383478,17094.926
6549,3.4255562,17098.352
6550,3.4611762,17101.812
6551,3.4846678,17105.297
6552,3.4995358,17108.797
6553,3.509125,17112.307
6554,3.5161788,17115.822
6555,3.5209825,17119.344
6556,3.524397,17122.867
6557,3.5268762,17126.395
6558,3.5293226,17129.924
6559,3.530886,17133.455
6560,3.531487,17136.986
6561,3.5312848,17140.518
6562,3.5302866,17144.049
6563,3.5301113,17147.578
6564,3.5308757,17151.11
6565,3.5307693,17154.64
6566,3.5298421,17158.17
6567,3.5282164,17161.697
6568,3.5265512,17165.225
6569,3.523874,17168.748
6570,3.5219445,17172.27
6571,3.520748,17175.791
6572,3.521433,17179.312
6573,3.5230486,17182.836
6574,3.525413,17186.361
6575,3.5274065,17189.889
6576,3.5302463,17193.418
6577,3.5313535,17196.95
6578,3.531964,17200.48
6579,3.531633,17204.012
6580,3.531619,17207.543
6581,3.5306723,17211.074
6582,3.5295498,17214.604
6583,3.5281534,17218.13
6584,3.5283895,17221.66
6585,3.5271661,17225.188
6586,3.52668,17228.715
6587,3.525088,17232.24
6588,3.5244033,17235.764
6589,3.5234134,17239.287
6590,3.5229542,17242.81
6591,3.5210228,17246.332
6592,3.519356,17249.852
6593,3.5173993,17253.37
6594,3.5161014,17256.885
6595,3.5140135,17260.398
6596,3.5120177,17263.91
6597,3.510458,17267.42
6598,3.5098739,17270.93
6599,3.5091512,17274.44
6600,3.5083919,17277.947
6601,3.5076776,17281.455
6602,3.5073323,17284.963
6603,3.506057,17288.469
6604,3.5037441,17291.973
6605,3.501565,17295.475
6606,3.4995341,17298.975
6607,3.499049,17302.475
6608,3.4984791,17305.973
6609,3.49831,17309.47
6610,3.4980297,17312.969
6611,3.4976146,17316.467
6612,3.5041528,17319.97
6613,3.509306,17323.48
6614,3.5179226,17326.998
6615,3.524705,17330.523
6616,3.5336373,17334.057
6617,3.5395765,17337.596
6618,3.5479898,17341.145
6619,3.5539827,17344.7
6620,3.561047,17348.26
6621,3.5656326,17351.826
6622,3.5707054,17355.396
6623,3.5746858,17358.97
6624,3.5798535,17362.55
6625,3.58364,17366.135
6626,3.587287,17369.723
6627,3.5889502,17373.312
6628,3.5892007,17376.902
6629,3.5888195,17380.49
6630,3.5875287,17384.078
6631,3.5862322,17387.664
6632,3.5830061,17391.246
6633,3.5815256,17394.828
6634,3.579341,17398.408
6635,3.5785089,17401.986
6636,3.5768776,17405.562
6637,3.576949,17409.139
6638,3.576541,17412.715
6639,3.5760195,17416.291
6640,3.5724013,17419.863
6641,3.5710962,17423.434
6642,3.5695844,17427.004
6643,3.569755,17430.574
6644,3.5676775,17434.143
6645,3.5656383,17437.709
6646,3.5614793,17441.27
6647,3.5596752,17444.83
6648,3.557163,17448.387
6649,3.5562308,17451.943
6650,3.5553753,17455.498
6651,3.5552216,17459.053
6652,3.554327,17462.607
6653,3.5542486,17466.162
6654,3.5535197,17469.715
6655,3.5533762,17473.268
6656,3.5531237,17476.82
6657,3.5523574,17480.373
6658,3.5512462,17483.924
6659,3.5506113,17487.475
6660,3.5496314,17491.023
6661,3.5508678,17494.574
6662,3.5502455,17498.125
6663,3.5511086,17501.676
6664,3.5509818,17505.227
6665,3.5524118,17508.78
6666,3.552569,17512.332
6667,3.5535445,17515.885
6668,3.5528803,17519.438
6669,3.5539489,17522.992
6670,3.554941,17526.547
6671,3.5566037,17530.104
6672,3.556713,17533.66
6673,3.5574286,17537.217
6674,3.5568697,17540.773
6675,3.5569634,17544.33
6676,3.5558062,17547.887
6677,3.5556352,17551.441
6678,3.555222,17554.996
6679,3.556222,17558.553
6680,3.5569525,17562.11
6681,3.5584087,17565.668
6682,3.5590897,17569.227
6683,3.559931,17572.787
6684,3.559323,17576.346
6685,3.5591557,17579.904
6686,3.5582178,17583.463
6687,3.558349,17587.021
6688,3.5574005,17590.578
6689,3.5572255,17594.135
6690,3.5565643,17597.691
6691,3.556026,17601.248
6692,3.5539093,17604.803
6693,3.554288,17608.357
6694,3.5538561,17611.912
6695,3.5538616,17615.467
6696,3.5542638,17619.021
6697,3.555353,17622.576
6698,3.558736,17626.135
6699,3.56224,17629.697
6700,3.5657218,17633.264
6701,3.5669599,17636.83
6702,3.5692263,17640.398
6703,3.571799,17643.97
6704,3.5783925,17647.549
6705,3.5864038,17651.135
6706,3.5981467,17654.732
6707,3.6047354,17658.338
6708,3.6093814,17661.947
6709,3.615588,17665.562
6710,3.62462,17669.188
6711,3.6304295,17672.818
6712,3.6360579,17676.455
6713,3.6414254,17680.096
6714,3.6463394,17683.742
6715,3.6494772,17687.393
6716,3.649075,17691.041
6717,3.6486557,17694.69
6718,3.6493752,17698.338
6719,3.6506398,17701.988
6720,3.6513042,17705.639
6721,3.653911,17709.293
6722,3.658609,17712.951
6723,3.6597056,17716.611
6724,3.6583548,17720.27
6725,3.6586626,17723.928
6726,3.6593792,17727.588
6727,3.6599104,17731.248
6728,3.6608486,17734.908
6729,3.6618786,17738.57
6730,3.6621966,17742.232
6731,3.662311,17745.895
6732,3.6623905,17749.557
6733,3.6607687,17753.217
6734,3.6575072,17756.875
6735,3.6547437,17760.53
6736,3.6525426,17764.182
6737,3.650396,17767.832
6738,3.6473422,17771.479
6739,3.6427712,17775.121
6740,3.63563,17778.756
6741,3.629025,17782.385
6742,3.623419,17786.008
6743,3.6178486,17789.625
6744,3.613377,17793.238
6745,3.6086943,17796.848
6746,3.602999,17800.451
6747,3.5968826,17804.049
6748,3.5904622,17807.639
6749,3.5853417,17811.225
6750,3.58229,17814.807
6751,3.5803401,17818.387
6752,3.576027,17821.963
6753,3.5700948,17825.533
6754,3.5684369,17829.102
6755,3.5694265,17832.672
6756,3.5717113,17836.244
6757,3.5729077,17839.816
6758,3.5715992,17843.389
6759,3.570813,17846.959
6760,3.5697393,17850.53
6761,3.570725,17854.1
6762,3.5709124,17857.67
6763,3.5705965,17861.24
6764,3.5695355,17864.81
6765,3.567006,17868.377
6766,3.5567372,17871.934
6767,3.5456433,17875.479
6768,3.5286846,17879.008
6769,3.5091825,17882.518
6770,3.4872503,17886.004
6771,3.4678547,17889.473
6772,3.449669,17892.922
6773,3.436936,17896.36
6774,3.4241116,17899.783
6775,3.4152496,17903.2
6776,3.4077106,17906.607
6777,3.405362,17910.014
6778,3.4006298,17913.414
6779,3.3976038,17916.812
6780,3.3977401,17920.21
6781,3.4054744,17923.617
6782,3.415411,17927.033
6783,3.427179,17930.46
6784,3.441573,17933.902
6785,3.4584954,17937.361
6786,3.4722252,17940.834
6787,3.48442,17944.318
6788,3.4945083,17947.812
6789,3.5057216,17951.318
6790,3.5163934,17954.834
6791,3.5252233,17958.36
6792,3.5323105,17961.893
6793,3.5379674,17965.43
6794,3.5424294,17968.973
6795,3.545378,17972.518
6796,3.547973,17976.066
6797,3.550823,17979.617
6798,3.5532303,17983.17
6799,3.5536776,17986.723
6800,3.5535378,17990.275
6801,3.5531707,17993.828
6802,3.5522888,17997.38
6803,3.5498374,18000.932
6804,3.5477045,18004.479
6805,3.5467794,18008.025
6806,3.5477166,18011.572
6807,3.5472915,18015.12
6808,3.5450604,18018.664
6809,3.5421782,18022.207
6810,3.5389636,18025.746
6811,3.5358682,18029.281
6812,3.5334103,18032.814
6813,3.5316176,18036.346
6814,3.5322626,18039.879
6815,3.5356262,18043.414
6816,3.5375972,18046.951
6817,3.5403018,18050.492
6818,3.540887,18054.033
6819,3.541728,18057.574
6820,3.541185,18061.115
6821,3.5413132,18064.656
6822,3.5418646,18068.197
6823,3.5433528,18071.74
6824,3.544269,18075.285
6825,3.544897,18078.83
6826,3.5451453,18082.375
6827,3.5459344,18085.922
6828,3.5463343,18089.469
6829,3.5486913,18093.018
6830,3.551729,18096.568
6831,3.5546553,18100.123
6832,3.5553102,18103.678
6833,3.5580492,18107.236
6834,3.5573287,18110.793
6835,3.5568058,18114.35
6836,3.554295,18117.904
6837,3.5529559,18121.457
6838,3.553793,18125.012
6839,3.5548015,18128.566
6840,3.5587652,18132.125
6841,3.5634234,18135.688
6842,3.568076,18139.256
6843,3.5726776,18142.828
6844,3.577897,18146.406
6845,3.581071,18149.988
6846,3.5800786,18153.568
6847,3.574495,18157.143
6848,3.5670378,18160.709
6849,3.5552504,18164.264
6850,3.5431323,18167.807
6851,3.5288184,18171.336
6852,3.5169168,18174.854
6853,3.505141,18178.36
6854,3.4955816,18181.855
6855,3.483597,18185.34
6856,3.4713643,18188.81
6857,3.4577675,18192.268
6858,3.4454772,18195.713
6859,3.432704,18199.146
6860,3.4205034,18202.566
6861,3.406911,18205.973
6862,3.394134,18209.367
6863,3.3806288,18212.748
6864,3.3698134,18216.117
6865,3.3602803,18219.477
6866,3.3528128,18222.83
6867,3.3454883,18226.176
6868,3.3393493,18229.516
6869,3.3332875,18232.85
6870,3.3284316,18236.178
6871,3.3232086,18239.5
6872,3.318361,18242.818
6873,3.313572,18246.133
6874,3.3098595,18249.443
6875,3.3059497,18252.75
6876,3.3021922,18256.053
6877,3.298178,18259.352
6878,3.2946272,18262.646
6879,3.291501,18265.938
6880,3.2903786,18269.229
6881,3.2897153,18272.518
6882,3.2895322,18275.807
6883,3.288177,18279.096
6884,3.2865372,18282.383
6885,3.2841175,18285.666
6886,3.2825375,18288.95
6887,3.281832,18292.23
6888,3.2827685,18295.514
6889,3.2839105,18298.797
6890,3.2856097,18302.082
6891,3.2870386,18305.37
6892,3.2893019,18308.658
6893,3.2905471,18311.95
6894,3.2918375,18315.24
6895,3.2923274,18318.533
6896,3.2935293,18321.826
6897,3.2951066,18325.121
6898,3.2987463,18328.42
6899,3.3019872,18331.723
6900,3.3057396,18335.03
6901,3.30936,18338.338
6902,3.3141985,18341.652
6903,3.3187008,18344.97
6904,3.3244412,18348.295
6905,3.3293703,18351.625
6906,3.3338633,18354.959
6907,3.3369296,18358.297
6908,3.3400748,18361.637
6909,3.3416748,18364.979
6910,3.3443277,18368.322
6911,3.3475106,18371.67
6912,3.352524,18375.021
6913,3.3576872,18378.379
6914,3.3639348,18381.742
6915,3.3673806,18385.11
6916,3.3702893,18388.48
6917,3.371861,18391.852
6918,3.3756251,18395.227
6919,3.3849206,18398.611
6920,3.406934,18402.018
6921,3.4317617,18405.45
6922,3.4591339,18408.908
6923,3.4939,18412.402
6924,3.519611,18415.922
6925,3.5141494,18419.436
6926,3.491999,18422.928
6927,3.4668984,18426.395
6928,3.459895,18429.854
6929,3.4517095,18433.305
6930,3.4556704,18436.76
6931,3.4540145,18440.213
6932,3.4642813,18443.678
6933,3.4685311,18447.146
6934,3.4850705,18450.63
6935,3.4932745,18454.125
6936,3.5108402,18457.637
6937,3.5198019,18461.156
6938,3.5383856,18464.695
6939,3.5483663,18468.244
6940,3.5630875,18471.807
6941,3.5698006,18475.377
6942,3.5798597,18478.957
6943,3.58596,18482.543
6944,3.5964725,18486.139
6945,3.6049793,18489.744
6946,3.613504,18493.357
6947,3.6203542,18496.979
6948,3.6276739,18500.605
6949,3.6346188,18504.24
6950,3.6415799,18507.88
6951,3.649432,18511.531
6952,3.6539972,18515.186
6953,3.6586776,18518.844
6954,3.6637895,18522.508
6955,3.6694188,18526.178
6956,3.674418,18529.852
6957,3.6793618,18533.531
6958,3.6820035,18537.213
6959,3.6846447,18540.898
6960,3.688124,18544.586
6961,3.693447,18548.28
6962,3.6986775,18551.979
6963,3.7036517,18555.682
6964,3.7058508,18559.387
6965,3.707487,18563.094
6966,3.70717,18566.8
6967,3.707361,18570.508
6968,3.7094324,18574.217
6969,3.7163303,18577.934
6970,3.7213745,18581.654
6971,3.7283642,18585.383
6972,3.7322195,18589.115
6973,3.7362304,18592.852
6974,3.7389843,18596.59
6975,3.742236,18600.332
6976,3.7408447,18604.072
6977,3.736963,18607.809
6978,3.730723,18611.54
6979,3.721545,18615.26
6980,3.7144678,18618.975
6981,3.704614,18622.68
6982,3.6951745,18626.375
6983,3.6809304,18630.057
6984,3.6655278,18633.723
6985,3.648412,18637.371
6986,3.640185,18641.012
6987,3.6376565,18644.648
6988,3.6354578,18648.283
6989,3.6298103,18651.912
6990,3.6267784,18655.54
6991,3.6223564,18659.162
6992,3.6176252,18662.78
6993,3.6112661,18666.39
6994,3.6085556,18670.0
6995,3.6101298,18673.61
6996,3.6216202,18677.23
6997,3.6394043,18680.87
6998,3.6537018,18684.523
6999,3.6612499,18688.186
7000,3.6628726,18691.848
7001,3.6653783,18695.514
7002,3.67205,18699.186
7003,3.6804118,18702.865
7004,3.6835942,18706.549
7005,3.6873045,18710.236
7006,3.6931539,18713.93
7007,3.6999407,18717.629
7008,3.7023177,18721.332
7009,3.705763,18725.037
7010,3.7109063,18728.748
7011,3.715897,18732.465
7012,3.7187555,18736.184
7013,3.7222795,18739.906
7014,3.7246785,18743.63
7015,3.7264516,18747.357
7016,3.7280045,18751.086
7017,3.7330596,18754.818
7018,3.7400365,18758.559
7019,3.7450774,18762.303
7020,3.7502387,18766.053
7021,3.755086,18769.809
7022,3.761308,18773.57
7023,3.767739,18777.338
7024,3.7728152,18781.111
7025,3.7753859,18784.887
7026,3.778224,18788.664
7027,3.7797897,18792.443
7028,3.7821262,18796.225
7029,3.7834277,18800.008
7030,3.7864554,18803.795
7031,3.7908165,18807.586
7032,3.79737,18811.383
7033,3.8038137,18815.188
7034,3.8053458,18818.992
7035,3.8040175,18822.797
7036,3.800773,18826.598
7037,3.7952313,18830.393
7038,3.7898052,18834.182
7039,3.785845,18837.967
7040,3.7847369,18841.752
7041,3.7874367,18845.54
7042,3.7886026,18849.328
7043,3.7907417,18853.12
7044,3.7910125,18856.91
7045,3.7917094,18860.701
7046,3.791979,18864.492
7047,3.7927437,18868.285
7048,3.7935584,18872.078
7049,3.7951272,18875.873
7050,3.7966537,18879.67
7051,3.7991967,18883.469
7052,3.8023098,18887.271
7053,3.8061419,18891.078
7054,3.8083262,18894.887
7055,3.80973,18898.697
7056,3.8094199,18902.506
7057,3.8098326,18906.316
7058,3.8098083,18910.127
7059,3.8096437,18913.938
7060,3.80914,18917.746
7061,3.807555,18921.553
7062,3.8042183,18925.357
7063,3.802329,18929.16
7064,3.8034177,18932.963
7065,3.8065104,18936.77
7066,3.8097317,18940.58
7067,3.8142715,18944.395
7068,3.8168705,18948.21
7069,3.818496,18952.03
7070,3.818451,18955.848
7071,3.8176956,18959.666
7072,3.81691,18963.482
7073,3.8164008,18967.299
7074,3.81772,18971.117
7075,3.8208306,18974.938
7076,3.832656,18978.77
7077,3.84758,18982.617
7078,3.8592322,18986.477
7079,3.8685384,18990.346
7080,3.877808,18994.223
7081,3.887069,18998.11
7082,3.8923995,19002.002
7083,3.8972578,19005.898
7084,3.900864,19009.799
7085,3.9040744,19013.703
7086,3.906642,19017.61
7087,3.9093623,19021.52
7088,3.9121597,19025.432
7089,3.9145389,19029.346
7090,3.915412,19033.262
7091,3.9161656,19037.178
7092,3.9167113,19041.094
7093,3.9170773,19045.012
7094,3.9171352,19048.93
7095,3.9172554,19052.848
7096,3.916648,19056.764
7097,3.9156606,19060.68
7098,3.9143867,19064.594
7099,3.9130557,19068.506
7100,3.9111824,19072.418
7101,3.9099226,19076.328
7102,3.9086187,19080.236
7103,3.9073355,19084.145
7104,3.905325,19088.05
7105,3.9035485,19091.955
7106,3.901444,19095.857
7107,3.8996358,19099.758
7108,3.8973765,19103.654
7109,3.8953588,19107.549
7110,3.8933876,19111.441
7111,3.8916452,19115.334
7112,3.8885827,19119.223
7113,3.8845294,19123.107
7114,3.880185,19126.988
7115,3.8761427,19130.865
7116,3.872682,19134.738
7117,3.868579,19138.607
7118,3.8634415,19142.47
7119,3.8577724,19146.328
7120,3.8501275,19150.178
7121,3.8412285,19154.02
7122,3.8331087,19157.854
7123,3.827748,19161.682
7124,3.8234713,19165.506
7125,3.8230388,19169.328
7126,3.8228111,19173.15
7127,3.8237903,19176.975
7128,3.8222568,19180.797
7129,3.8216085,19184.62
7130,3.819031,19188.438
7131,3.817792,19192.256
7132,3.8185744,19196.074
7133,3.8246744,19199.898
7134,3.8362215,19203.734
7135,3.839587,19207.574
7136,3.8157692,19211.39
7137,3.7999656,19215.191
7138,3.8176124,19219.01
7139,3.8522513,19222.861
7140,3.8642764,19226.727
7141,3.8397772,19230.566
7142,3.8051639,19234.371
7143,3.7953265,19238.166
7144,3.8097243,19241.977
7145,3.8312008,19245.809
7146,3.8526676,19249.662
7147,3.857649,19253.52
7148,3.8420994,19257.361
7149,3.810303,19261.172
7150,3.818573,19264.99
7151,3.8636847,19268.854
7152,3.861373,19272.715
7153,3.8429713,19276.559
7154,3.8267512,19280.385
7155,3.8115718,19284.197
7156,3.8092287,19288.006
7157,3.816694,19291.822
7158,3.8233473,19295.646
7159,3.816131,19299.463
7160,3.7934232,19303.256
7161,3.7731445,19307.03
7162,3.7712257,19310.8
7163,3.785286,19314.586
7164,3.7907488,19318.377
7165,3.7748003,19322.152
7166,3.7508435,19325.902
7167,3.7398121,19329.643
7168,3.7401843,19333.383
7169,3.7326672,19337.115
7170,3.7214513,19340.836
7171,3.7121434,19344.549
7172,3.7105062,19348.26
7173,3.7090962,19351.969
7174,3.7084289,19355.678
7175,3.7039392,19359.38
7176,3.6945016,19363.076
7177,3.6849601,19366.762
7178,3.6808782,19370.443
7179,3.679614,19374.123
7180,3.6789563,19377.803
7181,3.6790307,19381.482
7182,3.6811266,19385.164
7183,3.6832466,19388.848
7184,3.6853094,19392.533
7185,3.6848886,19396.219
7186,3.6833904,19399.902
7187,3.682103,19403.584
7188,3.6816308,19407.266
7189,3.678706,19410.943
7190,3.6752489,19414.62
7191,3.6718817,19418.291
7192,3.6694145,19421.96
7193,3.6673653,19425.629
7194,3.6656587,19429.295
7195,3.6637218,19432.959
7196,3.6636472,19436.623
7197,3.6644452,19440.287
7198,3.6668391,19443.953
7199,3.6678386,19447.621
7200,3.6664703,19451.287
7201,3.6639354,19454.951
7202,3.6619759,19458.613
7203,3.659806,19462.273
7204,3.656098,19465.93
7205,3.653461,19469.584
7206,3.6517346,19473.236
7207,3.651251,19476.887
7208,3.6517668,19480.54
7209,3.6529436,19484.191
7210,3.6543255,19487.846
7211,3.6560652,19491.502
7212,3.6571352,19495.158
7213,3.658068,19498.816
7214,3.657337,19502.475
7215,3.6541638,19506.129
7216,3.6487205,19509.777
7217,3.64453,19513.422
7218,3.6430242,19517.064
7219,3.641982,19520.707
7220,3.6405623,19524.348
7221,3.637845,19527.986
7222,3.6336694,19531.62
7223,3.6295485,19535.248
7224,3.627963,19538.877
7225,3.6276267,19542.504
7226,3.6276143,19546.13
7227,3.626805,19549.758
7228,3.6247215,19553.383
7229,3.6217065,19557.004
7230,3.6191537,19560.623
7231,3.6175692,19564.24
7232,3.6170893,19567.857
7233,3.61611,19571.473
7234,3.6153455,19575.088
7235,3.6147826,19578.703
7236,3.6137047,19582.316
7237,3.6121016,19585.928
7238,3.6108115,19589.54
7239,3.6101816,19593.148
7240,3.6106951,19596.76
7241,3.611702,19600.371
7242,3.6134915,19603.984
7243,3.6148338,19607.6
7244,3.6167965,19611.217
7245,3.6179602,19614.834
7246,3.6178658,19618.451
7247,3.6170754,19622.068
7248,3.617482,19625.686
7249,3.619356,19629.305
7250,3.6238246,19632.928
7251,3.6284828,19636.557
7252,3.6314418,19640.188
7253,3.631526,19643.818
7254,3.6303623,19647.45
7255,3.6291344,19651.078
7256,3.6285832,19654.707
7257,3.6284435,19658.336
7258,3.630802,19661.967
7259,3.633525,19665.6
7260,3.6372905,19669.236
7261,3.6392953,19672.875
7262,3.6388316,19676.514
7263,3.6368532,19680.15
7264,3.6351357,19683.785
7265,3.6345236,19687.42
7266,3.635315,19691.055
7267,3.6353283,19694.69
7268,3.635009,19698.324
7269,3.6338208,19701.959
7270,3.6330614,19705.592
7271,3.632879,19709.225
7272,3.633895,19712.86
7273,3.635095,19716.494
7274,3.6367528,19720.13
7275,3.6374867,19723.768
7276,3.6377032,19727.406
7277,3.6369362,19731.043
7278,3.6359956,19734.68
7279,3.6352074,19738.314
7280,3.6355112,19741.95
7281,3.6360528,19745.586
7282,3.6371624,19749.223
7283,3.6376398,19752.86
7284,3.636528,19756.496
7285,3.6348026,19760.13
7286,3.6333792,19763.764
7287,3.6326134,19767.396
7288,3.6327877,19771.03
7289,3.6331463,19774.662
7290,3.6341817,19778.297
7291,3.6340313,19781.932
7292,3.6342285,19785.566
7293,3.63461,19789.201
7294,3.6377983,19792.84
7295,3.6400404,19796.48
7296,3.6410892,19800.121
7297,3.6401188,19803.762
7298,3.6393228,19807.4
7299,3.6376982,19811.04
7300,3.636136,19814.676
7301,3.634085,19818.31
7302,3.6337109,19821.943
7303,3.6345558,19825.578
7304,3.6354747,19829.213
7305,3.636632,19832.85
7306,3.6377738,19836.488
7307,3.6375756,19840.125
7308,3.6363235,19843.762
7309,3.6351364,19847.396
7310,3.6346529,19851.031
7311,3.6358497,19854.668
7312,3.6388931,19858.307
7313,3.6428664,19861.95
7314,3.6462452,19865.596
7315,3.6479733,19869.244
7316,3.6484692,19872.893
7317,3.6484044,19876.541
7318,3.6485522,19880.19
7319,3.6483862,19883.838
7320,3.6483452,19887.486
7321,3.647969,19891.135
7322,3.6474152,19894.781
7323,3.6460083,19898.428
7324,3.644505,19902.072
7325,3.642841,19905.715
7326,3.6418428,19909.357
7327,3.6411638,19912.998
7328,3.6405418,19916.639
7329,3.6396081,19920.277
7330,3.6394322,19923.916
7331,3.638743,19927.555
7332,3.6374297,19931.191
7333,3.63614,19934.828
7334,3.634866,19938.463
7335,3.6341937,19942.098
7336,3.6331007,19945.73
7337,3.6322167,19949.363
7338,3.6329098,19952.996
7339,3.6342328,19956.63
7340,3.6357613,19960.268
7341,3.6357837,19963.904
7342,3.6335416,19967.537
7343,3.62938,19971.166
7344,3.626455,19974.793
7345,3.6256933,19978.418
7346,3.626488,19982.045
7347,3.6274207,19985.672
7348,3.628511,19989.3
7349,3.629688,19992.93
7350,3.6313457,19996.56
7351,3.6328607,20000.193
7352,3.6341596,20003.828
7353,3.634018,20007.463
7354,3.632221,20011.096
7355,3.6293423,20014.725
7356,3.626729,20018.352
7357,3.62539,20021.977
7358,3.6261559,20025.604
7359,3.627574,20029.23
7360,3.6291745,20032.86
7361,3.6289968,20036.488
7362,3.6284192,20040.117
7363,3.6274614,20043.744
7364,3.626877,20047.371
7365,3.6251478,20050.996
7366,3.6223245,20054.62
7367,3.6190789,20058.238
7368,3.6162105,20061.854
7369,3.6145468,20065.469
7370,3.614474,20069.084
7371,3.6155944,20072.7
7372,3.6176245,20076.316
7373,3.619859,20079.936
7374,3.6218286,20083.557
7375,3.6227922,20087.18
7376,3.6231506,20090.803
7377,3.6228125,20094.426
7378,3.6225522,20098.049
7379,3.622819,20101.672
7380,3.6254807,20105.297
7381,3.628424,20108.926
7382,3.6300695,20112.557
7383,3.6309097,20116.188
7384,3.6315181,20119.818
7385,3.6322632,20123.451
7386,3.6329339,20127.084
7387,3.63285,20130.717
7388,3.6331134,20134.35
7389,3.633091,20137.982
7390,3.6342046,20141.617
7391,3.6357489,20145.254
7392,3.6365678,20148.89
7393,3.6367352,20152.527
7394,3.6361206,20156.164
7395,3.6346762,20159.799
7396,3.6326482,20163.432
7397,3.629618,20167.06
7398,3.627631,20170.688
7399,3.6261163,20174.314
7400,3.626357,20177.941
7401,3.6275356,20181.568
7402,3.6287563,20185.197
7403,3.6289804,20188.826
7404,3.628708,20192.455
7405,3.627469,20196.082
7406,3.626271,20199.709
7407,3.6261444,20203.336
7408,3.62755,20206.963
7409,3.6287527,20210.592
7410,3.6303096,20214.223
7411,3.6314032,20217.854
7412,3.6315484,20221.484
7413,3.6316912,20225.115
7414,3.6315086,20228.746
7415,3.6319554,20232.379
7416,3.6322844,20236.012
7417,3.6326976,20239.645
7418,3.631759,20243.275
7419,3.630548,20246.906
7420,3.6300542,20250.537
7421,3.6304152,20254.168
7422,3.6303167,20257.799
7423,3.6296031,20261.428
7424,3.627942,20265.057
7425,3.6253633,20268.682
7426,3.6226714,20272.305
7427,3.6208544,20275.926
7428,3.6197124,20279.545
7429,3.6194134,20283.164
7430,3.6205492,20286.785
7431,3.621822,20290.406
7432,3.6233385,20294.03
7433,3.6249275,20297.654
7434,3.6277034,20301.281
7435,3.629926,20304.912
7436,3.6336458,20308.545
7437,3.6369913,20312.182
7438,3.639394,20315.82
7439,3.6392016,20319.459
7440,3.637905,20323.098
7441,3.6378627,20326.736
7442,3.6396246,20330.375
7443,3.6418037,20334.018
7444,3.6432576,20337.66
7445,3.6440942,20341.305
7446,3.6423843,20344.947
7447,3.6397018,20348.588
7448,3.6373792,20352.225
7449,3.636341,20355.861
7450,3.634959,20359.496
7451,3.6334343,20363.129
7452,3.6322615,20366.762
7453,3.6327357,20370.395
7454,3.634925,20374.03
7455,3.6376574,20377.666
7456,3.638832,20381.305
7457,3.6390562,20384.943
7458,3.6400836,20388.584
7459,3.640569,20392.225
7460,3.640999,20395.865
7461,3.640725,20399.506
7462,3.6395757,20403.145
7463,3.638635,20406.783
7464,3.6380606,20410.422
7465,3.6384442,20414.06
7466,3.638479,20417.7
7467,3.6379402,20421.338
7468,3.636483,20424.975
7469,3.6348975,20428.61
7470,3.6339407,20432.244
7471,3.633423,20435.877
7472,3.6327176,20439.51
7473,3.6327183,20443.143
7474,3.6340957,20446.777
7475,3.6358824,20450.414
7476,3.6373973,20454.05
7477,3.6390917,20457.69
7478,3.6425717,20461.332
7479,3.6459796,20464.979
7480,3.648964,20468.627
7481,3.6505868,20472.277
7482,3.6496346,20475.928
7483,3.6476517,20479.576
7484,3.6469567,20483.223
7485,3.647249,20486.87
7486,3.6493764,20490.518
7487,3.6501424,20494.168
7488,3.6498253,20497.818
7489,3.649509,20501.469
7490,3.6499493,20505.12
7491,3.6495557,20508.77
7492,3.6484876,20512.418
7493,3.646294,20516.064
7494,3.6434045,20519.707
7495,3.6429176,20523.35
7496,3.6440368,20526.994
7497,3.645465,20530.639
7498,3.6464746,20534.285
7499,3.6464772,20537.932
7500,3.6448314,20541.576
7501,3.6432462,20545.219
7502,3.6411583,20548.86
7503,3.6401532,20552.5
7504,3.641284,20556.14
7505,3.6429791,20559.783
7506,3.6444597,20563.428
7507,3.6446805,20567.072
7508,3.643653,20570.717
7509,3.6423123,20574.36
7510,3.6415308,20578.0
7511,3.6399503,20581.64
7512,3.6382089,20585.28
7513,3.637565,20588.916
7514,3.6374571,20592.553
7515,3.6370823,20596.19
7516,3.6361313,20599.826
7517,3.6340725,20603.46
7518,3.6315618,20607.092
7519,3.6299787,20610.723
7520,3.6285226,20614.352
7521,3.6288545,20617.98
7522,3.6296825,20621.61
7523,3.6305668,20625.24
7524,3.6312861,20628.871
7525,3.6305737,20632.502
7526,3.6282306,20636.13
7527,3.6249435,20639.756
7528,3.6226406,20643.379
7529,3.6219187,20647.0
7530,3.6215143,20650.621
7531,3.6215003,20654.242
7532,3.6213164,20657.863
7533,3.6218593,20661.484
7534,3.6234725,20665.107
7535,3.6246805,20668.732
7536,3.625472,20672.357
7537,3.6266756,20675.984
7538,3.6280735,20679.613
7539,3.6293,20683.242
7540,3.630963,20686.873
7541,3.632086,20690.506
7542,3.6335797,20694.139
7543,3.6347113,20697.773
7544,3.6357946,20701.41
7545,3.6365154,20705.047
7546,3.6369426,20708.684
7547,3.6371205,20712.32
7548,3.6384697,20715.959
7549,3.6404197,20719.6
7550,3.6428516,20723.242
7551,3.644195,20726.887
7552,3.6444747,20730.531
7553,3.6437438,20734.176
7554,3.642996,20737.818
7555,3.6414123,20741.459
7556,3.6395063,20745.098
7557,3.6376693,20748.734
7558,3.636221,20752.371
7559,3.636099,20756.008
7560,3.6380587,20759.646
7561,3.640661,20763.287
7562,3.643254,20766.93
7563,3.6443615,20770.574
7564,3.6428902,20774.217
7565,3.6405468,20777.857
7566,3.639414,20781.496
7567,3.6400108,20785.137
7568,3.6401584,20788.777
7569,3.6401417,20792.418
7570,3.6392977,20796.057
7571,3.6396239,20799.695
7572,3.6415596,20803.336
7573,3.6445537,20806.98
7574,3.6465023,20810.627
7575,3.647263,20814.273
7576,3.6462982,20817.92
7577,3.6452568,20821.564
7578,3.6443853,20825.209
7579,3.6437242,20828.854
7580,3.6424737,20832.496
7581,3.642353,20836.139
7582,3.643559,20839.783
7583,3.6451027,20843.428
7584,3.6473632,20847.074
7585,3.6489532,20850.723
7586,3.64883,20854.371
7587,3.6479633,20858.02
7588,3.6461215,20861.666
7589,3.644245,20865.31
7590,3.6422231,20868.953
7591,3.6396322,20872.592
7592,3.637412,20876.229
7593,3.6369076,20879.865
7594,3.6380017,20883.504
7595,3.6397228,20887.145
7596,3.640198,20890.785
7597,3.63975,20894.426
7598,3.6391363,20898.064
7599,3.63776,20901.703
7600,3.636491,20905.34
7601,3.6370702,20908.977
7602,3.6395504,20912.615
7603,3.641789,20916.258
7604,3.644544,20919.902
7605,3.6473083,20923.549
7606,3.6489875,20927.197
7607,3.649114,20930.846
7608,3.6473072,20934.492
7609,3.6444194,20938.137
7610,3.6416562,20941.78
7611,3.6394517,20945.418
7612,3.636913,20949.055
7613,3.635562,20952.69
7614,3.635262,20956.324
7615,3.6357257,20959.959
7616,3.6357272,20963.594
7617,3.6370764,20967.23
7618,3.6379256,20970.87
7619,3.637444,20974.506
7620,3.636516,20978.143
7621,3.6345916,20981.777
7622,3.6319299,20985.41
7623,3.6296299,20989.04
7624,3.626928,20992.666
7625,3.6248884,20996.291
7626,3.6235127,20999.914
7627,3.623291,21003.537
7628,3.6254017,21007.162
7629,3.6288867,21010.791
7630,3.6333883,21014.424
7631,3.636146,21018.06
7632,3.6389368,21021.7
7633,3.639485,21025.338
7634,3.63994,21028.979
7635,3.6392424,21032.617
7636,3.6374285,21036.254
7637,3.6356926,21039.889
7638,3.6353176,21043.523
7639,3.63642,21047.16
7640,3.6390734,21050.799
7641,3.6413841,21054.44
7642,3.6423912,21058.082
7643,3.6423583,21061.725
7644,3.6410785,21065.365
7645,3.6392117,21069.004
7646,3.636564,21072.64
7647,3.6337407,21076.273
7648,3.631411,21079.904
7649,3.6303525,21083.535
7650,3.63015,21087.166
7651,3.6297727,21090.795
7652,3.629691,21094.424
7653,3.6298015,21098.053
7654,3.6298888,21101.684
7655,3.6304543,21105.314
7656,3.6307135,21108.945
7657,3.6308706,21112.576
7658,3.6318395,21116.209
7659,3.6334283,21119.842
7660,3.6342163,21123.477
7661,3.6338644,21127.111
7662,3.6321437,21130.744
7663,3.6302812,21134.375
7664,3.6306589,21138.006
7665,3.6319375,21141.639
7666,3.6335745,21145.271
7667,3.633629,21148.904
7668,3.6343365,21152.54
7669,3.6355004,21156.174
7670,3.6369982,21159.81
7671,3.638713,21163.45
7672,3.640673,21167.09
7673,3.6431081,21170.732
7674,3.6460724,21174.379
7675,3.6473842,21178.025
7676,3.6469972,21181.672
7677,3.64524,21185.316
7678,3.64249,21188.959
7679,3.6400714,21192.6
7680,3.6394572,21196.238
7681,3.6388104,21199.877
7682,3.6383972,21203.516
7683,3.6383204,21207.154
7684,3.6389513,21210.793
7685,3.6401577,21214.434
7686,3.6417308,21218.076
7687,3.6424627,21221.719
7688,3.6433475,21225.361
7689,3.6431167,21229.004
7690,3.6422167,21232.646
7691,3.64158,21236.287
7692,3.6413345,21239.928
7693,3.6411476,21243.568
7694,3.640577,21247.209
7695,3.6403973,21250.85
7696,3.6403193,21254.49
7697,3.6410832,21258.13
7698,3.6417923,21261.773
7699,3.6426735,21265.416
7700,3.6422055,21269.059
7701,3.6403797,21272.7
7702,3.6377974,21276.338
7703,3.6359313,21279.975
7704,3.6355312,21283.61
7705,3.636272,21287.246
7706,3.6383343,21290.885
7707,3.6398718,21294.525
7708,3.6404476,21298.166
7709,3.6402123,21301.807
7710,3.6402621,21305.447
7711,3.6412687,21309.088
7712,3.6412916,21312.729
7713,3.639492,21316.367
7714,3.636542,21320.004
7715,3.6340435,21323.639
7716,3.6327803,21327.271
7717,3.6326683,21330.904
7718,3.633858,21334.54
7719,3.6354392,21338.174
7720,3.63639,21341.81
7721,3.6360915,21345.447
7722,3.6336486,21349.08
7723,3.6305153,21352.71
7724,3.627649,21356.338
7725,3.6272953,21359.965
7726,3.6279683,21363.594
7727,3.6301045,21367.225
7728,3.6318665,21370.857
7729,3.6333718,21374.49
7730,3.6357837,21378.127
7731,3.6380365,21381.766
7732,3.6406014,21385.406
7733,3.641337,21389.047
7734,3.6398666,21392.688
7735,3.6373808,21396.324
7736,3.635655,21399.959
7737,3.6346722,21403.594
7738,3.6344862,21407.229
7739,3.6347532,21410.863
7740,3.6345096,21414.498
7741,3.6341064,21418.133
7742,3.6333559,21421.766
7743,3.6329608,21425.398
7744,3.6317065,21429.03
7745,3.630066,21432.66
7746,3.628148,21436.29
7747,3.627289,21439.916
7748,3.6266928,21443.543
7749,3.6271486,21447.17
7750,3.628757,21450.799
7751,3.6312268,21454.43
7752,3.6334682,21458.062
7753,3.6343846,21461.697
7754,3.6343756,21465.332
7755,3.6340203,21468.967
7756,3.6344957,21472.602
7757,3.6348019,21476.236
7758,3.6338196,21479.871
7759,3.6328588,21483.504
7760,3.6321678,21487.137
7761,3.6321068,21490.77
7762,3.6318402,21494.402
7763,3.631788,21498.033
7764,3.6315777,21501.664
7765,3.6318974,21505.297
7766,3.632376,21508.93
7767,3.6337798,21512.562
7768,3.636007,21516.2
7769,3.637914,21519.838
7770,3.6399252,21523.479
7771,3.642539,21527.121
7772,3.6446571,21530.766
7773,3.6455493,21534.412
7774,3.645142,21538.057
7775,3.6430218,21541.7
7776,3.6399944,21545.34
7777,3.637702,21548.979
7778,3.6361096,21552.615
7779,3.6345263,21556.25
7780,3.633455,21559.883
7781,3.6311269,21563.514
7782,3.629349,21567.143
7783,3.6287158,21570.771
7784,3.6282275,21574.4
7785,3.6283052,21578.03
7786,3.627939,21581.658
7787,3.6282551,21585.287
7788,3.6287715,21588.916
7789,3.629757,21592.545
7790,3.6318922,21596.178
7791,3.634463,21599.812
7792,3.6377864,21603.451
7793,3.640952,21607.092
7794,3.6433372,21610.734
7795,3.6438036,21614.379
7796,3.6431246,21618.021
7797,3.6427364,21621.664
7798,3.643484,21625.307
7799,3.64314,21628.95
7800,3.6423573,21632.592
7801,3.641165,21636.232
7802,3.640916,21639.873
7803,3.6404872,21643.514
7804,3.6392922,21647.152
7805,3.6374218,21650.79
7806,3.636924,21654.426
7807,3.6367157,21658.062
7808,3.6364348,21661.7
7809,3.6353269,21665.334
7810,3.63483,21668.969
7811,3.634996,21672.604
7812,3.6361885,21676.24
7813,3.636924,21679.877
7814,3.6375976,21683.514
7815,3.638599,21687.152
7816,3.6406937,21690.793
7817,3.6416202,21694.436
7818,3.6424313,21698.078
7819,3.643208,21701.72
7820,3.645471,21705.365
7821,3.6477315,21709.014
7822,3.6490037,21712.662
7823,3.6495924,21716.312
7824,3.6500115,21719.963
7825,3.650694,21723.613
7826,3.6513388,21727.264
7827,3.6513305,21730.914
7828,3.650783,21734.564
7829,3.6507995,21738.215
7830,3.651847,21741.867
7831,3.6521416,21745.52
7832,3.6509314,21749.17
7833,3.6484876,21752.818
7834,3.6455705,21756.465
7835,3.643935,21760.11
7836,3.6435516,21763.752
7837,3.6437712,21767.396
7838,3.6431453,21771.04
7839,3.6416495,21774.682
7840,3.640515,21778.322
7841,3.6399853,21781.963
7842,3.6402838,21785.604
7843,3.6410143,21789.244
7844,3.6410174,21792.885
7845,3.6415532,21796.525
7846,3.6425433,21800.168
7847,3.6443017,21803.812
7848,3.6466577,21807.459
7849,3.6503232,21811.11
7850,3.652954,21814.762
7851,3.6541674,21818.416
7852,3.6543977,21822.07
7853,3.654023,21825.725
7854,3.6535263,21829.379
7855,3.6528082,21833.031
7856,3.6523056,21836.684
7857,3.6526592,21840.336
7858,3.6520388,21843.988
7859,3.6486309,21847.637
7860,3.643212,21851.28
7861,3.6379583,21854.918
7862,3.6344383,21858.553
7863,3.6334243,21862.186
7864,3.6340992,21865.82
7865,3.634945,21869.455
7866,3.6347694,21873.09
7867,3.633424,21876.723
7868,3.631592,21880.354
7869,3.6307564,21883.984
7870,3.6306746,21887.615
7871,3.6297534,21891.244
7872,3.6282828,21894.873
7873,3.628443,21898.502
7874,3.6311002,21902.133
7875,3.634391,21905.768
7876,3.6374853,21909.404
7877,3.6388037,21913.043
7878,3.638721,21916.682
7879,3.6380322,21920.32
7880,3.636558,21923.957
7881,3.6353164,21927.592
7882,3.634281,21931.227
7883,3.6338341,21934.861
7884,3.6330442,21938.494
7885,3.6318042,21942.125
7886,3.6305697,21945.756
7887,3.6302297,21949.387
7888,3.6305237,21953.018
7889,3.631689,21956.648
7890,3.6336496,21960.281
7891,3.634827,21963.916
7892,3.6355913,21967.55
7893,3.6358397,21971.188
7894,3.635131,21974.822
7895,3.6344786,21978.457
7896,3.6346505,21982.092
7897,3.636067,21985.729
7898,3.6369545,21989.365
7899,3.637362,21993.002
7900,3.638418,21996.64
7901,3.6404388,22000.281
7902,3.6440642,22003.926
7903,3.6466992,22007.572
7904,3.6486351,22011.22
7905,3.6507134,22014.871
7906,3.6523495,22018.523
7907,3.6534092,22022.178
7908,3.6536283,22025.832
7909,3.6529536,22029.484
7910,3.6507194,22033.135
7911,3.6481862,22036.783
7912,3.6465163,22040.43
7913,3.6460366,22044.076
7914,3.644937,22047.72
7915,3.643851,22051.365
7916,3.642511,22055.008
7917,3.6432004,22058.65
7918,3.6456585,22062.297
7919,3.6484447,22065.945
7920,3.6507547,22069.596
7921,3.6528964,22073.248
7922,3.6544595,22076.902
7923,3.655351,22080.559
7924,3.6552687,22084.213
7925,3.6538436,22087.867
7926,3.6516294,22091.52
7927,3.6506438,22095.17
7928,3.650755,22098.82
7929,3.6528811,22102.473
7930,3.6548858,22106.127
7931,3.6567016,22109.783
7932,3.6582325,22113.441
7933,3.6591005,22117.1
7934,3.6600988,22120.76
7935,3.6606185,22124.42
7936,3.6590657,22128.078
7937,3.6568632,22131.734
7938,3.654558,22135.389
7939,3.652391,22139.041
7940,3.6503525,22142.691
7941,3.6480782,22146.34
7942,3.645702,22149.986
7943,3.6438038,22153.63
7944,3.6431863,22157.273
7945,3.6440759,22160.918
7946,3.6456738,22164.564
7947,3.647948,22168.213
7948,3.6489923,22171.861
7949,3.648702,22175.51
7950,3.648565,22179.158
7951,3.6476955,22182.807
7952,3.6466362,22186.453
7953,3.6455367,22190.1
7954,3.6446645,22193.744
7955,3.644342,22197.389
7956,3.6450658,22201.033
7957,3.6468637,22204.68
7958,3.6476064,22208.328
7959,3.6473868,22211.975
7960,3.645529,22215.621
7961,3.644408,22219.266
7962,3.64436,22222.91
7963,3.645062,22226.555
7964,3.6459837,22230.201
7965,3.646928,22233.848
7966,3.6475322,22237.496
7967,3.6463103,22241.143
7968,3.6441042,22244.787
7969,3.6418216,22248.43
7970,3.64021,22252.07
7971,3.6396813,22255.71
7972,3.6384552,22259.35
7973,3.636881,22262.986
7974,3.634673,22266.621
7975,3.634077,22270.256
7976,3.6334453,22273.889
7977,3.633313,22277.521
7978,3.6320288,22281.154
7979,3.6305275,22284.785
7980,3.629902,22288.416
7981,3.6310873,22292.047
7982,3.633327,22295.68
7983,3.6346273,22299.314
7984,3.6343427,22302.95
7985,3.634072,22306.584
7986,3.633117,22310.217
7987,3.63211,22313.85
7988,3.630051,22317.48
7989,3.6295052,22321.11
7990,3.6305952,22324.74
7991,3.6331856,22328.373
7992,3.6360054,22332.01
7993,3.6376278,22335.646
7994,3.6398928,22339.287
7995,3.6425915,22342.93
7996,3.64494,22346.574
7997,3.6452577,22350.219
7998,3.6435046,22353.861
7999,3.6399865,22357.502
8000,3.6373188,22361.139
8001,3.6365821,22364.775
8002,3.6357882,22368.412
8003,3.6347952,22372.047
8004,3.633711,22375.68
8005,3.6340477,22379.314
8006,3.6361241,22382.951
8007,3.6396,22386.59
8008,3.642909,22390.232
8009,3.6446154,22393.877
8010,3.6445034,22397.521
8011,3.6431363,22401.164
8012,3.6420195,22404.807
8013,3.639726,22408.447
8014,3.636974,22412.084
8015,3.6347363,22415.719
8016,3.6341426,22419.354
8017,3.63523,22422.988
8018,3.6367834,22426.625
8019,3.6368914,22430.262
8020,3.634328,22433.896
8021,3.6318722,22437.53
8022,3.6305025,22441.16
8023,3.6311898,22444.791
8024,3.6337347,22448.424
8025,3.6366737,22452.06
8026,3.639186,22455.7
8027,3.640086,22459.34
8028,3.6408713,22462.98
8029,3.6407917,22466.621
8030,3.6405475,22470.262
8031,3.6405551,22473.902
8032,3.6405404,22477.543
8033,3.6411517,22481.184
8034,3.6419694,22484.826
8035,3.6430387,22488.469
8036,3.6436381,22492.113
8037,3.6447093,22495.758
8038,3.645316,22499.402
8039,3.6447504,22503.047
8040,3.643674,22506.691
8041,3.6419215,22510.334
8042,3.6414342,22513.975
8043,3.6411738,22517.615
8044,3.6409662,22521.256
8045,3.6403139,22524.896
8046,3.6394603,22528.535
8047,3.638596,22532.174
8048,3.638442,22535.812
8049,3.6391864,22539.451
8050,3.640324,22543.092
8051,3.6422305,22546.734
8052,3.6442091,22550.379
8053,3.6460564,22554.025
8054,3.6491148,22557.674
8055,3.6515703,22561.326
8056,3.6545794,22564.98
8057,3.656147,22568.637
8058,3.6560135,22572.293
8059,3.6539798,22575.947
8060,3.6507382,22579.598
8061,3.6489677,22583.246
8062,3.6487482,22586.895
8063,3.6504986,22590.545
8064,3.6509492,22594.195
8065,3.6505446,22597.846
8066,3.648232,22601.494
8067,3.6461613,22605.14
8068,3.6445982,22608.785
8069,3.645576,22612.432
8070,3.645521,22616.078
8071,3.6455536,22619.725
8072,3.6438472,22623.37
8073,3.6427312,22627.012
8074,3.6427336,22630.654
8075,3.6434765,22634.297
8076,3.6434274,22637.94
8077,3.6424901,22641.582
8078,3.6419787,22645.225
8079,3.6430442,22648.867
8080,3.6459308,22652.514
8081,3.6490626,22656.162
8082,3.6512728,22659.812
8083,3.6518543,22663.465
8084,3.6519558,22667.117
8085,3.6510878,22670.768
8086,3.6488636,22674.416
8087,3.6439269,22678.06
8088,3.638027,22681.7
8089,3.6335323,22685.332
8090,3.6323826,22688.965
8091,3.632855,22692.598
8092,3.633608,22696.23
8093,3.6355128,22699.865
8094,3.6374962,22703.502
8095,3.6398067,22707.143
8096,3.642974,22710.785
8097,3.645732,22714.432
8098,3.647157,22718.078
8099,3.6477065,22721.727
8100,3.6489363,22725.375
8101,3.6503384,22729.025
8102,3.6527724,22732.678
8103,3.6547222,22736.332
8104,3.6573064,22739.99
8105,3.6576805,22743.648
8106,3.656692,22747.305
8107,3.6557949,22750.96
8108,3.6536844,22754.615
8109,3.6517837,22758.268
8110,3.6508193,22761.918
8111,3.6514983,22765.57
8112,3.6528282,22769.223
8113,3.653747,22772.877
8114,3.6534245,22776.531
8115,3.6521509,22780.184
8116,3.6495466,22783.834
8117,3.6471887,22787.48
8118,3.6457427,22791.127
8119,3.6457503,22794.773
8120,3.6460829,22798.42
8121,3.64708,22802.066
8122,3.647141,22805.713
8123,3.6471155,22809.36
8124,3.645433,22813.004
8125,3.6448424,22816.648
8126,3.643948,22820.293
8127,3.643764,22823.938
8128,3.6425328,22827.58
8129,3.6422102,22831.223
8130,3.641313,22834.863
8131,3.641624,22838.506
8132,3.6444867,22842.15
8133,3.6487813,22845.799
8134,3.653339,22849.453
8135,3.6577294,22853.111
8136,3.6611307,22856.771
8137,3.6637063,22860.436
8138,3.6639416,22864.1
8139,3.6622853,22867.762
8140,3.6608138,22871.422
8141,3.6588829,22875.08
8142,3.6557338,22878.736
8143,3.652293,22882.389
8144,3.649193,22886.037
8145,3.6455383,22889.684
8146,3.6420903,22893.326
8147,3.6397035,22896.967
8148,3.638008,22900.605
8149,3.637029,22904.242
8150,3.6371684,22907.879
8151,3.6375246,22911.516
8152,3.637307,22915.152
8153,3.6357186,22918.787
8154,3.6328375,22922.42
8155,3.6305368,22926.05
8156,3.6288207,22929.68
8157,3.6285186,22933.309
8158,3.6293304,22936.938
8159,3.630202,22940.568
8160,3.6314363,22944.2
8161,3.6316926,22947.83
8162,3.631661,22951.46
8163,3.6312854,22955.092
8164,3.6302373,22958.723
8165,3.6296556,22962.352
8166,3.6309094,22965.982
8167,3.6318576,22969.615
8168,3.6318698,22973.248
8169,3.6304698,22976.879
8170,3.6283557,22980.508
8171,3.626393,22984.135
8172,3.6260953,22987.762
8173,3.62668,22991.389
8174,3.6275854,22995.016
8175,3.6281173,22998.645
8176,3.629951,23002.275
8177,3.6318138,23005.906
8178,3.6320934,23009.54
8179,3.6316307,23013.17
8180,3.6300867,23016.8
8181,3.62817,23020.43
8182,3.6270626,23024.057
8183,3.6264153,23027.684
8184,3.6267025,23031.31
8185,3.6276584,23034.938
8186,3.6268313,23038.564
8187,3.6251657,23042.19
8188,3.6232457,23045.812
8189,3.6233134,23049.436
8190,3.6260793,23053.062
8191,3.6292303,23056.691
8192,3.63085,23060.322
8193,3.631287,23063.953
8194,3.6323223,23067.586
8195,3.633906,23071.22
8196,3.6354108,23074.855
8197,3.6351826,23078.49
8198,3.632222,23082.123
8199,3.6297,23085.752
8200,3.6290329,23089.38
8201,3.6298835,23093.012
8202,3.6313102,23096.643
8203,3.6338103,23100.277
8204,3.636308,23103.914
8205,3.6384542,23107.553
8206,3.6395106,23111.191
8207,3.64015,23114.832
8208,3.640847,23118.473
8209,3.6410089,23122.113
8210,3.6401684,23125.754
8211,3.638873,23129.393
8212,3.6379008,23133.031
8213,3.6371107,23136.668
8214,3.6364758,23140.305
8215,3.6358407,23143.941
8216,3.6359856,23147.578
8217,3.637606,23151.215
8218,3.6412508,23154.855
8219,3.6449273,23158.5
8220,3.6472259,23162.146
8221,3.648417,23165.795
8222,3.6478622,23169.443
8223,3.646302,23173.09
8224,3.6454797,23176.734
8225,3.644498,23180.379
8226,3.6442714,23184.023
8227,3.644059,23187.668
8228,3.6417816,23191.31
8229,3.6382663,23194.95
8230,3.6344433,23198.584
8231,3.6327841,23202.217
8232,3.634328,23205.852
8233,3.636818,23209.488
8234,3.6388876,23213.127
8235,3.6403456,23216.768
8236,3.6398544,23220.408
8237,3.6383965,23224.047
8238,3.6373825,23227.684
8239,3.6364584,23231.32
8240,3.6357284,23234.955
8241,3.6348774,23238.59
8242,3.635105,23242.225
8243,3.6360698,23245.861
8244,3.6381142,23249.5
8245,3.6391973,23253.139
8246,3.638242,23256.777
8247,3.6375167,23260.414
8248,3.6392128,23264.053
8249,3.6423042,23267.695
8250,3.646379,23271.342
8251,3.6485085,23274.99
8252,3.6502714,23278.64
8253,3.6511517,23282.291
8254,3.651553,23285.943
8255,3.6504161,23289.594
8256,3.6481564,23293.242
8257,3.6466317,23296.889
8258,3.6460106,23300.535
8259,3.6458647,23304.182
8260,3.64412,23307.826
8261,3.642144,23311.469
8262,3.6412377,23315.11
8263,3.641576,23318.75
8264,3.642866,23322.393
8265,3.6437216,23326.037
8266,3.6437156,23329.682
8267,3.6425722,23333.324
8268,3.6413388,23336.965
8269,3.640653,23340.605
8270,3.6395595,23344.244
8271,3.6383765,23347.883
8272,3.638231,23351.521
8273,3.639491,23355.16
8274,3.6424167,23358.803
8275,3.6444643,23362.447
8276,3.6448302,23366.092
8277,3.6441576,23369.736
8278,3.6426167,23373.379
8279,3.6406772,23377.02
8280,3.6372688,23380.656
8281,3.6345787,23384.291
8282,3.63243,23387.924
8283,3.6317117,23391.555
8284,3.6315923,23395.186
8285,3.6340673,23398.82
8286,3.6379297,23402.459
8287,3.6420715,23406.102
8288,3.6456404,23409.748
8289,3.6469908,23413.395
8290,3.6465425,23417.041
8291,3.6450696,23420.686
8292,3.6449728,23424.33
8293,3.6442547,23427.975
8294,3.6431024,23431.617
8295,3.6418064,23435.26
8296,3.6395836,23438.898
8297,3.6365852,23442.535
8298,3.6334188,23446.168
8299,3.6311297,23449.799
8300,3.6305916,23453.43
8301,3.630408,23457.06
8302,3.630194,23460.691
8303,3.6299617,23464.322
8304,3.6284316,23467.951
8305,3.6265683,23471.578
8306,3.6249,23475.203
8307,3.623915,23478.826
8308,3.6246865,23482.451
8309,3.62685,23486.078
8310,3.6282947,23489.707
8311,3.629009,23493.336
8312,3.6290896,23496.965
8313,3.6293874,23500.594
8314,3.6294153,23504.223
8315,3.629998,23507.854
8316,3.6315677,23511.484
8317,3.6321306,23515.117
8318,3.6322386,23518.75
8319,3.631746,23522.38
8320,3.6309905,23526.012
8321,3.629885,23529.643
8322,3.6289697,23533.271
8323,3.6278648,23536.898
8324,3.6273565,23540.525
8325,3.6277065,23544.152
8326,3.627953,23547.781
8327,3.628051,23551.41
8328,3.627719,23555.037
8329,3.6275222,23558.664
8330,3.6268697,23562.291
8331,3.6266584,23565.918
8332,3.6272662,23569.545
8333,3.6277926,23573.172
8334,3.6284564,23576.8
8335,3.6283805,23580.43
8336,3.6290474,23584.059
8337,3.6298485,23587.688
8338,3.6315444,23591.318
8339,3.6325195,23594.951
8340,3.6324813,23598.584
8341,3.6312401,23602.215
8342,3.6296992,23605.844
8343,3.6292539,23609.473
8344,3.6295714,23613.102
8345,3.6308465,23616.732
8346,3.632269,23620.365
8347,3.6342952,23624.0
8348,3.635684,23627.635
8349,3.6366322,23631.271
8350,3.637902,23634.91
8351,3.6402235,23638.55
8352,3.642043,23642.193
8353,3.6434646,23645.836
8354,3.64405,23649.48
8355,3.6444528,23653.125
8356,3.6447139,23656.77
8357,3.644471,23660.414
8358,3.6444814,23664.059
8359,3.6446447,23667.703
8360,3.6454525,23671.348
8361,3.6463342,23674.994
8362,3.6463192,23678.64
8363,3.6459193,23682.287
8364,3.6455367,23685.934
8365,3.6450965,23689.578
8366,3.6451147,23693.223
8367,3.6442382,23696.867
8368,3.6429744,23700.51
8369,3.6431475,23704.152
8370,3.6449685,23707.797
8371,3.6467812,23711.443
8372,3.6481643,23715.092
8373,3.64895,23718.74
8374,3.6493425,23722.389
8375,3.6497924,23726.04
8376,3.6500204,23729.69
8377,3.649473,23733.34
8378,3.6486297,23736.988
8379,3.6472251,23740.635
8380,3.6457403,23744.281
8381,3.6440413,23747.926
8382,3.6430886,23751.568
8383,3.6426497,23755.21
8384,3.6431155,23758.854
8385,3.6433065,23762.496
8386,3.6424108,23766.139
8387,3.6406257,23769.78
8388,3.6387606,23773.418
8389,3.6374888,23777.055
8390,3.6360598,23780.691
8391,3.6354434,23784.326
8392,3.634365,23787.96
8393,3.634505,23791.596
8394,3.634925,23795.23
8395,3.6345375,23798.865
8396,3.6325843,23802.498
8397,3.6312964,23806.129
8398,3.6305184,23809.76
8399,3.629825,23813.389
8400,3.6282284,23817.018
8401,3.626909,23820.645
8402,3.6258867,23824.27
8403,3.6254663,23827.895
8404,3.6266198,23831.521
8405,3.627591,23835.148
8406,3.629466,23838.777
8407,3.6307247,23842.408
8408,3.6312473,23846.04
8409,3.6317654,23849.67
8410,3.6321034,23853.303
8411,3.6325197,23856.936
8412,3.6328175,23860.568
8413,3.6339347,23864.203
8414,3.6358309,23867.84
8415,3.6372752,23871.477
8416,3.637557,23875.113
8417,3.6371999,23878.75
8418,3.6363747,23882.387
8419,3.6360118,23886.023
8420,3.637945,23889.662
8421,3.6397095,23893.303
8422,3.6415002,23896.943
8423,3.6430244,23900.586
8424,3.645287,23904.23
8425,3.6470797,23907.877
8426,3.6487079,23911.525
8427,3.6497393,23915.176
8428,3.6491058,23918.824
8429,3.6473787,23922.47
8430,3.6462681,23926.117
8431,3.6463177,23929.764
8432,3.6464353,23933.41
8433,3.6465068,23937.057
8434,3.6456287,23940.703
8435,3.6445785,23944.348
8436,3.6420865,23947.99
8437,3.640793,23951.63
8438,3.640279,23955.271
8439,3.6411605,23958.912
8440,3.6415386,23962.553
8441,3.6421182,23966.195
8442,3.6420531,23969.838
8443,3.643108,23973.48
8444,3.6454067,23977.125
8445,3.6480455,23980.773
8446,3.649887,23984.424
8447,3.6511052,23988.074
8448,3.6534295,23991.729
8449,3.6547818,23995.383
8450,3.6538403,23999.037
8451,3.6525366,24002.69
8452,3.651579,24006.342
8453,3.6501546,24009.992
8454,3.648346,24013.64
8455,3.6451378,24017.285
8456,3.6419268,24020.928
8457,3.6401548,24024.568
8458,3.6380734,24028.207
8459,3.6373131,24031.844
8460,3.6378016,24035.482
8461,3.6390746,24039.121
8462,3.6395373,24042.76
8463,3.6383836,24046.398
8464,3.6368005,24050.035
8465,3.635966,24053.672
8466,3.6359286,24057.309
8467,3.6364844,24060.945
8468,3.6369672,24064.582
8469,3.6364574,24068.219
8470,3.6366372,24071.855
8471,3.6365025,24075.492
8472,3.6349432,24079.127
8473,3.6317914,24082.758
8474,3.629215,24086.387
8475,3.6284702,24090.016
8476,3.6299727,24093.646
8477,3.6321368,24097.28
8478,3.6335864,24100.912
8479,3.6332393,24104.545
8480,3.6315258,24108.176
8481,3.6294155,24111.805
8482,3.628047,24115.434
8483,3.6279604,24119.062
8484,3.6281936,24122.691
8485,3.6281936,24126.32
8486,3.6295748,24129.95
8487,3.630822,24133.58
8488,3.6312904,24137.21
8489,3.6307962,24140.842
8490,3.6302752,24144.473
8491,3.6304088,24148.104
8492,3.6311467,24151.734
8493,3.6318862,24155.367
8494,3.6335573,24159.0
8495,3.634659,24162.635
8496,3.6355069,24166.27
8497,3.6349466,24169.904
8498,3.6336129,24173.537
8499,3.6324313,24177.17
8500,3.6311638,24180.8
8501,3.6311674,24184.432
8502,3.6324697,24188.064
8503,3.635734,24191.7
8504,3.6400194,24195.34
8505,3.6440785,24198.984
8506,3.6456258,24202.63
8507,3.6451495,24206.275
8508,3.6446867,24209.92
8509,3.6441984,24213.564
8510,3.644125,24217.209
8511,3.6437433,24220.854
8512,3.6426926,24224.496
8513,3.640739,24228.137
8514,3.6395078,24231.775
8515,3.639322,24235.414
8516,3.6406004,24239.055
8517,3.6410534,24242.695
8518,3.6421633,24246.338
8519,3.642933,24249.98
8520,3.6442914,24253.625
8521,3.646,24257.271
8522,3.6472704,24260.918
8523,3.647305,24264.564
8524,3.6456997,24268.21
8525,3.6437302,24271.855
8526,3.6433551,24275.498
8527,3.645268,24279.143
8528,3.6491594,24282.791
8529,3.6545432,24286.445
8530,3.6600044,24290.105
8531,3.6639168,24293.77
8532,3.6643226,24297.434
8533,3.6617677,24301.096
8534,3.6560671,24304.752
8535,3.6496422,24308.402
8536,3.6447363,24312.047
8537,3.6417785,24315.69
8538,3.6400592,24319.33
8539,3.6404266,24322.97
8540,3.6421428,24326.613
8541,3.6444752,24330.258
8542,3.6456354,24333.904
8543,3.6444845,24337.549
8544,3.6416924,24341.191
8545,3.6397247,24344.832
8546,3.6389155,24348.47
8547,3.639664,24352.111
8548,3.6415122,24355.752
8549,3.6435997,24359.396
8550,3.6441112,24363.041
8551,3.6422958,24366.684
8552,3.638522,24370.322
8553,3.6356966,24373.957
8554,3.635433,24377.592
8555,3.6376162,24381.229
8556,3.6406426,24384.87
8557,3.6428397,24388.512
8558,3.6450078,24392.156
8559,3.6463172,24395.803
8560,3.646538,24399.45
8561,3.647191,24403.096
8562,3.6474347,24406.742
8563,3.647958,24410.39
8564,3.6479812,24414.04
8565,3.6477826,24417.688
8566,3.6481438,24421.336
8567,3.6486032,24424.984
8568,3.6490753,24428.633
8569,3.6481073,24432.281
8570,3.6470165,24435.928
8571,3.6451397,24439.572
8572,3.6436357,24443.217
8573,3.6427467,24446.86
8574,3.6423962,24450.502
8575,3.6411426,24454.143
8576,3.638939,24457.781
8577,3.6363757,24461.418
8578,3.6349013,24465.053
8579,3.6337729,24468.686
8580,3.6338449,24472.32
8581,3.6340103,24475.955
8582,3.6326725,24479.588
8583,3.6323535,24483.22
8584,3.6328316,24486.854
8585,3.6346424,24490.488
8586,3.6373215,24494.125
8587,3.639497,24497.764
8588,3.640112,24501.404
8589,3.639558,24505.043
8590,3.6395023,24508.682
8591,3.6393456,24512.32
8592,3.6397872,24515.96
8593,3.6414645,24519.602
8594,3.6434722,24523.244
8595,3.6442394,24526.889
8596,3.6428752,24530.531
8597,3.6398115,24534.172
8598,3.6371636,24537.809
8599,3.6365054,24541.445
8600,3.637786,24545.084
8601,3.6394737,24548.723
8602,3.6384702,24552.361
8603,3.6362994,24555.998
8604,3.6342375,24559.633
8605,3.6336677,24563.266
8606,3.6353602,24566.9
8607,3.637893,24570.54
8608,3.639893,24574.18
8609,3.6407897,24577.82
8610,3.6398396,24581.46
8611,3.6389766,24585.1
8612,3.6392164,24588.738
8613,3.639844,24592.379
8614,3.6398003,24596.02
8615,3.6400487,24599.66
8616,3.6399162,24603.3
8617,3.6406097,24606.941
8618,3.642498,24610.584
8619,3.6440833,24614.229
8620,3.6442015,24617.873
8621,3.6434708,24621.516
8622,3.64188,24625.158
8623,3.6404262,24628.799
8624,3.6387384,24632.438
8625,3.6391995,24636.076
8626,3.63963,24639.715
8627,3.6397219,24643.355
8628,3.6392899,24646.994
8629,3.6386287,24650.633
8630,3.6385396,24654.271
8631,3.6390395,24657.91
8632,3.6393673,24661.549
8633,3.639059,24665.188
8634,3.6389675,24668.826
8635,3.6388044,24672.465
8636,3.6386087,24676.104
8637,3.6390283,24679.742
8638,3.6405008,24683.383
8639,3.6428957,24687.025
8640,3.6454,24690.67
8641,3.6475213,24694.318
8642,3.6475267,24697.967
8643,3.6453404,24701.611
8644,3.6426315,24705.254
8645,3.6409945,24708.895
8646,3.6406393,24712.535
8647,3.641159,24716.176
8648,3.6417482,24719.818
8649,3.6419427,24723.46
8650,3.6432717,24727.104
8651,3.6449502,24730.748
8652,3.6479378,24734.396
8653,3.6505632,24738.047
8654,3.6527255,24741.7
8655,3.6522794,24745.352
8656,3.6523714,24749.004
8657,3.6515594,24752.656
8658,3.6508892,24756.307
8659,3.648719,24759.955
8660,3.6468284,24763.602
8661,3.6456683,24767.248
8662,3.6469471,24770.895
8663,3.648476,24774.543
8664,3.649892,24778.193
8665,3.6512446,24781.844
8666,3.6526043,24785.496
8667,3.6520104,24789.148
8668,3.6512172,24792.799
8669,3.6506276,24796.45
8670,3.651935,24800.102
8671,3.6538768,24803.756
8672,3.6545973,24807.41
8673,3.6551461,24811.064
8674,3.653921,24814.719
8675,3.6521878,24818.371
8676,3.650717,24822.021
8677,3.6493042,24825.67
8678,3.6458523,24829.316
8679,3.6429067,24832.959
8680,3.6416404,24836.602
8681,3.6425247,24840.244
8682,3.6442354,24843.889
8683,3.6457214,24847.535
8684,3.6457736,24851.182
8685,3.6450121,24854.826
8686,3.642308,24858.469
8687,3.6394603,24862.107
8688,3.637784,24865.746
8689,3.6384315,24869.385
8690,3.6406124,24873.025
8691,3.643987,24876.67
8692,3.646857,24880.316
8693,3.6496205,24883.967
8694,3.6511798,24887.617
8695,3.6515028,24891.27
8696,3.6499276,24894.92
8697,3.6490426,24898.568
8698,3.6493187,24902.217
8699,3.6508076,24905.867
8700,3.6522942,24909.52
8701,3.6518795,24913.172
8702,3.6485374,24916.82
8703,3.6451728,24920.465
8704,3.6439989,24924.11
8705,3.6446307,24927.754
8706,3.646497,24931.4
8707,3.6481225,24935.049
8708,3.6490612,24938.697
8709,3.6486163,24942.346
8710,3.647264,24945.992
8711,3.6453123,24949.637
8712,3.6439357,24953.281
8713,3.6426108,24956.924
8714,3.6410701,24960.564
8715,3.6399345,24964.205
8716,3.6391952,24967.844
8717,3.6379867,24971.482
8718,3.6368535,24975.12
8719,3.6349618,24978.754
8720,3.6333587,24982.387
8721,3.6325371,24986.02
8722,3.6309228,24989.65
8723,3.628735,24993.28
8724,3.6269293,24996.906
8725,3.62694,25000.533
8726,3.627893,25004.16
8727,3.6300683,25007.791
8728,3.6320794,25011.424
8729,3.6334474,25015.057
8730,3.633145,25018.69
8731,3.6321723,25022.322
8732,3.631316,25025.953
8733,3.630174,25029.584
8734,3.6275108,25033.21
8735,3.625507,25036.836
8736,3.6256666,25040.46
8737,3.6279058,25044.088
8738,3.6310818,25047.719
8739,3.6328468,25051.352
8740,3.6339498,25054.986
8741,3.6346579,25058.621
8742,3.636158,25062.258
8743,3.63748,25065.895
8744,3.6382904,25069.533
8745,3.6382742,25073.172
8746,3.636685,25076.809
8747,3.635119,25080.443
8748,3.6339788,25084.078
8749,3.6334853,25087.71
8750,3.6336262,25091.344
8751,3.635424,25094.979
8752,3.637711,25098.617
8753,3.638771,25102.256
8754,3.6384609,25105.895
8755,3.6376443,25109.531
8756,3.6381938,25113.17
8757,3.637922,25116.809
8758,3.637834,25120.447
8759,3.6379628,25124.086
8760,3.638842,25127.725
8761,3.6394506,25131.363
8762,3.6393228,25135.002
8763,3.6381013,25138.64
8764,3.63591,25142.277
8765,3.6338086,25145.912
8766,3.6328979,25149.545
8767,3.6328182,25153.178
8768,3.6342142,25156.812
8769,3.636241,25160.45
8770,3.63906,25164.088
8771,3.6417904,25167.73
8772,3.643748,25171.375
8773,3.64461,25175.02
8774,3.6454794,25178.664
8775,3.6452534,25182.309
8776,3.6441708,25185.953
8777,3.6423633,25189.596
8778,3.639475,25193.234
8779,3.636424,25196.871
8780,3.633409,25200.504
8781,3.631515,25204.135
8782,3.6311464,25207.766
8783,3.6315677,25211.396
8784,3.6325097,25215.03
8785,3.6329298,25218.662
8786,3.632523,25222.295
8787,3.6313229,25225.926
8788,3.6313586,25229.557
8789,3.631374,25233.188
8790,3.6310682,25236.818
8791,3.6300159,25240.45
8792,3.6282244,25244.078
8793,3.6272562,25247.705
8794,3.6266503,25251.332
8795,3.6270342,25254.959
8796,3.6283827,25258.588
8797,3.6302664,25262.219
8798,3.6310482,25265.85
8799,3.6304772,25269.48
8800,3.628521,25273.11
8801,3.6260662,25276.736
8802,3.6246428,25280.361
8803,3.6233435,25283.984
8804,3.623355,25287.607
8805,3.6245162,25291.232
8806,3.6265056,25294.86
8807,3.6283405,25298.488
8808,3.6306522,25302.12
8809,3.6327918,25305.752
8810,3.6329868,25309.385
8811,3.632253,25313.018
8812,3.6316109,25316.648
8813,3.6323574,25320.281
8814,3.6324575,25323.914
8815,3.632651,25327.547
8816,3.6335187,25331.18
8817,3.6348948,25334.814
8818,3.6369689,25338.451
8819,3.638249,25342.09
8820,3.6398304,25345.73
8821,3.641341,25349.371
8822,3.642329,25353.014
8823,3.6417482,25356.656
8824,3.640753,25360.297
8825,3.6404815,25363.938
8826,3.641952,25367.58
8827,3.6443026,25371.225
8828,3.6469777,25374.871
8829,3.6475072,25378.52
8830,3.6457617,25382.166
8831,3.6423004,25385.809
8832,3.6383615,25389.447
8833,3.6355674,25393.082
8834,3.6345925,25396.717
8835,3.6351607,25400.352
8836,3.6345563,25403.986
8837,3.633373,25407.62
8838,3.6330676,25411.252
8839,3.633921,25414.887
8840,3.635736,25418.521
8841,3.6375704,25422.158
8842,3.6389935,25425.797
8843,3.6405053,25429.438
8844,3.642958,25433.08
8845,3.6445057,25436.725
8846,3.6452289,25440.37
8847,3.645037,25444.014
8848,3.645176,25447.658
8849,3.6458764,25451.305
8850,3.6467001,25454.951
8851,3.6471164,25458.598
8852,3.647915,25462.246
8853,3.6477358,25465.895
8854,3.646431,25469.541
8855,3.6442208,25473.186
8856,3.6426547,25476.828
8857,3.6409001,25480.469
8858,3.6402047,25484.11
8859,3.6404097,25487.75
8860,3.6418903,25491.393
8861,3.6443913,25495.037
8862,3.6472106,25498.684
8863,3.6489635,25502.332
8864,3.6511476,25505.982
8865,3.65273,25509.635
8866,3.6537063,25513.29
8867,3.652923,25516.941
8868,3.6514678,25520.594
8869,3.6488287,25524.242
8870,3.6456451,25527.889
8871,3.644538,25531.533
8872,3.6457665,25535.18
8873,3.6479354,25538.828
8874,3.6485708,25542.477
8875,3.6483126,25546.125
8876,3.6467617,25549.771
8877,3.6453846,25553.416
8878,3.6434839,25557.059
8879,3.6422458,25560.701
8880,3.6401596,25564.342
8881,3.6391506,25567.98
8882,3.6384501,25571.62
8883,3.6390047,25575.258
8884,3.6406784,25578.898
8885,3.6440105,25582.543
8886,3.6473548,25586.19
8887,3.650299,25589.84
8888,3.651148,25593.49
8889,3.649965,25597.14
8890,3.647163,25600.787
8891,3.6454146,25604.432
8892,3.6454916,25608.076
8893,3.6469007,25611.723
8894,3.6493318,25615.371
8895,3.6507375,25619.021
8896,3.6501033,25622.672
8897,3.6495028,25626.322
8898,3.6480412,25629.97
8899,3.6469967,25633.617
8900,3.6456463,25637.264
8901,3.6442873,25640.908
8902,3.6430087,25644.55
8903,3.643844,25648.195
8904,3.6463497,25651.842
8905,3.6488957,25655.49
8906,3.6506143,25659.14
8907,3.6508658,25662.791
8908,3.648575,25666.44
8909,3.6446588,25670.084
8910,3.6405532,25673.725
8911,3.6374688,25677.361
8912,3.6359499,25680.998
8913,3.6357727,25684.635
8914,3.6361349,25688.271
8915,3.6370637,25691.908
8916,3.6385868,25695.547
8917,3.6397967,25699.188
8918,3.6400805,25702.828
8919,3.640575,25706.469
8920,3.6397934,25710.11
8921,3.6386595,25713.748
8922,3.6378903,25717.387
8923,3.6374714,25721.023
8924,3.6377885,25724.662
8925,3.637606,25728.299
8926,3.6373534,25731.936
8927,3.6369052,25735.572
8928,3.6355984,25739.207
8929,3.6339667,25742.842
8930,3.6329458,25746.475
8931,3.63274,25750.107
8932,3.6334527,25753.74
8933,3.6341302,25757.375
8934,3.635629,25761.01
8935,3.636927,25764.646
8936,3.638198,25768.285
8937,3.6395023,25771.924
8938,3.6411495,25775.564
8939,3.6422474,25779.207
8940,3.6431935,25782.85
8941,3.6429965,25786.492
8942,3.640843,25790.133
8943,3.6363814,25793.77
8944,3.6317458,25797.4
8945,3.6291258,25801.03
8946,3.6294878,25804.658
8947,3.6315405,25808.29
8948,3.6343331,25811.924
8949,3.6369035,25815.56
8950,3.6389167,25819.2
8951,3.639878,25822.84
8952,3.6401923,25826.48
8953,3.639567,25830.12
8954,3.6386862,25833.758
8955,3.6382856,25837.396
8956,3.6393995,25841.035
8957,3.6414783,25844.676
8958,3.6434517,25848.318
8959,3.6446064,25851.963
8960,3.6448705,25855.607
8961,3.644243,25859.252
8962,3.6425297,25862.895
8963,3.6409717,25866.535
8964,3.6393218,25870.174
8965,3.637155,25873.81
8966,3.6355312,25877.445
8967,3.6347258,25881.08
8968,3.6340816,25884.715
8969,3.63468,25888.35
8970,3.6347945,25891.984
8971,3.6337707,25895.617
8972,3.6317525,25899.248
8973,3.6308937,25902.879
8974,3.6318355,25906.51
8975,3.634472,25910.145
8976,3.6379998,25913.783
8977,3.6405325,25917.424
8978,3.6415884,25921.064
8979,3.6423175,25924.707
8980,3.6431754,25928.35
8981,3.6439703,25931.994
8982,3.6442676,25935.639
8983,3.6442006,25939.283
8984,3.6441607,25942.928
8985,3.6438453,25946.572
8986,3.6436498,25950.217
8987,3.6431541,25953.86
8988,3.6419659,25957.502
8989,3.640888,25961.143
8990,3.6389368,25964.781
8991,3.637759,25968.42
8992,3.6367633,25972.057
8993,3.6383612,25975.695
8994,3.6399825,25979.336
8995,3.6411147,25982.977
8996,3.6418762,25986.62
8997,3.6427264,25990.262
8998,3.6431825,25993.904
8999,3.6430984,25997.547
9000,3.642142,26001.19
9001,3.641426,26004.83
9002,3.6404936,26008.47
9003,3.639392,26012.11
9004,3.6367216,26015.746
9005,3.6346471,26019.38
9006,3.6340616,26023.016
9007,3.633747,26026.648
9008,3.632659,26030.281
9009,3.6322212,26033.914
9010,3.633156,26037.547
9011,3.6360114,26041.184
9012,3.6393762,26044.822
9013,3.6426656,26048.465
9014,3.6460338,26052.111
9015,3.6487703,26055.76
9016,3.6511996,26059.41
9017,3.653265,26063.062
9018,3.655667,26066.719
9019,3.6565955,26070.375
9020,3.656334,26074.031
9021,3.6557972,26077.688
9022,3.655476,26081.344
9023,3.6556172,26085.0
9024,3.6576958,26088.658
9025,3.659274,26092.318
9026,3.6595237,26095.979
9027,3.6572812,26099.637
9028,3.653735,26103.291
9029,3.6501577,26106.941
9030,3.6479712,26110.59
9031,3.6474853,26114.238
9032,3.6485164,26117.887
9033,3.6491895,26121.535
9034,3.6496942,26125.186
9035,3.649152,26128.834
9036,3.648172,26132.482
9037,3.6477928,26136.13
9038,3.6487257,26139.78
9039,3.6500564,26143.43
9040,3.6524484,26147.082
9041,3.653201,26150.734
9042,3.6514776,26154.387
9043,3.6477423,26158.035
9044,3.6438925,26161.68
9045,3.6412237,26165.32
9046,3.6383014,26168.959
9047,3.6366365,26172.596
9048,3.6353252,26176.23
9049,3.6357782,26179.867
9050,3.6355202,26183.502
9051,3.634661,26187.137
9052,3.6315544,26190.768
9053,3.629728,26194.396
9054,3.62867,26198.025
9055,3.6290555,26201.654
9056,3.6295135,26205.283
9057,3.6309133,26208.914
9058,3.6325252,26212.547
9059,3.634486,26216.182
9060,3.6355045,26219.816
9061,3.636064,26223.453
9062,3.6364055,26227.09
9063,3.6374438,26230.727
9064,3.639801,26234.367
9065,3.6409247,26238.008
9066,3.640109,26241.648
9067,3.6381,26245.287
9068,3.6358798,26248.924
9069,3.6334033,26252.557
9070,3.6286583,26256.186
9071,3.6247027,26259.81
9072,3.6229634,26263.434
9073,3.6243386,26267.059
9074,3.627995,26270.688
9075,3.6318562,26274.32
9076,3.6348524,26277.955
9077,3.6368055,26281.592
9078,3.6363292,26285.229
9079,3.635958,26288.865
9080,3.635709,26292.5
9081,3.6355073,26296.135
9082,3.6352913,26299.77
9083,3.6346035,26303.404
9084,3.634287,26307.04
9085,3.6346338,26310.674
9086,3.6354198,26314.309
9087,3.6354773,26317.943
9088,3.6343985,26321.578
9089,3.6313477,26325.209
9090,3.6269772,26328.836
9091,3.6236484,26332.459
9092,3.6206622,26336.08
9093,3.6186395,26339.7
9094,3.6158898,26343.314
9095,3.6146224,26346.93
9096,3.6142752,26350.545
9097,3.6154437,26354.16
9098,3.617859,26357.777
9099,3.6199522,26361.396
9100,3.6215541,26365.018
9101,3.6232498,26368.64
9102,3.6251438,26372.266
9103,3.6263094,26375.893
9104,3.626813,26379.52
9105,3.6272063,26383.146
9106,3.628637,26386.775
9107,3.6296728,26390.404
9108,3.6307874,26394.035
9109,3.629656,26397.664
9110,3.6275113,26401.291
9111,3.6247725,26404.916
9112,3.623086,26408.54
9113,3.6215189,26412.16
9114,3.6209295,26415.781
9115,3.6211634,26419.402
9116,3.6223836,26423.025
9117,3.6238503,26426.648
9118,3.6248102,26430.273
9119,3.625458,26433.898
9120,3.624006,26437.521
9121,3.622001,26441.143
9122,3.6204333,26444.764
9123,3.6192377,26448.383
9124,3.6184442,26452.002
9125,3.6177294,26455.62
9126,3.61844,26459.238
9127,3.6204855,26462.86
9128,3.6232586,26466.482
9129,3.62542,26470.107
9130,3.62879,26473.736
9131,3.6312761,26477.367
9132,3.6346188,26481.002
9133,3.6368825,26484.639
9134,3.638211,26488.277
9135,3.6385045,26491.916
9136,3.6380208,26495.555
9137,3.636828,26499.191
9138,3.6363244,26502.828
9139,3.637805,26506.467
9140,3.6402354,26510.107
9141,3.6437802,26513.752
9142,3.646523,26517.398
9143,3.6482286,26521.047
9144,3.6473248,26524.693
9145,3.6457775,26528.34
9146,3.644149,26531.984
9147,3.6423862,26535.627
9148,3.641166,26539.268
9149,3.6397448,26542.908
9150,3.6377847,26546.547
9151,3.6362152,26550.184
9152,3.6365187,26553.82
9153,3.6365335,26557.457
9154,3.6367874,26561.094
9155,3.6374702,26564.73
9156,3.6393178,26568.37
9157,3.6408026,26572.01
9158,3.6412005,26575.65
9159,3.6410604,26579.291
9160,3.6407716,26582.932
9161,3.6413307,26586.572
9162,3.6419237,26590.215
9163,3.6424048,26593.857
9164,3.6418233,26597.5
9165,3.6409352,26601.14
9166,3.6410613,26604.781
9167,3.642951,26608.424
9168,3.645831,26612.07
9169,3.6492615,26615.719
9170,3.6512313,26619.37
9171,3.6532433,26623.021
9172,3.6538079,26626.676
9173,3.6543865,26630.33
9174,3.65503,26633.984
9175,3.6566691,26637.64
9176,3.6591556,26641.299
9177,3.6613982,26644.96
9178,3.6621263,26648.623
9179,3.66154,26652.285
9180,3.660981,26655.945
9181,3.6605632,26659.605
9182,3.6603572,26663.266
9183,3.6607757,26666.926
9184,3.6600075,26670.586
9185,3.6608152,26674.246
9186,3.662197,26677.908
9187,3.6634786,26681.572
9188,3.6607404,26685.232
9189,3.656162,26688.889
9190,3.6516309,26692.541
9191,3.6506753,26696.191
9192,3.6516945,26699.844
9193,3.6548967,26703.498
9194,3.658043,26707.156
9195,3.662175,26710.818
9196,3.6654582,26714.484
9197,3.6692266,26718.154
9198,3.6722212,26721.826
9199,3.677022,26725.504
9200,3.6774478,26729.182
9201,3.6737401,26732.855
9202,3.6673794,26736.523
9203,3.6627362,26740.186
9204,3.6610992,26743.846
9205,3.65527,26747.5
9206,3.6340857,26751.135
9207,3.615485,26754.75
9208,3.6058414,26758.355
9209,3.5991254,26761.955
9210,3.5921981,26765.547
9211,3.5872464,26769.135
9212,3.5837283,26772.719
9213,3.5809004,26776.299
9214,3.5778463,26779.877
9215,3.5748472,26783.451
9216,3.5737636,26787.025
9217,3.5738695,26790.6
9218,3.5753717,26794.176
9219,3.5768602,26797.752
9220,3.5763128,26801.328
9221,3.5745742,26804.902
9222,3.5729208,26808.475
9223,3.571634,26812.047
9224,3.5710232,26815.617
9225,3.5705485,26819.188
9226,3.570749,26822.758
9227,3.5715213,26826.33
9228,3.5734198,26829.904
9229,3.576208,26833.48
9230,3.578801,26837.059
9231,3.5812373,26840.64
9232,3.5823433,26844.223
9233,3.5841243,26847.807
9234,3.5863957,26851.393
9235,3.5886822,26854.98
9236,3.590211,26858.57
9237,3.5920427,26862.162
9238,3.592717,26865.754
9239,3.5934775,26869.348
9240,3.5927236,26872.94
9241,3.5913384,26876.531
9242,3.5905507,26880.121
9243,3.5913363,26883.713
9244,3.592253,26887.305
9245,3.5918503,26890.896
9246,3.5913026,26894.488
9247,3.5924847,26898.08
9248,3.5961397,26901.676
9249,3.6003392,26905.275
9250,3.60577,26908.88
9251,3.611659,26912.492
9252,3.6148992,26916.107
9253,3.613046,26919.72
9254,3.6093767,26923.33
9255,3.6089034,26926.94
9256,3.6103907,26930.55
9257,3.6119244,26934.162
9258,3.6111803,26937.773
9259,3.6110625,26941.385
9260,3.61028,26944.994
9261,3.610877,26948.605
9262,3.6115801,26952.217
9263,3.614179,26955.83
9264,3.6175642,26959.447
9265,3.6212115,26963.068
9266,3.6268432,26966.695
9267,3.631893,26970.328
9268,3.6372528,26973.965
9269,3.640976,26977.605
9270,3.6431777,26981.248
9271,3.643581,26984.893
9272,3.6439083,26988.537
9273,3.6442015,26992.182
9274,3.6475372,26995.83
9275,3.6518245,26999.482
9276,3.6580076,27003.14
9277,3.661189,27006.803
9278,3.6637585,27010.467
9279,3.6635597,27014.13
9280,3.664698,27017.795
9281,3.6653237,27021.46
9282,3.6674376,27025.129
9283,3.6668172,27028.795
9284,3.6668005,27032.46
9285,3.6662543,27036.127
9286,3.6664505,27039.793
9287,3.6654348,27043.459
9288,3.664432,27047.123
9289,3.6624746,27050.785
9290,3.6597867,27054.445
9291,3.6530807,27058.098
9292,3.6447227,27061.742
9293,3.635,27065.377
9294,3.6303952,27069.008
9295,3.6290765,27072.637
9296,3.6346524,27076.271
9297,3.6389172,27079.91
9298,3.6384978,27083.549
9299,3.6306005,27087.18
9300,3.6225863,27090.803
9301,3.6181974,27094.422
9302,3.6154354,27098.037
9303,3.6133392,27101.65
9304,3.6101947,27105.26
9305,3.6060638,27108.865
9306,3.6004665,27112.465
9307,3.5965374,27116.06
9308,3.597533,27119.658
9309,3.6017418,27123.26
9310,3.6049342,27126.865
9311,3.609179,27130.475
9312,3.619338,27134.094
9313,3.6321468,27137.727
9314,3.6430364,27141.37
9315,3.6463377,27145.016
9316,3.6467617,27148.662
9317,3.646778,27152.309
9318,3.6490905,27155.957
9319,3.65178,27159.61
9320,3.657002,27163.266
9321,3.660548,27166.926
9322,3.6642332,27170.59
9323,3.664607,27174.254
9324,3.666091,27177.92
9325,3.6650908,27181.586
9326,3.6653714,27185.252
9327,3.664199,27188.916
9328,3.6645021,27192.58
9329,3.6640353,27196.244
9330,3.6644921,27199.908
9331,3.6640737,27203.572
9332,3.6643715,27207.236
9333,3.6647363,27210.9
9334,3.6657798,27214.566
9335,3.6657302,27218.232
9336,3.665073,27221.898
9337,3.663787,27225.562
9338,3.6624038,27229.225
9339,3.6608992,27232.885
9340,3.6598043,27236.545
9341,3.6595135,27240.205
9342,3.660002,27243.865
9343,3.661135,27247.527
9344,3.6627831,27251.19
9345,3.6644378,27254.854
9346,3.665031,27258.518
9347,3.6649747,27262.182
9348,3.6649556,27265.846
9349,3.664745,27269.51
9350,3.6653883,27273.176
9351,3.665646,27276.842
9352,3.6660593,27280.508
9353,3.6653972,27284.174
9354,3.665071,27287.84
9355,3.664514,27291.504
9356,3.6639974,27295.168
9357,3.663233,27298.832
9358,3.6628118,27302.494
9359,3.66281,27306.156
9360,3.663784,27309.82
9361,3.664672,27313.484
9362,3.6659997,27317.15
9363,3.6659873,27320.816
9364,3.665895,27324.482
9365,3.6658502,27328.148
9366,3.6674194,27331.816
9367,3.6688297,27335.484
9368,3.6700463,27339.154
9369,3.6706932,27342.824
9370,3.6715841,27346.496
9371,3.6723244,27350.168
9372,3.6736073,27353.842
9373,3.6745079,27357.516
9374,3.6755354,27361.191
9375,3.676018,27364.867
9376,3.6771667,27368.545
9377,3.6780128,27372.223
9378,3.6784048,27375.9
9379,3.6781697,27379.578
9380,3.6782637,27383.256
9381,3.6786385,27386.934
9382,3.6793075,27390.613
9383,3.6796286,27394.293
9384,3.6792417,27397.973
9385,3.6782324,27401.65
9386,3.677651,27405.328
9387,3.677138,27409.006
9388,3.6771905,27412.684
9389,3.677166,27416.361
9390,3.6768866,27420.04
9391,3.6770325,27423.717
9392,3.6777737,27427.395
9393,3.6786194,27431.072
9394,3.6790087,27434.752
9395,3.6792235,27438.432
9396,3.6801212,27442.111
9397,3.681656,27445.793
9398,3.6820683,27449.475
9399,3.6823163,27453.156
9400,3.6824272,27456.838
9401,3.6827953,27460.521
9402,3.6836038,27464.205
9403,3.684648,27467.89
9404,3.6867266,27471.578
9405,3.688846,27475.268
9406,3.6909375,27478.959
9407,3.6916368,27482.65
9408,3.6912723,27486.342
9409,3.6899724,27490.031
9410,3.6896138,27493.72
9411,3.6905074,27497.412
9412,3.6920035,27501.104
9413,3.692743,27504.797
9414,3.6917567,27508.488
9415,3.6895986,27512.178
9416,3.6839435,27515.861
9417,3.6751933,27519.537
9418,3.6555972,27523.193
9419,3.6189346,27526.812
9420,3.556981,27530.37
9421,3.494186,27533.863
9422,3.4697387,27537.334
9423,3.4671829,27540.8
9424,3.468504,27544.27
9425,3.4717152,27547.742
9426,3.4745374,27551.217
9427,3.4786158,27554.695
9428,3.482925,27558.178
9429,3.4880066,27561.666
9430,3.4923923,27565.158
9431,3.4973803,27568.656
9432,3.5033655,27572.16
9433,3.5105135,27575.67
9434,3.5172734,27579.188
9435,3.5240338,27582.71
9436,3.5317993,27586.242
9437,3.5405164,27589.783
9438,3.5500622,27593.334
9439,3.5591433,27596.893
9440,3.5664003,27600.459
9441,3.5737207,27604.033
9442,3.5810285,27607.613
9443,3.588355,27611.201
9444,3.595582,27614.797
9445,3.6034777,27618.4
9446,3.611304,27622.012
9447,3.619068,27625.63
9448,3.62623,27629.258
9449,3.6338382,27632.893
9450,3.6406143,27636.533
9451,3.6475832,27640.182
9452,3.6553655,27643.838
9453,3.6611583,27647.5
9454,3.6657329,27651.166
9455,3.669152,27654.836
9456,3.6735134,27658.51
9457,3.6791475,27662.19
9458,3.687205,27665.877
9459,3.6947136,27669.572
9460,3.702535,27673.275
9461,3.70945,27676.984
9462,3.713868,27680.7
9463,3.7250285,27684.424
9464,3.7358937,27688.16
9465,3.7508094,27691.91
9466,3.7583537,27695.668
9467,3.7692642,27699.438
9468,3.7752674,27703.213
9469,3.785716,27706.998
9470,3.792557,27710.791
9471,3.8028262,27714.594
9472,3.8082216,27718.402
9473,3.8176305,27722.22
9474,3.8289819,27726.049
9475,3.8476765,27729.896
9476,3.8606308,27733.758
9477,3.8741837,27737.633
9478,3.8811615,27741.514
9479,3.8872588,27745.4
9480,3.8869274,27749.287
9481,3.8835495,27753.17
9482,3.8773155,27757.047
9483,3.87342,27760.92
9484,3.8719344,27764.791
9485,3.8714833,27768.662
9486,3.8716216,27772.533
9487,3.8682709,27776.402
9488,3.8652205,27780.268
9489,3.8612478,27784.129
9490,3.8577664,27787.986
9491,3.8532863,27791.84
9492,3.8477027,27795.688
9493,3.8410313,27799.53
9494,3.8367715,27803.365
9495,3.8339846,27807.2
9496,3.833714,27811.033
9497,3.8328753,27814.865
9498,3.83441,27818.7
9499,3.8340597,27822.533
9500,3.830919,27826.363
9501,3.8241692,27830.188
9502,3.8172064,27834.004
9503,3.8113708,27837.814
9504,3.8073397,27841.621
9505,3.805599,27845.426
9506,3.806126,27849.232
9507,3.8048904,27853.037
9508,3.8020427,27856.84
9509,3.7965617,27860.637
9510,3.7910388,27864.428
9511,3.7865322,27868.215
9512,3.7809737,27871.996
9513,3.7757497,27875.771
9514,3.773215,27879.545
9515,3.7713258,27883.316
9516,3.7714708,27887.088
9517,3.7708013,27890.86
9518,3.7711086,27894.63
9519,3.7712882,27898.402
9520,3.7715406,27902.174
9521,3.7692919,27905.943
9522,3.76648,27909.709
9523,3.7629986,27913.473
9524,3.7595491,27917.232
9525,3.7553053,27920.988
9526,3.7535172,27924.742
9527,3.7544246,27928.496
9528,3.757522,27932.254
9529,3.7591,27936.014
9530,3.7588482,27939.773
9531,3.7572508,27943.531
9532,3.7552764,27947.287
9533,3.753716,27951.041
9534,3.7541869,27954.795
9535,3.7559385,27958.55
9536,3.760284,27962.31
9537,3.764283,27966.074
9538,3.7675347,27969.842
9539,3.772412,27973.613
9540,3.779168,27977.393
9541,3.7854366,27981.178
9542,3.7887623,27984.967
9543,3.7928295,27988.76
9544,3.798945,27992.559
9545,3.8061938,27996.365
9546,3.8121436,28000.178
9547,3.8145828,28003.992
9548,3.8137343,28007.807
9549,3.811955,28011.62
9550,3.8091223,28015.428
9551,3.8084042,28019.236
9552,3.8080685,28023.045
9553,3.8087895,28026.854
9554,3.8059964,28030.66
9555,3.8041701,28034.465
9556,3.8025959,28038.268
9557,3.8059447,28042.074
9558,3.8111234,28045.885
9559,3.8175826,28049.703
9560,3.823532,28053.527
9561,3.8290448,28057.355
9562,3.8331845,28061.19
9563,3.835842,28065.025
9564,3.8377876,28068.863
9565,3.8372872,28072.701
9566,3.8321197,28076.533
9567,3.8247335,28080.357
9568,3.817366,28084.174
9569,3.8149142,28087.988
9570,3.817512,28091.807
9571,3.8219497,28095.629
9572,3.8265953,28099.455
9573,3.8325925,28103.287
9574,3.8412263,28107.129
9575,3.8497937,28110.979
9576,3.854679,28114.834
9577,3.857182,28118.691
9578,3.859801,28122.55
9579,3.8623497,28126.414
9580,3.8627374,28130.277
9581,3.862549,28134.14
9582,3.8704011,28138.012
9583,3.8831377,28141.895
9584,3.8892703,28145.783
9585,3.8913152,28149.674
9586,3.891831,28153.566
9587,3.8907123,28157.457
9588,3.886715,28161.344
9589,3.8839312,28165.229
9590,3.8841124,28169.113
9591,3.8857155,28172.998
9592,3.8854384,28176.883
9593,3.884597,28180.768
9594,3.8847704,28184.652
9595,3.8858843,28188.54
9596,3.8865612,28192.426
9597,3.8873253,28196.312
9598,3.8887029,28200.201
9599,3.8916967,28204.094
9600,3.8945994,28207.988
9601,3.8954394,28211.883
9602,3.896863,28215.78
9603,3.9015899,28219.682
9604,3.9064238,28223.588
9605,3.9104042,28227.498
9606,3.91148,28231.41
9607,3.913753,28235.324
9608,3.9152756,28239.24
9609,3.9133804,28243.154
9610,3.908874,28247.062
9611,3.9087706,28250.97
9612,3.910272,28254.88
9613,3.9157956,28258.797
9614,3.9256182,28262.723
9615,3.93949,28266.662
9616,3.9489598,28270.611
9617,3.9592965,28274.57
9618,3.962855,28278.533
9619,3.9666662,28282.5
9620,3.9703526,28286.47
9621,3.974694,28290.445
9622,3.9774177,28294.422
9623,3.9800956,28298.402
9624,3.9847934,28302.387
9625,3.9945347,28306.38
9626,4.00307,28310.385
9627,4.0112185,28314.396
9628,4.016852,28318.414
9629,4.0216312,28322.436
9630,4.022589,28326.459
9631,4.0131354,28330.473
9632,4.007119,28334.48
9633,4.01118,28338.492
9634,4.0135736,28342.506
9635,4.017757,28346.523
9636,4.02138,28350.545
9637,4.028401,28354.574
9638,4.032853,28358.607
9639,4.0364323,28362.645
9640,4.0381966,28366.684
9641,4.0407176,28370.725
9642,4.041094,28374.766
9643,4.041654,28378.807
9644,4.041903,28382.848
9645,4.0434346,28386.89
9646,4.0442348,28390.936
9647,4.0459833,28394.982
9648,4.0454097,28399.027
9649,4.045879,28403.072
9650,4.047162,28407.12
9651,4.0489106,28411.168
9652,4.048996,28415.217
9653,4.0502033,28419.268
9654,4.0523725,28423.32
9655,4.0544076,28427.375
9656,4.0552883,28431.43
9657,4.0550723,28435.484
9658,4.0534205,28439.537
9659,4.0517025,28443.588
9660,4.049898,28447.639
9661,4.048898,28451.688
9662,4.0474877,28455.734
9663,4.0451713,28459.78
9664,4.0423574,28463.822
9665,4.0397353,28467.861
9666,4.0368867,28471.898
9667,4.035011,28475.934
9668,4.033728,28479.967
9669,4.0326962,28484.0
9670,4.0320807,28488.031
9671,4.03163,28492.062
9672,4.030936,28496.094
9673,4.030228,28500.123
9674,4.030278,28504.154
9675,4.029505,28508.184
9676,4.0281315,28512.21
9677,4.0267334,28516.238
9678,4.025648,28520.264
9679,4.0254817,28524.29
9680,4.0237856,28528.312
9681,4.0210342,28532.334
9682,4.01728,28536.352
9683,4.0168595,28540.37
9684,4.018737,28544.389
9685,4.0202847,28548.408
9686,4.022177,28552.43
9687,4.02459,28556.455
9688,4.028664,28560.484
9689,4.030838,28564.516
9690,4.03124,28568.547
9691,4.0320106,28572.578
9692,4.0332184,28576.611
9693,4.0336447,28580.645
9694,4.034556,28584.68
9695,4.0370874,28588.717
9696,4.042206,28592.76
9697,4.048974,28596.809
9698,4.0551014,28600.863
9699,4.0589347,28604.922
9700,4.0625367,28608.984
9701,4.065909,28613.05
9702,4.0683007,28617.12
9703,4.0701723,28621.19
9704,4.072008,28625.262
9705,4.072644,28629.334
9706,4.072513,28633.406
9707,4.0720563,28637.479
9708,4.0724688,28641.55
9709,4.0727386,28645.623
9710,4.072999,28649.695
9711,4.07363,28653.77
9712,4.0745525,28657.844
9713,4.0768833,28661.92
9714,4.079094,28665.998
9715,4.08009,28670.078
9716,4.078534,28674.156
9717,4.076029,28678.232
9718,4.0742416,28682.307
9719,4.073524,28686.38
9720,4.074469,28690.455
9721,4.0750675,28694.53
9722,4.0760965,28698.605
9723,4.077206,28702.684
9724,4.0795465,28706.764
9725,4.0819626,28710.846
9726,4.083691,28714.93
9727,4.084357,28719.014
9728,4.084735,28723.098
9729,4.0861845,28727.184
9730,4.086172,28731.27
9731,4.086137,28735.355
9732,4.083599,28739.44
9733,4.0816884,28743.521
9734,4.080918,28747.602
9735,4.080676,28751.682
9736,4.0807223,28755.762
9737,4.0796986,28759.842
9738,4.0798335,28763.922
9739,4.0821104,28768.004
9740,4.083684,28772.088
9741,4.085303,28776.174
9742,4.0857882,28780.26
9743,4.085434,28784.346
9744,4.083542,28788.43
9745,4.079362,28792.51
9746,4.075583,28796.586
9747,4.0728116,28800.658
9748,4.0718412,28804.73
9749,4.071298,28808.803
9750,4.071365,28812.875
9751,4.0727024,28816.947
9752,4.0742755,28821.021
9753,4.0761685,28825.098
9754,4.0786924,28829.176
9755,4.0819154,28833.258
9756,4.083377,28837.342
9757,4.0843306,28841.426
9758,4.084831,28845.51
9759,4.0854564,28849.596
9760,4.0846457,28853.68
9761,4.08374,28857.764
9762,4.082035,28861.846
9763,4.0815554,28865.928
9764,4.0831065,28870.012
9765,4.086754,28874.098
9766,4.0895123,28878.188
9767,4.0913434,28882.28
9768,4.0935755,28886.373
9769,4.0948834,28890.469
9770,4.095143,28894.564
9771,4.0938907,28898.658
9772,4.0931215,28902.752
9773,4.09335,28906.846
9774,4.094134,28910.94
9775,4.093465,28915.033
9776,4.0920277,28919.125
9777,4.08984,28923.215
9778,4.0883465,28927.303
9779,4.088818,28931.39
9780,4.090631,28935.48
9781,4.0928636,28939.574
9782,4.0942793,28943.668
9783,4.095231,28947.764
9784,4.0973673,28951.861
9785,4.098067,28955.959
9786,4.099443,28960.059
9787,4.1005836,28964.158
9788,4.101964,28968.26
9789,4.103448,28972.363
9790,4.1056867,28976.469
9791,4.1072464,28980.576
9792,4.10918,28984.686
9793,4.1117253,28988.797
9794,4.1152663,28992.912
9795,4.1197877,28997.031
9796,4.121962,29001.152
9797,4.121504,29005.273
9798,4.12097,29009.395
9799,4.1202083,29013.516
9800,4.119005,29017.635
9801,4.1180654,29021.752
9802,4.1193533,29025.871
9803,4.120472,29029.992
9804,4.120038,29034.111
9805,4.1186175,29038.23
9806,4.1172457,29042.348
9807,4.1163044,29046.465
9808,4.1181803,29050.584
9809,4.1222353,29054.707
9810,4.125834,29058.832
9811,4.1284013,29062.96
9812,4.130749,29067.092
9813,4.1324754,29071.225
9814,4.134316,29075.36
9815,4.1348414,29079.494
9816,4.137416,29083.63
9817,4.1389227,29087.77
9818,4.1386924,29091.908
9819,4.1368775,29096.045
9820,4.136201,29100.182
9821,4.1351795,29104.316
9822,4.1338315,29108.451
9823,4.1314573,29112.582
9824,4.1296177,29116.71
9825,4.128805,29120.84
9826,4.1269135,29124.967
9827,4.12384,29129.09
9828,4.118091,29133.207
9829,4.11236,29137.32
9830,4.1096544,29141.43
9831,4.1088214,29145.54
9832,4.109631,29149.648
9833,4.1101,29153.758
9834,4.1118956,29157.87
9835,4.1112657,29161.98
9836,4.109639,29166.09
9837,4.1067986,29170.197
9838,4.105535,29174.303
9839,4.1030045,29178.406
9840,4.100809,29182.508
9841,4.0979953,29186.605
9842,4.09633,29190.701
9843,4.0936737,29194.795
9844,4.090606,29198.885
9845,4.088179,29202.973
9846,4.086455,29207.059
9847,4.083944,29211.143
9848,4.082416,29215.225
9849,4.081805,29219.307
9850,4.0829577,29223.389
9851,4.0842,29227.473
9852,4.0850797,29231.559
9853,4.0858717,29235.645
9854,4.0858827,29239.73
9855,4.0846796,29243.814
9856,4.0830545,29247.898
9857,4.081994,29251.98
9858,4.0826926,29256.062
9859,4.084657,29260.146
9860,4.086268,29264.232
9861,4.087267,29268.32
9862,4.088963,29272.41
9863,4.0884166,29276.498
9864,4.0870905,29280.586
9865,4.0845065,29284.67
9866,4.0846095,29288.754
9867,4.085701,29292.84
9868,4.0860224,29296.926
9869,4.0842953,29301.01
9870,4.0825653,29305.092
9871,4.080958,29309.172
9872,4.080467,29313.252
9873,4.0814795,29317.334
9874,4.0816283,29321.416
9875,4.0830264,29325.5
9876,4.083759,29329.584
9877,4.085925,29333.67
9878,4.088288,29337.758
9879,4.0903406,29341.848
9880,4.090967,29345.94
9881,4.089866,29350.03
9882,4.0899787,29354.12
9883,4.0912194,29358.21
9884,4.0929813,29362.305
9885,4.0943837,29366.398
9886,4.0947404,29370.494
9887,4.094103,29374.588
9888,4.0933332,29378.682
9889,4.093365,29382.775
9890,4.092466,29386.867
9891,4.091646,29390.959
9892,4.0912886,29395.05
9893,4.093437,29399.145
9894,4.0955896,29403.24
9895,4.097815,29407.338
9896,4.0998025,29411.438
9897,4.1004896,29415.537
9898,4.1003,29419.637
9899,4.0975885,29423.734
9900,4.095739,29427.83
9901,4.0955753,29431.926
9902,4.096237,29436.021
9903,4.0979886,29440.12
9904,4.0993276,29444.219
9905,4.099784,29448.318
9906,4.0988355,29452.418
9907,4.0979314,29456.516
9908,4.0962253,29460.611
9909,4.0943017,29464.705
9910,4.0914536,29468.797
9911,4.0880914,29472.885
9912,4.0863743,29476.97
9913,4.086358,29481.057
9914,4.087315,29485.145
9915,4.087734,29489.232
9916,4.0876255,29493.32
9917,4.0876455,29497.408
9918,4.0883803,29501.496
9919,4.0910707,29505.588
9920,4.094025,29509.682
9921,4.095078,29513.777
9922,4.095123,29517.873
9923,4.0958457,29521.969
9924,4.0949373,29526.064
9925,4.0931616,29530.158
9926,4.09111,29534.25
9927,4.088435,29538.338
9928,4.086284,29542.424
9929,4.084646,29546.508
9930,4.081827,29550.59
9931,4.079473,29554.67
9932,4.078903,29558.748
9933,4.0781894,29562.826
9934,4.077186,29566.904
9935,4.07807,29570.982
9936,4.0801425,29575.062
9937,4.083874,29579.146
9938,4.0883527,29583.234
9939,4.0936265,29587.328
9940,4.0964766,29591.424
9941,4.098509,29595.521
9942,4.100314,29599.621
9943,4.101352,29603.723
9944,4.1009703,29607.824
9945,4.099386,29611.924
9946,4.0963736,29616.02
9947,4.092395,29620.111
9948,4.087703,29624.2
9949,4.0828214,29628.281
9950,4.0807395,29632.361
9951,4.0807443,29636.441
9952,4.0836625,29640.525
9953,4.087052,29644.613
9954,4.090915,29648.705
9955,4.09277,29652.797
9956,4.0910797,29656.889
9957,4.089218,29660.979
9958,4.086625,29665.064
9959,4.0861363,29669.15
9960,4.085362,29673.236
9961,4.0852933,29677.322
9962,4.0846343,29681.406
9963,4.0833945,29685.49
9964,4.082731,29689.572
9965,4.081949,29693.654
9966,4.082326,29697.736
9967,4.082892,29701.818
9968,4.084223,29705.902
9969,4.084753,29709.986
9970,4.0877385,29714.074
9971,4.0889587,29718.164
9972,4.0887933,29722.252
9973,4.0891347,29726.342
9974,4.0886545,29730.43
9975,4.087803,29734.518
9976,4.0888786,29738.607
9977,4.0929713,29742.701
9978,4.0988584,29746.8
9979,4.10414,29750.904
9980,4.1058903,29755.01
9981,4.1040277,29759.113
9982,4.101032,29763.215
9983,4.097248,29767.312
9984,4.092716,29771.404
9985,4.0892534,29775.494
9986,4.086415,29779.58
9987,4.0823894,29783.662
9988,4.0817695,29787.744
9989,4.082583,29791.826
9990,4.0849543,29795.91
9991,4.085559,29799.996
9992,4.087158,29804.084
9993,4.0884476,29808.172
9994,4.08957,29812.262
9995,4.092491,29816.354
9996,4.095204,29820.45
9997,4.0977893,29824.547
9998,4.0975246,29828.645
9999,4.097501,29832.742
10000,4.09683,29836.84
10001,4.0941944,29840.934
10002,4.0915275,29845.025
10003,4.087394,29849.113
10004,4.0851,29853.2
10005,4.086066,29857.285
10006,4.086764,29861.371
10007,4.087763,29865.459
10008,4.085365,29869.545
10009,4.0853295,29873.63
10010,4.0867906,29877.717
10011,4.089456,29881.807
10012,4.092104,29885.898
10013,4.0933576,29889.992
10014,4.0948777,29894.088
10015,4.095877,29898.184
10016,4.094938,29902.28
10017,4.0920095,29906.371
10018,4.0894947,29910.46
10019,4.0866733,29914.547
10020,4.0857296,29918.633
10021,4.0855203,29922.719
10022,4.0832586,29926.803
10023,4.0809803,29930.883
10024,4.078808,29934.96
10025,4.0768495,29939.037
10026,4.0753613,29943.113
10027,4.0728064,29947.186
10028,4.0728483,29951.258
10029,4.0738187,29955.332
10030,4.0753794,29959.408
10031,4.0777097,29963.486
10032,4.0803113,29967.566
10033,4.0833516,29971.65
10034,4.08509,29975.736
10035,4.085794,29979.822
10036,4.085231,29983.908
10037,4.0817103,29987.99
10038,4.076765,29992.066
10039,4.071456,29996.139
10040,4.068632,30000.207
10041,4.06742,30004.275
10042,4.0682254,30008.344
10043,4.070164,30012.414
10044,4.0727954,30016.486
10045,4.0747657,30020.56
10046,4.076755,30024.637
10047,4.078054,30028.715
10048,4.077548,30032.793
10049,4.076223,30036.87
10050,4.076487,30040.945
10051,4.077668,30045.023
10052,4.0787654,30049.102
10053,4.0823617,30053.184
10054,4.0866165,30057.27
10055,4.090371,30061.36
10056,4.092172,30065.451
10057,4.094557,30069.545
10058,4.0940294,30073.639
10059,4.092051,30077.73
10060,4.0897202,30081.82
10061,4.0873423,30085.908
10062,4.085693,30089.994
10063,4.0830164,30094.078
10064,4.081889,30098.16
10065,4.0816984,30102.242
10066,4.0831127,30106.326
10067,4.0848904,30110.41
10068,4.0864596,30114.496
10069,4.086948,30118.584
10070,4.0883493,30122.672
10071,4.091126,30126.764
10072,4.0935774,30130.857
10073,4.0955477,30134.953
10074,4.0954437,30139.049
10075,4.093545,30143.143
10076,4.0906754,30147.232
10077,4.087463,30151.32
10078,4.0848465,30155.404
10079,4.0814567,30159.486
10080,4.0792136,30163.566
10081,4.077405,30167.645
10082,4.07822,30171.723
10083,4.078946,30175.8
10084,4.0804334,30179.88
10085,4.082998,30183.963
10086,4.087145,30188.05
10087,4.0932875,30192.145
10088,4.098076,30196.242
10089,4.1013193,30200.344
10090,4.10219,30204.445
10091,4.1013036,30208.547
10092,4.0999174,30212.646
10093,4.0977964,30216.744
10094,4.097024,30220.842
10095,4.0959425,30224.938
10096,4.095004,30229.033
10097,4.093835,30233.127
10098,4.09269,30237.219
10099,4.0911794,30241.31
10100,4.0887003,30245.398
10101,4.0859265,30249.484
10102,4.0825005,30253.566
10103,4.078514,30257.645
10104,4.0779734,30261.723
10105,4.079339,30265.803
10106,4.0805335,30269.883
10107,4.0819097,30273.965
10108,4.0826535,30278.047
10109,4.082273,30282.129
10110,4.0815654,30286.21
10111,4.0821824,30290.293
10112,4.0816374,30294.375
10113,4.08009,30298.455
10114,4.0782313,30302.533
10115,4.0766044,30306.61
10116,4.076232,30310.686
10117,4.0759697,30314.762
10118,4.0745783,30318.836
10119,4.0731325,30322.908
10120,4.072149,30326.98
10121,4.072619,30331.053
10122,4.073604,30335.127
10123,4.074129,30339.201
10124,4.0728188,30343.273
10125,4.071673,30347.346
10126,4.0698686,30351.416
10127,4.069533,30355.486
10128,4.069699,30359.557
10129,4.0703654,30363.627
10130,4.070066,30367.697
10131,4.068397,30371.766
10132,4.067688,30375.834
10133,4.0658727,30379.9
10134,4.0637107,30383.965
10135,4.061389,30388.025
10136,4.0597944,30392.086
10137,4.059845,30396.146
10138,4.0619526,30400.209
10139,4.0640106,30404.273
10140,4.0643916,30408.338
10141,4.063282,30412.4
10142,4.0625615,30416.463
10143,4.0620627,30420.525
10144,4.0624084,30424.588
10145,4.0628176,30428.65
10146,4.061835,30432.713
10147,4.0611806,30436.773
10148,4.0613775,30440.834
10149,4.062578,30444.896
10150,4.0642047,30448.96
10151,4.0661345,30453.027
10152,4.0679245,30457.096
10153,4.0684204,30461.164
10154,4.067338,30465.23
10155,4.0674415,30469.299
10156,4.0678935,30473.367
10157,4.0678725,30477.436
10158,4.068884,30481.504
10159,4.070849,30485.574
10160,4.0722437,30489.646
10161,4.074409,30493.72
10162,4.0765944,30497.797
10163,4.0793066,30501.877
10164,4.0815787,30505.959
10165,4.0836215,30510.043
10166,4.086311,30514.129
10167,4.0896506,30518.219
10168,4.0924134,30522.31
10169,4.092632,30526.402
10170,4.0905814,30530.492
10171,4.088293,30534.58
10172,4.086842,30538.666
10173,4.0870695,30542.754
10174,4.0883565,30546.842
10175,4.089622,30550.932
10176,4.0899315,30555.021
10177,4.0889316,30559.111
10178,4.0892897,30563.201
10179,4.0905304,30567.291
10180,4.0915055,30571.383
10181,4.09093,30575.475
10182,4.0904813,30579.564
10183,4.0915327,30583.656
10184,4.092516,30587.748
10185,4.0928807,30591.842
10186,4.0922656,30595.934
10187,4.0902314,30600.023
10188,4.08853,30604.111
10189,4.0892715,30608.201
10190,4.0913386,30612.293
10191,4.093061,30616.387
10192,4.0942082,30620.48
10193,4.0951657,30624.576
10194,4.0976276,30628.674
10195,4.099966,30632.773
10196,4.0997033,30636.873
10197,4.097614,30640.97
10198,4.0949674,30645.066
10199,4.0929723,30649.16
10200,4.0914054,30653.252
10201,4.090357,30657.342
10202,4.0913377,30661.434
10203,4.0933332,30665.527
10204,4.09421,30669.621
10205,4.094785,30673.717
10206,4.0950685,30677.812
10207,4.0946884,30681.906
10208,4.0946736,30686.0
10209,4.095276,30690.096
10210,4.0954394,30694.191
10211,4.094762,30698.287
10212,4.0931034,30702.38
10213,4.091497,30706.473
10214,4.0910234,30710.564
10215,4.0917697,30714.656
10216,4.0916843,30718.748
10217,4.0925937,30722.84
10218,4.095214,30726.936
10219,4.097522,30731.033
10220,4.097608,30735.13
10221,4.096576,30739.227
10222,4.095607,30743.322
10223,4.0944505,30747.416
10224,4.09351,30751.51
10225,4.0920877,30755.602
10226,4.0913715,30759.693
10227,4.089172,30763.783
10228,4.084972,30767.87
10229,4.080743,30771.95
10230,4.077404,30776.027
10231,4.0757914,30780.104
10232,4.0739417,30784.178
10233,4.073732,30788.252
10234,4.074407,30792.326
10235,4.075541,30796.402
10236,4.0774875,30800.48
10237,4.0798945,30804.56
10238,4.080038,30808.64
10239,4.077181,30812.719
10240,4.0748463,30816.793
10241,4.073908,30820.867
10242,4.074681,30824.941
10243,4.0748534,30829.016
10244,4.075403,30833.092
10245,4.075559,30837.168
10246,4.0757475,30841.244
10247,4.076901,30845.32
10248,4.078517,30849.398
10249,4.0793004,30853.479
10250,4.0781617,30857.557
10251,4.076051,30861.633
10252,4.073489,30865.707
10253,4.071656,30869.78
10254,4.0696845,30873.85
10255,4.0682282,30877.918
10256,4.067445,30881.986
10257,4.067326,30886.053
10258,4.067362,30890.12
10259,4.0675626,30894.188
10260,4.066848,30898.254
10261,4.066535,30902.32
10262,4.064863,30906.385
10263,4.0629034,30910.447
10264,4.0605717,30914.508
10265,4.0590816,30918.566
10266,4.057708,30922.625
10267,4.0571246,30926.682
10268,4.059954,30930.742
10269,4.063089,30934.805
10270,4.065807,30938.871
10271,4.0673113,30942.938
10272,4.067725,30947.006
10273,4.067903,30951.074
10274,4.0688276,30955.143
10275,4.0705347,30959.213
10276,4.074714,30963.287
10277,4.081188,30967.37
10278,4.0855947,30971.455
10279,4.089051,30975.545
10280,4.091257,30979.637
10281,4.0922074,30983.729
10282,4.0913568,30987.82
10283,4.090217,30991.91
10284,4.0896635,30996.0
10285,4.090419,31000.09
10286,4.0922933,31004.182
10287,4.0940123,31008.275
10288,4.0940886,31012.37
10289,4.09333,31016.463
10290,4.0922194,31020.555
10291,4.0906544,31024.645
10292,4.0904756,31028.734
10293,4.0908227,31032.826
10294,4.092341,31036.918
10295,4.092617,31041.01
10296,4.093219,31045.104
10297,4.0925074,31049.195
10298,4.091028,31053.287
10299,4.0900397,31057.377
10300,4.0904365,31061.467
10301,4.0929694,31065.56
10302,4.0943937,31069.654
10303,4.094608,31073.748
10304,4.092571,31077.84
10305,4.0907135,31081.93
10306,4.0904884,31086.02
10307,4.090807,31090.11
10308,4.0914273,31094.201
10309,4.0926285,31098.293
10310,4.0949345,31102.389
10311,4.0972824,31106.486
10312,4.0986423,31110.586
10313,4.099316,31114.686
10314,4.097569,31118.783
10315,4.0941396,31122.877
10316,4.089671,31126.967
10317,4.0840106,31131.05
10318,4.0807557,31135.13
10319,4.078195,31139.209
10320,4.0767155,31143.285
10321,4.077903,31147.363
10322,4.0802884,31151.443
10323,4.0826907,31155.525
10324,4.0841856,31159.61
10325,4.082941,31163.691
10326,4.081166,31167.773
10327,4.079193,31171.854
10328,4.079255,31175.934
10329,4.0795026,31180.014
10330,4.0790777,31184.092
10331,4.07665,31188.168
10332,4.074002,31192.242
10333,4.070762,31196.312
10334,4.0685563,31200.38
10335,4.0674596,31204.45
10336,4.069152,31208.518
10337,4.072463,31212.59
10338,4.0753446,31216.666
10339,4.0764456,31220.742
10340,4.073773,31224.816
10341,4.07033,31228.887
10342,4.068568,31232.955
10343,4.0685463,31237.023
10344,4.070443,31241.094
10345,4.0721745,31245.166
10346,4.072868,31249.238
10347,4.073573,31253.312
10348,4.072794,31257.385
10349,4.0715356,31261.457
10350,4.0700617,31265.527
10351,4.071163,31269.598
10352,4.073908,31273.672
10353,4.0783386,31277.75
10354,4.0802217,31281.83
10355,4.0798874,31285.91
10356,4.077946,31289.988
10357,4.077228,31294.066
10358,4.0790887,31298.145
10359,4.0802374,31302.225
10360,4.0820956,31306.307
10361,4.0826635,31310.389
10362,4.081572,31314.47
10363,4.080551,31318.55
10364,4.077692,31322.629
10365,4.0755625,31326.705
10366,4.0733085,31330.78
10367,4.074461,31334.854
10368,4.0773163,31338.932
10369,4.0797477,31343.012
10370,4.0783753,31347.09
10371,4.074225,31351.164
10372,4.0710564,31355.234
10373,4.0681,31359.303
10374,4.067968,31363.371
10375,4.0695395,31367.441
10376,4.07208,31371.514
10377,4.073584,31375.588
10378,4.0747547,31379.662
10379,4.0753646,31383.738
10380,4.076198,31387.814
10381,4.076469,31391.89
10382,4.073534,31395.965
10383,4.0698504,31400.035
10384,4.0673914,31404.104
10385,4.065116,31408.168
10386,4.0636086,31412.232
10387,4.0639377,31416.297
10388,4.0679383,31420.365
10389,4.073716,31424.44
10390,4.076517,31428.516
10391,4.0777264,31432.594
10392,4.0779166,31436.672
10393,4.0779943,31440.75
10394,4.079522,31444.83
10395,4.081208,31448.912
10396,4.0836024,31452.996
10397,4.0861807,31457.082
10398,4.088167,31461.17
10399,4.089649,31465.26
10400,4.0893717,31469.35
10401,4.08927,31473.44
10402,4.088408,31477.527
10403,4.0880475,31481.615
10404,4.0889573,31485.705
10405,4.0911818,31489.797
10406,4.092043,31493.889
10407,4.0905128,31497.979
10408,4.0895185,31502.068
10409,4.0895486,31506.158
10410,4.0919137,31510.25
10411,4.095631,31514.346
10412,4.0978036,31518.443
10413,4.1014132,31522.545
10414,4.103651,31526.648
10415,4.105626,31530.754
10416,4.1053033,31534.86
10417,4.104372,31538.963
10418,4.105207,31543.068
10419,4.1081524,31547.176
10420,4.11092,31551.287
10421,4.1125293,31555.4
10422,4.112674,31559.514
10423,4.110849,31563.625
10424,4.1080923,31567.732
10425,4.1022153,31571.834
10426,4.097358,31575.932
10427,4.0915194,31580.023
10428,4.0864687,31584.11
10429,4.081789,31588.191
10430,4.0795555,31592.271
10431,4.0806437,31596.352
10432,4.0814376,31600.434
10433,4.081378,31604.516
10434,4.081296,31608.598
10435,4.0815206,31612.68
10436,4.0818186,31616.762
10437,4.0802507,31620.842
10438,4.0787916,31624.92
10439,4.0767536,31628.996
10440,4.075003,31633.07
10441,4.074128,31637.145
10442,4.074905,31641.219
10443,4.075444,31645.295
10444,4.076116,31649.371
10445,4.0759473,31653.447
10446,4.074796,31657.521
10447,4.073607,31661.596
10448,4.073093,31665.668
10449,4.073488,31669.742
10450,4.0741467,31673.816
10451,4.0747204,31677.89
10452,4.074139,31681.965
10453,4.073327,31686.04
10454,4.0722632,31690.111
10455,4.070373,31694.182
10456,4.067909,31698.25
10457,4.066307,31702.316
10458,4.0671024,31706.383
10459,4.0693526,31710.453
10460,4.0729446,31714.525
10461,4.075559,31718.602
10462,4.077439,31722.68
10463,4.079285,31726.76
10464,4.080852,31730.84
10465,4.0822115,31734.922
10466,4.0839305,31739.006
10467,4.085675,31743.092
10468,4.086637,31747.178
10469,4.087916,31751.266
10470,4.089702,31755.355
10471,4.0911784,31759.447
10472,4.0929203,31763.541
10473,4.0949593,31767.637
10474,4.097894,31771.734
10475,4.1018085,31775.836
10476,4.1055284,31779.941
10477,4.108746,31784.05
10478,4.110078,31788.16
10479,4.1099153,31792.27
10480,4.1085334,31796.379
10481,4.105655,31800.484
10482,4.102763,31804.588
10483,4.099307,31808.688
10484,4.0976048,31812.785
10485,4.097522,31816.883
10486,4.0992713,31820.982
10487,4.1009336,31825.084
10488,4.1014237,31829.186
10489,4.099714,31833.285
10490,4.0946164,31837.379
10491,4.0888615,31841.467
10492,4.085262,31845.553
10493,4.082466,31849.635
10494,4.082106,31853.717
10495,4.0838504,31857.8
10496,4.0848093,31861.885
10497,4.084625,31865.969
10498,4.082807,31870.05
10499,4.0790157,31874.129
10500,4.074771,31878.203
10501,4.071763,31882.275
10502,4.0697207,31886.346
10503,4.069442,31890.416
10504,4.0718064,31894.488
10505,4.075426,31898.564
10506,4.0770283,31902.64
10507,4.0733476,31906.715
10508,4.0695505,31910.785
10509,4.06613,31914.852
10510,4.065167,31918.916
10511,4.065156,31922.98
10512,4.0653467,31927.045
10513,4.0649347,31931.11
10514,4.0630794,31935.172
10515,4.059845,31939.232
10516,4.056086,31943.29
10517,4.054212,31947.344
10518,4.0540085,31951.398
10519,4.0555935,31955.453
10520,4.0576673,31959.512
10521,4.0584455,31963.57
10522,4.0588055,31967.629
10523,4.059555,31971.688
10524,4.0601816,31975.748
10525,4.060196,31979.809
10526,4.060703,31983.87
10527,4.0601783,31987.93
10528,4.058621,31991.988
10529,4.0580325,31996.047
10530,4.058893,32000.105
10531,4.060062,32004.166
10532,4.0605826,32008.227
10533,4.0589194,32012.285
10534,4.057096,32016.342
10535,4.0551705,32020.396
10536,4.0553737,32024.451
10537,4.056962,32028.508
10538,4.0586815,32032.566
10539,4.061412,32036.627
10540,4.0636024,32040.691
10541,4.0670347,32044.758
10542,4.0701604,32048.828
10543,4.073265,32052.902
10544,4.075416,32056.979
10545,4.0772367,32061.057
10546,4.0791907,32065.137
10547,4.081823,32069.219
10548,4.0854707,32073.305
10549,4.0900683,32077.395
10550,4.0910325,32081.486
10551,4.091723,32085.578
10552,4.091111,32089.67
10553,4.0894895,32093.76
10554,4.0884824,32097.848
10555,4.088925,32101.938
10556,4.091849,32106.03
10557,4.094825,32110.125
10558,4.0943785,32114.219
10559,4.0938673,32118.312
10560,4.0935135,32122.406
10561,4.094154,32126.5
10562,4.0964975,32130.596
10563,4.10061,32134.697
10564,4.105357,32138.803
10565,4.109916,32142.912
10566,4.1121492,32147.023
10567,4.1122246,32151.135
10568,4.111439,32155.246
10569,4.109671,32159.355
10570,4.1082835,32163.463
10571,4.108474,32167.572
10572,4.1098647,32171.682
10573,4.110095,32175.791
10574,4.1102743,32179.9
10575,4.109595,32184.01
10576,4.1091633,32188.12
10577,4.110975,32192.23
10578,4.1141186,32196.344
10579,4.1165166,32200.46
10580,4.117131,32204.578
10581,4.116576,32208.695
10582,4.116046,32212.81
10583,4.1140013,32216.924
10584,4.11254,32221.037
10585,4.111496,32225.148
10586,4.1110253,32229.26
10587,4.1096783,32233.37
10588,4.1080594,32237.477
10589,4.1062593,32241.582
10590,4.1046443,32245.688
10591,4.102614,32249.791
10592,4.101671,32253.893
10593,4.1010838,32257.994
10594,4.1010556,32262.096
10595,4.099729,32266.195
10596,4.098284,32270.293
10597,4.09486,32274.389
10598,4.092033,32278.48
10599,4.0915713,32282.572
10600,4.0918784,32286.664
10601,4.0909753,32290.756
10602,4.089154,32294.846
10603,4.0872617,32298.934
10604,4.084287,32303.018
10605,4.0804677,32307.098
10606,4.0785565,32311.176
10607,4.0783134,32315.254
10608,4.077765,32319.332
10609,4.077167,32323.41
10610,4.078003,32327.488
10611,4.0798573,32331.568
10612,4.081129,32335.65
10613,4.0793257,32339.73
10614,4.0756345,32343.807
10615,4.072649,32347.879
10616,4.0710177,32351.95
10617,4.0701632,32356.02
10618,4.0688834,32360.088
10619,4.0686736,32364.156
10620,4.067567,32368.225
10621,4.066486,32372.291
10622,4.068783,32376.36
10623,4.070566,32380.43
10624,4.070778,32384.5
10625,4.0717936,32388.572
10626,4.0722375,32392.645
10627,4.0720053,32396.717
10628,4.0739965,32400.791
10629,4.075939,32404.867
10630,4.077716,32408.945
10631,4.0782743,32413.023
10632,4.079353,32417.104
10633,4.08093,32421.184
10634,4.0830703,32425.268
10635,4.0849347,32429.352
10636,4.086212,32433.438
10637,4.086527,32437.523
10638,4.085104,32441.61
10639,4.082698,32445.691
10640,4.0800996,32449.771
10641,4.0789576,32453.85
10642,4.0792155,32457.93
10643,4.0796123,32462.01
10644,4.079985,32466.09
10645,4.081815,32470.172
10646,4.083875,32474.256
10647,4.0852222,32478.342
10648,4.084593,32482.426
10649,4.0816636,32486.508
10650,4.0804787,32490.588
10651,4.0800486,32494.668
10652,4.08021,32498.748
10653,4.08333,32502.832
10654,4.088284,32506.92
10655,4.092427,32511.012
10656,4.093534,32515.105
10657,4.0925827,32519.197
10658,4.09029,32523.287
10659,4.0868516,32527.373
10660,4.085458,32531.459
10661,4.085804,32535.545
10662,4.0870857,32539.633
10663,4.088983,32543.723
10664,4.091318,32547.814
10665,4.0945826,32551.908
10666,4.097099,32556.006
10667,4.099533,32560.105
10668,4.10037,32564.205
10669,4.1000423,32568.305
10670,4.0980973,32572.402
10671,4.0952454,32576.498
10672,4.0947776,32580.594
10673,4.095976,32584.69
10674,4.096516,32588.785
10675,4.095739,32592.88
10676,4.0937724,32596.975
10677,4.09055,32601.064
10678,4.0886297,32605.152
10679,4.0870686,32609.24
10680,4.0868807,32613.326
10681,4.086627,32617.412
10682,4.085741,32621.498
10683,4.0827475,32625.58
10684,4.0795054,32629.66
10685,4.078066,32633.738
10686,4.078259,32637.816
10687,4.0797663,32641.896
10688,4.0809436,32645.977
10689,4.0820484,32650.059
10690,4.079738,32654.139
10691,4.0764966,32658.215
10692,4.0743885,32662.29
10693,4.0729947,32666.361
10694,4.0730968,32670.434
10695,4.0736604,32674.508
10696,4.074029,32678.582
10697,4.074551,32682.656
10698,4.074659,32686.73
10699,4.0748396,32690.805
10700,4.0751147,32694.879
10701,4.073417,32698.953
10702,4.068445,32703.021
10703,4.0638676,32707.086
10704,4.0626206,32711.148
10705,4.063797,32715.213
10706,4.0665116,32719.28
10707,4.06878,32723.348
10708,4.0714874,32727.42
10709,4.07198,32731.492
10710,4.07267,32735.564
10711,4.0732427,32739.639
10712,4.073489,32743.713
10713,4.0729566,32747.785
10714,4.073631,32751.86
10715,4.074612,32755.934
10716,4.0764103,32760.01
10717,4.0783296,32764.088
10718,4.0794983,32768.168
10719,4.08031,32772.25
10720,4.08116,32776.332
10721,4.0808206,32780.414
10722,4.0805564,32784.496
10723,4.080281,32788.58
10724,4.0792212,32792.656
10725,4.07957,32796.734
10726,4.079907,32800.812
10727,4.079623,32804.89
10728,4.0787787,32808.97
10729,4.0769577,32813.047
10730,4.075377,32817.12
10731,4.0751066,32821.195
10732,4.0762763,32825.273
10733,4.0789413,32829.35
10734,4.0792212,32833.43
10735,4.0790176,32837.508
10736,4.078562,32841.586
10737,4.079305,32845.664
10738,4.0805235,32849.746
10739,4.0828967,32853.83
10740,4.0845404,32857.914
10741,4.0857224,32862.0
10742,4.085028,32866.086
10743,4.0845757,32870.17
10744,4.084227,32874.258
10745,4.083847,32878.34
10746,4.0838237,32882.42
10747,4.083886,32886.504
10748,4.0824575,32890.586
10749,4.0812182,32894.668
10750,4.0823407,32898.75
10751,4.085219,32902.836
10752,4.0865064,32906.92
10753,4.0875893,32911.008
10754,4.087472,32915.094
10755,4.0836473,32919.176
10756,4.080265,32923.258
10757,4.0751987,32927.332
10758,4.0705214,32931.402
10759,4.0677266,32935.47
10760,4.068223,32939.535
10761,4.0703435,32943.605
10762,4.071469,32947.676
10763,4.071018,32951.746
10764,4.0697184,32955.816
10765,4.0681567,32959.883
10766,4.0676875,32963.95
10767,4.067217,32968.016
10768,4.065397,32972.082
10769,4.063116,32976.145
10770,4.0629716,32980.207
10771,4.0655117,32984.273
10772,4.0694456,32988.344
10773,4.0723615,32992.418
10774,4.0726514,32996.492
10775,4.072398,33000.566
10776,4.073158,33004.64
10777,4.0749946,33008.715
10778,4.076216,33012.793
10779,4.076228,33016.87
10780,4.0736904,33020.945
10781,4.070484,33025.016
10782,4.067497,33029.082
10783,4.0671234,33033.15
10784,4.06921,33037.22
10785,4.072703,33041.293
10786,4.0744815,33045.367
10787,4.0758433,33049.44
10788,4.076445,33053.52
10789,4.0767093,33057.598
10790,4.07684,33061.676
10791,4.0776486,33065.754
10792,4.0762863,33069.832
10793,4.074846,33073.906
10794,4.0743437,33077.98
10795,4.0758567,33082.055
10796,4.0770135,33086.133
10797,4.079398,33090.21
10798,4.082287,33094.293
10799,4.08418,33098.38
10800,4.0847273,33102.465
10801,4.0841465,33106.55
10802,4.0853314,33110.637
10803,4.086522,33114.723
10804,4.0888743,33118.812
10805,4.0907407,33122.902
10806,4.0923915,33126.996
10807,4.0941944,33131.09
10808,4.094481,33135.184
10809,4.093997,33139.277
10810,4.0951133,33143.37
10811,4.096278,33147.47
10812,4.096623,33151.566
10813,4.096099,33155.664
10814,4.095819,33159.76
10815,4.095933,33163.86
10816,4.095978,33167.957
10817,4.0974727,33172.055
10818,4.096668,33176.152
10819,4.0938907,33180.246
10820,4.091157,33184.336
10821,4.087871,33188.42
10822,4.086497,33192.508
10823,4.0869565,33196.594
10824,4.088092,33200.684
10825,4.089275,33204.773
10826,4.090292,33208.863
10827,4.090797,33212.953
10828,4.0928693,33217.047
10829,4.096751,33221.145
10830,4.0999393,33225.246
10831,4.102792,33229.348
10832,4.1051297,33233.453
10833,4.1051126,33237.56
10834,4.10461,33241.664
10835,4.1034684,33245.766
10836,4.1032214,33249.867
10837,4.103231,33253.97
10838,4.103824,33258.074
10839,4.1026773,33262.176
10840,4.100331,33266.277
10841,4.098019,33270.375
10842,4.09791,33274.473
10843,4.099005,33278.57
10844,4.0996876,33282.67
10845,4.0991325,33286.77
10846,4.0954905,33290.863
10847,4.0879903,33294.953
10848,4.08105,33299.035
10849,4.075935,33303.11
10850,4.072129,33307.18
10851,4.0685887,33311.25
10852,4.0646715,33315.316
10853,4.0603447,33319.375
10854,4.0580597,33323.434
10855,4.058293,33327.492
10856,4.0596395,33331.55
10857,4.060262,33335.61
10858,4.059042,33339.668
10859,4.0570164,33343.727
10860,4.0573864,33347.785
10861,4.0595946,33351.844
10862,4.063629,33355.906
10863,4.066971,33359.973
10864,4.066892,33364.04
10865,4.0674777,33368.105
10866,4.0699916,33372.176
10867,4.072873,33376.25
10868,4.0743103,33380.324
10869,4.075361,33384.4
10870,4.0769577,33388.477
10871,4.079297,33392.555
10872,4.0804915,33396.637
10873,4.0805674,33400.72
10874,4.0792646,33404.797
10875,4.0773296,33408.875
10876,4.0743985,33412.95
10877,4.071313,33417.02
10878,4.0697093,33421.09
10879,4.069432,33425.16
10880,4.07119,33429.23
10881,4.072264,33433.3
10882,4.074382,33437.375
10883,4.0768204,33441.453
10884,4.0787754,33445.53
10885,4.0791903,33449.61
10886,4.076796,33453.688
10887,4.0745935,33457.76
10888,4.0745463,33461.836
10889,4.076573,33465.914
10890,4.0783806,33469.992
10891,4.078755,33474.07
10892,4.079023,33478.15
10893,4.079283,33482.227
10894,4.0797324,33486.305
10895,4.0804377,33490.387
10896,4.0807786,33494.47
10897,4.083532,33498.55
10898,4.086628,33502.637
10899,4.089475,33506.727
10900,4.092091,33510.82
10901,4.096042,33514.918
10902,4.100502,33519.02
10903,4.1035285,33523.125
10904,4.1031647,33527.227
10905,4.100094,33531.33
10906,4.0979495,33535.426
10907,4.09746,33539.523
10908,4.0977707,33543.62
10909,4.0961185,33547.72
10910,4.0937,33551.812
10911,4.0911045,33555.902
10912,4.0900297,33559.992
10913,4.091916,33564.086
10914,4.0931115,33568.18
10915,4.091647,33572.27
10916,4.0890427,33576.36
10917,4.0862226,33580.445
10918,4.084802,33584.53
10919,4.0828443,33588.613
10920,4.08261,33592.695
10921,4.082664,33596.777
10922,4.0835795,33600.86
10923,4.0841227,33604.945
10924,4.084417,33609.03
10925,4.085795,33613.117
10926,4.086308,33617.203
10927,4.08622,33621.29
10928,4.0849123,33625.375
10929,4.082336,33629.457
10930,4.0817113,33633.54
10931,4.0812407,33637.62
10932,4.0816274,33641.703
10933,4.081727,33645.785
10934,4.0825486,33649.867
10935,4.0842886,33653.953
10936,4.083973,33658.035
10937,4.083567,33662.117
10938,4.0832567,33666.2
10939,4.0841084,33670.285
10940,4.086142,33674.37
10941,4.086586,33678.457
10942,4.086353,33682.543
10943,4.0863795,33686.63
10944,4.087283,33690.715
10945,4.089052,33694.805
10946,4.088484,33698.895
10947,4.086119,33702.98
10948,4.0837016,33707.062
10949,4.082262,33711.145
10950,4.081157,33715.227
10951,4.07964,33719.305
10952,4.0809646,33723.387
10953,4.084077,33727.473
10954,4.088909,33731.562
10955,4.092926,33735.656
10956,4.0948715,33739.75
10957,4.095069,33743.844
10958,4.095161,33747.938
10959,4.0940666,33752.03
10960,4.091406,33756.12
10961,4.088466,33760.21
10962,4.085224,33764.297
10963,4.083526,33768.38
10964,4.084041,33772.465
10965,4.085049,33776.55
10966,4.0863066,33780.637
10967,4.0867534,33784.723
10968,4.0861206,33788.81
10969,4.08533,33792.895
10970,4.086037,33796.98
10971,4.086765,33801.066
10972,4.08721,33805.152
10973,4.08735,33809.24
10974,4.08669,33813.324
10975,4.0852046,33817.41
10976,4.0825596,33821.492
10977,4.080055,33825.57
10978,4.0783954,33829.65
10979,4.076803,33833.727
10980,4.0767775,33837.805
10981,4.0776234,33841.883
10982,4.0799747,33845.96
10983,4.082774,33850.043
10984,4.086437,33854.13
10985,4.0898438,33858.22
10986,4.0920362,33862.312
10987,4.0927815,33866.406
10988,4.092029,33870.5
10989,4.0901217,33874.59
10990,4.0883756,33878.68
10991,4.0870667,33882.766
10992,4.0856156,33886.85
10993,4.085235,33890.938
10994,4.085461,33895.023
10995,4.0860476,33899.11
10996,4.0861683,33903.195
10997,4.087204,33907.28
10998,4.0880833,33911.37
10999,4.0890536,33915.46
11000,4.0904207,33919.55
11001,4.0918994,33923.645
11002,4.093729,33927.74
11003,4.094181,33931.832
11004,4.0956154,33935.926
11005,4.096101,33940.023
11006,4.0960317,33944.12
11007,4.095678,33948.215
11008,4.0946984,33952.31
11009,4.0958834,33956.406
11010,4.0962477,33960.504
11011,4.0981054,33964.6
11012,4.0977983,33968.7
11013,4.0955787,33972.793
11014,4.0924544,33976.887
11015,4.0879593,33980.977
11016,4.0849395,33985.062
11017,4.0819693,33989.145
11018,4.0779233,33993.223
11019,4.0733585,33997.297
11020,4.0710025,34001.367
11021,4.070476,34005.438
11022,4.071775,34009.508
11023,4.0737915,34013.582
11024,4.074596,34017.656
11025,4.0758324,34021.73
11026,4.0754704,34025.805
11027,4.0735197,34029.88
11028,4.070485,34033.95
11029,4.0669217,34038.016
11030,4.065105,34042.082
11031,4.0627956,34046.145
11032,4.0602965,34050.203
11033,4.0575185,34054.26
11034,4.0565076,34058.316
11035,4.0558505,34062.37
11036,4.0555463,34066.426
11037,4.0561686,34070.48
11038,4.057675,34074.54
11039,4.060357,34078.598
11040,4.0647645,34082.664
11041,4.0689235,34086.734
11042,4.072017,34090.805
11043,4.0735636,34094.88
11044,4.0736165,34098.953
11045,4.0730042,34103.027
11046,4.071037,34107.098
11047,4.0694666,34111.168
11048,4.0697055,34115.24
11049,4.0704737,34119.31
11050,4.071871,34123.38
11051,4.0731535,34127.453
11052,4.074598,34131.527
11053,4.0751987,34135.6
11054,4.075427,34139.676
11055,4.076063,34143.75
11056,4.078192,34147.83
11057,4.082247,34151.91
11058,4.0850725,34155.996
11059,4.0865073,34160.082
11060,4.085485,34164.168
11061,4.085173,34168.254
11062,4.0872264,34172.34
11063,4.0899696,34176.43
11064,4.0909953,34180.52
11065,4.0905967,34184.61
11066,4.0891232,34188.7
11067,4.0887833,34192.79
11068,4.0883894,34196.88
11069,4.0888333,34200.97
11070,4.0878873,34205.055
11071,4.0869226,34209.14
11072,4.087389,34213.227
11073,4.0892673,34217.316
11074,4.0921297,34221.41
11075,4.093999,34225.504
11076,4.0956655,34229.598
11077,4.0963683,34233.695
11078,4.0956936,34237.79
11079,4.092893,34241.883
11080,4.090306,34245.973
11081,4.0876474,34250.06
11082,4.0859866,34254.145
11083,4.083852,34258.227
11084,4.0822678,34262.31
11085,4.0788507,34266.387
11086,4.0758286,34270.46
11087,4.0739703,34274.535
11088,4.0723844,34278.61
11089,4.0692368,34282.68
11090,4.0663066,34286.746
11091,4.0640745,34290.81
11092,4.0633693,34294.87
11093,4.065162,34298.938
11094,4.066837,34303.004
11095,4.0685673,34307.074
11096,4.068549,34311.145
11097,4.0674896,34315.21
11098,4.066322,34319.277
11099,4.0657935,34323.344
11100,4.066256,34327.41
11101,4.066916,34331.477
11102,4.0677385,34335.543
11103,4.0695925,34339.613
11104,4.071875,34343.684
11105,4.0748143,34347.758
11106,4.078609,34351.836
11107,4.0817084,34355.918
11108,4.0844407,34360.004
11109,4.0876703,34364.09
11110,4.0883036,34368.18
11111,4.086968,34372.266
11112,4.0863776,34376.35
11113,4.0875125,34380.438
11114,4.0887904,34384.527
11115,4.0893807,34388.617
11116,4.089032,34392.707
11117,4.088837,34396.797
11118,4.090975,34400.887
11119,4.0931277,34404.98
11120,4.0928993,34409.074
11121,4.089938,34413.164
11122,4.0856566,34417.25
11123,4.083154,34421.332
11124,4.0817075,34425.414
11125,4.080748,34429.496
11126,4.0801554,34433.58
11127,4.0813932,34437.66
11128,4.0845838,34441.746
11129,4.087915,34445.836
11130,4.0905375,34449.926
11131,4.0906763,34454.016
11132,4.0891123,34458.105
11133,4.0886197,34462.195
11134,4.089013,34466.285
11135,4.0903916,34470.375
11136,4.0913987,34474.465
11137,4.09178,34478.555
11138,4.0922675,34482.65
11139,4.0934467,34486.742
11140,4.094083,34490.836
11141,4.095647,34494.93
11142,4.0978603,34499.027
11143,4.1004157,34503.13
11144,4.1022716,34507.23
11145,4.1025844,34511.332
11146,4.100733,34515.434
11147,4.099668,34519.535
11148,4.0988355,34523.633
11149,4.1005406,34527.734
11150,4.1027756,34531.836
11151,4.102963,34535.938
11152,4.101182,34540.04
11153,4.097856,34544.137
11154,4.095226,34548.23
11155,4.0927925,34552.324
11156,4.092497,34556.418
11157,4.0933847,34560.51
11158,4.0943093,34564.605
11159,4.0949473,34568.7
11160,4.095454,34572.793
11161,4.095016,34576.887
11162,4.093304,34580.98
11163,4.093151,34585.074
11164,4.093518,34589.168
11165,4.093352,34593.26
11166,4.093391,34597.355
11167,4.0910254,34601.445
11168,4.088723,34605.535
11169,4.08786,34609.62
11170,4.088377,34613.71
11171,4.0908513,34617.8
11172,4.093395,34621.895
11173,4.095405,34625.99
11174,4.095905,34630.086
11175,4.0949917,34634.18
11176,4.0917597,34638.27
11177,4.08724,34642.355
11178,4.082829,34646.438
11179,4.079409,34650.516
11180,4.0765367,34654.594
11181,4.0757074,34658.668
11182,4.0765443,34662.746
11183,4.0776753,34666.824
11184,4.0789514,34670.902
11185,4.0788074,34674.98
11186,4.076906,34679.06
11187,4.0743375,34683.133
11188,4.0728617,34687.207
11189,4.07196,34691.277
11190,4.0715694,34695.348
11191,4.070698,34699.418
11192,4.069705,34703.49
11193,4.068996,34707.56
11194,4.0704956,34711.63
11195,4.0726104,34715.703
11196,4.0736876,34719.777
11197,4.0742326,34723.85
11198,4.0739603,34727.926
11199,4.0730867,34732.0
11200,4.073079,34736.074
11201,4.0734887,34740.15
11202,4.073301,34744.223
11203,4.0740366,34748.297
11204,4.075086,34752.37
11205,4.0765533,34756.45
11206,4.0787983,34760.527
11207,4.079718,34764.605
11208,4.078977,34768.684
11209,4.077751,34772.76
11210,4.076816,34776.84
11211,4.0773892,34780.918
11212,4.076985,34784.996
11213,4.0766335,34789.074
11214,4.0774436,34793.152
11215,4.078768,34797.23
11216,4.0799046,34801.31
11217,4.081179,34805.39
11218,4.0803185,34809.473
11219,4.0793324,34813.55
11220,4.0783296,34817.63
11221,4.0777006,34821.707
11222,4.0786448,34825.785
11223,4.080152,34829.867
11224,4.080758,34833.95
11225,4.081667,34838.03
11226,4.0825043,34842.113
11227,4.085735,34846.2
11228,4.0889435,34850.29
11229,4.091436,34854.38
11230,4.090516,34858.47
11231,4.0887113,34862.56
11232,4.0875835,34866.645
11233,4.0869145,34870.73
11234,4.088497,34874.82
11235,4.0900483,34878.91
11236,4.089748,34883.0
11237,4.0877595,34887.086
11238,4.0862803,34891.17
11239,4.0855556,34895.258
11240,4.085887,34899.344
11241,4.0863934,34903.43
11242,4.0861726,34907.516
11243,4.084991,34911.6
11244,4.084894,34915.688
11245,4.0853724,34919.773
11246,4.085877,34923.86
11247,4.0847087,34927.945
11248,4.08331,34932.027
11249,4.082408,34936.11
11250,4.082401,34940.19
11251,4.0825367,34944.273
11252,4.0824156,34948.355
11253,4.082155,34952.438
11254,4.081405,34956.52
11255,4.0792046,34960.598
11256,4.0781174,34964.676
11257,4.0779953,34968.754
11258,4.078742,34972.832
11259,4.0794535,34976.91
11260,4.079484,34980.99
11261,4.078628,34985.066
11262,4.078303,34989.145
11263,4.0773087,34993.223
11264,4.0773945,34997.3
11265,4.0788126,35001.38
11266,4.0818253,35005.46
11267,4.0855465,35009.547
11268,4.0866885,35013.633
11269,4.086014,35017.72
11270,4.0835314,35021.8
11271,4.0805597,35025.883
11272,4.0790205,35029.96
11273,4.0801997,35034.043
11274,4.0820966,35038.125
11275,4.083252,35042.207
11276,4.0829225,35046.29
11277,4.0825305,35050.37
11278,4.083899,35054.453
11279,4.0850263,35058.54
11280,4.086313,35062.625
11281,4.088345,35066.715
11282,4.0897017,35070.805
11283,4.0886455,35074.895
11284,4.087294,35078.98
11285,4.086505,35083.066
11286,4.087269,35087.152
11287,4.088804,35091.242
11288,4.089146,35095.332
11289,4.086908,35099.418
11290,4.0847707,35103.504
11291,4.0827546,35107.586
11292,4.08165,35111.668
11293,4.0810924,35115.75
11294,4.0808077,35119.832
11295,4.0810304,35123.914
11296,4.0818014,35127.996
11297,4.082032,35132.08
11298,4.0808086,35136.16
11299,4.079823,35140.24
11300,4.0791965,35144.316
11301,4.0777764,35148.395
11302,4.075595,35152.47
11303,4.0742993,35156.543
11304,4.073038,35160.617
11305,4.0730805,35164.69
11306,4.0735407,35168.766
11307,4.0745683,35172.84
11308,4.0773563,35176.918
11309,4.0799775,35180.996
11310,4.082783,35185.08
11311,4.084592,35189.164
11312,4.0851665,35193.25
11313,4.084221,35197.336
11314,4.0837984,35201.418
11315,4.0830665,35205.5
11316,4.0834928,35209.582
11317,4.084264,35213.668
11318,4.084138,35217.754
11319,4.0852118,35221.84
11320,4.087405,35225.926
11321,4.0898685,35230.016
11322,4.091503,35234.105
11323,4.092678,35238.2
11324,4.094774,35242.293
11325,4.095421,35246.387
11326,4.0929093,35250.48
11327,4.089491,35254.57
11328,4.0865507,35258.656
11329,4.0829363,35262.74
11330,4.0823855,35266.82
11331,4.0827456,35270.902
11332,4.085443,35274.99
11333,4.0878487,35279.074
11334,4.0886292,35283.164
11335,4.088151,35287.254
11336,4.08667,35291.34
11337,4.086775,35295.426
11338,4.0878544,35299.51
11339,4.0891666,35303.6
11340,4.0897045,35307.69
11341,4.090964,35311.78
11342,4.0921707,35315.875
11343,4.0924416,35319.97
11344,4.092009,35324.062
11345,4.090329,35328.152
11346,4.0882144,35332.242
11347,4.085271,35336.33
11348,4.0812693,35340.41
11349,4.07916,35344.49
11350,4.0792084,35348.566
11351,4.080977,35352.65
11352,4.0822706,35356.73
11353,4.083142,35360.812
11354,4.082951,35364.895
11355,4.08102,35368.977
11356,4.078754,35373.055
11357,4.0763016,35377.133
11358,4.075,35381.207
11359,4.072483,35385.28
11360,4.0704484,35389.35
11361,4.0693583,35393.42
11362,4.0687284,35397.492
11363,4.0682025,35401.56
11364,4.0676355,35405.625
11365,4.0670586,35409.69
11366,4.065857,35413.758
11367,4.0661798,35417.824
11368,4.067033,35421.89
11369,4.0672174,35425.957
11370,4.066555,35430.023
11371,4.064378,35434.086
11372,4.0610805,35438.15
11373,4.057368,35442.207
11374,4.0572467,35446.266
11375,4.0612698,35450.33
11376,4.0671067,35454.395
11377,4.0731645,35458.47
11378,4.077987,35462.547
11379,4.081357,35466.63
11380,4.0840034,35470.715
11381,4.084792,35474.8
11382,4.084739,35478.887
11383,4.084592,35482.973
11384,4.084274,35487.06
11385,4.0840025,35491.145
11386,4.084365,35495.23
11387,4.0856566,35499.316
11388,4.086632,35503.402
11389,4.086844,35507.49
11390,4.0859194,35511.574
11391,4.0855513,35515.66
11392,4.0862885,35519.746
11393,4.0871735,35523.832
11394,4.0892406,35527.92
11395,4.0919247,35532.016
11396,4.0940022,35536.11
11397,4.095204,35540.203
11398,4.0927444,35544.297
11399,4.088525,35548.387
11400,4.0847964,35552.473
11401,4.081958,35556.555
11402,4.079718,35560.633
11403,4.077651,35564.71
11404,4.076095,35568.785
11405,4.075533,35572.86
11406,4.0771327,35576.938
11407,4.0800266,35581.016
11408,4.0832424,35585.098
11409,4.0854015,35589.184
11410,4.085998,35593.27
11411,4.084681,35597.355
11412,4.082103,35601.438
11413,4.080309,35605.52
11414,4.0792446,35609.598
11415,4.0804577,35613.68
11416,4.0804787,35617.76
11417,4.079945,35621.84
11418,4.0785794,35625.918
11419,4.078753,35629.996
11420,4.079284,35634.074
11421,4.0818563,35638.156
11422,4.0842695,35642.242
11423,4.085016,35646.33
11424,4.084869,35650.414
11425,4.0832396,35654.496
11426,4.082855,35658.58
11427,4.0819235,35662.66
11428,4.081301,35666.742
11429,4.079814,35670.82
11430,4.079634,35674.9
11431,4.0801826,35678.98
11432,4.080882,35683.062
11433,4.081578,35687.145
11434,4.082696,35691.227
11435,4.083071,35695.31
11436,4.0849314,35699.395
11437,4.087032,35703.48
11438,4.087993,35707.57
11439,4.088376,35711.66
11440,4.087381,35715.746
11441,4.0863795,35719.832
11442,4.0855937,35723.918
11443,4.084373,35728.004
11444,4.0848565,35732.09
11445,4.086193,35736.176
11446,4.088059,35740.266
11447,4.0906897,35744.355
11448,4.0930686,35748.45
11449,4.09592,35752.547
11450,4.0958495,35756.645
11451,4.0944233,35760.74
11452,4.092015,35764.832
11453,4.0903482,35768.92
11454,4.0887446,35773.01
11455,4.085495,35777.098
11456,4.0831723,35781.18
11457,4.08228,35785.26
11458,4.084367,35789.348
11459,4.087969,35793.438
11460,4.0909324,35797.527
11461,4.0931253,35801.62
11462,4.092682,35805.715
11463,4.0913563,35809.805
11464,4.08919,35813.895
11465,4.08809,35817.984
11466,4.0872264,35822.07
11467,4.087048,35826.156
11468,4.0858784,35830.242
11469,4.0852933,35834.33
11470,4.084821,35838.414
11471,4.0842376,35842.5
11472,4.0829673,35846.582
11473,4.0799875,35850.66
11474,4.0773582,35854.74
11475,4.0755754,35858.812
11476,4.0751486,35862.887
11477,4.076093,35866.96
11478,4.0760574,35871.035
11479,4.076675,35875.113
11480,4.0759854,35879.188
11481,4.0755305,35883.26
11482,4.074975,35887.336
11483,4.0740743,35891.41
11484,4.0741463,35895.484
11485,4.0740585,35899.56
11486,4.0731087,35903.633
11487,4.0714273,35907.703
11488,4.070746,35911.773
11489,4.073029,35915.848
11490,4.077231,35919.926
11491,4.0815916,35924.008
11492,4.085313,35928.094
11493,4.086381,35932.18
11494,4.0875754,35936.266
11495,4.088247,35940.355
11496,4.089402,35944.445
11497,4.090753,35948.535
11498,4.09233,35952.63
11499,4.095228,35956.723
11500,4.098338,35960.82
11501,4.101122,35964.92
11502,4.1007943,35969.023
11503,4.0975246,35973.12
11504,4.093474,35977.215
11505,4.089771,35981.305
11506,4.0872183,35985.39
11507,4.083988,35989.477
11508,4.082141,35993.56
11509,4.0805664,35997.64
11510,4.079786,36001.72
11511,4.080296,36005.8
11512,4.0821953,36009.883
11513,4.0840135,36013.97
11514,4.0844474,36018.055
11515,4.0845885,36022.14
11516,4.0858283,36026.227
11517,4.0878367,36030.312
11518,4.08976,36034.402
11519,4.0896244,36038.492
11520,4.0889425,36042.582
11521,4.087695,36046.668
11522,4.087285,36050.754
11523,4.087438,36054.84
11524,4.087643,36058.926
11525,4.0876184,36063.01
11526,4.087705,36067.098
11527,4.0883584,36071.188
11528,4.0891337,36075.277
11529,4.091054,36079.367
11530,4.092733,36083.46
11531,4.093266,36087.555
11532,4.091206,36091.645
11533,4.08842,36095.734
11534,4.087048,36099.82
11535,4.0888734,36103.91
11536,4.0916314,36108.0
11537,4.093094,36112.094
11538,4.0935807,36116.188
11539,4.091234,36120.277
11540,4.087935,36124.367
11541,4.0846705,36128.453
11542,4.0839334,36132.535
11543,4.0824947,36136.617
11544,4.0825872,36140.7
11545,4.0828266,36144.78
11546,4.081542,36148.863
11547,4.079294,36152.94
11548,4.0776854,36157.02
11549,4.0753508,36161.094
11550,4.072784,36165.168
11551,4.0711083,36169.24
11552,4.070731,36173.31
11553,4.072034,36177.38
11554,4.074381,36181.453
11555,4.076991,36185.53
11556,4.079315,36189.61
11557,4.081032,36193.69
11558,4.08109,36197.773
11559,4.0788636,36201.85
11560,4.0763783,36205.93
11561,4.074008,36210.004
11562,4.0717106,36214.074
11563,4.069908,36218.145
11564,4.0697665,36222.215
11565,4.0693564,36226.285
11566,4.069504,36230.355
11567,4.0690303,36234.426
11568,4.070421,36238.496
11569,4.07267,36242.57
11570,4.075219,36246.645
11571,4.0768414,36250.723
11572,4.078095,36254.8
11573,4.0790753,36258.88
11574,4.0794916,36262.957
11575,4.0789924,36267.035
11576,4.079003,36271.113
11577,4.079353,36275.19
11578,4.081025,36279.273
11579,4.081928,36283.355
11580,4.083425,36287.438
11581,4.0858836,36291.523
11582,4.0871515,36295.61
11583,4.0862775,36299.695
11584,4.0839963,36303.78
11585,4.080544,36307.863
11586,4.0780497,36311.94
11587,4.076402,36316.02
11588,4.077699,36320.098
11589,4.0804367,36324.18
11590,4.0822544,36328.26
11591,4.0834293,36332.344
11592,4.083406,36336.426
11593,4.082334,36340.508
11594,4.0809946,36344.59
11595,4.0814357,36348.67
11596,4.081611,36352.754
11597,4.082385,36356.836
11598,4.0844655,36360.92
11599,4.0895624,36365.01
11600,4.0943556,36369.105
11601,4.0979953,36373.203
11602,4.0970726,36377.3
11603,4.0940585,36381.395
11604,4.0928073,36385.49
11605,4.093054,36389.582
11606,4.094028,36393.676
11607,4.0952873,36397.77
11608,4.0953245,36401.863
11609,4.0946574,36405.957
11610,4.0930653,36410.05
11611,4.093087,36414.145
11612,4.0932913,36418.24
11613,4.091,36422.33
11614,4.087705,36426.414
11615,4.0826855,36430.496
11616,4.0785804,36434.574
11617,4.0739145,36438.65
11618,4.070852,36442.72
11619,4.068337,36446.785
11620,4.065861,36450.85
11621,4.064084,36454.914
11622,4.063709,36458.977
11623,4.064166,36463.04
11624,4.06614,36467.105
11625,4.068501,36471.176
11626,4.0696464,36475.246
11627,4.0682273,36479.312
11628,4.0661564,36483.38
11629,4.064636,36487.445
11630,4.0636344,36491.508
11631,4.06388,36495.57
11632,4.064632,36499.637
11633,4.065488,36503.703
11634,4.0661206,36507.77
11635,4.0680146,36511.836
11636,4.068513,36515.906
11637,4.0679317,36519.973
11638,4.066889,36524.04
11639,4.067104,36528.105
11640,4.068844,36532.176
11641,4.0713716,36536.246
11642,4.075481,36540.32
11643,4.078911,36544.4
11644,4.0814023,36548.48
11645,4.0825267,36552.562
11646,4.0815873,36556.645
11647,4.078411,36560.723
11648,4.075494,36564.797
11649,4.074053,36568.87
11650,4.075,36572.945
11651,4.076857,36577.023
11652,4.0774,36581.1
11653,4.076996,36585.18
11654,4.0769696,36589.258
11655,4.0772967,36593.336
11656,4.0792627,36597.414
11657,4.0815253,36601.496
11658,4.0826187,36605.58
11659,4.0850325,36609.664
11660,4.0869303,36613.75
11661,4.0876603,36617.836
11662,4.0869803,36621.92
11663,4.088147,36626.01
11664,4.0905356,36630.1
11665,4.0929885,36634.195
11666,4.094569,36638.29
11667,4.095643,36642.383
11668,4.09645,36646.48
11669,4.098241,36650.58
11670,4.0988526,36654.676
11671,4.097928,36658.773
11672,4.0968814,36662.87
11673,4.094906,36666.965
11674,4.092532,36671.06
11675,4.0901456,36675.15
11676,4.088603,36679.24
11677,4.0888886,36683.33
11678,4.090169,36687.418
11679,4.0913033,36691.508
11680,4.090851,36695.598
11681,4.089534,36699.688
11682,4.089739,36703.777
11683,4.090361,36707.867
11684,4.091014,36711.957
11685,4.091463,36716.047
11686,4.090935,36720.137
11687,4.0909038,36724.227
11688,4.090611,36728.316
11689,4.090249,36732.406
11690,4.0902805,36736.496
11691,4.089482,36740.586
11692,4.0907035,36744.676
11693,4.0925846,36748.77
11694,4.0962105,36752.867
11695,4.1013837,36756.97
11696,4.1050406,36761.074
11697,4.107004,36765.18
11698,4.106143,36769.285
11699,4.1046605,36773.39
11700,4.1046414,36777.496
11701,4.105079,36781.6
11702,4.1049204,36785.707
11703,4.103391,36789.81
11704,4.1009035,36793.91
11705,4.098056,36798.008
11706,4.0962715,36802.105
11707,4.0958333,36806.203
11708,4.095696,36810.297
11709,4.0958242,36814.395
11710,4.09539,36818.49
11711,4.095558,36822.582
11712,4.0947657,36826.676
11713,4.094562,36830.77
11714,4.0944037,36834.863
11715,4.0947742,36838.957
11716,4.0970597,36843.055
11717,4.099498,36847.152
11718,4.101741,36851.254
11719,4.1042266,36855.36
11720,4.106516,36859.465
11721,4.1072235,36863.57
11722,4.1071906,36867.676
11723,4.105159,36871.78
11724,4.102335,36875.883
11725,4.100035,36879.984
11726,4.097401,36884.082
11727,4.093865,36888.176
11728,4.0915203,36892.266
11729,4.089497,36896.355
11730,4.0869246,36900.44
11731,4.0840592,36904.527
11732,4.0838118,36908.61
11733,4.084443,36912.695
11734,4.0854936,36916.78
11735,4.085564,36920.867
11736,4.084547,36924.953
11737,4.083115,36929.035
11738,4.0813875,36933.117
11739,4.078466,36937.195
11740,4.0759497,36941.27
11741,4.0732274,36945.344
11742,4.07157,36949.414
11743,4.0686336,36953.484
11744,4.0655713,36957.55
11745,4.06262,36961.613
11746,4.0604396,36965.67
11747,4.0597477,36969.73
11748,4.059922,36973.79
11749,4.059291,36977.848
11750,4.059486,36981.906
11751,4.0602236,36985.965
11752,4.061185,36990.027
11753,4.0619783,36994.09
11754,4.062018,36998.152
11755,4.061736,37002.215
11756,4.060614,37006.277
11757,4.059715,37010.336
11758,4.0596194,37014.395
11759,4.0616107,37018.457
11760,4.064872,37022.523
11761,4.0694346,37026.594
11762,4.0738287,37030.668
11763,4.0776625,37034.746
11764,4.079169,37038.824
11765,4.077769,37042.902
11766,4.0759635,37046.977
11767,4.0742207,37051.05
11768,4.0739603,37055.125
11769,4.0754795,37059.2
11770,4.077571,37063.277
11771,4.0802503,37067.36
11772,4.0829725,37071.44
11773,4.08597,37075.527
11774,4.0888257,37079.617
11775,4.0912127,37083.707
11776,4.092913,37087.8
11777,4.093036,37091.895
11778,4.091496,37095.984
11779,4.0896544,37100.074
11780,4.089366,37104.164
11781,4.088683,37108.254
11782,4.088745,37112.344
11783,4.088912,37116.434
11784,4.0884385,37120.523
11785,4.08729,37124.61
11786,4.085465,37128.695
11787,4.0843496,37132.78
11788,4.0843353,37136.867
11789,4.0848904,37140.953
11790,4.085133,37145.04
11791,4.0871115,37149.125
11792,4.0909815,37153.215
11793,4.096717,37157.312
11794,4.100626,37161.414
11795,4.1034803,37165.516
11796,4.10358,37169.62
11797,4.1028876,37173.723
11798,4.1025105,37177.824
11799,4.101277,37181.926
11800,4.1005993,37186.027
11801,4.0980244,37190.125
11802,4.096223,37194.223
11803,4.094681,37198.316
11804,4.0957694,37202.414
11805,4.097027,37206.51
11806,4.096371,37210.61
11807,4.0939918,37214.703
11808,4.0911465,37218.793
11809,4.0884924,37222.883
11810,4.085909,37226.97
11811,4.080392,37231.05
11812,4.075545,37235.125
11813,4.072575,37239.2
11814,4.0744615,37243.273
11815,4.0787525,37247.35
11816,4.081166,37251.434
11817,4.080635,37255.516
11818,4.079111,37259.594
11819,4.078311,37263.67
11820,4.078381,37267.75
11821,4.077843,37271.83
11822,4.076634,37275.906
11823,4.074716,37279.98
11824,4.075186,37284.055
11825,4.075825,37288.13
11826,4.076155,37292.203
11827,4.0770307,37296.28
11828,4.076985,37300.36
11829,4.0756106,37304.434
11830,4.07521,37308.508
11831,4.074602,37312.582
11832,4.075302,37316.656
11833,4.076652,37320.734
11834,4.0763483,37324.812
11835,4.075804,37328.887
11836,4.074103,37332.96
11837,4.074737,37337.035
11838,4.0768924,37341.113
11839,4.078466,37345.19
11840,4.078679,37349.27
11841,4.077166,37353.348
11842,4.076635,37357.426
11843,4.076095,37361.5
11844,4.0753684,37365.574
11845,4.075216,37369.65
11846,4.074012,37373.723
11847,4.0723395,37377.797
11848,4.0713673,37381.867
11849,4.07056,37385.938
11850,4.070784,37390.008
11851,4.0710893,37394.08
11852,4.07178,37398.15
11853,4.072299,37402.223
11854,4.073412,37406.297
11855,4.0752378,37410.37
11856,4.0776243,37414.45
11857,4.079168,37418.527
11858,4.0788713,37422.605
11859,4.07953,37426.684
11860,4.0825524,37430.766
11861,4.086771,37434.85
11862,4.0894365,37438.94
11863,4.08893,37443.03
11864,4.088176,37447.12
11865,4.088573,37451.21
11866,4.089481,37455.3
11867,4.0900416,37459.39
11868,4.088727,37463.48
11869,4.086971,37467.566
11870,4.0866623,37471.652
11871,4.087272,37475.74
11872,4.0881867,37479.83
11873,4.087676,37483.914
11874,4.086447,37488.0
11875,4.085583,37492.086
11876,4.0844946,37496.17
11877,4.084431,37500.258
11878,4.085504,37504.344
11879,4.085129,37508.43
11880,4.0834594,37512.51
11881,4.0813813,37516.594
11882,4.0807705,37520.676
11883,4.083266,37524.758
11884,4.0850077,37528.844
11885,4.0861034,37532.93
11886,4.0856256,37537.016
11887,4.0841413,37541.1
11888,4.083957,37545.184
11889,4.0835676,37549.266
11890,4.082891,37553.348
11891,4.0810676,37557.43
11892,4.0794845,37561.508
11893,4.078865,37565.586
11894,4.076573,37569.664
11895,4.0746183,37573.74
11896,4.0734406,37577.812
11897,4.073649,37581.887
11898,4.072686,37585.96
11899,4.0712166,37590.03
11900,4.0708885,37594.1
11901,4.0735207,37598.176
11902,4.078021,37602.254
11903,4.082524,37606.336
11904,4.085524,37610.42
11905,4.0875545,37614.508
11906,4.089796,37618.598
11907,4.0913954,37622.688
11908,4.0912094,37626.777
11909,4.089614,37630.867
11910,4.08902,37634.957
11911,4.087904,37639.047
11912,4.0869107,37643.133
11913,4.0867715,37647.22
11914,4.0864673,37651.305
11915,4.086043,37655.39
11916,4.08489,37659.477
11917,4.0851154,37663.562
11918,4.0840654,37667.65
11919,4.0832233,37671.73
11920,4.083134,37675.812
11921,4.0823092,37679.895
11922,4.082953,37683.977
11923,4.084773,37688.062
11924,4.086859,37692.15
11925,4.0890474,37696.24
11926,4.0904737,37700.33
11927,4.0906606,37704.418
11928,4.0911875,37708.508
11929,4.0913987,37712.598
11930,4.0901628,37716.688
11931,4.090056,37720.777
11932,4.0899777,37724.867
11933,4.0905476,37728.957
11934,4.091265,37733.047
11935,4.09083,37737.137
11936,4.089253,37741.227
11937,4.087288,37745.312
11938,4.08605,37749.4
11939,4.086021,37753.484
11940,4.085641,37757.57
11941,4.084393,37761.656
11942,4.0848036,37765.742
11943,4.0879393,37769.832
11944,4.0906153,37773.92
11945,4.0918126,37778.016
11946,4.0926013,37782.11
11947,4.093507,37786.203
11948,4.0946007,37790.297
11949,4.0938134,37794.39
11950,4.090849,37798.48
11951,4.085902,37802.566
11952,4.0826507,37806.65
11953,4.079787,37810.727
11954,4.079811,37814.805
11955,4.07913,37818.883
11956,4.0776005,37822.96
11957,4.0745034,37827.035
11958,4.0696383,37831.105
11959,4.065268,37835.17
11960,4.0649385,37839.24
11961,4.06724,37843.305
11962,4.0691857,37847.375
11963,4.0712137,37851.445
11964,4.072583,37855.52
11965,4.0750847,37859.594
11966,4.0765996,37863.67
11967,4.0787063,37867.75
11968,4.0795546,37871.83
11969,4.0794706,37875.906
11970,4.0795035,37879.984
11971,4.0798817,37884.062
11972,4.0804405,37888.145
11973,4.0817533,37892.227
11974,4.082913,37896.31
11975,4.082607,37900.39
11976,4.081917,37904.473
11977,4.081013,37908.555
11978,4.0802317,37912.637
11979,4.080879,37916.72
11980,4.0817213,37920.8
11981,4.0832214,37924.883
11982,4.0845976,37928.97
11983,4.0855756,37933.055
11984,4.0865965,37937.14
11985,4.088099,37941.23
11986,4.0892158,37945.32
11987,4.091394,37949.41
11988,4.0938773,37953.504
11989,4.096701,37957.6
11990,4.0983534,37961.7
11991,4.0969114,37965.797
11992,4.0936823,37969.89
11993,4.089572,37973.98
11994,4.087481,37978.066
11995,4.085792,37982.152
11996,4.0863924,37986.24
11997,4.087705,37990.324
11998,4.0889344,37994.414
11999,4.0890245,37998.504
12000,4.087095,38002.59
12001,4.0853925,38006.676
12002,4.0838647,38010.758
12003,4.0823665,38014.84
12004,4.083078,38018.92
12005,4.0862236,38023.008
12006,4.09039,38027.098
12007,4.0954614,38031.19
12008,4.099527,38035.29
12009,4.101431,38039.39
12010,4.100632,38043.492
12011,4.0982313,38047.59
12012,4.0969877,38051.688
12013,4.096593,38055.785
12014,4.096722,38059.883
12015,4.0960765,38063.98
12016,4.0943885,38068.074
12017,4.0915833,38072.164
12018,4.089185,38076.254
12019,4.0869737,38080.34
12020,4.0856886,38084.426
12021,4.0855384,38088.51
12022,4.085992,38092.598
12023,4.0858603,38096.684
12024,4.085191,38100.77
12025,4.085233,38104.855
12026,4.085217,38108.94
12027,4.085491,38113.027
12028,4.084948,38117.113
12029,4.0835395,38121.195
12030,4.081131,38125.277
12031,4.0774536,38129.355
12032,4.075017,38133.43
12033,4.0744414,38137.504
12034,4.0749197,38141.58
12035,4.075771,38145.652
12036,4.0771494,38149.73
12037,4.0775366,38153.81
12038,4.079925,38157.887
12039,4.082614,38161.97
12040,4.08416,38166.055
12041,4.084237,38170.14
12042,4.0827885,38174.223
12043,4.080519,38178.305
12044,4.0778613,38182.383
12045,4.0758677,38186.457
12046,4.0754213,38190.53
12047,4.075725,38194.605
12048,4.076103,38198.68
12049,4.078282,38202.758
12050,4.080505,38206.84
12051,4.0821776,38210.92
12052,4.0819197,38215.004
12053,4.0795145,38219.082
12054,4.077278,38223.16
12055,4.074674,38227.234
12056,4.072932,38231.31
12057,4.0700665,38235.38
12058,4.0684543,38239.45
12059,4.068182,38243.516
12060,4.0684495,38247.586
12061,4.068004,38251.652
12062,4.066098,38255.72
12063,4.06535,38259.785
12064,4.0663896,38263.85
12065,4.0683765,38267.92
12066,4.0685816,38271.992
12067,4.0692334,38276.062
12068,4.0700045,38280.133
12069,4.0704093,38284.203
12070,4.071399,38288.273
12071,4.073459,38292.348
12072,4.0775633,38296.426
12073,4.0819845,38300.508
12074,4.0839577,38304.59
12075,4.0853467,38308.676
12076,4.085678,38312.76
12077,4.086958,38316.848
12078,4.088189,38320.938
12079,4.089339,38325.027
12080,4.088701,38329.117
12081,4.087611,38333.203
12082,4.0861692,38337.29
12083,4.0848827,38341.375
12084,4.082731,38345.457
12085,4.0797544,38349.535
12086,4.078163,38353.613
12087,4.0774264,38357.69
12088,4.079613,38361.77
12089,4.081826,38365.85
12090,4.083197,38369.934
12091,4.0838795,38374.016
12092,4.083559,38378.098
12093,4.0837984,38382.18
12094,4.0845675,38386.266
12095,4.085861,38390.35
12096,4.086272,38394.438
12097,4.083708,38398.52
12098,4.078265,38402.598
12099,4.073642,38406.67
12100,4.0693254,38410.742
12101,4.0663366,38414.81
12102,4.063348,38418.87
12103,4.061819,38422.934
12104,4.0598593,38426.992
12105,4.058366,38431.05
12106,4.056869,38435.11
12107,4.0570683,38439.168
12108,4.0581446,38443.227
12109,4.059063,38447.285
12110,4.0579686,38451.344
12111,4.057385,38455.402
12112,4.055914,38459.457
12113,4.0549707,38463.51
12114,4.0544558,38467.566
12115,4.0536127,38471.62
12116,4.0517406,38475.67
12117,4.0489473,38479.723
12118,4.0462513,38483.77
12119,4.0435605,38487.812
12120,4.042629,38491.855
12121,4.041954,38495.9
12122,4.044435,38499.94
12123,4.045308,38503.99
12124,4.045576,38508.035
12125,4.0441585,38512.08
12126,4.0423465,38516.12
12127,4.040324,38520.16
12128,4.0397806,38524.2
12129,4.038842,38528.24
12130,4.037143,38532.277
12131,4.0355616,38536.312
12132,4.035243,38540.348
12133,4.033388,38544.383
12134,4.033516,38548.418
12135,4.0320163,38552.45
12136,4.030515,38556.48
12137,4.027146,38560.508
12138,4.0254774,38564.535
12139,4.0219274,38568.56
12140,4.0186963,38572.58
12141,4.014168,38576.594
12142,4.009225,38580.6
12143,4.0017076,38584.6
12144,3.9923985,38588.594
12145,3.9805572,38592.574
12146,3.9704626,38596.543
12147,3.9632335,38600.508
12148,3.9583592,38604.465
12149,3.9562116,38608.42
12150,3.953459,38612.375
12151,3.950938,38616.324
12152,3.9494097,38620.273
12153,3.947659,38624.223
12154,3.948396,38628.17
12155,3.9485278,38632.12
12156,3.9468246,38636.066
12157,3.943701,38640.01
12158,3.9424613,38643.953
12159,3.9415915,38647.895
12160,3.942221,38651.836
12161,3.9419796,38655.777
12162,3.9442937,38659.723
12163,3.9451027,38663.668
12164,3.9473834,38667.617
12165,3.947544,38671.566
12166,3.952009,38675.52
12167,3.9553936,38679.477
12168,3.9589033,38683.434
12169,3.9570117,38687.39
12170,3.9561782,38691.348
12171,3.9522636,38695.3
12172,3.9545565,38699.254
12173,3.9541502,38703.207
12174,3.9573824,38707.164
12175,3.9564726,38711.12
12176,3.9560068,38715.08
12177,3.947361,38719.027
12178,3.9387157,38722.965
12179,3.9249046,38726.89
12180,3.9141698,38730.805
12181,3.8968472,38734.703
12182,3.8909442,38738.594
12183,3.8717036,38742.465
12184,3.8526251,38746.316
12185,3.8227751,38750.14
12186,3.8004103,38753.94
12187,3.7809591,38757.723
12188,3.774639,38761.496
12189,3.7706215,38765.266
12190,3.7677126,38769.035
12191,3.7611697,38772.797
12192,3.7547324,38776.55
12193,3.75091,38780.3
12194,3.7504265,38784.05
12195,3.7495248,38787.8
12196,3.7475688,38791.547
12197,3.745414,38795.293
12198,3.7452056,38799.04
12199,3.742858,38802.78
12200,3.7401402,38806.52
12201,3.7347798,38810.254
12202,3.7321267,38813.984
12203,3.7287686,38817.715
12204,3.7277844,38821.44
12205,3.7272866,38825.168
12206,3.7293348,38828.9
12207,3.7296875,38832.63
12208,3.72869,38836.36
12209,3.7253273,38840.086
12210,3.7233722,38843.81
12211,3.7212703,38847.53
12212,3.7199767,38851.25
12213,3.7171228,38854.97
12214,3.7163615,38858.684
12215,3.715234,38862.4
12216,3.7145424,38866.113
12217,3.7133741,38869.83
12218,3.7126813,38873.54
12219,3.7112014,38877.25
12220,3.7092755,38880.96
12221,3.7071207,38884.668
12222,3.7057614,38888.375
12223,3.7043703,38892.08
12224,3.7025642,38895.78
12225,3.6996157,38899.48
12226,3.698117,38903.18
12227,3.696974,38906.875
12228,3.6961203,38910.57
12229,3.6927745,38914.26
12230,3.6883059,38917.95
12231,3.6848326,38921.633
12232,3.681858,38925.316
12233,3.6777203,38928.992
12234,3.673947,38932.668
12235,3.6697888,38936.336
12236,3.6661596,38940.004
12237,3.6612422,38943.664
12238,3.6561775,38947.32
12239,3.650282,38950.97
12240,3.644188,38954.613
12241,3.6384075,38958.25
12242,3.634053,38961.883
12243,3.629631,38965.51
12244,3.6262069,38969.137
12245,3.6223416,38972.758
12246,3.6176202,38976.375
12247,3.6114159,38979.99
12248,3.6050436,38983.594
12249,3.59878,38987.19
12250,3.5929635,38990.785
12251,3.588109,38994.375
12252,3.5837119,38997.957
12253,3.5793557,39001.535
12254,3.574996,39005.11
12255,3.5709767,39008.68
12256,3.5670907,39012.246
12257,3.5636153,39015.81
12258,3.55993,39019.367
12259,3.555562,39022.92
12260,3.5519981,39026.473
12261,3.5497582,39030.023
12262,3.5472417,39033.57
12263,3.5431006,39037.113
12264,3.5380695,39040.652
12265,3.533911,39044.188
12266,3.5304782,39047.72
12267,3.5262556,39051.246
12268,3.520017,39054.766
12269,3.5142639,39058.28
12270,3.509437,39061.79
12271,3.506454,39065.297
12272,3.5053034,39068.8
12273,3.505329,39072.305
12274,3.5062149,39075.812
12275,3.5071228,39079.32
12276,3.5059767,39082.83
12277,3.503545,39086.332
12278,3.5002968,39089.832
12279,3.4965427,39093.33
12280,3.4933624,39096.82
12281,3.4907656,39100.312
12282,3.487985,39103.8
12283,3.4842882,39107.285
12284,3.480637,39110.766
12285,3.4774394,39114.242
12286,3.4733706,39117.715
12287,3.4699059,39121.184
12288,3.4678867,39124.652
12289,3.4672618,39128.12
12290,3.4668422,39131.59
12291,3.4659066,39135.055
12292,3.46549,39138.52
12293,3.464841,39141.984
12294,3.4630816,39145.45
12295,3.4605522,39148.91
12296,3.4569335,39152.367
12297,3.4527164,39155.82
12298,3.4491565,39159.27
12299,3.446324,39162.715
12300,3.4435158,39166.16
12301,3.440823,39169.6
12302,3.4384215,39173.04
12303,3.435827,39176.477
12304,3.432969,39179.91
12305,3.4298174,39183.34
12306,3.427387,39186.766
12307,3.4257379,39190.19
12308,3.4238603,39193.617
12309,3.4211023,39197.04
12310,3.417455,39200.457
12311,3.414151,39203.87
12312,3.4117787,39207.28
12313,3.4095628,39210.69
12314,3.4118338,39214.1
12315,3.4088137,39217.51
12316,3.407878,39220.918
12317,3.3923974,39224.31
12318,3.4048605,39227.715
12319,3.3948736,39231.11
12320,3.4221227,39234.53
12321,3.423062,39237.953
12322,3.450841,39241.402
12323,3.463667,39244.867
12324,3.4897587,39248.355
12325,3.5105028,39251.867
12326,3.5290756,39255.395
12327,3.545142,39258.94
12328,3.5476818,39262.49
12329,3.549977,39266.04
12330,3.5358617,39269.574
12331,3.5241146,39273.098
12332,3.5016394,39276.598
12333,3.48065,39280.08
12334,3.4565854,39283.535
12335,3.4374478,39286.973
12336,3.4402575,39290.414
12337,3.4520354,39293.867
12338,3.4748244,39297.344
12339,3.4868588,39300.832
12340,3.4960003,39304.33
12341,3.5047054,39307.832
12342,3.5163698,39311.348
12343,3.527029,39314.875
12344,3.5410104,39318.414
12345,3.552331,39321.965
12346,3.5643554,39325.527
12347,3.5745234,39329.1
12348,3.5817952,39332.684
12349,3.5855718,39336.27
12350,3.5830975,39339.85
12351,3.5754418,39343.426
12352,3.5691812,39346.996
12353,3.568556,39350.566
12354,3.5746334,39354.14
12355,3.5777445,39357.72
12356,3.5757775,39361.293
12357,3.5714438,39364.863
12358,3.5717392,39368.434
12359,3.5721765,39372.004
12360,3.5730412,39375.58
12361,3.5684814,39379.15
12362,3.5786412,39382.727
12363,3.5668287,39386.293
12364,3.5694063,39389.863
12365,3.5883727,39393.453
12366,3.6080172,39397.062
12367,3.6315637,39400.695
12368,3.649596,39404.344
12369,3.6783807,39408.023
12370,3.7071104,39411.73
12371,3.7446547,39415.477
12372,3.7766066,39419.254
12373,3.8066952,39423.062
12374,3.8285534,39426.89
12375,3.8485577,39430.74
12376,3.8650398,39434.6
12377,3.8774838,39438.48
12378,3.8823504,39442.363
12379,3.8846054,39446.246
12380,3.884909,39450.133
12381,3.8864977,39454.02
12382,3.8900647,39457.91
12383,3.8936937,39461.805
12384,3.8942134,39465.7
12385,3.8886583,39469.586
12386,3.8794124,39473.465
12387,3.8677173,39477.332
12388,3.8600721,39481.19
12389,3.8505201,39485.043
12390,3.8410027,39488.883
12391,3.8294146,39492.71
12392,3.8215835,39496.53
12393,3.813455,39500.344
12394,3.8084164,39504.152
12395,3.800913,39507.953
12396,3.7970903,39511.75
12397,3.7942402,39515.543
12398,3.7933545,39519.336
12399,3.7923608,39523.13
12400,3.789695,39526.918
12401,3.7847216,39530.703
12402,3.780147,39534.484
12403,3.777434,39538.26
12404,3.779849,39542.043
12405,3.784233,39545.83
12406,3.786557,39549.613
12407,3.7853231,39553.4
12408,3.7820702,39557.18
12409,3.7780285,39560.957
12410,3.7751377,39564.73
12411,3.7717547,39568.504
12412,3.770129,39572.273
12413,3.7708504,39576.043
12414,3.7722728,39579.816
12415,3.7758522,39583.594
12416,3.777395,39587.37
12417,3.7806766,39591.152
12418,3.7865274,39594.938
12419,3.7900555,39598.727
12420,3.7892427,39602.516
12421,3.788545,39606.305
12422,3.786751,39610.09
12423,3.783778,39613.875
12424,3.780819,39617.656
12425,3.775923,39621.434
12426,3.770378,39625.203
12427,3.7658145,39628.97
12428,3.7629113,39632.73
12429,3.7583036,39636.49
12430,3.7535503,39640.242
12431,3.7510529,39643.992
12432,3.7514398,39647.742
12433,3.7531424,39651.496
12434,3.7542958,39655.25
12435,3.753487,39659.004
12436,3.7520704,39662.758
12437,3.7562346,39666.516
12438,3.7653635,39670.28
12439,3.7764633,39674.06
12440,3.7858562,39677.844
12441,3.792848,39681.637
12442,3.7980754,39685.434
12443,3.8046825,39689.24
12444,3.8098562,39693.047
12445,3.8131056,39696.86
12446,3.81316,39700.67
12447,3.810499,39704.48
12448,3.8052511,39708.285
12449,3.8008416,39712.086
12450,3.8018086,39715.887
12451,3.803747,39719.69
12452,3.8055332,39723.496
12453,3.8045583,39727.3
12454,3.8002493,39731.1
12455,3.796146,39734.9
12456,3.7950647,39738.695
12457,3.7934947,39742.49
12458,3.7920463,39746.28
12459,3.7893898,39750.07
12460,3.7866151,39753.855
12461,3.782449,39757.637
12462,3.779245,39761.414
12463,3.7750978,39765.188
12464,3.7699287,39768.957
12465,3.7622092,39772.72
12466,3.7545953,39776.473
12467,3.748274,39780.223
12468,3.744723,39783.97
12469,3.744167,39787.715
12470,3.744686,39791.46
12471,3.7423875,39795.203
12472,3.7390203,39798.94
12473,3.7335837,39802.676
12474,3.7309332,39806.406
12475,3.7323549,39810.137
12476,3.73482,39813.87
12477,3.7348483,39817.605
12478,3.733671,39821.34
12479,3.733401,39825.074
12480,3.736683,39828.812
12481,3.739518,39832.55
12482,3.7426376,39836.293
12483,3.7442386,39840.04
12484,3.7468472,39843.785
12485,3.748071,39847.535
12486,3.7457488,39851.28
12487,3.7418485,39855.023
12488,3.7365224,39858.76
12489,3.7291195,39862.492
12490,3.7195132,39866.21
12491,3.7079039,39869.918
12492,3.6843243,39873.6
12493,3.6441548,39877.246
12494,3.5839465,39880.83
12495,3.533946,39884.363
12496,3.5303507,39887.895
12497,3.5250854,39891.418
12498,3.5286195,39894.945
12499,3.523137,39898.47
12500,3.5271814,39901.996
12501,3.5197473,39905.516
12502,3.5199525,39909.035
12503,3.5113165,39912.547
12504,3.514456,39916.062
12505,3.50786,39919.57
12506,3.510624,39923.082
12507,3.5037282,39926.586
12508,3.5132697,39930.098
12509,3.5376244,39933.637
12510,3.5658126,39937.203
12511,3.6016119,39940.805
12512,3.640169,39944.445
12513,3.6900115,39948.137
12514,3.7498782,39951.887
12515,3.8042374,39955.69
12516,3.8450537,39959.535
12517,3.857285,39963.39
12518,3.864414,39967.254
12519,3.8606596,39971.113
12520,3.860633,39974.973
12521,3.8652942,39978.84
12522,3.8842833,39982.723
12523,3.89471,39986.617
12524,3.9076302,39990.523
12525,3.9149904,39994.438
12526,3.9224498,39998.36
12527,3.924153,40002.285
12528,3.9243062,40006.21
12529,3.9232326,40010.133
12530,3.9247148,40014.06
12531,3.9253879,40017.984
12532,3.9217913,40021.906
12533,3.9125073,40025.82
12534,3.9003549,40029.72
12535,3.8890142,40033.61
12536,3.8799407,40037.49
12537,3.874816,40041.363
12538,3.874026,40045.24
12539,3.881728,40049.12
12540,3.8876946,40053.008
12541,3.89111,40056.9
12542,3.8866777,40060.785
12543,3.8800662,40064.664
12544,3.8706267,40068.535
12545,3.860532,40072.395
12546,3.8496292,40076.246
12547,3.8367505,40080.082
12548,3.8236716,40083.906
12549,3.8138657,40087.72
12550,3.8037088,40091.523
12551,3.7938435,40095.316
12552,3.784297,40099.1
12553,3.7793615,40102.883
12554,3.774724,40106.656
12555,3.7707298,40110.426
12556,3.7644906,40114.19
12557,3.7540042,40117.945
12558,3.7466507,40121.69
12559,3.7384856,40125.43
12560,3.7303216,40129.16
12561,3.7187335,40132.88
12562,3.7072365,40136.586
12563,3.694634,40140.28
12564,3.6852548,40143.965
12565,3.6758993,40147.64
12566,3.6715188,40151.312
12567,3.6668353,40154.98
12568,3.6646597,40158.645
12569,3.6620665,40162.305
12570,3.657781,40165.96
12571,3.6515799,40169.613
12572,3.6472158,40173.26
12573,3.644515,40176.906
12574,3.6445665,40180.55
12575,3.643026,40184.195
12576,3.6423292,40187.836
12577,3.6424868,40191.477
12578,3.641057,40195.117
12579,3.6377013,40198.754
12580,3.6326592,40202.387
12581,3.6287792,40206.016
12582,3.627861,40209.645
12583,3.6260335,40213.27
12584,3.6268227,40216.895
12585,3.6271122,40220.523
12586,3.6274068,40224.152
12587,3.6273618,40227.78
12588,3.6267345,40231.406
12589,3.6248465,40235.03
12590,3.6225874,40238.652
12591,3.6201797,40242.273
12592,3.619928,40245.895
12593,3.6201994,40249.516
12594,3.6197672,40253.137
12595,3.6181633,40256.754
12596,3.6178179,40260.37
12597,3.618599,40263.99
12598,3.6207106,40267.61
12599,3.622732,40271.23
12600,3.6249804,40274.855
12601,3.6272154,40278.484
12602,3.6283932,40282.113
12603,3.6298962,40285.742
12604,3.6315885,40289.375
12605,3.6325138,40293.008
12606,3.6359258,40296.645
12607,3.6389449,40300.285
12608,3.640733,40303.926
12609,3.6443875,40307.57
12610,3.6498556,40311.22
12611,3.6568992,40314.875
12612,3.6620705,40318.535
12613,3.6655095,40322.2
12614,3.6655965,40325.863
12615,3.6650314,40329.527
12616,3.6650302,40333.19
12617,3.6644216,40336.855
12618,3.6630418,40340.52
12619,3.6625857,40344.184
12620,3.6633024,40347.848
12621,3.664356,40351.51
12622,3.664452,40355.176
12623,3.664235,40358.84
12624,3.666743,40362.508
12625,3.6705558,40366.18
12626,3.6727545,40369.85
12627,3.6722677,40373.523
12628,3.6703174,40377.195
12629,3.6693463,40380.863
12630,3.6686077,40384.53
12631,3.6701987,40388.203
12632,3.6748374,40391.88
12633,3.679972,40395.56
12634,3.6840878,40399.242
12635,3.686264,40402.93
12636,3.686578,40406.617
12637,3.688443,40410.305
12638,3.695401,40414.0
12639,3.7050025,40417.703
12640,3.7123752,40421.414
12641,3.7173827,40425.133
12642,3.7178433,40428.85
12643,3.7168317,40432.57
12644,3.7181356,40436.29
12645,3.7201746,40440.008
12646,3.7216713,40443.73
12647,3.724036,40447.453
12648,3.725115,40451.18
12649,3.7227516,40454.902
12650,3.7178445,40458.62
12651,3.7151158,40462.336
12652,3.7151997,40466.05
12653,3.7169974,40469.77
12654,3.7186303,40473.49
12655,3.7202148,40477.207
12656,3.7227294,40480.93
12657,3.7255533,40484.656
12658,3.726481,40488.383
12659,3.726528,40492.11
12660,3.726444,40495.836
12661,3.7258556,40499.562
12662,3.7253957,40503.29
12663,3.7256672,40507.016
12664,3.729087,40510.746
12665,3.735163,40514.48
12666,3.7409406,40518.223
12667,3.7458215,40521.97
12668,3.7463384,40525.715
12669,3.7463276,40529.46
12670,3.7453783,40533.207
12671,3.7438848,40536.95
12672,3.7430513,40540.69
12673,3.7427669,40544.434
12674,3.7428746,40548.176
12675,3.745523,40551.92
12676,3.7486484,40555.67
12677,3.7533062,40559.426
12678,3.7575078,40563.184
12679,3.761671,40566.945
12680,3.7622383,40570.707
12681,3.7602825,40574.47
12682,3.758748,40578.227
12683,3.7594757,40581.984
12684,3.76108,40585.746
12685,3.7620986,40589.508
12686,3.7597353,40593.266
12687,3.757439,40597.023
12688,3.7573867,40600.78
12689,3.7580624,40604.54
12690,3.7599418,40608.3
12691,3.7619424,40612.062
12692,3.7618594,40615.824
12693,3.7603853,40619.586
12694,3.757768,40623.344
12695,3.7573154,40627.1
12696,3.7584639,40630.86
12697,3.762352,40634.62
12698,3.7650454,40638.387
12699,3.7655559,40642.152
12700,3.7620363,40645.914
12701,3.7573254,40649.67
12702,3.7534354,40653.426
12703,3.7528899,40657.18
12704,3.7528446,40660.934
12705,3.7546,40664.688
12706,3.754049,40668.44
12707,3.7543762,40672.195
12708,3.7538137,40675.95
12709,3.752583,40679.703
12710,3.7502296,40683.453
12711,3.7492754,40687.203
12712,3.7477126,40690.95
12713,3.7455752,40694.695
12714,3.7455356,40698.44
12715,3.7478726,40702.188
12716,3.750142,40705.938
12717,3.7528203,40709.69
12718,3.7561958,40713.45
12719,3.7624755,40717.21
12720,3.7658453,40720.977
12721,3.767509,40724.742
12722,3.7679665,40728.51
12723,3.7693183,40732.28
12724,3.7710824,40736.05
12725,3.7723498,40739.824
12726,3.771437,40743.594
12727,3.7690153,40747.363
12728,3.7681568,40751.133
12729,3.769972,40754.902
12730,3.7738059,40758.676
12731,3.775636,40762.453
12732,3.7721975,40766.227
12733,3.7706845,40769.996
12734,3.771468,40773.766
12735,3.7711723,40777.535
12736,3.7706935,40781.305
12737,3.770812,40785.074
12738,3.7703383,40788.844
12739,3.770867,40792.613
12740,3.773001,40796.387
12741,3.7768145,40800.164
12742,3.7812068,40803.945
12743,3.7848892,40807.73
12744,3.7853253,40811.516
12745,3.7833004,40815.3
12746,3.7801085,40819.082
12747,3.7773466,40822.86
12748,3.7791362,40826.637
12749,3.7852118,40830.42
12750,3.7920032,40834.215
12751,3.8004827,40838.016
12752,3.8085635,40841.824
12753,3.8116732,40845.637
12754,3.8113265,40849.45
12755,3.8087277,40853.258
12756,3.8065844,40857.062
12757,3.8024383,40860.863
12758,3.7993257,40864.664
12759,3.7982934,40868.46
12760,3.7996447,40872.26
12761,3.802494,40876.062
12762,3.8034418,40879.867
12763,3.8039546,40883.67
12764,3.8075001,40887.48
12765,3.8086345,40891.29
12766,3.802946,40895.094
12767,3.7923596,40898.887
12768,3.783915,40902.67
12769,3.7796707,40906.453
12770,3.777717,40910.23
12771,3.7791302,40914.008
12772,3.7814007,40917.79
12773,3.7853885,40921.574
12774,3.7840173,40925.36
12775,3.7818,40929.14
12776,3.781054,40932.92
12777,3.7800756,40936.703
12778,3.776872,40940.48
12779,3.7731493,40944.254
12780,3.769959,40948.023
12781,3.7721655,40951.797
12782,3.77643,40955.574
12783,3.7818456,40959.355
12784,3.785963,40963.14
12785,3.7896054,40966.93
12786,3.7942111,40970.723
12787,3.7975316,40974.52
12788,3.7985036,40978.316
12789,3.7966821,40982.113
12790,3.7923286,40985.906
12791,3.7862718,40989.69
12792,3.783304,40993.477
12793,3.7843573,40997.26
12794,3.7865262,41001.047
12795,3.7898955,41004.836
12796,3.7925394,41008.63
12797,3.794676,41012.42
12798,3.795002,41016.22
12799,3.7920742,41020.01
12800,3.7876713,41023.8
12801,3.78122,41027.582
12802,3.778351,41031.36
12803,3.7799447,41035.14
12804,3.7844734,41038.926
12805,3.787319,41042.715
12806,3.7894046,41046.504
12807,3.7915587,41050.297
12808,3.790778,41054.086
12809,3.7871387,41057.875
12810,3.786249,41061.66
12811,3.7878685,41065.45
12812,3.789028,41069.24
12813,3.7879188,41073.027
12814,3.7860045,41076.812
12815,3.7825158,41080.594
12816,3.777279,41084.37
12817,3.7726388,41088.145
12818,3.771122,41091.914
12819,3.7730339,41095.688
12820,3.7740145,41099.46
12821,3.7752757,41103.234
12822,3.7751312,41107.008
12823,3.7754123,41110.785
12824,3.7752762,41114.56
12825,3.7779937,41118.336
12826,3.7861755,41122.12
12827,3.7957454,41125.918
12828,3.8020222,41129.72
12829,3.8020012,41133.52
12830,3.7952354,41137.316
12831,3.7885916,41141.105
12832,3.7874248,41144.895
12833,3.7884274,41148.684
12834,3.7886882,41152.473
12835,3.7867444,41156.258
12836,3.7835891,41160.043
12837,3.7768257,41163.82
12838,3.771172,41167.59
12839,3.7688391,41171.36
12840,3.7675347,41175.125
12841,3.770175,41178.895
12842,3.7730794,41182.668
12843,3.7728918,41186.44
12844,3.7692132,41190.21
12845,3.7663105,41193.977
12846,3.7627892,41197.74
12847,3.7621603,41201.5
12848,3.7668016,41205.266
12849,3.7733753,41209.04
12850,3.7765906,41212.816
12851,3.7793083,41216.598
12852,3.7804823,41220.38
12853,3.7758992,41224.156
12854,3.7668788,41227.92
12855,3.7577758,41231.68
12856,3.7553542,41235.434
12857,3.7573974,41239.19
12858,3.7565303,41242.95
12859,3.7571259,41246.707
12860,3.7615123,41250.47
12861,3.7671337,41254.234
12862,3.7737944,41258.008
12863,3.7808635,41261.79
12864,3.7874043,41265.58
12865,3.7909942,41269.367
12866,3.7892537,41273.156
12867,3.7832384,41276.94
12868,3.7779574,41280.72
12869,3.7763298,41284.496
12870,3.779168,41288.273
12871,3.7827098,41292.055
12872,3.7848735,41295.84
12873,3.7851312,41299.625
12874,3.7844129,41303.41
12875,3.7820442,41307.19
12876,3.7810125,41310.973
12877,3.7789376,41314.75
12878,3.7786016,41318.527
12879,3.7796295,41322.31
12880,3.7787979,41326.086
12881,3.775776,41329.863
12882,3.7746785,41333.637
12883,3.7755044,41337.414
12884,3.7787654,41341.19
12885,3.7828853,41344.973
12886,3.7840343,41348.758
12887,3.782589,41352.54
12888,3.7810726,41356.32
12889,3.7820256,41360.1
12890,3.7860882,41363.887
12891,3.7915552,41367.68
12892,3.7966747,41371.477
12893,3.7979388,41375.273
12894,3.7951436,41379.07
12895,3.7903204,41382.86
12896,3.7870915,41386.645
12897,3.783647,41390.43
12898,3.7805433,41394.21
12899,3.7730374,41397.984
12900,3.7641683,41401.75
12901,3.7593575,41405.508
12902,3.7570016,41409.266
12903,3.7577705,41413.023
12904,3.7590437,41416.78
12905,3.7607858,41420.543
12906,3.761984,41424.305
12907,3.7637603,41428.07
12908,3.7634206,41431.832
12909,3.761408,41435.594
12910,3.754586,41439.348
12911,3.7446964,41443.094
12912,3.7361915,41446.83
12913,3.7326584,41450.562
12914,3.7377307,41454.3
12915,3.747355,41458.047
12916,3.7540424,41461.8
12917,3.760844,41465.562
12918,3.766835,41469.33
12919,3.7723584,41473.1
12920,3.7784517,41476.88
12921,3.7825634,41480.66
12922,3.7822075,41484.44
12923,3.7792165,41488.22
12924,3.7793767,41492.0
12925,3.7805135,41495.78
12926,3.781881,41499.562
12927,3.7817984,41503.344
12928,3.7808459,41507.125
12929,3.7780244,41510.902
12930,3.7768533,41514.68
12931,3.7771657,41518.457
12932,3.778314,41522.234
12933,3.779669,41526.016
12934,3.7831402,41529.797
12935,3.7883074,41533.586
12936,3.795711,41537.383
12937,3.8027203,41541.184
12938,3.8059719,41544.99
12939,3.8014815,41548.79
12940,3.7949927,41552.586
12941,3.7867632,41556.37
12942,3.782365,41560.152
12943,3.7814472,41563.934
12944,3.785754,41567.72
12945,3.7906194,41571.508
12946,3.7911465,41575.3
12947,3.7871552,41579.09
12948,3.7831872,41582.87
12949,3.7807286,41586.652
12950,3.7781224,41590.43
12951,3.777806,41594.207
12952,3.7787848,41597.984
12953,3.7785723,41601.76
12954,3.777975,41605.54
12955,3.7785811,41609.316
12956,3.7801268,41613.098
12957,3.7822309,41616.88
12958,3.7843034,41620.664
12959,3.7859275,41624.45
12960,3.7874596,41628.24
12961,3.787461,41632.027
12962,3.7846355,41635.812
12963,3.781036,41639.594
12964,3.7762015,41643.37
12965,3.771355,41647.14
12966,3.7688994,41650.91
12967,3.7647808,41654.676
12968,3.7589724,41658.434
12969,3.7557788,41662.188
12970,3.7588756,41665.945
12971,3.7634017,41669.707
12972,3.761578,41673.47
12973,3.757038,41677.227
12974,3.7547662,41680.98
12975,3.7528093,41684.734
12976,3.7493112,41688.484
12977,3.7475915,41692.23
12978,3.7515001,41695.98
12979,3.7594573,41699.74
12980,3.7671459,41703.504
12981,3.770141,41707.273
12982,3.7658582,41711.04
12983,3.7584271,41714.797
12984,3.7522557,41718.55
12985,3.7462933,41722.297
12986,3.7389212,41726.035
12987,3.733521,41729.77
12988,3.7326906,41733.504
12989,3.7343986,41737.24
12990,3.733357,41740.973
12991,3.73334,41744.707
12992,3.7314732,41748.438
12993,3.7308574,41752.168
12994,3.7354605,41755.902
12995,3.7435255,41759.645
12996,3.7478805,41763.39
12997,3.7497015,41767.14
12998,3.748679,41770.89
12999,3.746698,41774.637
13000,3.7460506,41778.383
13001,3.747777,41782.13
13002,3.747982,41785.875
13003,3.7474904,41789.62
13004,3.745849,41793.367
13005,3.7451713,41797.113
13006,3.7474513,41800.86
13007,3.7493472,41804.61
13008,3.7484493,41808.36
13009,3.7480893,41812.11
13010,3.7470808,41815.855
13011,3.74407,41819.598
13012,3.7397983,41823.336
13013,3.737097,41827.074
13014,3.735573,41830.81
13015,3.7362847,41834.543
13016,3.7364976,41838.28
13017,3.7375472,41842.02
13018,3.739186,41845.758
13019,3.7403548,41849.5
13020,3.7428646,41853.242
13021,3.7455385,41856.99
13022,3.743315,41860.73
13023,3.7386236,41864.47
13024,3.7356105,41868.203
13025,3.736314,41871.938
13026,3.7373028,41875.676
13027,3.735689,41879.41
13028,3.732227,41883.14
13029,3.7321777,41886.87
13030,3.7371488,41890.61
13031,3.7443564,41894.355
13032,3.7522757,41898.11
13033,3.7607293,41901.87
13034,3.769698,41905.64
13035,3.7785535,41909.418
13036,3.782165,41913.2
13037,3.780245,41916.98
13038,3.7783008,41920.758
13039,3.7771537,41924.535
13040,3.7765656,41928.312
13041,3.7741604,41932.086
13042,3.7732701,41935.86
13043,3.7743368,41939.633
13044,3.779822,41943.414
13045,3.7836754,41947.2
13046,3.782864,41950.98
13047,3.7791812,41954.758
13048,3.774589,41958.53
13049,3.77086,41962.3
13050,3.7689245,41966.07
13051,3.767309,41969.836
13052,3.766881,41973.6
13053,3.7656555,41977.367
13054,3.7626345,41981.13
13055,3.7572148,41984.887
13056,3.7512255,41988.637
13057,3.7487457,41992.387
13058,3.748406,41996.137
13059,3.749333,41999.887
13060,3.752243,42003.64
13061,3.7582812,42007.4
13062,3.762192,42011.16
13063,3.7638671,42014.926
13064,3.7649963,42018.69
13065,3.770116,42022.46
13066,3.7755203,42026.24
13067,3.7806332,42030.02
13068,3.7835965,42033.805
13069,3.781608,42037.586
13070,3.778758,42041.363
13071,3.7792675,42045.14
13072,3.7817724,42048.92
13073,3.779973,42052.703
13074,3.7759378,42056.48
13075,3.773662,42060.254
13076,3.775962,42064.03
13077,3.778715,42067.81
13078,3.7766473,42071.586
13079,3.7703629,42075.355
13080,3.7657466,42079.12
13081,3.7615209,42082.883
13082,3.7593038,42086.64
13083,3.7571144,42090.4
13084,3.758593,42094.156
13085,3.76254,42097.918
13086,3.765808,42101.684
13087,3.7669213,42105.45
13088,3.7656872,42109.215
13089,3.7622368,42112.977
13090,3.7604733,42116.74
13091,3.7581165,42120.496
13092,3.7541416,42124.25
13093,3.7499974,42128.0
13094,3.7490914,42131.75
13095,3.745862,42135.496
13096,3.7411664,42139.24
13097,3.741622,42142.98
13098,3.7434416,42146.723
13099,3.744084,42150.465
13100,3.7452996,42154.21
13101,3.7478979,42157.957
13102,3.7531774,42161.71
13103,3.7601259,42165.473
13104,3.765639,42169.24
13105,3.7677023,42173.008
13106,3.7654085,42176.773
13107,3.760757,42180.535
13108,3.7594259,42184.293
13109,3.7607088,42188.055
13110,3.761067,42191.816
13111,3.7573364,42195.574
13112,3.7528298,42199.33
13113,3.7511132,42203.08
13114,3.7530649,42206.832
13115,3.7561693,42210.59
13116,3.7566988,42214.348
13117,3.7541835,42218.1
13118,3.7543542,42221.855
13119,3.7571435,42225.613
13120,3.7604697,42229.375
13121,3.7626672,42233.137
13122,3.7664068,42236.902
13123,3.7706697,42240.67
13124,3.773608,42244.445
13125,3.7732036,42248.22
13126,3.7728848,42251.992
13127,3.7724514,42255.766
13128,3.7694018,42259.535
13129,3.7615395,42263.297
13130,3.7539308,42267.05
13131,3.7517562,42270.8
13132,3.7554932,42274.555
13133,3.7556615,42278.31
13134,3.74801,42282.055
13135,3.7383652,42285.793
13136,3.735696,42289.527
13137,3.738227,42293.266
13138,3.7418203,42297.008
13139,3.745568,42300.754
13140,3.7463777,42304.5
13141,3.7454245,42308.246
13142,3.7431037,42311.99
13143,3.7422676,42315.73
13144,3.74511,42319.477
13145,3.749099,42323.227
13146,3.75155,42326.977
13147,3.755799,42330.73
13148,3.7624347,42334.492
13149,3.7651677,42338.258
13150,3.7630196,42342.02
13151,3.7578604,42345.777
13152,3.751321,42349.527
13153,3.743325,42353.27
13154,3.735913,42357.004
13155,3.7302225,42360.734
13156,3.7267678,42364.46
13157,3.7256322,42368.188
13158,3.726006,42371.914
13159,3.7304742,42375.645
13160,3.7353866,42379.38
13161,3.7408419,42383.12
13162,3.7452285,42386.867
13163,3.7481964,42390.617
13164,3.7497444,42394.367
13165,3.7510445,42398.117
13166,3.7518141,42401.867
13167,3.7516472,42405.617
13168,3.750994,42409.367
13169,3.7499483,42413.117
13170,3.7466192,42416.863
13171,3.7424781,42420.605
13172,3.739777,42424.344
13173,3.7385173,42428.082
13174,3.7391424,42431.82
13175,3.738276,42435.56
13176,3.737545,42439.297
13177,3.7380154,42443.035
13178,3.7358928,42446.77
13179,3.7332983,42450.504
13180,3.7316208,42454.234
13181,3.7322884,42457.965
13182,3.7353091,42461.7
13183,3.7402976,42465.44
13184,3.7408395,42469.184
13185,3.738044,42472.92
13186,3.7315364,42476.652
13187,3.7255702,42480.38
13188,3.7262714,42484.105
13189,3.733974,42487.84
13190,3.740434,42491.582
13191,3.7442381,42495.33
13192,3.74495,42499.074
13193,3.7468374,42502.82
13194,3.7477663,42506.566
13195,3.7501833,42510.316
13196,3.756858,42514.074
13197,3.7633593,42517.836
13198,3.7665715,42521.6
13199,3.7680838,42525.37
13200,3.7685964,42529.14
13201,3.766473,42532.906
13202,3.7645826,42536.67
13203,3.7642164,42540.438
13204,3.7642357,42544.203
13205,3.7645147,42547.97
13206,3.7669778,42551.734
13207,3.7697127,42555.504
13208,3.770854,42559.273
13209,3.769684,42563.043
13210,3.7678943,42566.812
13211,3.7674053,42570.58
13212,3.768769,42574.348
13213,3.7690403,42578.117
13214,3.7653496,42581.883
13215,3.757608,42585.64
13216,3.7532835,42589.395
13217,3.7563043,42593.152
13218,3.760796,42596.914
13219,3.761137,42600.676
13220,3.7574527,42604.434
13221,3.7513368,42608.184
13222,3.7438893,42611.926
13223,3.7368941,42615.664
13224,3.7334807,42619.4
13225,3.7370381,42623.137
13226,3.745173,42626.883
13227,3.754043,42630.637
13228,3.7601733,42634.4
13229,3.7661278,42638.164
13230,3.770811,42641.934
13231,3.7711916,42645.703
13232,3.7656841,42649.47
13233,3.760166,42653.23
13234,3.7591796,42656.99
13235,3.7619045,42660.75
13236,3.7649527,42664.516
13237,3.7674599,42668.28
13238,3.7696056,42672.05
13239,3.77302,42675.824
13240,3.7740238,42679.598
13241,3.772457,42683.37
13242,3.7673464,42687.137
13243,3.7591188,42690.895
13244,3.7524512,42694.65
13245,3.7490394,42698.4
13246,3.748273,42702.15
13247,3.7511091,42705.9
13248,3.7575014,42709.656
13249,3.764335,42713.42
13250,3.7706223,42717.19
13251,3.7744362,42720.965
13252,3.7734725,42724.74
13253,3.7689312,42728.508
13254,3.7649233,42732.273
13255,3.7615407,42736.035
13256,3.7594717,42739.793
13257,3.7583783,42743.55
13258,3.7574387,42747.31
13259,3.7576854,42751.066
13260,3.758002,42754.824
13261,3.757363,42758.582
13262,3.7588437,42762.34
13263,3.7636938,42766.105
13264,3.767114,42769.87
13265,3.766311,42773.637
13266,3.7632189,42777.4
13267,3.7591293,42781.156
13268,3.7575817,42784.914
13269,3.7597606,42788.67
13270,3.7637591,42792.438
13271,3.7654254,42796.203
13272,3.7619832,42799.965
13273,3.7592633,42803.723
13274,3.7580318,42807.48
13275,3.7564406,42811.24
13276,3.7565494,42814.996
13277,3.7574034,42818.754
13278,3.760712,42822.516
13279,3.7614574,42826.277
13280,3.760274,42830.04
13281,3.7579854,42833.797
13282,3.7539465,42837.55
13283,3.749544,42841.3
13284,3.748179,42845.05
13285,3.7513504,42848.8
13286,3.7551973,42852.555
13287,3.7537515,42856.31
13288,3.7467375,42860.055
13289,3.7405596,42863.797
13290,3.742678,42867.54
13291,3.7474246,42871.285
13292,3.7490273,42875.035
13293,3.7490914,42878.785
13294,3.7466958,42882.53
13295,3.744981,42886.277
13296,3.7432508,42890.02
13297,3.7402213,42893.758
13298,3.7415624,42897.5
13299,3.7442753,42901.246
13300,3.7415347,42904.99
13301,3.7375772,42908.727
13302,3.7351902,42912.46
13303,3.731185,42916.19
13304,3.7225606,42919.914
13305,3.715743,42923.63
13306,3.718695,42927.348
13307,3.729609,42931.08
13308,3.7411778,42934.82
13309,3.750676,42938.57
13310,3.7558105,42942.324
13311,3.7584112,42946.082
13312,3.7588446,42949.84
13313,3.7551122,42953.594
13314,3.7516701,42957.344
13315,3.7482781,42961.094
13316,3.7435174,42964.836
13317,3.7409892,42968.58
13318,3.7433987,42972.32
13319,3.7449226,42976.066
13320,3.74417,42979.812
13321,3.7422736,42983.555
13322,3.7428212,42987.297
13323,3.7481863,42991.047
13324,3.7528763,42994.8
13325,3.756468,42998.56
13326,3.7569292,43002.316
13327,3.7531996,43006.07
13328,3.7478552,43009.816
13329,3.740639,43013.56
13330,3.739042,43017.297
13331,3.7430742,43021.04
13332,3.7459853,43024.785
13333,3.746514,43028.53
13334,3.745552,43032.277
13335,3.7455196,43036.023
13336,3.7490819,43039.773
13337,3.7518291,43043.523
13338,3.7525504,43047.277
13339,3.7530496,43051.03
13340,3.751924,43054.78
13341,3.7504296,43058.53
13342,3.7500136,43062.28
13343,3.7522564,43066.035
13344,3.758812,43069.793
13345,3.7662044,43073.56
13346,3.770827,43077.33
13347,3.7719686,43081.1
13348,3.769996,43084.87
13349,3.7642431,43088.637
13350,3.759757,43092.395
13351,3.7598662,43096.156
13352,3.7623043,43099.918
13353,3.7653737,43103.684
13354,3.7664306,43107.45
13355,3.7666278,43111.215
13356,3.7652905,43114.98
13357,3.7623951,43118.742
13358,3.7638683,43122.508
13359,3.7657714,43126.273
13360,3.767319,43130.04
13361,3.7692497,43133.81
13362,3.7710686,43137.58
13363,3.7708883,43141.348
13364,3.7676873,43145.117
13365,3.7610335,43148.88
13366,3.751036,43152.63
13367,3.7404323,43156.37
13368,3.734551,43160.105
13369,3.7352984,43163.84
13370,3.7426097,43167.582
13371,3.7537525,43171.336
13372,3.763224,43175.098
13373,3.768554,43178.867
13374,3.7682843,43182.637
13375,3.767087,43186.402
13376,3.770759,43190.17
13377,3.776312,43193.95
13378,3.7800424,43197.73
13379,3.7793822,43201.51
13380,3.7729292,43205.285
13381,3.7642531,43209.05
13382,3.7605495,43212.812
13383,3.7629395,43216.574
13384,3.7688143,43220.344
13385,3.7741144,43224.117
13386,3.7727957,43227.89
13387,3.7660687,43231.656
13388,3.7585895,43235.414
13389,3.752236,43239.168
13390,3.7464578,43242.914
13391,3.7428985,43246.656
13392,3.7387047,43250.395
13393,3.734651,43254.13
13394,3.7333584,43257.863
13395,3.7339656,43261.598
13396,3.7328951,43265.332
13397,3.7328594,43269.066
13398,3.734593,43272.8
13399,3.7402573,43276.543
13400,3.7490966,43280.293
13401,3.7573946,43284.05
13402,3.7616413,43287.812
13403,3.762818,43291.574
13404,3.7628157,43295.336
13405,3.7617102,43299.098
13406,3.7598596,43302.86
13407,3.758496,43306.617
13408,3.7567973,43310.375
13409,3.751698,43314.125
13410,3.7503457,43317.875
13411,3.7529132,43321.63
13412,3.7571425,43325.387
13413,3.7597406,43329.145
13414,3.761368,43332.906
13415,3.7627025,43336.668
13416,3.7624693,43340.43
13417,3.7608812,43344.19
13418,3.7580614,43347.95
13419,3.7548647,43351.703
13420,3.754211,43355.457
13421,3.7525234,43359.21
13422,3.747692,43362.957
13423,3.740772,43366.7
13424,3.7366414,43370.438
13425,3.7371788,43374.176
13426,3.740219,43377.914
13427,3.7420561,43381.656
13428,3.7424939,43385.4
13429,3.7404459,43389.14
13430,3.7390175,43392.88
13431,3.7422066,43396.62
13432,3.748237,43400.37
13433,3.751862,43404.12
13434,3.7525198,43407.875
13435,3.7524574,43411.63
13436,3.7534263,43415.383
13437,3.756411,43419.14
13438,3.7599182,43422.902
13439,3.7621965,43426.664
13440,3.7641537,43430.43
13441,3.765803,43434.195
13442,3.7654345,43437.96
13443,3.764554,43441.727
13444,3.761291,43445.49
13445,3.756279,43449.246
13446,3.7556505,43453.0
13447,3.75877,43456.758
13448,3.759159,43460.516
13449,3.7571495,43464.273
13450,3.7552648,43468.027
13451,3.7523632,43471.78
13452,3.748494,43475.53
13453,3.7448375,43479.277
13454,3.743198,43483.02
13455,3.7399445,43486.758
13456,3.7357912,43490.492
13457,3.73346,43494.227
13458,3.7286797,43497.957
13459,3.724361,43501.68
13460,3.7242231,43505.402
13461,3.7297943,43509.133
13462,3.7375078,43512.87
13463,3.747115,43516.617
13464,3.7536197,43520.37
13465,3.7563064,43524.13
13466,3.7576904,43527.887
13467,3.7625122,43531.65
13468,3.7691596,43535.418
13469,3.7735257,43539.19
13470,3.7743962,43542.965
13471,3.7709823,43546.734
13472,3.7672982,43550.5
13473,3.7657416,43554.266
13474,3.767695,43558.035
13475,3.7686543,43561.805
13476,3.7673562,43565.57
13477,3.768272,43569.34
13478,3.7710927,43573.11
13479,3.771827,43576.883
13480,3.7703645,43580.652
13481,3.7663066,43584.418
13482,3.762437,43588.18
13483,3.7576218,43591.938
13484,3.7543764,43595.69
13485,3.7525165,43599.445
13486,3.7516277,43603.195
13487,3.7511787,43606.945
13488,3.7506087,43610.695
13489,3.750672,43614.445
13490,3.7510302,43618.195
13491,3.7500176,43621.945
13492,3.7508523,43625.695
13493,3.7531345,43629.45
13494,3.7542543,43633.203
13495,3.7550163,43636.957
13496,3.7547882,43640.71
13497,3.7551668,43644.465
13498,3.7573535,43648.223
13499,3.754952,43651.977
13500,3.7482905,43655.727
13501,3.7458441,43659.473
13502,3.7479272,43663.22
13503,3.7492232,43666.97
13504,3.7506542,43670.72
13505,3.7557979,43674.473
13506,3.760866,43678.234
13507,3.765299,43682.0
13508,3.768431,43685.77
13509,3.7703598,43689.54
13510,3.7686486,43693.31
13511,3.7645187,43697.074
13512,3.7632234,43700.836
13513,3.7643085,43704.6
13514,3.7653453,43708.367
13515,3.7626567,43712.13
13516,3.75965,43715.887
13517,3.7591798,43719.645
13518,3.7587285,43723.402
13519,3.7588222,43727.16
13520,3.76137,43730.92
13521,3.763164,43734.684
13522,3.7624166,43738.445
13523,3.7576754,43742.203
13524,3.7541268,43745.957
13525,3.751315,43749.707
13526,3.747697,43753.453
13527,3.743434,43757.195
13528,3.7392933,43760.934
13529,3.7366753,43764.67
13530,3.7337966,43768.406
13531,3.7310565,43772.137
13532,3.7314253,43775.867
13533,3.735109,43779.6
13534,3.7388704,43783.34
13535,3.7437923,43787.082
13536,3.749331,43790.832
13537,3.7553637,43794.586
13538,3.7590039,43798.344
13539,3.759074,43802.1
13540,3.7578943,43805.86
13541,3.7580829,43809.617
13542,3.7581952,43813.375
13543,3.756193,43817.133
13544,3.7567275,43820.89
13545,3.760147,43824.652
13546,3.7642772,43828.418
13547,3.7651007,43832.184
13548,3.7639313,43835.95
13549,3.7639077,43839.715
13550,3.7627697,43843.477
13551,3.7611973,43847.24
13552,3.7625222,43851.0
13553,3.7649453,43854.766
13554,3.765686,43858.53
13555,3.7618303,43862.293
13556,3.7580512,43866.05
13557,3.7562869,43869.81
13558,3.759092,43873.566
13559,3.7601085,43877.33
13560,3.7573745,43881.086
13561,3.7555404,43884.84
13562,3.758544,43888.598
13563,3.7610843,43892.36
13564,3.7603352,43896.12
13565,3.7599742,43899.883
13566,3.763351,43903.645
13567,3.7659142,43907.41
13568,3.7666388,43911.176
13569,3.764842,43914.94
13570,3.7648098,43918.707
13571,3.7670324,43922.473
13572,3.767114,43926.24
13573,3.7609243,43930.0
13574,3.751609,43933.75
13575,3.744662,43937.496
13576,3.7451384,43941.242
13577,3.7506535,43944.992
13578,3.7515988,43948.742
13579,3.7503073,43952.492
13580,3.7508392,43956.242
13581,3.7557454,43959.996
13582,3.7613974,43963.758
13583,3.7668328,43967.523
13584,3.7689638,43971.293
13585,3.7668743,43975.06
13586,3.7627413,43978.82
13587,3.7582889,43982.58
13588,3.758435,43986.336
13589,3.7617462,43990.098
13590,3.7629693,43993.86
13591,3.7613008,43997.62
13592,3.7586572,44001.38
13593,3.7537875,44005.133
13594,3.7510095,44008.883
13595,3.7508502,44012.633
13596,3.7533333,44016.387
13597,3.755479,44020.14
13598,3.7549455,44023.895
13599,3.7524664,44027.65
13600,3.7498982,44031.4
13601,3.75,44035.15
13602,3.7530367,44038.902
13603,3.755878,44042.66
13604,3.7570088,44046.418
13605,3.7563574,44050.176
13606,3.7551646,44053.93
13607,3.751549,44057.68
13608,3.7468078,44061.426
13609,3.7423406,44065.168
13610,3.7394643,44068.906
13611,3.7388625,44072.645
13612,3.7407255,44076.387
13613,3.7455742,44080.133
13614,3.7482257,44083.883
13615,3.7454143,44087.63
13616,3.742058,44091.37
13617,3.7432106,44095.113
13618,3.7444632,44098.86
13619,3.744455,44102.605
13620,3.7485585,44106.355
13621,3.7579055,44110.113
13622,3.766712,44113.88
13623,3.773426,44117.652
13624,3.7762399,44121.43
13625,3.776799,44125.207
13626,3.7787,44128.984
13627,3.7797906,44132.766
13628,3.7782125,44136.543
13629,3.7733517,44140.316
13630,3.7694392,44144.086
13631,3.7657526,44147.85
13632,3.7614295,44151.613
13633,3.7551353,44155.367
13634,3.74956,44159.117
13635,3.7458081,44162.863
13636,3.7413325,44166.605
13637,3.7393248,44170.344
13638,3.7418108,44174.086
13639,3.7451773,44177.832
13640,3.7486758,44181.582
13641,3.7551804,44185.336
13642,3.761345,44189.098
13643,3.76725,44192.863
13644,3.7719426,44196.637
13645,3.77447,44200.41
13646,3.776192,44204.188
13647,3.7761607,44207.965
13648,3.7731636,44211.74
13649,3.766419,44215.504
13650,3.7619066,44219.266
13651,3.7584743,44223.023
13652,3.7569354,44226.78
13653,3.7600467,44230.543
13654,3.7642925,44234.31
13655,3.7659304,44238.074
13656,3.7653844,44241.84
13657,3.7638185,44245.605
13658,3.7610607,44249.367
13659,3.7571564,44253.125
13660,3.7517421,44256.875
13661,3.746941,44260.62
13662,3.7467608,44264.367
13663,3.7501068,44268.117
13664,3.7516582,44271.867
13665,3.7520087,44275.62
13666,3.7516582,44279.37
13667,3.7528453,44283.125
13668,3.7540796,44286.88
13669,3.7547832,44290.633
13670,3.7525506,44294.387
13671,3.7478611,44298.133
13672,3.7448888,44301.88
13673,3.745247,44305.625
13674,3.7473843,44309.37
13675,3.7463744,44313.117
13676,3.7426913,44316.86
13677,3.7404046,44320.6
13678,3.7399123,44324.34
13679,3.7397246,44328.08
13680,3.7377691,44331.816
13681,3.7365298,44335.555
13682,3.7371242,44339.293
13683,3.7387047,44343.03
13684,3.741562,44346.773
13685,3.7485352,44350.523
13686,3.756696,44354.28
13687,3.766637,44358.047
13688,3.77403,44361.82
13689,3.7736096,44365.594
13690,3.770012,44369.363
13691,3.7644506,44373.13
13692,3.7608762,44376.89
13693,3.757968,44380.65
13694,3.755296,44384.402
13695,3.7522662,44388.156
13696,3.754531,44391.91
13697,3.75939,44395.668
13698,3.7619236,44399.43
13699,3.7608578,44403.19
13700,3.7597866,44406.953
13701,3.7597902,44410.715
13702,3.7592125,44414.473
13703,3.757715,44418.23
13704,3.7547777,44421.984
13705,3.7514021,44425.734
13706,3.7502215,44429.484
13707,3.751969,44433.24
13708,3.7578888,44436.996
13709,3.7660205,44440.76
13710,3.7722192,44444.535
13711,3.7750869,44448.31
13712,3.7749968,44452.082
13713,3.7719367,44455.855
13714,3.768872,44459.625
13715,3.7665884,44463.39
13716,3.7650018,44467.156
13717,3.7592933,44470.914
13718,3.7508178,44474.664
13719,3.7444289,44478.41
13720,3.7424812,44482.152
13721,3.7438464,44485.895
13722,3.7464688,44489.64
13723,3.7534556,44493.395
13724,3.7631383,44497.156
13725,3.772128,44500.93
13726,3.7755914,44504.707
13727,3.7757201,44508.484
13728,3.7752867,44512.258
13729,3.7758777,44516.035
13730,3.7782228,44519.812
13731,3.7804909,44523.594
13732,3.7819228,44527.375
13733,3.7803895,44531.156
13734,3.776508,44534.934
13735,3.7705975,44538.703
13736,3.7678862,44542.473
13737,3.7665143,44546.24
13738,3.7669976,44550.004
13739,3.7669823,44553.77
13740,3.7652373,44557.535
13741,3.760256,44561.297
13742,3.7537565,44565.05
13743,3.7480505,44568.8
13744,3.744604,44572.547
13745,3.7435913,44576.29
13746,3.7439208,44580.03
13747,3.7433124,44583.773
13748,3.7406404,44587.516
13749,3.7403648,44591.258
13750,3.745277,44595.004
13751,3.752893,44598.758
13752,3.7612288,44602.52
13753,3.7697103,44606.29
13754,3.774204,44610.062
13755,3.7724872,44613.836
13756,3.7669952,44617.6
13757,3.7600822,44621.363
13758,3.754049,44625.117
13759,3.7499182,44628.867
13760,3.7503424,44632.617
13761,3.752187,44636.37
13762,3.7508953,44640.12
13763,3.7472868,44643.867
13764,3.7455447,44647.613
13765,3.7458317,44651.36
13766,3.7459059,44655.105
13767,3.7463205,44658.85
13768,3.7473128,44662.598
13769,3.7506819,44666.348
13770,3.7537441,44670.1
13771,3.753936,44673.855
13772,3.748964,44677.605
13773,3.7423973,44681.348
13774,3.7402408,44685.09
13775,3.7412994,44688.832
13776,3.7438495,44692.574
13777,3.7448907,44696.32
13778,3.7439609,44700.062
13779,3.7464025,44703.81
13780,3.7515218,44707.56
13781,3.7560723,44711.316
13782,3.7575362,44715.074
13783,3.7582378,44718.832
13784,3.7602684,44722.594
13785,3.7616696,44726.355
13786,3.7602627,44730.117
13787,3.7573535,44733.875
13788,3.7549007,44737.63
13789,3.754241,44741.383
13790,3.7569304,44745.14
13791,3.7604535,44748.902
13792,3.7620883,44752.664
13793,3.7621672,44756.426
13794,3.7594256,44760.184
13795,3.7548878,44763.938
13796,3.752226,44767.69
13797,3.7494488,44771.44
13798,3.7440886,44775.184
13799,3.7410398,44778.926
13800,3.742379,44782.668
13801,3.7433724,44786.41
13802,3.7433455,44790.152
13803,3.7460148,44793.9
13804,3.752205,44797.652
13805,3.7576654,44801.41
13806,3.758402,44805.168
13807,3.75789,44808.926
13808,3.7564442,44812.684
13809,3.7548277,44816.438
13810,3.7527773,44820.19
13811,3.7497149,44823.94
13812,3.7472093,44827.688
13813,3.745888,44831.434
13814,3.7468743,44835.18
13815,3.749185,44838.93
13816,3.7493236,44842.68
13817,3.7487545,44846.43
13818,3.7457323,44850.176
13819,3.7396276,44853.914
13820,3.7331777,44857.65
13821,3.732496,44861.383
13822,3.736251,44865.117
13823,3.7398732,44868.855
13824,3.7409217,44872.598
13825,3.7416985,44876.34
13826,3.7432024,44880.082
13827,3.746154,44883.83
13828,3.7475467,44887.574
13829,3.7502153,44891.324
13830,3.7542233,44895.08
13831,3.7552693,44898.832
13832,3.7553506,44902.586
13833,3.7539425,44906.34
13834,3.7527032,44910.094
13835,3.7521558,44913.848
13836,3.7535489,44917.6
13837,3.7574408,44921.36
13838,3.7591484,44925.117
13839,3.7580876,44928.875
13840,3.754834,44932.63
13841,3.7497888,44936.38
13842,3.7478182,44940.125
13843,3.7499993,44943.875
13844,3.753734,44947.63
13845,3.758174,44951.387
13846,3.7591367,44955.145
13847,3.758722,44958.902
13848,3.7587194,44962.66
13849,3.759242,44966.418
13850,3.761297,44970.18
13851,3.7633717,44973.94
13852,3.7619493,44977.703
13853,3.7581434,44981.46
13854,3.7564752,44985.22
13855,3.756794,44988.977
13856,3.7578926,44992.734
13857,3.7594259,44996.492
13858,3.7625496,45000.254
13859,3.76533,45004.02
13860,3.7657423,45007.785
13861,3.7653568,45011.55
13862,3.7673166,45015.316
13863,3.7748115,45019.09
13864,3.7856047,45022.875
13865,3.7916527,45026.668
13866,3.7918391,45030.46
13867,3.7906141,45034.25
13868,3.7913404,45038.043
13869,3.7920282,45041.836
13870,3.7944865,45045.63
13871,3.7990751,45049.43
13872,3.8042235,45053.234
13873,3.80486,45057.04
13874,3.8021305,45060.84
13875,3.7964613,45064.637
13876,3.7914312,45068.43
13877,3.7878463,45072.22
13878,3.788361,45076.008
13879,3.7899961,45079.797
13880,3.7913766,45083.59
13881,3.789853,45087.38
13882,3.7883046,45091.168
13883,3.7886977,45094.957
13884,3.791032,45098.75
13885,3.7892742,45102.54
13886,3.782689,45106.32
13887,3.7746737,45110.094
13888,3.7706769,45113.863
13889,3.7692108,45117.633
13890,3.7690272,45121.402
13891,3.7673423,45125.168
13892,3.7614136,45128.93
13893,3.7522552,45132.684
13894,3.7442577,45136.43
13895,3.7421293,45140.17
13896,3.7467394,45143.918
13897,3.7536197,45147.67
13898,3.756594,45151.43
13899,3.759464,45155.188
13900,3.763255,45158.95
13901,3.7667224,45162.715
13902,3.769464,45166.484
13903,3.7697983,45170.254
13904,3.7619472,45174.016
13905,3.7488697,45177.766
13906,3.7362475,45181.5
13907,3.7270856,45185.227
13908,3.7261636,45188.953
13909,3.7303255,45192.684
13910,3.7339602,45196.418
13911,3.7388563,45200.156
13912,3.740971,45203.9
13913,3.739757,45207.637
13914,3.7380393,45211.375
13915,3.7370508,45215.113
13916,3.7373645,45218.85
13917,3.7395089,45222.59
13918,3.7411447,45226.332
13919,3.7419815,45230.074
13920,3.7372875,45233.812
13921,3.7318118,45237.543
13922,3.7318616,45241.273
13923,3.735729,45245.008
13924,3.739719,45248.746
13925,3.7456431,45252.492
13926,3.752249,45256.246
13927,3.7568896,45260.004
13928,3.7562203,45263.76
13929,3.7525113,45267.516
13930,3.7489758,45271.266
13931,3.7451174,45275.01
13932,3.743523,45278.754
13933,3.7439334,45282.496
13934,3.7446578,45286.242
13935,3.7447078,45289.99
13936,3.7438147,45293.73
13937,3.7443984,45297.477
13938,3.7496283,45301.227
13939,3.7564566,45304.984
13940,3.7620435,45308.746
13941,3.7669933,45312.51
13942,3.7688522,45316.28
13943,3.7691402,45320.05
13944,3.76869,45323.82
13945,3.7674146,45327.586
13946,3.7680159,45331.355
13947,3.7696,45335.125
13948,3.7713706,45338.895
13949,3.7701776,45342.664
13950,3.7684267,45346.434
13951,3.7669525,45350.2
13952,3.768171,45353.97
13953,3.7687242,45357.74
13954,3.7695763,45361.508
13955,3.771466,45365.277
13956,3.769019,45369.047
13957,3.765578,45372.812
13958,3.7621307,45376.574
13959,3.7583537,45380.332
13960,3.7535887,45384.086
13961,3.752721,45387.84
13962,3.7551153,45391.594
13963,3.7586043,45395.35
13964,3.7585347,45399.11
13965,3.7538543,45402.863
13966,3.747778,45406.61
13967,3.7454436,45410.355
13968,3.7464795,45414.1
13969,3.748397,45417.85
13970,3.7482078,45421.6
13971,3.7494495,45425.35
13972,3.7490792,45429.1
13973,3.7478542,45432.848
13974,3.751104,45436.598
13975,3.7577474,45440.355
13976,3.7610989,45444.117
13977,3.7604501,45447.88
13978,3.7600222,45451.64
13979,3.7613707,45455.402
13980,3.7604184,45459.164
13981,3.7577825,45462.92
13982,3.7548275,45466.676
13983,3.7510993,45470.426
13984,3.7477412,45474.17
13985,3.7476056,45477.918
13986,3.750404,45481.668
13987,3.7534618,45485.42
13988,3.7544723,45489.176
13989,3.7549028,45492.93
13990,3.752989,45496.684
13991,3.7515798,45500.434
13992,3.753788,45504.188
13993,3.7603793,45507.95
13994,3.7675161,45511.715
13995,3.7715566,45515.49
13996,3.7709765,45519.258
13997,3.7676177,45523.027
13998,3.7644148,45526.793
13999,3.7621074,45530.555
14000,3.7601135,45534.316
14001,3.755917,45538.074
14002,3.7509823,45541.824
14003,3.7499967,45545.574
14004,3.7519374,45549.324
14005,3.756187,45553.082
14006,3.7584689,45556.84
14007,3.7596788,45560.598
14008,3.7626357,45564.36
14009,3.7662604,45568.125
14010,3.768474,45571.895
14011,3.7711434,45575.664
14012,3.7716327,45579.438
14013,3.7680764,45583.207
14014,3.7620556,45586.97
14015,3.7575712,45590.727
14016,3.7563176,45594.484
14017,3.7584898,45598.242
14018,3.7614343,45602.004
14019,3.7638736,45605.77
14020,3.7675555,45609.535
14021,3.771424,45613.305
14022,3.7710924,45617.074
14023,3.7682106,45620.844
14024,3.7659967,45624.61
14025,3.7656698,45628.375
14026,3.7686412,45632.145
14027,3.7725673,45635.918
14028,3.776042,45639.695
14029,3.778945,45643.473
14030,3.7844152,45647.258
14031,3.7908697,45651.047
14032,3.795526,45654.844
14033,3.7925398,45658.637
14034,3.786506,45662.42
14035,3.7813907,45666.203
14036,3.7784011,45669.98
14037,3.7746828,45673.754
14038,3.7731063,45677.527
14039,3.7748973,45681.3
14040,3.7785778,45685.08
14041,3.7802846,45688.86
14042,3.7811852,45692.64
14043,3.7811117,45696.42
14044,3.7798204,45700.203
14045,3.7760594,45703.98
14046,3.773719,45707.754
14047,3.7741058,45711.527
14048,3.7786505,45715.305
14049,3.782592,45719.086
14050,3.7808752,45722.867
14051,3.7756689,45726.645
14052,3.7729115,45730.418
14053,3.7707405,45734.188
14054,3.7657132,45737.953
14055,3.7559395,45741.71
14056,3.7479706,45745.457
14057,3.7449794,45749.203
14058,3.7433875,45752.945
14059,3.7418292,45756.688
14060,3.7420163,45760.43
14061,3.7450716,45764.176
14062,3.7504406,45767.926
14063,3.757363,45771.684
14064,3.7608197,45775.445
14065,3.7628102,45779.207
14066,3.7638512,45782.973
14067,3.7633023,45786.734
14068,3.7608087,45790.496
14069,3.7583263,45794.254
14070,3.7589102,45798.01
14071,3.7612944,45801.773
14072,3.7631707,45805.535
14073,3.7669747,45809.3
14074,3.7702868,45813.07
14075,3.7687137,45816.84
14076,3.7667544,45820.605
14077,3.7650433,45824.37
14078,3.761442,45828.133
14079,3.7576113,45831.89
14080,3.7596388,45835.65
14081,3.764128,45839.414
14082,3.7675989,45843.184
14083,3.7679193,45846.953
14084,3.7640016,45850.72
14085,3.7596076,45854.477
14086,3.7584426,45858.234
14087,3.7572665,45861.992
14088,3.7539918,45865.746
14089,3.7506258,45869.496
14090,3.75182,45873.246
14091,3.755444,45877.0
14092,3.7563407,45880.758
14093,3.7544868,45884.51
14094,3.7538452,45888.266
14095,3.7528348,45892.02
14096,3.7529125,45895.773
14097,3.750823,45899.523
14098,3.7463498,45903.27
14099,3.743612,45907.01
14100,3.744107,45910.754
14101,3.7445116,45914.5
14102,3.7448769,45918.246
14103,3.7463183,45921.992
14104,3.7474096,45925.74
14105,3.7480361,45929.484
14106,3.749763,45933.234
14107,3.7500453,45936.984
14108,3.744963,45940.73
14109,3.73767,45944.47
14110,3.7345455,45948.203
14111,3.7350605,45951.938
14112,3.7370741,45955.676
14113,3.7398534,45959.414
14114,3.741727,45963.156
14115,3.745032,45966.902
14116,3.7485206,45970.652
14117,3.7488403,45974.402
14118,3.7471917,45978.15
14119,3.7459383,45981.895
14120,3.7462826,45985.64
14121,3.7462828,45989.387
14122,3.7473068,45993.133
14123,3.7512784,45996.883
14124,3.7558339,46000.637
14125,3.7571669,46004.395
14126,3.757258,46008.152
14127,3.7549791,46011.906
14128,3.7511106,46015.656
14129,3.7470791,46019.402
14130,3.7456417,46023.15
14131,3.7468503,46026.895
14132,3.7496645,46030.645
14133,3.7507687,46034.395
14134,3.749283,46038.145
14135,3.745572,46041.89
14136,3.7437596,46045.633
14137,3.7426817,46049.375
14138,3.7413943,46053.117
14139,3.7425303,46056.86
14140,3.7470315,46060.605
14141,3.750404,46064.355
14142,3.7500389,46068.105
14143,3.74954,46071.855
14144,3.7527444,46075.61
14145,3.7555313,46079.363
14146,3.7547915,46083.117
14147,3.7539384,46086.87
14148,3.7543552,46090.625
14149,3.7546031,46094.38
14150,3.7526062,46098.133
14151,3.7530043,46101.887
14152,3.7569814,46105.645
14153,3.761307,46109.406
14154,3.7605782,46113.168
14155,3.7592003,46116.926
14156,3.762588,46120.688
14157,3.7696,46124.457
14158,3.7772646,46128.234
14159,3.7852175,46132.02
14160,3.7915804,46135.812
14161,3.7911377,46139.605
14162,3.7821407,46143.387
14163,3.7678585,46147.156
14164,3.7556736,46150.91
14165,3.7436984,46154.652
14166,3.7359002,46158.387
14167,3.7334201,46162.12
14168,3.7329125,46165.855
14169,3.732249,46169.586
14170,3.7310097,46173.316
14171,3.7320745,46177.047
14172,3.736132,46180.78
14173,3.7412777,46184.523
14174,3.7453449,46188.27
14175,3.7488785,46192.02
14176,3.752643,46195.773
14177,3.75435,46199.527
14178,3.7559218,46203.285
14179,3.758767,46207.043
14180,3.761848,46210.805
14181,3.7630832,46214.566
14182,3.7655044,46218.332
14183,3.7661462,46222.098
14184,3.7633526,46225.86
14185,3.7558944,46229.617
14186,3.746944,46233.363
14187,3.7431364,46237.105
14188,3.7445326,46240.85
14189,3.7455132,46244.598
14190,3.7451227,46248.344
14191,3.745708,46252.09
14192,3.7471774,46255.836
14193,3.7480001,46259.582
14194,3.74705,46263.33
14195,3.7446399,46267.074
14196,3.7434735,46270.816
14197,3.744158,46274.562
14198,3.7460387,46278.31
14199,3.7474465,46282.055
14200,3.7467122,46285.8
14201,3.74366,46289.543
14202,3.740395,46293.285
14203,3.739259,46297.023
14204,3.7370837,46300.76
14205,3.7335863,46304.496
14206,3.7312417,46308.227
14207,3.7302346,46311.957
14208,3.7306206,46315.688
14209,3.7298763,46319.418
14210,3.7303336,46323.15
14211,3.7320716,46326.88
14212,3.7350457,46330.613
14213,3.738574,46334.35
14214,3.7402365,46338.094
14215,3.743537,46341.836
14216,3.748104,46345.586
14217,3.7530246,46349.34
14218,3.7550128,46353.094
14219,3.7528536,46356.848
14220,3.7493842,46360.598
14221,3.7468264,46364.344
14222,3.7491963,46368.094
14223,3.7533271,46371.848
14224,3.755198,46375.6
14225,3.7539425,46379.355
14226,3.750661,46383.105
14227,3.7485852,46386.855
14228,3.7510364,46390.605
14229,3.7532568,46394.36
14230,3.753189,46398.113
14231,3.751246,46401.863
14232,3.7494392,46405.613
14233,3.747345,46409.36
14234,3.74651,46413.105
14235,3.745086,46416.85
14236,3.7434027,46420.594
14237,3.7428987,46424.336
14238,3.742666,46428.08
14239,3.74223,46431.82
14240,3.7427156,46435.562
14241,3.7430463,46439.305
14242,3.7436523,46443.047
14243,3.7457194,46446.793
14244,3.749478,46450.543
14245,3.7520719,46454.297
14246,3.7526605,46458.05
14247,3.7514465,46461.8
14248,3.7501693,46465.55
14249,3.7483008,46469.3
14250,3.7487469,46473.05
14251,3.74921,46476.8
14252,3.7503974,46480.55
14253,3.7520885,46484.305
14254,3.751047,46488.055
14255,3.749256,46491.805
14256,3.7505445,46495.555
14257,3.7541075,46499.31
14258,3.7565954,46503.066
14259,3.7548,46506.82
14260,3.7523403,46510.574
14261,3.7521734,46514.33
14262,3.751792,46518.08
14263,3.7514007,46521.83
14264,3.7504077,46525.58
14265,3.747381,46529.324
14266,3.743031,46533.066
14267,3.7365532,46536.805
14268,3.731435,46540.535
14269,3.7303426,46544.266
14270,3.7326856,46548.0
14271,3.7384977,46551.74
14272,3.7450905,46555.484
14273,3.751164,46559.234
14274,3.7540169,46562.99
14275,3.7537456,46566.742
14276,3.7504606,46570.492
14277,3.7461498,46574.24
14278,3.7423215,46577.98
14279,3.7385945,46581.72
14280,3.7355838,46585.453
14281,3.7362554,46589.188
14282,3.7408214,46592.93
14283,3.7449932,46596.676
14284,3.74487,46600.42
14285,3.7419927,46604.164
14286,3.7381046,46607.902
14287,3.736933,46611.64
14288,3.7421396,46615.383
14289,3.7508104,46619.133
14290,3.7573724,46622.89
14291,3.7622855,46626.652
14292,3.7645373,46630.418
14293,3.7626312,46634.18
14294,3.7591312,46637.938
14295,3.7554379,46641.69
14296,3.7539356,46645.445
14297,3.751592,46649.195
14298,3.7473984,46652.94
14299,3.7440784,46656.684
14300,3.7452774,46660.43
14301,3.7479558,46664.176
14302,3.7490535,46667.926
14303,3.748709,46671.676
14304,3.7460113,46675.42
14305,3.7434964,46679.164
14306,3.7419844,46682.906
14307,3.7401707,46686.645
14308,3.7370534,46690.383
14309,3.7339036,46694.117
14310,3.7300801,46697.848
14311,3.726278,46701.574
14312,3.7213202,46705.297
14313,3.7191286,46709.016
14314,3.7221477,46712.74
14315,3.72997,46716.47
14316,3.7342343,46720.203
14317,3.736554,46723.94
14318,3.735677,46727.676
14319,3.732071,46731.406
14320,3.728772,46735.137
14321,3.727741,46738.863
14322,3.7265468,46742.59
14323,3.7242281,46746.312
14324,3.724721,46750.04
14325,3.730071,46753.77
14326,3.7376556,46757.508
14327,3.7427287,46761.25
14328,3.7439318,46764.992
14329,3.746202,46768.74
14330,3.747826,46772.484
14331,3.747479,46776.23
14332,3.7465656,46779.977
14333,3.7470064,46783.723
14334,3.7496643,46787.473
14335,3.7533824,46791.227
14336,3.7591097,46794.984
14337,3.7628155,46798.746
14338,3.7628133,46802.508
14339,3.7577155,46806.266
14340,3.7526803,46810.02
14341,3.7503095,46813.77
14342,3.7529826,46817.523
14343,3.7574513,46821.28
14344,3.76089,46825.043
14345,3.7608156,46828.805
14346,3.7596037,46832.562
14347,3.7574022,46836.32
14348,3.7523067,46840.074
14349,3.74538,46843.82
14350,3.7421703,46847.562
14351,3.7452447,46851.31
14352,3.7509649,46855.06
14353,3.7546062,46858.812
14354,3.753796,46862.566
14355,3.7529395,46866.32
14356,3.7519853,46870.074
14357,3.7517738,46873.824
14358,3.7527275,46877.58
14359,3.7522502,46881.332
14360,3.75165,46885.082
14361,3.755272,46888.836
14362,3.760351,46892.598
14363,3.7651153,46896.363
14364,3.7662377,46900.13
14365,3.764908,46903.895
14366,3.7625961,46907.656
14367,3.7580318,46911.414
14368,3.753997,46915.168
14369,3.7511177,46918.918
14370,3.7472873,46922.664
14371,3.744262,46926.41
14372,3.7451625,46930.156
14373,3.748286,46933.906
14374,3.750591,46937.656
14375,3.752236,46941.41
14376,3.7530696,46945.164
14377,3.7533069,46948.918
14378,3.750325,46952.668
14379,3.7475522,46956.414
14380,3.7529104,46960.168
14381,3.7610457,46963.93
14382,3.7617474,46967.69
14383,3.757161,46971.45
14384,3.7501366,46975.2
14385,3.7421901,46978.94
14386,3.7407043,46982.684
14387,3.7450368,46986.43
14388,3.7507179,46990.18
14389,3.7546816,46993.934
14390,3.7551353,46997.688
14391,3.7558959,47001.445
14392,3.758558,47005.203
14393,3.756552,47008.96
14394,3.7504141,47012.71
14395,3.74802,47016.457
14396,3.7532682,47020.21
14397,3.7577693,47023.97
14398,3.7570262,47027.727
14399,3.7528872,47031.48
14400,3.751306,47035.23
14401,3.7525368,47038.984
14402,3.7532344,47042.74
14403,3.7526157,47046.492
14404,3.7523406,47050.246
14405,3.7518795,47053.996
14406,3.7502477,47057.746
14407,3.7474139,47061.492
14408,3.7465248,47065.24
14409,3.7474463,47068.984
14410,3.7463806,47072.73
14411,3.7449145,47076.477
14412,3.7462633,47080.223
14413,3.7486906,47083.973
14414,3.7500374,47087.723
14415,3.7493389,47091.473
14416,3.7451277,47095.22
14417,3.7419934,47098.96
14418,3.7426317,47102.703
14419,3.7458334,47106.45
14420,3.7503176,47110.2
14421,3.7554996,47113.953
14422,3.7583458,47117.71
14423,3.760217,47121.473
14424,3.759032,47125.23
14425,3.7565982,47128.99
14426,3.7562804,47132.746
14427,3.7570865,47136.504
14428,3.7591438,47140.26
14429,3.7592547,47144.02
14430,3.7592351,47147.777
14431,3.75838,47151.535
14432,3.7569659,47155.293
14433,3.755671,47159.047
14434,3.7565691,47162.805
14435,3.7598453,47166.566
14436,3.7651412,47170.332
14437,3.7706835,47174.1
14438,3.7769198,47177.88
14439,3.779641,47181.66
14440,3.778239,47185.438
14441,3.7739673,47189.21
14442,3.7707827,47192.98
14443,3.7650867,47196.746
14444,3.754237,47200.5
14445,3.7447097,47204.246
14446,3.740651,47207.99
14447,3.7425003,47211.73
14448,3.746165,47215.477
14449,3.7469878,47219.223
14450,3.743507,47222.965
14451,3.738042,47226.703
14452,3.7353637,47230.438
14453,3.7381704,47234.176
14454,3.741731,47237.918
14455,3.7427084,47241.66
14456,3.741904,47245.402
14457,3.7421331,47249.145
14458,3.746664,47252.89
14459,3.7518456,47256.64
14460,3.751985,47260.395
14461,3.747839,47264.14
14462,3.7446942,47267.887
14463,3.7465138,47271.633
14464,3.751879,47275.383
14465,3.7568212,47279.14
14466,3.7548265,47282.895
14467,3.747438,47286.64
14468,3.7446969,47290.387
14469,3.7483945,47294.137
14470,3.7535357,47297.89
14471,3.754965,47301.645
14472,3.7544405,47305.4
14473,3.7562466,47309.156
14474,3.7607307,47312.918
14475,3.764963,47316.684
14476,3.765327,47320.45
14477,3.761185,47324.21
14478,3.7592363,47327.97
14479,3.756643,47331.727
14480,3.7501113,47335.477
14481,3.7425025,47339.22
14482,3.7380319,47342.957
14483,3.7373352,47346.695
14484,3.7376091,47350.434
14485,3.7379534,47354.17
14486,3.7374747,47357.91
14487,3.7386732,47361.65
14488,3.7427206,47365.39
14489,3.748274,47369.14
14490,3.752636,47372.895
14491,3.7562132,47376.652
14492,3.7587588,47380.41
14493,3.7582924,47384.168
14494,3.7530835,47387.92
14495,3.7462583,47391.668
14496,3.7387948,47395.406
14497,3.7340515,47399.14
14498,3.7346082,47402.875
14499,3.7380705,47406.613
14500,3.7414305,47410.355
14501,3.7442784,47414.1
14502,3.7407358,47417.844
14503,3.7364786,47421.582
14504,3.7378337,47425.32
14505,3.7446105,47429.066
14506,3.7530053,47432.82
14507,3.76108,47436.582
14508,3.7672884,47440.348
14509,3.7715826,47444.12
14510,3.7738397,47447.895
14511,3.7705016,47451.664
14512,3.7635837,47455.426
14513,3.75443,47459.18
14514,3.7440026,47462.92
14515,3.7363734,47466.66
14516,3.73209,47470.39
14517,3.731005,47474.12
14518,3.734114,47477.855
14519,3.7419055,47481.598
14520,3.7491634,47485.348
14521,3.754763,47489.1
14522,3.7575183,47492.86
14523,3.756757,47496.617
14524,3.7556677,47500.37
14525,3.7567306,47504.13
14526,3.761169,47507.89
14527,3.7618785,47511.652
14528,3.7552962,47515.406
14529,3.7463467,47519.152
14530,3.7379248,47522.89
14531,3.7323241,47526.62
14532,3.7285256,47530.35
14533,3.7273762,47534.08
14534,3.7248616,47537.805
14535,3.724966,47541.53
14536,3.7272289,47545.258
14537,3.7317314,47548.99
14538,3.7407088,47552.73
14539,3.7516224,47556.48
14540,3.7562597,47560.24
14541,3.755642,47563.992
14542,3.752879,47567.746
14543,3.7512867,47571.496
14544,3.7545102,47575.25
14545,3.7613509,47579.01
14546,3.7648532,47582.777
14547,3.765926,47586.543
14548,3.767548,47590.31
14549,3.7710915,47594.08
14550,3.775714,47597.855
14551,3.7790105,47601.633
14552,3.7780457,47605.41
14553,3.770382,47609.18
14554,3.7613935,47612.94
14555,3.7539299,47616.695
14556,3.7488432,47620.445
14557,3.745505,47624.19
14558,3.7466724,47627.938
14559,3.7512295,47631.688
14560,3.7586436,47635.445
14561,3.766714,47639.21
14562,3.771952,47642.984
14563,3.7737756,47646.758
14564,3.7718334,47650.53
14565,3.7686403,47654.3
14566,3.767807,47658.07
14567,3.7701063,47661.84
14568,3.7708714,47665.61
14569,3.7655141,47669.375
14570,3.7578251,47673.133
14571,3.753521,47676.887
14572,3.7545059,47680.64
14573,3.7565584,47684.4
14574,3.757261,47688.156
14575,3.7553701,47691.91
14576,3.754674,47695.664
14577,3.7587557,47699.42
14578,3.7631445,47703.184
14579,3.7654989,47706.95
14580,3.7661157,47710.715
14581,3.7681124,47714.484
14582,3.770869,47718.254
14583,3.7749007,47722.027
14584,3.7789314,47725.805
14585,3.781392,47729.586
14586,3.7800136,47733.367
14587,3.7756429,47737.145
14588,3.7771914,47740.92
14589,3.7811697,47744.703
14590,3.7877302,47748.492
14591,3.793792,47752.285
14592,3.7959802,47756.082
14593,3.7926872,47759.875
14594,3.785356,47763.66
14595,3.774048,47767.434
14596,3.763236,47771.195
14597,3.756018,47774.953
14598,3.7553728,47778.707
14599,3.7596362,47782.465
14600,3.7665634,47786.23
14601,3.7727106,47790.004
14602,3.7743251,47793.777
14603,3.7722385,47797.55
14604,3.7688055,47801.32
14605,3.7652657,47805.086
14606,3.7625244,47808.848
14607,3.760216,47812.61
14608,3.7558296,47816.363
14609,3.7483218,47820.113
14610,3.7415478,47823.855
14611,3.7388103,47827.594
14612,3.7422585,47831.336
14613,3.749441,47835.086
14614,3.756275,47838.844
14615,3.759783,47842.605
14616,3.7567055,47846.363
14617,3.7520828,47850.117
14618,3.7504306,47853.867
14619,3.750324,47857.617
14620,3.7483406,47861.367
14621,3.7460425,47865.113
14622,3.746209,47868.86
14623,3.7488954,47872.61
14624,3.751569,47876.36
14625,3.754254,47880.113
14626,3.759146,47883.87
14627,3.7652526,47887.637
14628,3.7696104,47891.406
14629,3.770232,47895.176
14630,3.7676,47898.945
14631,3.7646847,47902.71
14632,3.7621357,47906.473
14633,3.7589757,47910.23
14634,3.756732,47913.99
14635,3.7557364,47917.742
14636,3.7559166,47921.5
14637,3.7559,47925.258
14638,3.7555664,47929.01
14639,3.7563312,47932.77
14640,3.7574935,47936.527
14641,3.7562675,47940.285
14642,3.752892,47944.04
14643,3.7512646,47947.79
14644,3.7540307,47951.543
14645,3.7577746,47955.3
14646,3.7572937,47959.06
14647,3.756008,47962.816
14648,3.7550762,47966.57
14649,3.7537858,47970.324
14650,3.7526588,47974.08
14651,3.7524996,47977.832
14652,3.753637,47981.586
14653,3.7534072,47985.34
14654,3.7521977,47989.094
14655,3.7534814,47992.848
14656,3.756664,47996.605
14657,3.7611134,48000.367
14658,3.7644496,48004.133
14659,3.7688634,48007.902
14660,3.775417,48011.68
14661,3.7821815,48015.46
14662,3.7853262,48019.246
14663,3.7849367,48023.03
14664,3.7826324,48026.812
14665,3.7780893,48030.59
14666,3.7760086,48034.367
14667,3.7765026,48038.145
14668,3.776556,48041.92
14669,3.7735171,48045.695
14670,3.768733,48049.465
14671,3.7672698,48053.23
14672,3.7712307,48057.0
14673,3.7769804,48060.777
14674,3.7820296,48064.56
14675,3.7834702,48068.344
14676,3.7788374,48072.12
14677,3.7729862,48075.895
14678,3.7743595,48079.668
14679,3.7733078,48083.44
14680,3.7643938,48087.207
14681,3.7540767,48090.96
14682,3.7488568,48094.71
14683,3.7469301,48098.457
14684,3.745292,48102.203
14685,3.7440777,48105.945
14686,3.740107,48109.684
14687,3.7333071,48113.418
14688,3.7259474,48117.145
14689,3.722454,48120.867
14690,3.725838,48124.594
14691,3.734288,48128.33
14692,3.7424011,48132.07
14693,3.7503958,48135.82
14694,3.751939,48139.57
14695,3.7511086,48143.32
14696,3.7502983,48147.07
14697,3.75253,48150.824
14698,3.7554727,48154.58
14699,3.756253,48158.336
14700,3.7522345,48162.09
14701,3.7450564,48165.836
14702,3.7384338,48169.574
14703,3.7373533,48173.312
14704,3.7429879,48177.055
14705,3.7512062,48180.805
14706,3.754442,48184.56
14707,3.7543058,48188.312
14708,3.754256,48192.066
14709,3.7551568,48195.82
14710,3.7566204,48199.58
14711,3.7551765,48203.332
14712,3.752734,48207.086
14713,3.7504976,48210.836
14714,3.7497053,48214.586
14715,3.7483401,48218.336
14716,3.7483864,48222.086
14717,3.7524803,48225.84
14718,3.756649,48229.598
14719,3.7587476,48233.355
14720,3.759824,48237.117
14721,3.7596214,48240.875
14722,3.7596362,48244.633
14723,3.75968,48248.39
14724,3.7635362,48252.152
14725,3.767804,48255.92
14726,3.7706773,48259.69
14727,3.772588,48263.465
14728,3.7733276,48267.24
14729,3.7718518,48271.01
14730,3.7702477,48274.78
14731,3.7669845,48278.547
14732,3.7636387,48282.31
14733,3.7628224,48286.07
14734,3.768871,48289.84
14735,3.7767627,48293.617
14736,3.7815511,48297.4
14737,3.7849417,48301.184
14738,3.7844675,48304.97
14739,3.7797241,48308.75
14740,3.7750769,48312.523
14741,3.7693045,48316.293
14742,3.7636142,48320.055
14743,3.7554376,48323.81
14744,3.7501686,48327.56
14745,3.7483623,48331.31
14746,3.7477975,48335.055
14747,3.7492409,48338.805
14748,3.757185,48342.562
14749,3.7667677,48346.33
14750,3.77023,48350.098
14751,3.76927,48353.867
14752,3.7663531,48357.633
14753,3.7627156,48361.395
14754,3.7581532,48365.152
14755,3.7527723,48368.906
14756,3.7485058,48372.656
14757,3.7439015,48376.4
14758,3.7421083,48380.14
14759,3.741913,48383.883
14760,3.7409468,48387.625
14761,3.740111,48391.363
14762,3.7400033,48395.1
14763,3.7416513,48398.844
14764,3.7434611,48402.586
14765,3.7461956,48406.332
14766,3.7459288,48410.08
14767,3.7423978,48413.82
14768,3.7359984,48417.555
14769,3.730737,48421.285
14770,3.7291167,48425.016
14771,3.7291622,48428.746
14772,3.72981,48432.477
14773,3.7332604,48436.21
14774,3.7398038,48439.95
14775,3.7480447,48443.695
14776,3.7571273,48447.453
14777,3.7628148,48451.215
14778,3.7637396,48454.98
14779,3.7620146,48458.742
14780,3.7573857,48462.5
14781,3.7539465,48466.254
14782,3.7551816,48470.008
14783,3.7565413,48473.766
14784,3.756744,48477.523
14785,3.7573047,48481.28
14786,3.7566571,48485.04
14787,3.7539394,48488.793
14788,3.7502115,48492.543
14789,3.7465558,48496.29
14790,3.7445443,48500.035
14791,3.7442324,48503.78
14792,3.7407894,48507.523
14793,3.7357323,48511.258
14794,3.7310536,48514.99
14795,3.7313635,48518.72
14796,3.7336502,48522.453
14797,3.7362394,48526.188
14798,3.7418077,48529.93
14799,3.7480974,48533.68
14800,3.7492359,48537.43
14801,3.7459435,48541.176
14802,3.7431448,48544.918
14803,3.740678,48548.66
14804,3.7421625,48552.402
14805,3.74792,48556.15
14806,3.750226,48559.9
14807,3.748897,48563.65
14808,3.750013,48567.4
14809,3.7547972,48571.152
14810,3.7604601,48574.914
14811,3.765044,48578.68
14812,3.766314,48582.445
14813,3.761876,48586.207
14814,3.753224,48589.96
14815,3.7449777,48593.707
14816,3.745722,48597.453
14817,3.7520247,48601.207
14818,3.755898,48604.965
14819,3.7541907,48608.72
14820,3.746307,48612.465
14821,3.7391164,48616.203
14822,3.7392235,48619.94
14823,3.7428436,48623.684
14824,3.7458544,48627.43
14825,3.7457812,48631.176
14826,3.7444165,48634.92
14827,3.7423546,48638.664
14828,3.7400591,48642.402
14829,3.7389226,48646.14
14830,3.739719,48649.88
14831,3.741328,48653.62
14832,3.7399535,48657.36
14833,3.7357314,48661.094
14834,3.7329223,48664.83
14835,3.7331924,48668.562
14836,3.7392583,48672.3
14837,3.748038,48676.047
14838,3.7527456,48679.8
14839,3.7527893,48683.555
14840,3.7525704,48687.31
14841,3.7534258,48691.062
14842,3.7551684,48694.816
14843,3.7601864,48698.58
14844,3.768182,48702.348
14845,3.7722294,48706.12
14846,3.7698648,48709.89
14847,3.7650256,48713.656
14848,3.7648365,48717.42
14849,3.766493,48721.188
14850,3.7682033,48724.957
14851,3.7698553,48728.727
14852,3.77233,48732.5
14853,3.7747512,48736.273
14854,3.77595,48740.05
14855,3.7747378,48743.824
14856,3.7716076,48747.598
14857,3.7667534,48751.363
14858,3.761214,48755.125
14859,3.7507262,48758.875
14860,3.7395663,48762.613
14861,3.7308788,48766.344
14862,3.7277899,48770.07
14863,3.7320018,48773.8
14864,3.7376025,48777.54
14865,3.7444317,48781.285
14866,3.7513444,48785.035
14867,3.7557406,48788.79
14868,3.7565084,48792.547
14869,3.755793,48796.3
14870,3.7538307,48800.055
14871,3.750443,48803.805
14872,3.7492113,48807.555
14873,3.7520697,48811.31
14874,3.757665,48815.066
14875,3.7607849,48818.83
14876,3.7612174,48822.59
14877,3.7612932,48826.35
14878,3.7623718,48830.113
14879,3.7624893,48833.875
14880,3.7623396,48837.637
14881,3.7605357,48841.4
14882,3.7592428,48845.156
14883,3.7595782,48848.914
14884,3.7601576,48852.676
14885,3.7577336,48856.434
14886,3.7545514,48860.188
14887,3.7538931,48863.94
14888,3.7534106,48867.695
14889,3.7484899,48871.445
14890,3.7413075,48875.188
14891,3.7355785,48878.92
14892,3.7301934,48882.652
14893,3.7261767,48886.38
14894,3.721631,48890.1
14895,3.7135415,48893.816
14896,3.7055361,48897.523
14897,3.7034163,48901.227
14898,3.7087872,48904.934
14899,3.7190576,48908.652
14900,3.7269342,48912.38
14901,3.7327054,48916.113
14902,3.738199,48919.85
14903,3.743117,48923.594
14904,3.7484295,48927.344
14905,3.7524343,48931.098
14906,3.7538347,48934.85
14907,3.7551317,48938.605
14908,3.7581594,48942.363
14909,3.7599633,48946.125
14910,3.7592266,48949.883
14911,3.7566648,48953.64
14912,3.7514071,48957.39
14913,3.743524,48961.133
14914,3.7369237,48964.87
14915,3.7311184,48968.6
14916,3.726834,48972.33
14917,3.7276552,48976.055
14918,3.7298696,48979.785
14919,3.7309551,48983.516
14920,3.7287817,48987.246
14921,3.7263303,48990.973
14922,3.7249596,48994.7
14923,3.7248275,48998.426
14924,3.7261713,49002.152
14925,3.7294939,49005.883
14926,3.7345724,49009.617
14927,3.7385623,49013.355
14928,3.7385337,49017.094
14929,3.739438,49020.832
14930,3.7436733,49024.574
14931,3.7505302,49028.324
14932,3.755732,49032.08
14933,3.758602,49035.836
14934,3.7589765,49039.594
14935,3.7571728,49043.35
14936,3.7545607,49047.105
14937,3.749863,49050.855
14938,3.744337,49054.6
14939,3.744036,49058.344
14940,3.7478082,49062.09
14941,3.7532132,49065.844
14942,3.7564275,49069.6
14943,3.7575579,49073.36
14944,3.7516897,49077.11
14945,3.745183,49080.855
14946,3.7414546,49084.598
14947,3.7396057,49088.336
14948,3.739741,49092.074
14949,3.7432086,49095.816
14950,3.7466376,49099.562
14951,3.7485242,49103.312
14952,3.747294,49107.06
14953,3.746207,49110.805
14954,3.7440157,49114.547
14955,3.741494,49118.29
14956,3.7395022,49122.027
14957,3.7350023,49125.76
14958,3.7315052,49129.492
14959,3.734528,49133.227
14960,3.7414618,49136.97
14961,3.7500775,49140.72
14962,3.7581012,49144.477
14963,3.7638478,49148.242
14964,3.7630184,49152.004
14965,3.762154,49155.766
14966,3.7650862,49159.53
14967,3.7676635,49163.3
14968,3.7690609,49167.07
14969,3.7720735,49170.844
14970,3.7755203,49174.62
14971,3.7800457,49178.402
14972,3.7834256,49182.188
14973,3.7860947,49185.973
14974,3.7873113,49189.76
14975,3.7865179,49193.547
14976,3.7833989,49197.332
14977,3.7771394,49201.11
14978,3.7683246,49204.88
14979,3.760926,49208.64
14980,3.759815,49212.402
14981,3.7633715,49216.164
14982,3.768792,49219.934
14983,3.7721474,49223.707
14984,3.771934,49227.48
14985,3.769318,49231.25
14986,3.7689638,49235.02
14987,3.769463,49238.79
14988,3.7703557,49242.56
14989,3.7696872,49246.33
14990,3.7682233,49250.098
14991,3.7660377,49253.863
14992,3.766438,49257.63
14993,3.7701735,49261.4
14994,3.7720273,49265.17
14995,3.769826,49268.94
14996,3.7661486,49272.707
14997,3.7613966,49276.47
14998,3.759811,49280.23
14999,3.7629616,49283.992
15000,3.765852,49287.758
15001,3.7661543,49291.523
15002,3.7679057,49295.293
15003,3.771246,49299.062
15004,3.7751641,49302.836
15005,3.7780986,49306.613
15006,3.7779086,49310.39
15007,3.77602,49314.168
15008,3.7725809,49317.94
15009,3.7681477,49321.71
15010,3.7635672,49325.473
15011,3.758502,49329.23
15012,3.7565649,49332.99
15013,3.7593386,49336.746
15014,3.7659185,49340.51
15015,3.7727926,49344.285
15016,3.77508,49348.06
15017,3.7734632,49351.832
15018,3.7708762,49355.6
15019,3.7693303,49359.37
15020,3.7682717,49363.14
15021,3.762205,49366.902
15022,3.7547421,49370.656
15023,3.7487426,49374.406
15024,3.7485547,49378.156
15025,3.749644,49381.906
15026,3.75006,49385.656
15027,3.752736,49389.41
15028,3.7543414,49393.164
15029,3.7530584,49396.918
15030,3.7507513,49400.668
15031,3.749696,49404.418
15032,3.7514203,49408.168
15033,3.7525308,49411.92
15034,3.7533374,49415.676
15035,3.7539494,49419.43
15036,3.7514987,49423.18
15037,3.7477965,49426.926
15038,3.7470522,49430.67
15039,3.748192,49434.42
15040,3.7501493,49438.17
15041,3.752788,49441.926
15042,3.7535567,49445.68
15043,3.7531133,49449.434
15044,3.7546902,49453.188
15045,3.7577965,49456.945
15046,3.7589562,49460.703
15047,3.7570882,49464.46
15048,3.7550576,49468.215
15049,3.7549145,49471.97
15050,3.7554202,49475.723
15051,3.7576013,49479.48
15052,3.7611108,49483.242
15053,3.7607837,49487.004
15054,3.756491,49490.76
15055,3.7535841,49494.516
15056,3.7541518,49498.27
15057,3.7546344,49502.023
15058,3.7527287,49505.777
15059,3.7466736,49509.523
15060,3.7370727,49513.26
15061,3.729688,49516.992
15062,3.7263832,49520.72
15063,3.7267718,49524.445
15064,3.7307048,49528.176
15065,3.7388906,49531.914
15066,3.7483313,49535.664
15067,3.7537558,49539.418
15068,3.7558508,49543.17
15069,3.7589216,49546.93
15070,3.7632964,49550.69
15071,3.7647555,49554.457
15072,3.762833,49558.22
15073,3.759953,49561.98
15074,3.7589946,49565.74
15075,3.7575939,49569.496
15076,3.7536366,49573.25
15077,3.7498899,49577.0
15078,3.7493956,49580.75
15079,3.751037,49584.5
15080,3.7519078,49588.25
15081,3.7541792,49592.004
15082,3.759164,49595.76
15083,3.7665398,49599.527
15084,3.7740667,49603.3
15085,3.7796059,49607.082
15086,3.7804582,49610.863
15087,3.7798774,49614.645
15088,3.7788565,49618.42
15089,3.776652,49622.2
15090,3.775945,49625.977
15091,3.7763257,49629.754
15092,3.7771738,49633.53
15093,3.7731624,49637.305
15094,3.7640707,49641.07
15095,3.7551491,49644.824
15096,3.7508109,49648.574
15097,3.7471228,49652.32
15098,3.7450354,49656.066
15099,3.745102,49659.812
15100,3.7442143,49663.56
15101,3.7436657,49667.3
15102,3.74232,49671.043
15103,3.7411702,49674.785
15104,3.7443516,49678.53
15105,3.7519646,49682.285
15106,3.76046,49686.047
15107,3.7700918,49689.816
15108,3.7805626,49693.598
15109,3.7880924,49697.387
15110,3.7863283,49701.17
15111,3.7774792,49704.95
15112,3.7689812,49708.72
15113,3.764548,49712.484
15114,3.7679045,49716.254
15115,3.7722378,49720.027
15116,3.7702734,49723.797
15117,3.7611437,49727.56
15118,3.749163,49731.31
15119,3.7383788,49735.047
15120,3.7361953,49738.78
15121,3.743231,49742.523
15122,3.7488146,49746.273
15123,3.7524562,49750.027
15124,3.7504768,49753.777
15125,3.7454925,49757.523
15126,3.7435956,49761.266
15127,3.7466214,49765.01
15128,3.7498043,49768.76
15129,3.7510672,49772.51
15130,3.7511675,49776.26
15131,3.7519221,49780.01
15132,3.7553692,49783.766
15133,3.7602868,49787.527
15134,3.7657297,49791.293
15135,3.7695673,49795.062
15136,3.7717047,49798.836
15137,3.769634,49802.605
15138,3.7657974,49806.37
15139,3.7604747,49810.133
15140,3.7577891,49813.89
15141,3.7558692,49817.65
15142,3.7563872,49821.406
15143,3.7589607,49825.164
15144,3.7632754,49828.926
15145,3.768292,49832.695
15146,3.7725542,49836.47
15147,3.7740064,49840.242
15148,3.7709901,49844.01
15149,3.7694304,49847.78
15150,3.7713737,49851.55
15151,3.7729352,49855.324
15152,3.7727926,49859.098
15153,3.7719057,49862.87
15154,3.7714152,49866.64
15155,3.7711995,49870.41
15156,3.7701333,49874.18
15157,3.7670226,49877.945
15158,3.766298,49881.71
15159,3.7668655,49885.477
15160,3.7675247,49889.242
15161,3.7693188,49893.01
15162,3.769529,49896.78
15163,3.768021,49900.55
15164,3.7685628,49904.32
15165,3.7696407,49908.09
15166,3.7681706,49911.86
15167,3.7670233,49915.625
15168,3.765901,49919.39
15169,3.7618463,49923.152
15170,3.7526343,49926.906
15171,3.7447608,49930.652
15172,3.7438226,49934.395
15173,3.746469,49938.14
15174,3.7504585,49941.89
15175,3.757035,49945.65
15176,3.7648196,49949.414
15177,3.7723057,49953.188
15178,3.773958,49956.96
15179,3.7696185,49960.73
15180,3.7615917,49964.492
15181,3.7538903,49968.246
15182,3.7458348,49971.992
15183,3.7370775,49975.73
15184,3.7303524,49979.46
15185,3.728154,49983.188
15186,3.729028,49986.918
15187,3.731903,49990.65
15188,3.7369995,49994.387
15189,3.7450707,49998.133
15190,3.7508721,50001.883
15191,3.7565727,50005.64
15192,3.7619228,50009.402
15193,3.7640862,50013.168
15194,3.7624352,50016.93
15195,3.7593641,50020.688
15196,3.758762,50024.445
15197,3.7636404,50028.207
15198,3.7719295,50031.98
15199,3.7771385,50035.758
15200,3.7748206,50039.53
15201,3.766418,50043.297
15202,3.761936,50047.06
15203,3.7631123,50050.82
15204,3.7667897,50054.586
15205,3.7678018,50058.355
15206,3.7673423,50062.12
15207,3.7650323,50065.887
15208,3.7626715,50069.65
15209,3.759843,50073.41
15210,3.7571065,50077.168
15211,3.7543712,50080.92
15212,3.7509408,50084.67
15213,3.7500894,50088.42
15214,3.7503996,50092.17
15215,3.750308,50095.92
15216,3.7503362,50099.67
15217,3.7532482,50103.426
15218,3.758044,50107.184
15219,3.7610583,50110.945
15220,3.7597692,50114.707
15221,3.758906,50118.465
15222,3.7556472,50122.22
15223,3.749707,50125.97
15224,3.743573,50129.71
15225,3.7420058,50133.453
15226,3.7449815,50137.2
15227,3.7478507,50140.945
15228,3.748886,50144.695
15229,3.7536077,50148.45
15230,3.7612557,50152.21
15231,3.7692108,50155.98
15232,3.7731628,50159.754
15233,3.7743862,50163.527
15234,3.7739127,50167.3
15235,3.7722018,50171.074
15236,3.7691162,50174.844
15237,3.7653334,50178.61
15238,3.7624393,50182.37
15239,3.7573738,50186.13
15240,3.7526004,50189.883
15241,3.750704,50193.633
15242,3.7518334,50197.383
15243,3.7557085,50201.137
15244,3.759803,50204.9
15245,3.762328,50208.66
15246,3.7626815,50212.42
15247,3.7627492,50216.184
15248,3.76639,50219.95
15249,3.7716544,50223.723
15250,3.7770872,50227.5
15251,3.7772686,50231.277
15252,3.7748892,50235.05
15253,3.7699816,50238.82
15254,3.7676873,50242.59
15255,3.767756,50246.36
15256,3.7700984,50250.13
15257,3.7727842,50253.902
15258,3.7744882,50257.676
15259,3.7731085,50261.45
15260,3.769479,50265.22
15261,3.7647846,50268.984
15262,3.76133,50272.746
15263,3.759461,50276.504
15264,3.7539034,50280.258
15265,3.746852,50284.004
15266,3.7430458,50287.746
15267,3.7461467,50291.492
15268,3.7540348,50295.246
15269,3.7618353,50299.008
15270,3.7652166,50302.773
15271,3.768394,50306.543
15272,3.7707112,50310.312
15273,3.7711308,50314.082
15274,3.766579,50317.848
15275,3.759475,50321.605
15276,3.753889,50325.36
15277,3.7525866,50329.113
15278,3.7528808,50332.867
15279,3.7523215,50336.62
15280,3.7512999,50340.37
15281,3.7522306,50344.125
15282,3.7543995,50347.88
15283,3.7582839,50351.637
15284,3.7618663,50355.4
15285,3.7632482,50359.16
15286,3.7659655,50362.926
15287,3.7718055,50366.7
15288,3.77818,50370.477
15289,3.782402,50374.258
15290,3.782456,50378.04
15291,3.7790194,50381.816
15292,3.775025,50385.59
15293,3.7714574,50389.36
15294,3.7697155,50393.13
15295,3.7665863,50396.895
15296,3.7618988,50400.656
15297,3.7565265,50404.414
15298,3.7535684,50408.168
15299,3.7514005,50411.918
15300,3.7473617,50415.664
15301,3.7421951,50419.406
15302,3.7421095,50423.15
15303,3.7456615,50426.895
15304,3.7487676,50430.645
15305,3.7507555,50434.395
15306,3.7522671,50438.15
15307,3.7542949,50441.902
15308,3.7520907,50445.656
15309,3.7467537,50449.402
15310,3.7444623,50453.15
15311,3.7435741,50456.89
15312,3.744319,50460.637
15313,3.7459826,50464.383
15314,3.7435977,50468.125
15315,3.7418485,50471.867
15316,3.742073,50475.61
15317,3.7449973,50479.355
15318,3.7493126,50483.105
15319,3.7545598,50486.86
15320,3.758751,50490.617
15321,3.7608573,50494.38
15322,3.7637136,50498.145
15323,3.7691073,50501.914
15324,3.7727025,50505.688
15325,3.7710593,50509.457
15326,3.7678401,50513.227
15327,3.7666988,50516.992
15328,3.7691011,50520.76
15329,3.7699165,50524.53
15330,3.7669973,50528.297
15331,3.761182,50532.06
15332,3.756976,50535.816
15333,3.7544725,50539.57
15334,3.7526975,50543.324
15335,3.749862,50547.074
15336,3.7482378,50550.824
15337,3.7485049,50554.574
15338,3.7500513,50558.324
15339,3.7537177,50562.08
15340,3.7584682,50565.836
15341,3.7622063,50569.598
15342,3.7622173,50573.36
15343,3.7614996,50577.12
15344,3.763849,50580.887
15345,3.767087,50584.652
15346,3.772411,50588.426
15347,3.7813509,50592.207
15348,3.7926998,50596.0
15349,3.7982695,50599.797
15350,3.7963727,50603.594
15351,3.7892616,50607.383
15352,3.7811184,50611.164
15353,3.7712054,50614.934
15354,3.7650955,50618.7
15355,3.7603843,50622.46
15356,3.7552197,50626.215
15357,3.750643,50629.965
15358,3.7481487,50633.715
15359,3.7490716,50637.465
15360,3.7488983,50641.215
15361,3.750217,50644.965
15362,3.7533877,50648.72
15363,3.7587996,50652.477
15364,3.7606676,50656.24
15365,3.7600355,50660.0
15366,3.7565227,50663.758
15367,3.7526312,50667.51
15368,3.7507908,50671.26
15369,3.7497463,50675.01
15370,3.7494087,50678.76
15371,3.7482328,50682.51
15372,3.7505286,50686.26
15373,3.7583914,50690.02
15374,3.7665405,50693.785
15375,3.7716107,50697.56
15376,3.7752652,50701.332
15377,3.7789454,50705.11
15378,3.7813127,50708.89
15379,3.7805617,50712.67
15380,3.7768927,50716.45
15381,3.771695,50720.223
15382,3.769814,50723.992
15383,3.767961,50727.76
15384,3.7680416,50731.53
15385,3.7716317,50735.305
15386,3.777198,50739.082
15387,3.7788017,50742.86
15388,3.774275,50746.633
15389,3.7656438,50750.4
15390,3.757609,50754.156
15391,3.7509658,50757.906
15392,3.7471335,50761.652
15393,3.7461247,50765.4
15394,3.7430344,50769.14
15395,3.7374065,50772.88
15396,3.73038,50776.61
15397,3.7238944,50780.332
15398,3.7194793,50784.05
15399,3.7189739,50787.77
15400,3.7237225,50791.492
15401,3.7318828,50795.223
15402,3.736966,50798.96
15403,3.7414503,50802.703
15404,3.7451122,50806.45
15405,3.7477386,50810.195
15406,3.7496147,50813.945
15407,3.7525847,50817.7
15408,3.7550802,50821.453
15409,3.7578847,50825.21
15410,3.7557268,50828.965
15411,3.7480786,50832.715
15412,3.7416105,50836.457
15413,3.7417798,50840.2
15414,3.7456028,50843.945
15415,3.7488003,50847.695
15416,3.750858,50851.445
15417,3.7541378,50855.2
15418,3.7601812,50858.96
15419,3.76652,50862.727
15420,3.769511,50866.496
15421,3.7736373,50870.27
15422,3.7817738,50874.05
15423,3.7881513,50877.84
15424,3.7906487,50881.63
15425,3.7876763,50885.418
15426,3.7849052,50889.203
15427,3.7800064,50892.984
15428,3.7736392,50896.758
15429,3.7660189,50900.523
15430,3.7577488,50904.28
15431,3.7497475,50908.03
15432,3.7454183,50911.777
15433,3.7439828,50915.52
15434,3.7453365,50919.266
15435,3.7480276,50923.01
15436,3.7491262,50926.76
15437,3.7502792,50930.51
15438,3.753685,50934.266
15439,3.7586522,50938.023
15440,3.760274,50941.785
15441,3.7590938,50945.543
15442,3.7566698,50949.3
15443,3.7537692,50953.055
15444,3.7505882,50956.805
15445,3.747148,50960.55
15446,3.7453265,50964.297
15447,3.7480986,50968.047
15448,3.7484818,50971.797
15449,3.7460535,50975.543
15450,3.7417564,50979.285
15451,3.7401955,50983.023
15452,3.7419198,50986.766
15453,3.7471242,50990.51
15454,3.7500503,50994.26
15455,3.752297,50998.016
15456,3.7528505,51001.77
15457,3.7454011,51005.516
15458,3.7300844,51009.246
15459,3.7269766,51012.973
15460,3.729548,51016.703
15461,3.7277935,51020.43
15462,3.7287338,51024.16
15463,3.733812,51027.895
15464,3.7384326,51031.633
15465,3.7428157,51035.375
15466,3.7401738,51039.113
15467,3.7381396,51042.85
15468,3.7350166,51046.586
15469,3.735256,51050.32
15470,3.7325275,51054.055
15471,3.734029,51057.79
15472,3.7336342,51061.523
15473,3.7367876,51065.26
15474,3.7369304,51069.0
15475,3.7413957,51072.742
15476,3.7428882,51076.484
15477,3.7477672,51080.23
15478,3.7491102,51083.98
15479,3.7525558,51087.734
15480,3.754165,51091.49
15481,3.7593222,51095.246
15482,3.7621906,51099.008
15483,3.7667744,51102.773
15484,3.7713711,51106.543
15485,3.7772224,51110.32
15486,3.7810364,51114.1
15487,3.7828634,51117.883
15488,3.7819486,51121.664
15489,3.7813342,51125.445
15490,3.7831693,51129.227
15491,3.7849026,51133.01
15492,3.7870991,51136.797
15493,3.7895055,51140.586
15494,3.791436,51144.38
15495,3.7930853,51148.17
15496,3.7949955,51151.97
15497,3.7947283,51155.76
15498,3.7940834,51159.555
15499,3.793196,51163.348
15500,3.79109,51167.14
15501,3.7871199,51170.93
15502,3.7830703,51174.71
15503,3.779699,51178.492
15504,3.775912,51182.27
15505,3.7710793,51186.04
15506,3.7693737,51189.81
15507,3.7681243,51193.58
15508,3.7626314,51197.34
15509,3.7588606,51201.098
15510,3.7514598,51204.848
15511,3.7448246,51208.594
15512,3.7347782,51212.33
15513,3.7276638,51216.055
15514,3.719961,51219.773
15515,3.7133555,51223.49
15516,3.702659,51227.19
15517,3.694188,51230.887
15518,3.6874688,51234.574
15519,3.6845329,51238.258
15520,3.6800213,51241.938
15521,3.6730275,51245.61
15522,3.663956,51249.273
15523,3.6571865,51252.93
15524,3.6508703,51256.582
15525,3.6418262,51260.223
15526,3.6320238,51263.855
15527,3.6200316,51267.477
15528,3.6072793,51271.082
15529,3.5926175,51274.676
15530,3.5741873,51278.25
15531,3.5368605,51281.785
15532,3.500743,51285.285
15533,3.517948,51288.805
15534,3.5277274,51292.332
15535,3.5317278,51295.863
15536,3.531873,51299.395
15537,3.532382,51302.926
15538,3.5326855,51306.457
15539,3.531648,51309.99
15540,3.5292768,51313.516
15541,3.5290942,51317.043
15542,3.5315225,51320.574
15543,3.533329,51324.11
15544,3.5348544,51327.645
15545,3.5374367,51331.184
15546,3.5376194,51334.723
15547,3.536844,51338.258
15548,3.535382,51341.793
15549,3.5319283,51345.324
15550,3.525333,51348.848
15551,3.517409,51352.363
15552,3.509879,51355.875
15553,3.504339,51359.38
15554,3.4993346,51362.88
15555,3.4930704,51366.37
15556,3.4869704,51369.86
15557,3.480248,51373.34
15558,3.4755707,51376.816
15559,3.4716756,51380.29
15560,3.4638574,51383.754
15561,3.4582748,51387.21
15562,3.4506924,51390.66
15563,3.4459014,51394.105
15564,3.438647,51397.543
15565,3.4338124,51400.977
15566,3.426088,51404.402
15567,3.422584,51407.824
15568,3.4157648,51411.24
15569,3.4138472,51414.652
15570,3.407365,51418.06
15571,3.403423,51421.46
15572,3.3978026,51424.86
15573,3.3985412,51428.258
15574,3.3968246,51431.656
15575,3.396116,51435.05
15576,3.391471,51438.44
15577,3.390149,51441.832
15578,3.3890507,51445.223
15579,3.389082,51448.613
15580,3.388222,51452.0
15581,3.3880827,51455.387
15582,3.3838582,51458.77
15583,3.3810437,51462.152
15584,3.3738024,51465.527
15585,3.3703942,51468.9
15586,3.3650959,51472.26
15587,3.3600042,51475.62
15588,3.353351,51478.973
15589,3.3475642,51482.32
15590,3.3455195,51485.664
15591,3.3449667,51489.008
15592,3.3443463,51492.35
15593,3.3436162,51495.695
15594,3.339923,51499.035
15595,3.337348,51502.37
15596,3.3371944,51505.707
15597,3.339586,51509.047
15598,3.3403058,51512.387
15599,3.3396297,51515.727
15600,3.3368444,51519.062
15601,3.3345485,51522.4
15602,3.3339605,51525.73
15603,3.333569,51529.062
15604,3.3304262,51532.395
15605,3.3264596,51535.723
15606,3.3216019,51539.043
15607,3.3164458,51542.36
15608,3.3106573,51545.67
15609,3.3050241,51548.977
15610,3.2984493,51552.273
15611,3.2922146,51555.566
15612,3.2869906,51558.85
15613,3.2817519,51562.133
15614,3.276087,51565.41
15615,3.2722871,51568.684
15616,3.268314,51571.953
15617,3.2647774,51575.22
15618,3.261511,51578.48
15619,3.2589667,51581.74
15620,3.2567153,51584.996
15621,3.254467,51588.25
15622,3.2532005,51591.504
15623,3.250963,51594.754
15624,3.251501,51598.004
15625,3.2526305,51601.258
15626,3.256,51604.516
15627,3.257961,51607.773
15628,3.2577538,51611.03
15629,3.2549717,51614.285
15630,3.253146,51617.54
15631,3.2513266,51620.79
15632,3.2517488,51624.04
15633,3.2513235,51627.29
15634,3.2514117,51630.54
15635,3.249745,51633.79
15636,3.248142,51637.04
15637,3.2447183,51640.285
15638,3.2430687,51643.527
15639,3.2399676,51646.766
15640,3.238019,51650.004
15641,3.2338183,51653.24
15642,3.2301114,51656.47
15643,3.2261052,51659.695
15644,3.2251053,51662.92
15645,3.2254725,51666.15
15646,3.2284749,51669.375
15647,3.2309039,51672.605
15648,3.233584,51675.84
15649,3.234009,51679.074
15650,3.2342978,51682.31
15651,3.2335734,51685.543
15652,3.2337825,51688.777
15653,3.2341533,51692.01
15654,3.2364395,51695.25
15655,3.239012,51698.49
15656,3.2415004,51701.73
15657,3.241701,51704.973
15658,3.2400246,51708.21
15659,3.2385051,51711.45
15660,3.2375414,51714.688
15661,3.2352214,51717.92
15662,3.2327776,51721.156
15663,3.229248,51724.387
15664,3.227087,51727.613
15665,3.2264345,51730.84
15666,3.2277331,51734.066
15667,3.2289333,51737.297
15668,3.229841,51740.527
15669,3.2301452,51743.758
15670,3.2306728,51746.99
15671,3.2480972,51750.24
15672,3.2651796,51753.504
15673,3.298258,51756.8
15674,3.326166,51760.125
15675,3.3643584,51763.49
15676,3.3942058,51766.883
15677,3.4283547,51770.312
15678,3.4512858,51773.766
15679,3.4736278,51777.24
15680,3.487995,51780.727
15681,3.501886,51784.227
15682,3.5096283,51787.734
15683,3.5155275,51791.25
15684,3.515645,51794.766
15685,3.5132964,51798.277
15686,3.5050337,51801.78
15687,3.492289,51805.273
15688,3.4742193,51808.746
15689,3.450355,51812.195
15690,3.4274597,51815.62
15691,3.40528,51819.027
15692,3.3967483,51822.426
15693,3.3977544,51825.824
15694,3.4081252,51829.23
15695,3.4161804,51832.65
15696,3.4206927,51836.07
15697,3.419302,51839.49
15698,3.41793,51842.906
15699,3.4172728,51846.324
15700,3.4298885,51849.754
15701,3.4471588,51853.2
15702,3.471149,51856.67
15703,3.4900396,51860.16
15704,3.5061848,51863.668
15705,3.5140407,51867.184
15706,3.5197005,51870.703
15707,3.5193655,51874.223
15708,3.5216916,51877.746
15709,3.5219772,51881.27
15710,3.5269933,51884.797
15711,3.5309963,51888.33
15712,3.53984,51891.867
15713,3.5468953,51895.414
15714,3.5564222,51898.97
15715,3.5628839,51902.53
15716,3.570839,51906.1
15717,3.5730846,51909.676
15718,3.5735183,51913.25
15719,3.5684307,51916.82
15720,3.565249,51920.387
15721,3.5596821,51923.945
15722,3.5559604,51927.5
15723,3.550302,51931.05
15724,3.549191,51934.6
15725,3.5487378,51938.15
15726,3.555389,51941.703
15727,3.5616608,51945.266
15728,3.5655034,51948.832
15729,3.5691006,51952.402
15730,3.5725086,51955.977
15731,3.5752575,51959.55
15732,3.5791783,51963.13
15733,3.5829787,51966.71
15734,3.5862222,51970.297
15735,3.589016,51973.887
15736,3.5910885,51977.477
15737,3.591792,51981.066
15738,3.5943487,51984.66
15739,3.5969806,51988.258
15740,3.6003442,51991.86
15741,3.6030354,51995.46
15742,3.6042647,51999.066
15743,3.6042202,52002.67
15744,3.602315,52006.273
15745,3.5991566,52009.87
15746,3.5941315,52013.465
15747,3.5823026,52017.047
15748,3.5515437,52020.598
15749,3.501441,52024.098
15750,3.4500182,52027.547
15751,3.4159787,52030.96
15752,3.403079,52034.363
15753,3.398887,52037.76
15754,3.3959606,52041.156
15755,3.3937676,52044.55
15756,3.3932848,52047.945
15757,3.3938317,52051.34
15758,3.3962874,52054.734
15759,3.3977711,52058.133
15760,3.399775,52061.53
15761,3.4001453,52064.93
15762,3.40135,52068.332
15763,3.4024706,52071.734
15764,3.4037325,52075.137
15765,3.4036956,52078.54
15766,3.4034066,52081.94
15767,3.4025936,52085.344
15768,3.4010391,52088.746
15769,3.3996062,52092.145
15770,3.398683,52095.543
15771,3.3984377,52098.94
15772,3.3986702,52102.34
15773,3.3994849,52105.74
15774,3.4032462,52109.14
15775,3.4095736,52112.55
15776,3.4170465,52115.97
15777,3.427206,52119.395
15778,3.4368083,52122.832
15779,3.4416246,52126.273
15780,3.4403284,52129.715
15781,3.4368105,52133.152
15782,3.4337578,52136.586
15783,3.4384396,52140.023
15784,3.4517097,52143.477
15785,3.4733572,52146.95
15786,3.5030284,52150.453
15787,3.5305934,52153.984
15788,3.5516384,52157.535
15789,3.5641217,52161.098
15790,3.570642,52164.668
15791,3.5685658,52168.24
15792,3.5604029,52171.797
15793,3.546355,52175.344
15794,3.5265975,52178.87
15795,3.5018578,52182.37
15796,3.4788623,52185.85
15797,3.4608204,52189.312
15798,3.4575353,52192.77
15799,3.4645603,52196.234
15800,3.4776428,52199.71
15801,3.4852896,52203.195
15802,3.48552,52206.68
15803,3.4780111,52210.156
15804,3.4572852,52213.613
15805,3.4220629,52217.035
15806,3.3766265,52220.41
15807,3.3414257,52223.75
15808,3.3226037,52227.074
15809,3.3148854,52230.39
15810,3.3101733,52233.7
15811,3.307908,52237.008
15812,3.304572,52240.312
15813,3.3026266,52243.613
15814,3.3006809,52246.914
15815,3.300058,52250.215
15816,3.2991042,52253.516
15817,3.298785,52256.812
15818,3.297802,52260.11
15819,3.2969415,52263.406
15820,3.295795,52266.703
15821,3.293757,52269.996
15822,3.2920468,52273.29
15823,3.2911246,52276.582
15824,3.2912924,52279.875
15825,3.2915149,52283.168
15826,3.2911913,52286.46
15827,3.2913494,52289.754
15828,3.2918613,52293.047
15829,3.2922351,52296.34
15830,3.2916079,52299.633
15831,3.2913015,52302.926
15832,3.2906842,52306.215
15833,3.289826,52309.504
15834,3.28868,52312.793
15835,3.286802,52316.08
15836,3.2858412,52319.363
15837,3.2846265,52322.65
15838,3.283971,52325.934
15839,3.282375,52329.215
15840,3.2806196,52332.496
15841,3.2782192,52335.773
15842,3.2757716,52339.05
15843,3.2736635,52342.324
15844,3.2725694,52345.598
15845,3.2705154,52348.867
15846,3.2670577,52352.133
15847,3.2634234,52355.395
15848,3.2607923,52358.656
15849,3.2591057,52361.914
15850,3.2591338,52365.17
15851,3.2597277,52368.43
15852,3.2601666,52371.69
15853,3.2597842,52374.953
15854,3.2578833,52378.21
15855,3.2562063,52381.47
15856,3.2553444,52384.723
15857,3.2554507,52387.977
15858,3.2573576,52391.234
15859,3.2606118,52394.496
15860,3.2638185,52397.76
15861,3.266664,52401.027
15862,3.2689135,52404.297
15863,3.271556,52407.57
15864,3.274995,52410.844
15865,3.2795918,52414.125
15866,3.2846038,52417.41
15867,3.289269,52420.7
15868,3.293168,52423.992
15869,3.2974417,52427.29
15870,3.3026223,52430.59
15871,3.3079479,52433.9
15872,3.3128598,52437.21
15873,3.318247,52440.527
15874,3.3235598,52443.85
15875,3.3283532,52447.18
15876,3.3330786,52450.51
15877,3.3372574,52453.848
15878,3.341415,52457.188
15879,3.3446317,52460.53
15880,3.3465848,52463.88
15881,3.3470483,52467.227
15882,3.3462713,52470.574
15883,3.3442004,52473.918
15884,3.3420389,52477.26
15885,3.340997,52480.6
15886,3.341031,52483.94
15887,3.3405156,52487.28
15888,3.339901,52490.62
15889,3.3386462,52493.96
15890,3.3374345,52497.297
15891,3.3353546,52500.633
15892,3.3334439,52503.965
15893,3.3306186,52507.297
15894,3.328085,52510.625
15895,3.3259892,52513.95
15896,3.3245676,52517.273
15897,3.3222091,52520.594
15898,3.320457,52523.914
15899,3.3177264,52527.23
15900,3.315828,52530.547
15901,3.313744,52533.86
15902,3.3119543,52537.17
15903,3.3106802,52540.484
15904,3.309794,52543.793
15905,3.3081203,52547.1
15906,3.305383,52550.406
15907,3.301797,52553.707
15908,3.2988946,52557.008
15909,3.295814,52560.305
15910,3.2938213,52563.598
15911,3.2913375,52566.89
15912,3.2926714,52570.184
15913,3.293445,52573.477
15914,3.2965515,52576.773
15915,3.294715,52580.066
15916,3.2946653,52583.36
15917,3.2923136,52586.652
15918,3.2915683,52589.945
15919,3.289486,52593.234
15920,3.287304,52596.523
15921,3.2837942,52599.81
15922,3.2805798,52603.09
15923,3.2782109,52606.367
15924,3.277686,52609.645
15925,3.2792015,52612.92
15926,3.284855,52616.207
15927,3.294458,52619.5
15928,3.298437,52622.797
15929,3.3020086,52626.098
15930,3.309259,52629.406
15931,3.3158777,52632.723
15932,3.3191478,52636.043
15933,3.3204498,52639.363
15934,3.3189757,52642.684
15935,3.3163862,52646.0
15936,3.3135087,52649.312
15937,3.3098814,52652.62
15938,3.3062553,52655.926
15939,3.3019154,52659.227
15940,3.297126,52662.523
15941,3.290995,52665.812
15942,3.2842767,52669.098
15943,3.27837,52672.375
15944,3.2739718,52675.65
15945,3.2709017,52678.918
15946,3.2674854,52682.184
15947,3.264661,52685.45
15948,3.2632234,52688.71
15949,3.2608745,52691.973
15950,3.2569873,52695.23
15951,3.2529876,52698.484
15952,3.2486844,52701.734
15953,3.2434783,52704.977
15954,3.2378492,52708.215
15955,3.2326267,52711.45
15956,3.226736,52714.676
15957,3.2214086,52717.9
15958,3.2161098,52721.113
15959,3.21315,52724.33
15960,3.2089474,52727.535
15961,3.2009773,52730.734
15962,3.1919174,52733.926
15963,3.1827807,52737.11
15964,3.1756375,52740.285
15965,3.1672268,52743.453
15966,3.1605883,52746.613
15967,3.1524234,52749.766
15968,3.1460912,52752.91
15969,3.1391776,52756.05
15970,3.1342962,52759.184
15971,3.1286142,52762.312
15972,3.1229208,52765.434
15973,3.1149607,52768.547
15974,3.109399,52771.656
15975,3.104851,52774.76
15976,3.1030884,52777.863
15977,3.0996163,52780.965
15978,3.095975,52784.062
15979,3.0919025,52787.156
15980,3.0894291,52790.246
15981,3.0862134,52793.332
15982,3.0843139,52796.418
15983,3.082448,52799.5
15984,3.0822916,52802.582
15985,3.0812075,52805.664
15986,3.0803163,52808.746
15987,3.0800748,52811.824
15988,3.080002,52814.902
15989,3.0805655,52817.984
15990,3.081637,52821.066
15991,3.082751,52824.15
15992,3.0841188,52827.234
15993,3.0861053,52830.32
15994,3.0867934,52833.406
15995,3.0883348,52836.496
15996,3.0900476,52839.586
15997,3.090598,52842.676
15998,3.089459,52845.766
15999,3.0877686,52848.85
16000,3.086065,52851.938
16001,3.0860324,52855.023
16002,3.0861928,52858.11
16003,3.08616,52861.195
16004,3.0859668,52864.28
16005,3.0853086,52867.367
16006,3.0837197,52870.45
16007,3.0811148,52873.53
16008,3.0803578,52876.613
16009,3.0820467,52879.695
16010,3.082579,52882.777
16011,3.0819192,52885.86
16012,3.081127,52888.94
16013,3.0816863,52892.023
16014,3.0832083,52895.105
16015,3.0849264,52898.19
16016,3.085999,52901.277
16017,3.0872948,52904.363
16018,3.087724,52907.45
16019,3.0887086,52910.54
16020,3.087589,52913.625
16021,3.0872798,52916.71
16022,3.0886202,52919.8
16023,3.0916207,52922.89
16024,3.0943758,52925.984
16025,3.0968356,52929.082
16026,3.0977294,52932.18
16027,3.0970547,52935.277
16028,3.0960608,52938.375
16029,3.0976467,52941.473
16030,3.0999396,52944.574
16031,3.104072,52947.68
16032,3.1064568,52950.785
16033,3.1077418,52953.895
16034,3.1069446,52957.0
16035,3.1060116,52960.105
16036,3.1042976,52963.21
16037,3.1031723,52966.312
16038,3.1030562,52969.414
16039,3.103691,52972.52
16040,3.1033003,52975.62
16041,3.1029696,52978.723
16042,3.1005318,52981.824
16043,3.0981643,52984.92
16044,3.0976698,52988.02
16045,3.0983758,52991.117
16046,3.0989025,52994.215
16047,3.0987446,52997.312
16048,3.0981047,53000.41
16049,3.098559,53003.508
16050,3.098644,53006.605
16051,3.0977821,53009.703
16052,3.0958254,53012.8
16053,3.0944858,53015.895
16054,3.092756,53018.99
16055,3.0916655,53022.08
16056,3.0905795,53025.168
16057,3.0904999,53028.258
16058,3.091852,53031.35
16059,3.092189,53034.445
16060,3.0906575,53037.535
16061,3.0890918,53040.625
16062,3.0875554,53043.71
16063,3.0863774,53046.797
16064,3.0856075,53049.883
16065,3.0856166,53052.97
16066,3.082256,53056.05
16067,3.0781534,53059.13
16068,3.0739217,53062.203
16069,3.0698094,53065.273
16070,3.065809,53068.34
16071,3.0637133,53071.402
16072,3.0649288,53074.47
16073,3.0681472,53077.535
16074,3.0697854,53080.605
16075,3.0702355,53083.676
16076,3.0684032,53086.746
16077,3.067033,53089.812
16078,3.066824,53092.88
16079,3.0694373,53095.95
16080,3.071811,53099.02
16081,3.0728297,53102.094
16082,3.071355,53105.164
16083,3.0686214,53108.234
16084,3.0663364,53111.3
16085,3.0645156,53114.367
16086,3.0625658,53117.43
16087,3.061542,53120.492
16088,3.0601807,53123.55
16089,3.0582538,53126.61
16090,3.0563586,53129.664
16091,3.0540624,53132.72
16092,3.051186,53135.77
16093,3.0497355,53138.82
16094,3.050629,53141.87
16095,3.0521092,53144.92
16096,3.051531,53147.973
16097,3.0531638,53151.027
16098,3.0559938,53154.082
16099,3.0582879,53157.14
16100,3.0590081,53160.2
16101,3.0587971,53163.258
16102,3.059319,53166.316
16103,3.0605397,53169.375
16104,3.0606048,53172.438
16105,3.060511,53175.496
16106,3.0602374,53178.555
16107,3.058748,53181.613
16108,3.0551593,53184.668
16109,3.0525038,53187.72
16110,3.0535572,53190.773
16111,3.0552318,53193.83
16112,3.0571084,53196.887
16113,3.0572667,53199.945
16114,3.056057,53203.0
16115,3.0543315,53206.055
16116,3.0541987,53209.11
16117,3.0559456,53212.164
16118,3.055075,53215.22
16119,3.0539267,53218.273
16120,3.0544467,53221.33
16121,3.058125,53224.387
16122,3.062961,53227.45
16123,3.0649703,53230.516
16124,3.066883,53233.582
16125,3.0687702,53236.652
16126,3.0700977,53239.723
16127,3.0708575,53242.793
16128,3.0700557,53245.863
16129,3.069044,53248.934
16130,3.0675714,53252.0
16131,3.0661957,53255.066
16132,3.0650406,53258.133
16133,3.0659268,53261.2
16134,3.0685208,53264.27
16135,3.070762,53267.34
16136,3.0712862,53270.41
16137,3.0717812,53273.48
16138,3.0723717,53276.555
16139,3.0734658,53279.63
16140,3.0748973,53282.703
16141,3.0756063,53285.777
16142,3.0757396,53288.85
16143,3.0767353,53291.93
16144,3.0749888,53295.004
16145,3.0732148,53298.08
16146,3.0710278,53301.15
16147,3.0712082,53304.22
16148,3.0730321,53307.293
16149,3.0754404,53310.367
16150,3.0774808,53313.445
16151,3.0784295,53316.523
16152,3.0782154,53319.6
16153,3.0764935,53322.68
16154,3.072635,53325.754
16155,3.0692415,53328.824
16156,3.0666897,53331.89
16157,3.064436,53334.953
16158,3.0611181,53338.016
16159,3.0595725,53341.074
16160,3.0580113,53344.133
16161,3.0566537,53347.19
16162,3.0542538,53350.246
16163,3.0528095,53353.3
16164,3.0537846,53356.355
16165,3.0562978,53359.41
16166,3.06076,53362.473
16167,3.0640795,53365.535
16168,3.0648367,53368.6
16169,3.0662587,53371.668
16170,3.0690005,53374.74
16171,3.072268,53377.812
16172,3.0760994,53380.887
16173,3.0808585,53383.97
16174,3.0856688,53387.055
16175,3.0892563,53390.145
16176,3.0912805,53393.234
16177,3.0922077,53396.33
16178,3.0939507,53399.42
16179,3.095686,53402.516
16180,3.098016,53405.613
16181,3.098871,53408.71
16182,3.0985358,53411.81
16183,3.0976284,53414.906
16184,3.0965154,53418.004
16185,3.0964055,53421.1
16186,3.09764,53424.2
16187,3.0976937,53427.297
16188,3.0984547,53430.395
16189,3.0998595,53433.496
16190,3.1010103,53436.598
16191,3.1021905,53439.7
16192,3.1030786,53442.8
16193,3.1033838,53445.902
16194,3.1020126,53449.004
16195,3.0998774,53452.105
16196,3.0982842,53455.203
16197,3.0958886,53458.3
16198,3.0939922,53461.395
16199,3.092716,53464.49
16200,3.0925722,53467.582
16201,3.0941088,53470.676
16202,3.0952997,53473.77
16203,3.0966084,53476.867
16204,3.0976114,53479.965
16205,3.0976129,53483.062
16206,3.097913,53486.16
16207,3.0983126,53489.258
16208,3.0990422,53492.355
16209,3.0989776,53495.453
16210,3.0980382,53498.55
16211,3.0972397,53501.65
16212,3.0975733,53504.746
16213,3.0989046,53507.844
16214,3.101091,53510.945
16215,3.1032517,53514.047
16216,3.1051378,53517.152
16217,3.1079051,53520.26
16218,3.11152,53523.375
16219,3.1142724,53526.49
16220,3.1148274,53529.6
16221,3.1140966,53532.715
16222,3.1115582,53535.83
16223,3.1092377,53538.938
16224,3.1083236,53542.047
16225,3.1091504,53545.156
16226,3.110678,53548.266
16227,3.1112475,53551.375
16228,3.1106179,53554.484
16229,3.1100311,53557.594
16230,3.110934,53560.703
16231,3.1121316,53563.816
16232,3.1143115,53566.93
16233,3.1161668,53570.047
16234,3.115447,53573.164
16235,3.112704,53576.277
16236,3.1095614,53579.387
16237,3.1064453,53582.492
16238,3.1058636,53585.598
16239,3.10797,53588.707
16240,3.1117458,53591.82
16241,3.1140594,53594.934
16242,3.1164215,53598.05
16243,3.1195586,53601.17
16244,3.121108,53604.293
16245,3.1209836,53607.414
16246,3.1196163,53610.535
16247,3.11855,53613.652
16248,3.1177294,53616.77
16249,3.116585,53619.887
16250,3.115768,53623.004
16251,3.1164734,53626.12
16252,3.117868,53629.24
16253,3.1185076,53632.355
16254,3.1199832,53635.477
16255,3.1224499,53638.598
16256,3.1245492,53641.723
16257,3.1255286,53644.848
16258,3.1251493,53647.973
16259,3.1229591,53651.094
16260,3.1207385,53654.215
16261,3.1196172,53657.336
16262,3.1190944,53660.453
16263,3.1191723,53663.574
16264,3.1186645,53666.69
16265,3.1188247,53669.81
16266,3.1195056,53672.93
16267,3.1203625,53676.05
16268,3.1191452,53679.17
16269,3.1161687,53682.29
16270,3.1120825,53685.402
16271,3.1084576,53688.51
16272,3.1075962,53691.62
16273,3.108629,53694.73
16274,3.109867,53697.84
16275,3.111406,53700.953
16276,3.1095548,53704.062
16277,3.1060119,53707.168
16278,3.1023204,53710.27
16279,3.1001744,53713.37
16280,3.099376,53716.47
16281,3.0990767,53719.566
16282,3.0995858,53722.664
16283,3.0997858,53725.766
16284,3.1024022,53728.867
16285,3.1050446,53731.973
16286,3.108004,53735.082
16287,3.1101658,53738.19
16288,3.1109276,53741.3
16289,3.1105738,53744.41
16290,3.1107216,53747.52
16291,3.1118119,53750.633
16292,3.1131756,53753.746
16293,3.1135838,53756.86
16294,3.114519,53759.973
16295,3.1159637,53763.09
16296,3.1180146,53766.207
16297,3.1214223,53769.33
16298,3.1254582,53772.453
16299,3.128819,53775.582
16300,3.1313922,53778.715
16301,3.1313586,53781.848
16302,3.1283865,53784.977
16303,3.1264114,53788.1
16304,3.1256654,53791.227
16305,3.1249385,53794.35
16306,3.1211221,53797.473
16307,3.1154385,53800.59
16308,3.111538,53803.703
16309,3.1087499,53806.812
16310,3.1088011,53809.92
16311,3.1106656,53813.03
16312,3.113604,53816.145
16313,3.1163442,53819.26
16314,3.1182094,53822.38
16315,3.118129,53825.496
16316,3.1168947,53828.613
16317,3.115131,53831.727
16318,3.1141248,53834.84
16319,3.1133785,53837.953
16320,3.1140826,53841.066
16321,3.1135728,53844.18
16322,3.1138768,53847.293
16323,3.1151483,53850.406
16324,3.1173341,53853.523
16325,3.1183724,53856.64
16326,3.116607,53859.758
16327,3.1147342,53862.87
16328,3.1137655,53865.984
16329,3.1142697,53869.098
16330,3.114229,53872.21
16331,3.1137831,53875.324
16332,3.1115565,53878.438
16333,3.1092713,53881.547
16334,3.1077023,53884.656
16335,3.107178,53887.76
16336,3.1082416,53890.87
16337,3.1107223,53893.98
16338,3.1135864,53897.094
16339,3.1159399,53900.21
16340,3.118279,53903.33
16341,3.1215913,53906.45
16342,3.1247778,53909.574
16343,3.1269052,53912.7
16344,3.1270185,53915.83
16345,3.1266317,53918.953
16346,3.125968,53922.08
16347,3.1263092,53925.203
16348,3.1275814,53928.332
16349,3.1294832,53931.46
16350,3.129734,53934.59
16351,3.127966,53937.72
16352,3.1264858,53940.844
16353,3.125168,53943.97
16354,3.1248212,53947.094
16355,3.1234734,53950.22
16356,3.121232,53953.34
16357,3.1189394,53956.457
16358,3.1183639,53959.574
16359,3.1180124,53962.69
16360,3.1163607,53965.81
16361,3.1146245,53968.92
16362,3.112914,53972.035
16363,3.1113455,53975.15
16364,3.1091623,53978.258
16365,3.1072295,53981.363
16366,3.1083288,53984.473
16367,3.1097484,53987.582
16368,3.1102593,53990.69
16369,3.109593,53993.8
16370,3.110354,53996.91
16371,3.1114573,54000.023
16372,3.1131332,54003.137
16373,3.1148388,54006.25
16374,3.1160216,54009.367
16375,3.1171918,54012.484
16376,3.1181836,54015.6
16377,3.118927,54018.72
16378,3.121509,54021.84
16379,3.1241956,54024.965
16380,3.126498,54028.09
16381,3.1270385,54031.22
16382,3.1250737,54034.344
16383,3.1226287,54037.465
16384,3.1224082,54040.586
16385,3.123578,54043.71
16386,3.1254115,54046.836
16387,3.1261349,54049.96
16388,3.1256201,54053.086
16389,3.124503,54056.21
16390,3.1241765,54059.336
16391,3.125612,54062.46
16392,3.1275775,54065.59
16393,3.1287656,54068.72
16394,3.1299713,54071.848
16395,3.1310394,54074.98
16396,3.1324673,54078.113
16397,3.1340117,54081.246
16398,3.1339452,54084.38
16399,3.1328135,54087.51
16400,3.132256,54090.645
16401,3.132089,54093.777
16402,3.1324942,54096.91
16403,3.1326296,54100.043
16404,3.1335204,54103.176
16405,3.1341798,54106.31
16406,3.1356313,54109.445
16407,3.136728,54112.582
16408,3.1381297,54115.72
16409,3.1404727,54118.86
16410,3.1413896,54122.0
16411,3.1417093,54125.14
16412,3.1419604,54128.28
16413,3.1421068,54131.42
16414,3.1429904,54134.566
16415,3.1459568,54137.71
16416,3.1501863,54140.86
16417,3.1535876,54144.01
16418,3.1556876,54147.168
16419,3.156812,54150.324
16420,3.1563458,54153.48
16421,3.1552234,54156.637
16422,3.1542141,54159.79
16423,3.1541064,54162.94
16424,3.15387,54166.094
16425,3.153547,54169.246
16426,3.1530995,54172.4
16427,3.152973,54175.55
16428,3.152692,54178.703
16429,3.152673,54181.855
16430,3.1510296,54185.008
16431,3.150127,54188.156
16432,3.1504083,54191.31
16433,3.1514108,54194.46
16434,3.1521301,54197.613
16435,3.152323,54200.766
16436,3.1517987,54203.918
16437,3.1510303,54207.07
16438,3.1501143,54210.22
16439,3.1491091,54213.367
16440,3.1474078,54216.516
16441,3.145992,54219.66
16442,3.145946,54222.805
16443,3.1458778,54225.95
16444,3.1456096,54229.094
16445,3.1443417,54232.24
16446,3.1421726,54235.38
16447,3.14171,54238.52
16448,3.1414742,54241.66
16449,3.1413798,54244.8
16450,3.1406603,54247.94
16451,3.139632,54251.082
16452,3.139179,54254.223
16453,3.1402936,54257.363
16454,3.141897,54260.504
16455,3.1441915,54263.65
16456,3.1460173,54266.793
16457,3.1461093,54269.938
16458,3.145517,54273.082
16459,3.1455624,54276.227
16460,3.1462119,54279.37
16461,3.1458952,54282.516
16462,3.1440215,54285.66
16463,3.1407564,54288.8
16464,3.1380486,54291.938
16465,3.1365292,54295.074
16466,3.1342976,54298.207
16467,3.1321385,54301.34
16468,3.1306975,54304.47
16469,3.1290479,54307.598
16470,3.1281226,54310.727
16471,3.1275418,54313.855
16472,3.1289163,54316.984
16473,3.130299,54320.113
16474,3.1315727,54323.246
16475,3.1332817,54326.38
16476,3.1343622,54329.51
16477,3.1347835,54332.65
16478,3.134259,54335.78
16479,3.1325557,54338.914
16480,3.1306708,54342.043
16481,3.1294947,54345.17
16482,3.1301177,54348.3
16483,3.1311464,54351.434
16484,3.1317523,54354.566
16485,3.1318173,54357.7
16486,3.130962,54360.832
16487,3.1284218,54363.96
16488,3.124703,54367.086
16489,3.1225545,54370.207
16490,3.1226544,54373.33
16491,3.1238613,54376.453
16492,3.1252596,54379.58
16493,3.1264267,54382.703
16494,3.127434,54385.832
16495,3.127444,54388.96
16496,3.1258657,54392.086
16497,3.1237683,54395.21
16498,3.122893,54398.332
16499,3.122916,54401.453
16500,3.1231692,54404.58
16501,3.1227815,54407.7
16502,3.1228685,54410.82
16503,3.1228867,54413.94
16504,3.1248336,54417.066
16505,3.1263332,54420.19
16506,3.1261446,54423.316
16507,3.1249797,54426.44
16508,3.121789,54429.562
16509,3.11803,54432.68
16510,3.1159296,54435.797
16511,3.114412,54438.91
16512,3.1128986,54442.023
16513,3.1102428,54445.133
16514,3.1078632,54448.242
16515,3.105643,54451.348
16516,3.105339,54454.453
16517,3.1068451,54457.56
16518,3.109226,54460.668
16519,3.1118257,54463.78
16520,3.112291,54466.895
16521,3.1131136,54470.008
16522,3.1141367,54473.12
16523,3.1158478,54476.24
16524,3.118149,54479.355
16525,3.1206808,54482.477
16526,3.1198285,54485.598
16527,3.117629,54488.715
16528,3.115903,54491.832
16529,3.114937,54494.945
16530,3.115588,54498.062
16531,3.1171236,54501.18
16532,3.1187685,54504.297
16533,3.1197045,54507.418
16534,3.121497,54510.54
16535,3.123183,54513.664
16536,3.125118,54516.79
16537,3.1266863,54519.914
16538,3.128601,54523.043
16539,3.130018,54526.17
16540,3.1303017,54529.3
16541,3.130043,54532.43
16542,3.1285272,54535.56
16543,3.1267712,54538.684
16544,3.1254578,54541.81
16545,3.1242514,54544.934
16546,3.1243987,54548.06
16547,3.126331,54551.184
16548,3.1286795,54554.312
16549,3.129974,54557.44
16550,3.1296747,54560.57
16551,3.1280334,54563.7
16552,3.125908,54566.824
16553,3.1235857,54569.95
16554,3.1216204,54573.07
16555,3.1200223,54576.19
16556,3.1195595,54579.312
16557,3.119317,54582.434
16558,3.1187062,54585.55
16559,3.118398,54588.668
16560,3.117954,54591.785
16561,3.1174083,54594.902
16562,3.1177752,54598.02
16563,3.1186023,54601.137
16564,3.1187618,54604.254
16565,3.1187892,54607.37
16566,3.118621,54610.49
16567,3.1183777,54613.605
16568,3.1182954,54616.723
16569,3.1186333,54619.84
16570,3.1183453,54622.957
16571,3.1182134,54626.074
16572,3.1199017,54629.195
16573,3.1217499,54632.316
16574,3.1233904,54635.44
16575,3.1237438,54638.566
16576,3.1247528,54641.69
16577,3.1251445,54644.816
16578,3.1262126,54647.94
16579,3.1269083,54651.066
16580,3.127698,54654.195
16581,3.1284409,54657.324
16582,3.1294725,54660.453
16583,3.132359,54663.586
16584,3.1347375,54666.72
16585,3.1364477,54669.855
16586,3.136426,54672.992
16587,3.1363785,54676.13
16588,3.135614,54679.266
16589,3.1338973,54682.4
16590,3.1322927,54685.53
16591,3.13062,54688.66
16592,3.1305132,54691.79
16593,3.131459,54694.92
16594,3.1334655,54698.055
16595,3.1354177,54701.19
16596,3.1368902,54704.33
16597,3.1359456,54707.465
16598,3.132648,54710.598
16599,3.1296587,54713.727
16600,3.1272457,54716.855
16601,3.125693,54719.98
16602,3.1236227,54723.105
16603,3.1228268,54726.227
16604,3.1227515,54729.348
16605,3.1227078,54732.47
16606,3.121404,54735.59
16607,3.119801,54738.71
16608,3.1176946,54741.83
16609,3.1143792,54744.94
16610,3.1100423,54748.05
16611,3.107203,54751.156
16612,3.1059856,54754.26
16613,3.1048717,54757.367
16614,3.1028774,54760.47
16615,3.1009996,54763.57
16616,3.0990763,54766.668
16617,3.097646,54769.766
16618,3.0965972,54772.863
16619,3.0950382,54775.957
16620,3.094561,54779.05
16621,3.095476,54782.145
16622,3.0959303,54785.242
16623,3.0955853,54788.336
16624,3.0949633,54791.43
16625,3.0982723,54794.527
16626,3.1029809,54797.63
16627,3.106706,54800.734
16628,3.1087606,54803.844
16629,3.1092587,54806.953
16630,3.109211,54810.062
16631,3.1076446,54813.17
16632,3.1076803,54816.28
16633,3.1093972,54819.39
16634,3.1117458,54822.504
16635,3.1145668,54825.617
16636,3.1170151,54828.734
16637,3.118545,54831.85
16638,3.1203728,54834.973
16639,3.1216803,54838.094
16640,3.1232672,54841.22
16641,3.125377,54844.344
16642,3.1277766,54847.473
16643,3.1310146,54850.605
16644,3.1340244,54853.74
16645,3.1351144,54856.875
16646,3.1349869,54860.01
16647,3.1334844,54863.145
16648,3.1313553,54866.277
16649,3.1288376,54869.406
16650,3.1268942,54872.53
16651,3.1252801,54875.656
16652,3.1258397,54878.78
16653,3.1269848,54881.91
16654,3.1251504,54885.035
16655,3.122364,54888.156
16656,3.1196747,54891.277
16657,3.116804,54894.395
16658,3.1156409,54897.51
16659,3.11554,54900.63
16660,3.1163049,54903.746
16661,3.116961,54906.863
16662,3.1179585,54909.98
16663,3.1189668,54913.098
16664,3.1204216,54916.22
16665,3.1212487,54919.34
16666,3.121715,54922.46
16667,3.1211832,54925.582
16668,3.1205945,54928.703
16669,3.1209228,54931.824
16670,3.1225326,54934.945
16671,3.1244452,54938.07
16672,3.126294,54941.195
16673,3.1282175,54944.324
16674,3.12903,54947.453
16675,3.129664,54950.582
16676,3.130258,54953.71
16677,3.1321096,54956.844
16678,3.1341774,54959.977
16679,3.1350243,54963.113
16680,3.1356213,54966.25
16681,3.1372359,54969.387
16682,3.1390831,54972.527
16683,3.141411,54975.668
16684,3.1424823,54978.81
16685,3.142843,54981.953
16686,3.14306,54985.098
16687,3.1432889,54988.242
16688,3.1444042,54991.387
16689,3.1446538,54994.53
16690,3.1444073,54997.676
16691,3.1447287,55000.82
16692,3.1454406,55003.965
16693,3.1465151,55007.113
16694,3.1462185,55010.258
16695,3.1450374,55013.402
16696,3.142813,55016.547
16697,3.1408734,55019.688
16698,3.1405132,55022.83
16699,3.1407459,55025.97
16700,3.1416888,55029.11
16701,3.142601,55032.254
16702,3.1422973,55035.395
16703,3.141455,55038.535
16704,3.140038,55041.676
16705,3.1393383,55044.816
16706,3.13867,55047.953
16707,3.1377501,55051.09
16708,3.1368299,55054.227
16709,3.136456,55057.363
16710,3.136709,55060.5
16711,3.1369908,55063.637
16712,3.1361508,55066.773
16713,3.1352327,55069.91
16714,3.134294,55073.043
16715,3.1335106,55076.176
16716,3.1320236,55079.31
16717,3.1318688,55082.44
16718,3.1305232,55085.57
16719,3.1293337,55088.7
16720,3.128746,55091.83
16721,3.1289084,55094.957
16722,3.1292484,55098.086
16723,3.1281412,55101.215
16724,3.1278446,55104.344
16725,3.1275263,55107.473
16726,3.1289814,55110.6
16727,3.130949,55113.734
16728,3.1336734,55116.867
16729,3.1365387,55120.004
16730,3.1379955,55123.14
16731,3.1390011,55126.28
16732,3.1391418,55129.42
16733,3.1375694,55132.56
16734,3.1365123,55135.695
16735,3.1361916,55138.832
16736,3.1368794,55141.97
16737,3.137912,55145.105
16738,3.1385891,55148.242
16739,3.1387208,55151.383
16740,3.1380272,55154.52
16741,3.1370854,55157.656
16742,3.137146,55160.793
16743,3.1366763,55163.93
16744,3.1357453,55167.066
16745,3.1345818,55170.2
16746,3.134786,55173.336
16747,3.1364777,55176.473
16748,3.137917,55179.61
16749,3.1375494,55182.746
16750,3.1355443,55185.883
16751,3.1323733,55189.016
16752,3.1294854,55192.145
16753,3.126586,55195.27
16754,3.1253374,55198.395
16755,3.124812,55201.52
16756,3.1264658,55204.645
16757,3.1296146,55207.773
16758,3.1329918,55210.906
16759,3.1354654,55214.043
16760,3.1340652,55217.176
16761,3.131613,55220.31
16762,3.1290479,55223.438
16763,3.1264772,55226.562
16764,3.1238925,55229.688
16765,3.121627,55232.81
16766,3.1216042,55235.93
16767,3.1228938,55239.05
16768,3.1244817,55242.176
16769,3.1259117,55245.3
16770,3.1272159,55248.43
16771,3.1282914,55251.56
16772,3.128888,55254.688
16773,3.1290286,55257.816
16774,3.1285918,55260.945
16775,3.1275105,55264.074
16776,3.1244173,55267.2
16777,3.1216192,55270.32
16778,3.1190152,55273.438
16779,3.118234,55276.555
16780,3.1182692,55279.67
16781,3.1178155,55282.79
16782,3.1160903,55285.906
16783,3.1151063,55289.02
16784,3.1156707,55292.137
16785,3.1180065,55295.254
16786,3.1209896,55298.375
16787,3.1233609,55301.5
16788,3.123772,55304.625
16789,3.1228628,55307.746
16790,3.1216524,55310.867
16791,3.1202567,55313.99
16792,3.1185808,55317.105
16793,3.117521,55320.223
16794,3.1187296,55323.34
16795,3.1208415,55326.46
16796,3.12242,55329.582
16797,3.1228292,55332.703
16798,3.1233187,55335.83
16799,3.121567,55338.95
16800,3.1205668,55342.07
16801,3.1194274,55345.19
16802,3.1179373,55348.31
16803,3.1173196,55351.426
16804,3.1182518,55354.543
16805,3.121674,55357.664
16806,3.1254785,55360.79
16807,3.1282308,55363.918
16808,3.1283464,55367.047
16809,3.1268554,55370.17
16810,3.1251535,55373.297
16811,3.1234472,55376.42
16812,3.1236877,55379.547
16813,3.1258447,55382.67
16814,3.1273482,55385.8
16815,3.1282654,55388.93
16816,3.1287987,55392.06
16817,3.1295023,55395.188
16818,3.1301243,55398.316
16819,3.130881,55401.45
16820,3.1321547,55404.582
16821,3.1323543,55407.715
16822,3.131836,55410.848
16823,3.1310513,55413.98
16824,3.1300468,55417.11
16825,3.1287966,55420.24
16826,3.1286724,55423.367
16827,3.128847,55426.496
16828,3.128138,55429.625
16829,3.126197,55432.75
16830,3.124352,55435.875
16831,3.1223624,55438.996
16832,3.1201355,55442.117
16833,3.1171396,55445.234
16834,3.1139824,55448.348
16835,3.1133254,55451.46
16836,3.1155484,55454.58
16837,3.11843,55457.695
16838,3.1203585,55460.816
16839,3.1212654,55463.938
16840,3.121986,55467.06
16841,3.1234176,55470.184
16842,3.124755,55473.31
16843,3.1257794,55476.434
16844,3.1260195,55479.56
16845,3.1257467,55482.684
16846,3.124068,55485.81
16847,3.1216252,55488.93
16848,3.1194036,55492.05
16849,3.1169662,55495.168
16850,3.1165369,55498.285
16851,3.116945,55501.402
16852,3.119518,55504.523
16853,3.1221557,55507.645
16854,3.1239557,55510.77
16855,3.1255994,55513.895
16856,3.1263375,55517.02
16857,3.1257756,55520.145
16858,3.1236725,55523.27
16859,3.1215227,55526.39
16860,3.1209035,55529.51
16861,3.1216378,55532.633
16862,3.1231892,55535.758
16863,3.1249185,55538.883
16864,3.1257524,55542.008
16865,3.1255136,55545.133
16866,3.1239352,55548.258
16867,3.1228485,55551.38
16868,3.1221461,55554.5
16869,3.1206636,55557.62
16870,3.1188724,55560.74
16871,3.1175516,55563.855
16872,3.1184652,55566.973
16873,3.1194515,55570.094
16874,3.1213794,55573.215
16875,3.123235,55576.34
16876,3.1240911,55579.465
16877,3.1250305,55582.59
16878,3.1250293,55585.715
16879,3.1227946,55588.836
16880,3.118996,55591.953
16881,3.1148365,55595.066
16882,3.1097271,55598.176
16883,3.106235,55601.28
16884,3.107618,55604.39
16885,3.1103954,55607.5
16886,3.112253,55610.613
16887,3.1131754,55613.727
16888,3.1124768,55616.84
16889,3.1109948,55619.95
16890,3.1078777,55623.06
16891,3.105272,55626.164
16892,3.1037285,55629.27
16893,3.1043117,55632.375
16894,3.1063552,55635.48
16895,3.1082916,55638.59
16896,3.1085708,55641.7
16897,3.1086447,55644.81
16898,3.1094546,55647.918
16899,3.1111581,55651.027
16900,3.1138904,55654.14
16901,3.116762,55657.258
16902,3.1179006,55660.375
16903,3.1184125,55663.492
16904,3.1196454,55666.613
16905,3.1204317,55669.734
16906,3.1191843,55672.855
16907,3.1186786,55675.973
16908,3.1178396,55679.09
16909,3.1174283,55682.207
16910,3.1172574,55685.324
16911,3.1170528,55688.44
16912,3.1164196,55691.56
16913,3.1169949,55694.676
16914,3.118048,55697.793
16915,3.1192236,55700.914
16916,3.1197672,55704.035
16917,3.1196764,55707.156
16918,3.1186664,55710.273
16919,3.1176713,55713.39
16920,3.1183293,55716.508
16921,3.1186013,55719.625
16922,3.1189651,55722.742
16923,3.1193182,55725.863
16924,3.1192422,55728.984
16925,3.1190217,55732.1
16926,3.1188715,55735.22
16927,3.1192083,55738.34
16928,3.1200778,55741.46
16929,3.11984,55744.582
16930,3.1181448,55747.7
16931,3.1158862,55750.816
16932,3.1148193,55753.93
16933,3.1133738,55757.043
16934,3.11242,55760.156
16935,3.1115005,55763.27
16936,3.1110752,55766.38
16937,3.1117458,55769.492
16938,3.1136138,55772.605
16939,3.1159592,55775.723
16940,3.1178832,55778.84
16941,3.1188855,55781.957
16942,3.1194046,55785.08
16943,3.1204443,55788.2
16944,3.1218398,55791.32
16945,3.1227977,55794.44
16946,3.1228998,55797.562
16947,3.121385,55800.684
16948,3.118596,55803.8
16949,3.1148064,55806.914
16950,3.1117764,55810.027
16951,3.1096666,55813.137
16952,3.1095788,55816.246
16953,3.112545,55819.36
16954,3.1176927,55822.477
16955,3.1219594,55825.598
16956,3.1243787,55828.723
16957,3.1255188,55831.848
16958,3.1257806,55834.973
16959,3.125245,55838.098
16960,3.1235845,55841.223
16961,3.123069,55844.348
16962,3.1231847,55847.473
16963,3.1231997,55850.598
16964,3.1225533,55853.72
16965,3.1216626,55856.84
16966,3.122246,55859.96
16967,3.122219,55863.082
16968,3.1224854,55866.203
16969,3.1240346,55869.33
16970,3.124503,55872.453
16971,3.1250856,55875.58
16972,3.124051,55878.703
16973,3.1214566,55881.824
16974,3.119325,55884.945
16975,3.1184063,55888.062
16976,3.1176763,55891.18
16977,3.1172018,55894.297
16978,3.1161664,55897.414
16979,3.1159701,55900.53
16980,3.1171298,55903.65
16981,3.1189208,55906.766
16982,3.1211255,55909.887
16983,3.1231234,55913.01
16984,3.1241624,55916.137
16985,3.12485,55919.26
16986,3.1244855,55922.387
16987,3.1233382,55925.51
16988,3.1207604,55928.633
16989,3.1178126,55931.75
16990,3.1162872,55934.867
16991,3.116451,55937.984
16992,3.1178417,55941.1
16993,3.1191692,55944.223
16994,3.1189208,55947.34
16995,3.1186514,55950.457
16996,3.1182594,55953.574
16997,3.117384,55956.69
16998,3.1164966,55959.81
16999,3.1157339,55962.926
17000,3.1169543,55966.043
17001,3.1203825,55969.164
17002,3.1237993,55972.29
17003,3.1270764,55975.418
17004,3.1290743,55978.547
17005,3.1303847,55981.676
17006,3.1293738,55984.805
17007,3.1266234,55987.93
17008,3.1227007,55991.05
17009,3.1187444,55994.168
17010,3.1171885,55997.285
17011,3.1168683,56000.402
17012,3.1187048,56003.52
17013,3.1206152,56006.64
17014,3.121931,56009.76
17015,3.1225014,56012.883
17016,3.12276,56016.004
17017,3.123654,56019.13
17018,3.1250947,56022.254
17019,3.1240957,56025.38
17020,3.1231494,56028.504
17021,3.122088,56031.625
17022,3.1237254,56034.75
17023,3.1254735,56037.875
17024,3.1279626,56041.004
17025,3.130255,56044.133
17026,3.1317034,56047.266
17027,3.1332028,56050.4
17028,3.1349099,56053.535
17029,3.136295,56056.67
17030,3.1371517,56059.81
17031,3.1375568,56062.945
17032,3.1364512,56066.082
17033,3.134721,56069.215
17034,3.1332843,56072.348
17035,3.1325698,56075.48
17036,3.1319637,56078.613
17037,3.1313918,56081.746
17038,3.1314516,56084.88
17039,3.1315289,56088.01
17040,3.1317258,56091.145
17041,3.1313596,56094.277
17042,3.1319466,56097.41
17043,3.1330404,56100.543
17044,3.1353576,56103.68
17045,3.1380281,56106.816
17046,3.1400585,56109.957
17047,3.1413333,56113.098
17048,3.1407473,56116.24
17049,3.1401634,56119.38
17050,3.139952,56122.52
17051,3.139967,56125.66
17052,3.1395683,56128.8
17053,3.1387646,56131.94
17054,3.1388538,56135.082
17055,3.1383426,56138.22
17056,3.1379156,56141.355
17057,3.1362207,56144.492
17058,3.133308,56147.625
17059,3.131019,56150.758
17060,3.1292694,56153.887
17061,3.129454,56157.016
17062,3.1301744,56160.145
17063,3.1306133,56163.273
17064,3.132221,56166.406
17065,3.1348715,56169.543
17066,3.1375859,56172.68
17067,3.1384566,56175.816
17068,3.1383257,56178.953
17069,3.13885,56182.094
17070,3.1399004,56185.234
17071,3.1404114,56188.375
17072,3.1397967,56191.516
17073,3.1388018,56194.656
17074,3.1378205,56197.793
17075,3.1358407,56200.93
17076,3.1358423,56204.066
17077,3.1367006,56207.203
17078,3.1377096,56210.34
17079,3.1381118,56213.477
17080,3.1375906,56216.613
17081,3.1358733,56219.75
17082,3.13357,56222.883
17083,3.1304882,56226.01
17084,3.1282866,56229.14
17085,3.1268258,56232.266
17086,3.1275702,56235.395
17087,3.1307907,56238.523
17088,3.134076,56241.656
17089,3.1355474,56244.793
17090,3.134847,56247.93
17091,3.1338408,56251.062
17092,3.1337383,56254.195
17093,3.133725,56257.33
17094,3.1335132,56260.46
17095,3.1327913,56263.594
17096,3.1313374,56266.727
17097,3.1282272,56269.855
17098,3.1260834,56272.98
17099,3.124901,56276.105
17100,3.1237907,56279.23
17101,3.1222537,56282.35
17102,3.1215205,56285.473
17103,3.121753,56288.594
17104,3.1220467,56291.715
17105,3.1232386,56294.84
17106,3.125932,56297.965
17107,3.1277564,56301.094
17108,3.1290276,56304.223
17109,3.1301763,56307.35
17110,3.1299603,56310.48
17111,3.1301024,56313.61
17112,3.129845,56316.74
17113,3.1299093,56319.867
17114,3.1279938,56322.996
17115,3.1265697,56326.12
17116,3.1261446,56329.246
17117,3.1264522,56332.37
17118,3.1276064,56335.5
17119,3.129287,56338.63
17120,3.1300704,56341.758
17121,3.1301634,56344.887
17122,3.1305966,56348.016
17123,3.1315472,56351.15
17124,3.13317,56354.28
17125,3.1353655,56357.418
17126,3.1367776,56360.555
17127,3.1373632,56363.69
17128,3.1364508,56366.83
17129,3.1346543,56369.96
17130,3.1323946,56373.094
17131,3.1293652,56376.223
17132,3.1264882,56379.348
17133,3.122657,56382.47
17134,3.1216443,56385.59
17135,3.1222088,56388.71
17136,3.1230805,56391.836
17137,3.124365,56394.96
17138,3.1253335,56398.086
17139,3.1259935,56401.21
17140,3.1251614,56404.336
17141,3.12433,56407.46
17142,3.1240942,56410.586
17143,3.1251972,56413.71
17144,3.1250412,56416.836
17145,3.122794,56419.957
17146,3.119649,56423.08
17147,3.117847,56426.195
17148,3.1187859,56429.312
17149,3.12056,56432.434
17150,3.1223564,56435.555
17151,3.1234257,56438.68
17152,3.1231527,56441.805
17153,3.1225936,56444.926
17154,3.1218097,56448.047
17155,3.122116,56451.168
17156,3.1225402,56454.29
17157,3.123507,56457.414
17158,3.124606,56460.54
17159,3.125042,56463.664
17160,3.1230693,56466.79
17161,3.1192453,56469.91
17162,3.115812,56473.027
17163,3.1131198,56476.14
17164,3.1131878,56479.254
17165,3.1145885,56482.367
17166,3.1175952,56485.484
17167,3.1210208,56488.605
17168,3.1242287,56491.73
17169,3.1260726,56494.855
17170,3.1257193,56497.98
17171,3.1240265,56501.105
17172,3.123433,56504.23
17173,3.1243243,56507.355
17174,3.1250653,56510.48
17175,3.1250207,56513.605
17176,3.1244364,56516.73
17177,3.1240637,56519.855
17178,3.123623,56522.98
17179,3.1221347,56526.1
17180,3.11987,56529.223
17181,3.11804,56532.34
17182,3.1179416,56535.457
17183,3.1191084,56538.574
17184,3.1206613,56541.695
17185,3.1217558,56544.816
17186,3.1224227,56547.938
17187,3.1235118,56551.062
17188,3.1238492,56554.188
17189,3.123523,56557.312
17190,3.12244,56560.434
17191,3.1213598,56563.555
17192,3.1204498,56566.676
17193,3.1195617,56569.797
17194,3.1174698,56572.914
17195,3.1162515,56576.03
17196,3.1176424,56579.15
17197,3.1192305,56582.27
17198,3.1181188,56585.387
17199,3.1145806,56588.5
17200,3.1117215,56591.613
17201,3.110091,56594.723
17202,3.1102931,56597.832
17203,3.1096127,56600.94
17204,3.1089222,56604.05
17205,3.1086059,56607.16
17206,3.110049,56610.27
17207,3.111879,56613.383
17208,3.1114602,56616.496
17209,3.1096568,56619.605
17210,3.1088583,56622.715
17211,3.1086538,56625.824
17212,3.1079395,56628.934
17213,3.1065018,56632.04
17214,3.106948,56635.145
17215,3.1094177,56638.254
17216,3.1103451,56641.363
17217,3.1093907,56644.473
17218,3.105637,56647.58
17219,3.100084,56650.68
17220,3.0946922,56653.773
17221,3.0910695,56656.863
17222,3.092028,56659.957
17223,3.09561,56663.05
17224,3.1009655,56666.152
17225,3.1053684,56669.258
17226,3.1081731,56672.367
17227,3.1100714,56675.477
17228,3.1101174,56678.586
17229,3.1102922,56681.695
17230,3.112406,56684.81
17231,3.1156306,56687.926
17232,3.1180818,56691.043
17233,3.1185977,56694.16
17234,3.1177058,56697.277
17235,3.1175475,56700.395
17236,3.1181357,56703.51
17237,3.1195285,56706.633
17238,3.1206508,56709.754
17239,3.1211843,56712.875
17240,3.1219132,56715.996
17241,3.1226351,56719.117
17242,3.1225235,56722.24
17243,3.1219835,56725.36
17244,3.1220064,56728.48
17245,3.1224823,56731.6
17246,3.1235106,56734.727
17247,3.1242263,56737.85
17248,3.1246834,56740.977
17249,3.1263137,56744.1
17250,3.128351,56747.23
17251,3.1300485,56750.36
17252,3.1303356,56753.49
17253,3.1282253,56756.617
17254,3.1266398,56759.742
17255,3.126026,56762.867
17256,3.1255476,56765.992
17257,3.1246445,56769.117
17258,3.1231186,56772.242
17259,3.1224666,56775.363
17260,3.1215138,56778.484
17261,3.1213036,56781.605
17262,3.1227133,56784.727
17263,3.1243505,56787.85
17264,3.1259322,56790.977
17265,3.1256273,56794.1
17266,3.124847,56797.227
17267,3.1227107,56800.348
17268,3.1219208,56803.47
17269,3.1226425,56806.59
17270,3.1225314,56809.71
17271,3.122477,56812.832
17272,3.1222842,56815.953
17273,3.1224675,56819.074
17274,3.1236749,56822.2
17275,3.1244392,56825.324
17276,3.1233847,56828.45
17277,3.1233869,56831.574
17278,3.1221588,56834.695
17279,3.122178,56837.816
17280,3.1232889,56840.94
17281,3.1243694,56844.066
17282,3.1259117,56847.19
17283,3.127115,56850.32
17284,3.1275454,56853.45
17285,3.1274178,56856.58
17286,3.1275465,56859.707
17287,3.1277056,56862.836
17288,3.1271234,56865.965
17289,3.1249323,56869.09
17290,3.122755,56872.21
17291,3.1210372,56875.332
17292,3.1198723,56878.453
17293,3.120327,56881.574
17294,3.1212723,56884.695
17295,3.1224883,56887.816
17296,3.1230462,56890.938
17297,3.1238961,56894.062
17298,3.127522,56897.19
17299,3.1305954,56900.32
17300,3.131224,56903.453
17301,3.1287026,56906.582
17302,3.12454,56909.707
17303,3.1222577,56912.83
17304,3.1235597,56915.953
17305,3.1255887,56919.08
17306,3.1269581,56922.207
17307,3.1266406,56925.332
17308,3.126162,56928.457
17309,3.1258264,56931.582
17310,3.1258655,56934.707
17311,3.1276963,56937.836
17312,3.1291845,56940.965
17313,3.1296086,56944.094
17314,3.1302068,56947.223
17315,3.1311529,56950.355
17316,3.1319687,56953.49
17317,3.1316586,56956.62
17318,3.131146,56959.754
17319,3.1304865,56962.883
17320,3.130096,56966.01
17321,3.1297023,56969.14
17322,3.1287928,56972.27
17323,3.1284707,56975.4
17324,3.1289916,56978.527
17325,3.1292257,56981.656
17326,3.1302252,56984.785
17327,3.1303673,56987.914
17328,3.1280499,56991.043
17329,3.1241846,56994.168
17330,3.1197054,56997.29
17331,3.1166267,57000.406
17332,3.1163692,57003.523
17333,3.117811,57006.64
17334,3.121513,57009.76
17335,3.1262028,57012.887
17336,3.1297555,57016.016
17337,3.1322336,57019.15
17338,3.133882,57022.28
17339,3.1342733,57025.414
17340,3.1346884,57028.547
17341,3.1355531,57031.684
17342,3.1366057,57034.82
17343,3.1381667,57037.957
17344,3.1380706,57041.094
17345,3.1379848,57044.23
17346,3.1362326,57047.367
17347,3.13463,57050.5
17348,3.1338253,57053.633
17349,3.1329057,57056.766
17350,3.1326256,57059.9
17351,3.13326,57063.03
17352,3.1351836,57066.168
17353,3.1384082,57069.305
17354,3.141796,57072.445
17355,3.145243,57075.59
17356,3.1464624,57078.734
17357,3.1459868,57081.88
17358,3.1450262,57085.023
17359,3.1440344,57088.168
17360,3.1429565,57091.312
17361,3.1411753,57094.453
17362,3.1387317,57097.594
17363,3.13649,57100.73
17364,3.1341608,57103.863
17365,3.1328042,57106.996
17366,3.130584,57110.125
17367,3.127859,57113.254
17368,3.1268306,57116.38
17369,3.1266952,57119.504
17370,3.1276684,57122.633
17371,3.127553,57125.76
17372,3.1270657,57128.89
17373,3.1273162,57132.02
17374,3.1286917,57135.15
17375,3.1301181,57138.277
17376,3.1298594,57141.406
17377,3.12814,57144.535
17378,3.125944,57147.66
17379,3.1251886,57150.785
17380,3.126353,57153.91
17381,3.1287549,57157.04
17382,3.1322405,57160.17
17383,3.1355448,57163.31
17384,3.1381009,57166.445
17385,3.1398375,57169.586
17386,3.1399658,57172.727
17387,3.1398423,57175.867
17388,3.1400256,57179.008
17389,3.1407237,57182.15
17390,3.1417367,57185.29
17391,3.1415846,57188.43
17392,3.141444,57191.57
17393,3.1416705,57194.71
17394,3.1413417,57197.85
17395,3.139934,57200.992
17396,3.1380944,57204.13
17397,3.1360164,57207.266
17398,3.1345668,57210.4
17399,3.1345127,57213.53
17400,3.1342185,57216.664
17401,3.1336105,57219.797
17402,3.1329105,57222.93
17403,3.1328802,57226.062
17404,3.132091,57229.195
17405,3.130709,57232.324
17406,3.1299694,57235.453
17407,3.1295161,57238.582
17408,3.1289248,57241.71
17409,3.1275604,57244.84
17410,3.1249635,57247.965
17411,3.1225677,57251.086
17412,3.1215613,57254.207
17413,3.1210167,57257.33
17414,3.1226208,57260.45
17415,3.1248682,57263.574
17416,3.126262,57266.7
17417,3.1257272,57269.824
17418,3.1233482,57272.95
17419,3.120342,57276.07
17420,3.119312,57279.19
17421,3.1197946,57282.312
17422,3.1218472,57285.434
17423,3.1239712,57288.56
17424,3.125348,57291.684
17425,3.1260278,57294.81
17426,3.1263943,57297.934
17427,3.126691,57301.06
17428,3.1265829,57304.184
17429,3.125806,57307.31
17430,3.1270723,57310.438
17431,3.1293352,57313.566
17432,3.1309721,57316.7
17433,3.1318178,57319.832
17434,3.1314712,57322.965
17435,3.1318963,57326.098
17436,3.1324215,57329.23
17437,3.1332521,57332.363
17438,3.1326275,57335.496
17439,3.1324267,57338.63
17440,3.1305587,57341.758
17441,3.128743,57344.887
17442,3.1263738,57348.01
17443,3.1220682,57351.133
17444,3.1179576,57354.25
17445,3.1149166,57357.363
17446,3.1130023,57360.477
17447,3.1118119,57363.59
17448,3.1118214,57366.703
17449,3.1121118,57369.816
17450,3.1129324,57372.93
17451,3.113979,57376.043
17452,3.1160975,57379.16
17453,3.1172152,57382.277
17454,3.1180763,57385.395
17455,3.1198518,57388.516
17456,3.120992,57391.637
17457,3.1207497,57394.758
17458,3.1185699,57397.875
17459,3.1156347,57400.992
17460,3.112731,57404.105
17461,3.1102269,57407.215
17462,3.1080477,57410.324
17463,3.107033,57413.43
17464,3.105834,57416.535
17465,3.1037643,57419.64
17466,3.0997155,57422.742
17467,3.0972106,57425.84
17468,3.0989032,57428.938
17469,3.101398,57432.04
17470,3.1041446,57435.145
17471,3.105373,57438.25
17472,3.104959,57441.355
17473,3.1038654,57444.46
17474,3.1036804,57447.566
17475,3.103862,57450.67
17476,3.1039765,57453.777
17477,3.1035147,57456.88
17478,3.102956,57459.98
17479,3.1030831,57463.082
17480,3.10481,57466.188
17481,3.1076152,57469.297
17482,3.10982,57472.406
17483,3.1113324,57475.52
17484,3.1107714,57478.63
17485,3.1094766,57481.74
17486,3.1083179,57484.848
17487,3.1079996,57487.957
17488,3.1090326,57491.066
17489,3.1101372,57494.176
17490,3.1108923,57497.285
17491,3.1108425,57500.395
17492,3.1124034,57503.508
17493,3.1141315,57506.62
17494,3.115163,57509.734
17495,3.116268,57512.85
17496,3.117167,57515.97
17497,3.1177392,57519.086
17498,3.1176586,57522.203
17499,3.117467,57525.32
17500,3.1182835,57528.438
17501,3.1198409,57531.56
17502,3.1217377,57534.68
17503,3.1227953,57537.8
17504,3.123984,57540.926
17505,3.1240475,57544.05
17506,3.1218889,57547.17
17507,3.118813,57550.29
17508,3.1166086,57553.406
17509,3.1152585,57556.523
17510,3.1157546,57559.64
17511,3.1159356,57562.758
17512,3.1168303,57565.875
17513,3.1177797,57568.992
17514,3.1189091,57572.11
17515,3.1205862,57575.23
17516,3.1219006,57578.35
17517,3.122353,57581.473
17518,3.121795,57584.594
17519,3.122172,57587.715
17520,3.1210637,57590.836
17521,3.1195092,57593.957
17522,3.1177843,57597.074
17523,3.1161547,57600.19
17524,3.116275,57603.31
17525,3.1183367,57606.426
17526,3.1199515,57609.547
17527,3.1198866,57612.668
17528,3.118949,57615.785
17529,3.1180716,57618.902
17530,3.1179209,57622.02
17531,3.1177983,57625.137
17532,3.1180453,57628.254
17533,3.1176262,57631.37
17534,3.1184485,57634.49
17535,3.1193304,57637.61
17536,3.1203313,57640.73
17537,3.1201599,57643.85
17538,3.1201859,57646.973
17539,3.1215558,57650.094
17540,3.1236062,57653.22
17541,3.125353,57656.344
17542,3.124819,57659.47
17543,3.1236684,57662.594
17544,3.1224215,57665.715
17545,3.1207597,57668.836
17546,3.1194823,57671.957
17547,3.1193912,57675.08
17548,3.1222785,57678.2
17549,3.125678,57681.324
17550,3.126406,57684.45
17551,3.1249974,57687.574
17552,3.122053,57690.695
17553,3.118961,57693.812
17554,3.1170516,57696.93
17555,3.1148803,57700.043
17556,3.1136794,57703.156
17557,3.1138022,57706.27
17558,3.113921,57709.383
17559,3.1147137,57712.496
17560,3.1147358,57715.61
17561,3.1149864,57718.723
17562,3.1146157,57721.836
17563,3.114789,57724.95
17564,3.1141815,57728.062
17565,3.1142156,57731.176
17566,3.1146188,57734.29
17567,3.1145265,57737.402
17568,3.1143684,57740.516
17569,3.1137395,57743.63
17570,3.1138213,57746.742
17571,3.112842,57749.855
17572,3.1129742,57752.97
17573,3.1144125,57756.082
17574,3.1172159,57759.2
17575,3.1200655,57762.32
17576,3.1217642,57765.44
17577,3.1228251,57768.562
17578,3.1237843,57771.688
17579,3.1236184,57774.812
17580,3.1232085,57777.938
17581,3.1225123,57781.06
17582,3.122345,57784.18
17583,3.1224334,57787.3
17584,3.1232975,57790.426
17585,3.1241488,57793.55
17586,3.1242502,57796.676
17587,3.1247122,57799.8
17588,3.1254656,57802.926
17589,3.12637,57806.05
17590,3.1268585,57809.176
17591,3.1270137,57812.305
17592,3.1281977,57815.434
17593,3.1295788,57818.562
17594,3.1313531,57821.695
17595,3.132812,57824.83
17596,3.1322784,57827.96
17597,3.1303542,57831.09
17598,3.1259234,57834.215
17599,3.1209443,57837.336
17600,3.1203182,57840.457
17601,3.1208262,57843.58
17602,3.1220348,57846.7
17603,3.1227038,57849.82
17604,3.1234975,57852.945
17605,3.1242166,57856.07
17606,3.1249893,57859.195
17607,3.1249814,57862.32
17608,3.1236718,57865.445
17609,3.1222656,57868.566
17610,3.1210976,57871.688
17611,3.1201885,57874.81
17612,3.119309,57877.93
17613,3.1191669,57881.05
17614,3.1189044,57884.168
17615,3.119009,57887.285
17616,3.1190999,57890.402
17617,3.1202762,57893.523
17618,3.121832,57896.645
17619,3.1232564,57899.77
17620,3.123082,57902.895
17621,3.12307,57906.02
17622,3.1225991,57909.14
17623,3.12182,57912.26
17624,3.1219547,57915.383
17625,3.1226354,57918.504
17626,3.1222947,57921.625
17627,3.1217883,57924.746
17628,3.1221287,57927.867
17629,3.1225374,57930.99
17630,3.1236665,57934.113
17631,3.1253378,57937.24
17632,3.1256442,57940.363
17633,3.126512,57943.49
17634,3.1282365,57946.617
17635,3.1305614,57949.746
17636,3.132033,57952.88
17637,3.132077,57956.01
17638,3.1311395,57959.145
17639,3.1305547,57962.273
17640,3.130474,57965.402
17641,3.1308262,57968.53
17642,3.1315367,57971.664
17643,3.1331158,57974.797
17644,3.1339562,57977.93
17645,3.133238,57981.062
17646,3.1314845,57984.195
17647,3.1289117,57987.324
17648,3.127611,57990.453
17649,3.127607,57993.582
17650,3.1288753,57996.71
17651,3.130928,57999.844
17652,3.1338677,58002.977
17653,3.1368139,58006.113
17654,3.1376846,58009.25
17655,3.1368914,58012.387
17656,3.134462,58015.52
17657,3.1318674,58018.652
17658,3.1296773,58021.78
17659,3.1283617,58024.91
17660,3.1283913,58028.04
17661,3.1283085,58031.168
17662,3.1271706,58034.297
17663,3.125607,58037.42
17664,3.1249762,58040.547
17665,3.1249514,58043.67
17666,3.1258538,58046.797
17667,3.1270723,58049.926
17668,3.1281958,58053.055
17669,3.1286318,58056.184
17670,3.128077,58059.312
17671,3.1278806,58062.44
17672,3.1283529,58065.57
17673,3.1289499,58068.7
17674,3.1279018,58071.83
17675,3.1269145,58074.953
17676,3.1270735,58078.082
17677,3.1279929,58081.21
17678,3.1285324,58084.34
17679,3.1301453,58087.47
17680,3.1320355,58090.6
17681,3.1338723,58093.734
17682,3.1341546,58096.867
17683,3.133712,58100.0
17684,3.1337686,58103.133
17685,3.1344345,58106.266
17686,3.1360073,58109.402
17687,3.1371052,58112.54
17688,3.1363013,58115.676
17689,3.1345315,58118.81
17690,3.1327717,58121.94
17691,3.1312475,58125.074
17692,3.1295385,58128.203
17693,3.128853,58131.332
17694,3.128957,58134.46
17695,3.1292748,58137.59
17696,3.129752,58140.72
17697,3.129776,58143.848
17698,3.1287994,58146.977
17699,3.127673,58150.105
17700,3.129123,58153.234
17701,3.1327143,58156.367
17702,3.1357884,58159.504
17703,3.1369143,58162.64
17704,3.1377344,58165.777
17705,3.1372337,58168.914
17706,3.138427,58172.05
17707,3.1411202,58175.19
17708,3.1430604,58178.336
17709,3.1443975,58181.48
17710,3.143954,58184.625
17711,3.14239,58187.766
17712,3.1411061,58190.906
17713,3.1409922,58194.047
17714,3.1426435,58197.19
17715,3.143334,58200.336
17716,3.1431851,58203.48
17717,3.141206,58206.62
17718,3.1373203,58209.758
17719,3.1337216,58212.89
17720,3.1289554,58216.02
17721,3.1250224,58219.145
17722,3.120002,58222.266
17723,3.1133046,58225.38
17724,3.1072752,58228.484
17725,3.102085,58231.586
17726,3.0995004,58234.684
17727,3.0983706,58237.78
17728,3.0998828,58240.883
17729,3.1025085,58243.984
17730,3.103747,58247.09
17731,3.1030536,58250.19
17732,3.1010432,58253.293
17733,3.097611,58256.39
17734,3.095168,58259.484
17735,3.093797,58262.58
17736,3.0958781,58265.676
17737,3.0979745,58268.773
17738,3.0997906,58271.875
17739,3.101994,58274.977
17740,3.1032333,58278.08
17741,3.1037633,58281.184
17742,3.1045382,58284.29
17743,3.1046023,58287.395
17744,3.1040986,58290.5
17745,3.1058605,58293.605
17746,3.109165,58296.715
17747,3.1115391,58299.83
17748,3.1119506,58302.94
17749,3.1118534,58306.055
17750,3.1128967,58309.168
17751,3.1153338,58312.285
17752,3.1194088,58315.406
17753,3.123989,58318.53
17754,3.127372,58321.66
17755,3.1291792,58324.79
17756,3.129655,58327.918
17757,3.1291082,58331.047
17758,3.127376,58334.176
17759,3.1270864,58337.305
17760,3.1260045,58340.43
17761,3.1253915,58343.555
17762,3.1250644,58346.68
17763,3.1251442,58349.805
17764,3.1248708,58352.93
17765,3.1230252,58356.05
17766,3.1185472,58359.168
17767,3.1136956,58362.28
17768,3.111478,58365.395
17769,3.1101632,58368.504
17770,3.111957,58371.617
17771,3.113994,58374.73
17772,3.1152446,58377.848
17773,3.1147475,58380.96
17774,3.113338,58384.074
17775,3.1120386,58387.188
17776,3.1102366,58390.297
17777,3.1088383,58393.406
17778,3.1062348,58396.51
17779,3.1050692,58399.617
17780,3.1048248,58402.723
17781,3.1050951,58405.83
17782,3.105411,58408.934
17783,3.1049035,58412.04
17784,3.1047168,58415.145
17785,3.1059773,58418.25
17786,3.1070497,58421.355
17787,3.108775,58424.465
17788,3.1098316,58427.574
17789,3.1102147,58430.684
17790,3.1097794,58433.793
17791,3.1080806,58436.902
17792,3.106502,58440.008
17793,3.1062367,58443.113
17794,3.1079454,58446.223
17795,3.1098132,58449.332
17796,3.1128905,58452.445
17797,3.1160748,58455.562
17798,3.1187139,58458.68
17799,3.1204681,58461.8
17800,3.1221175,58464.92
17801,3.1231105,58468.047
17802,3.1238058,58471.17
17803,3.1250696,58474.297
17804,3.125639,58477.42
17805,3.1258583,58480.547
17806,3.1260781,58483.67
17807,3.124892,58486.797
17808,3.123588,58489.92
17809,3.1223898,58493.043
17810,3.1213872,58496.164
17811,3.1210806,58499.285
17812,3.1208627,58502.406
17813,3.1204507,58505.527
17814,3.1184692,58508.645
17815,3.1164212,58511.76
17816,3.115599,58514.88
17817,3.1179461,58517.996
17818,3.1222613,58521.117
17819,3.1248107,58524.242
17820,3.1235614,58527.367
17821,3.1203487,58530.49
17822,3.1176996,58533.605
17823,3.1159286,58536.723
17824,3.1156,58539.84
17825,3.1149807,58542.953
17826,3.113588,58546.066
17827,3.1119902,58549.18
17828,3.1103559,58552.29
17829,3.1095965,58555.4
17830,3.1083136,58558.508
17831,3.107384,58561.613
17832,3.1081357,58564.723
17833,3.109734,58567.832
17834,3.1127045,58570.945
17835,3.1159058,58574.062
17836,3.1174092,58577.18
17837,3.1183717,58580.297
17838,3.120074,58583.418
17839,3.12164,58586.54
17840,3.1224644,58589.66
17841,3.123577,58592.785
17842,3.1235461,58595.91
17843,3.1227002,58599.03
17844,3.1196375,58602.152
17845,3.1180048,58605.27
17846,3.11889,58608.387
17847,3.121144,58611.508
17848,3.122491,58614.63
17849,3.1217458,58617.75
17850,3.1196237,58620.87
17851,3.117931,58623.99
17852,3.1180441,58627.105
17853,3.1179085,58630.223
17854,3.118612,58633.34
17855,3.120063,58636.46
17856,3.1211724,58639.582
17857,3.1215165,58642.703
17858,3.1208358,58645.824
17859,3.120684,58648.945
17860,3.1185675,58652.062
17861,3.1154692,58655.18
17862,3.1132114,58658.293
17863,3.1113248,58661.402
17864,3.1098807,58664.51
17865,3.1093864,58667.62
17866,3.1075704,58670.73
17867,3.1047814,58673.836
17868,3.104109,58676.94
17869,3.1045809,58680.047
17870,3.1057727,58683.152
17871,3.1069777,58686.258
17872,3.1061025,58689.363
17873,3.1031744,58692.465
17874,3.1018105,58695.566
17875,3.1027157,58698.668
17876,3.105395,58701.773
17877,3.1070244,58704.88
17878,3.108256,58707.99
17879,3.1098654,58711.098
17880,3.111652,58714.21
17881,3.1131783,58717.324
17882,3.1149178,58720.438
17883,3.1157346,58723.555
17884,3.1147707,58726.668
17885,3.1139977,58729.78
17886,3.1157699,58732.9
17887,3.1182177,58736.016
17888,3.1208086,58739.137
17889,3.1219766,58742.258
17890,3.1205814,58745.38
17891,3.1185706,58748.496
17892,3.118267,58751.613
17893,3.1190042,58754.73
17894,3.1201491,58757.85
17895,3.1205711,58760.973
17896,3.120372,58764.094
17897,3.1208704,58767.215
17898,3.1228313,58770.336
17899,3.124154,58773.46
17900,3.125265,58776.586
17901,3.1254928,58779.71
17902,3.1249127,58782.836
17903,3.1246035,58785.96
17904,3.1253304,58789.086
17905,3.1258578,58792.21
17906,3.127037,58795.34
17907,3.1298013,58798.47
17908,3.1335225,58801.6
17909,3.1354866,58804.74
17910,3.1348422,58807.875
17911,3.1326025,58811.008
17912,3.1305907,58814.137
17913,3.1294568,58817.266
17914,3.1290722,58820.395
17915,3.1294534,58823.523
17916,3.1310039,58826.656
17917,3.1328268,58829.79
17918,3.1345732,58832.92
17919,3.136354,58836.06
17920,3.1372397,58839.195
17921,3.1363451,58842.332
17922,3.135277,58845.47
17923,3.135838,58848.605
17924,3.1376302,58851.742
17925,3.1389217,58854.883
17926,3.1393523,58858.023
17927,3.1395993,58861.164
17928,3.1390152,58864.305
17929,3.138498,58867.44
17930,3.1390827,58870.582
17931,3.1409206,58873.723
17932,3.1431427,58876.867
17933,3.1453028,58880.01
17934,3.1468003,58883.16
17935,3.1469598,58886.31
17936,3.1450849,58889.453
17937,3.1417809,58892.594
17938,3.137853,58895.73
17939,3.135026,58898.867
17940,3.1347306,58902.0
17941,3.1355968,58905.137
17942,3.1365411,58908.273
17943,3.1376042,58911.41
17944,3.137473,58914.547
17945,3.135886,58917.684
17946,3.131446,58920.816
17947,3.1283789,58923.945
17948,3.126915,58927.07
17949,3.1258185,58930.195
17950,3.1236706,58933.32
17951,3.1231668,58936.445
17952,3.1239169,58939.57
17953,3.1252465,58942.695
17954,3.1269858,58945.824
17955,3.1286752,58948.953
17956,3.1306267,58952.082
17957,3.1315851,58955.215
17958,3.13122,58958.348
17959,3.1296914,58961.477
17960,3.1272092,58964.605
17961,3.1244314,58967.73
17962,3.1233118,58970.855
17963,3.1228805,58973.977
17964,3.1232054,58977.1
17965,3.1239026,58980.227
17966,3.1263256,58983.35
17967,3.1293843,58986.48
17968,3.1325893,58989.613
17969,3.1344829,58992.746
17970,3.1356587,58995.883
17971,3.1369836,58999.02
17972,3.138553,59002.156
17973,3.1404958,59005.297
17974,3.1413972,59008.438
17975,3.1419103,59011.58
17976,3.1421807,59014.72
17977,3.1414428,59017.86
17978,3.1405377,59021.0
17979,3.139768,59024.14
17980,3.1387563,59027.28
17981,3.1377983,59030.418
17982,3.1377184,59033.555
17983,3.1371331,59036.69
17984,3.1355765,59039.83
17985,3.1333153,59042.96
17986,3.131813,59046.094
17987,3.1316695,59049.227
17988,3.132999,59052.36
17989,3.1349523,59055.496
17990,3.1354232,59058.633
17991,3.134679,59061.766
17992,3.1337242,59064.9
17993,3.1335638,59068.03
17994,3.1348453,59071.168
17995,3.1357236,59074.305
17996,3.1357965,59077.44
17997,3.1348825,59080.58
17998,3.1337433,59083.71
17999,3.131954,59086.844
18000,3.130098,59089.973
18001,3.1286743,59093.1
18002,3.1273525,59096.23
18003,3.125356,59099.355
18004,3.1220891,59102.477
18005,3.119581,59105.598
18006,3.1184192,59108.715
18007,3.1181557,59111.832
18008,3.1188707,59114.95
18009,3.1199398,59118.07
18010,3.1230023,59121.19
18011,3.1256495,59124.316
18012,3.1260684,59127.44
18013,3.123563,59130.566
18014,3.120407,59133.688
18015,3.1182518,59136.805
18016,3.117847,59139.92
18017,3.1178758,59143.04
18018,3.118765,59146.156
18019,3.1200037,59149.277
18020,3.1207445,59152.4
18021,3.121347,59155.52
18022,3.121992,59158.64
18023,3.1229434,59161.76
18024,3.1233928,59164.887
18025,3.1249032,59168.01
18026,3.124479,59171.137
18027,3.1240277,59174.26
18028,3.1238534,59177.387
18029,3.1241622,59180.51
18030,3.1251323,59183.637
18031,3.1263454,59186.76
18032,3.1285715,59189.89
18033,3.1299858,59193.02
18034,3.13181,59196.152
18035,3.133424,59199.285
18036,3.1358194,59202.42
18037,3.1378675,59205.56
18038,3.1375957,59208.695
18039,3.1369333,59211.832
18040,3.136685,59214.97
18041,3.1371644,59218.105
18042,3.137329,59221.242
18043,3.1376488,59224.38
18044,3.1374907,59227.516
18045,3.1379766,59230.652
18046,3.1383934,59233.79
18047,3.138298,59236.926
18048,3.1385436,59240.062
18049,3.1384282,59243.2
18050,3.1387527,59246.34
18051,3.1387532,59249.48
18052,3.1382437,59252.617
18053,3.1380901,59255.754
18054,3.13879,59258.895
18055,3.1392355,59262.035
18056,3.1396475,59265.176
18057,3.1405423,59268.316
18058,3.1419098,59271.457
18059,3.1424544,59274.598
18060,3.1415846,59277.74
18061,3.1402256,59280.88
18062,3.1393225,59284.02
18063,3.1399395,59287.16
18064,3.1423047,59290.3
18065,3.1452668,59293.445
18066,3.1475673,59296.594
18067,3.1488628,59299.742
18068,3.1498003,59302.89
18069,3.1508029,59306.043
18070,3.1520965,59309.195
18071,3.152232,59312.348
18072,3.1509085,59315.5
18073,3.1486537,59318.65
18074,3.1461716,59321.793
18075,3.144026,59324.938
18076,3.1437154,59328.082
18077,3.1458557,59331.227
18078,3.1469748,59334.375
18079,3.1465666,59337.523
18080,3.1455083,59340.668
18081,3.1448507,59343.812
18082,3.1449099,59346.957
18083,3.1445148,59350.1
18084,3.144345,59353.246
18085,3.144251,59356.39
18086,3.1430097,59359.535
18087,3.1416533,59362.676
18088,3.140626,59365.816
18089,3.14158,59368.957
18090,3.142825,59372.1
18091,3.1432302,59375.246
18092,3.1429641,59378.39
18093,3.1420848,59381.53
18094,3.1403527,59384.67
18095,3.139001,59387.812
18096,3.1383648,59390.95
18097,3.137908,59394.086
18098,3.1358905,59397.223
18099,3.132658,59400.355
18100,3.129323,59403.484
18101,3.1259823,59406.61
18102,3.1225684,59409.73
18103,3.119273,59412.85
18104,3.1172364,59415.97
18105,3.1160257,59419.086
18106,3.1168294,59422.203
18107,3.1173422,59425.32
18108,3.1166606,59428.438
18109,3.116248,59431.555
18110,3.1154022,59434.67
18111,3.1149068,59437.785
18112,3.1146765,59440.9
18113,3.1158736,59444.016
18114,3.11862,59447.133
18115,3.1212611,59450.254
18116,3.1229749,59453.375
18117,3.1247602,59456.5
18118,3.1273494,59459.63
18119,3.1289716,59462.758
18120,3.1278381,59465.887
18121,3.1260986,59469.01
18122,3.1254025,59472.137
18123,3.1250658,59475.26
18124,3.1254845,59478.387
18125,3.1264327,59481.51
18126,3.1276581,59484.64
18127,3.1279047,59487.77
18128,3.1271846,59490.9
18129,3.1262317,59494.023
18130,3.1245816,59497.15
18131,3.1226609,59500.27
18132,3.12134,59503.39
18133,3.1204648,59506.51
18134,3.1211045,59509.633
18135,3.1219568,59512.754
18136,3.1235843,59515.88
18137,3.1255472,59519.004
18138,3.1281073,59522.133
18139,3.1312306,59525.266
18140,3.1335635,59528.4
18141,3.1345766,59531.53
18142,3.1335826,59534.664
18143,3.131968,59537.797
18144,3.1312685,59540.93
18145,3.1312203,59544.062
18146,3.1313121,59547.195
18147,3.1313117,59550.33
18148,3.130838,59553.457
18149,3.1300926,59556.586
18150,3.128491,59559.715
18151,3.127604,59562.844
18152,3.1279233,59565.973
18153,3.1299074,59569.1
18154,3.1325002,59572.234
18155,3.134148,59575.367
18156,3.1325743,59578.5
18157,3.1297445,59581.63
18158,3.125944,59584.754
18159,3.122527,59587.875
18160,3.1194582,59590.996
18161,3.117931,59594.113
18162,3.117981,59597.23
18163,3.119194,59600.35
18164,3.1203766,59603.473
18165,3.1213226,59606.594
18166,3.1214023,59609.715
18167,3.1210637,59612.836
18168,3.1211953,59615.957
18169,3.120267,59619.08
18170,3.119158,59622.2
18171,3.1185765,59625.316
18172,3.1165173,59628.434
18173,3.1156957,59631.55
18174,3.115571,59634.668
18175,3.115534,59637.785
18176,3.1136773,59640.9
18177,3.1120088,59644.01
18178,3.1109684,59647.12
18179,3.1109116,59650.23
18180,3.110949,59653.34
18181,3.1104324,59656.45
18182,3.1104448,59659.56
18183,3.110293,59662.668
18184,3.1089623,59665.777
18185,3.1076372,59668.887
18186,3.1078036,59671.996
18187,3.1077127,59675.105
18188,3.1079779,59678.215
18189,3.108499,59681.324
18190,3.1088576,59684.434
18191,3.1086323,59687.543
18192,3.1103811,59690.652
18193,3.1122086,59693.766
18194,3.1149013,59696.88
18195,3.1173434,59699.996
18196,3.119481,59703.117
18197,3.1196816,59706.24
18198,3.1176174,59709.355
18199,3.1155362,59712.473
18200,3.1156664,59715.59
18201,3.117396,59718.707
18202,3.119824,59721.83
18203,3.1224587,59724.95
18204,3.124088,59728.074
18205,3.1246288,59731.2
18206,3.123848,59734.324
18207,3.1226077,59737.445
18208,3.1203177,59740.566
18209,3.118159,59743.684
18210,3.1182244,59746.8
18211,3.119288,59749.92
18212,3.1203492,59753.043
18213,3.1202693,59756.164
18214,3.1203368,59759.285
18215,3.119979,59762.406
18216,3.1197848,59765.527
18217,3.1197214,59768.65
18218,3.118878,59771.766
18219,3.1167772,59774.883
18220,3.1139202,59777.996
18221,3.1126351,59781.11
18222,3.112642,59784.223
18223,3.111334,59787.336
18224,3.109929,59790.445
18225,3.1077185,59793.555
18226,3.1073577,59796.66
18227,3.108207,59799.77
18228,3.1094148,59802.88
18229,3.1114035,59805.992
18230,3.1125455,59809.105
18231,3.112995,59812.22
18232,3.1137881,59815.332
18233,3.116304,59818.45
18234,3.1176872,59821.566
18235,3.1193633,59824.688
18236,3.11952,59827.81
18237,3.119449,59830.93
18238,3.118493,59834.047
18239,3.1177764,59837.164
18240,3.1179473,59840.28
18241,3.1187584,59843.4
18242,3.1190312,59846.516
18243,3.118185,59849.633
18244,3.1176064,59852.75
18245,3.114912,59855.863
18246,3.111286,59858.973
18247,3.1086059,59862.082
18248,3.1083953,59865.19
18249,3.1097383,59868.3
18250,3.111885,59871.414
18251,3.1145043,59874.527
18252,3.1154668,59877.645
18253,3.1162548,59880.76
18254,3.1164408,59883.88
18255,3.1147606,59886.992
18256,3.11266,59890.105
18257,3.11132,59893.215
18258,3.1106784,59896.324
18259,3.111496,59899.438
18260,3.1135564,59902.55
18261,3.117034,59905.668
18262,3.1219842,59908.79
18263,3.1243472,59911.914
18264,3.1230354,59915.035
18265,3.1207366,59918.156
18266,3.1193726,59921.277
18267,3.1185873,59924.395
18268,3.117757,59927.51
18269,3.1165683,59930.63
18270,3.1152925,59933.746
18271,3.1141872,59936.86
18272,3.1145444,59939.973
18273,3.11574,59943.09
18274,3.1182625,59946.207
18275,3.120987,59949.33
18276,3.1226668,59952.45
18277,3.1238256,59955.574
18278,3.1228747,59958.695
18279,3.1210635,59961.816
18280,3.1199265,59964.938
18281,3.1188884,59968.055
18282,3.1193335,59971.176
18283,3.1191854,59974.297
18284,3.1189363,59977.414
18285,3.1181808,59980.53
18286,3.1170068,59983.65
18287,3.1153471,59986.766
18288,3.1118507,59989.88
18289,3.107986,59992.99
18290,3.1047597,59996.094
18291,3.1029663,59999.195
18292,3.1041338,60002.3
18293,3.1053777,60005.406
18294,3.1045854,60008.51
18295,3.1033452,60011.613
18296,3.105389,60014.72
18297,3.108771,60017.83
18298,3.111117,60020.938
18299,3.1124492,60024.05
18300,3.1130164,60027.164
18301,3.1148326,60030.277
18302,3.1180682,60033.395
18303,3.1208496,60036.516
18304,3.1235192,60039.64
18305,3.12451,60042.766
18306,3.123641,60045.89
18307,3.121983,60049.01
18308,3.1208851,60052.133
18309,3.1210556,60055.254
18310,3.121934,60058.375
18311,3.1236346,60061.5
18312,3.1237326,60064.625
18313,3.1229432,60067.746
18314,3.1224332,60070.867
18315,3.1223369,60073.99
18316,3.123745,60077.113
18317,3.12494,60080.24
18318,3.126365,60083.363
18319,3.1271966,60086.492
18320,3.1279867,60089.62
18321,3.1283798,60092.75
18322,3.129215,60095.88
18323,3.1295564,60099.008
18324,3.1293435,60102.137
18325,3.1284807,60105.266
18326,3.129127,60108.395
18327,3.1306703,60111.523
18328,3.1325197,60114.656
18329,3.13432,60117.79
18330,3.136367,60120.926
18331,3.138716,60124.066
18332,3.1392276,60127.207
18333,3.1385336,60130.344
18334,3.13672,60133.48
18335,3.13374,60136.613
18336,3.130012,60139.742
18337,3.126959,60142.87
18338,3.1274152,60146.0
18339,3.130013,60149.13
18340,3.1330872,60152.26
18341,3.135624,60155.4
18342,3.135693,60158.535
18343,3.1358373,60161.67
18344,3.1368902,60164.81
18345,3.137781,60167.945
18346,3.138139,60171.082
18347,3.1378722,60174.22
18348,3.137445,60177.355
18349,3.136881,60180.492
18350,3.1364741,60183.63
18351,3.1374729,60186.766
18352,3.138915,60189.906
18353,3.140648,60193.047
18354,3.14165,60196.188
18355,3.1418786,60199.33
18356,3.1421306,60202.47
18357,3.1422827,60205.61
18358,3.1422899,60208.75
18359,3.1419694,60211.89
18360,3.1414337,60215.03
18361,3.1407132,60218.17
18362,3.1387122,60221.312
18363,3.136211,60224.45
18364,3.1347172,60227.582
18365,3.1338668,60230.715
18366,3.1340523,60233.848
18367,3.1350796,60236.984
18368,3.136365,60240.12
18369,3.1369128,60243.258
18370,3.1369286,60246.395
18371,3.136764,60249.53
18372,3.13605,60252.668
18373,3.1344337,60255.8
18374,3.1318562,60258.934
18375,3.129212,60262.062
18376,3.1285808,60265.19
18377,3.1285,60268.32
18378,3.130171,60271.45
18379,3.133178,60274.582
18380,3.1355524,60277.72
18381,3.135663,60280.855
18382,3.1340399,60283.99
18383,3.1311154,60287.12
18384,3.1299875,60290.25
18385,3.1304388,60293.38
18386,3.1328328,60296.51
18387,3.136032,60299.65
18388,3.1378503,60302.785
18389,3.1382873,60305.92
18390,3.1383405,60309.06
18391,3.138915,60312.2
18392,3.1398609,60315.34
18393,3.1402416,60318.48
18394,3.1404781,60321.62
18395,3.1392224,60324.76
18396,3.13814,60327.9
18397,3.137372,60331.035
18398,3.137762,60334.17
18399,3.138101,60337.31
18400,3.1382067,60340.445
18401,3.1388738,60343.586
18402,3.1403644,60346.727
18403,3.1419494,60349.867
18404,3.1425064,60353.008
18405,3.1422048,60356.15
18406,3.1420135,60359.29
18407,3.141703,60362.43
18408,3.1400294,60365.57
18409,3.1370046,60368.707
18410,3.1335943,60371.84
18411,3.1306577,60374.97
18412,3.1287935,60378.098
18413,3.127922,60381.227
18414,3.1276171,60384.355
18415,3.1283593,60387.484
18416,3.1311593,60390.617
18417,3.134039,60393.75
18418,3.135964,60396.887
18419,3.1372879,60400.023
18420,3.1383018,60403.16
18421,3.1378484,60406.297
18422,3.1358347,60409.434
18423,3.1334682,60412.566
18424,3.1318884,60415.7
18425,3.130621,60418.83
18426,3.13163,60421.96
18427,3.1338024,60425.094
18428,3.1333737,60428.227
18429,3.1322763,60431.36
18430,3.130116,60434.49
18431,3.1281567,60437.617
18432,3.126954,60440.746
18433,3.126043,60443.87
18434,3.1261263,60446.996
18435,3.1262856,60450.12
18436,3.1262834,60453.246
18437,3.126019,60456.37
18438,3.1252131,60459.496
18439,3.1247144,60462.62
18440,3.123676,60465.746
18441,3.1224034,60468.867
18442,3.1213055,60471.99
18443,3.1204038,60475.11
18444,3.1199162,60478.23
18445,3.118667,60481.348
18446,3.1175275,60484.465
18447,3.1166475,60487.582
18448,3.116561,60490.7
18449,3.1179764,60493.816
18450,3.1185744,60496.934
18451,3.1181247,60500.05
18452,3.1177635,60503.168
18453,3.1186113,60506.285
18454,3.1194785,60509.406
18455,3.1208735,60512.527
18456,3.1218045,60515.65
18457,3.1215138,60518.77
18458,3.119458,60521.89
18459,3.1179743,60525.008
18460,3.1163645,60528.125
18461,3.114983,60531.24
18462,3.1139944,60534.35
18463,3.1137516,60537.465
18464,3.1145341,60540.58
18465,3.1151118,60543.69
18466,3.1150076,60546.805
18467,3.11431,60549.918
18468,3.1144326,60553.03
18469,3.1144516,60556.145
18470,3.1148686,60559.258
18471,3.115276,60562.375
18472,3.1154134,60565.492
18473,3.1150692,60568.605
18474,3.1172948,60571.723
18475,3.121081,60574.844
18476,3.124678,60577.97
18477,3.1259758,60581.094
18478,3.1243641,60584.22
18479,3.1214142,60587.34
18480,3.1162958,60590.457
18481,3.1117368,60593.57
18482,3.107746,60596.68
18483,3.1045372,60599.785
18484,3.1046727,60602.89
18485,3.1067836,60605.996
18486,3.1098447,60609.105
18487,3.1114843,60612.22
18488,3.1113522,60615.332
18489,3.109854,60618.44
18490,3.10797,60621.55
18491,3.1057336,60624.656
18492,3.104686,60627.76
18493,3.103945,60630.867
18494,3.1061678,60633.973
18495,3.1090922,60637.082
18496,3.111716,60640.195
18497,3.1147428,60643.31
18498,3.1184433,60646.426
18499,3.120839,60649.547
18500,3.1217315,60652.668
18501,3.122815,60655.79
18502,3.1241415,60658.914
18503,3.1257849,60662.04
18504,3.1268518,60665.164
18505,3.127412,60668.293
18506,3.1258492,60671.418
18507,3.1229534,60674.54
18508,3.119461,60677.66
18509,3.116902,60680.777
18510,3.1163473,60683.895
18511,3.1179452,60687.01
18512,3.1208804,60690.133
18513,3.122448,60693.254
18514,3.1220615,60696.375
18515,3.1202464,60699.496
18516,3.1184018,60702.613
18517,3.1165705,60705.73
18518,3.1167939,60708.848
18519,3.118988,60711.965
18520,3.1215765,60715.086
18521,3.1236541,60718.21
18522,3.1252968,60721.336
18523,3.1270363,60724.465
18524,3.1271482,60727.594
18525,3.1256835,60730.72
18526,3.122339,60733.84
18527,3.1187775,60736.957
18528,3.1145744,60740.07
18529,3.1102688,60743.18
18530,3.109181,60746.29
18531,3.111506,60749.402
18532,3.1155362,60752.52
18533,3.1188593,60755.637
18534,3.1194625,60758.758
18535,3.1193469,60761.88
18536,3.1187449,60764.996
18537,3.11677,60768.113
18538,3.1149743,60771.227
18539,3.1145737,60774.34
18540,3.115674,60777.457
18541,3.1170294,60780.574
18542,3.117324,60783.69
18543,3.117469,60786.81
18544,3.1160758,60789.926
18545,3.114519,60793.04
18546,3.1143715,60796.152
18547,3.1157773,60799.27
18548,3.1170125,60802.387
18549,3.1181242,60805.504
18550,3.1186838,60808.62
18551,3.1181111,60811.74
18552,3.117,60814.855
18553,3.1169066,60817.973
18554,3.1179256,60821.09
18555,3.1202178,60824.21
18556,3.1220944,60827.332
18557,3.122763,60830.453
18558,3.122896,60833.574
18559,3.123575,60836.7
18560,3.1235826,60839.824
18561,3.1228588,60842.945
18562,3.1222136,60846.066
18563,3.1227036,60849.188
18564,3.1239426,60852.312
18565,3.125046,60855.438
18566,3.1255112,60858.562
18567,3.1255171,60861.688
18568,3.124201,60864.812
18569,3.1234252,60867.938
18570,3.1231084,60871.062
18571,3.1229174,60874.184
18572,3.121719,60877.305
18573,3.1204555,60880.426
18574,3.12016,60883.547
18575,3.120442,60886.668
18576,3.119421,60889.79
18577,3.117217,60892.906
18578,3.1148534,60896.02
18579,3.1153853,60899.137
18580,3.1175678,60902.254
18581,3.1180096,60905.37
18582,3.1169033,60908.49
18583,3.1160812,60911.605
18584,3.1162899,60914.723
18585,3.1159744,60917.84
18586,3.1151345,60920.953
18587,3.1144292,60924.066
18588,3.1152415,60927.184
18589,3.116562,60930.3
18590,3.117419,60933.418
18591,3.1175778,60936.535
18592,3.1170168,60939.652
18593,3.1167042,60942.77
18594,3.118368,60945.887
18595,3.1195335,60949.008
18596,3.1195648,60952.13
18597,3.118835,60955.246
18598,3.1182942,60958.363
18599,3.1181145,60961.48
18600,3.1179678,60964.598
18601,3.1181142,60967.715
18602,3.119309,60970.836
18603,3.1217763,60973.957
18604,3.1251562,60977.082
18605,3.1273172,60980.21
18606,3.1276283,60983.34
18607,3.1271498,60986.47
18608,3.1266077,60989.594
18609,3.1253645,60992.72
18610,3.1239073,60995.844
18611,3.123212,60998.97
18612,3.120985,61002.09
18613,3.1193624,61005.21
18614,3.1166565,61008.33
18615,3.1140456,61011.44
18616,3.1127102,61014.555
18617,3.1113062,61017.664
18618,3.110953,61020.773
18619,3.1093426,61023.883
18620,3.1086276,61026.992
18621,3.108649,61030.1
18622,3.1085057,61033.21
18623,3.1074708,61036.32
18624,3.1056926,61039.426
18625,3.104107,61042.53
18626,3.101555,61045.633
18627,3.0993948,61048.73
18628,3.0999799,61051.832
18629,3.1031704,61054.934
18630,3.1093068,61058.043
18631,3.116099,61061.16
18632,3.119922,61064.28
18633,3.1216266,61067.402
18634,3.119098,61070.52
18635,3.1164324,61073.637
18636,3.115432,61076.754
18637,3.1157846,61079.87
18638,3.1170065,61082.99
18639,3.117859,61086.105
18640,3.1180894,61089.223
18641,3.1200716,61092.344
18642,3.1230867,61095.47
18643,3.126376,61098.594
18644,3.1267138,61101.72
18645,3.1257222,61104.844
18646,3.1254754,61107.97
18647,3.1252234,61111.094
18648,3.1249394,61114.22
18649,3.1232343,61117.344
18650,3.1210332,61120.465
18651,3.1201,61123.586
18652,3.1208575,61126.707
18653,3.1222708,61129.83
18654,3.122867,61132.95
18655,3.1227593,61136.07
18656,3.1238165,61139.195
18657,3.1253846,61142.32
18658,3.126389,61145.445
18659,3.1270125,61148.574
18660,3.127352,61151.703
18661,3.1270626,61154.832
18662,3.126705,61157.957
18663,3.1265628,61161.082
18664,3.1261399,61164.207
18665,3.1259573,61167.332
18666,3.12683,61170.457
18667,3.1289072,61173.586
18668,3.1306229,61176.715
18669,3.1322038,61179.848
18670,3.1311724,61182.98
18671,3.1282175,61186.11
18672,3.1234403,61189.234
18673,3.11795,61192.35
18674,3.1165392,61195.47
18675,3.1180005,61198.586
18676,3.1210985,61201.707
18677,3.1242113,61204.832
18678,3.126491,61207.957
18679,3.1288784,61211.086
18680,3.128978,61214.215
18681,3.1287682,61217.344
18682,3.1301556,61220.473
18683,3.1310277,61223.605
18684,3.1311483,61226.74
18685,3.1296353,61229.867
18686,3.1280818,61232.996
18687,3.1284378,61236.125
18688,3.1287389,61239.254
18689,3.1293743,61242.383
18690,3.1306202,61245.51
18691,3.132815,61248.645
18692,3.134393,61251.777
18693,3.1356578,61254.914
18694,3.1371138,61258.05
18695,3.1392534,61261.19
18696,3.1406565,61264.332
18697,3.1418602,61267.473
18698,3.1429164,61270.617
18699,3.1432312,61273.76
18700,3.1421063,61276.902
18701,3.140916,61280.043
18702,3.1422865,61283.184
18703,3.1437619,61286.33
18704,3.144463,61289.473
18705,3.144062,61292.617
18706,3.1431289,61295.76
18707,3.141727,61298.902
18708,3.139203,61302.043
18709,3.1379313,61305.18
18710,3.137219,61308.316
18711,3.1376948,61311.453
18712,3.137214,61314.59
18713,3.1357412,61317.727
18714,3.1337912,61320.86
18715,3.1313443,61323.992
18716,3.1291106,61327.12
18717,3.1284008,61330.25
18718,3.128568,61333.38
18719,3.128601,61336.508
18720,3.128657,61339.637
18721,3.1283267,61342.766
18722,3.1279123,61345.895
18723,3.1278384,61349.023
18724,3.1292627,61352.152
18725,3.1316102,61355.285
18726,3.1347036,61358.418
18727,3.1366763,61361.555
18728,3.1369853,61364.69
18729,3.1367083,61367.83
18730,3.1373835,61370.965
18731,3.1391618,61374.105
18732,3.1384566,61377.242
18733,3.135423,61380.38
18734,3.132378,61383.51
18735,3.13008,61386.64
18736,3.1306136,61389.77
18737,3.1312804,61392.902
18738,3.1330059,61396.035
18739,3.1356232,61399.17
18740,3.1375706,61402.31
18741,3.1371593,61405.445
18742,3.135423,61408.582
18743,3.1331015,61411.715
18744,3.1316824,61414.848
18745,3.1305718,61417.977
18746,3.129082,61421.105
18747,3.1264408,61424.23
18748,3.1240988,61427.355
18749,3.1233535,61430.48
18750,3.124661,61433.605
18751,3.1262624,61436.73
18752,3.126994,61439.86
18753,3.1265905,61442.984
18754,3.1252263,61446.11
18755,3.1243422,61449.234
18756,3.1234996,61452.36
18757,3.1227689,61455.48
18758,3.1229143,61458.6
18759,3.1236596,61461.727
18760,3.1238766,61464.85
18761,3.123458,61467.977
18762,3.1230423,61471.098
18763,3.1217813,61474.22
18764,3.1211777,61477.34
18765,3.1211357,61480.46
18766,3.1228728,61483.582
18767,3.1246681,61486.707
18768,3.1266253,61489.832
18769,3.1286364,61492.96
18770,3.1293132,61496.09
18771,3.1291702,61499.22
18772,3.1289392,61502.348
18773,3.128849,61505.477
18774,3.1295314,61508.605
18775,3.1296153,61511.734
18776,3.1290886,61514.863
18777,3.1285868,61517.992
18778,3.1282666,61521.12
18779,3.1290567,61524.25
18780,3.1303256,61527.38
18781,3.1317651,61530.51
18782,3.1334937,61533.645
18783,3.134782,61536.78
18784,3.1357596,61539.918
18785,3.136717,61543.055
18786,3.138514,61546.19
18787,3.1412256,61549.332
18788,3.143433,61552.477
18789,3.1441207,61555.62
18790,3.1426709,61558.766
18791,3.140468,61561.906
18792,3.1398027,61565.047
18793,3.1389275,61568.188
18794,3.1381693,61571.324
18795,3.137482,61574.46
18796,3.1374176,61577.598
18797,3.1372933,61580.734
18798,3.1375885,61583.87
18799,3.1390529,61587.01
18800,3.1397831,61590.152
18801,3.1405368,61593.293
18802,3.1415977,61596.434
18803,3.1418822,61599.574
18804,3.1425328,61602.715
18805,3.1436522,61605.86
18806,3.1444228,61609.004
18807,3.1454155,61612.15
18808,3.145832,61615.293
18809,3.1452641,61618.438
18810,3.1429362,61621.582
18811,3.1400816,61624.723
18812,3.1375136,61627.86
18813,3.134824,61630.996
18814,3.1318154,61634.13
18815,3.1303625,61637.258
18816,3.1312363,61640.39
18817,3.1321096,61643.523
18818,3.1327972,61646.656
18819,3.1332839,61649.79
18820,3.1325586,61652.92
18821,3.1316457,61656.055
18822,3.130548,61659.184
18823,3.1288714,61662.312
18824,3.1270776,61665.44
18825,3.12485,61668.566
18826,3.1218734,61671.688
18827,3.119594,61674.81
18828,3.117688,61677.926
18829,3.1163352,61681.043
18830,3.1156633,61684.16
18831,3.1145809,61687.273
18832,3.1145973,61690.387
18833,3.1144357,61693.5
18834,3.1150792,61696.613
18835,3.1165555,61699.73
18836,3.1172643,61702.848
18837,3.1172216,61705.965
18838,3.1151636,61709.08
18839,3.1135967,61712.19
18840,3.114695,61715.305
18841,3.1177642,61718.42
18842,3.1206439,61721.543
18843,3.1224802,61724.664
18844,3.123762,61727.79
18845,3.123624,61730.914
18846,3.122405,61734.035
18847,3.120912,61737.156
18848,3.120758,61740.277
18849,3.121006,61743.4
18850,3.1225743,61746.52
18851,3.1243756,61749.645
18852,3.1239383,61752.77
18853,3.1223125,61755.89
18854,3.1217806,61759.01
18855,3.121909,61762.133
18856,3.121345,61765.254
18857,3.120084,61768.375
18858,3.1197698,61771.496
18859,3.119295,61774.617
18860,3.1185503,61777.734
18861,3.1169941,61780.85
18862,3.1165962,61783.97
18863,3.1174986,61787.086
18864,3.1180904,61790.203
18865,3.118146,61793.32
18866,3.1176648,61796.438
18867,3.1182191,61799.555
18868,3.1199744,61802.676
18869,3.1199863,61805.797
18870,3.1171787,61808.914
18871,3.113273,61812.027
18872,3.1117349,61815.14
18873,3.1108103,61818.25
18874,3.1104088,61821.36
18875,3.109395,61824.47
18876,3.1094835,61827.58
18877,3.110116,61830.688
18878,3.110392,61833.797
18879,3.1103642,61836.906
18880,3.1104004,61840.016
18881,3.1105614,61843.125
18882,3.1094208,61846.234
18883,3.1084337,61849.344
18884,3.1083777,61852.453
18885,3.1090457,61855.562
18886,3.1098387,61858.67
18887,3.1100543,61861.78
18888,3.111049,61864.89
18889,3.1128075,61868.004
18890,3.1139538,61871.117
18891,3.1139343,61874.23
18892,3.1135793,61877.344
18893,3.1136103,61880.457
18894,3.1130273,61883.57
18895,3.1125457,61886.684
18896,3.1140056,61889.797
18897,3.1157658,61892.914
18898,3.117926,61896.03
18899,3.12014,61899.152
18900,3.1224895,61902.273
18901,3.124668,61905.4
18902,3.1273983,61908.527
18903,3.1304126,61911.656
18904,3.1327553,61914.79
18905,3.1346066,61917.92
18906,3.1345034,61921.055
18907,3.133837,61924.188
18908,3.1322546,61927.32
18909,3.1312332,61930.453
18910,3.1314437,61933.586
18911,3.1316903,61936.72
18912,3.131021,61939.85
18913,3.129369,61942.98
18914,3.128806,61946.11
18915,3.128487,61949.24
18916,3.1283405,61952.367
18917,3.1279023,61955.496
18918,3.12754,61958.625
18919,3.126367,61961.75
18920,3.1236658,61964.875
18921,3.1209478,61967.996
18922,3.1181588,61971.113
18923,3.1175961,61974.23
18924,3.1197963,61977.35
18925,3.1224368,61980.473
18926,3.12387,61983.598
18927,3.1244226,61986.723
18928,3.1224618,61989.844
18929,3.1201413,61992.965
18930,3.1185415,61996.082
18931,3.1156826,61999.2
18932,3.1136034,62002.312
18933,3.1120317,62005.426
18934,3.1101906,62008.535
18935,3.1094065,62011.645
18936,3.1092856,62014.754
18937,3.10982,62017.863
18938,3.1116486,62020.977
18939,3.1133428,62024.09
18940,3.1114953,62027.203
18941,3.1083455,62030.312
18942,3.1065552,62033.418
18943,3.1085308,62036.527
18944,3.111672,62039.64
18945,3.1151562,62042.754
18946,3.1164846,62045.87
18947,3.116902,62048.99
18948,3.11637,62052.105
18949,3.1151223,62055.22
18950,3.1140714,62058.332
18951,3.1134272,62061.445
18952,3.1125357,62064.56
18953,3.1122558,62067.67
18954,3.1134841,62070.785
18955,3.1140869,62073.9
18956,3.1134317,62077.01
18957,3.1126454,62080.125
18958,3.1109796,62083.234
18959,3.109966,62086.344
18960,3.1099427,62089.453
18961,3.1106267,62092.562
18962,3.1106014,62095.67
18963,3.1096063,62098.78
18964,3.1094692,62101.89
18965,3.1105938,62105.0
18966,3.1122885,62108.113
18967,3.1122181,62111.227
18968,3.111412,62114.34
18969,3.109869,62117.45
18970,3.1093469,62120.56
18971,3.1094046,62123.668
18972,3.110073,62126.777
18973,3.1122391,62129.89
18974,3.1137612,62133.004
18975,3.113511,62136.117
18976,3.112403,62139.23
18977,3.110744,62142.34
18978,3.1084173,62145.45
18979,3.1070385,62148.555
18980,3.106873,62151.66
18981,3.108381,62154.77
18982,3.1086483,62157.88
18983,3.1085908,62160.99
18984,3.1079397,62164.098
18985,3.1080916,62167.207
18986,3.1089737,62170.316
18987,3.1106403,62173.426
18988,3.1111696,62176.535
18989,3.1104589,62179.645
18990,3.109963,62182.754
18991,3.1084728,62185.863
18992,3.1086264,62188.973
18993,3.1093512,62192.082
18994,3.108538,62195.19
18995,3.1059465,62198.297
18996,3.103825,62201.402
18997,3.1023343,62204.504
18998,3.1013498,62207.605
18999,3.1013842,62210.707
19000,3.1023118,62213.81
19001,3.103567,62216.914
19002,3.1058269,62220.02
19003,3.1080415,62223.13
19004,3.1105032,62226.24
19005,3.11228,62229.35
19006,3.112714,62232.465
19007,3.1123374,62235.58
19008,3.1113741,62238.69
19009,3.1105175,62241.8
19010,3.1117036,62244.914
19011,3.1123657,62248.027
19012,3.1125968,62251.14
19013,3.1125226,62254.254
19014,3.1142688,62257.367
19015,3.1168034,62260.484
19016,3.1177423,62263.6
19017,3.1181154,62266.72
19018,3.1182208,62269.836
19019,3.1192102,62272.957
19020,3.12003,62276.08
19021,3.12141,62279.2
19022,3.122087,62282.32
19023,3.1216931,62285.44
19024,3.121217,62288.562
19025,3.1215408,62291.684
19026,3.1216204,62294.805
19027,3.1212294,62297.926
19028,3.1211925,62301.047
19029,3.1204345,62304.168
19030,3.1185563,62307.285
19031,3.1160414,62310.402
19032,3.1152618,62313.52
19033,3.1158714,62316.637
19034,3.1177037,62319.754
19035,3.1199877,62322.875
19036,3.1226447,62325.996
19037,3.1260746,62329.12
19038,3.129692,62332.25
19039,3.1325672,62335.383
19040,3.1334167,62338.516
19041,3.1329203,62341.65
19042,3.1313195,62344.78
19043,3.1299934,62347.91
19044,3.1293395,62351.04
19045,3.1289198,62354.168
19046,3.129802,62357.297
19047,3.1317427,62360.43
19048,3.1349585,62363.566
19049,3.138128,62366.703
19050,3.1415741,62369.844
19051,3.144079,62372.99
19052,3.1433828,62376.133
19053,3.1409514,62379.273
19054,3.1374855,62382.41
19055,3.1337523,62385.543
19056,3.1301537,62388.67
19057,3.1270506,62391.8
19058,3.1257472,62394.926
19059,3.1253612,62398.05
19060,3.1251805,62401.176
19061,3.126111,62404.3
19062,3.125018,62407.426
19063,3.1224945,62410.547
19064,3.1202283,62413.668
19065,3.1184404,62416.785
19066,3.117564,62419.902
19067,3.1172738,62423.02
19068,3.1194806,62426.14
19069,3.1221206,62429.26
19070,3.1230996,62432.387
19071,3.1225665,62435.508
19072,3.120945,62438.63
19073,3.120068,62441.75
19074,3.12156,62444.87
19075,3.1236966,62447.996
19076,3.12388,62451.12
19077,3.122243,62454.242
19078,3.120528,62457.363
19079,3.1180394,62460.48
19080,3.1157227,62463.598
19081,3.114591,62466.71
19082,3.1147342,62469.824
19083,3.1158702,62472.94
19084,3.1181538,62476.06
19085,3.120693,62479.18
19086,3.1225193,62482.3
19087,3.1244516,62485.426
19088,3.1248953,62488.55
19089,3.1251135,62491.676
19090,3.125422,62494.8
19091,3.1251147,62497.926
19092,3.1250079,62501.05
19093,3.125996,62504.176
19094,3.1289515,62507.305
19095,3.1319766,62510.438
19096,3.1344345,62513.57
19097,3.1358783,62516.707
19098,3.1369574,62519.844
19099,3.1383095,62522.98
19100,3.1383023,62526.117
19101,3.1374044,62529.254
19102,3.136455,62532.39
19103,3.1354473,62535.527
19104,3.135904,62538.664
19105,3.1362772,62541.8
19106,3.137205,62544.938
19107,3.1379356,62548.074
19108,3.1395812,62551.215
19109,3.140816,62554.355
19110,3.140129,62557.496
19111,3.1384223,62560.633
19112,3.1368353,62563.77
19113,3.1371255,62566.906
19114,3.13803,62570.043
19115,3.13822,62573.18
19116,3.1387339,62576.32
19117,3.1392093,62579.46
19118,3.139123,62582.6
19119,3.138242,62585.74
19120,3.1369927,62588.875
19121,3.135678,62592.01
19122,3.1351106,62595.15
19123,3.1353378,62598.285
19124,3.1365018,62601.42
19125,3.1387634,62604.562
19126,3.140231,62607.703
19127,3.1409655,62610.844
19128,3.1406384,62613.984
19129,3.1406844,62617.125
19130,3.141572,62620.266
19131,3.1427472,62623.41
19132,3.1438134,62626.555
19133,3.1444974,62629.7
19134,3.1444638,62632.844
19135,3.144269,62635.99
19136,3.1431744,62639.133
19137,3.1423147,62642.273
19138,3.1420915,62645.414
19139,3.1435785,62648.56
19140,3.144807,62651.703
19141,3.1457434,62654.848
19142,3.1446877,62657.992
19143,3.142961,62661.137
19144,3.1433318,62664.28
19145,3.1427715,62667.426
19146,3.1412292,62670.566
19147,3.1380227,62673.703
19148,3.1343582,62676.836
19149,3.1321282,62679.97
19150,3.1320903,62683.1
19151,3.1330388,62686.234
19152,3.1335487,62689.367
19153,3.133861,62692.5
19154,3.1338832,62695.633
19155,3.1335242,62698.766
19156,3.1317892,62701.9
19157,3.1308694,62705.03
19158,3.1298952,62708.16
19159,3.1299663,62711.29
19160,3.1313162,62714.42
19161,3.1329677,62717.555
19162,3.1351006,62720.69
19163,3.137195,62723.83
19164,3.139073,62726.97
19165,3.1403258,62730.11
19166,3.141545,62733.25
19167,3.142669,62736.395
19168,3.1436305,62739.54
19169,3.1444829,62742.684
19170,3.1442401,62745.83
19171,3.1432323,62748.973
19172,3.1414013,62752.113
19173,3.1402278,62755.254
19174,3.139685,62758.395
19175,3.1394577,62761.535
19176,3.1379755,62764.67
19177,3.1353722,62767.81
19178,3.1335375,62770.94
19179,3.1332343,62774.074
19180,3.1335645,62777.207
19181,3.1334622,62780.34
19182,3.133344,62783.473
19183,3.1321635,62786.605
19184,3.130818,62789.734
19185,3.1290016,62792.863
19186,3.127364,62795.992
19187,3.1257405,62799.117
19188,3.125371,62802.242
19189,3.1252675,62805.367
19190,3.1257777,62808.492
19191,3.1267183,62811.617
19192,3.1285183,62814.746
19193,3.1304414,62817.875
19194,3.130642,62821.004
19195,3.1297753,62824.133
19196,3.128671,62827.26
19197,3.1272607,62830.39
19198,3.1271548,62833.52
19199,3.1271257,62836.65
19200,3.1278207,62839.777
19201,3.1286104,62842.906
19202,3.129301,62846.035
19203,3.1309123,62849.168
19204,3.1324096,62852.3
19205,3.133484,62855.434
19206,3.13276,62858.566
19207,3.1310642,62861.7
19208,3.129038,62864.83
19209,3.1279092,62867.957
19210,3.1268811,62871.082
19211,3.1268063,62874.207
19212,3.1272533,62877.336
19213,3.1279647,62880.465
19214,3.1290238,62883.594
19215,3.1302822,62886.723
19216,3.1310031,62889.855
19217,3.1308708,62892.99
19218,3.1309,62896.12
19219,3.1301632,62899.25
19220,3.1294494,62902.38
19221,3.1286554,62905.508
19222,3.1272063,62908.637
19223,3.1256456,62911.76
19224,3.1242845,62914.887
19225,3.1231558,62918.01
19226,3.1233215,62921.137
19227,3.1237369,62924.26
19228,3.124797,62927.387
19229,3.125447,62930.51
19230,3.1265826,62933.637
19231,3.1287885,62936.766
19232,3.1318307,62939.9
19233,3.1346502,62943.03
19234,3.1352215,62946.168
19235,3.1348193,62949.305
19236,3.1349316,62952.44
19237,3.135653,62955.58
19238,3.1369853,62958.715
19239,3.1373074,62961.85
19240,3.1361911,62964.99
19241,3.1356497,62968.125
19242,3.135693,62971.26
19243,3.1358962,62974.4
19244,3.136321,62977.535
19245,3.1359963,62980.67
19246,3.1342354,62983.805
19247,3.1335244,62986.938
19248,3.1331353,62990.07
19249,3.132668,62993.203
19250,3.1310964,62996.336
19251,3.1299179,62999.465
19252,3.1308498,63002.594
19253,3.13358,63005.727
19254,3.1347625,63008.86
19255,3.1341524,63011.992
19256,3.1310446,63015.125
19257,3.1277368,63018.254
19258,3.1264942,63021.38
19259,3.1261928,63024.504
19260,3.1255636,63027.63
19261,3.1241784,63030.754
19262,3.1230211,63033.875
19263,3.1230724,63037.0
19264,3.1236162,63040.125
19265,3.1241076,63043.25
19266,3.1262178,63046.375
19267,3.1303635,63049.504
19268,3.1341956,63052.637
19269,3.1353471,63055.773
19270,3.1340544,63058.906
19271,3.1329312,63062.04
19272,3.1326318,63065.17
19273,3.1324584,63068.305
19274,3.132343,63071.438
19275,3.132765,63074.57
19276,3.1335938,63077.703
19277,3.1340353,63080.836
19278,3.1320577,63083.97
19279,3.1288006,63087.098
19280,3.1268098,63090.223
19281,3.126366,63093.348
19282,3.1261218,63096.473
19283,3.1254451,63099.598
19284,3.1252463,63102.723
19285,3.1250093,63105.848
19286,3.1246312,63108.973
19287,3.1235836,63112.098
19288,3.1218522,63115.22
19289,3.1198125,63118.34
19290,3.1187267,63121.457
19291,3.1197705,63124.58
19292,3.1233084,63127.703
19293,3.1261759,63130.83
19294,3.1272435,63133.957
19295,3.1241832,63137.082
19296,3.119352,63140.203
19297,3.1150517,63143.316
19298,3.1131408,63146.43
19299,3.1128151,63149.543
19300,3.111932,63152.656
19301,3.1105034,63155.766
19302,3.1093435,63158.875
19303,3.1087198,63161.984
19304,3.1085494,63165.094
19305,3.1085765,63168.203
19306,3.110417,63171.312
19307,3.111944,63174.426
19308,3.1108346,63177.535
19309,3.1090093,63180.645
19310,3.108549,63183.754
19311,3.1084619,63186.863
19312,3.1100588,63189.973
19313,3.1119573,63193.086
19314,3.1138582,63196.2
19315,3.1158595,63199.316
19316,3.1178284,63202.434
19317,3.1189127,63205.55
19318,3.1186318,63208.668
19319,3.1180608,63211.785
19320,3.116283,63214.902
19321,3.1145391,63218.016
19322,3.1146376,63221.13
19323,3.1164408,63224.246
19324,3.1216738,63227.367
19325,3.1260026,63230.492
19326,3.1286669,63233.62
19327,3.1302931,63236.75
19328,3.1328278,63239.883
19329,3.1336126,63243.016
19330,3.1335454,63246.15
19331,3.1336708,63249.28
19332,3.1341946,63252.414
19333,3.1344836,63255.547
19334,3.1359575,63258.684
19335,3.1384091,63261.82
19336,3.1399734,63264.96
19337,3.14113,63268.1
19338,3.142368,63271.242
19339,3.1440027,63274.387
19340,3.1450763,63277.53
19341,3.1461198,63280.676
19342,3.1469424,63283.824
19343,3.1477456,63286.973
19344,3.148469,63290.12
19345,3.148522,63293.27
19346,3.149274,63296.418
19347,3.1504157,63299.57
19348,3.1516576,63302.723
19349,3.1526005,63305.875
19350,3.1538916,63309.027
19351,3.1547265,63312.184
19352,3.1547763,63315.34
19353,3.1544476,63318.496
19354,3.1550937,63321.652
19355,3.1534579,63324.805
19356,3.1470962,63327.953
19357,3.1406832,63331.094
19358,3.1319036,63334.227
19359,3.1243856,63337.35
19360,3.1149874,63340.465
19361,3.1063724,63343.57
19362,3.0968542,63346.668
19363,3.0892627,63349.758
19364,3.0813625,63352.84
19365,3.0746067,63355.914
19366,3.068048,63358.98
19367,3.064519,63362.047
19368,3.0622766,63365.11
19369,3.063186,63368.17
19370,3.065092,63371.24
19371,3.0678592,63374.305
19372,3.070658,63377.375
19373,3.0728316,63380.45
19374,3.07435,63383.523
19375,3.0751617,63386.598
19376,3.075657,63389.67
19377,3.0757744,63392.746
19378,3.076532,63395.824
19379,3.0776305,63398.902
19380,3.078607,63401.98
19381,3.0789902,63405.06
19382,3.079834,63408.137
19383,3.0819097,63411.22
19384,3.0837753,63414.3
19385,3.085375,63417.387
19386,3.085817,63420.473
19387,3.086729,63423.56
19388,3.0877447,63426.645
19389,3.0883386,63429.734
19390,3.08736,63432.82
19391,3.0856829,63435.906
19392,3.0830739,63438.99
19393,3.0798101,63442.066
19394,3.075191,63445.14
19395,3.0688486,63448.21
19396,3.0606089,63451.273
19397,3.0603235,63454.332
19398,3.0754464,63457.406
19399,3.0845373,63460.492
19400,3.0853078,63463.58
19401,3.0842593,63466.664
19402,3.0831106,63469.746
19403,3.0832088,63472.83
19404,3.081337,63475.91
19405,3.0771704,63478.99
19406,3.0719218,63482.06
19407,3.066435,63485.125
19408,3.0606277,63488.188
19409,3.0542297,63491.242
19410,3.047286,63494.29
19411,3.038959,63497.33
19412,3.031287,63500.36
19413,3.0230086,63503.383
19414,3.0165515,63506.4
19415,3.0099204,63509.41
19416,3.0051272,63512.414
19417,2.999537,63515.414
19418,2.9954324,63518.41
19419,2.9912348,63521.402
19420,2.989128,63524.39
19421,2.9857008,63527.375
19422,2.9838195,63530.36
19423,2.9802938,63533.34
19424,2.9784462,63536.316
19425,2.9756901,63539.293
19426,2.974559,63542.266
19427,2.97236,63545.24
19428,2.9704516,63548.207
19429,2.9663107,63551.17
19430,2.9628246,63554.133
19431,2.9585934,63557.09
19432,2.9558337,63560.047
19433,2.9542754,63563.0
19434,2.9547184,63565.953
19435,2.9574962,63568.91
19436,2.9620297,63571.87
19437,2.9661117,63574.836
19438,2.968673,63577.805
19439,2.9695513,63580.773
19440,2.9714358,63583.746
19441,2.9729812,63586.72
19442,2.976067,63589.695
19443,2.9774697,63592.67
19444,2.9805577,63595.652
19445,2.982507,63598.637
19446,2.9888606,63601.625
19447,2.9931054,63604.617
19448,2.9988506,63607.617
19449,3.0005367,63610.617
19450,3.0012496,63613.617
19451,2.9994614,63616.617
19452,2.9977353,63619.613
19453,2.9952264,63622.61
19454,2.9920115,63625.6
19455,2.9889379,63628.59
19456,2.9861674,63631.574
19457,2.9836514,63634.56
19458,2.985353,63637.543
19459,2.9875407,63640.53
19460,2.9693158,63643.5
19461,2.977326,63646.477
19462,2.9788768,63649.457
19463,2.9963427,63652.453
19464,3.0085988,63655.46
19465,3.0293822,63658.492
19466,3.0457828,63661.54
19467,3.0713484,63664.61
19468,3.0930026,63667.703
19469,3.12084,63670.824
19470,3.141602,63673.965
19471,3.164826,63677.13
19472,3.1805458,63680.31
19473,3.1981134,63683.508
19474,3.2104132,63686.72
19475,3.2261236,63689.945
19476,3.240512,63693.188
19477,3.2574456,63696.445
19478,3.2711895,63699.715
19479,3.2852376,63703.0
19480,3.2963378,63706.297
19481,3.306505,63709.6
19482,3.3142886,63712.914
19483,3.3226166,63716.24
19484,3.3297772,63719.566
19485,3.3360217,63722.902
19486,3.3394015,63726.242
19487,3.3406727,63729.582
19488,3.3368065,63732.918
19489,3.3271227,63736.246
19490,3.3063424,63739.55
19491,3.2692742,63742.82
19492,3.2165167,63746.035
19493,3.1747522,63749.21
19494,3.1584268,63752.37
19495,3.1554997,63755.527
19496,3.156391,63758.684
19497,3.1582735,63761.844
19498,3.1603749,63765.004
19499,3.1620853,63768.164
19500,3.1631844,63771.33
19501,3.1636572,63774.492
19502,3.1634154,63777.656
19503,3.162499,63780.82
19504,3.1616526,63783.98
19505,3.159764,63787.14
19506,3.1544235,63790.297
19507,3.145288,63793.44
19508,3.1349816,63796.58
19509,3.123178,63799.703
19510,3.1105924,63802.812
19511,3.0962381,63805.91
19512,3.0821033,63808.992
19513,3.0667706,63812.06
19514,3.05338,63815.113
19515,3.0420547,63818.156
19516,3.0371683,63821.195
19517,3.0525844,63824.246
19518,3.1164093,63827.363
19519,3.1532257,63830.516
19520,3.1508136,63833.668
19521,3.1304822,63836.797
19522,3.1369326,63839.934
19523,3.1288238,63843.062
19524,3.1211438,63846.184
19525,3.1138449,63849.297
19526,3.1072204,63852.402
19527,3.1027029,63855.504
19528,3.102146,63858.605
19529,3.1035893,63861.71
19530,3.105589,63864.816
19531,3.1096072,63867.926
19532,3.1147685,63871.04
19533,3.1206467,63874.16
19534,3.1190326,63877.277
19535,3.0976677,63880.375
19536,3.059664,63883.434
19537,3.037941,63886.473
19538,3.029756,63889.504
19539,3.025645,63892.53
19540,3.0232348,63895.555
19541,3.0207522,63898.574
19542,3.0179873,63901.594
19543,3.0148118,63904.61
19544,3.012239,63907.62
19545,3.0116773,63910.633
19546,3.0139842,63913.65
19547,3.016679,63916.664
19548,3.018183,63919.684
19549,3.0189133,63922.703
19550,3.0196645,63925.723
19551,3.0200458,63928.742
19552,3.0205684,63931.76
19553,3.0212786,63934.78
19554,3.0217345,63937.805
19555,3.02193,63940.83
19556,3.0216765,63943.85
19557,3.0212843,63946.87
19558,3.0195668,63949.89
19559,3.0174422,63952.906
19560,3.0145912,63955.92
19561,3.0118306,63958.934
19562,3.008541,63961.94
19563,3.0052037,63964.945
19564,3.0016546,63967.945
19565,2.9981406,63970.945
19566,2.9934585,63973.938
19567,2.9877841,63976.926
19568,2.9801784,63979.906
19569,2.9720736,63982.88
19570,2.96358,63985.844
19571,2.9545095,63988.797
19572,2.9453857,63991.742
19573,2.9366302,63994.68
19574,2.9275866,63997.605
19575,2.9181354,64000.523
19576,2.907742,64003.43
19577,2.8967988,64006.33
19578,2.887839,64009.215
19579,2.881235,64012.098
19580,2.8785064,64014.977
19581,2.877892,64017.855
19582,2.8813283,64020.74
19583,2.8901644,64023.63
19584,2.9063416,64026.535
19585,2.9185796,64029.453
19586,2.9270542,64032.38
19587,2.9332173,64035.312
19588,2.9394543,64038.254
19589,2.9429944,64041.195
19590,2.9443266,64044.14
19591,2.9407341,64047.082
19592,2.9336426,64050.016
19593,2.9273193,64052.94
19594,2.923334,64055.863
19595,2.918912,64058.78
19596,2.9152489,64061.695
19597,2.911326,64064.605
19598,2.9076815,64067.51
19599,2.9037561,64070.414
19600,2.9000866,64073.312
19601,2.8962502,64076.207
19602,2.893383,64079.1
19603,2.8911722,64081.992
19604,2.895146,64084.887
19605,2.9025097,64087.79
19606,2.9132347,64090.703
19607,2.9245336,64093.63
19608,2.9358978,64096.566
19609,2.9463053,64099.51
19610,2.9566379,64102.47
19611,2.9643142,64105.434
19612,2.9706087,64108.402
19613,2.975556,64111.38
19614,2.9810476,64114.36
19615,2.9854648,64117.344
19616,2.9905353,64120.336
19617,2.9951553,64123.332
19618,2.9979842,64126.33
19619,3.0006692,64129.33
19620,3.003269,64132.332
19621,3.0061383,64135.34
19622,3.0068767,64138.348
19623,3.007286,64141.355
19624,3.0050328,64144.36
19625,3.0017786,64147.36
19626,2.9935317,64150.35
19627,2.9821923,64153.332
19628,2.9688208,64156.3
19629,2.9541366,64159.254
19630,2.9391277,64162.19
19631,2.9241228,64165.117
19632,2.9086032,64168.027
19633,2.89257,64170.918
19634,2.872805,64173.79
19635,2.849252,64176.637
19636,2.820808,64179.457
19637,2.7961617,64182.254
19638,2.778643,64185.03
19639,2.7622387,64187.793
19640,2.7471805,64190.54
19641,2.7316523,64193.27
19642,2.7181406,64195.99
19643,2.703143,64198.69
19644,2.684519,64201.375
19645,2.6620002,64204.035
19646,2.6407847,64206.676
19647,2.618994,64209.293
19648,2.5976005,64211.89
19649,2.5762062,64214.47
19650,2.5559134,64217.023
19651,2.537953,64219.562
19652,2.5256984,64222.09
19653,2.5155563,64224.605
19654,2.5053937,64227.11
19655,2.500893,64229.61
19656,2.4980865,64232.11
19657,2.5022342,64234.613
19658,2.5014777,64237.113
19659,2.5030217,64239.617
19660,2.5010283,64242.117
19661,2.5007176,64244.617
19662,2.499142,64247.117
19663,2.503576,64249.62
19664,2.506298,64252.13
19665,2.513855,64254.645
19666,2.5149071,64257.16
19667,2.5134773,64259.67
19668,2.5130317,64262.184
19669,2.5139143,64264.7
19670,2.5146363,64267.215
19671,2.517797,64269.734
19672,2.5183487,64272.254
19673,2.518982,64274.773
19674,2.51879,64277.293
19675,2.519304,64279.812
19676,2.5187595,64282.332
19677,2.5133355,64284.844
19678,2.5085034,64287.35
19679,2.5006428,64289.85
19680,2.4967375,64292.348
19681,2.4943893,64294.844
19682,2.4966512,64297.34
19683,2.497808,64299.836
19684,2.4994233,64302.336
19685,2.500752,64304.836
19686,2.5012822,64307.336
19687,2.498666,64309.836
19688,2.498116,64312.336
19689,2.4951444,64314.832
19690,2.493541,64317.324
19691,2.4935367,64319.816
19692,2.494844,64322.312
19693,2.4973347,64324.81
19694,2.4998336,64327.31
19695,2.5025673,64329.812
19696,2.5039034,64332.316
19697,2.5045137,64334.82
19698,2.5049531,64337.324
19699,2.505559,64339.83
19700,2.5079293,64342.336
19701,2.5163333,64344.85
19702,2.5208695,64347.37
19703,2.5312924,64349.902
19704,2.537387,64352.44
19705,2.5448325,64354.984
19706,2.5429704,64357.527
19707,2.5344954,64360.062
19708,2.5223846,64362.586
19709,2.5211363,64365.105
19710,2.5294304,64367.637
19711,2.5437505,64370.18
19712,2.5495992,64372.73
19713,2.5546842,64375.285
19714,2.5665298,64377.85
19715,2.5776572,64380.43
19716,2.573433,64383.004
19717,2.5701308,64385.574
19718,2.5517828,64388.125
19719,2.519504,64390.645
19720,2.5109704,64393.156
19721,2.513312,64395.668
19722,2.5191433,64398.188
19723,2.5347307,64400.723
19724,2.5264452,64403.25
19725,2.5186899,64405.77
19726,2.5132403,64408.28
19727,2.5101712,64410.793
19728,2.5150752,64413.31
19729,2.5528939,64415.863
19730,2.5201395,64418.383
19731,2.5091805,64420.89
19732,2.501428,64423.39
19733,2.4977684,64425.887
19734,2.497609,64428.383
19735,2.4998589,64430.883
19736,2.4989874,64433.383
19737,2.4990973,64435.883
19738,2.5009444,64438.383
19739,2.5047438,64440.887
19740,2.5046172,64443.39
19741,2.5024338,64445.895
19742,2.4966838,64448.39
19743,2.4939423,64450.883
19744,2.492813,64453.375
19745,2.492093,64455.867
19746,2.4924655,64458.36
19747,2.4929569,64460.85
19748,2.4928463,64463.344
19749,2.491904,64465.836
19750,2.4897532,64468.324
19751,2.487794,64470.812
19752,2.4847205,64473.297
19753,2.4818542,64475.777
19754,2.4793565,64478.258
19755,2.4782298,64480.734
19756,2.479006,64483.215
19757,2.479744,64485.695
19758,2.4824822,64488.18
19759,2.4860752,64490.664
19760,2.4904199,64493.156
19761,2.4947627,64495.652
19762,2.4980512,64498.152
19763,2.5009933,64500.652
19764,2.5024705,64503.156
19765,2.5029836,64505.66
19766,2.5046992,64508.164
19767,2.5064068,64510.67
19768,2.5078762,64513.18
19769,2.5091562,64515.688
19770,2.5088885,64518.195
19771,2.508771,64520.703
19772,2.5088494,64523.21
19773,2.5090775,64525.72
19774,2.5111659,64528.23
19775,2.5136013,64530.742
19776,2.519455,64533.26
19777,2.5276318,64535.79
19778,2.5363233,64538.324
19779,2.5433142,64540.867
19780,2.5486252,64543.414
19781,2.5528605,64545.97
19782,2.555603,64548.523
19783,2.5590072,64551.082
19784,2.566847,64553.65
19785,2.5758462,64556.223
19786,2.5853927,64558.81
19787,2.5940921,64561.402
19788,2.6020544,64564.004
19789,2.6073744,64566.61
19790,2.6128097,64569.223
19791,2.618618,64571.84
19792,2.6264193,64574.465
19793,2.6368926,64577.1
19794,2.6490219,64579.75
19795,2.6639898,64582.414
19796,2.6784267,64585.094
19797,2.691047,64587.785
19798,2.6960971,64590.48
19799,2.6959958,64593.176
19800,2.6940706,64595.87
19801,2.6927657,64598.562
19802,2.692953,64601.254
19803,2.6926224,64603.945
19804,2.6980548,64606.645
19805,2.7066185,64609.35
19806,2.714367,64612.066
19807,2.7203898,64614.785
19808,2.7239633,64617.508
19809,2.727697,64620.234
19810,2.7322516,64622.965
19811,2.737932,64625.703
19812,2.7421775,64628.445
19813,2.7438335,64631.188
19814,2.7463336,64633.934
19815,2.7499657,64636.684
19816,2.750703,64639.434
19817,2.7478225,64642.18
19818,2.7454965,64644.926
19819,2.7441444,64647.67
19820,2.7465715,64650.418
19821,2.7518497,64653.168
19822,2.760944,64655.93
19823,2.7727027,64658.703
19824,2.782019,64661.484
19825,2.7882662,64664.273
19826,2.7913468,64667.066
19827,2.7942026,64669.86
19828,2.7975948,64672.656
19829,2.8004308,64675.457
19830,2.8014424,64678.258
19831,2.8026178,64681.06
19832,2.8024242,64683.86
19833,2.8024683,64686.66
19834,2.8014798,64689.46
19835,2.8015356,64692.26
19836,2.800683,64695.062
19837,2.7995822,64697.863
19838,2.7985072,64700.66
19839,2.797405,64703.457
19840,2.79682,64706.254
19841,2.7949722,64709.05
19842,2.794669,64711.844
19843,2.7943513,64714.637
19844,2.795967,64717.434
19845,2.7983181,64720.23
19846,2.7978823,64723.027
19847,2.7958865,64725.824
19848,2.7933023,64728.617
19849,2.7927954,64731.41
19850,2.794294,64734.203
19851,2.7955873,64737.0
19852,2.7951055,64739.797
19853,2.7942824,64742.59
19854,2.7908993,64745.38
19855,2.785429,64748.164
19856,2.779682,64750.945
19857,2.7757676,64753.723
19858,2.7773383,64756.5
19859,2.7827616,64759.28
19860,2.7860034,64762.066
19861,2.7878466,64764.855
19862,2.7873824,64767.645
19863,2.7890651,64770.434
19864,2.7900317,64773.223
19865,2.7890773,64776.01
19866,2.7870016,64778.797
19867,2.7850494,64781.582
19868,2.7849095,64784.367
19869,2.7855394,64787.152
19870,2.7881832,64789.94
19871,2.7912438,64792.734
19872,2.7919104,64795.527
19873,2.7911077,64798.32
19874,2.7911296,64801.113
19875,2.7925801,64803.906
19876,2.7953439,64806.703
19877,2.7987466,64809.5
19878,2.801712,64812.3
19879,2.8022554,64815.1
19880,2.8023849,64817.902
19881,2.8022635,64820.703
19882,2.8016012,64823.504
19883,2.8011796,64826.305
19884,2.8030388,64829.11
19885,2.8057218,64831.914
19886,2.8074646,64834.723
19887,2.8083923,64837.53
19888,2.8079891,64840.34
19889,2.8081958,64843.15
19890,2.8107796,64845.96
19891,2.8158252,64848.777
19892,2.8205109,64851.598
19893,2.823417,64854.42
19894,2.8223684,64857.246
19895,2.8210328,64860.066
19896,2.822845,64862.89
19897,2.8257217,64865.715
19898,2.8308477,64868.547
19899,2.8347104,64871.383
19900,2.8349583,64874.22
19901,2.833908,64877.05
19902,2.8311236,64879.883
19903,2.826205,64882.71
19904,2.8250186,64885.535
19905,2.8243146,64888.36
19906,2.8246334,64891.184
19907,2.825429,64894.008
19908,2.827832,64896.836
19909,2.8309438,64899.668
19910,2.8325622,64902.5
19911,2.8335834,64905.332
19912,2.8328018,64908.164
19913,2.83167,64910.996
19914,2.8285577,64913.824
19915,2.8260596,64916.65
19916,2.8270159,64919.477
19917,2.8283772,64922.305
19918,2.8294563,64925.133
19919,2.831082,64927.965
19920,2.833519,64930.797
19921,2.8350441,64933.633
19922,2.837254,64936.47
19923,2.8399816,64939.31
19924,2.8419094,64942.152
19925,2.8432765,64944.996
19926,2.8433099,64947.84
19927,2.8439627,64950.684
19928,2.8437626,64953.527
19929,2.8444142,64956.37
19930,2.8455944,64959.215
19931,2.847215,64962.062
19932,2.8489163,64964.91
19933,2.8505118,64967.76
19934,2.8494868,64970.61
19935,2.847078,64973.457
19936,2.8445582,64976.3
19937,2.843338,64979.145
19938,2.8438513,64981.99
19939,2.8457904,64984.836
19940,2.8476787,64987.684
19941,2.848366,64990.53
19942,2.8465374,64993.38
19943,2.8440685,64996.223
19944,2.8427188,64999.066
19945,2.8432295,65001.91
19946,2.8439956,65004.754
19947,2.8473372,65007.6
19948,2.8488753,65010.45
19949,2.8488846,65013.297
19950,2.8490262,65016.145
19951,2.8474436,65018.992
19952,2.8459778,65021.84
19953,2.8442662,65024.684
19954,2.843224,65027.527
19955,2.8416147,65030.367
19956,2.84108,65033.207
19957,2.8416033,65036.047
19958,2.8410738,65038.887
19959,2.8385346,65041.727
19960,2.8329732,65044.56
19961,2.827989,65047.387
19962,2.8238049,65050.21
19963,2.819403,65053.03
19964,2.817115,65055.848
19965,2.8162243,65058.664
19966,2.8153508,65061.48
19967,2.8162885,65064.297
19968,2.8188388,65067.117
19969,2.8217812,65069.938
19970,2.82463,65072.76
19971,2.826886,65075.59
19972,2.8275151,65078.418
19973,2.8278234,65081.246
19974,2.8266134,65084.074
19975,2.8239844,65086.9
19976,2.820869,65089.72
19977,2.819116,65092.54
19978,2.819369,65095.36
19979,2.8204792,65098.18
19980,2.8198006,65101.0
19981,2.8177254,65103.816
19982,2.8152924,65106.633
19983,2.8123367,65109.445
19984,2.8111403,65112.258
19985,2.8133817,65115.07
19986,2.8169365,65117.887
19987,2.8207011,65120.707
19988,2.8223898,65123.53
19989,2.823274,65126.355
19990,2.8237264,65129.18
19991,2.8251255,65132.004
19992,2.828151,65134.832
19993,2.8309178,65137.664
19994,2.8329735,65140.496
19995,2.8345635,65143.332
19996,2.834598,65146.168
19997,2.834018,65149.004
19998,2.8355255,65151.84
19999,2.8384993,65154.68
20000,2.8401916,65157.52
20001,2.8398044,65160.36
20002,2.8387158,65163.2
20003,2.834924,65166.035
20004,2.832451,65168.867
20005,2.829296,65171.695
20006,2.8285434,65174.523
20007,2.8270106,65177.35
20008,2.8260741,65180.176
20009,2.8276112,65183.004
20010,2.829282,65185.832
20011,2.8302813,65188.664
20012,2.8288133,65191.492
20013,2.825208,65194.316
20014,2.8220732,65197.137
20015,2.8214996,65199.957
20016,2.8241897,65202.78
20017,2.8268247,65205.61
20018,2.8276389,65208.438
20019,2.8262222,65211.266
20020,2.8217916,65214.086
20021,2.8169358,65216.902
20022,2.8127215,65219.715
20023,2.809902,65222.523
20024,2.8128903,65225.336
20025,2.8196907,65228.156
20026,2.82628,65230.984
20027,2.8328304,65233.816
20028,2.8378792,65236.652
20029,2.8432608,65239.496
20030,2.8457685,65242.344
20031,2.8475864,65245.19
20032,2.8486497,65248.04
20033,2.8486538,65250.887
20034,2.847569,65253.734
20035,2.8454492,65256.58
20036,2.842862,65259.42
20037,2.8387096,65262.26
20038,2.835967,65265.098
20039,2.8342733,65267.934
20040,2.8358624,65270.77
20041,2.8399475,65273.61
20042,2.8416677,65276.45
20043,2.8430824,65279.293
20044,2.8417885,65282.133
20045,2.8376334,65284.97
20046,2.8353806,65287.805
20047,2.8358777,65290.64
20048,2.8355367,65293.477
20049,2.8327599,65296.31
20050,2.830434,65299.14
20051,2.830072,65301.97
20052,2.831408,65304.8
20053,2.8334672,65307.633
20054,2.8346877,65310.47
20055,2.8358526,65313.305
20056,2.8379135,65316.145
20057,2.840986,65318.984
20058,2.8451629,65321.83
20059,2.8508115,65324.68
20060,2.8551333,65327.535
20061,2.8578496,65330.395
20062,2.856784,65333.25
20063,2.8528934,65336.1
20064,2.8504992,65338.953
20065,2.8487716,65341.8
20066,2.8459074,65344.65
20067,2.8416348,65347.49
20068,2.8388827,65350.33
20069,2.837694,65353.164
20070,2.8365924,65356.0
20071,2.8353364,65358.836
20072,2.8339746,65361.668
20073,2.8344893,65364.504
20074,2.8358269,65367.34
20075,2.837078,65370.176
20076,2.8358142,65373.01
20077,2.8345196,65375.848
20078,2.8323796,65378.68
20079,2.8305871,65381.51
20080,2.830169,65384.344
20081,2.8312926,65387.176
20082,2.832026,65390.008
20083,2.8328013,65392.84
20084,2.8333652,65395.67
20085,2.833926,65398.504
20086,2.8336535,65401.336
20087,2.8315442,65404.168
20088,2.8304787,65407.0
20089,2.8316035,65409.832
20090,2.8329468,65412.664
20091,2.8336766,65415.496
20092,2.832748,65418.33
20093,2.8305027,65421.16
20094,2.8283541,65423.99
20095,2.826836,65426.816
20096,2.824051,65429.64
20097,2.821434,65432.46
20098,2.8204482,65435.28
20099,2.821102,65438.1
20100,2.8241582,65440.926
20101,2.829782,65443.754
20102,2.836743,65446.59
20103,2.8416219,65449.43
20104,2.8443158,65452.273
20105,2.844507,65455.117
20106,2.8450494,65457.96
20107,2.8473084,65460.81
20108,2.8508158,65463.66
20109,2.8539171,65466.516
20110,2.854952,65469.37
20111,2.8523173,65472.223
20112,2.8498974,65475.074
20113,2.8485,65477.92
20114,2.8483727,65480.77
20115,2.8458672,65483.617
20116,2.8447628,65486.46
20117,2.8446982,65489.305
20118,2.8452678,65492.15
20119,2.8461385,65494.996
20120,2.847142,65497.844
20121,2.847047,65500.69
20122,2.8467526,65503.54
20123,2.8465967,65506.387
20124,2.8467953,65509.234
20125,2.845897,65512.082
20126,2.8441458,65514.926
20127,2.8433576,65517.77
20128,2.8465798,65520.617
20129,2.8520684,65523.47
20130,2.8555331,65526.324
20131,2.8575637,65529.184
20132,2.8562093,65532.04
20133,2.8523526,65534.89
20134,2.8467016,65537.734
20135,2.8409886,65540.58
20136,2.837791,65543.414
20137,2.836725,65546.25
20138,2.8363473,65549.086
20139,2.8355129,65551.92
20140,2.834619,65554.76
20141,2.8345516,65557.59
20142,2.8342667,65560.43
20143,2.834508,65563.266
20144,2.8353755,65566.1
20145,2.83721,65568.94
20146,2.838802,65571.77
20147,2.8418067,65574.62
20148,2.8433757,65577.46
20149,2.84308,65580.305
20150,2.8440819,65583.15
20151,2.8466284,65585.99
20152,2.8482916,65588.84
20153,2.8495386,65591.695
20154,2.8492498,65594.55
20155,2.850362,65597.4
20156,2.8512905,65600.25
20157,2.8526015,65603.1
20158,2.8550549,65605.95
20159,2.8574047,65608.81
20160,2.858134,65611.67
20161,2.857721,65614.53
20162,2.857741,65617.39
20163,2.8581717,65620.25
20164,2.856746,65623.11
20165,2.8536928,65625.96
20166,2.848325,65628.81
20167,2.8403468,65631.66
20168,2.8340802,65634.49
20169,2.828192,65637.32
20170,2.824266,65640.15
20171,2.8208776,65642.97
20172,2.8170183,65645.79
20173,2.8139508,65648.6
20174,2.8138158,65651.414
20175,2.817128,65654.234
20176,2.8206422,65657.055
20177,2.8250713,65659.88
20178,2.8270133,65662.71
20179,2.8273609,65665.54
20180,2.8272161,65668.37
20181,2.8261666,65671.195
20182,2.8238182,65674.016
20183,2.8210876,65676.836
20184,2.8206592,65679.66
20185,2.8202116,65682.48
20186,2.822909,65685.3
20187,2.8265355,65688.125
20188,2.830901,65690.95
20189,2.834584,65693.79
20190,2.835587,65696.625
20191,2.8357103,65699.46
20192,2.836793,65702.3
20193,2.8371978,65705.13
20194,2.8360152,65707.97
20195,2.8345993,65710.805
20196,2.8324008,65713.64
20197,2.8285282,65716.47
20198,2.8259008,65719.3
20199,2.8234546,65722.12
20200,2.822234,65724.94
20201,2.822785,65727.76
20202,2.8248792,65730.586
20203,2.8272328,65733.414
20204,2.8289773,65736.24
20205,2.8304694,65739.07
20206,2.8318608,65741.9
20207,2.83319,65744.734
20208,2.8330176,65747.57
20209,2.8325775,65750.41
20210,2.8307018,65753.234
20211,2.8291168,65756.06
20212,2.8284867,65758.89
20213,2.8284159,65761.72
20214,2.8272417,65764.55
20215,2.8238854,65767.37
20216,2.8201325,65770.19
20217,2.8164635,65773.01
20218,2.8150449,65775.82
20219,2.8140938,65778.63
20220,2.8143806,65781.445
20221,2.8149083,65784.26
20222,2.8162787,65787.07
20223,2.8176882,65789.89
20224,2.818923,65792.71
20225,2.8203533,65795.53
20226,2.8235965,65798.35
20227,2.828364,65801.18
20228,2.831813,65804.01
20229,2.8336043,65806.84
20230,2.8326516,65809.68
20231,2.8298924,65812.51
20232,2.8254633,65815.336
20233,2.8215935,65818.16
20234,2.8200574,65820.98
20235,2.8210874,65823.8
20236,2.8222835,65826.62
20237,2.8239915,65829.44
20238,2.8254442,65832.266
20239,2.826011,65835.09
20240,2.8259323,65837.92
20241,2.8257296,65840.75
20242,2.8249576,65843.58
20243,2.8236983,65846.4
20244,2.82178,65849.22
20245,2.8183458,65852.04
20246,2.8148718,65854.85
20247,2.8114898,65857.664
20248,2.807962,65860.47
20249,2.805841,65863.27
20250,2.8038797,65866.08
20251,2.8020957,65868.88
20252,2.8006642,65871.68
20253,2.7996154,65874.48
20254,2.795722,65877.27
20255,2.7905228,65880.06
20256,2.7880216,65882.85
20257,2.7881818,65885.64
20258,2.7874672,65888.43
20259,2.7838104,65891.21
20260,2.7802556,65893.99
20261,2.7757497,65896.766
20262,2.7726526,65899.54
20263,2.771695,65902.31
20264,2.7722802,65905.086
20265,2.7719016,65907.86
20266,2.7703328,65910.63
20267,2.7689366,65913.4
20268,2.76537,65916.164
20269,2.761384,65918.92
20270,2.7611706,65921.68
20271,2.7617722,65924.445
20272,2.7623262,65927.21
20273,2.7659183,65929.98
20274,2.7716177,65932.75
20275,2.777658,65935.53
20276,2.7811086,65938.31
20277,2.7813208,65941.09
20278,2.778848,65943.875
20279,2.7743075,65946.65
20280,2.7716851,65949.42
20281,2.7688026,65952.19
20282,2.7672167,65954.95
20283,2.7657335,65957.72
20284,2.7674508,65960.484
20285,2.7691,65963.25
20286,2.7714255,65966.02
20287,2.7743204,65968.8
20288,2.7757223,65971.57
20289,2.7766528,65974.34
20290,2.778581,65977.125
20291,2.7822313,65979.91
20292,2.7848983,65982.69
20293,2.7854762,65985.48
20294,2.787633,65988.266
20295,2.7893636,65991.055
20296,2.789826,65993.84
20297,2.7883399,65996.63
20298,2.7848332,65999.414
20299,2.7809381,66002.195
20300,2.7793076,66004.98
20301,2.7769258,66007.75
20302,2.7722335,66010.52
20303,2.7662628,66013.29
20304,2.7649643,66016.055
20305,2.7657568,66018.82
20306,2.766358,66021.586
20307,2.7662718,66024.35
20308,2.766033,66027.12
20309,2.766397,66029.88
20310,2.7673156,66032.65
20311,2.7689176,66035.414
20312,2.772277,66038.19
20313,2.7768643,66040.96
20314,2.7793548,66043.74
20315,2.7801073,66046.52
20316,2.7809732,66049.305
20317,2.7807367,66052.086
20318,2.7800717,66054.87
20319,2.7806451,66057.65
20320,2.7827885,66060.43
20321,2.7878227,66063.22
20322,2.7937474,66066.016
20323,2.797704,66068.81
20324,2.7979708,66071.61
20325,2.7957294,66074.41
20326,2.790189,66077.195
20327,2.7849076,66079.98
20328,2.7835655,66082.76
20329,2.7863362,66085.55
20330,2.789596,66088.336
20331,2.7936575,66091.13
20332,2.7959812,66093.93
20333,2.7961342,66096.73
20334,2.7978017,66099.52
20335,2.8028443,66102.33
20336,2.8102486,66105.14
20337,2.8164911,66107.96
20338,2.8166058,66110.78
20339,2.8145556,66113.59
20340,2.8121252,66116.41
20341,2.812116,66119.22
20342,2.8133867,66122.03
20343,2.814944,66124.84
20344,2.8160973,66127.66
20345,2.8165436,66130.48
20346,2.815622,66133.29
20347,2.8145976,66136.1
20348,2.8165288,66138.92
20349,2.8183532,66141.74
20350,2.8189197,66144.56
20351,2.819392,66147.38
20352,2.8198736,66150.2
20353,2.8207104,66153.02
20354,2.8199496,66155.84
20355,2.8179672,66158.664
20356,2.815917,66161.48
20357,2.8136578,66164.29
20358,2.8133101,66167.1
20359,2.8129776,66169.914
20360,2.81201,66172.73
20361,2.8119457,66175.54
20362,2.8145602,66178.35
20363,2.8176532,66181.17
20364,2.818824,66183.99
20365,2.8175106,66186.81
20366,2.8152592,66189.625
20367,2.8141997,66192.44
20368,2.8152661,66195.25
20369,2.8168252,66198.07
20370,2.8186255,66200.89
20371,2.8206694,66203.71
20372,2.8220043,66206.53
20373,2.8224936,66209.35
20374,2.8221893,66212.17
20375,2.8199131,66214.99
20376,2.8203936,66217.81
20377,2.8225057,66220.63
20378,2.826306,66223.46
20379,2.829676,66226.29
20380,2.8307533,66229.12
20381,2.8317668,66231.945
20382,2.8326964,66234.78
20383,2.834412,66237.62
20384,2.83601,66240.45
20385,2.8383934,66243.29
20386,2.8392282,66246.125
20387,2.8370473,66248.96
20388,2.8365717,66251.8
20389,2.8368144,66254.63
20390,2.8378453,66257.47
20391,2.838798,66260.305
20392,2.8392878,66263.14
20393,2.8396444,66265.98
20394,2.8393428,66268.81
20395,2.8399913,66271.66
20396,2.8410404,66274.5
20397,2.8415592,66277.34
20398,2.8398275,66280.18
20399,2.8363528,66283.016
20400,2.8324559,66285.85
20401,2.8281667,66288.68
20402,2.8248143,66291.51
20403,2.8223934,66294.33
20404,2.8222067,66297.15
20405,2.821046,66299.97
20406,2.818353,66302.79
20407,2.8147767,66305.6
20408,2.811103,66308.414
20409,2.8076837,66311.22
20410,2.8056664,66314.02
20411,2.8056576,66316.83
20412,2.8068197,66319.63
20413,2.8087447,66322.445
20414,2.8082902,66325.25
20415,2.8075576,66328.055
20416,2.8049657,66330.86
20417,2.8015862,66333.664
20418,2.7990246,66336.46
20419,2.799057,66339.26
20420,2.800813,66342.06
20421,2.8030918,66344.87
20422,2.8029797,66347.67
20423,2.8031933,66350.48
20424,2.8073654,66353.28
20425,2.8150551,66356.09
20426,2.821483,66358.914
20427,2.8260062,66361.74
20428,2.8263524,66364.57
20429,2.8264925,66367.4
20430,2.8275836,66370.23
20431,2.8277767,66373.055
20432,2.8245797,66375.88
20433,2.8199468,66378.7
20434,2.8177571,66381.52
20435,2.8178935,66384.34
20436,2.8209436,66387.164
20437,2.8234208,66389.984
20438,2.8247714,66392.81
20439,2.825027,66395.64
20440,2.823283,66398.46
20441,2.8202507,66401.28
20442,2.8170223,66404.1
20443,2.8152678,66406.914
20444,2.8142266,66409.73
20445,2.8121195,66412.54
20446,2.808821,66415.35
20447,2.8069072,66418.16
20448,2.805466,66420.96
20449,2.8026423,66423.766
20450,2.8006988,66426.56
20451,2.7985702,66429.36
20452,2.7970352,66432.16
20453,2.7960124,66434.95
20454,2.7946439,66437.75
20455,2.7928352,66440.54
20456,2.7908962,66443.33
20457,2.7893796,66446.12
20458,2.7876863,66448.91
20459,2.7863128,66451.695
20460,2.7877243,66454.484
20461,2.7894008,66457.27
20462,2.7906172,66460.06
20463,2.79071,66462.85
20464,2.7919018,66465.64
20465,2.793961,66468.44
20466,2.7958374,66471.234
20467,2.798032,66474.03
20468,2.799818,66476.83
20469,2.800681,66479.625
20470,2.7998443,66482.42
20471,2.7980645,66485.22
20472,2.7983513,66488.016
20473,2.8014946,66490.82
20474,2.8050165,66493.625
20475,2.8093936,66496.44
20476,2.8120031,66499.25
20477,2.8143663,66502.06
20478,2.8169174,66504.88
20479,2.819153,66507.7
20480,2.8203695,66510.52
20481,2.8205557,66513.34
20482,2.8235059,66516.164
20483,2.8268895,66518.99
20484,2.82887,66521.82
20485,2.8297904,66524.65
20486,2.8294387,66527.48
20487,2.8281298,66530.305
20488,2.8267984,66533.13
20489,2.8274035,66535.96
20490,2.827916,66538.79
20491,2.8268313,66541.62
20492,2.8251414,66544.445
20493,2.8232543,66547.266
20494,2.820485,66550.086
20495,2.8161995,66552.9
20496,2.813596,66555.71
20497,2.8119268,66558.52
20498,2.8100426,66561.336
20499,2.808277,66564.14
20500,2.8076088,66566.945
20501,2.8058522,66569.75
20502,2.8042586,66572.555
20503,2.8021533,66575.36
20504,2.8011546,66578.164
20505,2.800941,66580.97
20506,2.8032506,66583.77
20507,2.8073833,66586.58
20508,2.8133845,66589.39
20509,2.8208115,66592.21
20510,2.8241577,66595.03
20511,2.8262665,66597.86
20512,2.8267453,66600.69
20513,2.8271985,66603.516
20514,2.8283944,66606.34
20515,2.8304389,66609.17
20516,2.8320842,66612.01
20517,2.8344448,66614.84
20518,2.8372557,66617.68
20519,2.8384736,66620.516
20520,2.838706,66623.35
20521,2.8376434,66626.19
20522,2.8356035,66629.02
20523,2.8336444,66631.86
20524,2.8327081,66634.695
20525,2.8325644,66637.53
20526,2.8318658,66640.36
20527,2.8323708,66643.195
20528,2.8328383,66646.03
20529,2.8330135,66648.87
20530,2.8324053,66651.7
20531,2.8337047,66654.54
20532,2.8341568,66657.375
20533,2.8336575,66660.21
20534,2.8313348,66663.04
20535,2.8265643,66665.87
20536,2.8227358,66668.69
20537,2.8209145,66671.51
20538,2.822112,66674.33
20539,2.8233016,66677.15
20540,2.8229775,66679.97
20541,2.8222344,66682.79
20542,2.822442,66685.61
20543,2.8243303,66688.44
20544,2.8256862,66691.266
20545,2.8245053,66694.09
20546,2.8221438,66696.914
20547,2.8201227,66699.734
20548,2.8192842,66702.555
20549,2.8175006,66705.375
20550,2.8140368,66708.19
20551,2.8108203,66711.0
20552,2.8093941,66713.81
20553,2.8118374,66716.625
20554,2.816107,66719.44
20555,2.8199313,66722.26
20556,2.8201137,66725.08
20557,2.8183126,66727.9
20558,2.8135824,66730.71
20559,2.8090613,66733.52
20560,2.8063183,66736.33
20561,2.806691,66739.13
20562,2.8093123,66741.945
20563,2.8128712,66744.76
20564,2.8150868,66747.57
20565,2.817614,66750.39
20566,2.8205993,66753.21
20567,2.8242247,66756.04
20568,2.8263707,66758.87
20569,2.8275385,66761.695
20570,2.829355,66764.52
20571,2.8320065,66767.35
20572,2.8338237,66770.19
20573,2.8354912,66773.02
20574,2.8373284,66775.86
20575,2.8382924,66778.695
20576,2.8366284,66781.53
20577,2.835225,66784.37
20578,2.833386,66787.2
20579,2.8314524,66790.03
20580,2.8304758,66792.86
20581,2.828594,66795.69
20582,2.8273761,66798.516
20583,2.8254015,66801.34
20584,2.8219116,66804.164
20585,2.8181899,66806.984
20586,2.817159,66809.805
20587,2.8183844,66812.625
20588,2.821612,66815.445
20589,2.8232634,66818.266
20590,2.825654,66821.09
20591,2.8286803,66823.92
20592,2.8331854,66826.76
20593,2.8359253,66829.59
20594,2.8350189,66832.43
20595,2.8312323,66835.26
20596,2.8284051,66838.086
20597,2.8257833,66840.914
20598,2.821707,66843.734
20599,2.8158333,66846.55
20600,2.8117754,66849.36
20601,2.808962,66852.17
20602,2.8081625,66854.98
20603,2.808457,66857.78
20604,2.8071094,66860.586
20605,2.8039906,66863.39
20606,2.8010528,66866.195
20607,2.7970572,66868.99
20608,2.7969573,66871.79
20609,2.7980578,66874.586
20610,2.800184,66877.38
20611,2.7998824,66880.18
20612,2.8004742,66882.98
20613,2.804633,66885.78
20614,2.8096058,66888.59
20615,2.8144064,66891.41
20616,2.8180196,66894.23
20617,2.8194993,66897.05
20618,2.8181572,66899.87
20619,2.8174531,66902.69
20620,2.8204079,66905.51
20621,2.824265,66908.336
20622,2.8277953,66911.164
20623,2.8314168,66913.99
20624,2.8329968,66916.83
20625,2.8344076,66919.664
20626,2.8368053,66922.5
20627,2.838706,66925.336
20628,2.840315,66928.18
20629,2.8418524,66931.02
20630,2.84166,66933.87
20631,2.8406146,66936.71
20632,2.8389359,66939.55
20633,2.8363423,66942.38
20634,2.8353665,66945.22
20635,2.8353114,66948.055
20636,2.8359323,66950.89
20637,2.838006,66953.73
20638,2.840619,66956.57
20639,2.8416126,66959.414
20640,2.8412817,66962.26
20641,2.8409662,66965.1
20642,2.8400772,66967.945
20643,2.8384001,66970.78
20644,2.8370812,66973.62
20645,2.8345637,66976.45
20646,2.83193,66979.28
20647,2.829224,66982.11
20648,2.8261664,66984.94
20649,2.8223813,66987.76
20650,2.8201191,66990.58
20651,2.8181474,66993.4
20652,2.8166246,66996.22
20653,2.8157928,66999.03
20654,2.8191447,67001.85
20655,2.8238223,67004.67
20656,2.825523,67007.5
20657,2.8251626,67010.33
20658,2.8233893,67013.15
20659,2.8209264,67015.97
20660,2.8190124,67018.79
20661,2.8193884,67021.61
20662,2.821393,67024.43
20663,2.823653,67027.25
20664,2.825383,67030.08
20665,2.8257751,67032.91
20666,2.8247182,67035.734
20667,2.823424,67038.555
20668,2.8218155,67041.375
20669,2.8210022,67044.195
20670,2.8188043,67047.016
20671,2.8180704,67049.836
20672,2.8179598,67052.66
20673,2.8173373,67055.48
20674,2.8164098,67058.3
20675,2.8142657,67061.11
20676,2.8100882,67063.92
20677,2.8050816,67066.73
20678,2.8019633,67069.53
20679,2.8017888,67072.336
20680,2.802034,67075.14
20681,2.8016865,67077.945
20682,2.7999794,67080.74
20683,2.7993646,67083.54
20684,2.8012445,67086.34
20685,2.8034472,67089.15
20686,2.8027346,67091.95
20687,2.8029811,67094.76
20688,2.8026962,67097.56
20689,2.8031695,67100.37
20690,2.8054376,67103.17
20691,2.8061688,67105.98
20692,2.8056216,67108.78
20693,2.805579,67111.586
20694,2.8043258,67114.39
20695,2.8032498,67117.195
20696,2.8029928,67120.0
20697,2.801974,67122.805
20698,2.7989955,67125.6
20699,2.795829,67128.4
20700,2.791814,67131.19
20701,2.7872112,67133.98
20702,2.7876914,67136.766
20703,2.7916555,67139.555
20704,2.7979996,67142.35
20705,2.8045533,67145.16
20706,2.8063335,67147.96
20707,2.8049724,67150.766
20708,2.8016882,67153.57
20709,2.7998111,67156.37
20710,2.8021188,67159.17
20711,2.807098,67161.98
20712,2.8117177,67164.79
20713,2.814702,67167.6
20714,2.8145516,67170.414
20715,2.8122592,67173.23
20716,2.8080513,67176.03
20717,2.8014932,67178.836
20718,2.799002,67181.63
20719,2.797706,67184.43
20720,2.7985687,67187.23
20721,2.7993104,67190.02
20722,2.7987492,67192.82
20723,2.7937202,67195.62
20724,2.7876265,67198.41
20725,2.7834957,67201.19
20726,2.7833116,67203.97
20727,2.7848206,67206.75
20728,2.786815,67209.54
20729,2.789211,67212.33
20730,2.7934537,67215.125
20731,2.799118,67217.92
20732,2.804974,67220.73
20733,2.810704,67223.54
20734,2.8153439,67226.35
20735,2.8211284,67229.17
20736,2.8264134,67232.0
20737,2.8302693,67234.83
20738,2.8329275,67237.664
20739,2.834752,67240.5
20740,2.8347626,67243.336
20741,2.832827,67246.17
20742,2.8298004,67249.0
20743,2.8269997,67251.83
20744,2.8249276,67254.66
20745,2.8230257,67257.48
20746,2.8219137,67260.3
20747,2.8221045,67263.12
20748,2.8225603,67265.94
20749,2.823445,67268.76
20750,2.825325,67271.586
20751,2.8276927,67274.414
20752,2.8294716,67277.24
20753,2.8294804,67280.07
20754,2.8272915,67282.9
20755,2.823182,67285.72
20756,2.8187973,67288.54
20757,2.8157992,67291.35
20758,2.815573,67294.164
20759,2.8175683,67296.984
20760,2.820789,67299.805
20761,2.824801,67302.63
20762,2.8271868,67305.46
20763,2.8275635,67308.29
20764,2.8256707,67311.12
20765,2.8216777,67313.94
20766,2.8179762,67316.76
20767,2.814956,67319.57
20768,2.8131049,67322.38
20769,2.811347,67325.195
20770,2.8067486,67328.0
20771,2.8010082,67330.805
20772,2.7964904,67333.6
20773,2.7935872,67336.4
20774,2.793939,67339.195
20775,2.79549,67341.99
20776,2.7986455,67344.79
20777,2.801565,67347.59
20778,2.8039834,67350.4
20779,2.806472,67353.2
20780,2.8075695,67356.01
20781,2.8084698,67358.81
20782,2.8095803,67361.625
20783,2.8126569,67364.44
20784,2.8160799,67367.25
20785,2.8196957,67370.07
20786,2.8211987,67372.89
20787,2.8197598,67375.71
20788,2.817138,67378.53
20789,2.8136709,67381.34
20790,2.810511,67384.16
20791,2.8059356,67386.96
20792,2.8032186,67389.766
20793,2.8017032,67392.57
20794,2.8012395,67395.375
20795,2.8002868,67398.17
20796,2.7998245,67400.97
20797,2.801328,67403.77
20798,2.8027349,67406.58
20799,2.804452,67409.38
20800,2.806824,67412.19
20801,2.8102767,67415.0
20802,2.813245,67417.81
20803,2.8135476,67420.625
20804,2.8111343,67423.44
20805,2.8085587,67426.24
20806,2.8103435,67429.055
20807,2.8129075,67431.87
20808,2.812752,67434.68
20809,2.8132095,67437.49
20810,2.8126285,67440.305
20811,2.811432,67443.12
20812,2.808364,67445.92
20813,2.8033037,67448.73
20814,2.7996342,67451.52
20815,2.798183,67454.32
20816,2.7987049,67457.12
20817,2.7991323,67459.914
20818,2.7992156,67462.71
20819,2.7980237,67465.51
20820,2.7951229,67468.305
20821,2.7930024,67471.1
20822,2.7902334,67473.89
20823,2.7887142,67476.68
20824,2.7886794,67479.47
20825,2.7919018,67482.26
20826,2.7961152,67485.055
20827,2.799106,67487.85
20828,2.8008244,67490.66
20829,2.8019898,67493.46
20830,2.8051295,67496.266
20831,2.8102503,67499.08
20832,2.8166645,67501.9
20833,2.824154,67504.72
20834,2.829114,67507.55
20835,2.8317327,67510.375
20836,2.8314052,67513.2
20837,2.8288465,67516.03
20838,2.8276622,67518.86
20839,2.825826,67521.69
20840,2.8246684,67524.516
20841,2.824022,67527.336
20842,2.824891,67530.164
20843,2.8264513,67532.99
20844,2.8293679,67535.82
20845,2.8318558,67538.65
20846,2.8335106,67541.484
20847,2.8352816,67544.32
20848,2.8366868,67547.16
20849,2.8377872,67549.99
20850,2.8384624,67552.83
20851,2.840659,67555.67
20852,2.8410885,67558.516
20853,2.841808,67561.36
20854,2.8403711,67564.2
20855,2.8380296,67567.04
20856,2.833589,67569.875
20857,2.827204,67572.7
20858,2.8222988,67575.52
20859,2.8164992,67578.34
20860,2.8112423,67581.16
20861,2.8058474,67583.96
20862,2.8037076,67586.766
20863,2.8040984,67589.57
20864,2.8079462,67592.375
20865,2.8121064,67595.19
20866,2.8162677,67598.0
20867,2.820462,67600.82
20868,2.8236563,67603.64
20869,2.8245804,67606.47
20870,2.8238873,67609.29
20871,2.8220723,67612.11
20872,2.8206902,67614.93
20873,2.8201802,67617.75
20874,2.821233,67620.57
20875,2.8227923,67623.39
20876,2.8220077,67626.21
20877,2.820956,67629.03
20878,2.8208923,67631.85
20879,2.8222568,67634.67
20880,2.823162,67637.49
20881,2.8239527,67640.31
20882,2.8257513,67643.14
20883,2.827592,67645.97
20884,2.826607,67648.8
20885,2.8244774,67651.625
20886,2.8228545,67654.445
20887,2.8205245,67657.266
20888,2.8196976,67660.086
20889,2.8197896,67662.91
20890,2.8212688,67665.73
20891,2.823735,67668.55
20892,2.8251526,67671.375
20893,2.8260853,67674.2
20894,2.8244612,67677.03
20895,2.8210518,67679.85
20896,2.8173752,67682.67
20897,2.8135114,67685.484
20898,2.8111997,67688.3
20899,2.810531,67691.11
20900,2.8092782,67693.92
20901,2.807566,67696.73
20902,2.8054845,67699.53
20903,2.803561,67702.336
20904,2.8018465,67705.14
20905,2.8019094,67707.945
20906,2.8031774,67710.75
20907,2.8051364,67713.555
20908,2.8065178,67716.36
20909,2.8074212,67719.164
20910,2.8091345,67721.98
20911,2.8116028,67724.79
20912,2.8145077,67727.6
20913,2.8173344,67730.42
20914,2.8177373,67733.24
20915,2.817489,67736.06
20916,2.8178456,67738.88
20917,2.8171573,67741.7
20918,2.8149636,67744.516
20919,2.8115807,67747.33
20920,2.8101625,67750.14
20921,2.809108,67752.95
20922,2.8087044,67755.766
20923,2.8090594,67758.58
20924,2.8083792,67761.38
20925,2.8075306,67764.19
20926,2.8070552,67766.99
20927,2.8055305,67769.8
20928,2.8025522,67772.6
20929,2.799772,67775.4
20930,2.7964706,67778.195
20931,2.7942798,67780.99
20932,2.793724,67783.79
20933,2.7915258,67786.58
20934,2.7896667,67789.37
20935,2.7884567,67792.16
20936,2.7889528,67794.945
20937,2.788919,67797.734
20938,2.788883,67800.52
20939,2.7880383,67803.31
20940,2.7863235,67806.1
20941,2.7843435,67808.88
20942,2.785309,67811.67
20943,2.7871358,67814.46
20944,2.7882533,67817.25
20945,2.7885604,67820.04
20946,2.7869167,67822.83
20947,2.7854269,67825.62
20948,2.7856457,67828.41
20949,2.7871027,67831.195
20950,2.7909625,67833.984
20951,2.7950826,67836.78
20952,2.7975283,67839.58
20953,2.799562,67842.375
20954,2.8001285,67845.17
20955,2.8010225,67847.98
20956,2.803987,67850.78
20957,2.8072922,67853.586
20958,2.8106189,67856.4
20959,2.812623,67859.21
20960,2.8148751,67862.02
20961,2.8170996,67864.84
20962,2.8193274,67867.664
20963,2.8219635,67870.484
20964,2.82233,67873.305
20965,2.8204672,67876.125
20966,2.819167,67878.945
20967,2.818956,67881.766
20968,2.8209195,67884.586
20969,2.8225336,67887.41
20970,2.821602,67890.23
20971,2.8195262,67893.05
20972,2.815932,67895.86
20973,2.8112984,67898.67
20974,2.8076065,67901.48
20975,2.803707,67904.28
20976,2.7999017,67907.08
20977,2.794186,67909.875
20978,2.7901013,67912.664
20979,2.78865,67915.45
20980,2.7907917,67918.24
20981,2.7940102,67921.04
20982,2.7953649,67923.836
20983,2.7963457,67926.63
20984,2.7972362,67929.43
20985,2.799069,67932.23
20986,2.7975903,67935.02
20987,2.794815,67937.82
20988,2.7923377,67940.61
20989,2.7899272,67943.4
20990,2.7894595,67946.19
20991,2.7889595,67948.98
20992,2.7917821,67951.766
20993,2.7956285,67954.56
20994,2.7999415,67957.36
20995,2.8043015,67960.164
20996,2.8080857,67962.97
20997,2.8113556,67965.78
20998,2.8117526,67968.59
20999,2.8111584,67971.41
21000,2.8082669,67974.21
21001,2.8067048,67977.016
21002,2.8060658,67979.82
21003,2.8070943,67982.625
21004,2.8088577,67985.44
21005,2.812845,67988.25
21006,2.8157916,67991.06
21007,2.8198445,67993.88
21008,2.8220024,67996.7
21009,2.822846,67999.52
21010,2.8226259,68002.34
21011,2.824221,68005.17
21012,2.8239539,68007.99
21013,2.8221102,68010.81
21014,2.820816,68013.63
21015,2.8200243,68016.45
21016,2.8198059,68019.27
21017,2.8201807,68022.09
21018,2.8227806,68024.914
21019,2.8272326,68027.74
21020,2.8295815,68030.57
21021,2.8311017,68033.4
21022,2.8330722,68036.234
21023,2.834824,68039.07
21024,2.8366508,68041.91
21025,2.8365536,68044.74
21026,2.8367457,68047.58
21027,2.8365147,68050.414
21028,2.8378909,68053.25
21029,2.8403006,68056.09
21030,2.8428054,68058.94
21031,2.8449643,68061.78
21032,2.8468173,68064.625
21033,2.8486817,68067.48
21034,2.8500793,68070.33
21035,2.851906,68073.18
21036,2.8521664,68076.03
21037,2.8512173,68078.88
21038,2.8495386,68081.734
21039,2.847745,68084.586
21040,2.8486829,68087.44
21041,2.850461,68090.29
21042,2.8515162,68093.14
21043,2.852716,68095.99
21044,2.8530233,68098.84
21045,2.8535645,68101.695
21046,2.8522656,68104.55
21047,2.8479075,68107.4
21048,2.8439598,68110.24
21049,2.841372,68113.086
21050,2.840806,68115.93
21051,2.8405623,68118.77
21052,2.8390405,68121.61
21053,2.8362148,68124.445
21054,2.8325696,68127.28
21055,2.8292994,68130.11
21056,2.8263216,68132.94
21057,2.8255217,68135.766
21058,2.8265152,68138.59
21059,2.8278449,68141.42
21060,2.828222,68144.25
21061,2.8254735,68147.08
21062,2.820555,68149.9
21063,2.815217,68152.71
21064,2.8124459,68155.52
21065,2.8122284,68158.336
21066,2.8139338,68161.15
21067,2.8179436,68163.97
21068,2.821722,68166.79
21069,2.8246105,68169.62
21070,2.8262985,68172.445
21071,2.8281667,68175.27
21072,2.8305,68178.1
21073,2.833759,68180.94
21074,2.837187,68183.77
21075,2.8386538,68186.61
21076,2.8370123,68189.445
21077,2.8351495,68192.28
21078,2.834875,68195.12
21079,2.8370388,68197.95
21080,2.839504,68200.79
21081,2.8423188,68203.63
21082,2.8435664,68206.48
21083,2.845012,68209.32
21084,2.8458261,68212.164
21085,2.843708,68215.01
21086,2.8420796,68217.85
21087,2.8416183,68220.695
21088,2.8422408,68223.54
21089,2.8439586,68226.38
21090,2.8440144,68229.23
21091,2.8437865,68232.07
21092,2.8419223,68234.914
21093,2.8390524,68237.75
21094,2.8365839,68240.586
21095,2.833897,68243.42
21096,2.8326974,68246.26
21097,2.8317306,68249.086
21098,2.829544,68251.914
21099,2.8243337,68254.74
21100,2.8183289,68257.56
21101,2.811706,68260.375
21102,2.8057988,68263.18
21103,2.7990115,68265.98
21104,2.792863,68268.766
21105,2.7883565,68271.555
21106,2.7894247,68274.34
21107,2.7923217,68277.13
21108,2.7934277,68279.93
21109,2.791074,68282.72
21110,2.7882893,68285.51
21111,2.7857265,68288.3
21112,2.785926,68291.086
21113,2.7881403,68293.875
21114,2.7919278,68296.664
21115,2.7964566,68299.46
21116,2.799222,68302.26
21117,2.799071,68305.055
21118,2.7974336,68307.85
21119,2.7954025,68310.65
21120,2.796581,68313.445
21121,2.7993999,68316.24
21122,2.8020694,68319.05
21123,2.8041224,68321.85
21124,2.8025088,68324.66
21125,2.7989872,68327.45
21126,2.7949984,68330.25
21127,2.7922683,68333.04
21128,2.7916534,68335.83
21129,2.7921743,68338.62
21130,2.794221,68341.414
21131,2.7979724,68344.21
21132,2.7991915,68347.01
21133,2.7985723,68349.805
21134,2.7962418,68352.6
21135,2.795452,68355.4
21136,2.795219,68358.195
21137,2.794761,68360.99
21138,2.7952135,68363.79
21139,2.7954526,68366.586
21140,2.7951355,68369.38
21141,2.795826,68372.18
21142,2.794193,68374.98
21143,2.792119,68377.766
21144,2.7922518,68380.555
21145,2.792859,68383.34
21146,2.7945251,68386.14
21147,2.79498,68388.94
21148,2.7957745,68391.734
21149,2.7971034,68394.53
21150,2.8005295,68397.33
21151,2.8042789,68400.13
21152,2.8038607,68402.94
21153,2.799755,68405.734
21154,2.7959423,68408.53
21155,2.7927587,68411.32
21156,2.7929156,68414.11
21157,2.7956328,68416.91
21158,2.8003695,68419.7
21159,2.8059335,68422.51
21160,2.808868,68425.32
21161,2.8131914,68428.13
21162,2.817419,68430.95
21163,2.8228588,68433.77
21164,2.826968,68436.6
21165,2.828425,68439.43
21166,2.8266585,68442.26
21167,2.823833,68445.08
21168,2.8220084,68447.9
21169,2.8224237,68450.72
21170,2.8227763,68453.54
21171,2.8220923,68456.36
21172,2.8215728,68459.18
21173,2.8215609,68462.0
21174,2.8225017,68464.82
21175,2.8230994,68467.64
21176,2.8247497,68470.47
21177,2.8276937,68473.3
21178,2.8292918,68476.125
21179,2.829078,68478.95
21180,2.826556,68481.78
21181,2.8221536,68484.6
21182,2.817167,68487.42
21183,2.8133354,68490.234
21184,2.8127713,68493.05
21185,2.81245,68495.86
21186,2.8120556,68498.67
21187,2.8111432,68501.484
21188,2.810241,68504.3
21189,2.8078492,68507.1
21190,2.8083346,68509.91
21191,2.8111393,68512.72
21192,2.8129234,68515.53
21193,2.8154976,68518.34
21194,2.8174853,68521.164
21195,2.8199751,68523.984
21196,2.8233833,68526.805
21197,2.8286736,68529.63
21198,2.8347588,68532.47
21199,2.839688,68535.305
21200,2.8417294,68538.15
21201,2.8418334,68540.99
21202,2.8396487,68543.83
21203,2.8376656,68546.664
21204,2.8365173,68549.5
21205,2.8364904,68552.336
21206,2.8369768,68555.17
21207,2.8370671,68558.01
21208,2.8370895,68560.84
21209,2.8363,68563.68
21210,2.8339348,68566.516
21211,2.8312836,68569.34
21212,2.8294709,68572.17
21213,2.8282611,68575.0
21214,2.825188,68577.83
21215,2.8219879,68580.65
21216,2.8210542,68583.47
21217,2.8192806,68586.29
21218,2.8189223,68589.11
21219,2.8195436,68591.93
21220,2.822689,68594.75
21221,2.826738,68597.58
21222,2.8289404,68600.41
21223,2.8305147,68603.234
21224,2.8318164,68606.06
21225,2.8331358,68608.9
21226,2.8333862,68611.734
21227,2.8332362,68614.57
21228,2.8324356,68617.41
21229,2.831545,68620.234
21230,2.8306398,68623.06
21231,2.830621,68625.89
21232,2.8312368,68628.72
21233,2.8305528,68631.55
21234,2.8300197,68634.375
21235,2.8290923,68637.2
21236,2.8276465,68640.03
21237,2.8243806,68642.86
21238,2.8206525,68645.68
21239,2.8179095,68648.5
21240,2.8149874,68651.31
21241,2.8120446,68654.125
21242,2.8110793,68656.94
21243,2.8114989,68659.75
21244,2.8117788,68662.56
21245,2.8123956,68665.375
21246,2.8132532,68668.19
21247,2.8117938,68671.0
21248,2.8081427,68673.805
21249,2.8051555,68676.61
21250,2.8053024,68679.414
21251,2.805463,68682.22
21252,2.805589,68685.02
21253,2.805864,68687.83
21254,2.8075778,68690.63
21255,2.8096185,68693.445
21256,2.8106809,68696.26
21257,2.8122802,68699.07
21258,2.8121896,68701.88
21259,2.8122113,68704.695
21260,2.8128686,68707.51
21261,2.814231,68710.32
21262,2.8145905,68713.13
21263,2.813859,68715.945
21264,2.8113909,68718.76
21265,2.8073761,68721.56
21266,2.8058221,68724.37
21267,2.8056097,68727.17
21268,2.8068135,68729.98
21269,2.809902,68732.79
21270,2.8126945,68735.6
21271,2.8160334,68738.414
21272,2.8189166,68741.234
21273,2.8208573,68744.055
21274,2.8206017,68746.875
21275,2.8198433,68749.695
21276,2.8196588,68752.516
21277,2.8189518,68755.336
21278,2.8177352,68758.16
21279,2.8167124,68760.98
21280,2.8154364,68763.79
21281,2.8144825,68766.6
21282,2.8130245,68769.414
21283,2.8119326,68772.23
21284,2.8092623,68775.04
21285,2.8068929,68777.84
21286,2.8053527,68780.65
21287,2.802904,68783.45
21288,2.801802,68786.26
21289,2.80141,68789.06
21290,2.8021748,68791.87
21291,2.802623,68794.67
21292,2.8046422,68797.48
21293,2.807598,68800.28
21294,2.81147,68803.09
21295,2.8123071,68805.91
21296,2.8091009,68808.72
21297,2.804206,68811.52
21298,2.8015704,68814.33
21299,2.797851,68817.125
21300,2.7943103,68819.92
21301,2.7933898,68822.72
21302,2.7944217,68825.516
21303,2.7955012,68828.31
21304,2.7982762,68831.11
21305,2.801883,68833.914
21306,2.8031998,68836.72
21307,2.8045294,68839.52
21308,2.805601,68842.33
21309,2.8076458,68845.13
21310,2.810149,68847.945
21311,2.8129022,68850.76
21312,2.815308,68853.57
21313,2.8174777,68856.39
21314,2.81784,68859.21
21315,2.8175097,68862.03
21316,2.816208,68864.84
21317,2.815621,68867.66
21318,2.8146868,68870.47
21319,2.8133998,68873.28
21320,2.8119316,68876.09
21321,2.8110037,68878.91
21322,2.8108504,68881.72
21323,2.8113885,68884.53
21324,2.8135164,68887.34
21325,2.8151577,68890.16
21326,2.8143027,68892.97
21327,2.8111823,68895.78
21328,2.8093657,68898.59
21329,2.8088684,68901.41
21330,2.809893,68904.22
21331,2.8129623,68907.03
21332,2.8160791,68909.84
21333,2.8179276,68912.664
21334,2.8186793,68915.484
21335,2.8191102,68918.305
21336,2.8178952,68921.125
21337,2.8152487,68923.94
21338,2.810534,68926.75
21339,2.80674,68929.555
21340,2.804149,68932.36
21341,2.8019073,68935.164
21342,2.7999191,68937.96
21343,2.798971,68940.76
21344,2.7968438,68943.555
21345,2.7937186,68946.35
21346,2.7943997,68949.15
21347,2.7964985,68951.945
21348,2.7982953,68954.74
21349,2.7992046,68957.54
21350,2.7972949,68960.336
21351,2.7944858,68963.13
21352,2.794481,68965.93
21353,2.7982597,68968.73
21354,2.8022325,68971.53
21355,2.8061137,68974.336
21356,2.8090334,68977.15
21357,2.8120253,68979.96
21358,2.8137045,68982.77
21359,2.8166625,68985.59
21360,2.8174717,68988.414
21361,2.8174906,68991.234
21362,2.8158672,68994.05
21363,2.8126736,68996.86
21364,2.809135,68999.67
21365,2.8057342,69002.48
21366,2.8032968,69005.28
21367,2.8018515,69008.086
21368,2.7990427,69010.88
21369,2.7962809,69013.68
21370,2.7928884,69016.47
21371,2.790753,69019.26
21372,2.7895873,69022.05
21373,2.7883751,69024.836
21374,2.785458,69027.625
21375,2.781441,69030.41
21376,2.7806616,69033.19
21377,2.781083,69035.97
21378,2.785497,69038.76
21379,2.7919095,69041.55
21380,2.7976677,69044.34
21381,2.8033218,69047.15
21382,2.806767,69049.95
21383,2.8092282,69052.766
21384,2.8094342,69055.58
21385,2.8090813,69058.39
21386,2.808669,69061.2
21387,2.8080556,69064.01
21388,2.8076608,69066.81
21389,2.8080957,69069.62
21390,2.8061256,69072.42
21391,2.802737,69075.23
21392,2.7988067,69078.02
21393,2.7965732,69080.82
21394,2.7983477,69083.62
21395,2.8006058,69086.414
21396,2.8016045,69089.22
21397,2.801693,69092.02
21398,2.8011816,69094.83
21399,2.8007329,69097.625
21400,2.8024323,69100.43
21401,2.8077538,69103.234
21402,2.8138888,69106.05
21403,2.8178551,69108.87
21404,2.817064,69111.69
21405,2.8140664,69114.5
21406,2.8109894,69117.31
21407,2.807568,69120.12
21408,2.8044798,69122.92
21409,2.8011365,69125.73
21410,2.7982063,69128.52
21411,2.7971642,69131.32
21412,2.7963786,69134.12
21413,2.7925363,69136.91
21414,2.789806,69139.695
21415,2.78697,69142.484
21416,2.7844632,69145.266
21417,2.7818196,69148.05
21418,2.7831817,69150.83
21419,2.787329,69153.62
21420,2.7920444,69156.41
21421,2.7972238,69159.2
21422,2.801329,69162.01
21423,2.8053493,69164.81
21424,2.8086886,69167.625
21425,2.8114822,69170.44
21426,2.8123708,69173.25
21427,2.8127239,69176.06
21428,2.8133795,69178.875
21429,2.8155344,69181.69
21430,2.8199315,69184.51
21431,2.8238118,69187.33
21432,2.8273828,69190.16
21433,2.8308384,69192.984
21434,2.8317647,69195.81
21435,2.8297832,69198.64
21436,2.8280623,69201.47
21437,2.8280034,69204.3
21438,2.8292155,69207.125
21439,2.8291905,69209.95
21440,2.8260913,69212.78
21441,2.8222919,69215.6
21442,2.8219638,69218.42
21443,2.8248668,69221.25
21444,2.8284085,69224.08
21445,2.8301346,69226.91
21446,2.8301468,69229.734
21447,2.8301053,69232.56
21448,2.8298328,69235.39
21449,2.8282876,69238.22
21450,2.8247552,69241.05
21451,2.8204062,69243.87
21452,2.815812,69246.68
21453,2.8096004,69249.49
21454,2.8055289,69252.3
21455,2.8030877,69255.1
21456,2.8012526,69257.91
21457,2.8009965,69260.71
21458,2.8028755,69263.516
21459,2.8051867,69266.32
21460,2.806987,69269.125
21461,2.8080099,69271.93
21462,2.8078442,69274.734
21463,2.8095512,69277.55
21464,2.8127816,69280.36
21465,2.8152359,69283.17
21466,2.8174124,69285.99
21467,2.8191032,69288.81
21468,2.819847,69291.63
21469,2.820702,69294.45
21470,2.821187,69297.27
21471,2.821997,69300.09
21472,2.8207123,69302.914
21473,2.8195574,69305.734
21474,2.816318,69308.55
21475,2.8118472,69311.36
21476,2.8069687,69314.164
21477,2.8019443,69316.97
21478,2.799511,69319.766
21479,2.7997003,69322.56
21480,2.800678,69325.36
21481,2.8022492,69328.164
21482,2.8010626,69330.97
21483,2.7991617,69333.766
21484,2.8011107,69336.57
21485,2.8060129,69339.375
21486,2.8113458,69342.19
21487,2.8146074,69345.0
21488,2.815273,69347.81
21489,2.8156207,69350.625
21490,2.8189518,69353.445
21491,2.823035,69356.266
21492,2.8255348,69359.09
21493,2.8271573,69361.92
21494,2.8267639,69364.75
21495,2.8242128,69367.57
21496,2.8219042,69370.39
21497,2.8195186,69373.21
21498,2.816903,69376.03
21499,2.8139462,69378.84
21500,2.8120384,69381.66
21501,2.8097162,69384.47
21502,2.8077886,69387.27
21503,2.805141,69390.08
21504,2.8053544,69392.88
21505,2.8073766,69395.69
21506,2.8102696,69398.5
21507,2.8119843,69401.31
21508,2.8153908,69404.125
21509,2.8188818,69406.945
21510,2.8196878,69409.766
21511,2.8190005,69412.586
21512,2.8202837,69415.41
21513,2.823864,69418.23
21514,2.8282297,69421.055
21515,2.831843,69423.88
21516,2.832344,69426.72
21517,2.830543,69429.55
21518,2.827467,69432.375
21519,2.8267527,69435.2
21520,2.8268654,69438.03
21521,2.8254333,69440.86
21522,2.8256457,69443.69
21523,2.8247323,69446.516
21524,2.8241656,69449.336
21525,2.8228686,69452.16
21526,2.8243196,69454.984
21527,2.8264413,69457.81
21528,2.8267772,69460.64
21529,2.8273277,69463.47
21530,2.827901,69466.3
21531,2.8278768,69469.125
21532,2.8292785,69471.95
21533,2.8322558,69474.79
21534,2.8353162,69477.625
21535,2.8374765,69480.46
21536,2.838498,69483.3
21537,2.8398023,69486.13
21538,2.839929,69488.98
21539,2.8405237,69491.82
21540,2.8399594,69494.664
21541,2.838111,69497.5
21542,2.8330984,69500.336
21543,2.8290863,69503.164
21544,2.8283353,69505.99
21545,2.829601,69508.82
21546,2.8299956,69511.65
21547,2.8296316,69514.48
21548,2.8315287,69517.305
21549,2.8353364,69520.14
21550,2.8348055,69522.98
21551,2.8328438,69525.81
21552,2.8308682,69528.64
21553,2.830147,69531.47
21554,2.8292406,69534.3
21555,2.8274775,69537.125
21556,2.824186,69539.945
21557,2.8222651,69542.766
21558,2.8217156,69545.586
21559,2.8219748,69548.41
21560,2.8224308,69551.23
21561,2.8222368,69554.05
21562,2.8211167,69556.87
21563,2.8195052,69559.69
21564,2.8169675,69562.51
21565,2.8127081,69565.32
21566,2.8098629,69568.13
21567,2.8083217,69570.94
21568,2.8103793,69573.75
21569,2.8147995,69576.56
21570,2.8198674,69579.38
21571,2.8241067,69582.2
21572,2.8240957,69585.02
21573,2.8251076,69587.85
21574,2.825737,69590.68
21575,2.8256838,69593.51
21576,2.8234339,69596.33
21577,2.8215723,69599.15
21578,2.821549,69601.97
21579,2.8237522,69604.79
21580,2.8267636,69607.62
21581,2.8308628,69610.445
21582,2.8335865,69613.28
21583,2.8353856,69616.12
21584,2.8354723,69618.95
21585,2.8349664,69621.79
21586,2.8344643,69624.625
21587,2.833092,69627.46
21588,2.8316543,69630.29
21589,2.8298364,69633.12
21590,2.8267696,69635.945
21591,2.8239639,69638.766
21592,2.8226113,69641.586
21593,2.82268,69644.41
21594,2.823961,69647.23
21595,2.8240454,69650.05
21596,2.8218083,69652.87
21597,2.8204207,69655.69
21598,2.8176665,69658.51
21599,2.8132617,69661.32
21600,2.8096871,69664.13
21601,2.8059566,69666.94
21602,2.8025463,69669.74
21603,2.7985897,69672.54
21604,2.797524,69675.336
21605,2.7973568,69678.13
21606,2.8011365,69680.94
21607,2.8056722,69683.74
21608,2.809274,69686.555
21609,2.8090277,69689.37
21610,2.8055165,69692.17
21611,2.8010433,69694.98
21612,2.7979872,69697.77
21613,2.795926,69700.57
21614,2.7965627,69703.37
21615,2.7993338,69706.164
21616,2.8027892,69708.97
21617,2.8072968,69711.77
21618,2.811417,69714.586
21619,2.8144324,69717.4
21620,2.814811,69720.21
21621,2.8141747,69723.02
21622,2.8144772,69725.836
21623,2.8158677,69728.65
21624,2.8171508,69731.47
21625,2.8174539,69734.29
21626,2.8188422,69737.11
21627,2.820756,69739.93
21628,2.823087,69742.75
21629,2.826278,69745.58
21630,2.8277297,69748.41
21631,2.827759,69751.234
21632,2.8245904,69754.06
21633,2.819896,69756.88
21634,2.8151524,69759.695
21635,2.8105874,69762.51
21636,2.8070223,69765.31
21637,2.8032577,69768.12
21638,2.7998056,69770.914
21639,2.7990847,69773.71
21640,2.7982373,69776.51
21641,2.7960083,69779.305
21642,2.7936106,69782.1
21643,2.7925656,69784.89
21644,2.790845,69787.68
21645,2.787392,69790.47
21646,2.782077,69793.25
21647,2.7760863,69796.02
21648,2.7732177,69798.8
21649,2.770257,69801.57
21650,2.7685008,69804.336
21651,2.7668276,69807.1
21652,2.769055,69809.87
21653,2.7720668,69812.64
21654,2.7759237,69815.414
21655,2.7804806,69818.195
21656,2.7835045,69820.98
21657,2.7822258,69823.76
21658,2.7767303,69826.53
21659,2.7697952,69829.305
21660,2.7653046,69832.07
21661,2.7640314,69834.836
21662,2.7643323,69837.6
21663,2.7678614,69840.37
21664,2.7770684,69843.14
21665,2.788464,69845.93
21666,2.7946823,69848.73
21667,2.7978814,69851.52
21668,2.795864,69854.32
21669,2.7941744,69857.12
21670,2.7944262,69859.914
21671,2.796142,69862.71
21672,2.7966988,69865.51
21673,2.7996094,69868.305
21674,2.8044586,69871.11
21675,2.809138,69873.92
21676,2.8138323,69876.734
21677,2.8171954,69879.555
21678,2.8169284,69882.375
21679,2.8131535,69885.19
21680,2.8096447,69888.0
21681,2.8065317,69890.805
21682,2.8101704,69893.62
21683,2.8163674,69896.43
21684,2.8215168,69899.25
21685,2.8259003,69902.08
21686,2.82715,69904.91
21687,2.8273284,69907.734
21688,2.8261998,69910.56
21689,2.8252642,69913.39
21690,2.827723,69916.22
21691,2.8307517,69919.05
21692,2.834659,69921.88
21693,2.8368666,69924.72
21694,2.8355782,69927.555
21695,2.8330846,69930.39
21696,2.8301604,69933.22
21697,2.8284318,69936.05
21698,2.8284707,69938.875
21699,2.8285701,69941.7
21700,2.8290677,69944.53
21701,2.8296225,69947.36
21702,2.8309774,69950.19
21703,2.8334703,69953.02
21704,2.8358154,69955.86
21705,2.8385713,69958.695
21706,2.8401804,69961.54
21707,2.8409107,69964.38
21708,2.8410547,69967.23
21709,2.8405359,69970.07
21710,2.8375468,69972.91
21711,2.8325624,69975.74
21712,2.8300552,69978.57
21713,2.8288732,69981.4
21714,2.8295076,69984.23
21715,2.8310962,69987.055
21716,2.8306034,69989.88
21717,2.8284554,69992.71
21718,2.826135,69995.54
21719,2.8244226,69998.37
21720,2.821747,70001.19
21721,2.820777,70004.01
21722,2.8192773,70006.83
21723,2.8177555,70009.65
21724,2.8159978,70012.46
21725,2.8155825,70015.27
21726,2.8126802,70018.086
21727,2.8090115,70020.9
21728,2.8085723,70023.7
21729,2.809454,70026.516
21730,2.8119986,70029.33
21731,2.816083,70032.14
21732,2.8179822,70034.96
21733,2.8188078,70037.78
21734,2.81927,70040.6
21735,2.8183272,70043.42
21736,2.8164902,70046.24
21737,2.8155534,70049.055
21738,2.8165104,70051.875
21739,2.8183491,70054.695
21740,2.8195071,70057.516
21741,2.8204699,70060.336
21742,2.819615,70063.16
21743,2.816823,70065.98
21744,2.814798,70068.79
21745,2.815674,70071.6
21746,2.818954,70074.42
21747,2.8216062,70077.24
21748,2.823008,70080.06
21749,2.8242502,70082.89
21750,2.8253593,70085.72
21751,2.8278606,70088.55
21752,2.8307602,70091.375
21753,2.8335,70094.21
21754,2.8341577,70097.05
21755,2.835884,70099.88
21756,2.8361602,70102.72
21757,2.8343277,70105.555
21758,2.8313162,70108.38
21759,2.8247488,70111.21
21760,2.8179507,70114.03
21761,2.8104396,70116.84
21762,2.8065321,70119.65
21763,2.8044913,70122.45
21764,2.8046198,70125.26
21765,2.8059611,70128.06
21766,2.8068874,70130.87
21767,2.8054323,70133.67
21768,2.8026464,70136.48
21769,2.7997644,70139.27
21770,2.7981186,70142.07
21771,2.792823,70144.86
21772,2.7876863,70147.65
21773,2.7823596,70150.43
21774,2.780567,70153.21
21775,2.782452,70155.99
21776,2.787515,70158.78
21777,2.7941895,70161.58
21778,2.7984543,70164.375
21779,2.8008733,70167.18
21780,2.8010323,70169.984
21781,2.8003662,70172.78
21782,2.799869,70175.58
21783,2.7984204,70178.375
21784,2.796824,70181.17
21785,2.7957394,70183.97
21786,2.795091,70186.766
21787,2.7951574,70189.56
21788,2.7932673,70192.36
21789,2.7909882,70195.15
21790,2.7906082,70197.94
21791,2.7913778,70200.73
21792,2.7925506,70203.516
21793,2.7949972,70206.31
21794,2.799692,70209.11
21795,2.8043737,70211.914
21796,2.8057458,70214.72
21797,2.807296,70217.52
21798,2.8094144,70220.336
21799,2.8113363,70223.15
21800,2.812435,70225.96
21801,2.8130612,70228.77
21802,2.8123622,70231.586
21803,2.810571,70234.4
21804,2.8109481,70237.21
21805,2.8124206,70240.02
21806,2.813977,70242.836
21807,2.8142433,70245.65
21808,2.8144033,70248.46
21809,2.8132174,70251.27
21810,2.8116097,70254.086
21811,2.8114738,70256.9
21812,2.8139126,70259.71
21813,2.815888,70262.52
21814,2.8178616,70265.34
21815,2.8193874,70268.164
21816,2.8190873,70270.984
21817,2.8185794,70273.805
21818,2.819038,70276.625
21819,2.8180547,70279.445
21820,2.8153508,70282.26
21821,2.8112247,70285.07
21822,2.8081667,70287.875
21823,2.8071408,70290.68
21824,2.8055675,70293.484
21825,2.8034625,70296.29
21826,2.8033977,70299.09
21827,2.8048325,70301.9
21828,2.8070083,70304.7
21829,2.8114061,70307.516
21830,2.8147442,70310.33
21831,2.819647,70313.15
21832,2.8232799,70315.97
21833,2.8255606,70318.8
21834,2.8264282,70321.625
21835,2.8265054,70324.45
21836,2.8252313,70327.28
21837,2.8237038,70330.1
21838,2.8235254,70332.92
21839,2.8254573,70335.75
21840,2.8267152,70338.58
21841,2.827883,70341.41
21842,2.8278306,70344.234
21843,2.826895,70347.06
21844,2.8252208,70349.89
21845,2.8243084,70352.72
21846,2.8267868,70355.55
21847,2.8306386,70358.375
21848,2.8327475,70361.21
21849,2.832595,70364.05
21850,2.8327508,70366.88
21851,2.831272,70369.71
21852,2.8307104,70372.54
21853,2.8294945,70375.37
21854,2.8274498,70378.195
21855,2.8261032,70381.02
21856,2.8269494,70383.85
21857,2.830951,70386.68
21858,2.8344262,70389.516
21859,2.835865,70392.35
21860,2.8338811,70395.19
21861,2.831791,70398.016
21862,2.8297155,70400.84
21863,2.8287342,70403.67
21864,2.8288662,70406.5
21865,2.8301013,70409.33
21866,2.8312826,70412.16
21867,2.830864,70414.984
21868,2.8289535,70417.81
21869,2.8261368,70420.64
21870,2.8252182,70423.47
21871,2.8252492,70426.3
21872,2.8244922,70429.125
21873,2.8230495,70431.945
21874,2.8221698,70434.766
21875,2.823272,70437.586
21876,2.8251915,70440.414
21877,2.8261874,70443.24
21878,2.8268523,70446.07
21879,2.8268194,70448.9
21880,2.8275259,70451.73
21881,2.8275652,70454.555
21882,2.8281932,70457.38
21883,2.8273137,70460.21
21884,2.8260126,70463.04
21885,2.8241315,70465.86
21886,2.8237305,70468.68
21887,2.8238235,70471.5
21888,2.824325,70474.33
21889,2.8240933,70477.15
21890,2.8224018,70479.97
21891,2.8210647,70482.79
21892,2.8213663,70485.61
21893,2.823475,70488.43
21894,2.8270183,70491.26
21895,2.831041,70494.086
21896,2.8340263,70496.92
21897,2.8358746,70499.76
21898,2.833732,70502.59
21899,2.8299444,70505.42
21900,2.8263564,70508.25
21901,2.8235118,70511.07
21902,2.8211026,70513.89
21903,2.818802,70516.71
21904,2.8185031,70519.53
21905,2.8191655,70522.35
21906,2.819759,70525.17
21907,2.8193831,70527.99
21908,2.8199108,70530.81
21909,2.8217256,70533.63
21910,2.8241003,70536.45
21911,2.8266048,70539.28
21912,2.8277295,70542.11
21913,2.8286858,70544.94
21914,2.8294106,70547.766
21915,2.8310077,70550.59
21916,2.832843,70553.43
21917,2.83335,70556.266
21918,2.8334703,70559.1
21919,2.832954,70561.94
21920,2.83286,70564.77
21921,2.8312514,70567.6
21922,2.8292654,70570.43
21923,2.8273904,70573.26
21924,2.826717,70576.086
21925,2.8253164,70578.914
21926,2.8234758,70581.734
21927,2.8221703,70584.555
21928,2.8186052,70587.375
21929,2.8151693,70590.19
21930,2.8128107,70593.0
21931,2.8113081,70595.81
21932,2.8074193,70598.62
21933,2.8011236,70601.42
21934,2.7956004,70604.22
21935,2.7910368,70607.01
21936,2.7901995,70609.8
21937,2.7902942,70612.586
21938,2.7908084,70615.375
21939,2.7900112,70618.164
21940,2.7884881,70620.95
21941,2.7859063,70623.74
21942,2.7789621,70626.52
21943,2.7714233,70629.3
21944,2.7653627,70632.06
21945,2.7612107,70634.82
21946,2.7584925,70637.58
21947,2.7545125,70640.336
21948,2.7506652,70643.086
21949,2.7486043,70645.836
21950,2.7513733,70648.586
21951,2.7559977,70651.34
21952,2.760486,70654.1
21953,2.7650702,70656.87
21954,2.7683227,70659.63
21955,2.7735775,70662.41
21956,2.7789764,70665.19
21957,2.784376,70667.97
21958,2.788348,70670.76
21959,2.792663,70673.55
21960,2.7954729,70676.34
21961,2.797532,70679.14
21962,2.7986474,70681.94
21963,2.7987154,70684.734
21964,2.7981439,70687.53
21965,2.79811,70690.33
21966,2.7985573,70693.125
21967,2.8003953,70695.92
21968,2.8020482,70698.73
21969,2.80358,70701.53
21970,2.8041449,70704.336
21971,2.8036654,70707.14
21972,2.8029108,70709.945
21973,2.800172,70712.74
21974,2.798495,70715.54
21975,2.796803,70718.336
21976,2.7964983,70721.13
21977,2.7979157,70723.93
21978,2.7998672,70726.73
21979,2.8007967,70729.53
21980,2.7986248,70732.33
21981,2.7930064,70735.125
21982,2.7895923,70737.914
21983,2.786731,70740.7
21984,2.7879217,70743.49
21985,2.7901926,70746.28
21986,2.7911522,70749.07
21987,2.7935524,70751.87
21988,2.7941988,70754.664
21989,2.793983,70757.46
21990,2.793232,70760.26
21991,2.7911258,70763.05
21992,2.7923589,70765.836
21993,2.7936966,70768.63
21994,2.7959208,70771.43
21995,2.796546,70774.23
21996,2.796134,70777.02
21997,2.7963443,70779.82
21998,2.7994573,70782.62
21999,2.8047626,70785.42
22000,2.810208,70788.234
22001,2.815598,70791.05
22002,2.8192348,70793.87
22003,2.8247182,70796.695
22004,2.8301442,70799.52
22005,2.8373592,70802.36
22006,2.8435948,70805.2
22007,2.8495924,70808.055
22008,2.8532982,70810.91
22009,2.8562593,70813.766
22010,2.8574667,70816.625
22011,2.8585021,70819.484
22012,2.8561118,70822.34
22013,2.8516715,70825.195
22014,2.8480783,70828.05
22015,2.8455398,70830.89
22016,2.8449013,70833.734
22017,2.8439171,70836.58
22018,2.8425696,70839.42
22019,2.8428671,70842.266
22020,2.8448977,70845.11
22021,2.8479729,70847.96
22022,2.84954,70850.81
22023,2.8510702,70853.664
22024,2.8505914,70856.516
22025,2.8474438,70859.36
22026,2.843029,70862.2
22027,2.8398201,70865.04
22028,2.8390005,70867.875
22029,2.8403006,70870.72
22030,2.8416758,70873.56
22031,2.8432095,70876.41
22032,2.8441947,70879.25
22033,2.8430095,70882.09
22034,2.8401546,70884.94
22035,2.8363662,70887.77
22036,2.8341463,70890.61
22037,2.83251,70893.445
22038,2.8300965,70896.27
22039,2.82672,70899.1
22040,2.8222396,70901.92
22041,2.8173666,70904.74
22042,2.8146422,70907.555
22043,2.8138008,70910.37
22044,2.8144665,70913.18
22045,2.8160028,70915.99
22046,2.8167033,70918.81
22047,2.815253,70921.625
22048,2.814659,70924.44
22049,2.8150518,70927.25
22050,2.815591,70930.06
22051,2.8165467,70932.88
22052,2.8165975,70935.7
22053,2.8177876,70938.52
22054,2.819348,70941.34
22055,2.8217168,70944.164
22056,2.823939,70946.984
22057,2.8268273,70949.81
22058,2.8278375,70952.64
22059,2.827889,70955.47
22060,2.8281157,70958.3
22061,2.8268142,70961.125
22062,2.8244536,70963.95
22063,2.820911,70966.77
22064,2.8181584,70969.59
22065,2.8164904,70972.414
22066,2.8163934,70975.23
22067,2.8187823,70978.05
22068,2.8226953,70980.87
22069,2.8268182,70983.695
22070,2.8279638,70986.52
22071,2.8260605,70989.35
22072,2.824793,70992.18
22073,2.8227513,70995.0
22074,2.820464,70997.82
22075,2.8170793,71000.64
22076,2.8138711,71003.45
22077,2.8124151,71006.266
22078,2.8122532,71009.08
22079,2.8104014,71011.89
22080,2.8088524,71014.7
22081,2.8081691,71017.51
22082,2.8083348,71020.31
22083,2.8082364,71023.12
22084,2.8095193,71025.93
22085,2.8104088,71028.74
22086,2.8108613,71031.555
22087,2.8083217,71034.36
22088,2.805592,71037.164
22089,2.8030443,71039.97
22090,2.8042462,71042.77
22091,2.806545,71045.58
22092,2.8099585,71048.39
22093,2.8137515,71051.2
22094,2.8140783,71054.016
22095,2.8111954,71056.83
22096,2.8064694,71059.63
22097,2.8024094,71062.44
22098,2.8006508,71065.234
22099,2.801161,71068.04
22100,2.8035705,71070.84
22101,2.8051052,71073.65
22102,2.8055954,71076.45
22103,2.805476,71079.26
22104,2.8074303,71082.06
22105,2.81203,71084.875
22106,2.8179529,71087.695
22107,2.8226178,71090.516
22108,2.8251038,71093.34
22109,2.825963,71096.17
22110,2.8262002,71099.0
22111,2.8259757,71101.83
22112,2.826186,71104.66
22113,2.8261404,71107.484
22114,2.8258297,71110.31
22115,2.8248794,71113.14
22116,2.8245256,71115.97
22117,2.8262231,71118.8
22118,2.829357,71121.625
22119,2.8318005,71124.45
22120,2.8305614,71127.28
22121,2.8286798,71130.11
22122,2.8264349,71132.94
22123,2.8246655,71135.766
22124,2.8228347,71138.586
22125,2.8218617,71141.41
22126,2.8230798,71144.23
22127,2.8241093,71147.05
22128,2.8246758,71149.875
22129,2.8250473,71152.7
22130,2.822537,71155.52
22131,2.8180394,71158.34
22132,2.8121312,71161.16
22133,2.8068085,71163.96
22134,2.803833,71166.766
22135,2.803033,71169.57
22136,2.804052,71172.375
22137,2.8070323,71175.18
22138,2.8111465,71177.99
22139,2.8147464,71180.805
22140,2.8174503,71183.625
22141,2.8185887,71186.445
22142,2.819372,71189.266
22143,2.8205862,71192.086
22144,2.8221996,71194.91
22145,2.8250866,71197.734
22146,2.8285842,71200.56
22147,2.8323965,71203.4
22148,2.8349395,71206.234
22149,2.8351521,71209.07
22150,2.8348918,71211.91
22151,2.8346033,71214.74
22152,2.8344085,71217.58
22153,2.835417,71220.414
22154,2.8357494,71223.25
22155,2.837357,71226.086
22156,2.840016,71228.93
22157,2.8446996,71231.77
22158,2.8479517,71234.625
22159,2.8513186,71237.48
22160,2.851602,71240.33
22161,2.848853,71243.18
22162,2.8442175,71246.02
22163,2.839016,71248.86
22164,2.8347259,71251.695
22165,2.832435,71254.53
22166,2.8319952,71257.36
22167,2.833005,71260.195
22168,2.8332248,71263.03
22169,2.8320086,71265.86
22170,2.8299282,71268.69
22171,2.8267028,71271.516
22172,2.822909,71274.336
22173,2.8183022,71277.16
22174,2.8158157,71279.97
22175,2.8160586,71282.78
22176,2.815212,71285.59
22177,2.8133907,71288.41
22178,2.811346,71291.22
22179,2.8085155,71294.02
22180,2.8067281,71296.83
22181,2.8069365,71299.63
22182,2.8079414,71302.44
22183,2.8111255,71305.25
22184,2.814796,71308.06
22185,2.8194458,71310.88
22186,2.8219848,71313.7
22187,2.8239648,71316.52
22188,2.825362,71319.35
22189,2.8251805,71322.18
22190,2.822773,71325.0
22191,2.8192663,71327.82
22192,2.8189125,71330.64
22193,2.8198013,71333.46
22194,2.8196843,71336.28
22195,2.8185234,71339.1
22196,2.8161037,71341.914
22197,2.8130178,71344.73
22198,2.8118289,71347.54
22199,2.8130324,71350.35
22200,2.8139768,71353.164
22201,2.8135219,71355.98
22202,2.8129892,71358.79
22203,2.810896,71361.6
22204,2.8111048,71364.414
22205,2.8108456,71367.23
22206,2.8108342,71370.04
22207,2.81153,71372.85
22208,2.8120677,71375.664
22209,2.811877,71378.48
22210,2.8101876,71381.29
22211,2.8086789,71384.1
22212,2.8073778,71386.91
22213,2.8072078,71389.71
22214,2.8067534,71392.516
22215,2.8071225,71395.32
22216,2.8077188,71398.125
22217,2.8081899,71400.93
22218,2.807041,71403.734
22219,2.8042705,71406.54
22220,2.802351,71409.34
22221,2.7998476,71412.14
22222,2.7982082,71414.94
22223,2.7963872,71417.734
22224,2.7966726,71420.53
22225,2.7981207,71423.33
22226,2.7993252,71426.125
22227,2.800399,71428.92
22228,2.8006725,71431.72
22229,2.8010106,71434.52
22230,2.8011615,71437.33
22231,2.8013992,71440.13
22232,2.8013632,71442.94
22233,2.8029473,71445.74
22234,2.805927,71448.55
22235,2.809308,71451.36
22236,2.8106775,71454.17
22237,2.8104253,71456.984
22238,2.8071566,71459.79
22239,2.8027914,71462.59
22240,2.8015506,71465.4
22241,2.8021991,71468.2
22242,2.8026748,71471.01
22243,2.8023708,71473.81
22244,2.8002276,71476.61
22245,2.7990983,71479.41
22246,2.7991796,71482.2
22247,2.799925,71485.0
22248,2.7998214,71487.8
22249,2.7982183,71490.59
22250,2.7988396,71493.39
22251,2.798922,71496.19
22252,2.8008022,71498.99
22253,2.8024633,71501.8
22254,2.803159,71504.6
22255,2.8038867,71507.41
22256,2.80631,71510.21
22257,2.8096118,71513.02
22258,2.8115273,71515.836
22259,2.8119009,71518.65
22260,2.8108644,71521.46
22261,2.8091676,71524.27
22262,2.807874,71527.08
22263,2.8071432,71529.88
22264,2.80661,71532.69
22265,2.80416,71535.49
22266,2.7995713,71538.29
22267,2.7956207,71541.086
22268,2.7972527,71543.88
22269,2.8008695,71546.69
22270,2.8053424,71549.49
22271,2.8088686,71552.305
22272,2.8096945,71555.12
22273,2.8098462,71557.93
22274,2.8073726,71560.734
22275,2.8061764,71563.54
22276,2.8071146,71566.34
22277,2.810075,71569.16
22278,2.8108435,71571.97
22279,2.8082902,71574.77
22280,2.805854,71577.58
22281,2.804022,71580.38
22282,2.8000765,71583.18
22283,2.7964182,71585.98
22284,2.7936437,71588.77
22285,2.7915435,71591.56
22286,2.7911687,71594.35
22287,2.7908928,71597.14
22288,2.7911572,71599.93
22289,2.7925882,71602.72
22290,2.79696,71605.516
22291,2.800836,71608.32
22292,2.8025653,71611.125
22293,2.804267,71613.93
22294,2.8045733,71616.734
22295,2.8058743,71619.54
22296,2.808084,71622.34
22297,2.8121617,71625.16
22298,2.814239,71627.97
22299,2.8150537,71630.78
22300,2.816388,71633.59
22301,2.8163807,71636.41
22302,2.817939,71639.23
22303,2.8202574,71642.05
22304,2.8223865,71644.87
22305,2.8239532,71647.69
22306,2.8251693,71650.516
22307,2.8254483,71653.34
22308,2.8244214,71656.17
22309,2.8219728,71658.99
22310,2.8220634,71661.81
22311,2.8224208,71664.63
22312,2.8240268,71667.45
22313,2.824654,71670.28
22314,2.8237233,71673.1
22315,2.823269,71675.92
22316,2.8246448,71678.75
22317,2.826901,71681.58
22318,2.826614,71684.41
22319,2.8237514,71687.23
22320,2.8209412,71690.05
22321,2.8194788,71692.87
22322,2.8213336,71695.69
22323,2.8240166,71698.51
22324,2.825615,71701.336
22325,2.826572,71704.164
22326,2.8248,71706.99
22327,2.8204153,71709.81
22328,2.815281,71712.625
22329,2.8085537,71715.43
22330,2.8026006,71718.234
22331,2.7972498,71721.03
22332,2.7954245,71723.83
22333,2.794663,71726.625
22334,2.7954452,71729.42
22335,2.7978754,71732.22
22336,2.8000247,71735.016
22337,2.8020265,71737.82
22338,2.803756,71740.625
22339,2.8057778,71743.43
22340,2.806821,71746.234
22341,2.8099604,71749.05
22342,2.810953,71751.86
22343,2.811129,71754.67
22344,2.810846,71757.484
22345,2.8128014,71760.3
22346,2.815733,71763.11
22347,2.8195305,71765.93
22348,2.821045,71768.75
22349,2.8210287,71771.57
22350,2.8214078,71774.39
22351,2.8232803,71777.21
22352,2.826889,71780.04
22353,2.8312743,71782.87
22354,2.8335114,71785.7
22355,2.834901,71788.54
22356,2.8361049,71791.375
22357,2.837811,71794.21
22358,2.8376024,71797.05
22359,2.83712,71799.88
22360,2.8358743,71802.72
22361,2.8343544,71805.555
22362,2.8310254,71808.38
22363,2.8265924,71811.21
22364,2.8235683,71814.03
22365,2.8216417,71816.85
22366,2.820945,71819.67
22367,2.8212519,71822.49
22368,2.8217242,71825.31
22369,2.822461,71828.13
22370,2.8240514,71830.95
22371,2.825763,71833.78
22372,2.825721,71836.61
22373,2.8240862,71839.43
22374,2.822134,71842.25
22375,2.8203337,71845.07
22376,2.8200912,71847.89
22377,2.8194518,71850.71
22378,2.8205621,71853.53
22379,2.8213265,71856.35
22380,2.8207784,71859.17
22381,2.8185678,71861.99
22382,2.8158154,71864.805
22383,2.8116665,71867.62
22384,2.8096912,71870.43
22385,2.8083353,71873.234
22386,2.8077366,71876.04
22387,2.8058765,71878.84
22388,2.8045497,71881.65
22389,2.8047168,71884.45
22390,2.8041546,71887.26
22391,2.8005736,71890.055
22392,2.797576,71892.85
22393,2.7976532,71895.65
22394,2.800451,71898.445
22395,2.8048947,71901.25
22396,2.8059542,71904.055
22397,2.8056457,71906.86
22398,2.8041987,71909.664
22399,2.8063707,71912.47
22400,2.8118777,71915.28
22401,2.818735,71918.1
22402,2.8237963,71920.92
22403,2.8271594,71923.75
22404,2.8294098,71926.58
22405,2.8317559,71929.41
22406,2.8321807,71932.24
22407,2.8298788,71935.07
22408,2.824865,71937.9
22409,2.8200216,71940.72
22410,2.816903,71943.54
22411,2.8144298,71946.35
22412,2.813095,71949.164
22413,2.811,71951.98
22414,2.8116379,71954.79
22415,2.812874,71957.6
22416,2.8143191,71960.414
22417,2.8141747,71963.23
22418,2.8121579,71966.04
22419,2.8102713,71968.85
22420,2.8091748,71971.664
22421,2.8076138,71974.47
22422,2.8068738,71977.27
22423,2.8061888,71980.08
22424,2.80584,71982.88
22425,2.8063817,71985.69
22426,2.8082998,71988.49
22427,2.8098998,71991.305
22428,2.8099077,71994.12
22429,2.8099387,71996.93
22430,2.8110971,71999.74
22431,2.8125055,72002.555
22432,2.8115523,72005.37
22433,2.8094037,72008.18
22434,2.806661,72010.984
22435,2.8045297,72013.79
22436,2.802411,72016.59
22437,2.7993512,72019.39
22438,2.7957938,72022.19
22439,2.79057,72024.98
22440,2.7878125,72027.766
22441,2.7850518,72030.55
22442,2.784009,72033.33
22443,2.7844274,72036.11
22444,2.7863567,72038.9
22445,2.7884908,72041.69
22446,2.790085,72044.48
22447,2.7935808,72047.27
22448,2.7962966,72050.07
22449,2.8005383,72052.87
22450,2.802487,72055.67
22451,2.8025787,72058.48
22452,2.800687,72061.27
22453,2.79514,72064.07
22454,2.791215,72066.86
22455,2.7903326,72069.65
22456,2.7911706,72072.44
22457,2.7925844,72075.23
22458,2.7947106,72078.02
22459,2.7979164,72080.82
22460,2.8003185,72083.62
22461,2.8022518,72086.42
22462,2.8007815,72089.23
22463,2.7968335,72092.02
22464,2.79556,72094.82
22465,2.7965212,72097.62
22466,2.800681,72100.414
22467,2.8060145,72103.22
22468,2.8119273,72106.03
22469,2.8177295,72108.85
22470,2.823028,72111.67
22471,2.8272507,72114.5
22472,2.8293002,72117.33
22473,2.829421,72120.16
22474,2.8292563,72122.984
22475,2.8288224,72125.81
22476,2.8267865,72128.64
22477,2.8229408,72131.46
22478,2.8179343,72134.28
22479,2.8115454,72137.09
22480,2.8063781,72139.9
22481,2.801974,72142.7
22482,2.798883,72145.5
22483,2.795311,72148.3
22484,2.7939847,72151.09
22485,2.7938964,72153.89
22486,2.795647,72156.69
22487,2.797311,72159.484
22488,2.801529,72162.29
22489,2.8048809,72165.09
22490,2.8050747,72167.9
22491,2.803759,72170.7
22492,2.798041,72173.5
22493,2.7924602,72176.29
22494,2.7920074,72179.08
22495,2.7920456,72181.87
22496,2.791202,72184.66
22497,2.7886398,72187.445
22498,2.788821,72190.234
22499,2.789421,72193.02
22500,2.7907858,72195.81
22501,2.792153,72198.6
22502,2.7901556,72201.39
22503,2.785808,72204.18
22504,2.7827485,72206.96
22505,2.7823381,72209.74
22506,2.7861657,72212.53
22507,2.792143,72215.32
22508,2.7980967,72218.12
22509,2.80212,72220.92
22510,2.803798,72223.73
22511,2.8043532,72226.53
22512,2.8066366,72229.336
22513,2.8129954,72232.15
22514,2.8175097,72234.97
22515,2.8211837,72237.79
22516,2.8237045,72240.61
22517,2.8285348,72243.44
22518,2.8327043,72246.27
22519,2.8358963,72249.11
22520,2.8348236,72251.945
22521,2.8315926,72254.77
22522,2.828943,72257.6
22523,2.8266993,72260.43
22524,2.8258443,72263.26
22525,2.8250024,72266.086
22526,2.8229113,72268.91
22527,2.8204405,72271.73
22528,2.820461,72274.55
22529,2.822597,72277.37
22530,2.824183,72280.19
22531,2.8249135,72283.016
22532,2.8250918,72285.84
22533,2.8260512,72288.67
22534,2.828111,72291.5
22535,2.8314667,72294.33
22536,2.834357,72297.164
22537,2.837347,72300.0
22538,2.8382924,72302.836
22539,2.838332,72305.67
22540,2.8369796,72308.51
22541,2.8344424,72311.34
22542,2.8353107,72314.18
22543,2.836035,72317.016
22544,2.8367908,72319.85
22545,2.8378365,72322.69
22546,2.8382633,72325.52
22547,2.837187,72328.36
22548,2.8370569,72331.195
22549,2.8370717,72334.03
22550,2.8360133,72336.87
22551,2.83555,72339.7
22552,2.834017,72342.54
22553,2.8323886,72345.375
22554,2.830902,72348.2
22555,2.8305461,72351.03
22556,2.8322139,72353.87
22557,2.834477,72356.7
22558,2.8364477,72359.54
22559,2.8362992,72362.375
22560,2.8350499,72365.21
22561,2.8348343,72368.05
22562,2.8356502,72370.88
22563,2.836559,72373.72
22564,2.8357077,72376.555
22565,2.8358715,72379.39
22566,2.8355484,72382.23
22567,2.8349473,72385.06
22568,2.8336635,72387.9
22569,2.8310661,72390.73
22570,2.8278944,72393.555
22571,2.8250916,72396.38
22572,2.8222046,72399.2
22573,2.8193614,72402.02
22574,2.817075,72404.84
22575,2.813963,72407.66
22576,2.8122864,72410.47
22577,2.81213,72413.28
22578,2.8125632,72416.09
22579,2.8128035,72418.91
22580,2.8114822,72421.72
22581,2.810519,72424.53
22582,2.8099642,72427.34
22583,2.8093045,72430.16
22584,2.8092089,72432.97
22585,2.8092525,72435.78
22586,2.8093343,72438.59
22587,2.8104732,72441.41
22588,2.8108668,72444.22
22589,2.810349,72447.03
22590,2.8108647,72449.84
22591,2.8109372,72452.66
22592,2.8121681,72455.47
22593,2.815317,72458.28
22594,2.8210003,72461.1
22595,2.8250935,72463.93
22596,2.825139,72466.76
22597,2.8224273,72469.58
22598,2.8201969,72472.4
22599,2.8178744,72475.22
22600,2.8158603,72478.03
22601,2.8123026,72480.84
22602,2.8110116,72483.66
22603,2.811952,72486.47
22604,2.8152652,72489.28
22605,2.8199015,72492.1
22606,2.8228204,72494.92
22607,2.8243687,72497.75
22608,2.822099,72500.57
22609,2.819202,72503.39
22610,2.8179283,72506.21
22611,2.816885,72509.03
22612,2.8167005,72511.85
22613,2.8178356,72514.67
22614,2.8221376,72517.49
22615,2.825689,72520.32
22616,2.827686,72523.15
22617,2.8294373,72525.98
22618,2.8308654,72528.805
22619,2.8326924,72531.64
22620,2.833878,72534.48
22621,2.8361256,72537.31
22622,2.8394144,72540.15
22623,2.8411953,72542.99
22624,2.8414385,72545.836
22625,2.8412359,72548.68
22626,2.8395953,72551.516
22627,2.8387136,72554.35
22628,2.8372118,72557.19
22629,2.8353379,72560.02
22630,2.833421,72562.86
22631,2.833388,72565.695
22632,2.8332088,72568.53
22633,2.8328333,72571.37
22634,2.831686,72574.195
22635,2.8296895,72577.02
22636,2.8287392,72579.85
22637,2.8288302,72582.68
22638,2.8297696,72585.51
22639,2.8305461,72588.336
22640,2.8314865,72591.164
22641,2.8331456,72594.0
22642,2.8358989,72596.836
22643,2.8378742,72599.67
22644,2.8384209,72602.51
22645,2.8381925,72605.34
22646,2.836232,72608.18
22647,2.832019,72611.01
22648,2.8264165,72613.836
22649,2.8234868,72616.66
22650,2.8217692,72619.48
22651,2.822021,72622.3
22652,2.821816,72625.12
22653,2.821662,72627.94
22654,2.8208292,72630.76
22655,2.820028,72633.58
22656,2.819041,72636.4
22657,2.8178124,72639.22
22658,2.8160207,72642.03
22659,2.8146968,72644.84
22660,2.8147054,72647.66
22661,2.816292,72650.47
22662,2.8211353,72653.29
22663,2.8278208,72656.12
22664,2.832532,72658.95
22665,2.835392,72661.79
22666,2.8348007,72664.625
22667,2.8328786,72667.46
22668,2.8312466,72670.29
22669,2.8296785,72673.12
22670,2.829069,72675.945
22671,2.8290062,72678.77
22672,2.8277473,72681.6
22673,2.8236122,72684.42
22674,2.8184297,72687.24
22675,2.8140862,72690.055
22676,2.811433,72692.87
22677,2.8078616,72695.67
22678,2.8039582,72698.48
22679,2.8001566,72701.27
22680,2.8001144,72704.07
22681,2.8013308,72706.875
22682,2.803479,72709.68
22683,2.8071606,72712.484
22684,2.80886,72715.3
22685,2.809345,72718.11
22686,2.808583,72720.914
22687,2.8092227,72723.73
22688,2.8090942,72726.54
22689,2.8079534,72729.34
22690,2.8064523,72732.15
22691,2.8037026,72734.95
22692,2.8017883,72737.76
22693,2.801777,72740.56
22694,2.8026097,72743.37
22695,2.8013332,72746.17
22696,2.7990015,72748.97
22697,2.7966177,72751.766
22698,2.7988734,72754.56
22699,2.8005035,72757.36
22700,2.8018794,72760.164
22701,2.8019042,72762.97
22702,2.8002682,72765.766
22703,2.7982712,72768.56
22704,2.7974834,72771.36
22705,2.7957518,72774.16
22706,2.7943206,72776.95
22707,2.7938063,72779.75
22708,2.795915,72782.55
22709,2.7982903,72785.34
22710,2.8010018,72788.15
22711,2.803407,72790.95
22712,2.8044221,72793.76
22713,2.8042452,72796.56
22714,2.800653,72799.36
22715,2.7949991,72802.16
22716,2.7911599,72804.945
22717,2.7892437,72807.734
22718,2.790239,72810.52
22719,2.7914362,72813.31
22720,2.7921305,72816.1
22721,2.7920651,72818.89
22722,2.7901175,72821.68
22723,2.7872674,72824.47
22724,2.7874577,72827.26
22725,2.7885916,72830.05
22726,2.7916284,72832.836
22727,2.7964373,72835.63
22728,2.8001747,72838.43
22729,2.8038275,72841.234
22730,2.805227,72844.04
22731,2.8051732,72846.84
22732,2.806984,72849.65
22733,2.8095665,72852.46
22734,2.8122313,72855.27
22735,2.8151865,72858.086
22736,2.8183734,72860.91
22737,2.8217134,72863.73
22738,2.8239915,72866.55
22739,2.8240874,72869.37
22740,2.82309,72872.19
22741,2.822365,72875.01
22742,2.8221865,72877.83
22743,2.8233216,72880.65
22744,2.8222077,72883.47
22745,2.8206627,72886.29
22746,2.820901,72889.11
22747,2.824222,72891.94
22748,2.824679,72894.766
22749,2.8223245,72897.586
22750,2.8183029,72900.41
22751,2.815166,72903.22
22752,2.8139052,72906.03
22753,2.8130238,72908.84
22754,2.8122554,72911.66
22755,2.8113196,72914.47
22756,2.810989,72917.28
22757,2.8124697,72920.09
22758,2.8115528,72922.91
22759,2.809201,72925.72
22760,2.8075192,72928.52
22761,2.8063626,72931.33
22762,2.806591,72934.13
22763,2.806518,72936.94
22764,2.8076646,72939.74
22765,2.809962,72942.555
22766,2.8138766,72945.37
22767,2.816778,72948.19
22768,2.8181546,72951.01
22769,2.8206823,72953.83
22770,2.8234465,72956.65
22771,2.8245041,72959.48
22772,2.8231778,72962.3
22773,2.82169,72965.12
22774,2.8227136,72967.94
22775,2.827539,72970.766
22776,2.832913,72973.6
22777,2.836831,72976.44
22778,2.8383803,72979.27
22779,2.8381686,72982.11
22780,2.839006,72984.945
22781,2.8405619,72987.79
22782,2.841571,72990.63
22783,2.842379,72993.48
22784,2.8428895,72996.32
22785,2.8421166,72999.164
22786,2.8398361,73002.0
22787,2.8380997,73004.836
22788,2.8360217,73007.67
22789,2.8346572,73010.51
22790,2.8325665,73013.34
22791,2.8311281,73016.17
22792,2.8325262,73019.01
22793,2.8347614,73021.84
22794,2.8368359,73024.68
22795,2.837465,73027.516
22796,2.8355768,73030.35
22797,2.832587,73033.19
22798,2.826906,73036.016
22799,2.8210557,73038.836
22800,2.8161583,73041.65
22801,2.8126395,73044.46
22802,2.8100193,73047.27
22803,2.8045917,73050.08
22804,2.800554,73052.875
22805,2.7978063,73055.67
22806,2.796449,73058.47
22807,2.7962265,73061.266
22808,2.7955387,73064.06
22809,2.7970495,73066.86
22810,2.7997746,73069.66
22811,2.80442,73072.46
22812,2.8076253,73075.266
22813,2.809531,73078.08
22814,2.807933,73080.88
22815,2.8037288,73083.69
22816,2.8006253,73086.484
22817,2.7993789,73089.28
22818,2.7995274,73092.08
22819,2.7991827,73094.875
22820,2.796795,73097.67
22821,2.794719,73100.47
22822,2.7936566,73103.266
22823,2.793358,73106.06
22824,2.7970212,73108.86
22825,2.8028138,73111.664
22826,2.809033,73114.48
22827,2.816885,73117.3
22828,2.8218765,73120.12
22829,2.8238149,73122.94
22830,2.823151,73125.76
22831,2.8220117,73128.58
22832,2.8198125,73131.4
22833,2.8157766,73134.21
22834,2.8121893,73137.02
22835,2.8087626,73139.836
22836,2.8070464,73142.64
22837,2.8064716,73145.445
22838,2.8044796,73148.25
22839,2.8005755,73151.05
22840,2.7990441,73153.84
22841,2.8008623,73156.65
22842,2.8051817,73159.45
22843,2.8078277,73162.26
22844,2.806836,73165.06
22845,2.803966,73167.87
22846,2.8007648,73170.664
22847,2.7934287,73173.46
22848,2.7867274,73176.25
22849,2.7804947,73179.03
22850,2.77956,73181.81
22851,2.7818253,73184.59
22852,2.7857625,73187.38
22853,2.7894351,73190.17
22854,2.7935376,73192.97
22855,2.797237,73195.766
22856,2.7984912,73198.56
22857,2.796445,73201.36
22858,2.7946227,73204.16
22859,2.7925904,73206.945
22860,2.791647,73209.734
22861,2.791736,73212.52
22862,2.7911725,73215.31
22863,2.7894616,73218.1
22864,2.789372,73220.89
22865,2.790496,73223.68
22866,2.7915547,73226.47
22867,2.7926853,73229.26
22868,2.7920306,73232.05
22869,2.790796,73234.836
22870,2.7916577,73237.625
22871,2.7933218,73240.42
22872,2.7935774,73243.22
22873,2.7937613,73246.016
22874,2.7952394,73248.81
22875,2.798724,73251.61
22876,2.803337,73254.414
22877,2.807851,73257.22
22878,2.809486,73260.03
22879,2.8104599,73262.84
22880,2.8106554,73265.66
22881,2.8078506,73268.46
22882,2.805277,73271.266
22883,2.8073754,73274.07
22884,2.8128319,73276.88
22885,2.8181229,73279.7
22886,2.8194683,73282.52
22887,2.818287,73285.34
22888,2.8167531,73288.164
22889,2.8148592,73290.98
22890,2.8144753,73293.79
22891,2.8141785,73296.6
22892,2.814519,73299.414
22893,2.814664,73302.23
22894,2.816255,73305.04
22895,2.819909,73307.86
22896,2.8231964,73310.68
22897,2.826219,73313.51
22898,2.8268547,73316.336
22899,2.8288991,73319.164
22900,2.8290117,73321.99
22901,2.8311353,73324.82
22902,2.8340063,73327.66
22903,2.8378687,73330.49
22904,2.8411136,73333.336
22905,2.844259,73336.18
22906,2.8452969,73339.02
22907,2.8440251,73341.87
22908,2.841701,73344.71
22909,2.8406515,73347.555
22910,2.8399098,73350.4
22911,2.8405678,73353.24
22912,2.841702,73356.086
22913,2.8433416,73358.93
22914,2.846016,73361.77
22915,2.848343,73364.625
22916,2.84977,73367.48
22917,2.8511388,73370.33
22918,2.851406,73373.18
22919,2.8501766,73376.03
22920,2.8468118,73378.875
22921,2.8424969,73381.72
22922,2.8410084,73384.56
22923,2.8408902,73387.41
22924,2.8403058,73390.25
22925,2.8400054,73393.09
22926,2.8395724,73395.93
22927,2.8410764,73398.77
22928,2.843577,73401.62
22929,2.8450043,73404.46
22930,2.8459396,73407.305
22931,2.8460443,73410.15
22932,2.8466284,73412.99
22933,2.8475356,73415.836
22934,2.8477576,73418.69
22935,2.8467956,73421.53
22936,2.845261,73424.375
22937,2.843968,73427.22
22938,2.842332,73430.06
22939,2.8418798,73432.91
22940,2.840451,73435.75
22941,2.8372934,73438.586
22942,2.8326018,73441.42
22943,2.8291793,73444.25
22944,2.8275945,73447.08
22945,2.8275893,73449.91
22946,2.8266656,73452.734
22947,2.8265822,73455.56
22948,2.8248894,73458.39
22949,2.823508,73461.21
22950,2.8212254,73464.03
22951,2.8202775,73466.85
22952,2.8206844,73469.67
22953,2.822476,73472.49
22954,2.8243778,73475.32
22955,2.8242438,73478.15
22956,2.8203456,73480.97
22957,2.8123288,73483.78
22958,2.806729,73486.586
22959,2.8025386,73489.39
22960,2.8016832,73492.195
22961,2.8033776,73495.0
22962,2.8058465,73497.805
22963,2.809007,73500.62
22964,2.8084128,73503.42
22965,2.8057013,73506.23
22966,2.8023322,73509.03
22967,2.7998805,73511.83
22968,2.79818,73514.625
22969,2.7946997,73517.42
22970,2.790439,73520.21
22971,2.7860851,73523.0
22972,2.7841094,73525.78
22973,2.7841573,73528.56
22974,2.7874544,73531.35
22975,2.7929888,73534.15
22976,2.7981987,73536.945
22977,2.8018816,73539.75
22978,2.80368,73542.555
22979,2.8064086,73545.36
22980,2.8078074,73548.164
22981,2.8098962,73550.98
22982,2.813341,73553.79
22983,2.8182454,73556.61
22984,2.8222096,73559.43
22985,2.8231041,73562.25
22986,2.825223,73565.08
22987,2.828343,73567.91
22988,2.8319504,73570.734
22989,2.8324041,73573.57
22990,2.8291965,73576.4
22991,2.8258493,73579.23
22992,2.8252842,73582.055
22993,2.827905,73584.88
22994,2.8297734,73587.71
22995,2.8307116,73590.54
22996,2.8287694,73593.37
22997,2.8264456,73596.195
22998,2.8246949,73599.02
22999,2.822208,73601.84
23000,2.8212316,73604.664
23001,2.8222473,73607.484
23002,2.8238084,73610.305
23003,2.826487,73613.13
23004,2.8261034,73615.96
23005,2.8228729,73618.78
23006,2.8188434,73621.6
23007,2.8143508,73624.414
23008,2.8103182,73627.23
23009,2.8081424,73630.03
23010,2.8066626,73632.836
23011,2.8059094,73635.64
23012,2.8034976,73638.445
23013,2.8002746,73641.24
23014,2.8007083,73644.04
23015,2.8032222,73646.84
23016,2.805124,73649.65
23017,2.805915,73652.45
23018,2.806699,73655.26
23019,2.8101592,73658.07
23020,2.813836,73660.88
23021,2.8177576,73663.7
23022,2.8185124,73666.52
23023,2.8177598,73669.34
23024,2.8164644,73672.164
23025,2.8149407,73674.98
23026,2.811976,73677.79
23027,2.8074996,73680.59
23028,2.8058834,73683.4
23029,2.804883,73686.2
23030,2.8045208,73689.01
23031,2.8051445,73691.81
23032,2.8070755,73694.62
23033,2.811542,73697.43
23034,2.8151674,73700.24
23035,2.819503,73703.06
23036,2.8224347,73705.88
23037,2.8244116,73708.71
23038,2.824884,73711.54
23039,2.824062,73714.36
23040,2.8235848,73717.18
23041,2.8228586,73720.0
23042,2.821926,73722.82
23043,2.8209472,73725.64
23044,2.8202486,73728.46
23045,2.8191075,73731.28
23046,2.8164022,73734.09
23047,2.813015,73736.91
23048,2.8103306,73739.72
23049,2.808692,73742.53
23050,2.8084164,73745.336
23051,2.8072612,73748.14
23052,2.805892,73750.945
23053,2.8016012,73753.75
23054,2.797252,73756.55
23055,2.7920022,73759.336
23056,2.7928662,73762.125
23057,2.7954667,73764.92
23058,2.8001697,73767.72
23059,2.803573,73770.52
23060,2.8041852,73773.33
23061,2.8029842,73776.13
23062,2.8033638,73778.94
23063,2.805568,73781.74
23064,2.8060133,73784.55
23065,2.8044796,73787.35
23066,2.8021362,73790.16
23067,2.8019946,73792.96
23068,2.804607,73795.766
23069,2.8067746,73798.57
23070,2.806278,73801.375
23071,2.8047705,73804.18
23072,2.8022823,73806.984
23073,2.7991939,73809.78
23074,2.797612,73812.58
23075,2.7967741,73815.375
23076,2.796301,73818.17
23077,2.7965686,73820.97
23078,2.8009708,73823.77
23079,2.8063009,73826.58
23080,2.8115952,73829.39
23081,2.8157043,73832.2
23082,2.8195608,73835.02
23083,2.823102,73837.84
23084,2.8247857,73840.67
23085,2.825538,73843.5
23086,2.8254745,73846.33
23087,2.8249674,73849.16
23088,2.823634,73851.98
23089,2.8228688,73854.8
23090,2.8216434,73857.62
23091,2.8192618,73860.44
23092,2.8184536,73863.26
23093,2.8173504,73866.08
23094,2.8147295,73868.89
23095,2.8114197,73871.7
23096,2.8120859,73874.516
23097,2.8154256,73877.33
23098,2.8193736,73880.15
23099,2.8234866,73882.97
23100,2.823817,73885.79
23101,2.8226867,73888.61
23102,2.8213913,73891.43
23103,2.8194933,73894.25
23104,2.8162017,73897.06
23105,2.814306,73899.875
23106,2.8132596,73902.69
23107,2.8139813,73905.5
23108,2.8142238,73908.31
23109,2.8126793,73911.125
23110,2.8092303,73913.94
23111,2.8056197,73916.74
23112,2.8052182,73919.55
23113,2.8063464,73922.35
23114,2.8085968,73925.164
23115,2.8101614,73927.98
23116,2.812829,73930.79
23117,2.8160925,73933.6
23118,2.8183901,73936.42
23119,2.821446,73939.24
23120,2.8235347,73942.06
23121,2.8246715,73944.89
23122,2.8252764,73947.72
23123,2.8274286,73950.55
23124,2.8299353,73953.375
23125,2.8327763,73956.21
23126,2.835439,73959.05
23127,2.838482,73961.88
23128,2.8407075,73964.73
23129,2.8424568,73967.57
23130,2.8420749,73970.414
23131,2.840242,73973.26
23132,2.837068,73976.09
23133,2.8324544,73978.93
23134,2.8289511,73981.76
23135,2.824703,73984.586
23136,2.8219955,73987.41
23137,2.8198628,73990.23
23138,2.8182626,73993.05
23139,2.8166203,73995.87
23140,2.814948,73998.68
23141,2.8148763,74001.49
23142,2.815561,74004.305
23143,2.8164403,74007.125
23144,2.815176,74009.94
23145,2.8139017,74012.75
23146,2.8106863,74015.56
23147,2.8066409,74018.37
23148,2.8044808,74021.17
23149,2.8036778,74023.98
23150,2.8036072,74026.78
23151,2.8016655,74029.586
23152,2.8014548,74032.39
23153,2.8034503,74035.195
23154,2.808378,74038.0
23155,2.812937,74040.81
23156,2.813706,74043.625
23157,2.8142307,74046.44
23158,2.8124974,74049.25
23159,2.8100019,74052.06
23160,2.8098123,74054.875
23161,2.8098252,74057.69
23162,2.8094518,74060.5
23163,2.8084264,74063.305
23164,2.8080153,74066.11
23165,2.8106735,74068.92
23166,2.8134398,74071.734
23167,2.8162012,74074.55
23168,2.8163168,74077.36
23169,2.8146484,74080.17
23170,2.8121152,74082.984
23171,2.8094788,74085.8
23172,2.8069994,74088.6
23173,2.8052957,74091.41
23174,2.8054028,74094.21
23175,2.8056886,74097.016
23176,2.8064795,74099.82
23177,2.8054836,74102.625
23178,2.8044643,74105.43
23179,2.8047922,74108.234
23180,2.8060973,74111.04
23181,2.8065279,74113.84
23182,2.808507,74116.65
23183,2.8098614,74119.46
23184,2.8094645,74122.27
23185,2.8070343,74125.08
23186,2.8031714,74127.88
23187,2.7989626,74130.68
23188,2.7979727,74133.48
23189,2.7982104,74136.27
23190,2.801025,74139.08
23191,2.802539,74141.88
23192,2.8027446,74144.69
23193,2.8031945,74147.49
23194,2.8037112,74150.3
23195,2.8017843,74153.1
23196,2.8002417,74155.9
23197,2.7997036,74158.695
23198,2.8001132,74161.49
23199,2.7993536,74164.29
23200,2.7978683,74167.086
23201,2.7978559,74169.88
23202,2.7981868,74172.68
23203,2.798626,74175.48
23204,2.7986815,74178.27
23205,2.7986205,74181.07
23206,2.7974281,74183.87
23207,2.795201,74186.664
23208,2.7929873,74189.46
23209,2.7902486,74192.25
23210,2.788735,74195.04
23211,2.7895334,74197.83
23212,2.7940156,74200.625
23213,2.8018844,74203.43
23214,2.805481,74206.234
23215,2.805273,74209.04
23216,2.8029885,74211.84
23217,2.8010333,74214.65
23218,2.7998757,74217.445
23219,2.7968655,74220.24
23220,2.7956676,74223.04
23221,2.796644,74225.836
23222,2.7980337,74228.63
23223,2.7981377,74231.43
23224,2.795826,74234.23
23225,2.793338,74237.02
23226,2.7919827,74239.81
23227,2.7921786,74242.6
23228,2.7941322,74245.4
23229,2.7959588,74248.195
23230,2.7955782,74250.99
23231,2.795406,74253.79
23232,2.795263,74256.586
23233,2.796263,74259.38
23234,2.7971792,74262.18
23235,2.7993546,74264.98
23236,2.8030188,74267.78
23237,2.807663,74270.586
23238,2.8093755,74273.4
23239,2.8105962,74276.21
23240,2.8106115,74279.02
23241,2.8100748,74281.836
23242,2.8107762,74284.65
23243,2.8109589,74287.46
23244,2.8109765,74290.27
23245,2.8102713,74293.086
23246,2.8100367,74295.9
23247,2.8080053,74298.7
23248,2.8055518,74301.51
23249,2.8019109,74304.31
23250,2.7996533,74307.11
23251,2.7984684,74309.91
23252,2.7991197,74312.7
23253,2.7994683,74315.5
23254,2.7992418,74318.3
23255,2.7986648,74321.09
23256,2.7990932,74323.89
23257,2.7995028,74326.69
23258,2.7979212,74329.484
23259,2.7971268,74332.28
23260,2.7953258,74335.08
23261,2.794618,74337.875
23262,2.7949753,74340.67
23263,2.7948253,74343.47
23264,2.7954822,74346.266
23265,2.7965126,74349.06
23266,2.799588,74351.86
23267,2.8036892,74354.664
23268,2.808241,74357.47
23269,2.8113163,74360.28
23270,2.8102574,74363.09
23271,2.808378,74365.9
23272,2.806894,74368.7
23273,2.8042746,74371.51
23274,2.802421,74374.31
23275,2.8010998,74377.12
23276,2.8020372,74379.92
23277,2.803008,74382.73
23278,2.8069482,74385.53
23279,2.8112144,74388.34
23280,2.8132763,74391.16
23281,2.81402,74393.97
23282,2.8140676,74396.78
23283,2.8135617,74399.59
23284,2.8140066,74402.41
23285,2.8149958,74405.22
23286,2.8183498,74408.04
23287,2.8214874,74410.86
23288,2.8242857,74413.69
23289,2.8271313,74416.516
23290,2.8296154,74419.34
23291,2.8317354,74422.17
23292,2.8323686,74425.01
23293,2.8335369,74427.84
23294,2.8354967,74430.68
23295,2.8374002,74433.516
23296,2.8378215,74436.35
23297,2.8356879,74439.19
23298,2.8335164,74442.02
23299,2.8321316,74444.86
23300,2.8319466,74447.69
23301,2.8336763,74450.52
23302,2.8351922,74453.36
23303,2.836253,74456.195
23304,2.8342128,74459.03
23305,2.8316739,74461.86
23306,2.8310056,74464.69
23307,2.8309066,74467.516
23308,2.8307037,74470.34
23309,2.8302698,74473.17
23310,2.8303792,74476.0
23311,2.8328817,74478.836
23312,2.8396282,74481.67
23313,2.8479705,74484.52
23314,2.8548913,74487.375
23315,2.8612463,74490.234
23316,2.8647156,74493.1
23317,2.8672464,74495.97
23318,2.8697858,74498.836
23319,2.8712306,74501.71
23320,2.8735473,74504.586
23321,2.8750908,74507.46
23322,2.877541,74510.336
23323,2.881035,74513.22
23324,2.8858066,74516.1
23325,2.8902993,74518.99
23326,2.8931506,74521.88
23327,2.894522,74524.77
23328,2.894017,74527.664
23329,2.8930526,74530.555
23330,2.8915703,74533.445
23331,2.889946,74536.336
23332,2.8881361,74539.23
23333,2.8860695,74542.11
23334,2.8834186,74544.99
23335,2.8809187,74547.875
23336,2.8783638,74550.75
23337,2.875946,74553.625
23338,2.8736773,74556.5
23339,2.8715289,74559.375
23340,2.8691778,74562.24
23341,2.8666742,74565.11
23342,2.8637412,74567.98
23343,2.8612182,74570.836
23344,2.8590431,74573.695
23345,2.8578882,74576.555
23346,2.857117,74579.414
23347,2.858646,74582.27
23348,2.8612695,74585.13
23349,2.8641446,74588.0
23350,2.8676407,74590.87
23351,2.8716164,74593.74
23352,2.876015,74596.62
23353,2.8806775,74599.5
23354,2.885594,74602.38
23355,2.8903728,74605.27
23356,2.89534,74608.17
23357,2.9000952,74611.07
23358,2.9049954,74613.98
23359,2.9104075,74616.89
23360,2.91772,74619.805
23361,2.933526,74622.734
23362,2.9657106,74625.7
23363,2.9945488,74628.695
23364,2.997031,74631.695
23365,2.9873586,74634.68
23366,2.9796016,74637.66
23367,2.9799569,74640.63
23368,2.9939854,74643.625
23369,3.0066082,74646.63
23370,3.0059242,74649.64
23371,3.004617,74652.65
23372,3.0011406,74655.65
23373,2.9965634,74658.65
23374,2.9904587,74661.64
23375,2.9854681,74664.625
23376,2.9826539,74667.61
23377,2.9809005,74670.59
23378,2.978532,74673.57
23379,2.976804,74676.55
23380,2.9744055,74679.52
23381,2.971837,74682.49
23382,2.968536,74685.46
23383,2.965512,74688.43
23384,2.9620497,74691.39
23385,2.9587407,74694.35
23386,2.9565933,74697.305
23387,2.9562151,74700.26
23388,2.9568756,74703.21
23389,2.9553509,74706.164
23390,2.951799,74709.12
23391,2.9479206,74712.06
23392,2.9430773,74715.01
23393,2.938197,74717.945
23394,2.9322643,74720.875
23395,2.9263964,74723.805
23396,2.9205759,74726.73
23397,2.9151454,74729.64
23398,2.908528,74732.55
23399,2.9026055,74735.45
23400,2.8962042,74738.35
23401,2.890465,74741.24
23402,2.8848865,74744.125
23403,2.8803308,74747.01
23404,2.879216,74749.89
23405,2.8804955,74752.77
23406,2.886803,74755.664
23407,2.8922222,74758.555
23408,2.8985415,74761.45
23409,2.8993318,74764.35
23410,2.8985708,74767.25
23411,2.8963919,74770.15
23412,2.893474,74773.04
23413,2.8895743,74775.93
23414,2.8851738,74778.81
23415,2.8805742,74781.695
23416,2.8767452,74784.57
23417,2.873292,74787.445
23418,2.8700404,74790.31
23419,2.8656628,74793.18
23420,2.860463,74796.04
23421,2.8547127,74798.89
23422,2.8497949,74801.74
23423,2.8455017,74804.586
23424,2.8420894,74807.43
23425,2.8391469,74810.266
23426,2.8372197,74813.1
23427,2.8351526,74815.94
23428,2.8344858,74818.77
23429,2.8336444,74821.61
23430,2.8328018,74824.445
23431,2.8309722,74827.27
23432,2.8288846,74830.1
23433,2.826133,74832.93
23434,2.8238244,74835.75
23435,2.8217843,74838.57
23436,2.8202062,74841.39
23437,2.818077,74844.21
23438,2.8155098,74847.02
23439,2.8124807,74849.836
23440,2.810087,74852.65
23441,2.8088753,74855.46
23442,2.8081958,74858.266
23443,2.8076782,74861.07
23444,2.8075252,74863.875
23445,2.807555,74866.68
23446,2.806917,74869.484
23447,2.8056123,74872.29
23448,2.803916,74875.09
23449,2.8017485,74877.9
23450,2.799329,74880.695
23451,2.7968872,74883.49
23452,2.7946427,74886.29
23453,2.792897,74889.08
23454,2.7912433,74891.87
23455,2.7890599,74894.66
23456,2.785745,74897.445
23457,2.781673,74900.23
23458,2.777937,74903.01
23459,2.774831,74905.78
23460,2.7719574,74908.555
23461,2.7689679,74911.32
23462,2.7655525,74914.086
23463,2.761832,74916.85
23464,2.7581432,74919.61
23465,2.754582,74922.37
23466,2.7515411,74925.12
23467,2.7486339,74927.87
23468,2.7448187,74930.61
23469,2.741004,74933.35
23470,2.7367938,74936.086
23471,2.7323978,74938.82
23472,2.7272844,74941.55
23473,2.7223537,74944.266
23474,2.7182434,74946.984
23475,2.7146192,74949.695
23476,2.7112157,74952.41
23477,2.7082498,74955.12
23478,2.7054765,74957.82
23479,2.7037363,74960.52
23480,2.702239,74963.23
23481,2.7008703,74965.93
23482,2.6993084,74968.63
23483,2.6970987,74971.33
23484,2.6946776,74974.02
23485,2.691982,74976.72
23486,2.689633,74979.41
23487,2.68784,74982.09
23488,2.6861446,74984.78
23489,2.6848772,74987.47
23490,2.6837327,74990.16
23491,2.6828396,74992.836
23492,2.6813812,74995.516
23493,2.6794362,74998.195
23494,2.677785,75000.875
23495,2.6763875,75003.555
23496,2.6749396,75006.23
23497,2.6735003,75008.9
23498,2.6711602,75011.57
23499,2.6689873,75014.24
23500,2.6679156,75016.91
23501,2.6677194,75019.57
23502,2.6681845,75022.24
23503,2.668576,75024.914
23504,2.6680715,75027.586
23505,2.6674418,75030.25
23506,2.6669881,75032.914
23507,2.6671321,75035.58
23508,2.667016,75038.24
23509,2.6669426,75040.91
23510,2.6664803,75043.57
23511,2.6664517,75046.234
23512,2.6672347,75048.9
23513,2.6683414,75051.57
23514,2.6693282,75054.24
23515,2.6705077,75056.914
23516,2.671495,75059.586
23517,2.67259,75062.26
23518,2.6735976,75064.93
23519,2.6740627,75067.6
23520,2.6745105,75070.27
23521,2.675232,75072.945
23522,2.676729,75075.625
23523,2.6787047,75078.305
23524,2.6803432,75080.984
23525,2.6814117,75083.664
23526,2.6815548,75086.34
23527,2.681949,75089.02
23528,2.6824505,75091.7
23529,2.683303,75094.38
23530,2.684542,75097.07
23531,2.6865146,75099.76
23532,2.688587,75102.445
23533,2.6902728,75105.13
23534,2.6914754,75107.83
23535,2.6923969,75110.52
23536,2.6930742,75113.22
23537,2.693688,75115.914
23538,2.6940105,75118.61
23539,2.6946633,75121.305
23540,2.695002,75124.0
23541,2.6956935,75126.695
23542,2.696793,75129.39
23543,2.6979578,75132.086
23544,2.6986518,75134.78
23545,2.699003,75137.48
23546,2.6989734,75140.17
23547,2.6991308,75142.87
23548,2.70054,75145.57
23549,2.7023656,75148.27
23550,2.7040176,75150.98
23551,2.7053335,75153.68
23552,2.705742,75156.38
23553,2.7063665,75159.086
23554,2.7076488,75161.8
23555,2.7087615,75164.51
23556,2.7156768,75167.23
23557,2.723271,75169.95
23558,2.7354064,75172.69
23559,2.7493093,75175.44
23560,2.7648082,75178.2
23561,2.8024664,75181.01
23562,2.842731,75183.85
23563,2.8550048,75186.7
23564,2.86926,75189.57
23565,2.8749576,75192.445
23566,2.8824017,75195.33
23567,2.8888829,75198.22
23568,2.8966517,75201.12
23569,2.9011059,75204.016
23570,2.9057071,75206.92
23571,2.9083872,75209.83
23572,2.912778,75212.74
23573,2.9167528,75215.66
23574,2.9252896,75218.58
23575,2.9343348,75221.516
23576,2.947594,75224.46
23577,2.9586902,75227.42
23578,2.9727788,75230.4
23579,2.9842892,75233.38
23580,2.998255,75236.38
23581,3.008411,75239.39
23582,3.017852,75242.41
23583,3.0234604,75245.43
23584,3.0283358,75248.46
23585,3.0308886,75251.49
23586,3.0330937,75254.52
23587,3.0341394,75257.555
23588,3.0357864,75260.59
23589,3.0365198,75263.63
23590,3.0371304,75266.67
23591,3.0372329,75269.71
23592,3.0374053,75272.75
23593,3.0368738,75275.79
23594,3.036271,75278.83
23595,3.035041,75281.86
23596,3.0319738,75284.89
23597,3.0293846,75287.92
23598,3.0245824,75290.945
23599,3.0216854,75293.97
23600,3.0169656,75296.984
23601,3.0132709,75300.0
23602,3.0074892,75303.01
23603,3.0052414,75306.016
23604,3.0025427,75309.016
23605,3.000446,75312.016
23606,2.999679,75315.016
23607,2.998558,75318.016
23608,2.9959655,75321.01
23609,2.9923139,75324.0
23610,2.9880333,75326.984
23611,2.9830225,75329.97
23612,2.9780517,75332.945
23613,2.9729962,75335.92
23614,2.9679472,75338.89
23615,2.962327,75341.85
23616,2.9570653,75344.81
23617,2.9525533,75347.766
23618,2.9481978,75350.71
23619,2.938952,75353.65
23620,2.9368167,75356.586
23621,2.9357533,75359.52
23622,2.9361837,75362.46
23623,2.9378576,75365.4
23624,2.9399526,75368.336
23625,2.9425042,75371.28
23626,2.9444952,75374.23
23627,2.9466624,75377.17
23628,2.949218,75380.12
23629,2.951228,75383.07
23630,2.9538133,75386.02
23631,2.956359,75388.98
23632,2.9606812,75391.94
23633,2.9653316,75394.91
23634,2.9701562,75397.875
23635,2.97276,75400.85
23636,2.972624,75403.82
23637,2.968745,75406.79
23638,2.9649532,75409.76
23639,2.9629657,75412.72
23640,2.9631069,75415.68
23641,2.964992,75418.65
23642,2.9672048,75421.62
23643,2.968879,75424.586
23644,2.9708226,75427.555
23645,2.9729319,75430.53
23646,2.975458,75433.51
23647,2.9782312,75436.484
23648,2.9817357,75439.47
23649,2.98538,75442.45
23650,2.9879425,75445.44
23651,2.9888039,75448.43
23652,2.9880617,75451.414
23653,2.9852767,75454.4
23654,2.9821365,75457.38
23655,2.979867,75460.36
23656,2.978043,75463.336
23657,2.9766738,75466.31
23658,2.975296,75469.29
23659,2.974118,75472.266
23660,2.9727876,75475.24
23661,2.9711504,75478.21
23662,2.9684763,75481.18
23663,2.965198,75484.15
23664,2.9618104,75487.11
23665,2.958702,75490.07
23666,2.9552193,75493.02
23667,2.9515703,75495.98
23668,2.9473276,75498.92
23669,2.9428604,75501.87
23670,2.9367878,75504.805
23671,2.9311464,75507.734
23672,2.9259427,75510.664
23673,2.9215899,75513.586
23674,2.9174745,75516.5
23675,2.9132695,75519.414
23676,2.9081316,75522.32
23677,2.9052255,75525.23
23678,2.9011645,75528.125
23679,2.8964305,75531.02
23680,2.8907425,75533.914
23681,2.8838875,75536.8
23682,2.8787346,75539.67
23683,2.8734567,75542.55
23684,2.8699234,75545.414
23685,2.866221,75548.28
23686,2.863276,75551.14
23687,2.8612976,75554.0
23688,2.8629413,75556.86
23689,2.8662348,75559.73
23690,2.8704288,75562.59
23691,2.8744366,75565.47
23692,2.880012,75568.35
23693,2.8846514,75571.234
23694,2.8887472,75574.125
23695,2.891535,75577.016
23696,2.8930678,75579.91
23697,2.894141,75582.8
23698,2.8963852,75585.695
23699,2.9007885,75588.59
23700,2.9046688,75591.5
23701,2.9094896,75594.41
23702,2.9110634,75597.32
23703,2.9100258,75600.23
23704,2.9072592,75603.13
23705,2.9053366,75606.04
23706,2.903815,75608.945
23707,2.9023144,75611.84
23708,2.9008346,75614.74
23709,2.900853,75617.64
23710,2.900476,75620.54
23711,2.900176,75623.44
23712,2.8986812,75626.336
23713,2.897643,75629.234
23714,2.8959918,75632.13
23715,2.8952022,75635.03
23716,2.8947515,75637.93
23717,2.8941498,75640.82
23718,2.8941927,75643.71
23719,2.894462,75646.6
23720,2.8931952,75649.49
23721,2.891708,75652.38
23722,2.8891242,75655.27
23723,2.8857927,75658.16
23724,2.8808162,75661.04
23725,2.8761253,75663.914
23726,2.87245,75666.79
23727,2.8692348,75669.66
23728,2.8661706,75672.52
23729,2.863511,75675.39
23730,2.86072,75678.25
23731,2.859929,75681.11
23732,2.8595345,75683.97
23733,2.8596942,75686.83
23734,2.8601334,75689.69
23735,2.8609962,75692.55
23736,2.8614755,75695.41
23737,2.8615923,75698.266
23738,2.8612082,75701.125
23739,2.861713,75703.984
23740,2.8644454,75706.85
23741,2.864783,75709.72
23742,2.8630862,75712.58
23743,2.8586187,75715.44
23744,2.8554356,75718.29
23745,2.852293,75721.14
23746,2.8503988,75723.99
23747,2.8477492,75726.84
23748,2.8462574,75729.69
23749,2.845152,75732.53
23750,2.8446264,75735.375
23751,2.843768,75738.22
23752,2.8413844,75741.06
23753,2.8373375,75743.9
23754,2.8353598,75746.734
23755,2.8341174,75749.57
23756,2.8328307,75752.41
23757,2.8310826,75755.234
23758,2.8288186,75758.06
23759,2.826229,75760.89
23760,2.8232303,75763.71
23761,2.8198986,75766.53
23762,2.813953,75769.34
23763,2.807178,75772.15
23764,2.8023949,75774.95
23765,2.7995093,75777.75
23766,2.7984264,75780.55
23767,2.7981222,75783.34
23768,2.7974129,75786.14
23769,2.7971914,75788.94
23770,2.7982755,75791.734
23771,2.8002434,75794.53
23772,2.801964,75797.336
23773,2.804017,75800.14
23774,2.8061345,75802.945
23775,2.8087752,75805.76
23776,2.8117464,75808.57
23777,2.8151326,75811.38
23778,2.8194427,75814.2
23779,2.824405,75817.03
23780,2.829436,75819.86
23781,2.8344555,75822.695
23782,2.8390067,75825.53
23783,2.84311,75828.375
23784,2.8466115,75831.22
23785,2.8481941,75834.07
23786,2.8488946,75836.92
23787,2.8415442,75839.766
23788,2.8307326,75842.59
23789,2.8164475,75845.414
23790,2.808836,75848.23
23791,2.7974703,75851.02
23792,2.7941513,75853.82
23793,2.7884707,75856.61
23794,2.7864718,75859.4
23795,2.7807677,75862.18
23796,2.783165,75864.96
23797,2.7824557,75867.74
23798,2.7827013,75870.52
23799,2.7782729,75873.305
23800,2.7766194,75876.08
23801,2.7699187,75878.85
23802,2.76858,75881.62
23803,2.7669063,75884.38
23804,2.76549,75887.15
23805,2.7558599,75889.91
23806,2.747018,75892.66
23807,2.7363455,75895.39
23808,2.7326021,75898.125
23809,2.72921,75900.85
23810,2.7249358,75903.58
23811,2.7172287,75906.3
23812,2.7119956,75909.01
23813,2.709757,75911.72
23814,2.704005,75914.42
23815,2.6938622,75917.12
23816,2.6762233,75919.8
23817,2.6501532,75922.445
23818,2.613898,75925.06
23819,2.5741699,75927.63
23820,2.5340908,75930.164
23821,2.5007815,75932.664
23822,2.4725096,75935.13
23823,2.4489012,75937.58
23824,2.4295452,75940.01
23825,2.4201725,75942.43
23826,2.4181988,75944.85
23827,2.41465,75947.266
23828,2.4048657,75949.67
23829,2.3882153,75952.06
23830,2.3699434,75954.43
23831,2.3500173,75956.78
23832,2.3326776,75959.12
23833,2.3156588,75961.43
23834,2.296986,75963.73
23835,2.271361,75966.0
23836,2.2326274,75968.234
23837,2.1784284,75970.414
23838,2.0803268,75972.49
23839,1.937493,75974.43
23840,1.8456705,75976.27
23841,1.8340427,75978.11
23842,1.8694955,75979.98
23843,1.7301022,75981.7
23844,1.5864773,75983.29
23845,1.5499429,75984.836
23846,1.561757,75986.4
23847,1.5286975,75987.93
23848,1.4817377,75989.414
23849,1.4905037,75990.91
23850,1.491067,75992.4
23851,1.4849252,75993.88
23852,1.4834148,75995.37
23853,1.475906,75996.84
23854,1.4816777,75998.33
23855,1.4750732,75999.805
23856,1.4691851,76001.27
23857,1.4535266,76002.73
23858,1.4466282,76004.17
23859,1.4375441,76005.61
23860,1.4309682,76007.04
23861,1.4229635,76008.46
23862,1.4189402,76009.88
23863,1.4125714,76011.3
23864,1.4121931,76012.71
23865,1.4041644,76014.12
23866,1.404702,76015.52
23867,1.3988839,76016.92
23868,1.394693,76018.32
23869,1.3941951,76019.71
23870,1.3970869,76021.11
23871,1.4006538,76022.51
23872,1.4056615,76023.914
23873,1.4071206,76025.32
23874,1.4094234,76026.73
23875,1.4064617,76028.13
23876,1.4048547,76029.54
23877,1.4016061,76030.94
23878,1.3959279,76032.336
23879,1.3888054,76033.73
23880,1.3806405,76035.11
23881,1.3625463,76036.47
23882,1.3417877,76037.81
23883,1.3178397,76039.13
23884,1.2981514,76040.43
23885,1.2413404,76041.67
23886,1.2219251,76042.89
23887,1.2119805,76044.1
23888,1.2003608,76045.305
23889,1.190526,76046.49
23890,1.1744531,76047.664
23891,1.1583099,76048.82
23892,1.1444758,76049.96
23893,1.142143,76051.1
23894,1.1444091,76052.24
23895,1.1492722,76053.39
23896,1.1506102,76054.54
23897,1.1481817,76055.69
23898,1.1412297,76056.83
23899,1.1349574,76057.96
23900,1.1243895,76059.086
23901,1.1086788,76060.195
23902,1.0984321,76061.3
23903,1.0871042,76062.38
23904,1.0854988,76063.47
23905,1.0951895,76064.56
23906,1.1021978,76065.664
23907,1.1074691,76066.77
23908,1.1143464,76067.89
23909,1.1131988,76069.0
23910,1.1086655,76070.11
23911,1.1077868,76071.22
23912,1.1113299,76072.33
23913,1.1178085,76073.445
23914,1.1228032,76074.57
23915,1.1287245,76075.695
23916,1.1332484,76076.83
23917,1.1443367,76077.97
23918,1.1609849,76079.13
23919,1.1754256,76080.305
23920,1.1815766,76081.484
23921,1.1868355,76082.67
23922,1.2027079,76083.875
23923,1.2284014,76085.1
23924,1.248275,76086.35
23925,1.2537646,76087.6
23926,1.2433602,76088.84
23927,1.2206101,76090.06
23928,1.2137759,76091.27
23929,1.2088592,76092.484
23930,1.2075307,76093.695
23931,1.1930852,76094.89
23932,1.1786628,76096.07
23933,1.1697758,76097.24
23934,1.1676388,76098.41
23935,1.1740346,76099.58
23936,1.1806966,76100.76
23937,1.1879511,76101.945
23938,1.1888599,76103.13
23939,1.1849068,76104.32
23940,1.1811205,76105.5
23941,1.1723458,76106.67
23942,1.163744,76107.836
23943,1.1633224,76109.0
23944,1.1694753,76110.17
23945,1.1790389,76111.35
23946,1.1834575,76112.53
23947,1.1767665,76113.71
23948,1.170391,76114.88
23949,1.1675929,76116.05
23950,1.1696903,76117.22
23951,1.1732837,76118.39
23952,1.1762456,76119.57
23953,1.1772721,76120.75
23954,1.1764266,76121.93
23955,1.1789119,76123.11
23956,1.1892155,76124.3
23957,1.1942443,76125.49
23958,1.19364,76126.69
23959,1.1855593,76127.875
23960,1.1794236,76129.055
23961,1.1759357,76130.234
23962,1.1764514,76131.414
23963,1.1810992,76132.59
23964,1.1862104,76133.78
23965,1.1914525,76134.98
23966,1.1961696,76136.17
23967,1.1968932,76137.37
23968,1.196813,76138.56
23969,1.196965,76139.76
23970,1.2053208,76140.96
23971,1.2165045,76142.18
23972,1.2262084,76143.41
23973,1.2274141,76144.63
23974,1.2336156,76145.87
23975,1.2327843,76147.1
23976,1.2366577,76148.336
23977,1.2387778,76149.58
23978,1.2447882,76150.82
23979,1.2378857,76152.055
23980,1.2301782,76153.28
23981,1.2134273,76154.49
23982,1.2073307,76155.7
23983,1.2005527,76156.91
23984,1.207897,76158.12
23985,1.2174764,76159.336
23986,1.233404,76160.57
23987,1.2321867,76161.805
23988,1.2318761,76163.04
23989,1.2166708,76164.26
23990,1.2109548,76165.47
23991,1.1987559,76166.664
23992,1.2069792,76167.87
23993,1.2154917,76169.086
23994,1.2311867,76170.32
23995,1.2287903,76171.55
23996,1.2317482,76172.78
23997,1.2220383,76174.0
23998,1.2246838,76175.23
23999,1.2192887,76176.445
24000,1.2263254,76177.67
24001,1.2285337,76178.9
24002,1.2383118,76180.14
24003,1.2389584,76181.38
24004,1.24695,76182.63
24005,1.2499613,76183.88
24006,1.2514375,76185.13
24007,1.2438725,76186.375
24008,1.2443284,76187.62
24009,1.2479906,76188.87
24010,1.2608106,76190.125
24011,1.2671443,76191.39
24012,1.2702637,76192.664
24013,1.2670037,76193.93
24014,1.2712815,76195.2
24015,1.2770424,76196.48
24016,1.2834492,76197.76
24017,1.284697,76199.04
24018,1.2926283,76200.33
24019,1.302509,76201.63
24020,1.312946,76202.945
24021,1.3146195,76204.26
24022,1.3173054,76205.58
24023,1.3231002,76206.9
24024,1.3354319,76208.234
24025,1.344897,76209.58
24026,1.3542569,76210.93
24027,1.3600569,76212.29
24028,1.3660089,76213.66
24029,1.3689238,76215.02
24030,1.3711756,76216.4
24031,1.3699064,76217.766
24032,1.3695611,76219.13
24033,1.365178,76220.5
24034,1.3490726,76221.85
24035,1.3254424,76223.18
24036,1.30163,76224.484
24037,1.2840399,76225.766
24038,1.2638245,76227.03
24039,1.2439138,76228.27
24040,1.2287205,76229.5
24041,1.2213744,76230.72
24042,1.2217015,76231.94
24043,1.2237862,76233.164
24044,1.2275697,76234.39
24045,1.2291962,76235.62
24046,1.2277368,76236.84
24047,1.218372,76238.06
24048,1.2084329,76239.27
24049,1.2015773,76240.48
24050,1.2004179,76241.68
24051,1.2030445,76242.88
24052,1.2060531,76244.086
24053,1.2069694,76245.29
24054,1.211658,76246.5
24055,1.219833,76247.72
24056,1.2306311,76248.95
24057,1.236609,76250.19
24058,1.2424684,76251.43
24059,1.2486676,76252.68
24060,1.2597425,76253.94
24061,1.2641563,76255.2
24062,1.2662803,76256.47
24063,1.2651256,76257.734
24064,1.2710074,76259.01
24065,1.2801268,76260.29
24066,1.290638,76261.58
24067,1.2879145,76262.87
24068,1.2841278,76264.15
24069,1.280801,76265.43
24070,1.2781816,76266.71
24071,1.2692753,76267.98
24072,1.2569871,76269.234
24073,1.2402085,76270.48
24074,1.2237562,76271.7
24075,1.2136691,76272.914
24076,1.2115693,76274.125
24077,1.2198561,76275.34
24078,1.2342017,76276.58
24079,1.2486137,76277.83
24080,1.2555801,76279.086
24081,1.2556508,76280.34
24082,1.2612481,76281.6
24083,1.2780215,76282.88
24084,1.289479,76284.17
24085,1.3002816,76285.47
24086,1.3064442,76286.77
24087,1.3077427,76288.08
24088,1.3093246,76289.39
24089,1.3099084,76290.7
24090,1.3118294,76292.016
24091,1.3123409,76293.33
24092,1.313028,76294.64
24093,1.3121003,76295.95
24094,1.3132169,76297.266
24095,1.316839,76298.586
24096,1.3189567,76299.91
24097,1.3163142,76301.22
24098,1.311882,76302.53
24099,1.303492,76303.836
24100,1.297884,76305.13
24101,1.2855723,76306.42
24102,1.2769344,76307.695
24103,1.2728342,76308.97
24104,1.2687079,76310.234
24105,1.2607483,76311.49
24106,1.2592598,76312.75
24107,1.2555506,76314.01
24108,1.2504578,76315.26
24109,1.2492421,76316.51
24110,1.256941,76317.766
24111,1.2651242,76319.03
24112,1.2783123,76320.31
24113,1.2878172,76321.6
24114,1.2962135,76322.9
24115,1.2996756,76324.195
24116,1.3009889,76325.5
24117,1.2978715,76326.8
24118,1.2935387,76328.09
24119,1.2845256,76329.375
24120,1.2756054,76330.65
24121,1.269583,76331.92
24122,1.2642367,76333.19
24123,1.2602985,76334.445
24124,1.2520646,76335.695
24125,1.2383796,76336.94
24126,1.2255361,76338.164
24127,1.2125552,76339.375
24128,1.2029932,76340.58
24129,1.1995629,76341.78
24130,1.1978861,76342.98
24131,1.196866,76344.17
24132,1.1943135,76345.37
24133,1.1901109,76346.555
24134,1.1886181,76347.74
24135,1.1876737,76348.93
24136,1.1818172,76350.11
24137,1.1716671,76351.28
24138,1.1591086,76352.44
24139,1.1513734,76353.586
24140,1.1500634,76354.734
24141,1.1505064,76355.88
24142,1.1456074,76357.03
24143,1.1410898,76358.17
24144,1.1387645,76359.31
24145,1.1377825,76360.45
24146,1.1356167,76361.586
24147,1.1353021,76362.72
24148,1.1343828,76363.85
24149,1.1343491,76364.984
24150,1.1374243,76366.125
24151,1.1383542,76367.266
24152,1.1374539,76368.41
24153,1.1393901,76369.55
24154,1.1435953,76370.69
24155,1.1452563,76371.836
24156,1.1491824,76372.984
24157,1.1576718,76374.14
24158,1.1681964,76375.31
24159,1.1751283,76376.484
24160,1.1813631,76377.664
24161,1.1873707,76378.85
24162,1.1992356,76380.055
24163,1.2153971,76381.27
24164,1.2395725,76382.516
24165,1.2648056,76383.78
24166,1.2812086,76385.06
24167,1.294764,76386.36
24168,1.3094678,76387.67
24169,1.3128116,76388.984
24170,1.3173659,76390.305
24171,1.3180637,76391.625
24172,1.3142555,76392.94
24173,1.3116348,76394.25
24174,1.3042924,76395.555
24175,1.2945894,76396.85
24176,1.2833132,76398.13
24177,1.2753155,76399.41
24178,1.2648157,76400.67
24179,1.2612062,76401.93
24180,1.2562435,76403.19
24181,1.2564882,76404.445
24182,1.2612504,76405.7
24183,1.2683679,76406.97
24184,1.2721455,76408.24
24185,1.2768803,76409.516
24186,1.2749895,76410.79
24187,1.2710258,76412.06
24188,1.2630973,76413.33
24189,1.2513169,76414.58
24190,1.2387629,76415.82
24191,1.2312993,76417.055
24192,1.226138,76418.28
24193,1.221062,76419.5
24194,1.2140266,76420.71
24195,1.2066013,76421.914
24196,1.2024938,76423.12
24197,1.2047977,76424.32
24198,1.2094419,76425.53
24199,1.2143666,76426.74
24200,1.217084,76427.96
24201,1.2170513,76429.18
24202,1.2201676,76430.4
24203,1.2250781,76431.625
24204,1.2291775,76432.85
24205,1.2331215,76434.086
24206,1.2409774,76435.33
24207,1.2496305,76436.58
24208,1.2583156,76437.836
24209,1.2654133,76439.1
24210,1.2686931,76440.37
24211,1.2693237,76441.63
24212,1.2710946,76442.91
24213,1.2746334,76444.18
24214,1.2801417,76445.46
24215,1.2843444,76446.74
24216,1.282792,76448.02
24217,1.2862511,76449.31
24218,1.2910771,76450.6
24219,1.2980341,76451.9
24220,1.3062646,76453.2
24221,1.3147609,76454.516
24222,1.3241413,76455.836
24223,1.3321587,76457.17
24224,1.3375963,76458.51
24225,1.3364015,76459.84
24226,1.331506,76461.17
24227,1.3256394,76462.5
24228,1.3170537,76463.82
24229,1.3134129,76465.13
24230,1.3124566,76466.445
24231,1.3146875,76467.76
24232,1.3202038,76469.08
24233,1.3269229,76470.41
24234,1.3294214,76471.734
24235,1.3290112,76473.06
24236,1.3240895,76474.38
24237,1.3178428,76475.7
24238,1.3102616,76477.016
24239,1.3084049,76478.32
24240,1.314403,76479.63
24241,1.3292555,76480.96
24242,1.3474976,76482.305
24243,1.3641272,76483.67
24244,1.3724115,76485.05
24245,1.3710791,76486.414
24246,1.3717991,76487.79
24247,1.3733832,76489.164
24248,1.380473,76490.55
24249,1.3911561,76491.94
24250,1.397357,76493.336
24251,1.4007367,76494.734
24252,1.4041618,76496.14
24253,1.4111735,76497.555
24254,1.4218283,76498.98
24255,1.432264,76500.41
24256,1.4368216,76501.84
24257,1.4368697,76503.28
24258,1.4322406,76504.71
24259,1.4281731,76506.14
24260,1.4246562,76507.56
24261,1.4234158,76508.984
24262,1.4215376,76510.41
24263,1.4206675,76511.83
24264,1.4155837,76513.24
24265,1.4141781,76514.66
24266,1.4110299,76516.07
24267,1.4117396,76517.484
24268,1.4129165,76518.9
24269,1.407075,76520.305
24270,1.3975855,76521.7
24271,1.3867384,76523.09
24272,1.3728868,76524.47
24273,1.3571117,76525.83
24274,1.3421462,76527.17
24275,1.3308492,76528.5
24276,1.318558,76529.82
24277,1.3123077,76531.13
24278,1.3021703,76532.44
24279,1.2952244,76533.734
24280,1.2906194,76535.02
24281,1.285667,76536.31
24282,1.2786071,76537.59
24283,1.2681062,76538.86
24284,1.256946,76540.12
24285,1.248949,76541.37
24286,1.2397096,76542.61
24287,1.2335443,76543.84
24288,1.2214206,76545.06
24289,1.2108678,76546.27
24290,1.2016748,76547.48
24291,1.1953784,76548.67
24292,1.1915107,76549.87
24293,1.1920321,76551.06
24294,1.1880504,76552.25
24295,1.1864954,76553.44
24296,1.1858524,76554.625
24297,1.1923347,76555.82
24298,1.1978961,76557.016
24299,1.2107023,76558.23
24300,1.2239678,76559.45
24301,1.2324622,76560.69
24302,1.2341183,76561.92
24303,1.2348254,76563.16
24304,1.2416412,76564.4
24305,1.2488419,76565.65
24306,1.257337,76566.91
24307,1.264235,76568.17
24308,1.2673191,76569.44
24309,1.2649359,76570.7
24310,1.2631475,76571.97
24311,1.2593645,76573.23
24312,1.2537959,76574.48
24313,1.2468476,76575.73
24314,1.2368169,76576.96
24315,1.2276295,76578.19
24316,1.2184516,76579.41
24317,1.2118894,76580.62
24318,1.2096422,76581.83
24319,1.2110723,76583.04
24320,1.211753,76584.25
24321,1.2136986,76585.46
24322,1.212262,76586.67
24323,1.2078555,76587.88
24324,1.2040073,76589.086
24325,1.2009388,76590.29
24326,1.1959598,76591.484
24327,1.1932219,76592.68
24328,1.1912558,76593.87
24329,1.1909865,76595.055
24330,1.1894501,76596.24
24331,1.18726,76597.43
24332,1.1868659,76598.62
24333,1.1852034,76599.805
24334,1.1817986,76600.984
24335,1.1804373,76602.164
24336,1.1808201,76603.34
24337,1.1831847,76604.52
24338,1.1853138,76605.71
24339,1.187244,76606.9
24340,1.1885014,76608.086
24341,1.1885917,76609.27
24342,1.1877135,76610.46
24343,1.1877683,76611.65
24344,1.1874372,76612.836
24345,1.1863523,76614.02
24346,1.18579,76615.21
24347,1.1844704,76616.4
24348,1.1817145,76617.58
24349,1.1779543,76618.76
24350,1.1795934,76619.94
24351,1.1774896,76621.12
24352,1.1718328,76622.29
24353,1.1698672,76623.46
24354,1.1707778,76624.63
24355,1.1719556,76625.805
24356,1.1764872,76626.984
24357,1.1845934,76628.17
24358,1.1902883,76629.36
24359,1.1930056,76630.555
24360,1.1936967,76631.75
24361,1.1925673,76632.945
24362,1.1919162,76634.14
24363,1.1882695,76635.33
24364,1.1817554,76636.51
24365,1.1747016,76637.68
24366,1.168399,76638.85
24367,1.163929,76640.016
24368,1.159282,76641.17
24369,1.1537563,76642.33
24370,1.1478074,76643.48
24371,1.1443993,76644.62
24372,1.1426445,76645.76
24373,1.141864,76646.9
24374,1.1420811,76648.04
24375,1.1454701,76649.19
24376,1.148847,76650.336
24377,1.147172,76651.484
24378,1.1443408,76652.625
24379,1.1411029,76653.766
24380,1.136456,76654.9
24381,1.1311091,76656.03
24382,1.127858,76657.16
24383,1.1215596,76658.28
24384,1.1151322,76659.4
24385,1.1109757,76660.51
24386,1.1088321,76661.62
24387,1.1093657,76662.73
24388,1.1113563,76663.836
24389,1.1173246,76664.95
24390,1.1218823,76666.08
24391,1.1228027,76667.2
24392,1.119271,76668.32
24393,1.1165584,76669.44
24394,1.1154613,76670.555
24395,1.1105535,76671.664
24396,1.1033051,76672.766
24397,1.1000876,76673.87
24398,1.0976523,76674.96
24399,1.095971,76676.055
24400,1.0930079,76677.15
24401,1.0896714,76678.234
24402,1.089382,76679.32
24403,1.0908266,76680.414
24404,1.0889821,76681.5
24405,1.0868173,76682.586
24406,1.086265,76683.67
24407,1.083884,76684.76
24408,1.0796268,76685.836
24409,1.075499,76686.914
24410,1.0723609,76687.984
24411,1.0686866,76689.055
24412,1.0643798,76690.12
24413,1.0606024,76691.18
24414,1.0560858,76692.234
24415,1.0498171,76693.28
24416,1.0441575,76694.33
24417,1.0369557,76695.37
24418,1.0271143,76696.39
24419,1.0176345,76697.41
24420,1.0089233,76698.414
24421,1.0033889,76699.414
24422,1.0012271,76700.414
24423,1.00093,76701.414
24424,0.9984284,76702.414
24425,0.99765265,76703.414
24426,0.99504936,76704.41
24427,0.99146795,76705.4
24428,0.9873249,76706.38
24429,0.98184043,76707.37
24430,0.98134786,76708.35
24431,0.9809833,76709.336
24432,0.9819663,76710.32
24433,0.9799604,76711.3
24434,0.9838689,76712.28
24435,0.98521763,76713.266
24436,0.9833416,76714.25
24437,0.979852,76715.23
24438,0.9744942,76716.2
24439,0.9644147,76717.164
24440,0.9485921,76718.11
24441,0.92651844,76719.04
24442,0.9123842,76719.95
24443,0.8964139,76720.85
24444,0.8777587,76721.73
24445,0.85399556,76722.58
24446,0.83631855,76723.414
24447,0.82109475,76724.234
24448,0.81111443,76725.05
24449,0.79637426,76725.84
24450,0.7875974,76726.63
24451,0.7824343,76727.414
24452,0.78091073,76728.195
24453,0.770515,76728.97
24454,0.75516623,76729.73
24455,0.7432181,76730.47
24456,0.7341036,76731.2
24457,0.7242577,76731.93
24458,0.7152386,76732.65
24459,0.7085795,76733.36
24460,0.698263,76734.055
24461,0.68834114,76734.74
24462,0.68005043,76735.42
24463,0.67298084,76736.09
24464,0.6686228,76736.766
24465,0.6606119,76737.43
24466,0.6542031,76738.086
24467,0.645136,76738.734
24468,0.6431106,76739.375
24469,0.63555044,76740.01
24470,0.63189214,76740.64
24471,0.6296136,76741.27
24472,0.62776756,76741.9
24473,0.62817514,76742.52
24474,0.62932366,76743.16
24475,0.6368766,76743.8
24476,0.6453153,76744.445
24477,0.6541155,76745.1
24478,0.6566498,76745.76
24479,0.66356146,76746.42
24480,0.6706182,76747.09
24481,0.67069846,76747.766
24482,0.66665685,76748.43
24483,0.66115636,76749.09
24484,0.6582575,76749.75
24485,0.65619636,76750.41
24486,0.6541793,76751.06
24487,0.64861166,76751.71
24488,0.6403817,76752.35
24489,0.6295101,76752.984
24490,0.6164037,76753.6
24491,0.6046599,76754.2
24492,0.59444267,76754.8
24493,0.58191687,76755.375
24494,0.57182544,76755.945
24495,0.5670867,76756.516
24496,0.56711674,76757.086
24497,0.5686634,76757.66
24498,0.56689125,76758.23
24499,0.56328726,76758.79
24500,0.55634713,76759.34
24501,0.5539875,76759.9
24502,0.5514335,76760.45
24503,0.55529547,76761.01
24504,0.552479,76761.56
24505,0.54871845,76762.11
24506,0.546628,76762.66
24507,0.54523367,76763.2
24508,0.54723287,76763.75
24509,0.55130804,76764.305
24510,0.55122304,76764.86
24511,0.5498145,76765.41
24512,0.54429954,76765.95
24513,0.54372704,76766.5
24514,0.53972006,76767.04
24515,0.53784615,76767.58
24516,0.5367174,76768.12
24517,0.5366402,76768.66
24518,0.5359481,76769.195
24519,0.5365873,76769.734
24520,0.534466,76770.266
24521,0.53206944,76770.8
24522,0.52823144,76771.33
24523,0.52557987,76771.85
24524,0.52352726,76772.375
24525,0.5178782,76772.89
24526,0.51240957,76773.41
24527,0.50501287,76773.914
24528,0.49872947,76774.414
24529,0.49340004,76774.91
24530,0.48578987,76775.39
24531,0.47576803,76775.87
24532,0.46653724,76776.336
24533,0.45859733,76776.8
24534,0.4522263,76777.25
24535,0.4435598,76777.695
24536,0.43298393,76778.125
24537,0.41533774,76778.54
24538,0.40182975,76778.94
24539,0.38906989,76779.33
24540,0.38094017,76779.71
24541,0.37314764,76780.086
24542,0.367414,76780.45
24543,0.36091056,76780.81
24544,0.3523475,76781.164
24545,0.33991066,76781.51
24546,0.32649177,76781.836
24547,0.31132588,76782.15
24548,0.29965168,76782.445
24549,0.28820333,76782.734
24550,0.27928457,76783.016
24551,0.2686257,76783.28
24552,0.26168507,76783.54
24553,0.25509602,76783.8
24554,0.24828252,76784.05
24555,0.24291891,76784.29
24556,0.23686086,76784.52
24557,0.23130377,76784.76
24558,0.22527029,76784.984
24559,0.21802968,76785.2
24560,0.20860723,76785.414
24561,0.19910039,76785.61
24562,0.19069463,76785.8
24563,0.1853919,76785.984
24564,0.17915654,76786.164
24565,0.17690389,76786.34
24566,0.17374593,76786.516
24567,0.17084982,76786.69
24568,0.16758734,76786.85
24569,0.16510808,76787.016
24570,0.16065802,76787.18
24571,0.15712424,76787.336
24572,0.15243125,76787.49
24573,0.15014014,76787.64
24574,0.14823645,76787.79
24575,0.14683646,76787.94
24576,0.1442475,76788.08
24577,0.14091422,76788.22
24578,0.13529654,76788.35
24579,0.13092367,76788.484
24580,0.12568,76788.61
24581,0.122989565,76788.734
24582,0.11925406,76788.85
24583,0.11705527,76788.97
24584,0.11552344,76789.086
24585,0.115141205,76789.2
24586,0.11475882,76789.32
24587,0.1150521,76789.44
24588,0.115493685,76789.555
24589,0.11569464,76789.67
24590,0.11526557,76789.79
24591,0.1148635,76789.91
24592,0.113731295,76790.02
24593,0.11174369,76790.13
24594,0.108517826,76790.24
24595,0.105898656,76790.35
24596,0.10185981,76790.45
24597,0.098815985,76790.555
24598,0.09559867,76790.65
24599,0.09448645,76790.74
24600,0.09302497,76790.836
24601,0.09268027,76790.93
24602,0.09194358,76791.02
24603,0.09098868,76791.12
24604,0.08940589,76791.2
24605,0.086846985,76791.29
24606,0.08349204,76791.375
24607,0.07852697,76791.45
24608,0.07158987,76791.52
24609,0.062380128,76791.586
24610,0.051710267,76791.64
24611,0.042661805,76791.68
24612,0.036228698,76791.72
24613,0.0328414,76791.75
24614,0.033053193,76791.78
24615,0.034817412,76791.81
24616,0.03538977,76791.85
24617,0.03501593,76791.88
24618,0.03368094,76791.914
24619,0.031932738,76791.945
24620,0.028561614,76791.98
24621,0.025477966,76792.0
24622,0.024261536,76792.02
24623,0.023011535,76792.05
24624,0.020322327,76792.07
24625,0.015208802,76792.086
24626,0.006544709,76792.09
24627,0.0035352467,76792.09
24628,0.015893798,76792.11
24629,0.032736752,76792.14
24630,0.04750177,76792.19
24631,0.06266504,76792.25
24632,0.072765894,76792.32
24633,0.079622895,76792.4
24634,0.083570644,76792.484
24635,0.083607875,76792.57
24636,0.081533894,76792.65
24637,0.07903817,76792.73
24638,0.077097565,76792.805
24639,0.07616617,76792.88
24640,0.07745126,76792.96
24641,0.07739694,76793.04
24642,0.07598123,76793.12
24643,0.072847225,76793.19
24644,0.0707583,76793.26
24645,0.07135782,76793.33
24646,0.07492731,76793.41
24647,0.07822183,76793.484
24648,0.07923745,76793.56
24649,0.078599334,76793.64
24650,0.077967316,76793.72
24651,0.07903848,76793.8
24652,0.081667565,76793.875
24653,0.0840693,76793.96
24654,0.08564492,76794.05
24655,0.0870649,76794.13
24656,0.089053124,76794.22
24657,0.09249673,76794.31
24658,0.09751473,76794.41
24659,0.10168526,76794.51
24660,0.10399636,76794.61
24661,0.10720529,76794.72
24662,0.1092167,76794.83
24663,0.11099221,76794.94
24664,0.11450722,76795.055
24665,0.11770791,76795.17
24666,0.11983468,76795.29
24667,0.11828164,76795.41
24668,0.11528329,76795.52
24669,0.10864663,76795.63
24670,0.10504891,76795.734
24671,0.09899209,76795.836
24672,0.09967446,76795.94
24673,0.10044381,76796.04
24674,0.10212838,76796.14
24675,0.10364449,76796.24
24676,0.10558084,76796.35
24677,0.10734323,76796.46
24678,0.109393395,76796.57
24679,0.11007851,76796.68
24680,0.1115342,76796.79
24681,0.11150399,76796.9
24682,0.11054787,76797.01
24683,0.10788674,76797.12
24684,0.105712056,76797.23
24685,0.10216134,76797.33
24686,0.0987803,76797.43
24687,0.09400399,76797.52
24688,0.091372155,76797.62
24689,0.088680506,76797.7
24690,0.08571328,76797.79
24691,0.08111519,76797.87
24692,0.076362394,76797.945
24693,0.07298944,76798.016
24694,0.0702456,76798.086
24695,0.06759149,76798.16
24696,0.06429987,76798.22
24697,0.06214212,76798.28
24698,0.062756896,76798.34
24699,0.06357019,76798.41
24700,0.06298517,76798.47
24701,0.06278162,76798.53
24702,0.06350564,76798.59
24703,0.065447934,76798.66
24704,0.066499725,76798.73
24705,0.06800409,76798.8
24706,0.06689828,76798.87
24707,0.07027581,76798.94
24708,0.07183496,76799.01
24709,0.080811545,76799.086
24710,0.08313241,76799.17
24711,0.08433602,76799.26
24712,0.08549752,76799.34
24713,0.08406472,76799.43
24714,0.082662135,76799.516
24715,0.07884286,76799.59
24716,0.07630197,76799.67
24717,0.072956175,76799.74
24718,0.0715365,76799.81
24719,0.0710325,76799.88
24720,0.070390105,76799.95
24721,0.069927305,76800.02
24722,0.06815271,76800.09
24723,0.06726846,76800.164
24724,0.06560601,76800.23
24725,0.064697355,76800.29
24726,0.06396051,76800.35
24727,0.062954344,76800.414
24728,0.062294096,76800.48
24729,0.0605137,76800.54
24730,0.05891519,76800.6
24731,0.05722467,76800.66
24732,0.055190213,76800.71
24733,0.053757567,76800.766
24734,0.051387265,76800.82
24735,0.0497384,76800.87
24736,0.048254482,76800.914
24737,0.047528777,76800.96
24738,0.047207274,76801.01
24739,0.04572473,76801.055
24740,0.04516992,76801.1
24741,0.04401071,76801.15
24742,0.04350427,76801.195
24743,0.043029264,76801.24
24744,0.042114805,76801.28
24745,0.04126535,76801.32
24746,0.039413694,76801.36
24747,0.038642056,76801.4
24748,0.034408506,76801.43
24749,0.03560785,76801.47
24750,0.03264383,76801.5
24751,0.03366876,76801.53
24752,0.031218657,76801.56
24753,0.030194335,76801.59
24754,0.028913664,76801.625
24755,0.028578429,76801.66
24756,0.029014371,76801.69
24757,0.028453154,76801.72
24758,0.030938506,76801.75
24759,0.02983377,76801.78
24760,0.028453764,76801.81
24761,0.025265746,76801.836
24762,0.024535308,76801.86
24763,0.028930906,76801.89
24764,0.028427213,76801.92
24765,0.03135675,76801.95
24766,0.029665923,76801.984
24767,0.03130975,76802.016
24768,0.031201873,76802.05
24769,0.034086548,76802.08
24770,0.036045775,76802.12
24771,0.036076292,76802.16
24772,0.03669061,76802.195
24773,0.03660455,76802.234
24774,0.03815225,76802.27
24775,0.03830179,76802.31
24776,0.039363187,76802.35
24777,0.039839566,76802.39
24778,0.037788633,76802.43
24779,0.041786894,76802.47
24780,0.04013208,76802.51
24781,0.04264459,76802.55
24782,0.042466063,76802.586
24783,0.043797392,76802.63
24784,0.044045806,76802.68
24785,0.044685148,76802.73
24786,0.04526544,76802.77
24787,0.046243984,76802.82
24788,0.03804849,76802.86
24789,0.0409707,76802.9
24790,0.042310577,76802.94
24791,0.044455044,76802.984
24792,0.044918913,76803.03
24793,0.046502776,76803.08
24794,0.047854092,76803.125
24795,0.049201597,76803.17
24796,0.051138546,76803.23
24797,0.052124877,76803.28
24798,0.053498168,76803.336
24799,0.05397775,76803.39
24800,0.055139404,76803.445
24801,0.055081267,76803.5
24802,0.05468713,76803.555
24803,0.053956237,76803.61
24804,0.053478025,76803.664
24805,0.05361673,76803.72
24806,0.028610013,76803.75
24807,0.06574945,76803.81
24808,0.03596368,76803.85
24809,0.06324655,76803.914
24810,0.05133752,76803.97
24811,0.06922479,76804.04
24812,0.049150176,76804.086
24813,0.07159555,76804.16
24814,0.053216033,76804.21
24815,0.072939694,76804.28
24816,0.04940408,76804.33
24817,0.07450647,76804.41
24818,0.050152525,76804.45
24819,0.07627969,76804.53
24820,0.0498826,76804.58
24821,0.076383755,76804.66
24822,0.048985686,76804.7
24823,0.076256804,76804.78
24824,0.0491073,76804.83
24825,0.077428676,76804.91
24826,0.049799435,76804.95
24827,0.079181,76805.03
24828,0.05145761,76805.086
24829,0.080453575,76805.164
24830,0.05132425,76805.22
24831,0.07994272,76805.3
24832,0.049573302,76805.34
24833,0.07723123,76805.42
24834,0.046212096,76805.47
24835,0.074954465,76805.55
24836,0.044433225,76805.59
24837,0.07352151,76805.664
24838,0.042346433,76805.7
24839,0.07204858,76805.77
24840,0.03976312,76805.81
24841,0.06687738,76805.88
24842,0.03507379,76805.914
24843,0.06231668,76805.98
24844,0.031159606,76806.01
24845,0.0585238,76806.06
24846,0.028026517,76806.09
24847,0.05527948,76806.15
24848,0.025318082,76806.17
24849,0.0523031,76806.23
24850,0.023220152,76806.25
24851,0.049914487,76806.3
24852,0.04908853,76806.34
24853,0.04854913,76806.39
24854,0.042858213,76806.43
24855,0.05250665,76806.484
24856,0.052497342,76806.54
24857,0.052495513,76806.59
24858,0.052500546,76806.65
24859,0.052487273,76806.7
24860,0.05248086,76806.76
24861,0.052473385,76806.81
24862,0.052463315,76806.87
24863,0.052461788,76806.92
24864,0.052456908,76806.98
24865,0.052442867,76807.03
24866,0.052429136,76807.086
24867,0.05241815,76807.14
24868,0.052416775,76807.195
24869,0.05239984,76807.25
24870,0.05237268,76807.305
24871,0.052375425,76807.36
24872,0.052364286,76807.414
24873,0.052363217,76807.47
24874,0.052356504,76807.52
24875,0.052340634,76807.58
24876,0.052344907,76807.63
24877,0.052334227,76807.69
24878,0.052329954,76807.74
24879,0.052323546,76807.8
24880,0.05230783,76807.85
24881,0.052298367,76807.91
24882,0.05228723,76807.96
24883,0.05228738,76808.016
24884,0.05229089,76808.07
24885,0.052285857,76808.125
24886,0.05227914,76808.18
24887,0.052285247,76808.234
24888,0.052275173,76808.29
24889,0.0522619,76808.34
24890,0.052264035,76808.4
24891,0.052247252,76808.45
24892,0.05224542,76808.51
24893,0.05221643,76808.56
24894,0.05220239,76808.62
24895,0.052195217,76808.67
24896,0.052187283,76808.73
24897,0.05218118,76808.78
24898,0.052193694,76808.836
24899,0.052186523,76808.89
24900,0.052174468,76808.945
24901,0.052166227,76809.0
24902,0.052163634,76809.055
24903,0.052155394,76809.11
24904,0.05215402,76809.164
24905,0.052147765,76809.22
24906,0.052130215,76809.27
24907,0.052123807,76809.33
24908,0.0521087,76809.38
24909,0.052095123,76809.44
24910,0.052089475,76809.49
24911,0.052079864,76809.55
24912,0.052074675,76809.6
24913,0.052069638,76809.66
24914,0.05206079,76809.71
24915,0.05206262,76809.766
24916,0.05205606,76809.82
24917,0.05203714,76809.875
24918,0.052027065,76809.93
24919,0.052018523,76809.984
24920,0.052014098,76810.04
24921,0.052000515,76810.09
24922,0.05200555,76810.15
24923,0.051991515,76810.2
24924,0.05199014,76810.26
24925,0.05196939,76810.31
24926,0.051965877,76810.37
24927,0.051959317,76810.42
24928,0.051949248,76810.48
24929,0.051943142,76810.53
24930,0.0519375,76810.586
24931,0.051940244,76810.64
24932,0.05193002,76810.695
24933,0.05192163,76810.75
24934,0.051916745,76810.805
24935,0.05190881,76810.86
24936,0.051904082,76810.914
24937,0.051885467,76810.97
24938,0.051880125,76811.02
24939,0.051879056,76811.08
24940,0.05187509,76811.13
24941,0.051867306,76811.19
24942,0.051865324,76811.24
24943,0.051854033,76811.3
24944,0.051847167,76811.35
24945,0.051843505,76811.41
24946,0.05183847,76811.46
24947,0.051823515,76811.516
24948,0.051819243,76811.57
24949,0.051799405,76811.625
24950,0.051799405,76811.68
24951,0.05179727,76811.734
24952,0.05178796,76811.79
24953,0.051782925,76811.84
24954,0.051775448,76811.9
24955,0.051772244,76811.95
24956,0.051749967,76812.01
24957,0.051733486,76812.06
24958,0.05172555,76812.12
24959,0.051721737,76812.17
24960,0.05171487,76812.23
24961,0.051713806,76812.28
24962,0.05170236,76812.336
24963,0.05168878,76812.39
24964,0.051693052,76812.445
24965,0.051683288,76812.5
24966,0.05167764,76812.555
24967,0.051660094,76812.61
24968,0.05165216,76812.664
24969,0.051653225,76812.72
24970,0.051644225,76812.77
24971,0.05163568,76812.83
24972,0.05162744,76812.88
24973,0.0516134,76812.94
24974,0.051615994,76812.99
24975,0.051610198,76813.05
24976,0.05160272,76813.1
24977,0.051587615,76813.16
24978,0.051593106,76813.21
24979,0.051578,76813.266
24980,0.05158151,76813.32
24981,0.051569,76813.375
24982,0.05156152,76813.43
24983,0.051544584,76813.484
24984,0.051538482,76813.54
24985,0.051530242,76813.59
24986,0.051519863,76813.65
24987,0.05151193,76813.7
24988,0.05150766,76813.76
24989,0.051490873,76813.81
24990,0.051493313,76813.87
24991,0.051485837,76813.92
24992,0.051485837,76813.98
24993,0.05147653,76814.03
24994,0.051467985,76814.086
24995,0.051446777,76814.14
24996,0.051448606,76814.195
24997,0.051444944,76814.25
24998,0.051438536,76814.305
24999,0.05142877,76814.36
25000,0.05140344,76814.414
25001,0.051395047,76814.47
25002,0.051391233,76814.52
25003,0.05138864,76814.58
25004,0.05137689,76814.63
25005,0.05136514,76814.69
25006,0.05136621,76814.74
25007,0.05135034,76814.8
25008,0.051347136,76814.85
25009,0.051338438,76814.91
25010,0.051327452,76814.96
25011,0.05131738,76815.016
25012,0.051311582,76815.07
25013,0.05130014,76815.125
25014,0.05129266,76815.18
25015,0.05128839,76815.234
25016,0.051278014,76815.29
25017,0.051276486,76815.34
25018,0.051271453,76815.4
25019,0.05126901,76815.45
25020,0.05124246,76815.51
25021,0.051249936,76815.56
25022,0.051242,76815.62
25023,0.05123132,76815.67
25024,0.051224455,76815.73
25025,0.051218048,76815.78
25026,0.051200803,76815.836
25027,0.051186614,76815.89
25028,0.051196836,76815.945
25029,0.051200956,76816.0
25030,0.051193632,76816.055
25031,0.05118341,76816.11
25032,0.051174406,76816.164
25033,0.05116281,76816.22
25034,0.051160064,76816.27
25035,0.051153958,76816.33
25036,0.051146787,76816.38
25037,0.05114755,76816.44
25038,0.051126342,76816.49
25039,0.051126342,76816.55
25040,0.051120237,76816.6
25041,0.05112985,76816.66
25042,0.051123135,76816.71
25043,0.051114134,76816.766
25044,0.051089413,76816.82
25045,0.05107965,76816.875
25046,0.051074002,76816.93
25047,0.051067594,76816.984
25048,0.051061187,76817.04
25049,0.05105005,76817.09
25050,0.05104684,76817.15
25051,0.051033873,76817.2
25052,0.05103555,76817.26
25053,0.051016934,76817.31
25054,0.051015563,76817.37
25055,0.051007323,76817.42
25056,0.051007017,76817.48
25057,0.050989468,76817.53
25058,0.05099588,76817.586
25059,0.050988402,76817.64
25060,0.05098474,76817.695
25061,0.050963223,76817.75
25062,0.050966732,76817.805
25063,0.050961852,76817.86
25064,0.05094415,76817.914
25065,0.0509324,76817.97
25066,0.050915923,76818.02
25067,0.050925534,76818.08
25068,0.050906613,76818.13
25069,0.05090051,76818.19
25070,0.050907224,76818.24
25071,0.050901882,76818.3
25072,0.050880063,76818.35
25073,0.05087686,76818.41
25074,0.05087579,76818.46
25075,0.050863583,76818.516
25076,0.05085748,76818.57
25077,0.050846037,76818.625
25078,0.050839476,76818.68
25079,0.050825894,76818.734
25080,0.050807737,76818.79
25081,0.050802246,76818.84
25082,0.050794464,76818.9
25083,0.050790496,76818.95
25084,0.050784696,76819.01
25085,0.05077432,76819.055
25086,0.050768673,76819.1
25087,0.050742123,76819.15
25088,0.050741058,76819.195
25089,0.050743803,76819.24
25090,0.05073175,76819.29
25091,0.050725188,76819.336
25092,0.050718777,76819.38
25093,0.050710235,76819.43
25094,0.05071481,76819.48
25095,0.050692685,76819.52
25096,0.050687194,76819.57
25097,0.05068185,76819.62
25098,0.050680783,76819.664
25099,0.05066995,76819.71
25100,0.050659575,76819.76
25101,0.050657894,76819.805
25102,0.050641265,76819.85
25103,0.050627377,76819.9
25104,0.050625548,76819.945
25105,0.050612424,76819.99
25106,0.050592285,76820.04
25107,0.05059549,76820.086
25108,0.050592586,76820.13
25109,0.05059045,76820.18
25110,0.050573513,76820.23
25111,0.050578244,76820.27
25112,0.05056543,76820.32
25113,0.05054956,76820.37
25114,0.050554898,76820.414
25115,0.050549865,76820.46
25116,0.050540555,76820.51
25117,0.050525602,76820.555
25118,0.050513394,76820.6
25119,0.050507598,76820.65
25120,0.050514463,76820.695
25121,0.050501186,76820.74
25122,0.050503783,76820.79
25123,0.050486844,76820.836
25124,0.050485473,76820.88
25125,0.050470367,76820.93
25126,0.050462127,76820.98
25127,0.050464567,76821.02
25128,0.050457854,76821.07
25129,0.05043817,76821.12
25130,0.050424892,76821.164
25131,0.05041635,76821.21
25132,0.05039941,76821.26
25133,0.05039987,76821.305
25134,0.05038751,76821.35
25135,0.05038751,76821.4
25136,0.050371487,76821.445
25137,0.050357144,76821.49
25138,0.050354704,76821.54
25139,0.05035989,76821.586
25140,0.050353635,76821.63
25141,0.05035211,76821.68
25142,0.05033563,76821.73
25143,0.050331052,76821.77
25144,0.050326932,76821.82
25145,0.05032205,76821.87
25146,0.050314113,76821.914
25147,0.050307248,76821.96
25148,0.05029367,76822.01
25149,0.05028436,76822.055
25150,0.050274596,76822.1
25151,0.050281767,76822.15
25152,0.050260253,76822.195
25153,0.05025308,76822.24
25154,0.05025888,76822.29
25155,0.05025308,76822.336
25156,0.050229583,76822.38
25157,0.05023019,76822.43
25158,0.0502099,76822.48
25159,0.050201505,76822.52
25160,0.050187163,76822.57
25161,0.05018823,76822.62
25162,0.050190367,76822.664
25163,0.05016107,76822.71
25164,0.050153136,76822.76
25165,0.050153896,76822.805
25166,0.050135892,76822.85
25167,0.05012567,76822.9
25168,0.050123684,76822.945
25169,0.050124906,76822.99
25170,0.05011224,76823.04
25171,0.050102934,76823.086
25172,0.050084624,76823.13
25173,0.050081875,76823.18
25174,0.050071042,76823.23
25175,0.050068602,76823.27
25176,0.050064635,76823.32
25177,0.050064176,76823.37
25178,0.050055936,76823.414
25179,0.050050598,76823.46
25180,0.050043423,76823.51
25181,0.050037015,76823.555
25182,0.050039608,76823.6
25183,0.050027404,76823.65
25184,0.05003732,76823.695
25185,0.050018705,76823.74
25186,0.050014433,76823.79
25187,0.050004363,76823.836
25188,0.05000558,76823.88
25189,0.050003294,76823.93
25190,0.049999785,76823.98
25191,0.049984984,76824.02
25192,0.049986053,76824.07
25193,0.049976744,76824.12
25194,0.049968656,76824.164
25195,0.049952786,76824.21
25196,0.049946073,76824.26
25197,0.049943175,76824.305
25198,0.049930967,76824.35
25199,0.04991525,76824.4
25200,0.04990503,76824.445
25201,0.049890075,76824.49
25202,0.049888548,76824.54
25203,0.049877256,76824.586
25204,0.049870085,76824.63
25205,0.049873136,76824.68
25206,0.049868863,76824.73
25207,0.049856048,76824.77
25208,0.049864285,76824.82
25209,0.04985742,76824.87
25210,0.04985498,76824.914
25211,0.049834225,76824.96
25212,0.049817596,76825.01
25213,0.049801268,76825.055
25214,0.049781125,76825.1
25215,0.049765714,76825.15
25216,0.049778532,76825.195
25217,0.049770445,76825.24
25218,0.049769375,76825.29
25219,0.049752135,76825.336
25220,0.049746335,76825.38
25221,0.04974664,76825.43
25222,0.049735196,76825.48
25223,0.049728483,76825.52
25224,0.04972116,76825.57
25225,0.04971414,76825.62
25226,0.049705137,76825.664
25227,0.049691863,76825.71
25228,0.049695067,76825.76
25229,0.049678586,76825.805
25230,0.049678586,76825.85
25231,0.04966165,76825.9
25232,0.049658902,76825.945
25233,0.04964929,76825.99
25234,0.049650207,76826.04
25235,0.04962869,76826.086
25236,0.04963083,76826.13
25237,0.049619842,76826.18
25238,0.049605496,76826.23
25239,0.049600463,76826.27
25240,0.049591918,76826.32
25241,0.049594052,76826.37
25242,0.049586117,76826.414
25243,0.049577422,76826.46
25244,0.049560636,76826.51
25245,0.049556058,76826.555
25246,0.04956598,76826.6
25247,0.049557433,76826.65
25248,0.04953958,76826.695
25249,0.049525846,76826.74
25250,0.049535155,76826.79
25251,0.04951013,76826.836
25252,0.049511503,76826.88
25253,0.04950616,76826.93
25254,0.04950555,76826.98
25255,0.049476713,76827.02
25256,0.04947458,76827.07
25257,0.04946649,76827.12
25258,0.04947244,76827.164
25259,0.04944528,76827.21
25260,0.049443144,76827.26
25261,0.0494317,76827.305
25262,0.04942453,76827.35
25263,0.04941476,76827.4
25264,0.04939798,76827.445
25265,0.049394775,76827.49
25266,0.049382262,76827.54
25267,0.049365323,76827.586
25268,0.04935861,76827.63
25269,0.04935098,76827.68
25270,0.049349453,76827.73
25271,0.049346402,76827.77
25272,0.049330533,76827.82
25273,0.04932443,76827.87
25274,0.049319394,76827.914
25275,0.049310394,76827.96
25276,0.049304746,76828.01
25277,0.049291473,76828.055
25278,0.049280334,76828.1
25279,0.04927438,76828.15
25280,0.049263854,76828.195
25281,0.049255308,76828.24
25282,0.04925348,76828.29
25283,0.04925241,76828.336
25284,0.049249817,76828.38
25285,0.0492402,76828.43
25286,0.049233336,76828.48
25287,0.049237456,76828.52
25288,0.049227383,76828.57
25289,0.049217314,76828.62
25290,0.049217924,76828.664
25291,0.049200833,76828.71
25292,0.0491871,76828.76
25293,0.049178556,76828.805
25294,0.04917001,76828.85
25295,0.04917459,76828.9
25296,0.049138427,76828.945
25297,0.049131256,76828.99
25298,0.04915521,76829.04
25299,0.04915521,76829.086
25300,0.049152464,76829.13
25301,0.04913385,76829.18
25302,0.04912271,76829.23
25303,0.049113248,76829.27
25304,0.049098905,76829.32
25305,0.04907861,76829.37
25306,0.049081817,76829.414
