step,predicted_energy,cumulative_energy
0,0.02952124,0.02952124
1,0.02952124,0.05904248
2,0.02952124,0.08856372
3,0.02952124,0.11808496
4,0.02952124,0.1476062
5,0.02952124,0.17712744
6,0.02952124,0.20664868
7,0.02952124,0.23616992
8,0.02952124,0.26569116
9,0.02952124,0.2952124
10,0.02952124,0.32473361
11,0.02952124,0.35425484
12,0.02952124,0.38377607
13,0.02952124,0.4132973
14,0.02952124,0.44281852
15,0.02952124,0.47233975
16,0.02952124,0.501861
17,0.02952124,0.5313822
18,0.02952124,0.56090343
19,0.02952124,0.59042466
20,0.02952124,0.6199459
21,0.02952124,0.6494671
22,0.02952124,0.67898834
23,0.02952124,0.70850956
24,0.02952124,0.7380308
25,0.02952124,0.767552
26,0.02952124,0.79707325
27,0.02952124,0.8265945
28,0.02952124,0.8561157
29,0.02952124,0.8856369
30,0.02952124,0.91515815
31,0.02952124,0.9446794
32,0.02952124,0.9742006
33,0.02952124,1.0037218
34,0.02952124,1.0332431
35,0.02952124,1.0627643
36,0.02952124,1.0922855
37,0.02952124,1.1218067
38,0.02952124,1.151328
39,0.02952124,1.1808492
40,0.02952124,1.2103704
41,0.02952124,1.2398916
42,0.02952124,1.2694129
43,0.02952124,1.2989341
44,0.02952124,1.3284553
45,0.02952124,1.3579766
46,0.02952124,1.3874978
47,0.02952124,1.417019
48,0.02952124,1.4465402
49,0.02952124,1.4760615
50,0.02952124,1.5055827
51,0.02952124,1.5351039
52,0.02952124,1.5646251
53,0.02952124,1.5941464
54,0.02952124,1.6236676
55,0.02952124,1.6531888
56,0.02952124,1.68271
57,0.02952124,1.7122313
58,0.02952124,1.7417525
59,0.02952124,1.7712737
60,0.02952124,1.800795
61,0.02952124,1.8303162
62,0.02952124,1.8598374
63,0.02952124,1.8893586
64,0.02952124,1.9188799
65,0.02952124,1.9484011
66,0.02952124,1.9779223
67,0.02952124,2.0074437
68,0.02952124,2.036965
69,0.02952124,2.0664861
70,0.02952124,2.0960073
71,0.02952124,2.1255286
72,0.02952124,2.1550498
73,0.02952124,2.184571
74,0.02952124,2.2140923
75,0.02952124,2.2436135
76,0.02952124,2.2731347
77,0.02952124,2.302656
78,0.02952124,2.3321772
79,0.02952124,2.3616984
80,0.02952124,2.3912196
81,0.02952124,2.4207408
82,0.02952124,2.450262
83,0.02952124,2.4797833
84,0.02952124,2.5093045
85,0.02952124,2.5388258
86,0.02952124,2.568347
87,0.02952124,2.5978682
88,0.02952124,2.6273894
89,0.02952124,2.6569107
90,0.02952124,2.686432
91,0.02952124,2.715953
92,0.02952124,2.7454743
93,0.02952124,2.7749956
94,0.02952124,2.8045168
95,0.02952124,2.834038
96,0.02952124,2.8635592
97,0.02952124,2.8930805
98,0.02952124,2.9226017
99,0.02952124,2.952123
100,0.02952124,2.9816442
101,0.02952124,3.0111654
102,0.02952124,3.0406866
103,0.02952124,3.0702078
104,0.02952124,3.099729
105,0.02952124,3.1292503
106,0.02952124,3.1587715
107,0.02952124,3.1882927
108,0.02952124,3.217814
109,0.02952124,3.2473352
110,0.02952124,3.2768564
111,0.02952124,3.3063776
112,0.02952124,3.3358989
113,0.02952124,3.36542
114,0.02952124,3.3949413
115,0.02952124,3.4244626
116,0.02952124,3.4539838
117,0.02952124,3.483505
118,0.02952124,3.5130262
119,0.02952124,3.5425475
120,0.02952124,3.5720687
121,0.02952124,3.60159
122,0.02952124,3.6311111
123,0.02952124,3.6606324
124,0.02952124,3.6901536
125,0.02952124,3.7196748
126,0.02952124,3.749196
127,0.02952124,3.7787173
128,0.02952124,3.8082385
129,0.02952124,3.8377597
130,0.02952124,3.867281
131,0.02952124,3.8968022
132,0.02952124,3.9263234
133,0.02952124,3.9558446
134,0.02952124,3.9853659
135,0.02952124,4.0148873
136,0.02952124,4.044409
137,0.02952124,4.0739303
138,0.02952124,4.1034517
139,0.02952124,4.132973
140,0.02952124,4.1624947
141,0.02952124,4.192016
142,0.02952124,4.2215376
143,0.02952124,4.251059
144,0.02952124,4.2805805
145,0.02952124,4.310102
146,0.02952124,4.3396235
147,0.02952124,4.369145
148,0.02952124,4.3986664
149,0.02952124,4.428188
150,0.02952124,4.4577093
151,0.02952124,4.487231
152,0.02952124,4.5167522
153,0.02952124,4.5462737
154,0.02952124,4.575795
155,0.02952124,4.6053166
156,0.02952124,4.634838
157,0.02952124,4.6643596
158,0.02952124,4.693881
159,0.02952124,4.7234025
160,0.02952124,4.752924
161,0.02952124,4.7824454
162,0.02952124,4.811967
163,0.02952124,4.8414884
164,0.02952124,4.87101
165,0.02952124,4.9005313
166,0.02952124,4.9300528
167,0.02952124,4.959574
168,0.02952124,4.9890957
169,0.02952124,5.018617
170,0.02952124,5.0481386
171,0.02952124,5.07766
172,0.02952124,5.1071815
173,0.02952124,5.136703
174,0.02952124,5.1662245
175,0.02952124,5.195746
176,0.02952124,5.2252674
177,0.02952124,5.254789
178,0.02952124,5.2843103
179,0.02952124,5.313832
180,0.02952124,5.3433533
181,0.02952124,5.3728747
182,0.02952124,5.402396
183,0.02952124,5.4319177
184,0.02952124,5.461439
185,0.02952124,5.4909606
186,0.02952124,5.520482
187,0.02952124,5.5500035
188,0.02952124,5.579525
189,0.02952124,5.6090465
190,0.02952124,5.638568
191,0.02952124,5.6680894
192,0.02952124,5.697611
193,0.02952124,5.7271323
194,0.02952124,5.756654
195,0.02952124,5.7861753
196,0.02952124,5.8156967
197,0.02952124,5.845218
198,0.02952124,5.8747396
199,0.02952124,5.904261
200,0.02952124,5.9337826
201,0.02952124,5.963304
202,0.02952124,5.9928255
203,0.02952124,6.022347
204,0.02952124,6.0518684
205,0.02952124,6.08139
206,0.02952124,6.1109114
207,0.02952124,6.140433
208,0.02952124,6.1699543
209,0.02952124,6.199476
210,0.02952124,6.228997
211,0.02952124,6.2585187
212,0.02952124,6.28804
213,0.02952124,6.3175616
214,0.02952124,6.347083
215,0.02952124,6.3766046
216,0.02952124,6.406126
217,0.02952124,6.4356475
218,0.02952124,6.465169
219,0.02952124,6.4946904
220,0.02952124,6.524212
221,0.02952124,6.5537333
222,0.02952124,6.583255
223,0.02952124,6.6127763
224,0.02952124,6.6422977
225,0.02952124,6.671819
226,0.02952124,6.7013407
227,0.02952124,6.730862
228,0.02952124,6.7603836
229,0.02952124,6.789905
230,0.02952124,6.8194265
231,0.02952124,6.848948
232,0.02952124,6.8784695
233,0.02952124,6.907991
234,0.02952124,6.9375124
235,0.02952124,6.967034
236,0.02952124,6.9965553
237,0.02952124,7.026077
238,0.02952124,7.0555983
239,0.02952124,7.0851197
240,0.02952124,7.114641
241,0.02952124,7.1441627
242,0.02952124,7.173684
243,0.02952124,7.2032056
244,0.02952124,7.232727
245,0.02952124,7.2622485
246,0.02952124,7.29177
247,0.02952124,7.3212914
248,0.02952124,7.350813
249,0.02952124,7.3803344
250,0.02952124,7.409856
251,0.02952124,7.4393773
252,0.02952124,7.468899
253,0.02952124,7.4984202
254,0.02952124,7.5279417
255,0.02952124,7.557463
256,0.02952124,7.5869846
257,0.02952124,7.616506
258,0.02952124,7.6460276
259,0.02952124,7.675549
260,0.02952124,7.7050705
261,0.02952124,7.734592
262,0.02952124,7.7641134
263,0.02952124,7.793635
264,0.02952124,7.8231564
265,0.02952124,7.852678
266,0.02952124,7.8821993
267,0.02952124,7.9117208
268,0.02952124,7.941242
269,0.02952124,7.9707637
270,0.02952124,8.000285
271,0.02952124,8.029806
272,0.02952124,8.059327
273,0.02952124,8.088848
274,0.02952124,8.118369
275,0.02952124,8.14789
276,0.02952124,8.177411
277,0.02952124,8.206932
278,0.02952124,8.236453
279,0.02952124,8.265974
280,0.02952124,8.295495
281,0.02952124,8.325016
282,0.02952124,8.354537
283,0.02952124,8.384058
284,0.02952124,8.413579
285,0.02952124,8.4431
286,0.02952124,8.472621
287,0.02952124,8.502142
288,0.02952124,8.531663
289,0.02952124,8.561184
290,0.02952124,8.590705
291,0.02952124,8.620226
292,0.02952124,8.649747
293,0.02952124,8.679268
294,0.02952124,8.708789
295,0.02952124,8.73831
296,0.02952124,8.767831
297,0.02952124,8.797352
298,0.02952124,8.826873
299,0.02952124,8.856394
300,0.02952124,8.885915
301,0.02952124,8.915436
302,0.02952124,8.944957
303,0.02952124,8.974478
304,0.02952124,9.003999
305,0.02952124,9.03352
306,0.02952124,9.063041
307,0.02952124,9.092562
308,0.02952124,9.122083
309,0.02952124,9.151604
310,0.02952124,9.181125
311,0.02952124,9.210646
312,0.02952124,9.240167
313,0.02952124,9.269688
314,0.02952124,9.299209
315,0.02952124,9.32873
316,0.02952124,9.358251
317,0.02952124,9.387772
318,0.02952124,9.417293
319,0.02952124,9.446814
320,0.02952124,9.476335
321,0.02952124,9.505856
322,0.02952124,9.535377
323,0.02952124,9.564898
324,0.02952124,9.594419
325,0.02952124,9.6239395
326,0.02952124,9.6534605
327,0.02952124,9.6829815
328,0.02952124,9.7125025
329,0.02952124,9.742023
330,0.02952124,9.771544
331,0.02952124,9.801065
332,0.02952124,9.830586
333,0.02952124,9.860107
334,0.02952124,9.889628
335,0.02952124,9.919149
336,0.02952124,9.94867
337,0.02952124,9.978191
338,0.02952124,10.007712
339,0.02952124,10.037233
340,0.02952124,10.066754
341,0.02952124,10.096275
342,0.02952124,10.125796
343,0.02952124,10.155317
344,0.02952124,10.184838
345,0.02952124,10.214359
346,0.02952124,10.24388
347,0.02952124,10.273401
348,0.02952124,10.302922
349,0.02952124,10.332443
350,0.02952124,10.361964
351,0.02952124,10.391485
352,0.02952124,10.421006
353,0.02952124,10.450527
354,0.02952124,10.480048
355,0.02952124,10.509569
356,0.02952124,10.53909
357,0.02952124,10.568611
358,0.02952124,10.598132
359,0.02952124,10.627653
360,0.02952124,10.657174
361,0.02952124,10.686695
362,0.02952124,10.716216
363,0.02952124,10.745737
364,0.02952124,10.775258
365,0.02952124,10.804779
366,0.02952124,10.8343
367,0.02952124,10.863821
368,0.02952124,10.893342
369,0.02952124,10.922863
370,0.02952124,10.952384
371,0.02952124,10.981905
372,0.02952124,11.011426
373,0.02952124,11.040947
374,0.02952124,11.070468
375,0.02952124,11.099989
376,0.02952124,11.12951
377,0.02952124,11.159031
378,0.02952124,11.188552
379,0.02952124,11.218073
380,0.02952124,11.247594
381,0.02952124,11.277115
382,0.02952124,11.306636
383,0.02952124,11.336157
384,0.02952124,11.365678
385,0.02952124,11.395199
386,0.02952124,11.42472
387,0.02952124,11.454241
388,0.02952124,11.483762
389,0.02952124,11.513283
390,0.02952124,11.542804
391,0.02952124,11.572325
392,0.02952124,11.601846
393,0.02952124,11.631367
394,0.02952124,11.660888
395,0.02952124,11.690409
396,0.02952124,11.71993
397,0.02952124,11.749451
398,0.02952124,11.778972
399,0.02952124,11.808493
400,0.02952124,11.838014
401,0.02952124,11.867535
402,0.02952124,11.897056
403,0.02952124,11.926577
404,0.02952124,11.956098
405,0.02952124,11.985619
406,0.02952124,12.01514
407,0.02952124,12.044661
408,0.02952124,12.074182
409,0.02952124,12.103703
410,0.02952124,12.133224
411,0.02952124,12.1627445
412,0.02952124,12.1922655
413,0.02952124,12.2217865
414,0.02952124,12.2513075
415,0.02952124,12.280828
416,0.02952124,12.310349
417,0.02952124,12.33987
418,0.02952124,12.369391
419,0.02952124,12.398912
420,0.02952124,12.428433
421,0.02952124,12.457954
422,0.02952124,12.487475
423,0.02952124,12.516996
424,0.02952124,12.546517
425,0.02952124,12.576038
426,0.02952124,12.605559
427,0.02952124,12.63508
428,0.02952124,12.664601
429,0.02952124,12.694122
430,0.02952124,12.723643
431,0.02952124,12.753164
432,0.02952124,12.782685
433,0.02952124,12.812206
434,0.02952124,12.841727
435,0.02952124,12.871248
436,0.02952124,12.900769
437,0.02952124,12.93029
438,0.02952124,12.959811
439,0.02952124,12.989332
440,0.02952124,13.018853
441,0.02952124,13.048374
442,0.02952124,13.077895
443,0.02952124,13.107416
444,0.02952124,13.136937
445,0.02952124,13.166458
446,0.02952124,13.195979
447,0.02952124,13.2255
448,0.02952124,13.255021
449,0.02952124,13.284542
450,0.02952124,13.314063
451,0.02952124,13.343584
452,0.02952124,13.373105
453,0.02952124,13.402626
454,0.02952124,13.432147
455,0.02952124,13.461668
456,0.02952124,13.491189
457,0.02952124,13.52071
458,0.02952124,13.550231
459,0.02952124,13.579752
460,0.02952124,13.609273
461,0.02952124,13.638794
462,0.02952124,13.668315
463,0.02952124,13.697836
464,0.02952124,13.727357
465,0.02952124,13.756878
466,0.02952124,13.786399
467,0.02952124,13.81592
468,0.02952124,13.845441
469,0.02952124,13.874962
470,0.02952124,13.904483
471,0.02952124,13.934004
472,0.02952124,13.963525
473,0.02952124,13.993046
474,0.02952124,14.022567
475,0.02952124,14.052088
476,0.02952124,14.081609
477,0.02952124,14.11113
478,0.02952124,14.140651
479,0.02952124,14.170172
480,0.02952124,14.199693
481,0.02952124,14.229214
482,0.02952124,14.258735
483,0.02952124,14.288256
484,0.02952124,14.317777
485,0.02952124,14.347298
486,0.02952124,14.376819
487,0.02952124,14.40634
488,0.02952124,14.435861
489,0.02952124,14.465382
490,0.02952124,14.494903
491,0.02952124,14.524424
492,0.02952124,14.553945
493,0.02952124,14.583466
494,0.02952124,14.612987
495,0.02952124,14.642508
496,0.02952124,14.672029
497,0.02952124,14.70155
498,0.02952124,14.7310705
499,0.02952124,14.7605915
500,0.02952124,14.7901125
501,0.02952124,14.8196335
502,0.02952124,14.849154
503,0.02952124,14.878675
504,0.02952124,14.908196
505,0.02952124,14.937717
506,0.02952124,14.967238
507,0.02952124,14.996759
508,0.02952124,15.02628
509,0.02952124,15.055801
510,0.02952124,15.085322
511,0.02952124,15.114843
512,0.02952124,15.144364
513,0.02952124,15.173885
514,0.02952124,15.203406
515,0.02952124,15.232927
516,0.02952124,15.262448
517,0.02952124,15.291969
518,0.02952124,15.32149
519,0.02952124,15.351011
520,0.02952124,15.380532
521,0.02952124,15.410053
522,0.02952124,15.439574
523,0.02952124,15.469095
524,0.02952124,15.498616
525,0.02952124,15.528137
526,0.02952124,15.557658
527,0.02952124,15.587179
528,0.02952124,15.6167
529,0.02952124,15.646221
530,0.02952124,15.675742
531,0.02952124,15.705263
532,0.02952124,15.734784
533,0.02952124,15.764305
534,0.02952124,15.793826
535,0.02952124,15.823347
536,0.02952124,15.852868
537,0.02952124,15.882389
538,0.02952124,15.91191
539,0.02952124,15.941431
540,0.02952124,15.970952
541,0.02952124,16.000473
542,0.02952124,16.029995
543,0.02952124,16.059517
544,0.02952124,16.089039
545,0.02952124,16.11856
546,0.02952124,16.148083
547,0.02952124,16.177605
548,0.02952124,16.207127
549,0.02952124,16.236649
550,0.02952124,16.26617
551,0.02952124,16.295692
552,0.02952124,16.325214
553,0.02952124,16.354736
554,0.02952124,16.384258
555,0.02952124,16.41378
556,0.02952124,16.443302
557,0.02952124,16.472824
558,0.02952124,16.502346
559,0.02952124,16.531868
560,0.02952124,16.56139
561,0.02952124,16.590912
562,0.02952124,16.620434
563,0.02952124,16.649956
564,0.02952124,16.679478
565,0.02952124,16.709
566,0.02952124,16.738522
567,0.02952124,16.768044
568,0.02952124,16.797565
569,0.02952124,16.827087
570,0.02952124,16.85661
571,0.02952124,16.886131
572,0.02952124,16.915653
573,0.02952124,16.945175
574,0.02952124,16.974697
575,0.02952124,17.00422
576,0.02952124,17.033741
577,0.02952124,17.063263
578,0.02952124,17.092785
579,0.02952124,17.122307
580,0.02952124,17.151829
581,0.02952124,17.18135
582,0.02952124,17.210873
583,0.02952124,17.240395
584,0.02952124,17.269917
585,0.02952124,17.299438
586,0.02952124,17.32896
587,0.02952124,17.358482
588,0.02952124,17.388004
589,0.02952124,17.417526
590,0.02952124,17.447048
591,0.02952124,17.47657
592,0.02952124,17.506092
593,0.02952124,17.535614
594,0.02952124,17.565136
595,0.02952124,17.594658
596,0.02952124,17.62418
597,0.02952124,17.653702
598,0.02952124,17.683224
599,0.02952124,17.712746
600,0.02952124,17.742268
601,0.02952124,17.77179
602,0.02952124,17.801311
603,0.02952124,17.830833
604,0.02952124,17.860355
605,0.02952124,17.889877
606,0.02952124,17.9194
607,0.02952124,17.948921
608,0.02952124,17.978443
609,0.02952124,18.007965
610,0.02952124,18.037487
611,0.02952124,18.067009
612,0.02952124,18.09653
613,0.02952124,18.126053
614,0.02952124,18.155575
615,0.02952124,18.185097
616,0.02952124,18.214619
617,0.02952124,18.24414
618,0.02952124,18.273663
619,0.02952124,18.303185
620,0.02952124,18.332706
621,0.02952124,18.362228
622,0.02952124,18.39175
623,0.02952124,18.421272
624,0.02952124,18.450794
625,0.02952124,18.480316
626,0.02952124,18.509838
627,0.02952124,18.53936
628,0.02952124,18.568882
629,0.02952124,18.598404
630,0.02952124,18.627926
631,0.02952124,18.657448
632,0.02952124,18.68697
633,0.02952124,18.716492
634,0.02952124,18.746014
635,0.02952124,18.775536
636,0.02952124,18.805058
637,0.02952124,18.83458
638,0.02952124,18.864101
639,0.02952124,18.893623
640,0.02952124,18.923145
641,0.02952124,18.952667
642,0.02952124,18.98219
643,0.02952124,19.011711
644,0.02952124,19.041233
645,0.02952124,19.070755
646,0.02952124,19.100277
647,0.02952124,19.129799
648,0.02952124,19.15932
649,0.02952124,19.188843
650,0.02952124,19.218365
651,0.02952124,19.247887
652,0.02952124,19.277409
653,0.02952124,19.30693
654,0.02952124,19.336452
655,0.02952124,19.365974
656,0.02952124,19.395496
657,0.02952124,19.425018
658,0.02952124,19.45454
659,0.02952124,19.484062
660,0.02952124,19.513584
661,0.02952124,19.543106
662,0.02952124,19.572628
663,0.02952124,19.60215
664,0.02952124,19.631672
665,0.02952124,19.661194
666,0.02952124,19.690716
667,0.02952124,19.720238
668,0.02952124,19.74976
669,0.02952124,19.779282
670,0.02952124,19.808804
671,0.02952124,19.838326
672,0.02952124,19.867847
673,0.02952124,19.89737
674,0.02952124,19.926891
675,0.02952124,19.956413
676,0.02952124,19.985935
677,0.02952124,20.015457
678,0.02952124,20.04498
679,0.02952124,20.074501
680,0.02952124,20.104023
681,0.02952124,20.133545
682,0.02952124,20.163067
683,0.02952124,20.192589
684,0.02952124,20.22211
685,0.02952124,20.251633
686,0.02952124,20.281155
687,0.02952124,20.310677
688,0.02952124,20.340199
689,0.02952124,20.36972
690,0.02952124,20.399242
691,0.02952124,20.428764
692,0.02952124,20.458286
693,0.02952124,20.487808
694,0.02952124,20.51733
695,0.02952124,20.546852
696,0.02952124,20.576374
697,0.02952124,20.605896
698,0.02952124,20.635418
699,0.02952124,20.66494
700,0.02952124,20.694462
701,0.02952124,20.723984
702,0.02952124,20.753506
703,0.02952124,20.783028
704,0.02952124,20.81255
705,0.02952124,20.842072
706,0.02952124,20.871593
707,0.02952124,20.901115
708,0.02952124,20.930637
709,0.02952124,20.96016
710,0.02952124,20.989681
711,0.02952124,21.019203
712,0.02952124,21.048725
713,0.02952124,21.078247
714,0.02952124,21.107769
715,0.02952124,21.137291
716,0.02952124,21.166813
717,0.02952124,21.196335
718,0.02952124,21.225857
719,0.02952124,21.255379
720,0.02952124,21.2849
721,0.02952124,21.314423
722,0.02952124,21.343945
723,0.02952124,21.373466
724,0.02952124,21.402988
725,0.02952124,21.43251
726,0.02952124,21.462032
727,0.02952124,21.491554
728,0.02952124,21.521076
729,0.02952124,21.550598
730,0.02952124,21.58012
731,0.02952124,21.609642
732,0.02952124,21.639164
733,0.02952124,21.668686
734,0.02952124,21.698208
735,0.02952124,21.72773
736,0.02952124,21.757252
737,0.02952124,21.786774
738,0.02952124,21.816296
739,0.02952124,21.845818
740,0.02952124,21.87534
741,0.02952124,21.904861
742,0.02952124,21.934383
743,0.02952124,21.963905
744,0.02952124,21.993427
745,0.02952124,22.02295
746,0.02952124,22.052471
747,0.02952124,22.081993
748,0.02952124,22.111515
749,0.02952124,22.141037
750,0.02952124,22.170559
751,0.02952124,22.20008
752,0.02952124,22.229603
753,0.02952124,22.259125
754,0.02952124,22.288647
755,0.02952124,22.318169
756,0.02952124,22.34769
757,0.02952124,22.377213
758,0.02952124,22.406734
759,0.02952124,22.436256
760,0.02952124,22.465778
761,0.02952124,22.4953
762,0.02952124,22.524822
763,0.02952124,22.554344
764,0.02952124,22.583866
765,0.02952124,22.613388
766,0.02952124,22.64291
767,0.02952124,22.672432
768,0.02952124,22.701954
769,0.02952124,22.731476
770,0.02952124,22.760998
771,0.02952124,22.79052
772,0.02952124,22.820042
773,0.02952124,22.849564
774,0.02952124,22.879086
775,0.02952124,22.908607
776,0.02952124,22.93813
777,0.02952124,22.967651
778,0.02952124,22.997173
779,0.02952124,23.026695
780,0.02952124,23.056217
781,0.02952124,23.08574
782,0.02952124,23.115261
783,0.02952124,23.144783
784,0.02952124,23.174305
785,0.02952124,23.203827
786,0.02952124,23.233349
787,0.02952124,23.26287
788,0.02952124,23.292393
789,0.02952124,23.321915
790,0.02952124,23.351437
791,0.02952124,23.380959
792,0.02952124,23.41048
793,0.02952124,23.440002
794,0.02952124,23.469524
795,0.02952124,23.499046
796,0.02952124,23.528568
797,0.02952124,23.55809
798,0.02952124,23.587612
799,0.02952124,23.617134
800,0.02952124,23.646656
801,0.02952124,23.676178
802,0.02952124,23.7057
803,0.02952124,23.735222
804,0.02952124,23.764744
805,0.02952124,23.794266
806,0.02952124,23.823788
807,0.02952124,23.85331
808,0.02952124,23.882832
809,0.02952124,23.912354
810,0.02952124,23.941875
811,0.02952124,23.971397
812,0.02952124,24.00092
813,0.02952124,24.030441
814,0.02952124,24.059963
815,0.02952124,24.089485
816,0.02952124,24.119007
817,0.02952124,24.14853
818,0.02952124,24.178051
819,0.02952124,24.207573
820,0.02952124,24.237095
821,0.02952124,24.266617
822,0.02952124,24.296139
823,0.02952124,24.32566
824,0.02952124,24.355183
825,0.02952124,24.384705
826,0.02952124,24.414227
827,0.02952124,24.443748
828,0.02952124,24.47327
829,0.02952124,24.502792
830,0.02952124,24.532314
831,0.02952124,24.561836
832,0.02952124,24.591358
833,0.02952124,24.62088
834,0.02952124,24.650402
835,0.02952124,24.679924
836,0.02952124,24.709446
837,0.02952124,24.738968
838,0.02952124,24.76849
839,0.02952124,24.798012
840,0.02952124,24.827534
841,0.02952124,24.857056
842,0.02952124,24.886578
843,0.02952124,24.9161
844,0.02952124,24.945621
845,0.02952124,24.975143
846,0.02952124,25.004665
847,0.02952124,25.034187
848,0.02952124,25.06371
849,0.02952124,25.093231
850,0.02952124,25.122753
851,0.02952124,25.152275
852,0.02952124,25.181797
853,0.02952124,25.211319
854,0.02952124,25.24084
855,0.02952124,25.270363
856,0.02952124,25.299885
857,0.02952124,25.329407
858,0.02952124,25.358929
859,0.02952124,25.38845
860,0.02952124,25.417973
861,0.02952124,25.447495
862,0.02952124,25.477016
863,0.02952124,25.506538
864,0.02952124,25.53606
865,0.02952124,25.565582
866,0.02952124,25.595104
867,0.02952124,25.624626
868,0.02952124,25.654148
869,0.02952124,25.68367
870,0.02952124,25.713192
871,0.02952124,25.742714
872,0.02952124,25.772236
873,0.02952124,25.801758
874,0.02952124,25.83128
875,0.02952124,25.860802
876,0.02952124,25.890324
877,0.02952124,25.919846
878,0.02952124,25.949368
879,0.02952124,25.97889
880,0.02952124,26.008411
881,0.02952124,26.037933
882,0.02952124,26.067455
883,0.02952124,26.096977
884,0.02952124,26.1265
885,0.02952124,26.156021
886,0.02952124,26.185543
887,0.02952124,26.215065
888,0.02952124,26.244587
889,0.02952124,26.274109
890,0.02952124,26.30363
891,0.02952124,26.333153
892,0.02952124,26.362675
893,0.02952124,26.392197
894,0.02952124,26.421719
895,0.02952124,26.45124
896,0.02952124,26.480762
897,0.02952124,26.510284
898,0.02952124,26.539806
899,0.02952124,26.569328
900,0.02952124,26.59885
901,0.02952124,26.628372
902,0.02952124,26.657894
903,0.02952124,26.687416
904,0.02952124,26.716938
905,0.02952124,26.74646
906,0.02952124,26.775982
907,0.02952124,26.805504
908,0.02952124,26.835026
909,0.02952124,26.864548
910,0.02952124,26.89407
911,0.02952124,26.923592
912,0.02952124,26.953114
913,0.02952124,26.982635
914,0.02952124,27.012157
915,0.02952124,27.04168
916,0.02952124,27.071201
917,0.02952124,27.100723
918,0.02952124,27.130245
919,0.02952124,27.159767
920,0.02952124,27.18929
921,0.02952124,27.218811
922,0.02952124,27.248333
923,0.02952124,27.277855
924,0.02952124,27.307377
925,0.02952124,27.336899
926,0.02952124,27.36642
927,0.02952124,27.395943
928,0.02952124,27.425465
929,0.02952124,27.454987
930,0.02952124,27.484509
931,0.02952124,27.51403
932,0.02952124,27.543552
933,0.02952124,27.573074
934,0.02952124,27.602596
935,0.02952124,27.632118
936,0.02952124,27.66164
937,0.02952124,27.691162
938,0.02952124,27.720684
939,0.02952124,27.750206
940,0.02952124,27.779728
941,0.02952124,27.80925
942,0.02952124,27.838772
943,0.02952124,27.868294
944,0.02952124,27.897816
945,0.02952124,27.927338
946,0.02952124,27.95686
947,0.02952124,27.986382
948,0.02952124,28.015903
949,0.02952124,28.045425
950,0.02952124,28.074947
951,0.02952124,28.10447
952,0.02952124,28.133991
953,0.02952124,28.163513
954,0.02952124,28.193035
955,0.02952124,28.222557
956,0.02952124,28.252079
957,0.02952124,28.2816
958,0.02952124,28.311123
959,0.02952124,28.340645
960,0.02952124,28.370167
961,0.02952124,28.399689
962,0.02952124,28.42921
963,0.02952124,28.458733
964,0.02952124,28.488255
965,0.02952124,28.517776
966,0.02952124,28.547298
967,0.02952124,28.57682
968,0.02952124,28.606342
969,0.02952124,28.635864
970,0.02952124,28.665386
971,0.02952124,28.694908
972,0.02952124,28.72443
973,0.02952124,28.753952
974,0.02952124,28.783474
975,0.02952124,28.812996
976,0.02952124,28.842518
977,0.02952124,28.87204
978,0.02952124,28.901562
979,0.02952124,28.931084
980,0.02952124,28.960606
981,0.02952124,28.990128
982,0.02952124,29.01965
983,0.02952124,29.049171
984,0.02952124,29.078693
985,0.02952124,29.108215
986,0.02952124,29.137737
987,0.02952124,29.16726
988,0.02952124,29.196781
989,0.02952124,29.226303
990,0.02952124,29.255825
991,0.02952124,29.285347
992,0.02952124,29.314869
993,0.02952124,29.34439
994,0.02952124,29.373913
995,0.02952124,29.403435
996,0.02952124,29.432957
997,0.02952124,29.462479
998,0.02952124,29.492
999,0.02952124,29.521523
1000,0.02952124,29.551044
1001,0.02952124,29.580566
1002,0.02952124,29.610088
1003,0.02952124,29.63961
1004,0.02952124,29.669132
1005,0.02952124,29.698654
1006,0.02952124,29.728176
1007,0.02952124,29.757698
1008,0.02952124,29.78722
1009,0.02952124,29.816742
1010,0.02952124,29.846264
1011,0.02952124,29.875786
1012,0.02952124,29.905308
1013,0.02952124,29.93483
1014,0.02952124,29.964352
1015,0.02952124,29.993874
1016,0.02952124,30.023396
1017,0.02952124,30.052917
1018,0.02952124,30.08244
1019,0.02952124,30.111961
1020,0.02952124,30.141483
1021,0.02952124,30.171005
1022,0.02952124,30.200527
1023,0.02952124,30.23005
1024,0.02952124,30.259571
1025,0.02952124,30.289093
1026,0.02952124,30.318615
1027,0.02952124,30.348137
1028,0.02952124,30.377659
1029,0.02952124,30.40718
1030,0.02952124,30.436703
1031,0.02952124,30.466225
1032,0.02952124,30.495747
1033,0.02952124,30.525269
1034,0.02952124,30.55479
1035,0.02952124,30.584312
1036,0.02952124,30.613834
1037,0.02952124,30.643356
1038,0.02952124,30.672878
1039,0.02952124,30.7024
1040,0.02952124,30.731922
1041,0.02952124,30.761444
1042,0.02952124,30.790966
1043,0.02952124,30.820488
1044,0.02952124,30.85001
1045,0.02952124,30.879532
1046,0.02952124,30.909054
1047,0.02952124,30.938576
1048,0.02952124,30.968098
1049,0.02952124,30.99762
1050,0.02952124,31.027142
1051,0.02952124,31.056664
1052,0.02952124,31.086185
1053,0.02952124,31.115707
1054,0.02952124,31.14523
1055,0.02952124,31.174751
1056,0.02952124,31.204273
1057,0.02952124,31.233795
1058,0.02952124,31.263317
1059,0.02952124,31.29284
1060,0.02952124,31.322361
1061,0.02952124,31.351883
1062,0.02952124,31.381405
1063,0.02952124,31.410927
1064,0.02952124,31.440449
1065,0.02952124,31.46997
1066,0.02952124,31.499493
1067,0.02952124,31.529015
1068,0.02952124,31.558537
1069,0.02952124,31.588058
1070,0.02952124,31.61758
1071,0.02952124,31.647102
1072,0.02952124,31.676624
1073,0.02952124,31.706146
1074,0.02952124,31.735668
1075,0.02952124,31.76519
1076,0.02952124,31.794712
1077,0.02952124,31.824234
1078,0.02952124,31.853756
1079,0.02952124,31.883278
1080,0.02952124,31.9128
1081,0.02952124,31.942322
1082,0.02952124,31.971844
1083,0.02952124,32.001366
1084,0.02952124,32.030888
1085,0.02952124,32.06041
1086,0.02952124,32.08993
1087,0.02952124,32.119453
1088,0.02952124,32.148975
1089,0.02952124,32.178497
1090,0.02952124,32.20802
1091,0.02952124,32.23754
1092,0.02952124,32.267063
1093,0.02952124,32.296585
1094,0.02952124,32.326107
1095,0.02952124,32.35563
1096,0.02952124,32.38515
1097,0.02952124,32.414673
1098,0.02952124,32.444195
1099,0.02952124,32.473717
1100,0.02952124,32.50324
1101,0.02952124,32.53276
1102,0.02952124,32.562283
1103,0.02952124,32.591805
1104,0.02952124,32.621326
1105,0.02952124,32.65085
1106,0.02952124,32.68037
1107,0.02952124,32.709892
1108,0.02952124,32.739414
1109,0.02952124,32.768936
1110,0.02952124,32.79846
1111,0.02952124,32.82798
1112,0.02952124,32.857502
1113,0.02952124,32.887024
1114,0.02952124,32.916546
1115,0.02952124,32.946068
1116,0.02952124,32.97559
1117,0.02952124,33.00511
1118,0.02952124,33.034634
1119,0.02952124,33.064156
1120,0.02952124,33.093678
1121,0.02952124,33.1232
1122,0.02952124,33.15272
1123,0.02952124,33.182243
1124,0.02952124,33.211765
1125,0.02952124,33.241287
1126,0.02952124,33.27081
1127,0.02952124,33.30033
1128,0.02952124,33.329853
1129,0.02952124,33.359375
1130,0.02952124,33.388897
1131,0.02952124,33.41842
1132,0.02952124,33.44794
1133,0.02952124,33.477463
1134,0.02952124,33.506985
1135,0.02952124,33.536507
1136,0.02952124,33.56603
1137,0.02952124,33.59555
1138,0.02952124,33.625072
1139,0.02952124,33.654594
1140,0.02952124,33.684116
1141,0.02952124,33.71364
1142,0.02952124,33.74316
1143,0.02952124,33.772682
1144,0.02952124,33.802204
1145,0.02952124,33.831726
1146,0.02952124,33.861248
1147,0.02952124,33.89077
1148,0.02952124,33.92029
1149,0.02952124,33.949814
1150,0.02952124,33.979336
1151,0.02952124,34.008858
1152,0.02952124,34.03838
1153,0.02952124,34.0679
1154,0.02952124,34.097424
1155,0.02952124,34.126945
1156,0.02952124,34.156467
1157,0.02952124,34.18599
1158,0.02952124,34.21551
1159,0.02952124,34.245033
1160,0.02952124,34.274555
1161,0.02952124,34.304077
1162,0.02952124,34.3336
1163,0.02952124,34.36312
1164,0.02952124,34.392643
1165,0.02952124,34.422165
1166,0.02952124,34.451687
1167,0.02952124,34.48121
1168,0.02952124,34.51073
1169,0.02952124,34.540253
1170,0.02952124,34.569775
1171,0.02952124,34.599297
1172,0.02952124,34.62882
1173,0.02952124,34.65834
1174,0.02952124,34.687862
1175,0.02952124,34.717384
1176,0.02952124,34.746906
1177,0.02952124,34.77643
1178,0.02952124,34.80595
1179,0.02952124,34.835472
1180,0.02952124,34.864994
1181,0.02952124,34.894516
1182,0.02952124,34.924038
1183,0.02952124,34.95356
1184,0.02952124,34.98308
1185,0.02952124,35.012604
1186,0.02952124,35.042126
1187,0.02952124,35.071648
1188,0.02952124,35.10117
1189,0.02952124,35.13069
1190,0.02952124,35.160213
1191,0.02952124,35.189735
1192,0.02952124,35.219257
1193,0.02952124,35.24878
1194,0.02952124,35.2783
1195,0.02952124,35.307823
1196,0.02952124,35.337345
1197,0.02952124,35.366867
1198,0.02952124,35.39639
1199,0.02952124,35.42591
1200,0.02952124,35.455433
1201,0.02952124,35.484955
1202,0.02952124,35.514477
1203,0.02952124,35.544
1204,0.02952124,35.57352
1205,0.02952124,35.603043
1206,0.02952124,35.632565
1207,0.02952124,35.662086
1208,0.02952124,35.69161
1209,0.02952124,35.72113
1210,0.02952124,35.750652
1211,0.02952124,35.780174
1212,0.02952124,35.809696
1213,0.02952124,35.83922
1214,0.02952124,35.86874
1215,0.02952124,35.898262
1216,0.02952124,35.927784
1217,0.02952124,35.957306
1218,0.02952124,35.986828
1219,0.02952124,36.01635
1220,0.02952124,36.04587
1221,0.02952124,36.075394
1222,0.02952124,36.104916
1223,0.02952124,36.134438
1224,0.02952124,36.16396
1225,0.02952124,36.19348
1226,0.02952124,36.223003
1227,0.02952124,36.252525
1228,0.02952124,36.282047
1229,0.02952124,36.31157
1230,0.02952124,36.34109
1231,0.02952124,36.370613
1232,0.02952124,36.400135
1233,0.02952124,36.429657
1234,0.02952124,36.45918
1235,0.02952124,36.4887
1236,0.02952124,36.518223
1237,0.02952124,36.547745
1238,0.02952124,36.577267
1239,0.02952124,36.60679
1240,0.02952124,36.63631
1241,0.02952124,36.665833
1242,0.02952124,36.695354
1243,0.02952124,36.724876
1244,0.02952124,36.7544
1245,0.02952124,36.78392
1246,0.02952124,36.813442
1247,0.02952124,36.842964
1248,0.02952124,36.872486
1249,0.02952124,36.902008
1250,0.02952124,36.93153
1251,0.02952124,36.961052
1252,0.02952124,36.990574
1253,0.02952124,37.020096
1254,0.02952124,37.049618
1255,0.02952124,37.07914
1256,0.02952124,37.10866
1257,0.02952124,37.138184
1258,0.02952124,37.167706
1259,0.02952124,37.197227
1260,0.02952124,37.22675
1261,0.02952124,37.25627
1262,0.02952124,37.285793
1263,0.02952124,37.315315
1264,0.02952124,37.344837
1265,0.02952124,37.37436
1266,0.02952124,37.40388
1267,0.02952124,37.433403
1268,0.02952124,37.462925
1269,0.02952124,37.492447
1270,0.02952124,37.52197
1271,0.02952124,37.55149
1272,0.02952124,37.581013
1273,0.02952124,37.610535
1274,0.02952124,37.640057
1275,0.02952124,37.66958
1276,0.02952124,37.6991
1277,0.02952124,37.728622
1278,0.02952124,37.758144
1279,0.02952124,37.787666
1280,0.02952124,37.81719
1281,0.02952124,37.84671
1282,0.02952124,37.876232
1283,0.02952124,37.905754
1284,0.02952124,37.935276
1285,0.02952124,37.964798
1286,0.02952124,37.99432
1287,0.02952124,38.02384
1288,0.02952124,38.053364
1289,0.02952124,38.082886
1290,0.02952124,38.112408
1291,0.02952124,38.14193
1292,0.02952124,38.17145
1293,0.02952124,38.200974
1294,0.02952124,38.230495
1295,0.02952124,38.260017
1296,0.02952124,38.28954
1297,0.02952124,38.31906
1298,0.02952124,38.348583
1299,0.02952124,38.378105
1300,0.02952124,38.407627
1301,0.02952124,38.43715
1302,0.02952124,38.46667
1303,0.02952124,38.496193
1304,0.02952124,38.525715
1305,0.02952124,38.555237
1306,0.02952124,38.58476
1307,0.02952124,38.61428
1308,0.02952124,38.643803
1309,0.02952124,38.673325
1310,0.02952124,38.702847
1311,0.02952124,38.73237
1312,0.02952124,38.76189
1313,0.02952124,38.791412
1314,0.02952124,38.820934
1315,0.02952124,38.850456
1316,0.02952124,38.87998
1317,0.02952124,38.9095
1318,0.02952124,38.939022
1319,0.02952124,38.968544
1320,0.02952124,38.998066
1321,0.02952124,39.027588
1322,0.02952124,39.05711
1323,0.02952124,39.08663
1324,0.02952124,39.116154
1325,0.02952124,39.145676
1326,0.02952124,39.175198
1327,0.02952124,39.20472
1328,0.02952124,39.23424
1329,0.02952124,39.263763
1330,0.02952124,39.293285
1331,0.02952124,39.322807
1332,0.02952124,39.35233
1333,0.02952124,39.38185
1334,0.02952124,39.411373
1335,0.02952124,39.440895
1336,0.02952124,39.470417
1337,0.02952124,39.49994
1338,0.02952124,39.52946
1339,0.02952124,39.558983
1340,0.02952124,39.588505
1341,0.02952124,39.618027
1342,0.02952124,39.64755
1343,0.02952124,39.67707
1344,0.02952124,39.706593
1345,0.02952124,39.736115
1346,0.02952124,39.765636
1347,0.02952124,39.79516
1348,0.02952124,39.82468
1349,0.02952124,39.854202
1350,0.02952124,39.883724
1351,0.02952124,39.913246
1352,0.02952124,39.94277
1353,0.02952124,39.97229
1354,0.02952124,40.001812
1355,0.02952124,40.031334
1356,0.02952124,40.060856
1357,0.02952124,40.090378
1358,0.02952124,40.1199
1359,0.02952124,40.14942
1360,0.02952124,40.178944
1361,0.02952124,40.208466
1362,0.02952124,40.237988
1363,0.02952124,40.26751
1364,0.02952124,40.29703
1365,0.02952124,40.326553
1366,0.02952124,40.356075
1367,0.02952124,40.385597
1368,0.02952124,40.41512
1369,0.02952124,40.44464
1370,0.02952124,40.474163
1371,0.02952124,40.503685
1372,0.02952124,40.533207
1373,0.02952124,40.56273
1374,0.02952124,40.59225
1375,0.02952124,40.621773
1376,0.02952124,40.651295
1377,0.02952124,40.680817
1378,0.02952124,40.71034
1379,0.02952124,40.73986
1380,0.02952124,40.769382
1381,0.02952124,40.798904
1382,0.02952124,40.828426
1383,0.02952124,40.85795
1384,0.02952124,40.88747
1385,0.02952124,40.916992
1386,0.02952124,40.946514
1387,0.02952124,40.976036
1388,0.02952124,41.005558
1389,0.02952124,41.03508
1390,0.02952124,41.0646
1391,0.02952124,41.094124
1392,0.02952124,41.123646
1393,0.02952124,41.153168
1394,0.02952124,41.18269
1395,0.02952124,41.21221
1396,0.02952124,41.241734
1397,0.02952124,41.271255
1398,0.02952124,41.300777
1399,0.02952124,41.3303
1400,0.02952124,41.35982
1401,0.02952124,41.389343
1402,0.02952124,41.418865
1403,0.02952124,41.448387
1404,0.02952124,41.47791
1405,0.02952124,41.50743
1406,0.02952124,41.536953
1407,0.02952124,41.566475
1408,0.029502625,41.595978
1409,0.029381318,41.62536
1410,0.028602203,41.65396
1411,0.027357697,41.68132
1412,0.026382813,41.707703
1413,0.025828918,41.733532
1414,0.025889495,41.759422
1415,0.02647528,41.785896
1416,0.026543945,41.81244
1417,0.026420807,41.83886
1418,0.0263938,41.865253
1419,0.027118286,41.892372
1420,0.028057313,41.92043
1421,0.028931946,41.94936
1422,0.029301515,41.97866
1423,0.02924048,42.0079
1424,0.02870871,42.03661
1425,0.02823584,42.064846
1426,0.028017487,42.092865
1427,0.028549409,42.121414
1428,0.030086426,42.1515
1429,0.032066863,42.183567
1430,0.033502717,42.21707
1431,0.03423468,42.251305
1432,0.034313872,42.285618
1433,0.034236513,42.319855
1434,0.033781495,42.353638
1435,0.03312445,42.38676
1436,0.03254828,42.419308
1437,0.03247824,42.451786
1438,0.033493407,42.48528
1439,0.034754395,42.520035
1440,0.035837617,42.555874
1441,0.035446227,42.59132
1442,0.034184784,42.625504
1443,0.03300055,42.658504
1444,0.032451082,42.690956
1445,0.03305182,42.724007
1446,0.034240328,42.758247
1447,0.035180114,42.793427
1448,0.035335448,42.828762
1449,0.034743257,42.863506
1450,0.034082245,42.897587
1451,0.032860473,42.930447
1452,0.032870088,42.963318
1453,0.03380835,42.997128
1454,0.035081238,43.032207
1455,0.035704255,43.067913
1456,0.03519171,43.103104
1457,0.034498505,43.137604
1458,0.033683382,43.171288
1459,0.033321593,43.20461
1460,0.03400122,43.23861
1461,0.03534552,43.273956
1462,0.03618994,43.310146
1463,0.036006074,43.346153
1464,0.035113435,43.381268
1465,0.03381018,43.415077
1466,0.032629456,43.44771
1467,0.031766877,43.479473
1468,0.031525176,43.510998
1469,0.031530213,43.542526
1470,0.032265075,43.57479
1471,0.03238974,43.60718
1472,0.03166922,43.63885
1473,0.030183166,43.669033
1474,0.028819794,43.697853
1475,0.028482728,43.726337
1476,0.029659638,43.755997
1477,0.031662505,43.78766
1478,0.0326203,43.82028
1479,0.03304648,43.853325
1480,0.033845734,43.88717
1481,0.03655005,43.923717
1482,0.038208984,43.961926
1483,0.03893805,44.000862
1484,0.0379064,44.03877
1485,0.03722327,44.075993
1486,0.037328705,44.11332
1487,0.039186005,44.152504
1488,0.041045897,44.19355
1489,0.042237,44.235786
1490,0.04093802,44.276726
1491,0.03956961,44.316296
1492,0.038347382,44.354645
1493,0.03726553,44.39191
1494,0.037426513,44.429337
1495,0.03886267,44.4682
1496,0.042014223,44.510216
1497,0.045670837,44.555885
1498,0.04768271,44.60357
1499,0.048558105,44.652126
1500,0.04849295,44.70062
1501,0.048964143,44.749584
1502,0.048300385,44.797886
1503,0.04779791,44.845684
1504,0.04671637,44.8924
1505,0.04658957,44.938988
1506,0.047451995,44.98644
1507,0.04871756,45.035156
1508,0.049669556,45.084827
1509,0.04972235,45.13455
1510,0.049555726,45.184105
1511,0.049492247,45.233597
1512,0.04899359,45.28259
1513,0.048689026,45.33128
1514,0.04854773,45.379826
1515,0.04920752,45.42903
1516,0.049603943,45.478634
1517,0.050661683,45.529297
1518,0.051147062,45.580444
1519,0.051567443,45.63201
1520,0.052237764,45.68425
1521,0.053418946,45.737667
1522,0.055397704,45.793064
1523,0.056658845,45.849724
1524,0.05717627,45.9069
1525,0.05766745,45.964565
1526,0.058053803,46.022617
1527,0.059435945,46.082054
1528,0.060614534,46.14267
1529,0.062079072,46.20475
1530,0.062327486,46.26708
1531,0.06354178,46.33062
1532,0.0642652,46.394886
1533,0.06560934,46.460495
1534,0.066819064,46.527313
1535,0.06786429,46.595177
1536,0.069058135,46.664234
1537,0.07096396,46.7352
1538,0.0724343,46.807632
1539,0.07301703,46.88065
1540,0.07233755,46.952988
1541,0.07099264,47.02398
1542,0.069522,47.093502
1543,0.07003882,47.16354
1544,0.07214972,47.23569
1545,0.07542181,47.31111
1546,0.0787937,47.389904
1547,0.08151679,47.47142
1548,0.083167024,47.55459
1549,0.08389594,47.638485
1550,0.08529364,47.723778
1551,0.0871955,47.810974
1552,0.089327455,47.900303
1553,0.091986604,47.99229
1554,0.09406028,48.08635
1555,0.09606574,48.182415
1556,0.096381135,48.278797
1557,0.09684409,48.37564
1558,0.096668616,48.47231
1559,0.09749045,48.5698
1560,0.09909583,48.668896
1561,0.10096732,48.769863
1562,0.10336982,48.873234
1563,0.10588324,48.97912
1564,0.108121246,49.08724
1565,0.1104447,49.19768
1566,0.11180823,49.30949
1567,0.11281424,49.422306
1568,0.114215456,49.536522
1569,0.11765647,49.65418
1570,0.12177985,49.77596
1571,0.1274131,49.903374
1572,0.13036841,50.03374
1573,0.1340058,50.167747
1574,0.13725501,50.305004
1575,0.14110938,50.446114
1576,0.14427528,50.59039
1577,0.14678474,50.737175
1578,0.14753424,50.88471
1579,0.14882255,51.03353
1580,0.14990103,51.183434
1581,0.15272452,51.33616
1582,0.15464163,51.4908
1583,0.15577476,51.646572
1584,0.15675116,51.80332
1585,0.15843253,51.961754
1586,0.16083227,52.122585
1587,0.16299748,52.285583
1588,0.1643224,52.449905
1589,0.16649815,52.6164
1590,0.16710165,52.783504
1591,0.16856115,52.952065
1592,0.16942221,53.121487
1593,0.1712348,53.29272
1594,0.17327581,53.465996
1595,0.1759168,53.641914
1596,0.17842321,53.82034
1597,0.1820606,54.0024
1598,0.18582602,54.188225
1599,0.19085531,54.37908
1600,0.19505285,54.574135
1601,0.19848378,54.772617
1602,0.20206136,54.974678
1603,0.20595586,55.180634
1604,0.20963338,55.390266
1605,0.21552388,55.60579
1606,0.21885382,55.824642
1607,0.22089116,56.045532
1608,0.22251958,56.26805
1609,0.2248931,56.492943
1610,0.22995427,56.722897
1611,0.23605871,56.958954
1612,0.24132787,57.200283
1613,0.24827932,57.448563
1614,0.25286627,57.701427
1615,0.25858298,57.96001
1616,0.2642356,58.224247
1617,0.27161732,58.495865
1618,0.27979222,58.775658
1619,0.2865238,59.06218
1620,0.29257467,59.354755
1621,0.29430136,59.649055
1622,0.29875052,59.947807
1623,0.30040625,60.248215
1624,0.3043253,60.55254
1625,0.30474386,60.857285
1626,0.31151035,61.168797
1627,0.3168952,61.48569
1628,0.32790688,61.8136
1629,0.34067985,62.154278
1630,0.3625237,62.5168
1631,0.37799492,62.894794
1632,0.39620674,63.291
1633,0.4058393,63.69684
1634,0.42345145,64.12029
1635,0.43211874,64.552414
1636,0.44780996,65.00022
1637,0.46162802,65.46185
1638,0.47983083,65.94168
1639,0.4968502,66.43853
1640,0.5095182,66.94805
1641,0.51875967,67.46681
1642,0.53279454,67.9996
1643,0.5516405,68.55125
1644,0.56927544,69.12052
1645,0.5779172,69.69844
1646,0.58776325,70.2862
1647,0.60502094,70.89122
1648,0.6323078,71.52353
1649,0.6704102,72.19394
1650,0.70296955,72.89691
1651,0.7376333,73.634544
1652,0.75549203,74.39004
1653,0.80070835,75.19074
1654,0.82760227,76.01834
1655,0.87307715,76.89142
1656,0.91313756,77.80456
1657,1.1264004,78.93096
1658,1.3387562,80.269714
1659,1.2749667,81.54468
1660,1.2157279,82.76041
1661,1.4390016,84.19941
1662,1.6637412,85.86315
1663,1.7571394,87.62029
1664,1.8118527,89.432144
1665,1.8329438,91.26509
1666,1.8595197,93.12461
1667,1.8701332,94.99474
1668,1.8986168,96.89336
1669,1.9075465,98.8009
1670,1.934636,100.73554
1671,1.947039,102.68258
1672,1.9671588,104.649734
1673,1.9668471,106.616585
1674,1.9883326,108.60492
1675,2.005491,110.61041
1676,2.0315263,112.64194
1677,2.0498018,114.69174
1678,2.0786633,116.77041
1679,2.1017442,118.872154
1680,2.119769,120.99192
1681,2.1255074,123.11743
1682,2.1375523,125.25498
1683,2.1443775,127.39936
1684,2.1579092,129.55727
1685,2.1725252,131.7298
1686,2.195855,133.92566
1687,2.2230508,136.14871
1688,2.2524452,138.40115
1689,2.2694807,140.67064
1690,2.2783325,142.94897
1691,2.2719986,145.22098
1692,2.2680593,147.48904
1693,2.263867,149.75291
1694,2.275444,152.02835
1695,2.297663,154.32602
1696,2.3282907,156.65431
1697,2.3618984,159.0162
1698,2.394488,161.41069
1699,2.4254196,163.8361
1700,2.4560132,166.29211
1701,2.4844263,168.77654
1702,2.5039568,171.28049
1703,2.5138288,173.79431
1704,2.5209486,176.31526
1705,2.5326512,178.84792
1706,2.5486934,181.3966
1707,2.5646634,183.96127
1708,2.5803428,186.54161
1709,2.5946846,189.13629
1710,2.6061459,191.74243
1711,2.6156693,194.3581
1712,2.6225781,196.98067
1713,2.6289816,199.60965
1714,2.6347225,202.24437
1715,2.6391234,204.8835
1716,2.641977,207.52548
1717,2.643395,210.16888
1718,2.645227,212.81412
1719,2.6468048,215.46092
1720,2.6480446,218.10896
1721,2.6472387,220.7562
1722,2.6463704,223.40257
1723,2.646163,226.04874
1724,2.6477468,228.69649
1725,2.6490893,231.34558
1726,2.649383,233.99496
1727,2.646952,236.64192
1728,2.6442611,239.28618
1729,2.6397197,241.9259
1730,2.6362958,244.5622
1731,2.6326976,247.19489
1732,2.6321747,249.82706
1733,2.6318915,252.45895
1734,2.6334743,255.09242
1735,2.6353104,257.72772
1736,2.6369011,260.36462
1737,2.6375155,263.00214
1738,2.638054,265.6402
1739,2.6387541,268.27896
1740,2.6389587,270.9179
1741,2.638672,273.55658
1742,2.6397989,276.19638
1743,2.6399252,278.8363
1744,2.639965,281.47626
1745,2.639209,284.11548
1746,2.6390905,286.75458
1747,2.6389344,289.39352
1748,2.640687,292.0342
1749,2.6420445,294.67627
1750,2.6434543,297.31973
1751,2.6442277,299.96396
1752,2.6447496,302.6087
1753,2.6445148,305.2532
1754,2.6464162,307.89963
1755,2.6489673,310.54858
1756,2.6525578,313.20114
1757,2.6551962,315.85632
1758,2.6579342,318.51425
1759,2.6595953,321.17386
1760,2.661991,323.83585
1761,2.664196,326.50003
1762,2.666765,329.1668
1763,2.6688015,331.8356
1764,2.6713037,334.5069
1765,2.6738055,337.1807
1766,2.6757114,339.8564
1767,2.677108,342.5335
1768,2.6774676,345.21097
1769,2.6769915,347.88797
1770,2.6774607,350.56543
1771,2.6787767,353.2442
1772,2.6816092,355.9258
1773,2.6839797,358.6098
1774,2.6859374,361.29575
1775,2.6874504,363.9832
1776,2.6901042,366.67328
1777,2.6932123,369.3665
1778,2.6976492,372.06415
1779,2.702056,374.7662
1780,2.70619,377.47238
1781,2.7101207,380.1825
1782,2.713538,382.89603
1783,2.716247,385.61227
1784,2.7187667,388.33105
1785,2.720227,391.05127
1786,2.7211242,393.7724
1787,2.7216136,396.49402
1788,2.7232854,399.21732
1789,2.7243588,401.94168
1790,2.726625,404.6683
1791,2.7305117,407.3988
1792,2.7347012,410.1335
1793,2.7375927,412.8711
1794,2.7382102,415.6093
1795,2.7371118,418.34644
1796,2.736758,421.0832
1797,2.7369177,423.8201
1798,2.738395,426.5585
1799,2.7394567,429.29797
1800,2.7398412,432.0378
1801,2.7395709,434.77737
1802,2.7386184,437.516
1803,2.7366598,440.25266
1804,2.7359216,442.9886
1805,2.734726,445.72333
1806,2.7344055,448.45773
1807,2.734728,451.19247
1808,2.7363281,453.9288
1809,2.7372177,456.66602
1810,2.7384784,459.40448
1811,2.738727,462.14322
1812,2.7398956,464.88312
1813,2.739914,467.62305
1814,2.740404,470.36346
1815,2.74025,473.10373
1816,2.741233,475.84497
1817,2.7430573,478.588
1818,2.7444873,481.3325
1819,2.745162,484.07764
1820,2.7463915,486.82404
1821,2.7469492,489.57098
1822,2.74687,492.31784
1823,2.74578,495.06363
1824,2.7450054,497.80862
1825,2.7447078,500.55334
1826,2.7450848,503.29843
1827,2.745594,506.04404
1828,2.7459068,508.78995
1829,2.7460296,511.53598
1830,2.7460048,514.282
1831,2.7458282,517.02783
1832,2.7462175,519.77405
1833,2.7467334,522.52075
1834,2.7477167,525.2685
1835,2.7491164,528.01764
1836,2.7503424,530.768
1837,2.7517068,533.5197
1838,2.7528265,536.2725
1839,2.7525907,539.0251
1840,2.7527752,541.77783
1841,2.7530715,544.5309
1842,2.754412,547.2853
1843,2.755753,550.041
1844,2.7555249,552.7966
1845,2.7547383,555.55133
1846,2.754424,558.3057
1847,2.7540283,561.05975
1848,2.7539225,563.81366
1849,2.7529874,566.56665
1850,2.752546,569.3192
1851,2.752033,572.0712
1852,2.751889,574.8231
1853,2.7510555,577.57416
1854,2.7497165,580.32385
1855,2.7471063,583.071
1856,2.744933,585.8159
1857,2.7418396,588.55774
1858,2.74041,591.29816
1859,2.7391307,594.0373
1860,2.7399988,596.7773
1861,2.7415009,599.5188
1862,2.7435257,602.2623
1863,2.744902,605.0072
1864,2.746134,607.75336
1865,2.747011,610.50037
1866,2.7476344,613.248
1867,2.7485492,615.9965
1868,2.7497365,618.7463
1869,2.750896,621.4972
1870,2.7519677,624.24915
1871,2.7525046,627.00165
1872,2.753413,629.75507
1873,2.754301,632.50934
1874,2.7550523,635.2644
1875,2.7551491,638.01953
1876,2.7552326,640.7748
1877,2.7553844,643.53015
1878,2.7556458,646.28577
1879,2.7557528,649.0415
1880,2.7562447,651.7977
1881,2.7568736,654.5546
1882,2.7574518,657.3121
1883,2.7578228,660.0699
1884,2.7578464,662.82776
1885,2.757276,665.585
1886,2.7573023,668.34235
1887,2.7581694,671.1005
1888,2.7594266,673.8599
1889,2.7609036,676.62085
1890,2.761072,679.3819
1891,2.7608275,682.1427
1892,2.7611806,684.9039
1893,2.7615795,687.66547
1894,2.761805,690.42725
1895,2.761729,693.18896
1896,2.7615573,695.9505
1897,2.7614212,698.7119
1898,2.7615268,701.47345
1899,2.7617362,704.23517
1900,2.7619412,706.99713
1901,2.7626717,709.7598
1902,2.7642412,712.52405
1903,2.765429,715.2895
1904,2.766796,718.0563
1905,2.7681763,720.82446
1906,2.770217,723.59467
1907,2.773647,726.3683
1908,2.7777014,729.146
1909,2.781789,731.9278
1910,2.7848318,734.71265
1911,2.787793,737.5004
1912,2.7900317,740.29047
1913,2.7921505,743.08264
1914,2.7927804,745.8754
1915,2.7931452,748.6686
1916,2.7940183,751.4626
1917,2.7950084,754.25757
1918,2.796086,757.05365
1919,2.7973547,759.851
1920,2.798936,762.64996
1921,2.7991457,765.4491
1922,2.7991796,768.2483
1923,2.7993994,771.04767
1924,2.800546,773.8482
1925,2.8018715,776.6501
1926,2.8021,779.4522
1927,2.802013,782.2542
1928,2.8028026,785.057
1929,2.804401,787.8614
1930,2.8067987,790.6682
1931,2.8093262,793.47754
1932,2.8106816,796.2882
1933,2.8113635,799.09955
1934,2.8113816,801.91095
1935,2.8108203,804.72174
1936,2.8110921,807.53284
1937,2.8117232,810.34454
1938,2.81267,813.1572
1939,2.8131876,815.9704
1940,2.8127828,818.7832
1941,2.812967,821.5962
1942,2.814615,824.4108
1943,2.8163235,827.2272
1944,2.8173687,830.04456
1945,2.8177829,832.86237
1946,2.818691,835.681
1947,2.8196151,838.5007
1948,2.8205252,841.32117
1949,2.82107,844.1422
1950,2.8220983,846.9643
1951,2.8237722,849.7881
1952,2.8269808,852.61505
1953,2.8309343,855.446
1954,2.834224,858.2802
1955,2.8371246,861.1173
1956,2.8398113,863.9571
1957,2.8434768,866.8006
1958,2.8468344,869.64746
1959,2.849407,872.4969
1960,2.8508847,875.3478
1961,2.851648,878.1994
1962,2.8525925,881.052
1963,2.8542502,883.90625
1964,2.856067,886.7623
1965,2.8582184,889.62054
1966,2.8595846,892.4801
1967,2.8608913,895.341
1968,2.862161,898.2032
1969,2.8633685,901.0665
1970,2.863677,903.9302
1971,2.863447,906.79364
1972,2.8629549,909.6566
1973,2.8620358,912.5187
1974,2.8619845,915.3807
1975,2.8627234,918.2434
1976,2.8638263,921.10724
1977,2.8644855,923.97174
1978,2.8651803,926.8369
1979,2.8665504,929.7035
1980,2.8682573,932.5718
1981,2.8700688,935.44183
1982,2.8721843,938.314
1983,2.8749285,941.18896
1984,2.8769221,944.06586
1985,2.8781154,946.944
1986,2.878091,949.8221
1987,2.8777676,952.6998
1988,2.8775258,955.57733
1989,2.8777492,958.4551
1990,2.8779376,961.333
1991,2.8789327,964.2119
1992,2.8804398,967.09235
1993,2.8826327,969.975
1994,2.884551,972.8595
1995,2.8863742,975.74585
1996,2.8880801,978.6339
1997,2.8905807,981.5245
1998,2.8924322,984.41693
1999,2.8935146,987.3104
2000,2.893753,990.20416
2001,2.8935091,993.09766
2002,2.8938088,995.99146
2003,2.8945312,998.886
2004,2.8960543,1001.78204
2005,2.8975656,1004.6796
2006,2.897861,1007.5775
2007,2.8979433,1010.47546
2008,2.8980534,1013.37354
2009,2.8986545,1016.2722
2010,2.899905,1019.1721
2011,2.9023297,1022.07446
2012,2.9033072,1024.9778
2013,2.9034657,1027.8812
2014,2.9030418,1030.7843
2015,2.9023998,1033.6866
2016,2.9022207,1036.5889
2017,2.90205,1039.491
2018,2.9027302,1042.3937
2019,2.9042459,1045.298
2020,2.9060407,1048.204
2021,2.9079428,1051.1119
2022,2.909778,1054.0217
2023,2.9114625,1056.9332
2024,2.9123642,1059.8456
2025,2.9130874,1062.7587
2026,2.913883,1065.6726
2027,2.9151394,1068.5878
2028,2.9165044,1071.5043
2029,2.918028,1074.4222
2030,2.9191823,1077.3414
2031,2.9204304,1080.2618
2032,2.9214218,1083.1832
2033,2.922211,1086.1055
2034,2.9224312,1089.028
2035,2.9226315,1091.9506
2036,2.9233062,1094.8739
2037,2.923742,1097.7976
2038,2.9239318,1100.7216
2039,2.924927,1103.6465
2040,2.92548,1106.572
2041,2.9251983,1109.4972
2042,2.9247437,1112.4219
2043,2.9246578,1115.3466
2044,2.925319,1118.2719
2045,2.9267263,1121.1986
2046,2.9280176,1124.1266
2047,2.9290793,1127.0557
2048,2.929982,1129.9856
2049,2.9311059,1132.9167
2050,2.9326239,1135.8494
2051,2.9348116,1138.7842
2052,2.936564,1141.7207
2053,2.9378967,1144.6586
2054,2.9384115,1147.5969
2055,2.938767,1150.5356
2056,2.9393716,1153.475
2057,2.9401677,1156.4152
2058,2.9404259,1159.3556
2059,2.9403174,1162.2959
2060,2.9403164,1165.2362
2061,2.9401622,1168.1764
2062,2.9408162,1171.1172
2063,2.941513,1174.0587
2064,2.9428656,1177.0016
2065,2.945809,1179.9474
2066,2.9486504,1182.896
2067,2.951831,1185.8478
2068,2.9526417,1188.8004
2069,2.9530118,1191.7534
2070,2.9537554,1194.7072
2071,2.9547663,1197.6619
2072,2.9554706,1200.6173
2073,2.9558077,1203.5731
2074,2.9568624,1206.53
2075,2.9578893,1209.4879
2076,2.9585714,1212.4465
2077,2.9587953,1215.4053
2078,2.9594562,1218.3647
2079,2.959874,1221.3246
2080,2.9599664,1224.2845
2081,2.9601061,1227.2446
2082,2.9610791,1230.2057
2083,2.9628954,1233.1686
2084,2.9642444,1236.1328
2085,2.9651012,1239.0979
2086,2.9662035,1242.0641
2087,2.9675481,1245.0316
2088,2.9690216,1248.0006
2089,2.9699907,1250.9706
2090,2.971229,1253.9418
2091,2.9726622,1256.9144
2092,2.9740002,1259.8884
2093,2.9758306,1262.8643
2094,2.9772131,1265.8414
2095,2.9784348,1268.8198
2096,2.97946,1271.7993
2097,2.9804857,1274.7798
2098,2.9823146,1277.7621
2099,2.9845128,1280.7466
2100,2.986343,1283.7329
2101,2.9876864,1286.7206
2102,2.989474,1289.7101
2103,2.9916127,1292.7017
2104,2.9927108,1295.6943
2105,2.9939854,1298.6884
2106,2.9950435,1301.6833
2107,2.9967613,1304.68
2108,2.9984245,1307.6785
2109,3.0004306,1310.679
2110,3.001899,1313.6809
2111,3.0027187,1316.6836
2112,3.0031676,1319.6868
2113,3.0032036,1322.69
2114,3.0033183,1325.6932
2115,3.0036352,1328.6969
2116,3.004322,1331.7012
2117,3.0051162,1334.7063
2118,3.0057135,1337.712
2119,3.0060928,1340.7181
2120,3.0066712,1343.7249
2121,3.0078876,1346.7328
2122,3.0092537,1349.7421
2123,3.010604,1352.7527
2124,3.0116413,1355.7643
2125,3.0127003,1358.777
2126,3.013833,1361.7908
2127,3.0152102,1364.806
2128,3.016606,1367.8226
2129,3.017973,1370.8406
2130,3.0186162,1373.8593
2131,3.0189667,1376.8782
2132,3.0192828,1379.8975
2133,3.0201962,1382.9176
2134,3.0211947,1385.9388
2135,3.0228798,1388.9617
2136,3.0244462,1391.9861
2137,3.02616,1395.0122
2138,3.0278544,1398.04
2139,3.0294466,1401.0695
2140,3.031501,1404.101
2141,3.0336971,1407.1346
2142,3.0356143,1410.1703
2143,3.0373795,1413.2076
2144,3.0382571,1416.2458
2145,3.0387354,1419.2845
2146,3.0393124,1422.3239
2147,3.0398912,1425.3638
2148,3.040435,1428.4042
2149,3.0410244,1431.4452
2150,3.0421748,1434.4873
2151,3.0438812,1437.5311
2152,3.045389,1440.5765
2153,3.0463727,1443.6229
2154,3.046615,1446.6696
2155,3.0468712,1449.7164
2156,3.0468063,1452.7632
2157,3.0470476,1455.8102
2158,3.0473247,1458.8575
2159,3.0479393,1461.9055
2160,3.0488973,1464.9545
2161,3.0502002,1468.0046
2162,3.05137,1471.056
2163,3.0525563,1474.1086
2164,3.053876,1477.1625
2165,3.0548067,1480.2173
2166,3.0557907,1483.2731
2167,3.0568297,1486.33
2168,3.0578537,1489.3878
2169,3.0587883,1492.4467
2170,3.0600762,1495.5067
2171,3.061467,1498.5682
2172,3.0629122,1501.6311
2173,3.0642974,1504.6954
2174,3.065606,1507.761
2175,3.06682,1510.8278
2176,3.0675247,1513.8953
2177,3.067875,1516.9631
2178,3.0686443,1520.0317
2179,3.0698755,1523.1016
2180,3.071358,1526.173
2181,3.072849,1529.2458
2182,3.0742025,1532.3201
2183,3.0752573,1535.3954
2184,3.0761597,1538.4716
2185,3.0770953,1541.5487
2186,3.0778825,1544.6266
2187,3.0782614,1547.7048
2188,3.0791945,1550.784
2189,3.080377,1553.8644
2190,3.0818615,1556.9463
2191,3.0832965,1560.0295
2192,3.0850003,1563.1145
2193,3.0869565,1566.2014
2194,3.0890136,1569.2904
2195,3.0910327,1572.3815
2196,3.0929644,1575.4745
2197,3.094774,1578.5692
2198,3.0968337,1581.666
2199,3.0985904,1584.7646
2200,3.100086,1587.8647
2201,3.101327,1590.9661
2202,3.1024053,1594.0685
2203,3.1038852,1597.1724
2204,3.1048324,1600.2772
2205,3.105543,1603.3828
2206,3.105817,1606.4886
2207,3.1062093,1609.5948
2208,3.1068866,1612.7018
2209,3.108002,1615.8098
2210,3.1092982,1618.9191
2211,3.1110656,1622.0302
2212,3.112314,1625.1425
2213,3.112925,1628.2554
2214,3.1132193,1631.3685
2215,3.1134217,1634.4819
2216,3.113335,1637.5952
2217,3.113208,1640.7084
2218,3.112933,1643.8213
2219,3.1128306,1646.9341
2220,3.1128016,1650.0469
2221,3.113144,1653.16
2222,3.1136966,1656.2737
2223,3.114782,1659.3884
2224,3.1155198,1662.5039
2225,3.1161096,1665.62
2226,3.1166537,1668.7367
2227,3.1171386,1671.8539
2228,3.1176095,1674.9714
2229,3.1187596,1678.0902
2230,3.120356,1681.2106
2231,3.1222217,1684.3328
2232,3.1235611,1687.4563
2233,3.1244924,1690.5808
2234,3.1250818,1693.7059
2235,3.1256888,1696.8317
2236,3.126523,1699.9581
2237,3.1275897,1703.0857
2238,3.1286762,1706.2144
2239,3.1296396,1709.344
2240,3.1302364,1712.4742
2241,3.1306973,1715.605
2242,3.1312325,1718.7362
2243,3.132033,1721.8683
2244,3.1329868,1725.0012
2245,3.1340847,1728.1353
2246,3.1351154,1731.2704
2247,3.135954,1734.4064
2248,3.1369426,1737.5433
2249,3.137746,1740.681
2250,3.1383636,1743.8193
2251,3.1390088,1746.9584
2252,3.1397533,1750.0981
2253,3.1405618,1753.2386
2254,3.141615,1756.3802
2255,3.1429355,1759.5232
2256,3.144086,1762.6672
2257,3.1450264,1765.8123
2258,3.1456378,1768.9579
2259,3.1460552,1772.1039
2260,3.1465447,1775.2504
2261,3.1473627,1778.3977
2262,3.1483777,1781.5461
2263,3.149607,1784.6958
2264,3.1503825,1787.8462
2265,3.1509852,1790.9972
2266,3.151563,1794.1488
2267,3.1523364,1797.3011
2268,3.152922,1800.4541
2269,3.1534746,1803.6075
2270,3.15388,1806.7615
2271,3.1544464,1809.9159
2272,3.1545954,1813.0704
2273,3.1545959,1816.225
2274,3.1545634,1819.3795
2275,3.1546109,1822.5342
2276,3.155146,1825.6893
2277,3.1556249,1828.845
2278,3.15575,1832.0007
2279,3.155459,1835.1562
2280,3.1548958,1838.3112
2281,3.1548576,1841.4661
2282,3.155701,1844.6218
2283,3.157107,1847.7789
2284,3.158104,1850.937
2285,3.1587334,1854.0957
2286,3.1589024,1857.2546
2287,3.1591883,1860.4138
2288,3.1592758,1863.5731
2289,3.1599584,1866.733
2290,3.160268,1869.8933
2291,3.1604373,1873.0537
2292,3.1606073,1876.2144
2293,3.1606898,1879.375
2294,3.160879,1882.5359
2295,3.1612115,1885.6971
2296,3.1614254,1888.8585
2297,3.1614716,1892.02
2298,3.1617785,1895.1818
2299,3.1620848,1898.3439
2300,3.162466,1901.5063
2301,3.1627386,1904.6691
2302,3.1635005,1907.8325
2303,3.1641707,1910.9967
2304,3.1647375,1914.1615
2305,3.1653168,1917.3268
2306,3.1658444,1920.4927
2307,3.1661859,1923.6588
2308,3.1664233,1926.8252
2309,3.1670449,1929.9922
2310,3.1678405,1933.16
2311,3.168718,1936.3287
2312,3.1700184,1939.4988
2313,3.170762,1942.6696
2314,3.1711435,1945.8407
2315,3.1714447,1949.0121
2316,3.1715603,1952.1836
2317,3.1716762,1955.3552
2318,3.1718297,1958.5271
2319,3.1714969,1961.6986
2320,3.1712456,1964.8699
2321,3.171276,1968.0411
2322,3.171541,1971.2126
2323,3.1719558,1974.3846
2324,3.172602,1977.5573
2325,3.1733484,1980.7306
2326,3.1742334,1983.9048
2327,3.1749098,1987.0797
2328,3.1754842,1990.2552
2329,3.175792,1993.431
2330,3.1758535,1996.6069
2331,3.1753218,1999.7822
2332,3.1749237,2002.9572
2333,3.1744897,2006.1316
2334,3.173877,2009.3054
2335,3.1736577,2012.4791
2336,3.1732168,2015.6523
2337,3.173025,2018.8253
2338,3.1730926,2021.9984
2339,3.1733398,2025.1718
2340,3.1740596,2028.3458
2341,3.1747344,2031.5205
2342,3.174968,2034.6954
2343,3.174625,2037.8701
2344,3.174271,2041.0444
2345,3.1738412,2044.2183
2346,3.1737115,2047.392
2347,3.1735568,2050.5654
2348,3.173688,2053.739
2349,3.173572,2056.9126
2350,3.173171,2060.0857
2351,3.1726415,2063.2583
2352,3.1725912,2066.431
2353,3.1727722,2069.6038
2354,3.1726995,2072.7764
2355,3.172393,2075.9487
2356,3.172005,2079.1208
2357,3.1714952,2082.2922
2358,3.1709564,2085.4631
2359,3.1704385,2088.6335
2360,3.1696978,2091.8032
2361,3.1687255,2094.972
2362,3.167739,2098.1396
2363,3.1668842,2101.3066
2364,3.1661594,2104.473
2365,3.1658876,2107.6387
2366,3.1653354,2110.804
2367,3.1649458,2113.969
2368,3.164821,2117.1338
2369,3.1648192,2120.2986
2370,3.1646655,2123.4631
2371,3.1639206,2126.627
2372,3.1639295,2129.7908
2373,3.164281,2132.955
2374,3.1647124,2136.1199
2375,3.1645968,2139.2844
2376,3.164096,2142.4485
2377,3.1632538,2145.6118
2378,3.1626897,2148.7744
2379,3.1625552,2151.937
2380,3.1629403,2155.0999
2381,3.1631973,2158.263
2382,3.1635232,2161.4265
2383,3.1631405,2164.5896
2384,3.1625717,2167.7522
2385,3.1627638,2170.915
2386,3.1627417,2174.078
2387,3.163069,2177.241
2388,3.1633208,2180.4043
2389,3.1630461,2183.5674
2390,3.1625867,2186.73
2391,3.162103,2189.892
2392,3.1614451,2193.0535
2393,3.1609402,2196.2144
2394,3.1605935,2199.375
2395,3.1606636,2202.5356
2396,3.1603146,2205.696
2397,3.16023,2208.8562
2398,3.1602185,2212.0164
2399,3.1600866,2215.1765
2400,3.160208,2218.3367
2401,3.160067,2221.4968
2402,3.159921,2224.6567
2403,3.1592083,2227.816
2404,3.1591384,2230.975
2405,3.159528,2234.1345
2406,3.160004,2237.2944
2407,3.1595004,2240.4539
2408,3.1584582,2243.6123
2409,3.1585698,2246.771
2410,3.1601894,2249.9312
2411,3.1616673,2253.0928
2412,3.1625347,2256.2554
2413,3.1628919,2259.4182
2414,3.1632588,2262.5815
2415,3.16368,2265.745
2416,3.1634533,2268.9087
2417,3.162185,2272.0708
2418,3.160863,2275.2317
2419,3.1602263,2278.3918
2420,3.1604211,2281.5522
2421,3.1599245,2284.7122
2422,3.1588616,2287.871
2423,3.1582952,2291.0293
2424,3.1578774,2294.1873
2425,3.1569383,2297.3442
2426,3.156608,2300.5007
2427,3.1560352,2303.6567
2428,3.1549726,2306.8118
2429,3.1523993,2309.964
2430,3.1494937,2313.1135
2431,3.145879,2316.2595
2432,3.142886,2319.4023
2433,3.137288,2322.5396
2434,3.1292026,2325.6687
2435,3.120536,2328.7893
2436,3.1157894,2331.905
2437,3.1135767,2335.0186
2438,3.1122386,2338.1309
2439,3.1117308,2341.2427
2440,3.1111467,2344.3538
2441,3.1129875,2347.4668
2442,3.1156964,2350.5825
2443,3.1167877,2353.6992
2444,3.1162462,2356.8154
2445,3.1162682,2359.9316
2446,3.1139307,2363.0457
2447,3.1094925,2366.155
2448,3.1063402,2369.2615
2449,3.1042473,2372.3657
2450,3.1030056,2375.4688
2451,3.1023607,2378.571
2452,3.1004498,2381.6714
2453,3.0977862,2384.7693
2454,3.096763,2387.866
2455,3.0981772,2390.964
2456,3.10031,2394.0645
2457,3.1026585,2397.167
2458,3.1037314,2400.2708
2459,3.1036208,2403.3743
2460,3.104316,2406.4785
2461,3.106327,2409.585
2462,3.1069655,2412.692
2463,3.1073227,2415.7993
2464,3.1055179,2418.9048
2465,3.1030111,2422.0078
2466,3.1031115,2425.1108
2467,3.1032932,2428.214
2468,3.1033297,2431.3174
2469,3.1031117,2434.4204
2470,3.1030362,2437.5234
2471,3.1030254,2440.6265
2472,3.1022487,2443.7288
2473,3.1011996,2446.83
2474,3.099953,2449.93
2475,3.0989335,2453.0288
2476,3.0984147,2456.1272
2477,3.0976002,2459.2249
2478,3.0947368,2462.3196
2479,3.0908272,2465.4104
2480,3.087585,2468.498
2481,3.0847087,2471.5828
2482,3.0824845,2474.6653
2483,3.0803735,2477.7456
2484,3.0784862,2480.824
2485,3.077338,2483.9014
2486,3.0754645,2486.9768
2487,3.0756688,2490.0525
2488,3.077418,2493.13
2489,3.0792513,2496.2092
2490,3.078737,2499.288
2491,3.0754924,2502.3635
2492,3.0725648,2505.436
2493,3.0714717,2508.5076
2494,3.0718465,2511.5793
2495,3.0721798,2514.6516
2496,3.0743794,2517.726
2497,3.0782888,2520.8044
2498,3.0809577,2523.8855
2499,3.0820496,2526.9675
2500,3.0809374,2530.0486
2501,3.0789425,2533.1274
2502,3.0783887,2536.2058
2503,3.0779324,2539.2837
2504,3.0774517,2542.361
2505,3.0763037,2545.4375
2506,3.0740726,2548.5115
2507,3.0711837,2551.5828
2508,3.0689275,2554.6516
2509,3.0656857,2557.7173
2510,3.064511,2560.7817
2511,3.0621777,2563.844
2512,3.0603075,2566.9043
2513,3.0584204,2569.9626
2514,3.0564675,2573.019
2515,3.0549054,2576.074
2516,3.052937,2579.127
2517,3.0506222,2582.1775
2518,3.046922,2585.2244
2519,3.041921,2588.2664
2520,3.0396075,2591.306
2521,3.038386,2594.3442
2522,3.0371065,2597.3813
2523,3.034501,2600.4158
2524,3.0322444,2603.448
2525,3.0302594,2606.4783
2526,3.0282757,2609.5066
2527,3.026749,2612.5334
2528,3.0270157,2615.5605
2529,3.0292134,2618.5898
2530,3.0319726,2621.6218
2531,3.0343742,2624.6562
2532,3.0357494,2627.692
2533,3.0367906,2630.7288
2534,3.037311,2633.766
2535,3.0388036,2636.805
2536,3.039019,2639.844
2537,3.0383866,2642.8823
2538,3.0376375,2645.92
2539,3.0376565,2648.9575
2540,3.038306,2651.9958
2541,3.03823,2655.0342
2542,3.0370498,2658.0713
2543,3.0346014,2661.106
2544,3.0331457,2664.1392
2545,3.03121,2667.1704
2546,3.0302784,2670.2007
2547,3.029366,2673.23
2548,3.0294728,2676.2595
2549,3.0296493,2679.289
2550,3.0303533,2682.3193
2551,3.0312,2685.3506
2552,3.0315762,2688.382
2553,3.0315979,2691.4136
2554,3.0323198,2694.4458
2555,3.033444,2697.4792
2556,3.0340765,2700.5134
2557,3.0347607,2703.548
2558,3.034463,2706.5825
2559,3.0339148,2709.6165
2560,3.0341702,2712.6506
2561,3.0349853,2715.6855
2562,3.0351567,2718.7207
2563,3.0348043,2721.7556
2564,3.0351415,2724.7908
2565,3.0353756,2727.8262
2566,3.0353918,2730.8616
2567,3.035704,2733.8972
2568,3.0366778,2736.9338
2569,3.0376327,2739.9714
2570,3.0386422,2743.01
2571,3.0395052,2746.0496
2572,3.0398479,2749.0894
2573,3.0405822,2752.13
2574,3.0415163,2755.1714
2575,3.0414653,2758.213
2576,3.0420904,2761.255
2577,3.0429199,2764.2979
2578,3.0429018,2767.3408
2579,3.0433013,2770.384
2580,3.0440738,2773.4282
2581,3.0460336,2776.4744
2582,3.0454228,2779.5198
2583,3.0443263,2782.5642
2584,3.0425243,2785.6067
2585,3.0425522,2788.6492
2586,3.0425603,2791.6917
2587,3.042761,2794.7344
2588,3.0423021,2797.7766
2589,3.0409844,2800.8176
2590,3.040265,2803.858
2591,3.0396593,2806.8975
2592,3.039275,2809.9368
2593,3.0398724,2812.9766
2594,3.0406656,2816.0173
2595,3.041378,2819.0586
2596,3.040906,2822.0996
2597,3.039525,2825.1392
2598,3.0379357,2828.177
2599,3.0359573,2831.213
2600,3.0342715,2834.247
2601,3.0334108,2837.2805
2602,3.0325198,2840.313
2603,3.0311403,2843.3442
2604,3.0298548,2846.374
2605,3.0293665,2849.4033
2606,3.0318375,2852.435
2607,3.0345144,2855.4695
2608,3.0351586,2858.5046
2609,3.034861,2861.5396
2610,3.033991,2864.5735
2611,3.0323162,2867.6057
2612,3.0316286,2870.6375
2613,3.0318093,2873.6692
2614,3.0314257,2876.7007
2615,3.030354,2879.731
2616,3.0295632,2882.7605
2617,3.0287519,2885.7893
2618,3.0279164,2888.8171
2619,3.0285034,2891.8457
2620,3.0285752,2894.8743
2621,3.0288827,2897.903
2622,3.0284913,2900.9316
2623,3.028476,2903.9602
2624,3.0278614,2906.988
2625,3.0275493,2910.0156
2626,3.0274858,2913.0432
2627,3.026868,2916.07
2628,3.0266562,2919.0967
2629,3.0271027,2922.1238
2630,3.028106,2925.1519
2631,3.0287902,2928.1807
2632,3.0287204,2931.2095
2633,3.0279884,2934.2375
2634,3.0269167,2937.2644
2635,3.0276024,2940.292
2636,3.027528,2943.3196
2637,3.027015,2946.3467
2638,3.0265713,2949.3733
2639,3.0268369,2952.4001
2640,3.027466,2955.4277
2641,3.0278053,2958.4556
2642,3.026439,2961.482
2643,3.0242188,2964.506
2644,3.023048,2967.529
2645,3.0235057,2970.5525
2646,3.025058,2973.5776
2647,3.0260339,2976.6038
2648,3.0267656,2979.6306
2649,3.0260026,2982.6567
2650,3.025222,2985.682
2651,3.023978,2988.7058
2652,3.0231905,2991.729
2653,3.022438,2994.7515
2654,3.0209916,2997.7725
2655,3.0196533,3000.792
2656,3.0187526,3003.8108
2657,3.0189285,3006.8298
2658,3.0190825,3009.8489
2659,3.0181987,3012.8672
2660,3.0179808,3015.8853
2661,3.01933,3018.9045
2662,3.0188115,3021.9233
2663,3.017383,3024.9407
2664,3.0155258,3027.9563
2665,3.0128975,3030.9692
2666,3.0119393,3033.9812
2667,3.01245,3036.9937
2668,3.013534,3040.007
2669,3.0139704,3043.021
2670,3.0144622,3046.0354
2671,3.0142288,3049.0496
2672,3.0141895,3052.0637
2673,3.0141716,3055.078
2674,3.0134354,3058.0913
2675,3.0116122,3061.103
2676,3.010302,3064.1133
2677,3.0092375,3067.1226
2678,3.0072834,3070.13
2679,3.0040483,3073.134
2680,3.0023139,3076.1362
2681,3.001112,3079.1375
2682,3.0020187,3082.1394
2683,3.0029776,3085.1423
2684,3.003593,3088.146
2685,3.0048413,3091.151
2686,3.0048385,3094.1558
2687,3.006406,3097.162
2688,3.005344,3100.1675
2689,3.003984,3103.1714
2690,3.0042639,3106.1755
2691,3.005697,3109.1812
2692,3.0061574,3112.1873
2693,3.0066204,3115.1938
2694,3.0054932,3118.1992
2695,3.0029016,3121.2021
2696,3.000493,3124.2026
2697,2.9984648,3127.2012
2698,2.997554,3130.1987
2699,2.9974387,3133.1963
2700,2.9977086,3136.194
2701,2.99695,3139.1912
2702,2.99695,3142.1882
2703,2.9977865,3145.186
2704,2.999441,3148.1855
2705,3.0009542,3151.1865
2706,3.001389,3154.188
2707,3.0007389,3157.1887
2708,3.000107,3160.1887
2709,2.9996874,3163.1885
2710,2.9991794,3166.1877
2711,2.9997482,3169.1875
2712,3.0014703,3172.189
2713,3.0036736,3175.1926
2714,3.0053995,3178.198
2715,3.0053837,3181.2034
2716,3.0056114,3184.209
2717,3.0048168,3187.2139
2718,3.005187,3190.219
2719,3.0064764,3193.2256
2720,3.007449,3196.2332
2721,3.0086281,3199.2417
2722,3.0104413,3202.2522
2723,3.0122304,3205.2644
2724,3.0125318,3208.2769
2725,3.0127068,3211.2896
2726,3.0119019,3214.3015
2727,3.0119207,3217.3135
2728,3.011994,3220.3254
2729,3.0139186,3223.3394
2730,3.0150278,3226.3545
2731,3.0163546,3229.3708
2732,3.0166135,3232.3875
2733,3.015828,3235.4033
2734,3.0152893,3238.4187
2735,3.014148,3241.4329
2736,3.0141077,3244.447
2737,3.0137105,3247.4607
2738,3.0134494,3250.474
2739,3.0128536,3253.487
2740,3.0137029,3256.5007
2741,3.0152524,3259.5159
2742,3.016519,3262.5325
2743,3.01796,3265.5505
2744,3.0177188,3268.5684
2745,3.0177202,3271.5862
2746,3.0186183,3274.6047
2747,3.0194333,3277.6243
2748,3.0184243,3280.6426
2749,3.0163147,3283.659
2750,3.014172,3286.673
2751,3.011863,3289.685
2752,3.0089254,3292.694
2753,3.0055282,3295.6997
2754,3.0034258,3298.7031
2755,3.0005484,3301.7036
2756,2.9996388,3304.7034
2757,2.9985712,3307.702
2758,2.996421,3310.6982
2759,2.9954982,3313.6938
2760,2.9966125,3316.6904
2761,2.9979541,3319.6885
2762,2.9997082,3322.6882
2763,2.9995797,3325.6877
2764,2.9980612,3328.6858
2765,2.995258,3331.6812
2766,2.9936113,3334.6748
2767,2.9945035,3337.6692
2768,2.9948733,3340.664
2769,2.9941463,3343.6582
2770,2.992352,3346.6506
2771,2.9910119,3349.6416
2772,2.9932067,3352.6348
2773,2.9955468,3355.6304
2774,2.9965866,3358.627
2775,2.9990816,3361.626
2776,3.0012395,3364.6272
2777,3.0040216,3367.631
2778,3.0048761,3370.636
2779,3.0071607,3373.643
2780,3.0073147,3376.6504
2781,3.0078564,3379.6582
2782,3.0079548,3382.6663
2783,3.007076,3385.6733
2784,3.0057704,3388.6792
2785,3.003813,3391.683
2786,3.0029614,3394.686
2787,3.0028,3397.6887
2788,3.0028026,3400.6914
2789,3.001562,3403.6929
2790,3.0014923,3406.6943
2791,3.001827,3409.696
2792,3.0030081,3412.699
2793,3.0031416,3415.7021
2794,3.0019405,3418.704
2795,3.0006924,3421.7048
2796,3.0007741,3424.7056
2797,3.0019171,3427.7075
2798,3.004132,3430.7117
2799,3.006557,3433.7183
2800,3.0073454,3436.7256
2801,3.0069845,3439.7327
2802,3.004988,3442.7375
2803,3.0021834,3445.7397
2804,3.0011077,3448.741
2805,3.0022464,3451.7432
2806,3.0036387,3454.7468
2807,3.005307,3457.7522
2808,3.0057561,3460.758
2809,3.0054445,3463.7634
2810,3.0043347,3466.7678
2811,3.0012984,3469.769
2812,3.0007434,3472.7698
2813,3.0004876,3475.7703
2814,2.9999857,3478.7703
2815,2.9992845,3481.7695
2816,3.0002217,3484.7698
2817,3.0029943,3487.7727
2818,3.0051925,3490.7778
2819,3.0063486,3493.7842
2820,3.006256,3496.7905
2821,3.0061238,3499.7966
2822,3.0059175,3502.8025
2823,3.0065298,3505.809
2824,3.0080414,3508.8171
2825,3.0109112,3511.8281
2826,3.013939,3514.842
2827,3.0167453,3517.859
2828,3.018317,3520.8772
2829,3.018677,3523.896
2830,3.0189412,3526.915
2831,3.0195944,3529.9346
2832,3.0200577,3532.9546
2833,3.0198276,3535.9744
2834,3.018856,3538.9932
2835,3.0165007,3542.0098
2836,3.0150418,3545.025
2837,3.014993,3548.0398
2838,3.0159838,3551.0557
2839,3.0183,3554.074
2840,3.020142,3557.0942
2841,3.0215173,3560.1157
2842,3.0216413,3563.1375
2843,3.02207,3566.1594
2844,3.0217254,3569.1812
2845,3.0208354,3572.202
2846,3.0207171,3575.2227
2847,3.0215194,3578.2441
2848,3.0234506,3581.2676
2849,3.025735,3584.2932
2850,3.027467,3587.3208
2851,3.0284579,3590.3494
2852,3.0284636,3593.378
2853,3.027051,3596.405
2854,3.0247731,3599.4297
2855,3.0218096,3602.4514
2856,3.019081,3605.4705
2857,3.01559,3608.486
2858,3.0146542,3611.5007
2859,3.0130637,3614.514
2860,3.0131357,3617.527
2861,3.0132482,3620.5403
2862,3.011584,3623.5518
2863,3.0108774,3626.5627
2864,3.0102575,3629.573
2865,3.0105803,3632.5835
2866,3.0120409,3635.5955
2867,3.0136654,3638.6091
2868,3.0145628,3641.6238
2869,3.0144548,3644.6382
2870,3.0152392,3647.6533
2871,3.0168266,3650.6702
2872,3.018206,3653.6885
2873,3.0194173,3656.708
2874,3.0200012,3659.728
2875,3.0196834,3662.7478
2876,3.018385,3665.766
2877,3.0179377,3668.784
2878,3.0172603,3671.8013
2879,3.0167542,3674.818
2880,3.0156665,3677.8337
2881,3.0145366,3680.8484
2882,3.01322,3683.8616
2883,3.010397,3686.872
2884,3.0075998,3689.8796
2885,3.0076976,3692.8875
2886,3.0093787,3695.8967
2887,3.0111363,3698.908
2888,3.0103395,3701.9182
2889,3.0087905,3704.927
2890,3.0089808,3707.936
2891,3.009428,3710.9456
2892,3.009315,3713.9548
2893,3.0090597,3716.9639
2894,3.0084822,3719.9724
2895,3.0073068,3722.9797
2896,3.0077178,3725.9875
2897,3.0081809,3728.9958
2898,3.0090811,3732.005
2899,3.0101454,3735.0151
2900,3.010701,3738.026
2901,3.0126615,3741.0386
2902,3.0145538,3744.0532
2903,3.0168514,3747.07
2904,3.018642,3750.0886
2905,3.0188706,3753.1074
2906,3.016372,3756.1238
2907,3.0121331,3759.136
2908,3.0095108,3762.1455
2909,3.0089815,3765.1545
2910,3.0104074,3768.165
2911,3.0118911,3771.177
2912,3.0133996,3774.1904
2913,3.0156567,3777.206
2914,3.018278,3780.2244
2915,3.0216653,3783.246
2916,3.0239751,3786.27
2917,3.0269215,3789.2969
2918,3.0271752,3792.324
2919,3.0254893,3795.3494
2920,3.0234973,3798.3728
2921,3.0226624,3801.3955
2922,3.022524,3804.418
2923,3.021742,3807.4397
2924,3.02143,3810.4612
2925,3.0192287,3813.4805
2926,3.0168078,3816.4973
2927,3.0144532,3819.5117
2928,3.0127814,3822.5244
2929,3.012074,3825.5364
2930,3.010266,3828.5466
2931,3.007274,3831.554
2932,3.004254,3834.558
2933,3.0035424,3837.5618
2934,3.0043705,3840.5662
2935,3.005912,3843.572
2936,3.0068948,3846.5789
2937,3.007112,3849.586
2938,3.0066817,3852.5925
2939,3.0051532,3855.5977
2940,3.0042846,3858.602
2941,3.003509,3861.6055
2942,3.0031009,3864.6086
2943,3.0029695,3867.6116
2944,3.0028865,3870.6145
2945,3.0020947,3873.6167
2946,2.9999745,3876.6167
2947,2.997495,3879.6143
2948,2.9959712,3882.61
2949,2.9964678,3885.6067
2950,2.9968393,3888.6035
2951,2.9971087,3891.6006
2952,2.9966543,3894.5972
2953,2.9953117,3897.5925
2954,2.9950488,3900.5876
2955,2.9955785,3903.5833
2956,2.997586,3906.5808
2957,2.999877,3909.5806
2958,3.0021787,3912.5828
2959,3.0022638,3915.585
2960,3.0012708,3918.5862
2961,3.0015948,3921.588
2962,3.0014381,3924.5894
2963,3.0005944,3927.5898
2964,2.9987614,3930.5886
2965,2.9973416,3933.586
2966,2.9973617,3936.5833
2967,2.9986174,3939.5818
2968,2.9987319,3942.5806
2969,2.9977808,3945.5784
2970,2.9960315,3948.5745
2971,2.9931316,3951.5676
2972,2.990946,3954.5586
2973,2.9893744,3957.5479
2974,2.988955,3960.5369
2975,2.9893367,3963.5261
2976,2.990433,3966.5166
2977,2.992834,3969.5095
2978,2.994786,3972.5044
2979,2.9949667,3975.4993
2980,2.9953372,3978.4946
2981,2.9966338,3981.4912
2982,2.9972866,3984.4885
2983,2.9962087,3987.4846
2984,2.9959269,3990.4805
2985,2.9956164,3993.476
2986,2.9957495,3996.472
2987,2.9952395,3999.4673
2988,2.995407,4002.4626
2989,2.99423,4005.4568
2990,2.9949875,4008.4517
2991,2.9969256,4011.4485
2992,2.999546,4014.448
2993,3.0035586,4017.4517
2994,3.0069003,4020.4585
2995,3.0109024,4023.4695
2996,3.0109754,4026.4805
2997,3.0088165,4029.4893
2998,3.006878,4032.496
2999,3.005103,4035.5012
3000,3.0047443,4038.5059
3001,3.0052545,4041.5112
3002,3.0057738,4044.517
3003,3.0064101,4047.5234
3004,3.006242,4050.5298
3005,3.0050278,4053.535
3006,3.0041745,4056.539
3007,3.0034566,4059.5425
3008,3.004894,4062.5474
3009,3.0052667,4065.5527
3010,3.0050714,4068.5579
3011,3.0047014,4071.5625
3012,3.004822,4074.5674
3013,3.0046158,4077.572
3014,3.0058053,4080.578
3015,3.0076294,4083.5854
3016,3.0092664,4086.5947
3017,3.0121434,4089.607
3018,3.014421,4092.6213
3019,3.01557,4095.637
3020,3.0151403,4098.6523
3021,3.0134528,4101.666
3022,3.0130575,4104.679
3023,3.0128188,4107.692
3024,3.0135548,4110.7056
3025,3.0138288,4113.719
3026,3.0132391,4116.7324
3027,3.0129128,4119.745
3028,3.013889,4122.759
3029,3.0143936,4125.773
3030,3.0145626,4128.7876
3031,3.0145812,4131.8022
3032,3.0147943,4134.817
3033,3.017547,4137.8345
3034,3.0192723,4140.8535
3035,3.0195584,4143.873
3036,3.018929,4146.892
3037,3.0183046,4149.91
3038,3.0182211,4152.928
3039,3.0184586,4155.947
3040,3.0200462,4158.967
3041,3.0227377,4161.9897
3042,3.0255573,4165.015
3043,3.0274727,4168.0425
3044,3.0276337,4171.0703
3045,3.02818,4174.0986
3046,3.0291808,4177.128
3047,3.031577,4180.1597
3048,3.0319757,4183.1914
3049,3.0310302,4186.2227
3050,3.0302196,4189.253
3051,3.0294812,4192.282
3052,3.0292027,4195.3115
3053,3.028213,4198.34
3054,3.0280724,4201.3677
3055,3.0293927,4204.397
3056,3.0302718,4207.4272
3057,3.0314379,4210.4585
3058,3.0313156,4213.4897
3059,3.0323346,4216.522
3060,3.0328336,4219.5547
3061,3.0324063,4222.587
3062,3.0321383,4225.619
3063,3.0315034,4228.651
3064,3.0309298,4231.6816
3065,3.0284243,4234.71
3066,3.028009,4237.738
3067,3.0282907,4240.766
3068,3.0286922,4243.795
3069,3.0288906,4246.8237
3070,3.0286255,4249.8525
3071,3.0275078,4252.88
3072,3.0274234,4255.907
3073,3.0259914,4258.933
3074,3.025657,4261.959
3075,3.0272613,4264.9863
3076,3.0297768,4268.016
3077,3.0316036,4271.048
3078,3.034262,4274.082
3079,3.0366085,4277.1187
3080,3.0370843,4280.156
3081,3.0368164,4283.1924
3082,3.03636,4286.2285
3083,3.0359573,4289.2646
3084,3.0353644,4292.3
3085,3.034403,4295.334
3086,3.0352025,4298.369
3087,3.035445,4301.405
3088,3.036661,4304.4414
3089,3.0378478,4307.4795
3090,3.0375206,4310.517
3091,3.036299,4313.553
3092,3.0356052,4316.589
3093,3.0352428,4319.624
3094,3.035006,4322.659
3095,3.0369198,4325.6963
3096,3.0383098,4328.7344
3097,3.0391042,4331.7734
3098,3.0380251,4334.8115
3099,3.0371764,4337.8486
3100,3.0350964,4340.884
3101,3.0321202,4343.916
3102,3.0316045,4346.9478
3103,3.032887,4349.9805
3104,3.0341222,4353.0146
3105,3.0345294,4356.0493
3106,3.035228,4359.0845
3107,3.0355725,4362.12
3108,3.036073,4365.1562
3109,3.0361876,4368.1924
3110,3.0366094,4371.229
3111,3.0374463,4374.2666
3112,3.0365753,4377.303
3113,3.0344472,4380.338
3114,3.0308135,4383.3687
3115,3.0274265,4386.396
3116,3.0250497,4389.421
3117,3.024492,4392.4453
3118,3.02494,4395.47
3119,3.026426,4398.4966
3120,3.0243568,4401.521
3121,3.0205812,4404.5415
3122,3.0169985,4407.5586
3123,3.0128052,4410.5713
3124,3.0107055,4413.582
3125,3.0086412,4416.591
3126,3.008108,4419.599
3127,3.0069513,4422.606
3128,3.0061147,4425.6123
3129,3.0052118,4428.6177
3130,3.0062022,4431.624
3131,3.0081804,4434.6323
3132,3.0106096,4437.643
3133,3.0128613,4440.656
3134,3.0131104,4443.669
3135,3.0132968,4446.682
3136,3.0141852,4449.6963
3137,3.0144675,4452.711
3138,3.0156085,4455.7266
3139,3.0170321,4458.7437
3140,3.0182626,4461.7617
3141,3.0202193,4464.7817
3142,3.0218081,4467.8037
3143,3.0235126,4470.827
3144,3.0250783,4473.852
3145,3.0268264,4476.879
3146,3.0278642,4479.9067
3147,3.02816,4482.935
3148,3.0285497,4485.9634
3149,3.029009,4488.992
3150,3.0292385,4492.0215
3151,3.0291762,4495.051
3152,3.0283432,4498.079
3153,3.0284417,4501.1074
3154,3.0279467,4504.1353
3155,3.027221,4507.1626
3156,3.0269408,4510.1895
3157,3.027727,4513.2173
3158,3.0284855,4516.2456
3159,3.0292313,4519.275
3160,3.0288692,4522.3037
3161,3.0268173,4525.3306
3162,3.0244162,4528.355
3163,3.0233192,4531.3784
3164,3.023376,4534.402
3165,3.0242577,4537.4263
3166,3.0250719,4540.451
3167,3.026357,4543.4775
3168,3.0270112,4546.5044
3169,3.0282671,4549.5327
3170,3.0285165,4552.561
3171,3.027777,4555.589
3172,3.0265224,4558.615
3173,3.025365,4561.6406
3174,3.0251205,4564.6655
3175,3.025331,4567.691
3176,3.0251946,4570.7163
3177,3.0238085,4573.74
3178,3.023324,4576.7637
3179,3.022965,4579.7866
3180,3.022529,4582.809
3181,3.0216622,4585.8306
3182,3.0210946,4588.8516
3183,3.0211885,4591.8726
3184,3.0201993,4594.8926
3185,3.0180058,4597.9106
3186,3.0173018,4600.9277
3187,3.0171072,4603.945
3188,3.0164173,4606.9614
3189,3.016693,4609.978
3190,3.016592,4612.9946
3191,3.0158727,4616.0107
3192,3.0148654,4619.0254
3193,3.013853,4622.039
3194,3.0143316,4625.053
3195,3.0152278,4628.0684
3196,3.0169716,4631.0854
3197,3.017346,4634.103
3198,3.0154781,4637.1187
3199,3.0133715,4640.132
3200,3.0129416,4643.145
3201,3.0119534,4646.1567
3202,3.0118878,4649.1685
3203,3.0115612,4652.18
3204,3.0122957,4655.1924
3205,3.0141854,4658.2065
3206,3.0162477,4661.2227
3207,3.0183573,4664.241
3208,3.0176082,4667.259
3209,3.0158334,4670.2744
3210,3.0138905,4673.288
3211,3.0120316,4676.3003
3212,3.0122235,4679.3125
3213,3.013403,4682.3257
3214,3.0130277,4685.339
3215,3.0123024,4688.351
3216,3.0122087,4691.3633
3217,3.0120347,4694.3755
3218,3.010664,4697.386
3219,3.010232,4700.3965
3220,3.0103905,4703.4067
3221,3.0110888,4706.418
3222,3.011235,4709.429
3223,3.0112047,4712.4404
3224,3.0116963,4715.452
3225,3.0104876,4718.4624
3226,3.0087795,4721.471
3227,3.007036,4724.478
3228,3.0060594,4727.484
3229,3.005055,4730.489
3230,3.0054927,4733.494
3231,3.0056157,4736.5
3232,3.004978,4739.505
3233,3.0030086,4742.508
3234,3.0009408,4745.509
3235,2.9995675,4748.5083
3236,2.9993606,4751.508
3237,3.001369,4754.5093
3238,3.0031395,4757.512
3239,3.0054746,4760.5176
3240,3.0059547,4763.5234
3241,3.0052218,4766.529
3242,3.0039608,4769.5327
3243,3.0003002,4772.533
3244,2.9984055,4775.5317
3245,2.9971383,4778.529
3246,2.9980297,4781.527
3247,3.00058,4784.5273
3248,3.0018387,4787.5293
3249,3.0022876,4790.5317
3250,3.0017247,4793.5337
3251,3.0013123,4796.535
3252,3.001923,4799.537
3253,3.0023685,4802.5396
3254,3.0025868,4805.542
3255,3.0027182,4808.545
3256,3.0035722,4811.5483
3257,3.004938,4814.553
3258,3.0052207,4817.5586
3259,3.0055356,4820.564
3260,3.0054135,4823.5693
3261,3.0053353,4826.5747
3262,3.0045137,4829.579
3263,3.0032916,4832.5825
3264,3.003332,4835.586
3265,3.0037897,4838.59
3266,3.0042748,4841.594
3267,3.0052602,4844.5996
3268,3.0049093,4847.6045
3269,3.003306,4850.608
3270,3.002389,4853.6104
3271,3.0012276,4856.612
3272,3.0001757,4859.612
3273,2.998449,4862.6104
3274,2.9965024,4865.607
3275,2.9949343,4868.602
3276,2.9937897,4871.5957
3277,2.9928985,4874.5884
3278,2.9918492,4877.58
3279,2.9915001,4880.572
3280,2.9925206,4883.5645
3281,2.9936526,4886.558
3282,2.9961903,4889.554
3283,2.9983153,4892.5527
3284,2.9988375,4895.552
3285,2.9991426,4898.551
3286,2.9990337,4901.55
3287,3.0002959,4904.5503
3288,3.0020525,4907.5522
3289,3.0036592,4910.5557
3290,3.0046291,4913.56
3291,3.0054555,4916.5654
3292,3.006455,4919.572
3293,3.0060208,4922.5776
3294,3.0061884,4925.584
3295,3.0055013,4928.5894
3296,3.0039651,4931.5933
3297,3.0020285,4934.595
3298,3.0031896,4937.5986
3299,3.005534,4940.604
3300,3.0076513,4943.612
3301,3.009284,4946.621
3302,3.0108962,4949.632
3303,3.0123982,4952.644
3304,3.0148463,4955.6587
3305,3.0183978,4958.6772
3306,3.0199544,4961.6973
3307,3.0199966,4964.7173
3308,3.0200582,4967.7373
3309,3.0197034,4970.757
3310,3.0205863,4973.7773
3311,3.0224035,4976.8
3312,3.0237353,4979.8237
3313,3.0231192,4982.8467
3314,3.0233657,4985.87
3315,3.0239232,4988.894
3316,3.0260608,4991.92
3317,3.0290008,4994.9487
3318,3.0315387,4997.9805
3319,3.0335214,5001.014
3320,3.0332873,5004.0474
3321,3.0314932,5007.0786
3322,3.0304062,5010.109
3323,3.029464,5013.138
3324,3.029252,5016.1675
3325,3.028807,5019.1963
3326,3.0279055,5022.224
3327,3.027694,5025.252
3328,3.0279455,5028.28
3329,3.0266604,5031.3066
3330,3.025614,5034.332
3331,3.0256145,5037.3574
3332,3.0261822,5040.384
3333,3.0251203,5043.4087
3334,3.0222769,5046.431
3335,3.019419,5049.4507
3336,3.01683,5052.4673
3337,3.0143034,5055.4814
3338,3.0130954,5058.4946
3339,3.0115623,5061.5063
3340,3.0105803,5064.517
3341,3.00978,5067.527
3342,3.0108397,5070.5376
3343,3.01202,5073.55
3344,3.0129046,5076.5625
3345,3.0140517,5079.5767
3346,3.015093,5082.592
3347,3.0165212,5085.6084
3348,3.0179052,5088.6265
3349,3.019451,5091.646
3350,3.0198853,5094.666
3351,3.0205324,5097.6865
3352,3.0214875,5100.708
3353,3.023496,5103.7314
3354,3.0241997,5106.756
3355,3.024273,5109.7803
3356,3.0243607,5112.8047
3357,3.023864,5115.8286
3358,3.02453,5118.853
3359,3.0252156,5121.8784
3360,3.0242682,5124.903
3361,3.0232134,5127.9263
3362,3.021273,5130.9478
3363,3.0187585,5133.9663
3364,3.017331,5136.9834
3365,3.0178552,5140.0015
3366,3.0168383,5143.018
3367,3.01436,5146.032
3368,3.011753,5149.044
3369,3.0097215,5152.0537
3370,3.0086293,5155.0625
3371,3.0088768,5158.0713
3372,3.0090587,5161.0806
3373,3.0097418,5164.0903
3374,3.0094388,5167.0996
3375,3.0099416,5170.1094
3376,3.010814,5173.12
3377,3.0103717,5176.1304
3378,3.0098538,5179.14
3379,3.0099254,5182.15
3380,3.011807,5185.1616
3381,3.01562,5188.1772
3382,3.0184016,5191.196
3383,3.0192046,5194.215
3384,3.0181596,5197.233
3385,3.0169802,5200.25
3386,3.0148938,5203.265
3387,3.012955,5206.2783
3388,3.011213,5209.2896
3389,3.0092516,5212.299
3390,3.0067606,5215.3057
3391,3.005722,5218.3115
3392,3.006778,5221.3184
3393,3.0077953,5224.326
3394,3.0080287,5227.334
3395,3.007558,5230.3413
3396,3.0060227,5233.347
3397,3.0042999,5236.3516
3398,3.003237,5239.355
3399,3.0022557,5242.3574
3400,3.0012355,5245.359
3401,2.999986,5248.359
3402,2.9990847,5251.358
3403,2.9987185,5254.3564
3404,3.0002887,5257.357
3405,3.0022595,5260.3594
3406,3.0037181,5263.3633
3407,3.0050957,5266.368
3408,3.0064762,5269.3745
3409,3.0077147,5272.3823
3410,3.0096538,5275.392
3411,3.012007,5278.4043
3412,3.0124643,5281.417
3413,3.0129654,5284.43
3414,3.0139961,5287.4443
3415,3.01587,5290.4604
3416,3.0177395,5293.478
3417,3.0180883,5296.496
3418,3.0185404,5299.5146
3419,3.0185506,5302.533
3420,3.0182679,5305.5513
3421,3.0167677,5308.568
3422,3.0170531,5311.585
3423,3.0171504,5314.602
3424,3.0166225,5317.6187
3425,3.0169888,5320.6357
3426,3.018194,5323.654
3427,3.0181496,5326.672
3428,3.0195363,5329.6914
3429,3.0218997,5332.7134
3430,3.0240502,5335.7373
3431,3.0260413,5338.763
3432,3.025214,5341.7886
3433,3.0240602,5344.8125
3434,3.023395,5347.836
3435,3.0242467,5350.8604
3436,3.0240204,5353.8843
3437,3.0237734,5356.908
3438,3.0223901,5359.9307
3439,3.0203607,5362.951
3440,3.0189517,5365.97
3441,3.018948,5368.9893
3442,3.019332,5372.009
3443,3.0201924,5375.029
3444,3.0204642,5378.0493
3445,3.020067,5381.0693
3446,3.017393,5384.087
3447,3.013626,5387.1006
3448,3.010301,5390.111
3449,3.008408,5393.119
3450,3.0078185,5396.127
3451,3.0084646,5399.1353
3452,3.009049,5402.1445
3453,3.0086248,5405.1533
3454,3.0074768,5408.1606
3455,3.0063589,5411.167
3456,3.0062506,5414.1733
3457,3.006928,5417.18
3458,3.0080636,5420.1885
3459,3.0077832,5423.1963
3460,3.007509,5426.2036
3461,3.0077484,5429.2114
3462,3.0088162,5432.22
3463,3.010231,5435.2305
3464,3.0106866,5438.241
3465,3.0107753,5441.252
3466,3.0109913,5444.263
3467,3.0104866,5447.2734
3468,3.0106456,5450.284
3469,3.0120761,5453.2964
3470,3.0132537,5456.3096
3471,3.0128489,5459.3223
3472,3.0111897,5462.3335
3473,3.0097537,5465.3433
3474,3.007369,5468.3506
3475,3.0039237,5471.3545
3476,3.0005834,5474.355
3477,2.9980986,5477.353
3478,2.9986792,5480.3516
3479,3.0005887,5483.352
3480,3.0034964,5486.3555
3481,3.008107,5489.364
3482,3.012508,5492.3765
3483,3.0169976,5495.3936
3484,3.018845,5498.4126
3485,3.0190759,5501.4316
3486,3.0194478,5504.451
3487,3.0200648,5507.471
3488,3.0204995,5510.4917
3489,3.0220077,5513.5137
3490,3.022943,5516.5366
3491,3.0227056,5519.5596
3492,3.0233612,5522.583
3493,3.0249872,5525.608
3494,3.0273736,5528.6353
3495,3.030181,5531.6655
3496,3.0329006,5534.698
3497,3.035222,5537.7334
3498,3.037793,5540.771
3499,3.0381548,5543.809
3500,3.0374463,5546.8467
3501,3.0376046,5549.8843
3502,3.0388353,5552.9233
3503,3.0422254,5555.9653
3504,3.044509,5559.01
3505,3.0457382,5562.0557
3506,3.0459878,5565.1016
3507,3.0443606,5568.146
3508,3.0432327,5571.1895
3509,3.042111,5574.2314
3510,3.0412884,5577.273
3511,3.040206,5580.313
3512,3.0398989,5583.353
3513,3.038463,5586.3916
3514,3.0367424,5589.428
3515,3.0341017,5592.4624
3516,3.0311956,5595.4937
3517,3.0290232,5598.5225
3518,3.0284157,5601.551
3519,3.0281463,5604.579
3520,3.028266,5607.6074
3521,3.029055,5610.6367
3522,3.0275104,5613.664
3523,3.0247138,5616.689
3524,3.0224757,5619.7114
3525,3.0184891,5622.73
3526,3.0146768,5625.7446
3527,3.0125244,5628.7573
3528,3.0130594,5631.7705
3529,3.0156887,5634.786
3530,3.0199294,5637.806
3531,3.024499,5640.8306
3532,3.0269186,5643.8574
3533,3.0277874,5646.8853
3534,3.02764,5649.913
3535,3.0278707,5652.941
3536,3.0290947,5655.97
3537,3.0314736,5659.0015
3538,3.0330765,5662.0347
3539,3.0331511,5665.068
3540,3.0335999,5668.1016
3541,3.0327063,5671.1343
3542,3.0331693,5674.1675
3543,3.034034,5677.2017
3544,3.0351899,5680.237
3545,3.0355291,5683.2725
3546,3.0358975,5686.3086
3547,3.0350363,5689.3438
3548,3.0347586,5692.3784
3549,3.0356853,5695.414
3550,3.0380101,5698.452
3551,3.0412545,5701.493
3552,3.0431664,5704.536
3553,3.0439115,5707.58
3554,3.0426831,5710.6226
3555,3.039393,5713.662
3556,3.0365343,5716.6987
3557,3.033355,5719.732
3558,3.0323377,5722.764
3559,3.0317535,5725.796
3560,3.0312397,5728.827
3561,3.031473,5731.8584
3562,3.0318272,5734.89
3563,3.031983,5737.9224
3564,3.032991,5740.9556
3565,3.0335076,5743.9893
3566,3.0322428,5747.0215
3567,3.0293581,5750.051
3568,3.0263672,5753.077
3569,3.0246515,5756.1016
3570,3.0230825,5759.1245
3571,3.022034,5762.1465
3572,3.0220885,5765.1685
3573,3.022581,5768.191
3574,3.0228567,5771.214
3575,3.024055,5774.238
3576,3.023706,5777.2617
3577,3.022909,5780.2847
3578,3.0220234,5783.3066
3579,3.0213835,5786.328
3580,3.0212653,5789.3496
3581,3.0210063,5792.3706
3582,3.021417,5795.392
3583,3.0220728,5798.414
3584,3.021414,5801.4355
3585,3.0202844,5804.456
3586,3.019526,5807.4756
3587,3.01872,5810.494
3588,3.0194821,5813.5137
3589,3.021201,5816.5347
3590,3.0236926,5819.5586
3591,3.0253785,5822.584
3592,3.0252426,5825.6094
3593,3.0244014,5828.634
3594,3.0235622,5831.657
3595,3.0233035,5834.6807
3596,3.022529,5837.703
3597,3.0224495,5840.7256
3598,3.021671,5843.747
3599,3.0205863,5846.7676
3600,3.0200717,5849.7876
3601,3.0193837,5852.807
3602,3.018759,5855.8257
3603,3.0173373,5858.8433
3604,3.0167596,5861.86
3605,3.0161698,5864.876
3606,3.0149684,5867.891
3607,3.0150647,5870.9062
3608,3.0154321,5873.922
3609,3.0154114,5876.9375
3610,3.014324,5879.9517
3611,3.0121322,5882.964
3612,3.0116034,5885.9756
3613,3.0123036,5888.988
3614,3.0125492,5892.0005
3615,3.0132167,5895.0137
3616,3.0132873,5898.027
3617,3.0127707,5901.0396
3618,3.0109558,5904.0503
3619,3.0094204,5907.0596
3620,3.0096743,5910.0693
3621,3.011159,5913.0806
3622,3.013808,5916.094
3623,3.017655,5919.112
3624,3.02025,5922.132
3625,3.0227172,5925.155
3626,3.023475,5928.178
3627,3.0235791,5931.2017
3628,3.0231884,5934.2246
3629,3.0205672,5937.245
3630,3.0186377,5940.2637
3631,3.01732,5943.281
3632,3.0170267,5946.298
3633,3.0166125,5949.3145
3634,3.016536,5952.331
3635,3.017467,5955.3486
3636,3.0186763,5958.367
3637,3.018676,5961.3857
3638,3.0176935,5964.4033
3639,3.014907,5967.4185
3640,3.012533,5970.431
3641,3.0104125,5973.4414
3642,3.0099032,5976.451
3643,3.0099478,5979.461
3644,3.0108507,5982.4717
3645,3.012645,5985.4844
3646,3.0145593,5988.499
3647,3.0152943,5991.514
3648,3.0141556,5994.5283
3649,3.011615,5997.54
3650,3.0097318,6000.55
3651,3.0084786,6003.558
3652,3.0088232,6006.567
3653,3.0110433,6009.578
3654,3.0133286,6012.5913
3655,3.0160735,6015.6074
3656,3.0171435,6018.6245
3657,3.0190358,6021.6436
3658,3.0186412,6024.662
3659,3.0177617,6027.6797
3660,3.0164092,6030.6963
3661,3.015112,6033.7114
3662,3.0144587,6036.726
3663,3.0139618,6039.74
3664,3.0141149,6042.7544
3665,3.0149384,6045.7695
3666,3.0153854,6048.785
3667,3.0155334,6051.801
3668,3.0141327,6054.815
3669,3.0132108,6057.828
3670,3.0122266,6060.8403
3671,3.01194,6063.852
3672,3.0110636,6066.8633
3673,3.0092816,6069.8726
3674,3.0078537,6072.8804
3675,3.0056489,6075.886
3676,3.0040307,6078.89
3677,3.0039897,6081.894
3678,3.0061016,6084.9
3679,3.0091696,6087.909
3680,3.0102487,6090.9194
3681,3.0088732,6093.928
3682,3.0075116,6096.9355
3683,3.0063033,6099.942
3684,3.0055602,6102.9473
3685,3.0030224,6105.95
3686,2.999591,6108.9497
3687,2.9955995,6111.9453
3688,2.9944384,6114.94
3689,2.9951217,6117.935
3690,2.9954898,6120.9307
3691,2.9966168,6123.9272
3692,2.9983196,6126.926
3693,2.9998567,6129.926
3694,3.0008283,6132.927
3695,3.0013864,6135.928
3696,3.0008838,6138.929
3697,3.000389,6141.9297
3698,3.000444,6144.93
3699,2.9994097,6147.9297
3700,2.998518,6150.928
3701,2.9980159,6153.9263
3702,2.9991596,6156.9253
3703,3.0004883,6159.926
3704,3.00096,6162.927
3705,3.001318,6165.928
3706,3.0021389,6168.93
3707,3.0025322,6171.9326
3708,3.0019088,6174.9346
3709,3.0029564,6177.9375
3710,3.0038314,6180.9414
3711,3.0030007,6183.9443
3712,3.0018802,6186.9463
3713,3.0007029,6189.947
3714,3.0002136,6192.947
3715,2.9993503,6195.9463
3716,3.0002534,6198.947
3717,3.0012627,6201.948
3718,3.0023828,6204.9507
3719,3.0027022,6207.9536
3720,3.0036387,6210.957
3721,3.004704,6213.962
3722,3.0045862,6216.9663
3723,3.0044856,6219.9707
3724,3.0059657,6222.9766
3725,3.0092752,6225.986
3726,3.0116265,6228.9976
3727,3.012123,6232.01
3728,3.011436,6235.021
3729,3.0119693,6238.033
3730,3.0126839,6241.046
3731,3.0129354,6244.0586
3732,3.0132723,6247.072
3733,3.0130894,6250.085
3734,3.0145974,6253.0996
3735,3.0147243,6256.1143
3736,3.0168686,6259.1313
3737,3.0192592,6262.1504
3738,3.0203693,6265.171
3739,3.0209763,6268.192
3740,3.0208602,6271.213
3741,3.0202007,6274.233
3742,3.0195045,6277.2524
3743,3.019723,6280.272
3744,3.0194817,6283.2915
3745,3.0192075,6286.3105
3746,3.0179973,6289.3286
3747,3.0173297,6292.3457
3748,3.0172298,6295.363
3749,3.0150912,6298.378
3750,3.0135682,6301.3916
3751,3.0132005,6304.405
3752,3.0135994,6307.4185
3753,3.0134957,6310.432
3754,3.0132782,6313.4453
3755,3.013431,6316.459
3756,3.0135334,6319.4727
3757,3.0136104,6322.4863
3758,3.0130756,6325.4995
3759,3.012624,6328.512
3760,3.0122247,6331.5244
3761,3.011976,6334.5366
3762,3.0127819,6337.5493
3763,3.014534,6340.564
3764,3.0150468,6343.579
3765,3.0163558,6346.595
3766,3.01601,6349.6113
3767,3.0153263,6352.6265
3768,3.0142431,6355.6406
3769,3.012798,6358.6533
3770,3.0110378,6361.6646
3771,3.0092604,6364.674
3772,3.0091012,6367.683
3773,3.008672,6370.692
3774,3.0079591,6373.6997
3775,3.007493,6376.707
3776,3.0068676,6379.714
3777,3.00612,6382.72
3778,3.004696,6385.725
3779,3.0042484,6388.7295
3780,3.0052822,6391.735
3781,3.0056336,6394.7407
3782,3.0048308,6397.7456
3783,3.002853,6400.7485
3784,3.0018077,6403.7505
3785,3.0014927,6406.752
3786,3.0008647,6409.753
3787,2.9996414,6412.7524
3788,2.9994488,6415.752
3789,3.0010464,6418.753
3790,3.003092,6421.756
3791,3.0056696,6424.7617
3792,3.007878,6427.7695
3793,3.0098927,6430.7793
3794,3.0108902,6433.79
3795,3.0107646,6436.801
3796,3.0110672,6439.812
3797,3.0125084,6442.8247
3798,3.0130649,6445.838
3799,3.0128462,6448.8506
3800,3.0122898,6451.863
3801,3.0119672,6454.875
3802,3.0119061,6457.8867
3803,3.0126781,6460.8994
3804,3.0136528,6463.913
3805,3.0148516,6466.9277
3806,3.0159576,6469.944
3807,3.0175416,6472.9614
3808,3.0176919,6475.979
3809,3.01847,6478.9976
3810,3.0190003,6482.0166
3811,3.0183022,6485.0347
3812,3.017098,6488.052
3813,3.0161443,6491.068
3814,3.0154421,6494.0835
3815,3.0147378,6497.098
3816,3.0136096,6500.112
3817,3.0118773,6503.1235
3818,3.0094528,6506.133
3819,3.0060763,6509.1387
3820,3.003501,6512.142
3821,3.0028057,6515.145
3822,3.0036244,6518.1484
3823,3.0058835,6521.1543
3824,3.0067532,6524.161
3825,3.0069416,6527.168
3826,3.0059228,6530.174
3827,3.0050967,6533.1787
3828,3.0042758,6536.183
3829,3.0035415,6539.1865
3830,3.0018227,6542.1885
3831,2.9992788,6545.188
3832,2.997995,6548.186
3833,2.996969,6551.183
3834,2.9958262,6554.1787
3835,2.9942534,6557.173
3836,2.9950674,6560.168
3837,2.9977365,6563.1655
3838,3.000096,6566.1655
3839,3.0018163,6569.1675
3840,3.0022502,6572.17
3841,3.0027988,6575.173
3842,3.0028975,6578.176
3843,3.003065,6581.1787
3844,3.0030968,6584.1816
3845,3.0020742,6587.1836
3846,3.0015225,6590.185
3847,2.9996262,6593.1846
3848,2.998261,6596.1826
3849,2.9972126,6599.1797
3850,2.9969847,6602.177
3851,2.9991074,6605.176
3852,3.001654,6608.1772
3853,3.0036047,6611.1807
3854,3.0051644,6614.186
3855,3.0062404,6617.1924
3856,3.0069516,6620.199
3857,3.0087285,6623.208
3858,3.0095313,6626.218
3859,3.009085,6629.227
3860,3.0094814,6632.2363
3861,3.0102704,6635.2466
3862,3.0109682,6638.2573
3863,3.0102637,6641.2676
3864,3.0106835,6644.2783
3865,3.0114205,6647.2896
3866,3.0132413,6650.3027
3867,3.0142431,6653.317
3868,3.0143814,6656.331
3869,3.0144336,6659.3457
3870,3.0142508,6662.36
3871,3.0156436,6665.3755
3872,3.017366,6668.393
3873,3.0173578,6671.4106
3874,3.0158474,6674.4263
3875,3.0139954,6677.4404
3876,3.0138226,6680.454
3877,3.013989,6683.4683
3878,3.0157602,6686.484
3879,3.0179806,6689.502
3880,3.0205376,6692.5225
3881,3.02242,6695.545
3882,3.0249126,6698.57
3883,3.0284383,6701.598
3884,3.0311742,6704.6294
3885,3.0325334,6707.662
3886,3.0330846,6710.6953
3887,3.0315175,6713.727
3888,3.0303001,6716.7573
3889,3.0302572,6719.7876
3890,3.0313547,6722.819
3891,3.0341246,6725.853
3892,3.0353153,6728.888
3893,3.035128,6731.9233
3894,3.0336533,6734.957
3895,3.0331314,6737.99
3896,3.0340784,6741.0244
3897,3.035505,6744.06
3898,3.0359066,6747.096
3899,3.0367432,6750.133
3900,3.0365224,6753.1694
3901,3.0367029,6756.206
3902,3.0380034,6759.244
3903,3.0395813,6762.2837
3904,3.0414658,6765.325
3905,3.0425005,6768.3677
3906,3.0410912,6771.4087
3907,3.037589,6774.4463
3908,3.0348516,6777.481
3909,3.0311801,6780.512
3910,3.0294018,6783.5415
3911,3.0294032,6786.571
3912,3.0285954,6789.5996
3913,3.027392,6792.627
3914,3.0253768,6795.6523
3915,3.023012,6798.6753
3916,3.0224233,6801.6978
3917,3.0229363,6804.7207
3918,3.0239468,6807.7446
3919,3.02599,6810.7705
3920,3.0263846,6813.797
3921,3.0258412,6816.8228
3922,3.0247698,6819.8477
3923,3.022449,6822.87
3924,3.019336,6825.8896
3925,3.0148401,6828.9043
3926,3.0107863,6831.915
3927,3.0069296,6834.922
3928,3.0053868,6837.9272
3929,3.0052164,6840.9326
3930,3.0055203,6843.938
3931,3.0053713,6846.9434
3932,3.0048218,6849.948
3933,3.002939,6852.951
3934,3.003135,6855.954
3935,3.0048108,6858.959
3936,3.0073254,6861.9663
3937,3.0096145,6864.976
3938,3.0103085,6867.9863
3939,3.0101988,6870.9966
3940,3.0103874,6874.007
3941,3.0107021,6877.0176
3942,3.0108511,6880.0283
3943,3.0124054,6883.0405
3944,3.0130346,6886.0537
3945,3.0124118,6889.066
3946,3.0120976,6892.078
3947,3.0141008,6895.0923
3948,3.0165622,6898.109
3949,3.0186434,6901.1274
3950,3.0188837,6904.1465
3951,3.0176477,6907.164
3952,3.0152764,6910.179
3953,3.013498,6913.193
3954,3.0135367,6916.2065
3955,3.016616,6919.223
3956,3.0195198,6922.2427
3957,3.0209417,6925.2637
3958,3.0203936,6928.284
3959,3.019494,6931.3037
3960,3.020043,6934.3237
3961,3.02088,6937.3447
3962,3.0213776,6940.366
3963,3.0212352,6943.387
3964,3.0204875,6946.4077
3965,3.0200908,6949.4277
3966,3.0201278,6952.4478
3967,3.0195384,6955.4673
3968,3.0185008,6958.486
3969,3.0155225,6961.5015
3970,3.0135067,6964.515
3971,3.0124354,6967.5273
3972,3.0126956,6970.54
3973,3.01241,6973.5522
3974,3.0113955,6976.5635
3975,3.0118718,6979.575
3976,3.012278,6982.5874
3977,3.0130258,6985.6006
3978,3.0141459,6988.6147
3979,3.0142343,6991.629
3980,3.0147884,6994.6436
3981,3.0141916,6997.6577
3982,3.0142872,7000.672
3983,3.013991,7003.686
3984,3.0144227,7006.7007
3985,3.015752,7009.7163
3986,3.0168886,7012.7334
3987,3.0190065,7015.7524
3988,3.0195398,7018.772
3989,3.0212593,7021.7935
3990,3.023778,7024.8174
3991,3.0265992,7027.8438
3992,3.0285115,7030.872
3993,3.0299926,7033.902
3994,3.0319116,7036.9336
3995,3.0327241,7039.9663
3996,3.0339427,7043.0005
3997,3.0341692,7046.0347
3998,3.0336368,7049.0684
3999,3.032931,7052.101
4000,3.0311291,7055.1323
4001,3.0304766,7058.1626
4002,3.0298767,7061.1924
4003,3.030727,7064.223
4004,3.02944,7067.2524
4005,3.0261261,7070.279
4006,3.0239863,7073.3027
4007,3.0223675,7076.325
4008,3.0230432,7079.348
4009,3.0228517,7082.371
4010,3.022291,7085.3936
4011,3.022121,7088.4155
4012,3.0223682,7091.438
4013,3.023384,7094.4614
4014,3.024178,7097.486
4015,3.0248513,7100.5107
4016,3.02452,7103.535
4017,3.0234995,7106.5586
4018,3.0229323,7109.5815
4019,3.0232112,7112.605
4020,3.0237396,7115.629
4021,3.0259042,7118.655
4022,3.0272424,7121.682
4023,3.0280948,7124.7104
4024,3.0276806,7127.7383
4025,3.0274358,7130.7656
4026,3.026787,7133.7925
4027,3.025826,7136.8184
4028,3.0254548,7139.8438
4029,3.0263143,7142.87
4030,3.0279377,7145.898
4031,3.0291827,7148.9272
4032,3.0285988,7151.956
4033,3.0270488,7154.983
4034,3.0241454,7158.007
4035,3.021525,7161.0283
4036,3.020696,7164.049
4037,3.0210123,7167.07
4038,3.0211585,7170.091
4039,3.0212328,7173.112
4040,3.0208201,7176.133
4041,3.0206835,7179.1533
4042,3.0207698,7182.1743
4043,3.0186298,7185.193
4044,3.0166037,7188.2095
4045,3.0144641,7191.224
4046,3.0144556,7194.239
4047,3.0155022,7197.2544
4048,3.0166728,7200.271
4049,3.017493,7203.2886
4050,3.017624,7206.306
4051,3.0166378,7209.3228
4052,3.015133,7212.338
4053,3.0133107,7215.351
4054,3.0128708,7218.364
4055,3.014027,7221.378
4056,3.0139937,7224.392
4057,3.0110936,7227.4033
4058,3.0087001,7230.412
4059,3.0063317,7233.4185
4060,3.0052736,7236.424
4061,3.0054238,7239.429
4062,3.005569,7242.4346
4063,3.0050967,7245.4395
4064,3.0049329,7248.4443
4065,3.0042017,7251.4487
4066,3.0045679,7254.453
4067,3.0051677,7257.4585
4068,3.0062377,7260.465
4069,3.0070617,7263.4717
4070,3.0074127,7266.479
4071,3.0056775,7269.485
4072,3.0057976,7272.4907
4073,3.0055022,7275.496
4074,3.005533,7278.5015
4075,3.00628,7281.508
4076,3.008587,7284.5166
4077,3.011205,7287.528
4078,3.0123944,7290.54
4079,3.011764,7293.552
4080,3.0118835,7296.5635
4081,3.0141084,7299.5776
4082,3.0165615,7302.594
4083,3.0202916,7305.6147
4084,3.0211143,7308.6357
4085,3.021343,7311.657
4086,3.0221252,7314.679
4087,3.0210907,7317.7
4088,3.0195954,7320.7197
4089,3.0165095,7323.7363
4090,3.013399,7326.7495
4091,3.010187,7329.76
4092,3.0079749,7332.7676
4093,3.0065236,7335.774
4094,3.0063074,7338.7803
4095,3.0077035,7341.788
4096,3.0103421,7344.7983
4097,3.014209,7347.8125
4098,3.0167727,7350.829
4099,3.0181875,7353.847
4100,3.0184963,7356.8657
4101,3.019451,7359.8853
4102,3.0199828,7362.9053
4103,3.0197623,7365.925
4104,3.0191405,7368.944
4105,3.018095,7371.962
4106,3.0183346,7374.9805
4107,3.0199022,7378.0005
4108,3.020558,7381.021
4109,3.020214,7384.041
4110,3.0184286,7387.0596
4111,3.018895,7390.0786
4112,3.0202618,7393.0986
4113,3.0217662,7396.1206
4114,3.0226243,7399.143
4115,3.0238073,7402.167
4116,3.024207,7405.1914
4117,3.0242004,7408.216
4118,3.023287,7411.2393
4119,3.023057,7414.262
4120,3.022556,7417.2847
4121,3.0226965,7420.307
4122,3.0224514,7423.3296
4123,3.0217319,7426.3516
4124,3.0197723,7429.371
4125,3.0165644,7432.3877
4126,3.013614,7435.4014
4127,3.0116014,7438.413
4128,3.0110967,7441.4243
4129,3.0094552,7444.4336
4130,3.0078661,7447.4414
4131,3.007256,7450.4487
4132,3.0079646,7453.4565
4133,3.010465,7456.467
4134,3.0135236,7459.4805
4135,3.0163722,7462.497
4136,3.0174587,7465.5146
4137,3.0175872,7468.532
4138,3.0172472,7471.5493
4139,3.0171301,7474.5664
4140,3.0183945,7477.585
4141,3.0213196,7480.6064
4142,3.0250726,7483.6313
4143,3.0285923,7486.66
4144,3.0301843,7489.6904
4145,3.0301898,7492.7207
4146,3.0287263,7495.7495
4147,3.0270805,7498.7764
4148,3.0257308,7501.8022
4149,3.0253534,7504.8276
4150,3.0250115,7507.8525
4151,3.025613,7510.878
4152,3.026885,7513.905
4153,3.0269985,7516.9316
4154,3.0266185,7519.9585
4155,3.025523,7522.984
4156,3.024734,7526.009
4157,3.0238554,7529.0327
4158,3.0237834,7532.0566
4159,3.0244992,7535.081
4160,3.0236635,7538.1045
4161,3.0245824,7541.129
4162,3.0271955,7544.1562
4163,3.0307882,7547.187
4164,3.0328934,7550.2197
4165,3.03378,7553.2534
4166,3.0331268,7556.2866
4167,3.0314522,7559.318
4168,3.0298452,7562.3477
4169,3.0278096,7565.3755
4170,3.0263066,7568.402
4171,3.0245209,7571.4263
4172,3.0232756,7574.4497
4173,3.0225234,7577.472
4174,3.0229158,7580.495
4175,3.023719,7583.519
4176,3.0223749,7586.5415
4177,3.0194745,7589.561
4178,3.0180156,7592.579
4179,3.0180688,7595.597
4180,3.0184412,7598.6157
4181,3.0184746,7601.6343
4182,3.0165954,7604.651
4183,3.012149,7607.663
4184,3.0100098,7610.673
4185,3.009466,7613.682
4186,3.0105593,7616.693
4187,3.0119917,7619.705
4188,3.01288,7622.718
4189,3.0127392,7625.7305
4190,3.0130136,7628.7437
4191,3.0121396,7631.756
4192,3.0119472,7634.7676
4193,3.013038,7637.781
4194,3.0150592,7640.796
4195,3.0161486,7643.812
4196,3.0167973,7646.8286
4197,3.0170221,7649.8457
4198,3.0164993,7652.8623
4199,3.0150604,7655.8774
4200,3.0126987,7658.89
4201,3.0104482,7661.9004
4202,3.0103486,7664.9106
4203,3.0127847,7667.9233
4204,3.01429,7670.9375
4205,3.015246,7673.9526
4206,3.0156338,7676.9683
4207,3.0143678,7679.9824
4208,3.0132937,7682.9956
4209,3.012614,7686.0083
4210,3.0141506,7689.0225
4211,3.0155,7692.038
4212,3.0161269,7695.054
4213,3.0173357,7698.072
4214,3.0187047,7701.0903
4215,3.0198755,7704.1104
4216,3.0196986,7707.13
4217,3.0175948,7710.1475
4218,3.0166779,7713.164
4219,3.0167196,7716.1807
4220,3.0169237,7719.1978
4221,3.0170915,7722.215
4222,3.01651,7725.2314
4223,3.015449,7728.247
4224,3.0152924,7731.262
4225,3.0161679,7734.2783
4226,3.0173688,7737.296
4227,3.0186553,7740.3145
4228,3.0201466,7743.3345
4229,3.0219166,7746.3564
4230,3.0228207,7749.3794
4231,3.0249038,7752.4043
4232,3.0251575,7755.4297
4233,3.0238738,7758.4536
4234,3.0209854,7761.4746
4235,3.018509,7764.493
4236,3.0165136,7767.51
4237,3.0143158,7770.524
4238,3.0131366,7773.537
4239,3.014325,7776.5513
4240,3.0158887,7779.5674
4241,3.0182552,7782.5854
4242,3.0201209,7785.6055
4243,3.0197763,7788.6255
4244,3.0205994,7791.646
4245,3.0220711,7794.668
4246,3.023063,7797.691
4247,3.023433,7800.7144
4248,3.0238042,7803.7383
4249,3.0241964,7806.7627
4250,3.0244515,7809.787
4251,3.0254796,7812.8125
4252,3.0264695,7815.839
4253,3.0272713,7818.866
4254,3.0289247,7821.895
4255,3.0304177,7824.9253
4256,3.032303,7827.9575
4257,3.0342703,7830.9917
4258,3.0345645,7834.0264
4259,3.0333643,7837.0596
4260,3.032797,7840.0923
4261,3.0332015,7843.1255
4262,3.0342205,7846.1597
4263,3.0358844,7849.1953
4264,3.0368385,7852.232
4265,3.0368466,7855.2686
4266,3.0365822,7858.305
4267,3.035492,7861.341
4268,3.0338387,7864.3745
4269,3.032339,7867.4067
4270,3.030856,7870.4375
4271,3.028378,7873.466
4272,3.025065,7876.4907
4273,3.0219805,7879.5127
4274,3.0186396,7882.5312
4275,3.014601,7885.546
4276,3.0129068,7888.5586
4277,3.0121057,7891.571
4278,3.0128288,7894.5835
4279,3.0144892,7897.598
4280,3.0154788,7900.614
4281,3.0159836,7903.63
4282,3.0158556,7906.6455
4283,3.01635,7909.6616
4284,3.0170162,7912.6787
4285,3.016228,7915.695
4286,3.015194,7918.71
4287,3.014395,7921.724
4288,3.0126886,7924.737
4289,3.012834,7927.7495
4290,3.013103,7930.7627
4291,3.0126956,7933.7754
4292,3.011344,7936.7866
4293,3.0094807,7939.796
4294,3.009698,7942.8057
4295,3.0129082,7945.8184
4296,3.0160427,7948.8345
4297,3.0198345,7951.8545
4298,3.0217385,7954.8765
4299,3.0237153,7957.9004
4300,3.0236142,7960.924
4301,3.0230215,7963.947
4302,3.0216768,7966.9683
4303,3.0205214,7969.989
4304,3.0196712,7973.0083
4305,3.018532,7976.027
4306,3.0163007,7979.043
4307,3.0131645,7982.056
4308,3.0112839,7985.0674
4309,3.0110574,7988.0786
4310,3.0122235,7991.091
4311,3.014415,7994.1055
4312,3.017463,7997.123
4313,3.018906,8000.142
4314,3.0184,8003.1606
4315,3.0173128,8006.1777
4316,3.01785,8009.196
4317,3.0183694,8012.2144
4318,3.0195668,8015.234
4319,3.0190516,8018.253
4320,3.0189579,8021.272
4321,3.0200806,8024.292
4322,3.0212514,8027.3135
4323,3.0236218,8030.337
4324,3.024981,8033.362
4325,3.0251305,8036.3867
4326,3.023696,8039.4106
4327,3.0225344,8042.433
4328,3.020703,8045.4536
4329,3.0174978,8048.471
4330,3.0151882,8051.4863
4331,3.011147,8054.4976
4332,3.0083792,8057.506
4333,3.006166,8060.512
4334,3.0041573,8063.5166
4335,3.0011313,8066.5176
4336,2.9993443,8069.517
4337,2.9993753,8072.5166
4338,2.9996006,8075.516
4339,3.0006502,8078.5166
4340,3.001574,8081.518
4341,3.0033543,8084.5215
4342,3.0057716,8087.5273
4343,3.008025,8090.535
4344,3.0085604,8093.544
4345,3.0084321,8096.5522
4346,3.0079257,8099.56
4347,3.0080674,8102.5684
4348,3.0099022,8105.578
4349,3.0117526,8108.59
4350,3.0141397,8111.604
4351,3.015683,8114.6196
4352,3.0159216,8117.6357
4353,3.0155852,8120.6514
4354,3.0152397,8123.6665
4355,3.015029,8126.6816
4356,3.0139067,8129.6953
4357,3.0130434,8132.7085
4358,3.01362,8135.722
4359,3.013827,8138.736
4360,3.0141802,8141.75
4361,3.0149136,8144.765
4362,3.0165079,8147.7817
4363,3.0182757,8150.8
4364,3.0175786,8153.8174
4365,3.0137386,8156.831
4366,3.0105038,8159.842
4367,3.0080788,8162.85
4368,3.007705,8165.858
4369,3.0059514,8168.864
4370,3.00491,8171.8687
4371,3.0047286,8174.8735
4372,3.0064702,8177.88
4373,3.0095203,8180.889
4374,3.0122976,8183.9014
4375,3.0148811,8186.916
4376,3.015692,8189.9316
4377,3.0162113,8192.948
4378,3.0140321,8195.962
4379,3.0096755,8198.972
4380,3.0057683,8201.978
4381,3.0044374,8204.982
4382,3.0039563,8207.986
4383,3.0046375,8210.991
4384,3.0048935,8213.996
4385,3.0034888,8217.0
4386,3.0016267,8220.002
4387,3.000968,8223.003
4388,3.001235,8226.004
4389,3.0031576,8229.007
4390,3.004047,8232.011
4391,3.0052278,8235.016
4392,3.0060077,8238.021
4393,3.004941,8241.026
4394,3.0036554,8244.03
4395,3.0002205,8247.03
4396,2.9978468,8250.028
4397,2.9955676,8253.023
4398,2.9952834,8256.019
4399,2.9950316,8259.014
4400,2.9955623,8262.009
4401,2.9946098,8265.003
4402,2.993558,8267.996
4403,2.9938772,8270.99
4404,2.994746,8273.985
4405,2.995415,8276.98
4406,2.9959748,8279.977
4407,2.9983652,8282.975
4408,3.0012882,8285.976
4409,3.0046196,8288.98
4410,3.0066502,8291.987
4411,3.0067952,8294.994
4412,3.0074353,8298.002
4413,3.0078938,8301.01
4414,3.0087748,8304.019
4415,3.009403,8307.028
4416,3.0083003,8310.036
4417,3.006554,8313.043
4418,3.0054271,8316.049
4419,3.0054147,8319.055
4420,3.0064156,8322.062
4421,3.0088732,8325.07
4422,3.0114152,8328.082
4423,3.0127108,8331.095
4424,3.0144448,8334.109
4425,3.0157273,8337.125
4426,3.016873,8340.142
4427,3.0192494,8343.161
4428,3.0214257,8346.183
4429,3.0225005,8349.205
4430,3.022839,8352.228
4431,3.0226173,8355.25
4432,3.0234387,8358.273
4433,3.0250723,8361.299
4434,3.0271478,8364.326
4435,3.0303736,8367.356
4436,3.0323524,8370.389
4437,3.034724,8373.424
4438,3.0363533,8376.46
4439,3.0387378,8379.499
4440,3.0400395,8382.539
4441,3.0397713,8385.579
4442,3.0400023,8388.619
4443,3.04211,8391.661
4444,3.044234,8394.705
4445,3.0448532,8397.75
4446,3.0448887,8400.795
4447,3.0435884,8403.839
4448,3.0424092,8406.881
4449,3.0405672,8409.922
4450,3.0397809,8412.962
4451,3.0399163,8416.002
4452,3.0392492,8419.041
4453,3.0383282,8422.079
4454,3.036701,8425.116
4455,3.0342739,8428.15
4456,3.0316598,8431.182
4457,3.02913,8434.211
4458,3.0276666,8437.238
4459,3.0269454,8440.266
4460,3.0268786,8443.293
4461,3.025739,8446.318
4462,3.025066,8449.344
4463,3.025148,8452.369
4464,3.0252316,8455.395
4465,3.0256984,8458.42
4466,3.0261552,8461.446
4467,3.0274038,8464.474
4468,3.0286105,8467.502
4469,3.0298278,8470.532
4470,3.0300877,8473.5625
4471,3.0292928,8476.592
4472,3.0294201,8479.621
4473,3.0298347,8482.651
4474,3.0304234,8485.682
4475,3.0320194,8488.714
4476,3.0333211,8491.747
4477,3.0346222,8494.781
4478,3.0358214,8497.817
4479,3.0378053,8500.855
4480,3.0384204,8503.894
4481,3.0385988,8506.933
4482,3.0393033,8509.972
4483,3.040059,8513.012
4484,3.0403042,8516.052
4485,3.0398736,8519.092
4486,3.0401003,8522.132
4487,3.0406804,8525.173
4488,3.040311,8528.213
4489,3.0395966,8531.253
4490,3.0385334,8534.291
4491,3.0385973,8537.33
4492,3.0391116,8540.369
4493,3.0405636,8543.41
4494,3.040978,8546.451
4495,3.0415049,8549.493
4496,3.0423012,8552.535
4497,3.0431247,8555.578
4498,3.0430193,8558.621
4499,3.043207,8561.664
4500,3.042806,8564.707
4501,3.0409055,8567.748
4502,3.0397022,8570.788
4503,3.0378697,8573.826
4504,3.0353582,8576.861
4505,3.0327275,8579.895
4506,3.0312734,8582.926
4507,3.0302286,8585.956
4508,3.0286696,8588.984
4509,3.027233,8592.012
4510,3.0266793,8595.038
4511,3.0282824,8598.066
4512,3.0285766,8601.095
4513,3.0287278,8604.123
4514,3.029147,8607.152
4515,3.0298755,8610.183
4516,3.0302715,8613.213
4517,3.0301657,8616.243
4518,3.0290887,8619.272
4519,3.028022,8622.301
4520,3.0268025,8625.327
4521,3.025281,8628.353
4522,3.024033,8631.377
4523,3.023625,8634.4
4524,3.0236359,8637.424
4525,3.0232942,8640.447
4526,3.022484,8643.47
4527,3.0202563,8646.49
4528,3.0181377,8649.509
4529,3.0153284,8652.524
4530,3.0147915,8655.539
4531,3.0151253,8658.554
4532,3.0156822,8661.569
4533,3.015936,8664.585
4534,3.0159545,8667.601
4535,3.0155694,8670.616
4536,3.015795,8673.632
4537,3.0155282,8676.647
4538,3.0159793,8679.663
4539,3.0172365,8682.681
4540,3.0183558,8685.699
4541,3.019378,8688.719
4542,3.019757,8691.738
4543,3.0204024,8694.759
4544,3.0209568,8697.779
4545,3.019683,8700.799
4546,3.0188231,8703.817
4547,3.0180113,8706.835
4548,3.0166824,8709.852
4549,3.0147858,8712.866
4550,3.0133016,8715.88
4551,3.0121908,8718.892
4552,3.0124016,8721.904
4553,3.0120668,8724.916
4554,3.0132055,8727.93
4555,3.0161486,8730.946
4556,3.018461,8733.965
4557,3.020393,8736.985
4558,3.0201876,8740.006
4559,3.0189493,8743.024
4560,3.0175126,8746.042
4561,3.0165737,8749.059
4562,3.0160744,8752.074
4563,3.0168288,8755.091
4564,3.0169778,8758.107
4565,3.016923,8761.124
4566,3.0164413,8764.141
4567,3.01447,8767.155
4568,3.0135083,8770.169
4569,3.0136063,8773.183
4570,3.0138762,8776.196
4571,3.013985,8779.21
4572,3.0123706,8782.223
4573,3.0103242,8785.233
4574,3.0086641,8788.242
4575,3.0091083,8791.251
4576,3.0096047,8794.261
4577,3.0115914,8797.272
4578,3.0121558,8800.284
4579,3.0097888,8803.294
4580,3.0079668,8806.302
4581,3.0060534,8809.308
4582,3.0053124,8812.3125
4583,3.0062315,8815.318
4584,3.0080633,8818.326
4585,3.009027,8821.335
4586,3.0096045,8824.345
4587,3.0090647,8827.354
4588,3.0093248,8830.363
4589,3.009186,8833.372
4590,3.009977,8836.382
4591,3.011077,8839.393
4592,3.0119824,8842.404
4593,3.0131273,8845.417
4594,3.0137682,8848.431
4595,3.0143728,8851.445
4596,3.0145004,8854.46
4597,3.0160282,8857.476
4598,3.0179982,8860.493
4599,3.02031,8863.514
4600,3.0201874,8866.534
4601,3.0188098,8869.553
4602,3.0176754,8872.57
4603,3.0171738,8875.588
4604,3.0178585,8878.605
4605,3.019704,8881.625
4606,3.0200157,8884.645
4607,3.0194845,8887.664
4608,3.01839,8890.683
4609,3.016729,8893.699
4610,3.015923,8896.715
4611,3.015903,8899.73
4612,3.015163,8902.746
4613,3.0154767,8905.762
4614,3.016715,8908.778
4615,3.0160263,8911.794
4616,3.015804,8914.81
4617,3.0171793,8917.827
4618,3.0171227,8920.845
4619,3.0172045,8923.862
4620,3.016588,8926.879
4621,3.0148206,8929.894
4622,3.0135558,8932.907
4623,3.0132685,8935.921
4624,3.012158,8938.933
4625,3.0116699,8941.944
4626,3.011697,8944.956
4627,3.0108173,8947.967
4628,3.0100331,8950.977
4629,3.0070138,8953.983
4630,3.0058687,8956.989
4631,3.0053673,8959.994
4632,3.0050237,8962.999
4633,3.0056336,8966.005
4634,3.0068707,8969.012
4635,3.0085595,8972.0205
4636,3.0085921,8975.029
4637,3.0092404,8978.038
4638,3.009165,8981.047
4639,3.0088677,8984.056
4640,3.0092525,8987.064
4641,3.0094016,8990.074
4642,3.0086055,8993.083
4643,3.0084484,8996.092
4644,3.0091503,8999.101
4645,3.0115697,9002.112
4646,3.0125182,9005.125
4647,3.0119917,9008.137
4648,3.0100026,9011.146
4649,3.006758,9014.153
4650,3.0058131,9017.159
4651,3.0077205,9020.167
4652,3.008545,9023.176
4653,3.0076036,9026.184
4654,3.0070431,9029.19
4655,3.004213,9032.194
4656,3.003623,9035.198
4657,3.0045044,9038.203
4658,3.0056036,9041.209
4659,3.005685,9044.215
4660,3.005366,9047.22
4661,3.0049028,9050.225
4662,3.0049422,9053.2295
4663,3.0059166,9056.235
4664,3.0069885,9059.242
4665,3.0068715,9062.249
4666,3.0058868,9065.255
4667,3.0049121,9068.26
4668,3.0045962,9071.265
4669,3.0044045,9074.27
4670,3.0047958,9077.274
4671,3.0049956,9080.279
4672,3.0059679,9083.285
4673,3.0061178,9086.291
4674,3.0066466,9089.298
4675,3.007499,9092.306
4676,3.0079663,9095.313
4677,3.0096514,9098.323
4678,3.0110338,9101.334
4679,3.0117357,9104.346
4680,3.0111947,9107.356
4681,3.0097048,9110.366
4682,3.008546,9113.375
4683,3.008239,9116.383
4684,3.0091774,9119.392
4685,3.0125198,9122.404
4686,3.0153606,9125.42
4687,3.0178356,9128.4375
4688,3.018164,9131.456
4689,3.0173573,9134.474
4690,3.0177157,9137.491
4691,3.0184877,9140.51
4692,3.0197647,9143.529
4693,3.0209746,9146.55
4694,3.02051,9149.57
4695,3.019293,9152.59
4696,3.0194376,9155.609
4697,3.0203085,9158.63
4698,3.0201595,9161.65
4699,3.0189662,9164.669
4700,3.0163782,9167.686
4701,3.0132406,9170.699
4702,3.0114958,9173.711
4703,3.0090075,9176.72
4704,3.0085866,9179.729
4705,3.0094647,9182.738
4706,3.0104167,9185.749
4707,3.0114915,9188.761
4708,3.0125933,9191.773
4709,3.013576,9194.787
4710,3.0143502,9197.802
4711,3.0162027,9200.818
4712,3.0182047,9203.837
4713,3.0187504,9206.855
4714,3.0175095,9209.873
4715,3.0160155,9212.889
4716,3.0144546,9215.903
4717,3.014897,9218.918
4718,3.0149662,9221.933
4719,3.0153465,9224.948
4720,3.0146632,9227.963
4721,3.0138545,9230.977
4722,3.0135622,9233.99
4723,3.01395,9237.004
4724,3.015469,9240.02
4725,3.0173955,9243.037
4726,3.0176907,9246.055
4727,3.0192616,9249.074
4728,3.0201125,9252.095
4729,3.0200067,9255.114
4730,3.0190537,9258.134
4731,3.01734,9261.151
4732,3.0171366,9264.169
4733,3.0183597,9267.1875
4734,3.019754,9270.207
4735,3.019594,9273.227
4736,3.0184069,9276.245
4737,3.0161633,9279.262
4738,3.0138953,9282.275
4739,3.0119894,9285.287
4740,3.011445,9288.299
4741,3.011601,9291.311
4742,3.0118868,9294.322
4743,3.0114229,9297.334
4744,3.0109377,9300.345
4745,3.010362,9303.355
4746,3.0106876,9306.366
4747,3.0110235,9309.377
4748,3.0117462,9312.389
4749,3.0139928,9315.402
4750,3.0150673,9318.417
4751,3.016715,9321.434
4752,3.0170712,9324.45
4753,3.0160522,9327.466
4754,3.0146446,9330.48
4755,3.0138605,9333.494
4756,3.013554,9336.508
4757,3.0135334,9339.521
4758,3.0141768,9342.536
4759,3.0165284,9345.553
4760,3.0186112,9348.571
4761,3.0205636,9351.592
4762,3.021341,9354.613
4763,3.021522,9357.635
4764,3.0217335,9360.656
4765,3.0222456,9363.679
4766,3.0230713,9366.702
4767,3.0236669,9369.726
4768,3.0245197,9372.75
4769,3.0257065,9375.775
4770,3.0261862,9378.802
4771,3.0264373,9381.828
4772,3.0258462,9384.854
4773,3.0241022,9387.878
4774,3.0218391,9390.899
4775,3.0191565,9393.919
4776,3.0170789,9396.936
4777,3.0140524,9399.949
4778,3.0136194,9402.963
4779,3.012441,9405.976
4780,3.011796,9408.987
4781,3.0114977,9411.999
4782,3.0116985,9415.011
4783,3.0112457,9418.022
4784,3.011389,9421.034
4785,3.0117128,9424.046
4786,3.0120091,9427.058
4787,3.0125868,9430.07
4788,3.0124278,9433.083
4789,3.0129266,9436.096
4790,3.0155263,9439.111
4791,3.0176575,9442.129
4792,3.017778,9445.146
4793,3.0150943,9448.161
4794,3.0127718,9451.174
4795,3.0117788,9454.186
4796,3.01393,9457.199
4797,3.0169246,9460.216
4798,3.0197377,9463.235
4799,3.022702,9466.258
4800,3.0243056,9469.282
4801,3.0253584,9472.308
4802,3.0262322,9475.334
4803,3.0281427,9478.362
4804,3.0288174,9481.392
4805,3.0288613,9484.421
4806,3.0291703,9487.45
4807,3.0301743,9490.48
4808,3.0309093,9493.512
4809,3.0312276,9496.543
4810,3.0317712,9499.575
4811,3.0336535,9502.608
4812,3.0345654,9505.643
4813,3.0358803,9508.679
4814,3.0367937,9511.716
4815,3.0375576,9514.753
4816,3.0371459,9517.79
4817,3.036271,9520.826
4818,3.0360901,9523.862
4819,3.0361638,9526.898
4820,3.035565,9529.934
4821,3.0349224,9532.969
4822,3.033613,9536.002
4823,3.031819,9539.034
4824,3.0291998,9542.063
4825,3.026909,9545.091
4826,3.0249841,9548.116
4827,3.0226266,9551.139
4828,3.022349,9554.161
4829,3.022977,9557.185
4830,3.022724,9560.207
4831,3.0217645,9563.229
4832,3.0215104,9566.25
4833,3.020619,9569.2705
4834,3.0205483,9572.291
4835,3.0211296,9575.3125
4836,3.0216265,9578.334
4837,3.0230243,9581.357
4838,3.0221639,9584.38
4839,3.0192916,9587.399
4840,3.0163379,9590.416
4841,3.012809,9593.429
4842,3.0114703,9596.44
4843,3.010581,9599.451
4844,3.0094998,9602.461
4845,3.0075622,9605.469
4846,3.0059893,9608.475
4847,3.0049994,9611.4795
4848,3.005188,9614.484
4849,3.0070071,9617.491
4850,3.0094473,9620.501
4851,3.0118396,9623.513
4852,3.0119798,9626.524
4853,3.0114696,9629.536
4854,3.0101078,9632.546
4855,3.0101113,9635.556
4856,3.0110683,9638.566
4857,3.012952,9641.579
4858,3.0133612,9644.593
4859,3.013922,9647.606
4860,3.0146346,9650.621
4861,3.0161395,9653.638
4862,3.0174124,9656.655
4863,3.0184155,9659.674
4864,3.0191443,9662.693
4865,3.0210626,9665.715
4866,3.0220082,9668.737
4867,3.0232196,9671.761
4868,3.0246592,9674.785
4869,3.026685,9677.812
4870,3.0271242,9680.839
4871,3.0261345,9683.865
4872,3.0230803,9686.889
4873,3.0211792,9689.91
4874,3.0207362,9692.931
4875,3.0205815,9695.951
4876,3.020204,9698.972
4877,3.0204632,9701.992
4878,3.0204124,9705.013
4879,3.019015,9708.031
4880,3.0178745,9711.049
4881,3.0156362,9714.064
4882,3.0140097,9717.078
4883,3.0122085,9720.091
4884,3.010971,9723.102
4885,3.0089695,9726.11
4886,3.006727,9729.117
4887,3.0032408,9732.12
4888,3.0018861,9735.122
4889,3.0009317,9738.123
4890,3.0012448,9741.124
4891,3.002957,9744.127
4892,3.0046458,9747.132
4893,3.0074773,9750.14
4894,3.009694,9753.149
4895,3.0120306,9756.161
4896,3.0124938,9759.174
4897,3.0124114,9762.187
4898,3.0121841,9765.198
4899,3.0132449,9768.212
4900,3.0146859,9771.227
4901,3.016629,9774.243
4902,3.0172517,9777.261
4903,3.0157292,9780.276
4904,3.0156002,9783.292
4905,3.0151825,9786.308
4906,3.0149596,9789.322
4907,3.0136724,9792.336
4908,3.0126715,9795.349
4909,3.0115275,9798.36
4910,3.0108693,9801.371
4911,3.01013,9804.381
4912,3.010286,9807.392
4913,3.010857,9810.402
4914,3.0115983,9813.414
4915,3.012568,9816.427
4916,3.0128307,9819.439
4917,3.0143654,9822.454
4918,3.0146768,9825.469
4919,3.0129626,9828.481
4920,3.0112698,9831.493
4921,3.0105276,9834.504
4922,3.0108817,9837.515
4923,3.0114388,9840.526
4924,3.0125787,9843.539
4925,3.0142174,9846.554
4926,3.0154746,9849.569
4927,3.0151534,9852.585
4928,3.0150006,9855.6
4929,3.0139132,9858.613
4930,3.0133648,9861.627
4931,3.014291,9864.642
4932,3.0156798,9867.657
4933,3.0184307,9870.676
4934,3.019725,9873.695
4935,3.019978,9876.715
4936,3.0203278,9879.735
4937,3.0201125,9882.756
4938,3.019843,9885.775
4939,3.0189428,9888.794
4940,3.0188425,9891.8125
4941,3.0165224,9894.829
4942,3.0144336,9897.844
4943,3.0133822,9900.857
4944,3.0136395,9903.871
4945,3.0131927,9906.885
4946,3.0124884,9909.897
4947,3.0131335,9912.91
4948,3.0135152,9915.924
4949,3.0143414,9918.938
4950,3.0149164,9921.953
4951,3.0150816,9924.968
4952,3.0161552,9927.984
4953,3.0182855,9931.003
4954,3.0195456,9934.022
4955,3.0211537,9937.044
4956,3.0218127,9940.065
4957,3.023453,9943.089
4958,3.0242221,9946.113
4959,3.0257852,9949.139
4960,3.0277574,9952.166
4961,3.029501,9955.195
4962,3.030048,9958.226
4963,3.0298624,9961.256
4964,3.0291784,9964.285
4965,3.027947,9967.313
4966,3.0256433,9970.339
4967,3.0237365,9973.362
4968,3.021102,9976.384
4969,3.0186083,9979.402
4970,3.0163956,9982.419
4971,3.0138412,9985.433
4972,3.010895,9988.443
4973,3.008321,9991.452
4974,3.0084183,9994.461
4975,3.0099819,9997.471
4976,3.0108309,10000.481
4977,3.0106618,10003.492
4978,3.010837,10006.503
4979,3.011437,10009.515
4980,3.0122037,10012.526
4981,3.0114403,10015.538
4982,3.0094426,10018.548
4983,3.0072358,10021.555
4984,3.0061634,10024.561
4985,3.0080075,10027.568
4986,3.0101976,10030.578
4987,3.0126061,10033.591
4988,3.0139663,10036.6045
4989,3.0137615,10039.618
4990,3.0145266,10042.633
4991,3.015793,10045.648
4992,3.0169291,10048.665
4993,3.0152295,10051.681
4994,3.0141497,10054.694
4995,3.013439,10057.708
4996,3.0139043,10060.722
4997,3.0160823,10063.737
4998,3.0168185,10066.754
4999,3.016466,10069.7705
5000,3.0148804,10072.785
5001,3.012636,10075.798
5002,3.011049,10078.809
5003,3.0110364,10081.819
5004,3.0111065,10084.83
5005,3.0124028,10087.843
5006,3.0138946,10090.856
5007,3.0167115,10093.873
5008,3.019152,10096.893
5009,3.0199935,10099.912
5010,3.0201488,10102.933
5011,3.0196495,10105.952
5012,3.01818,10108.971
5013,3.016481,10111.987
5014,3.0155275,10115.003
5015,3.0153165,10118.019
5016,3.0154474,10121.034
5017,3.0153592,10124.05
5018,3.0151238,10127.064
5019,3.014663,10130.079
5020,3.016067,10133.095
5021,3.019272,10136.114
5022,3.0207422,10139.135
5023,3.021321,10142.156
5024,3.0211644,10145.178
5025,3.020345,10148.198
5026,3.019874,10151.218
5027,3.0196264,10154.237
5028,3.0181057,10157.256
5029,3.0144038,10160.2705
5030,3.0117397,10163.282
5031,3.009224,10166.291
5032,3.007799,10169.299
5033,3.007896,10172.307
5034,3.008551,10175.315
5035,3.0089865,10178.324
5036,3.0103033,10181.335
5037,3.0120406,10184.347
5038,3.0132823,10187.36
5039,3.013768,10190.374
5040,3.0130653,10193.387
5041,3.0113127,10196.398
5042,3.011013,10199.409
5043,3.011391,10202.421
5044,3.011531,10205.433
5045,3.010856,10208.443
5046,3.0094647,10211.453
5047,3.008072,10214.461
5048,3.0071518,10217.468
5049,3.0054004,10220.474
5050,3.0055761,10223.4795
5051,3.006535,10226.486
5052,3.0079312,10229.494
5053,3.0103104,10232.505
5054,3.0115356,10235.517
5055,3.0123131,10238.529
5056,3.0121956,10241.541
5057,3.0127838,10244.554
5058,3.0139587,10247.567
5059,3.0156295,10250.583
5060,3.0161316,10253.6
5061,3.0161028,10256.615
5062,3.016401,10259.632
5063,3.0164044,10262.648
5064,3.0165126,10265.665
5065,3.0162556,10268.682
5066,3.0161955,10271.698
5067,3.0164156,10274.715
5068,3.0174878,10277.732
5069,3.0167334,10280.749
5070,3.014264,10283.764
5071,3.0116153,10286.775
5072,3.0120053,10289.787
5073,3.012424,10292.8
5074,3.0127318,10295.8125
5075,3.0141702,10298.827
5076,3.016608,10301.844
5077,3.0192153,10304.863
5078,3.0209045,10307.884
5079,3.0233357,10310.907
5080,3.0255313,10313.933
5081,3.0283468,10316.961
5082,3.0295763,10319.99
5083,3.0313244,10323.021
5084,3.0322082,10326.054
5085,3.0323372,10329.086
5086,3.0321028,10332.118
5087,3.0317414,10335.15
5088,3.032391,10338.183
5089,3.0337005,10341.217
5090,3.0356607,10344.253
5091,3.037287,10347.29
5092,3.03734,10350.327
5093,3.0367498,10353.364
5094,3.0364392,10356.4
5095,3.0361605,10359.437
5096,3.0356326,10362.472
5097,3.0347035,10365.507
5098,3.0345616,10368.541
5099,3.034809,10371.576
5100,3.0359933,10374.612
5101,3.0371466,10377.649
5102,3.0370584,10380.687
5103,3.0348282,10383.722
5104,3.0336154,10386.755
5105,3.0330822,10389.788
5106,3.0322347,10392.82
5107,3.0334725,10395.854
5108,3.0329232,10398.887
5109,3.0340111,10401.921
5110,3.0331151,10404.954
5111,3.0316348,10407.985
5112,3.0300171,10411.016
5113,3.0266836,10414.042
5114,3.023392,10417.065
5115,3.0196278,10420.085
5116,3.0155237,10423.101
5117,3.0117145,10426.112
5118,3.0097704,10429.122
5119,3.0069973,10432.129
5120,3.0041873,10435.133
5121,3.000287,10438.133
5122,2.9980214,10441.131
5123,2.9964108,10444.127
5124,2.9961267,10447.123
5125,2.9972806,10450.12
5126,2.9986544,10453.119
5127,2.999621,10456.119
5128,3.0006745,10459.12
5129,3.0011377,10462.121
5130,3.0013127,10465.122
5131,3.0020137,10468.124
5132,3.002189,10471.126
5133,3.0008845,10474.127
5134,2.9995444,10477.127
5135,2.9984627,10480.125
5136,2.9972453,10483.122
5137,2.9972723,10486.119
5138,2.9990294,10489.118
5139,3.0022736,10492.12
5140,3.003869,10495.124
5141,3.0052795,10498.129
5142,3.0069482,10501.136
5143,3.0083566,10504.145
5144,3.007286,10507.151
5145,3.0056589,10510.157
5146,3.0035355,10513.161
5147,3.0017297,10516.163
5148,3.0000985,10519.163
5149,2.997355,10522.16
5150,2.9951897,10525.155
5151,2.9939122,10528.149
5152,2.9957485,10531.1455
5153,2.9980326,10534.144
5154,2.999174,10537.143
5155,2.9997375,10540.143
5156,2.9997513,10543.143
5157,3.001033,10546.144
5158,3.001328,10549.145
5159,3.0016537,10552.146
5160,3.0020692,10555.148
5161,3.0015233,10558.15
5162,3.002154,10561.152
5163,3.0027072,10564.155
5164,3.002959,10567.158
5165,3.0009482,10570.159
5166,2.99928,10573.158
5167,2.9981775,10576.156
5168,2.998294,10579.154
5169,2.9975195,10582.151
5170,2.9972212,10585.148
5171,2.9966614,10588.1455
5172,2.995144,10591.141
5173,2.9936087,10594.134
5174,2.9910216,10597.125
5175,2.9899123,10600.115
5176,2.9881759,10603.104
5177,2.9872875,10606.091
5178,2.9872305,10609.078
5179,2.987157,10612.065
5180,2.9881585,10615.054
5181,2.9905455,10618.044
5182,2.9936392,10621.037
5183,2.9968615,10624.034
5184,2.997804,10627.032
5185,2.9981909,10630.03
5186,2.9968143,10633.027
5187,2.9947784,10636.022
5188,2.9929483,10639.016
5189,2.992036,10642.008
5190,2.9931283,10645.001
5191,2.9945035,10647.995
5192,2.9967818,10650.992
5193,2.9985073,10653.99
5194,3.0004761,10656.99
5195,3.0035012,10659.994
5196,3.0041473,10662.998
5197,3.0044746,10666.003
5198,3.00525,10669.008
5199,3.0076365,10672.016
5200,3.010884,10675.026
5201,3.0143056,10678.041
5202,3.0161505,10681.058
5203,3.0167,10684.074
5204,3.0158803,10687.09
5205,3.0139062,10690.104
5206,3.0117307,10693.115
5207,3.0096638,10696.125
5208,3.0084796,10699.134
5209,3.0065465,10702.141
5210,3.0062084,10705.146
5211,3.006324,10708.152
5212,3.006629,10711.159
5213,3.005996,10714.165
5214,3.0047207,10717.17
5215,3.0010884,10720.171
5216,2.997089,10723.168
5217,2.9942594,10726.162
5218,2.9938169,10729.156
5219,2.9944704,10732.15
5220,2.9965215,10735.146
5221,2.9979372,10738.145
5222,2.9983435,10741.143
5223,2.9990404,10744.142
5224,3.0006306,10747.143
5225,3.0019052,10750.145
5226,3.0025542,10753.147
5227,3.003423,10756.151
5228,3.0049758,10759.156
5229,3.0065901,10762.163
5230,3.0071611,10765.17
5231,3.007468,10768.178
5232,3.0076983,10771.186
5233,3.0078955,10774.193
5234,3.0093715,10777.203
5235,3.0122864,10780.216
5236,3.0138826,10783.2295
5237,3.012885,10786.242
5238,3.0111043,10789.253
5239,3.0067928,10792.26
5240,3.0037365,10795.264
5241,3.0013475,10798.265
5242,3.001653,10801.267
5243,3.0048776,10804.271
5244,3.0092583,10807.28
5245,3.0131052,10810.293
5246,3.015687,10813.309
5247,3.0172539,10816.326
5248,3.0181005,10819.345
5249,3.0170145,10822.361
5250,3.0160787,10825.377
5251,3.0159314,10828.393
5252,3.0152318,10831.408
5253,3.0158312,10834.424
5254,3.0169644,10837.44
5255,3.019307,10840.46
5256,3.0202658,10843.48
5257,3.0216894,10846.502
5258,3.0227313,10849.524
5259,3.024689,10852.549
5260,3.0252283,10855.574
5261,3.0246062,10858.599
5262,3.0254712,10861.624
5263,3.0270877,10864.651
5264,3.0292711,10867.681
5265,3.0308423,10870.712
5266,3.0316012,10873.743
5267,3.0329328,10876.776
5268,3.034396,10879.811
5269,3.0343459,10882.845
5270,3.0350914,10885.88
5271,3.0373633,10888.917
5272,3.0394735,10891.956
5273,3.0420651,10894.998
5274,3.0432625,10898.041
5275,3.0437038,10901.085
5276,3.0431392,10904.128
5277,3.042299,10907.17
5278,3.04172,10910.212
5279,3.0423717,10913.254
5280,3.04293,10916.297
5281,3.0429966,10919.34
5282,3.0425537,10922.383
5283,3.0415554,10925.425
5284,3.0410335,10928.466
5285,3.0398972,10931.506
5286,3.039236,10934.545
5287,3.038934,10937.584
5288,3.038888,10940.623
5289,3.0398352,10943.663
5290,3.0396876,10946.703
5291,3.039711,10949.743
5292,3.0384676,10952.781
5293,3.0365834,10955.817
5294,3.0344195,10958.852
5295,3.031255,10961.883
5296,3.0288525,10964.912
5297,3.0276294,10967.939
5298,3.026364,10970.966
5299,3.0256755,10973.991
5300,3.026811,10977.018
5301,3.0294228,10980.047
5302,3.0309615,10983.078
5303,3.0311437,10986.109
5304,3.0297902,10989.14
5305,3.0278084,10992.167
5306,3.025997,10995.193
5307,3.02531,10998.219
5308,3.026168,11001.245
5309,3.028197,11004.273
5310,3.0300086,11007.304
5311,3.0309231,11010.335
5312,3.0301397,11013.365
5313,3.0302994,11016.3955
5314,3.0302184,11019.426
5315,3.0308626,11022.457
5316,3.029283,11025.486
5317,3.0268197,11028.513
5318,3.0248997,11031.537
5319,3.0227792,11034.56
5320,3.0212376,11037.581
5321,3.0203526,11040.602
5322,3.0195785,11043.621
5323,3.0183327,11046.64
5324,3.0182223,11049.658
5325,3.0188,11052.677
5326,3.0203128,11055.697
5327,3.020765,11058.718
5328,3.0204663,11061.738
5329,3.0195334,11064.758
5330,3.0183003,11067.776
5331,3.017171,11070.794
5332,3.0155902,11073.81
5333,3.0135586,11076.823
5334,3.013157,11079.836
5335,3.0137284,11082.85
5336,3.0144973,11085.864
5337,3.0155847,11088.88
5338,3.0177886,11091.897
5339,3.0200932,11094.918
5340,3.0204601,11097.938
5341,3.0212543,11100.96
5342,3.0219362,11103.981
5343,3.02201,11107.004
5344,3.0225987,11110.026
5345,3.022197,11113.049
5346,3.0222886,11116.071
5347,3.02269,11119.094
5348,3.0231304,11122.117
5349,3.0233989,11125.141
5350,3.0234475,11128.164
5351,3.0210009,11131.186
5352,3.0196424,11134.205
5353,3.0175939,11137.223
5354,3.016032,11140.238
5355,3.014203,11143.253
5356,3.0131845,11146.267
5357,3.0122106,11149.279
5358,3.0104287,11152.29
5359,3.0099483,11155.3
5360,3.010797,11158.311
5361,3.0131304,11161.323
5362,3.0127575,11164.336
5363,3.011305,11167.348
5364,3.011311,11170.359
5365,3.0140479,11173.373
5366,3.0174909,11176.391
5367,3.0201037,11179.411
5368,3.0206454,11182.432
5369,3.019345,11185.451
5370,3.0181408,11188.47
5371,3.0173671,11191.487
5372,3.0173934,11194.505
5373,3.019114,11197.524
5374,3.0217972,11200.546
5375,3.0226595,11203.568
5376,3.0207045,11206.589
5377,3.0167842,11209.605
5378,3.012338,11212.618
5379,3.0075943,11215.626
5380,3.0039113,11218.63
5381,3.0002615,11221.63
5382,2.998352,11224.628
5383,2.9961693,11227.624
5384,2.9944415,11230.618
5385,2.9919949,11233.61
5386,2.9901416,11236.601
5387,2.9902792,11239.591
5388,2.9917855,11242.583
5389,2.994138,11245.577
5390,2.9958062,11248.573
5391,2.9967911,11251.57
5392,2.9964108,11254.566
5393,2.9972405,11257.563
5394,2.999073,11260.5625
5395,3.001137,11263.563
5396,3.0011468,11266.564
5397,3.0016396,11269.566
5398,3.0006716,11272.567
5399,3.0000274,11275.567
5400,3.000929,11278.568
5401,3.0025494,11281.571
5402,3.00453,11284.576
5403,3.006304,11287.582
5404,3.0088108,11290.591
5405,3.0098255,11293.601
5406,3.0100362,11296.61
5407,3.0102456,11299.62
5408,3.0114,11302.632
5409,3.011769,11305.644
5410,3.011767,11308.655
5411,3.0110488,11311.666
5412,3.011224,11314.677
5413,3.012083,11317.688
5414,3.013839,11320.702
5415,3.0170205,11323.719
5416,3.0206048,11326.739
5417,3.0239787,11329.764
5418,3.0269578,11332.791
5419,3.03039,11335.821
5420,3.0322657,11338.854
5421,3.0337942,11341.888
5422,3.0346587,11344.922
5423,3.035468,11347.957
5424,3.0352206,11350.992
5425,3.0352166,11354.027
5426,3.0353224,11357.0625
5427,3.035377,11360.098
5428,3.0368786,11363.135
5429,3.0387857,11366.174
5430,3.038932,11369.213
5431,3.0390182,11372.252
5432,3.0392838,11375.291
5433,3.0401568,11378.331
5434,3.039766,11381.371
5435,3.039931,11384.411
5436,3.0416749,11387.453
5437,3.0437615,11390.497
5438,3.0440772,11393.541
5439,3.0445929,11396.586
5440,3.044008,11399.63
5441,3.0446293,11402.675
5442,3.044603,11405.72
5443,3.0441005,11408.764
5444,3.0428553,11411.807
5445,3.0407448,11414.848
5446,3.03865,11417.887
5447,3.0372796,11420.924
5448,3.037418,11423.961
5449,3.037296,11426.998
5450,3.0376484,11430.036
5451,3.0368712,11433.073
5452,3.0381405,11436.111
5453,3.0393047,11439.15
5454,3.0401917,11442.19
5455,3.0417547,11445.232
5456,3.0420778,11448.274
5457,3.0421748,11451.316
5458,3.0418122,11454.358
5459,3.0424392,11457.4
5460,3.0433552,11460.443
5461,3.042516,11463.486
5462,3.04136,11466.527
5463,3.0383542,11469.565
5464,3.036185,11472.602
5465,3.0328653,11475.635
5466,3.0306923,11478.665
5467,3.0281975,11481.693
5468,3.0272832,11484.721
5469,3.0270936,11487.748
5470,3.026993,11490.775
5471,3.0268822,11493.803
5472,3.0273027,11496.83
5473,3.0283306,11499.858
5474,3.0290508,11502.888
5475,3.0288553,11505.917
5476,3.0275853,11508.944
5477,3.0258615,11511.97
5478,3.024924,11514.995
5479,3.0244665,11518.02
5480,3.0255704,11521.045
5481,3.0290985,11524.074
5482,3.0323062,11527.106
5483,3.03468,11530.142
5484,3.0362294,11533.178
5485,3.036765,11536.215
5486,3.03725,11539.252
5487,3.0377853,11542.29
5488,3.0375454,11545.327
5489,3.037614,11548.365
5490,3.037738,11551.403
5491,3.0405853,11554.444
5492,3.0430958,11557.487
5493,3.0449557,11560.532
5494,3.0436873,11563.576
5495,3.0419168,11566.618
5496,3.040465,11569.658
5497,3.0380576,11572.696
5498,3.0351794,11575.731
5499,3.0303023,11578.762
5500,3.0274155,11581.789
5501,3.0254943,11584.814
5502,3.0260227,11587.841
5503,3.0267208,11590.867
5504,3.0271108,11593.895
5505,3.0274682,11596.922
5506,3.027844,11599.95
5507,3.0289803,11602.9795
5508,3.0287106,11606.008
5509,3.029414,11609.037
5510,3.0297635,11612.066
5511,3.0287619,11615.095
5512,3.0279584,11618.123
5513,3.0280135,11621.151
5514,3.029299,11624.181
5515,3.0298946,11627.211
5516,3.028735,11630.239
5517,3.0257294,11633.265
5518,3.0236633,11636.288
5519,3.0220754,11639.311
5520,3.0218625,11642.332
5521,3.0217102,11645.354
5522,3.0214534,11648.375
5523,3.0216885,11651.396
5524,3.0222638,11654.419
5525,3.023496,11657.442
5526,3.023559,11660.466
5527,3.0235188,11663.489
5528,3.0236359,11666.513
5529,3.0237477,11669.536
5530,3.0231006,11672.56
5531,3.0217047,11675.581
5532,3.0222454,11678.604
5533,3.0243213,11681.628
5534,3.0255423,11684.653
5535,3.0246353,11687.678
5536,3.023437,11690.701
5537,3.02177,11693.723
5538,3.0213263,11696.744
5539,3.0216153,11699.766
5540,3.0213919,11702.787
5541,3.020282,11705.808
5542,3.0188801,11708.826
5543,3.0195727,11711.846
5544,3.0204873,11714.866
5545,3.0207279,11717.887
5546,3.019935,11720.906
5547,3.0170658,11723.923
5548,3.0147164,11726.9375
5549,3.013817,11729.951
5550,3.0146976,11732.966
5551,3.0157385,11735.981
5552,3.016957,11738.998
5553,3.0178542,11742.016
5554,3.0194595,11745.035
5555,3.0217855,11748.057
5556,3.02128,11751.078
5557,3.020257,11754.099
5558,3.0190098,11757.117
5559,3.0190237,11760.136
5560,3.0202534,11763.156
5561,3.0218227,11766.178
5562,3.0215776,11769.199
5563,3.0185323,11772.218
5564,3.0106273,11775.229
5565,3.0028863,11778.231
5566,2.9944224,11781.226
5567,2.9891138,11784.215
5568,2.9818926,11787.196
5569,2.9771564,11790.174
5570,2.9729776,11793.146
5571,2.971997,11796.118
5572,2.9683924,11799.087
5573,2.9656258,11802.053
5574,2.9602602,11805.013
5575,2.956405,11807.969
5576,2.951247,11810.92
5577,2.9451485,11813.865
5578,2.9405615,11816.806
5579,2.9370174,11819.743
5580,2.9345803,11822.678
5581,2.932077,11825.609
5582,2.9292018,11828.539
5583,2.9261205,11831.465
5584,2.9256299,11834.391
5585,2.9272363,11837.317
5586,2.930459,11840.248
5587,2.9350705,11843.184
5588,2.9409175,11846.124
5589,2.9455986,11849.069
5590,2.9496481,11852.019
5591,2.9528677,11854.972
5592,2.9551253,11857.927
5593,2.9566045,11860.884
5594,2.9592316,11863.843
5595,2.9607995,11866.804
5596,2.9627888,11869.767
5597,2.9646144,11872.731
5598,2.9667425,11875.698
5599,2.9696672,11878.668
5600,2.9722307,11881.641
5601,2.9735973,11884.614
5602,2.9748027,11887.589
5603,2.9770377,11890.565
5604,2.979767,11893.545
5605,2.9818904,11896.526
5606,2.9850266,11899.512
5607,2.9885726,11902.5
5608,2.992055,11905.492
5609,2.996053,11908.488
5610,3.000272,11911.488
5611,3.0030396,11914.491
5612,3.0074334,11917.499
5613,3.0154338,11920.515
5614,3.0207152,11923.535
5615,3.028074,11926.563
5616,3.0340483,11929.598
5617,3.041444,11932.639
5618,3.0463974,11935.686
5619,3.0525136,11938.738
5620,3.0573795,11941.796
5621,3.06462,11944.86
5622,3.0715408,11947.932
5623,3.0797725,11951.012
5624,3.0860515,11954.098
5625,3.0919373,11957.189
5626,3.0961244,11960.285
5627,3.100013,11963.385
5628,3.1026397,11966.487
5629,3.1062007,11969.594
5630,3.1104927,11972.704
5631,3.115019,11975.819
5632,3.1175826,11978.937
5633,3.1203265,11982.057
5634,3.1215482,11985.178
5635,3.120964,11988.299
5636,3.119804,11991.419
5637,3.1187646,11994.538
5638,3.1186898,11997.657
5639,3.1166904,12000.773
5640,3.1161547,12003.89
5641,3.1167018,12007.007
5642,3.1193576,12010.126
5643,3.1224399,12013.248
5644,3.1258667,12016.374
5645,3.132025,12019.506
5646,3.1383724,12022.645
5647,3.1430445,12025.787
5648,3.1462066,12028.934
5649,3.1495416,12032.083
5650,3.154965,12035.238
5651,3.1607678,12038.399
5652,3.1648564,12041.564
5653,3.1681507,12044.732
5654,3.1702392,12047.902
5655,3.172596,12051.075
5656,3.1720693,12054.247
5657,3.167434,12057.414
5658,3.163823,12060.578
5659,3.1605837,12063.738
5660,3.1605256,12066.898
5661,3.1617944,12070.061
5662,3.1610155,12073.222
5663,3.1579933,12076.38
5664,3.1543148,12079.534
5665,3.1484933,12082.683
5666,3.1470332,12085.83
5667,3.1480443,12088.979
5668,3.1488771,12092.127
5669,3.1496272,12095.276
5670,3.1482103,12098.425
5671,3.143532,12101.568
5672,3.14051,12104.709
5673,3.138026,12107.847
5674,3.1359673,12110.982
5675,3.1327934,12114.115
5676,3.1320698,12117.247
5677,3.1321366,12120.379
5678,3.132373,12123.512
5679,3.1318493,12126.644
5680,3.1324396,12129.776
5681,3.133048,12132.909
5682,3.1341403,12136.043
5683,3.1337523,12139.177
5684,3.133881,12142.311
5685,3.1337752,12145.444
5686,3.1334605,12148.578
5687,3.133969,12151.712
5688,3.13699,12154.849
5689,3.138983,12157.987
5690,3.1416855,12161.129
5691,3.1413968,12164.2705
5692,3.1434417,12167.414
5693,3.145209,12170.56
5694,3.1499765,12173.71
5695,3.1527016,12176.862
5696,3.1564794,12180.019
5697,3.1592238,12183.178
5698,3.161226,12186.339
5699,3.1647732,12189.504
5700,3.1692264,12192.673
5701,3.1722553,12195.845
5702,3.1739197,12199.019
5703,3.1732504,12202.191
5704,3.1730828,12205.364
5705,3.1731026,12208.537
5706,3.1716037,12211.709
5707,3.1697524,12214.879
5708,3.1675038,12218.047
5709,3.165657,12221.213
5710,3.1634438,12224.376
5711,3.160886,12227.537
5712,3.1551764,12230.692
5713,3.1483872,12233.841
5714,3.1424682,12236.983
5715,3.1397011,12240.123
5716,3.1363342,12243.26
5717,3.1317093,12246.392
5718,3.1258557,12249.518
5719,3.1207993,12252.639
5720,3.1187048,12255.758
5721,3.1202517,12258.878
5722,3.1213324,12261.999
5723,3.1248593,12265.124
5724,3.1243126,12268.248
5725,3.119514,12271.367
5726,3.1127563,12274.4795
5727,3.1060412,12277.586
5728,3.0970068,12280.683
5729,3.0893674,12283.772
5730,3.0812087,12286.854
5731,3.0726826,12289.926
5732,3.0641856,12292.99
5733,3.0537674,12296.044
5734,3.0424592,12299.086
5735,3.0283725,12302.114
5736,3.0131438,12305.127
5737,2.994851,12308.122
5738,2.9820752,12311.1045
5739,2.9682198,12314.072
5740,2.957755,12317.03
5741,2.946294,12319.977
5742,2.9340312,12322.91
5743,2.9203832,12325.83
5744,2.9126327,12328.743
5745,2.9070659,12331.65
5746,2.9040923,12334.555
5747,2.9005775,12337.455
5748,2.898103,12340.354
5749,2.8948398,12343.248
5750,2.893863,12346.142
5751,2.8935847,12349.035
5752,2.896245,12351.932
5753,2.8983736,12354.83
5754,2.898432,12357.729
5755,2.8977067,12360.626
5756,2.894729,12363.5205
5757,2.8917117,12366.412
5758,2.8893423,12369.302
5759,2.8869011,12372.188
5760,2.8881903,12375.077
5761,2.8887596,12377.966
5762,2.8907487,12380.856
5763,2.8888376,12383.745
5764,2.8886158,12386.634
5765,2.8841412,12389.518
5766,2.8817906,12392.399
5767,2.8810449,12395.28
5768,2.8842263,12398.164
5769,2.8882096,12401.053
5770,2.8897905,12403.942
5771,2.8900084,12406.832
5772,2.8909628,12409.723
5773,2.8910306,12412.613
5774,2.8902085,12415.504
5775,2.887486,12418.392
5776,2.8897455,12421.281
5777,2.8922713,12424.174
5778,2.8947022,12427.068
5779,2.8981805,12429.967
5780,2.9015646,12432.868
5781,2.9051204,12435.773
5782,2.907469,12438.681
5783,2.9093153,12441.59
5784,2.9106348,12444.5
5785,2.9151993,12447.415
5786,2.9208543,12450.336
5787,2.9273355,12453.264
5788,2.9303045,12456.194
5789,2.93031,12459.125
5790,2.929057,12462.054
5791,2.9268374,12464.98
5792,2.9254494,12467.906
5793,2.9240108,12470.83
5794,2.9234042,12473.754
5795,2.9227164,12476.677
5796,2.918706,12479.596
5797,2.9163005,12482.512
5798,2.9149053,12485.427
5799,2.9150226,12488.342
5800,2.9160888,12491.258
5801,2.9187517,12494.177
5802,2.9186842,12497.096
5803,2.9172192,12500.013
5804,2.9133441,12502.926
5805,2.9090643,12505.835
5806,2.9067419,12508.742
5807,2.9068444,12511.649
5808,2.9082782,12514.558
5809,2.908558,12517.466
5810,2.908026,12520.374
5811,2.9071054,12523.281
5812,2.907533,12526.188
5813,2.90862,12529.097
5814,2.9112957,12532.008
5815,2.9131513,12534.921
5816,2.9110472,12537.832
5817,2.909061,12540.741
5818,2.9093652,12543.65
5819,2.911533,12546.562
5820,2.9093816,12549.471
5821,2.9059691,12552.377
5822,2.903531,12555.28
5823,2.902855,12558.184
5824,2.9041598,12561.088
5825,2.9067657,12563.995
5826,2.9088495,12566.904
5827,2.9121373,12569.816
5828,2.9131,12572.7295
5829,2.9130237,12575.643
5830,2.911839,12578.555
5831,2.9105203,12581.465
5832,2.9097803,12584.375
5833,2.909859,12587.285
5834,2.910284,12590.195
5835,2.9107203,12593.106
5836,2.911289,12596.018
5837,2.9091578,12598.927
5838,2.9049306,12601.832
5839,2.9014099,12604.733
5840,2.9007604,12607.634
5841,2.9018035,12610.535
5842,2.9022763,12613.4375
5843,2.902428,12616.34
5844,2.9012423,12619.241
5845,2.8966095,12622.138
5846,2.89281,12625.03
5847,2.8896937,12627.92
5848,2.8909848,12630.811
5849,2.89415,12633.705
5850,2.8950899,12636.601
5851,2.8905156,12639.491
5852,2.8834221,12642.375
5853,2.8792958,12645.254
5854,2.8727798,12648.127
5855,2.869031,12650.996
5856,2.8664737,12653.862
5857,2.8672576,12656.7295
5858,2.8663976,12659.596
5859,2.8661683,12662.462
5860,2.866755,12665.329
5861,2.8689156,12668.198
5862,2.8669357,12671.065
5863,2.8659155,12673.932
5864,2.8628485,12676.795
5865,2.8598766,12679.655
5866,2.8593822,12682.515
5867,2.8619726,12685.377
5868,2.8647172,12688.241
5869,2.866077,12691.107
5870,2.8676305,12693.975
5871,2.869557,12696.844
5872,2.8712,12699.715
5873,2.8736956,12702.589
5874,2.875179,12705.464
5875,2.8745916,12708.339
5876,2.8740773,12711.213
5877,2.8742101,12714.087
5878,2.8731334,12716.96
5879,2.8714054,12719.831
5880,2.8695345,12722.7
5881,2.8670886,12725.567
5882,2.8668513,12728.435
5883,2.8684378,12731.303
5884,2.8716257,12734.175
5885,2.8738925,12737.049
5886,2.874632,12739.924
5887,2.8734066,12742.797
5888,2.8749423,12745.672
5889,2.8765218,12748.549
5890,2.878807,12751.428
5891,2.8799257,12754.308
5892,2.8819222,12757.189
5893,2.8841772,12760.073
5894,2.8850417,12762.958
5895,2.8851862,12765.843
5896,2.8865314,12768.7295
5897,2.8892548,12771.619
5898,2.891013,12774.51
5899,2.890632,12777.4
5900,2.8884413,12780.289
5901,2.8859868,12783.175
5902,2.885292,12786.061
5903,2.8858807,12788.946
5904,2.8894057,12791.836
5905,2.8952541,12794.731
5906,2.9009619,12797.633
5907,2.9063244,12800.539
5908,2.90992,12803.449
5909,2.913313,12806.362
5910,2.9138381,12809.276
5911,2.916112,12812.192
5912,2.918855,12815.111
5913,2.9200344,12818.031
5914,2.921786,12820.953
5915,2.9247088,12823.878
5916,2.9308689,12826.809
5917,2.9379208,12829.746
5918,2.942253,12832.688
5919,2.9436464,12835.632
5920,2.9445632,12838.576
5921,2.9450958,12841.521
5922,2.945978,12844.468
5923,2.9463053,12847.414
5924,2.9461184,12850.36
5925,2.9468536,12853.308
5926,2.9464028,12856.254
5927,2.9453716,12859.199
5928,2.9448442,12862.145
5929,2.9442008,12865.089
5930,2.9414794,12868.03
5931,2.938828,12870.969
5932,2.9386196,12873.907
5933,2.9417534,12876.849
5934,2.9447339,12879.793
5935,2.945961,12882.739
5936,2.9449093,12885.685
5937,2.941549,12888.626
5938,2.9383667,12891.564
5939,2.9369385,12894.501
5940,2.9375627,12897.438
5941,2.9393945,12900.378
5942,2.9402149,12903.318
5943,2.9410305,12906.26
5944,2.939534,12909.199
5945,2.9389796,12912.139
5946,2.938443,12915.077
5947,2.9378586,12918.015
5948,2.9372408,12920.952
5949,2.9340045,12923.886
5950,2.9303405,12926.816
5951,2.9265187,12929.743
5952,2.922543,12932.666
5953,2.9205468,12935.587
5954,2.91833,12938.505
5955,2.9164035,12941.421
5956,2.914318,12944.335
5957,2.9130652,12947.248
5958,2.9145226,12950.162
5959,2.9151604,12953.077
5960,2.9146903,12955.992
5961,2.9130902,12958.905
5962,2.9089162,12961.814
5963,2.9038365,12964.719
5964,2.901374,12967.62
5965,2.9013803,12970.521
5966,2.9011316,12973.423
5967,2.9020398,12976.325
5968,2.9040756,12979.2295
5969,2.9056103,12982.135
5970,2.90578,12985.041
5971,2.9061573,12987.947
5972,2.9065914,12990.854
5973,2.906115,12993.76
5974,2.9047654,12996.664
5975,2.90333,12999.567
5976,2.903667,13002.471
5977,2.905462,13005.376
5978,2.9075906,13008.283
5979,2.9069667,13011.19
5980,2.9079561,13014.099
5981,2.9086885,13017.007
5982,2.9096353,13019.916
5983,2.9100833,13022.826
5984,2.907713,13025.733
5985,2.9023864,13028.636
5986,2.8984017,13031.534
5987,2.8949978,13034.429
5988,2.89541,13037.324
5989,2.896622,13040.221
5990,2.8987951,13043.119
5991,2.89969,13046.019
5992,2.8997078,13048.918
5993,2.8995137,13051.817
5994,2.8984897,13054.716
5995,2.8973522,13057.613
5996,2.8992817,13060.513
5997,2.9004653,13063.413
5998,2.901249,13066.314
5999,2.9010777,13069.216
6000,2.901348,13072.117
6001,2.902287,13075.02
6002,2.9045882,13077.924
6003,2.9069438,13080.831
6004,2.9084485,13083.739
6005,2.9077477,13086.647
6006,2.9052248,13089.553
6007,2.902758,13092.455
6008,2.9020312,13095.357
6009,2.9013698,13098.259
6010,2.899784,13101.158
6011,2.8967419,13104.055
6012,2.8940399,13106.948
6013,2.891103,13109.839
6014,2.8875856,13112.727
6015,2.8857472,13115.612
6016,2.8880572,13118.5
6017,2.8927093,13121.393
6018,2.8956454,13124.288
6019,2.8962383,13127.185
6020,2.8931534,13130.078
6021,2.893548,13132.972
6022,2.898419,13135.87
6023,2.9034395,13138.773
6024,2.9110143,13141.685
6025,2.9166145,13144.602
6026,2.9220886,13147.523
6027,2.92672,13150.45
6028,2.9300609,13153.38
6029,2.9322293,13156.3125
6030,2.9341826,13159.247
6031,2.9351373,13162.183
6032,2.935872,13165.118
6033,2.9354446,13168.054
6034,2.9367275,13170.99
6035,2.9390614,13173.93
6036,2.9413872,13176.871
6037,2.941267,13179.8125
6038,2.9425702,13182.755
6039,2.9424548,13185.697
6040,2.9406054,13188.638
6041,2.937908,13191.575
6042,2.9373336,13194.513
6043,2.9370904,13197.45
6044,2.9359143,13200.386
6045,2.9347038,13203.32
6046,2.9324539,13206.253
6047,2.9307692,13209.184
6048,2.9288745,13212.112
6049,2.927556,13215.04
6050,2.9254923,13217.966
6051,2.9250472,13220.891
6052,2.9236531,13223.814
6053,2.9220333,13226.736
6054,2.9174492,13229.653
6055,2.9126995,13232.566
6056,2.90734,13235.474
6057,2.903698,13238.377
6058,2.901945,13241.279
6059,2.9011714,13244.181
6060,2.8995183,13247.08
6061,2.898244,13249.979
6062,2.896436,13252.875
6063,2.8944364,13255.77
6064,2.8936043,13258.663
6065,2.8934195,13261.557
6066,2.8937333,13264.45
6067,2.894372,13267.345
6068,2.8930886,13270.238
6069,2.8904068,13273.129
6070,2.8848221,13276.014
6071,2.8789306,13278.893
6072,2.8735049,13281.766
6073,2.869606,13284.635
6074,2.8655574,13287.5
6075,2.8611484,13290.361
6076,2.8567913,13293.218
6077,2.851577,13296.069
6078,2.8455937,13298.915
6079,2.8396773,13301.755
6080,2.8337734,13304.589
6081,2.825108,13307.414
6082,2.817586,13310.231
6083,2.8103325,13313.042
6084,2.8056297,13315.848
6085,2.79879,13318.646
6086,2.7913475,13321.4375
6087,2.7814496,13324.219
6088,2.7736588,13326.992
6089,2.7666876,13329.759
6090,2.7624984,13332.521
6091,2.762787,13335.284
6092,2.7635376,13338.048
6093,2.7638788,13340.812
6094,2.764847,13343.576
6095,2.7643034,13346.341
6096,2.7635689,13349.1045
6097,2.7617981,13351.866
6098,2.7596054,13354.626
6099,2.7587738,13357.385
6100,2.7569406,13360.142
6101,2.7524319,13362.894
6102,2.7467144,13365.641
6103,2.7403283,13368.381
6104,2.7356179,13371.116
6105,2.7306683,13373.847
6106,2.726881,13376.573
6107,2.723598,13379.297
6108,2.7217875,13382.019
6109,2.7202826,13384.739
6110,2.7194626,13387.459
6111,2.7178438,13390.177
6112,2.718216,13392.895
6113,2.7196326,13395.614
6114,2.7195144,13398.334
6115,2.7206945,13401.055
6116,2.721234,13403.776
6117,2.7213912,13406.498
6118,2.717678,13409.216
6119,2.7109914,13411.927
6120,2.7043412,13414.631
6121,2.697049,13417.328
6122,2.6941497,13420.022
6123,2.6907136,13422.713
6124,2.6889937,13425.402
6125,2.6899478,13428.093
6126,2.6889,13430.781
6127,2.688538,13433.47
6128,2.684893,13436.154
6129,2.6811972,13438.836
6130,2.6773794,13441.514
6131,2.6748376,13444.188
6132,2.669898,13446.858
6133,2.6627889,13449.521
6134,2.6533148,13452.175
6135,2.644259,13454.819
6136,2.6371624,13457.456
6137,2.632484,13460.089
6138,2.631516,13462.721
6139,2.6324897,13465.354
6140,2.631802,13467.985
6141,2.6280742,13470.613
6142,2.6222436,13473.235
6143,2.6157777,13475.852
6144,2.612821,13478.465
6145,2.6117134,13481.076
6146,2.6078818,13483.684
6147,2.5993717,13486.283
6148,2.5945964,13488.878
6149,2.5909948,13491.469
6150,2.5905569,13494.06
6151,2.5911345,13496.65
6152,2.5903587,13499.241
6153,2.5885713,13501.83
6154,2.5858953,13504.416
6155,2.5846384,13507.001
6156,2.5849686,13509.586
6157,2.5846102,13512.171
6158,2.5831714,13514.754
6159,2.5804465,13517.334
6160,2.5793822,13519.913
6161,2.5763528,13522.489
6162,2.5735223,13525.0625
6163,2.5699196,13527.633
6164,2.5669205,13530.2
6165,2.5663943,13532.767
6166,2.569105,13535.336
6167,2.5717611,13537.907
6168,2.5718977,13540.4795
6169,2.5697463,13543.049
6170,2.5633957,13545.612
6171,2.5546134,13548.167
6172,2.5509462,13550.718
6173,2.5516136,13553.27
6174,2.5597696,13555.829
6175,2.5715995,13558.4
6176,2.5787554,13560.9795
6177,2.5816164,13563.562
6178,2.582094,13566.144
6179,2.580986,13568.725
6180,2.5792696,13571.304
6181,2.5780263,13573.882
6182,2.5791728,13576.461
6183,2.58222,13579.043
6184,2.5847225,13581.628
6185,2.5866275,13584.215
6186,2.5884926,13586.804
6187,2.5912826,13589.395
6188,2.594009,13591.988
6189,2.5953565,13594.584
6190,2.5966284,13597.181
6191,2.598837,13599.779
6192,2.6033087,13602.383
6193,2.6072648,13604.99
6194,2.6078982,13607.598
6195,2.6076427,13610.205
6196,2.6122475,13612.817
6197,2.619982,13615.4375
6198,2.625435,13618.0625
6199,2.6298964,13620.692
6200,2.6305504,13623.323
6201,2.627948,13625.951
6202,2.6241252,13628.575
6203,2.6239676,13631.199
6204,2.627045,13633.826
6205,2.6301181,13636.456
6206,2.6316733,13639.088
6207,2.633779,13641.722
6208,2.6350863,13644.356
6209,2.636074,13646.992
6210,2.6349258,13649.627
6211,2.6327908,13652.26
6212,2.6304402,13654.891
6213,2.6270921,13657.518
6214,2.6260104,13660.144
6215,2.6237285,13662.768
6216,2.6227212,13665.391
6217,2.6234078,13668.014
6218,2.6254213,13670.639
6219,2.6280267,13673.267
6220,2.6300883,13675.896
6221,2.6348,13678.531
6222,2.6396582,13681.171
6223,2.6467037,13683.817
6224,2.6483443,13686.466
6225,2.6470978,13689.113
6226,2.644732,13691.758
6227,2.6399472,13694.397
6228,2.6376936,13697.035
6229,2.6367323,13699.672
6230,2.638752,13702.311
6231,2.6417215,13704.952
6232,2.6461725,13707.599
6233,2.6532707,13710.252
6234,2.6626685,13712.915
6235,2.673191,13715.588
6236,2.6809237,13718.269
6237,2.6887112,13720.957
6238,2.690358,13723.647
6239,2.6878207,13726.335
6240,2.682598,13729.018
6241,2.675939,13731.693
6242,2.6692703,13734.362
6243,2.666333,13737.028
6244,2.6665566,13739.695
6245,2.6695108,13742.365
6246,2.6721768,13745.037
6247,2.6741457,13747.711
6248,2.675715,13750.387
6249,2.6775384,13753.064
6250,2.6793816,13755.744
6251,2.6814544,13758.426
6252,2.685132,13761.111
6253,2.6899092,13763.801
6254,2.6939566,13766.495
6255,2.6943865,13769.189
6256,2.693934,13771.884
6257,2.6952133,13774.579
6258,2.6962667,13777.275
6259,2.6952312,13779.971
6260,2.691921,13782.663
6261,2.6894755,13785.353
6262,2.6921859,13788.045
6263,2.696614,13790.741
6264,2.7008548,13793.442
6265,2.7058575,13796.148
6266,2.7079608,13798.856
6267,2.7082748,13801.564
6268,2.7062273,13804.2705
6269,2.7038524,13806.975
6270,2.7038531,13809.679
6271,2.705176,13812.384
6272,2.7066932,13815.091
6273,2.7104,13817.801
6274,2.7153542,13820.517
6275,2.7217648,13823.238
6276,2.7266,13825.965
6277,2.7297266,13828.694
6278,2.7300406,13831.425
6279,2.7310152,13834.156
6280,2.7318146,13836.888
6281,2.731294,13839.619
6282,2.730598,13842.35
6283,2.7283313,13845.078
6284,2.7257302,13847.804
6285,2.7230754,13850.526
6286,2.718119,13853.244
6287,2.7127078,13855.957
6288,2.7056,13858.663
6289,2.6978664,13861.361
6290,2.689,13864.051
6291,2.6802838,13866.731
6292,2.675302,13869.407
6293,2.6723733,13872.08
6294,2.670328,13874.75
6295,2.669047,13877.419
6296,2.6698592,13880.089
6297,2.669324,13882.758
6298,2.6695156,13885.428
6299,2.6708736,13888.099
6300,2.6707628,13890.77
6301,2.6705596,13893.44
6302,2.6694045,13896.109
6303,2.668106,13898.777
6304,2.6685696,13901.446
6305,2.6708138,13904.117
6306,2.672197,13906.789
6307,2.672091,13909.461
6308,2.671475,13912.133
6309,2.6730363,13914.806
6310,2.676587,13917.482
6311,2.6794412,13920.162
6312,2.678209,13922.84
6313,2.6756625,13925.516
6314,2.6748166,13928.19
6315,2.6738777,13930.864
6316,2.674368,13933.539
6317,2.6770186,13936.216
6318,2.68124,13938.897
6319,2.6849022,13941.582
6320,2.6877148,13944.27
6321,2.6913474,13946.961
6322,2.696036,13949.657
6323,2.700867,13952.358
6324,2.7043185,13955.0625
6325,2.708297,13957.7705
6326,2.712783,13960.483
6327,2.717375,13963.201
6328,2.7221205,13965.923
6329,2.7252512,13968.648
6330,2.726981,13971.375
6331,2.7268057,13974.102
6332,2.7267656,13976.828
6333,2.7263184,13979.555
6334,2.726162,13982.281
6335,2.7272584,13985.009
6336,2.7299135,13987.738
6337,2.7331567,13990.472
6338,2.7337766,13993.205
6339,2.7324083,13995.9375
6340,2.729507,13998.667
6341,2.7260125,14001.393
6342,2.7219307,14004.114
6343,2.7178793,14006.832
6344,2.717239,14009.549
6345,2.7191422,14012.268
6346,2.7221391,14014.989
6347,2.7230182,14017.712
6348,2.7204828,14020.433
6349,2.717044,14023.149
6350,2.713172,14025.862
6351,2.7095728,14028.572
6352,2.7084167,14031.28
6353,2.7090497,14033.989
6354,2.7104545,14036.7
6355,2.713114,14039.413
6356,2.715374,14042.129
6357,2.7152884,14044.844
6358,2.7133265,14047.557
6359,2.7064328,14050.263
6360,2.6994874,14052.962
6361,2.693192,14055.655
6362,2.6877341,14058.343
6363,2.6820688,14061.024
6364,2.6757138,14063.7
6365,2.6718607,14066.372
6366,2.670689,14069.043
6367,2.6701121,14071.713
6368,2.6688802,14074.382
6369,2.6669648,14077.049
6370,2.6686647,14079.718
6371,2.6717665,14082.39
6372,2.6755013,14085.065
6373,2.6795769,14087.745
6374,2.6825829,14090.428
6375,2.687269,14093.115
6376,2.694633,14095.81
6377,2.7020106,14098.512
6378,2.7055278,14101.217
6379,2.705154,14103.922
6380,2.7034361,14106.625
6381,2.702557,14109.327
6382,2.705525,14112.032
6383,2.7125604,14114.745
6384,2.7210143,14117.466
6385,2.7273312,14120.193
6386,2.7298007,14122.923
6387,2.731897,14125.654
6388,2.7355917,14128.39
6389,2.737937,14131.128
6390,2.7384784,14133.866
6391,2.739209,14136.605
6392,2.7393982,14139.345
6393,2.73948,14142.084
6394,2.7393107,14144.823
6395,2.739902,14147.563
6396,2.7392178,14150.303
6397,2.737606,14153.04
6398,2.7386293,14155.778
6399,2.7394872,14158.518
6400,2.737703,14161.255
6401,2.735805,14163.99
6402,2.7348766,14166.726
6403,2.735839,14169.461
6404,2.736849,14172.198
6405,2.7382662,14174.937
6406,2.7394564,14177.676
6407,2.7403913,14180.416
6408,2.742217,14183.158
6409,2.7437663,14185.902
6410,2.742323,14188.645
6411,2.7374456,14191.382
6412,2.7322507,14194.114
6413,2.7251287,14196.84
6414,2.7224615,14199.5625
6415,2.7233531,14202.286
6416,2.7276602,14205.014
6417,2.7324688,14207.746
6418,2.7356844,14210.481
6419,2.738594,14213.22
6420,2.7445943,14215.964
6421,2.7510707,14218.715
6422,2.7538915,14221.469
6423,2.7549148,14224.224
6424,2.7566767,14226.98
6425,2.760218,14229.74
6426,2.762385,14232.503
6427,2.7639863,14235.267
6428,2.7631204,14238.029
6429,2.7621136,14240.791
6430,2.7646422,14243.556
6431,2.7696197,14246.325
6432,2.7747889,14249.1
6433,2.7776968,14251.877
6434,2.780382,14254.657
6435,2.783273,14257.44
6436,2.788573,14260.229
6437,2.7918005,14263.0205
6438,2.791813,14265.8125
6439,2.7914104,14268.604
6440,2.7909732,14271.395
6441,2.7899501,14274.185
6442,2.787076,14276.972
6443,2.7843454,14279.756
6444,2.7815027,14282.537
6445,2.7791612,14285.316
6446,2.7761538,14288.093
6447,2.7735455,14290.866
6448,2.7720826,14293.639
6449,2.77083,14296.409
6450,2.7718673,14299.181
6451,2.7737756,14301.954
6452,2.7764022,14304.73
6453,2.778048,14307.509
6454,2.7789116,14310.288
6455,2.7812276,14313.069
6456,2.7834058,14315.853
6457,2.7861998,14318.639
6458,2.7862334,14321.425
6459,2.7840245,14324.209
6460,2.7834947,14326.992
6461,2.783596,14329.775
6462,2.7828887,14332.559
6463,2.7820146,14335.341
6464,2.7812335,14338.122
6465,2.7815158,14340.903
6466,2.7824059,14343.686
6467,2.782972,14346.469
6468,2.7855284,14349.254
6469,2.7885752,14352.043
6470,2.7890968,14354.832
6471,2.7871509,14357.619
6472,2.7862282,14360.405
6473,2.786457,14363.191
6474,2.7867925,14365.979
6475,2.7872727,14368.766
6476,2.786482,14371.552
6477,2.7836273,14374.335
6478,2.7795215,14377.114
6479,2.7767367,14379.891
6480,2.774165,14382.665
6481,2.773512,14385.438
6482,2.7740593,14388.213
6483,2.7745857,14390.987
6484,2.77332,14393.761
6485,2.772416,14396.533
6486,2.7686255,14399.302
6487,2.7646325,14402.066
6488,2.761743,14404.828
6489,2.7585366,14407.587
6490,2.7542,14410.341
6491,2.7471068,14413.088
6492,2.742322,14415.83
6493,2.7373364,14418.567
6494,2.7328548,14421.3
6495,2.7299368,14424.029
6496,2.7297738,14426.759
6497,2.7312865,14429.49
6498,2.7338357,14432.224
6499,2.7362747,14434.96
6500,2.73635,14437.696
6501,2.735442,14440.432
6502,2.7348595,14443.166
6503,2.735803,14445.901
6504,2.738436,14448.64
6505,2.7433336,14451.383
6506,2.74708,14454.13
6507,2.750314,14456.88
6508,2.7518563,14459.632
6509,2.753588,14462.386
6510,2.7532916,14465.139
6511,2.752193,14467.891
6512,2.7515302,14470.643
6513,2.7529526,14473.3955
6514,2.7553518,14476.15
6515,2.7587597,14478.909
6516,2.7615447,14481.671
6517,2.763702,14484.435
6518,2.7640102,14487.198
6519,2.7631598,14489.961
6520,2.7630286,14492.724
6521,2.7638652,14495.487
6522,2.7654693,14498.253
6523,2.765246,14501.019
6524,2.763443,14503.782
6525,2.7562933,14506.538
6526,2.7437365,14509.282
6527,2.728382,14512.011
6528,2.7169456,14514.728
6529,2.7090008,14517.437
6530,2.7067583,14520.144
6531,2.704162,14522.848
6532,2.7016654,14525.55
6533,2.6986382,14528.248
6534,2.6977777,14530.946
6535,2.6979687,14533.645
6536,2.702615,14536.347
6537,2.706043,14539.053
6538,2.711217,14541.764
6539,2.7155232,14544.4795
6540,2.721775,14547.201
6541,2.7296965,14549.931
6542,2.7411385,14552.672
6543,2.754411,14555.427
6544,2.7739236,14558.2
6545,2.791898,14560.992
6546,2.8096545,14563.802
6547,2.8235097,14566.625
6548,2.8351276,14569.46
6549,2.845008,14572.305
6550,2.8546083,14575.159
6551,2.861534,14578.0205
6552,2.8665848,14580.887
6553,2.869824,14583.757
6554,2.8723238,14586.629
6555,2.8735254,14589.502
6556,2.8729684,14592.375
6557,2.8707924,14595.246
6558,2.8668272,14598.113
6559,2.862029,14600.976
6560,2.8564446,14603.832
6561,2.8513422,14606.684
6562,2.8469317,14609.53
6563,2.8442545,14612.375
6564,2.8428805,14615.218
6565,2.8430638,14618.061
6566,2.843658,14620.904
6567,2.8455777,14623.75
6568,2.848435,14626.599
6569,2.8556192,14629.454
6570,2.866999,14632.321
6571,2.876403,14635.197
6572,2.8814886,14638.079
6573,2.884609,14640.964
6574,2.8843386,14643.849
6575,2.8836606,14646.732
6576,2.8824117,14649.615
6577,2.8814394,14652.497
6578,2.8792586,14655.376
6579,2.876857,14658.253
6580,2.872806,14661.126
6581,2.8681545,14663.994
6582,2.8619618,14666.856
6583,2.8554425,14669.712
6584,2.8491058,14672.561
6585,2.844758,14675.405
6586,2.8425887,14678.248
6587,2.844555,14681.093
6588,2.8569248,14683.949
6589,2.8720295,14686.821
6590,2.8812904,14689.702
6591,2.882074,14692.584
6592,2.8807857,14695.465
6593,2.879311,14698.344
6594,2.8774006,14701.221
6595,2.8753502,14704.096
6596,2.8730886,14706.969
6597,2.8709588,14709.84
6598,2.8690872,14712.709
6599,2.86716,14715.576
6600,2.8647332,14718.44
6601,2.8623583,14721.303
6602,2.8599353,14724.163
6603,2.8578327,14727.0205
6604,2.8561695,14729.877
6605,2.8551738,14732.732
6606,2.8547947,14735.587
6607,2.855697,14738.442
6608,2.8560312,14741.299
6609,2.8574615,14744.156
6610,2.8577015,14747.014
6611,2.859623,14749.873
6612,2.861764,14752.734
6613,2.8658824,14755.601
6614,2.869655,14758.471
6615,2.8741913,14761.345
6616,2.877638,14764.223
6617,2.880723,14767.104
6618,2.88252,14769.986
6619,2.8846514,14772.871
6620,2.8855777,14775.757
6621,2.8861759,14778.643
6622,2.8859768,14781.528
6623,2.8858788,14784.414
6624,2.8852434,14787.299
6625,2.8845968,14790.184
6626,2.8833227,14793.067
6627,2.8821747,14795.949
6628,2.8805726,14798.83
6629,2.8789873,14801.709
6630,2.8772018,14804.586
6631,2.875451,14807.461
6632,2.875818,14810.337
6633,2.8800561,14813.217
6634,2.8853872,14816.103
6635,2.8937871,14818.996
6636,2.9023035,14821.898
6637,2.9102337,14824.809
6638,2.9146972,14827.724
6639,2.9138324,14830.638
6640,2.9006853,14833.538
6641,2.8994863,14836.4375
6642,2.893575,14839.331
6643,2.900258,14842.231
6644,2.90133,14845.133
6645,2.9081209,14848.041
6646,2.912009,14850.953
6647,2.9187884,14853.872
6648,2.9248617,14856.797
6649,2.9329803,14859.7295
6650,2.9418643,14862.671
6651,2.9519844,14865.623
6652,2.9622083,14868.585
6653,2.9732149,14871.559
6654,2.9831357,14874.542
6655,2.9926136,14877.534
6656,3.0003242,14880.534
6657,3.0070715,14883.541
6658,3.0125134,14886.554
6659,3.0174944,14889.571
6660,3.0213115,14892.593
6661,3.0245934,14895.617
6662,3.026132,14898.644
6663,3.026978,14901.671
6664,3.026582,14904.697
6665,3.0261052,14907.724
6666,3.0254314,14910.749
6667,3.0248249,14913.773
6668,3.0237617,14916.797
6669,3.0227685,14919.819
6670,3.0215416,14922.841
6671,3.0203938,14925.861
6672,3.0185397,14928.88
6673,3.0165317,14931.896
6674,3.0138125,14934.91
6675,3.0109851,14937.921
6676,3.0076125,14940.929
6677,3.0047765,14943.934
6678,3.0027225,14946.937
6679,3.000895,14949.9375
6680,2.9960952,14952.934
6681,2.9937835,14955.928
6682,2.993467,14958.921
6683,2.9945662,14961.915
6684,2.9971087,14964.912
6685,3.0004265,14967.912
6686,3.0047414,14970.917
6687,3.009319,14973.927
6688,3.0146222,14976.941
6689,3.0199215,14979.961
6690,3.0251262,14982.986
6691,3.0301514,14986.017
6692,3.0349944,14989.052
6693,3.039599,14992.092
6694,3.0436509,14995.136
6695,3.0474844,14998.184
6696,3.0513327,15001.235
6697,3.0554035,15004.291
6698,3.0598989,15007.351
6699,3.0643883,15010.415
6700,3.0687346,15013.483
6701,3.0730252,15016.557
6702,3.0765698,15019.633
6703,3.0795662,15022.712
6704,3.0820801,15025.794
6705,3.0844758,15028.879
6706,3.0874667,15031.967
6707,3.0903833,15035.058
6708,3.09338,15038.151
6709,3.0959177,15041.247
6710,3.0983217,15044.346
6711,3.100317,15047.446
6712,3.101969,15050.548
6713,3.1029165,15053.65
6714,3.102804,15056.753
6715,3.1018758,15059.8545
6716,3.0995777,15062.954
6717,3.0963354,15066.051
6718,3.09264,15069.144
6719,3.0895724,15072.233
6720,3.086586,15075.32
6721,3.0841844,15078.404
6722,3.0819445,15081.486
6723,3.0802498,15084.566
6724,3.0784082,15087.645
6725,3.0769842,15090.722
6726,3.074848,15093.797
6727,3.073131,15096.87
6728,3.0706441,15099.94
6729,3.0674798,15103.008
6730,3.0618587,15106.069
6731,3.055794,15109.125
6732,3.0497658,15112.175
6733,3.0433178,15115.218
6734,3.0367465,15118.255
6735,3.0301764,15121.285
6736,3.0235283,15124.309
6737,3.0166135,15127.325
6738,3.0095537,15130.335
6739,3.002828,15133.338
6740,2.9959009,15136.334
6741,2.989598,15139.323
6742,2.9834533,15142.307
6743,2.9785783,15145.285
6744,2.9733377,15148.259
6745,2.9687545,15151.228
6746,2.9633822,15154.191
6747,2.9586062,15157.15
6748,2.954979,15160.105
6749,2.953788,15163.06
6750,2.9538283,15166.014
6751,2.9546769,15168.969
6752,2.9570937,15171.926
6753,2.9610436,15174.887
6754,2.9682717,15177.855
6755,2.9768932,15180.832
6756,2.9874554,15183.819
6757,2.9982998,15186.817
6758,3.009199,15189.826
6759,3.0196419,15192.846
6760,3.0294802,15195.875
6761,3.0389557,15198.914
6762,3.0480385,15201.962
6763,3.05702,15205.019
6764,3.0647151,15208.083
6765,3.072229,15211.155
6766,3.0789788,15214.234
6767,3.0855172,15217.32
6768,3.0911925,15220.411
6769,3.0972598,15223.509
6770,3.1030767,15226.612
6771,3.1093056,15229.722
6772,3.114499,15232.836
6773,3.1192067,15235.955
6774,3.1234288,15239.078
6775,3.1277575,15242.206
6776,3.1316793,15245.338
6777,3.1355393,15248.474
6778,3.139032,15251.612
6779,3.1425827,15254.755
6780,3.1457088,15257.9
6781,3.1490755,15261.05
6782,3.1516364,15264.201
6783,3.153688,15267.3545
6784,3.154074,15270.509
6785,3.1538205,15273.663
6786,3.1525662,15276.815
6787,3.1513424,15279.967
6788,3.1490545,15283.116
6789,3.1472158,15286.264
6790,3.1455226,15289.409
6791,3.1439495,15292.553
6792,3.1420424,15295.694
6793,3.1399515,15298.834
6794,3.137762,15301.972
6795,3.1353908,15305.107
6796,3.1327298,15308.24
6797,3.128962,15311.369
6798,3.123673,15314.493
6799,3.116843,15317.61
6800,3.1106408,15320.721
6801,3.103611,15323.824
6802,3.0976698,15326.922
6803,3.090696,15330.013
6804,3.0842168,15333.097
6805,3.077562,15336.174
6806,3.0719354,15339.246
6807,3.0661278,15342.3125
6808,3.060613,15345.373
6809,3.0549517,15348.428
6810,3.0492287,15351.477
6811,3.0438313,15354.5205
6812,3.0387344,15357.56
6813,3.0343866,15360.594
6814,3.0301383,15363.624
6815,3.0261536,15366.65
6816,3.0224419,15369.673
6817,3.01911,15372.692
6818,3.0156755,15375.708
6819,3.012378,15378.721
6820,3.00867,15381.7295
6821,3.0053775,15384.735
6822,3.0020227,15387.737
6823,2.9992888,15390.736
6824,2.9963036,15393.732
6825,2.993863,15396.727
6826,2.992543,15399.719
6827,2.9942505,15402.713
6828,2.999521,15405.713
6829,3.0071383,15408.72
6830,3.0180948,15411.738
6831,3.0297241,15414.768
6832,3.0424285,15417.81
6833,3.0545688,15420.864
6834,3.066469,15423.931
6835,3.0774481,15427.008
6836,3.0866876,15430.095
6837,3.0956357,15433.19
6838,3.104555,15436.295
6839,3.1138592,15439.409
6840,3.123191,15442.532
6841,3.1326962,15445.665
6842,3.141736,15448.807
6843,3.150966,15451.958
6844,3.159424,15455.117
6845,3.166858,15458.284
6846,3.1723094,15461.456
6847,3.1769185,15464.633
6848,3.1796396,15467.8125
6849,3.1825726,15470.995
6850,3.1846254,15474.18
6851,3.1868982,15477.366
6852,3.1885598,15480.555
6853,3.1909235,15483.746
6854,3.195241,15486.941
6855,3.1997855,15490.142
6856,3.2052515,15493.347
6857,3.2112477,15496.558
6858,3.218105,15499.775
6859,3.2259243,15503.001
6860,3.234405,15506.235
6861,3.243039,15509.479
6862,3.2503984,15512.729
6863,3.2571423,15515.985
6864,3.2617831,15519.247
6865,3.2664888,15522.514
6866,3.2702534,15525.784
6867,3.2736886,15529.058
6868,3.2756953,15532.333
6869,3.2766943,15535.609
6870,3.2758749,15538.885
6871,3.274275,15542.159
6872,3.2707722,15545.43
6873,3.2676706,15548.697
6874,3.2643194,15551.962
6875,3.260243,15555.222
6876,3.2551556,15558.477
6877,3.2496707,15561.727
6878,3.2450666,15564.972
6879,3.2401416,15568.212
6880,3.2368252,15571.449
6881,3.2322927,15574.682
6882,3.228737,15577.91
6883,3.224513,15581.135
6884,3.219436,15584.3545
6885,3.2121327,15587.566
6886,3.204629,15590.771
6887,3.1972156,15593.969
6888,3.1907654,15597.159
6889,3.184701,15600.344
6890,3.1787114,15603.522
6891,3.1724238,15606.695
6892,3.165541,15609.861
6893,3.1572073,15613.019
6894,3.1448119,15616.163
6895,3.1300564,15619.293
6896,3.1151726,15622.408
6897,3.1004665,15625.509
6898,3.0894682,15628.599
6899,3.079866,15631.679
6900,3.0700579,15634.749
6901,3.0583751,15637.808
6902,3.0461698,15640.854
6903,3.032704,15643.886
6904,3.0190756,15646.905
6905,3.0013618,15649.906
6906,2.9810002,15652.888
6907,2.9576123,15655.846
6908,2.9395845,15658.785
6909,2.9253426,15661.711
6910,2.9163098,15664.627
6911,2.9103072,15667.537
6912,2.9068239,15670.444
6913,2.9049284,15673.35
6914,2.9036915,15676.253
6915,2.9038403,15679.157
6916,2.903236,15682.061
6917,2.903283,15684.964
6918,2.9024804,15687.866
6919,2.9017856,15690.768
6920,2.9005804,15693.668
6921,2.899212,15696.567
6922,2.8983934,15699.466
6923,2.8984935,15702.364
6924,2.8989358,15705.264
6925,2.8995721,15708.163
6926,2.9001424,15711.063
6927,2.9008148,15713.964
6928,2.9009323,15716.865
6929,2.9007406,15719.766
6930,2.900321,15722.666
6931,2.8997905,15725.565
6932,2.90014,15728.466
6933,2.901131,15731.367
6934,2.9015083,15734.269
6935,2.9013216,15737.17
6936,2.9013634,15740.071
6937,2.9016323,15742.973
6938,2.9023077,15745.875
6939,2.9030929,15748.778
6940,2.903154,15751.682
6941,2.9023116,15754.584
6942,2.901387,15757.485
6943,2.9006085,15760.386
6944,2.900624,15763.286
6945,2.9006405,15766.187
6946,2.9005957,15769.087
6947,2.9006395,15771.987
6948,2.901109,15774.889
6949,2.9015932,15777.79
6950,2.9014697,15780.691
6951,2.9016254,15783.593
6952,2.9013638,15786.494
6953,2.900475,15789.395
6954,2.899852,15792.294
6955,2.8997316,15795.193
6956,2.8999949,15798.094
6957,2.900535,15800.994
6958,2.9006963,15803.895
6959,2.900377,15806.795
6960,2.9003341,15809.695
6961,2.9009998,15812.597
6962,2.9022162,15815.499
6963,2.9042168,15818.403
6964,2.9053674,15821.309
6965,2.9058223,15824.215
6966,2.906414,15827.121
6967,2.9065022,15830.027
6968,2.9073257,15832.935
6969,2.9079068,15835.843
6970,2.9086657,15838.751
6971,2.9093933,15841.66
6972,2.909512,15844.569
6973,2.9093356,15847.479
6974,2.9094515,15850.388
6975,2.909685,15853.298
6976,2.9102309,15856.208
6977,2.9107842,15859.119
6978,2.9114695,15862.03
6979,2.9121845,15864.942
6980,2.9129596,15867.855
6981,2.9135797,15870.77
6982,2.9142182,15873.684
6983,2.9151607,15876.599
6984,2.9159093,15879.515
6985,2.9163873,15882.431
6986,2.9166691,15885.348
6987,2.9172988,15888.265
6988,2.9178526,15891.183
6989,2.9184952,15894.102
6990,2.9192848,15897.0205
6991,2.9197664,15899.94
6992,2.919949,15902.86
6993,2.9191906,15905.779
6994,2.918729,15908.698
6995,2.918123,15911.616
6996,2.918369,15914.534
6997,2.918716,15917.453
6998,2.9190047,15920.372
6999,2.91937,15923.291
7000,2.9194164,15926.21
7001,2.9189248,15929.129
7002,2.9188626,15932.048
7003,2.9188006,15934.967
7004,2.918658,15937.886
7005,2.9187305,15940.805
7006,2.919101,15943.724
7007,2.919221,15946.643
7008,2.91899,15949.562
7009,2.9187758,15952.48
7010,2.9187376,15955.399
7011,2.9189224,15958.318
7012,2.9192672,15961.237
7013,2.9193964,15964.156
7014,2.919317,15967.075
7015,2.9189148,15969.994
7016,2.9184015,15972.912
7017,2.9176931,15975.83
7018,2.9175937,15978.748
7019,2.9178925,15981.666
7020,2.9183822,15984.584
7021,2.9188302,15987.503
7022,2.9192464,15990.422
7023,2.9197257,15993.342
7024,2.9200962,15996.262
7025,2.9202745,15999.182
7026,2.9200325,16002.102
7027,2.9189184,16005.0205
7028,2.9177852,16007.938
7029,2.916416,16010.8545
7030,2.915784,16013.7705
7031,2.9157012,16016.687
7032,2.91624,16019.603
7033,2.9170291,16022.52
7034,2.9176996,16025.4375
7035,2.9181747,16028.355
7036,2.9184604,16031.274
7037,2.9178135,16034.192
7038,2.9170206,16037.109
7039,2.916759,16040.026
7040,2.9167492,16042.943
7041,2.9174564,16045.86
7042,2.9179056,16048.778
7043,2.9184432,16051.696
7044,2.9186118,16054.615
7045,2.9188433,16057.534
7046,2.9192936,16060.453
7047,2.9196875,16063.373
7048,2.92011,16066.293
7049,2.9200711,16069.213
7050,2.9202666,16072.133
7051,2.9201233,16075.053
7052,2.9201727,16077.973
7053,2.9200711,16080.893
7054,2.9199831,16083.8125
7055,2.919918,16086.732
7056,2.9197993,16089.652
7057,2.9197414,16092.572
7058,2.9196475,16095.492
7059,2.919253,16098.411
7060,2.9187617,16101.33
7061,2.9177759,16104.248
7062,2.9166653,16107.165
7063,2.9158647,16110.081
7064,2.9156804,16112.997
7065,2.9158907,16115.913
7066,2.9160833,16118.829
7067,2.9162784,16121.745
7068,2.916573,16124.662
7069,2.9166179,16127.579
7070,2.9167442,16130.496
7071,2.9163818,16133.412
7072,2.9161196,16136.328
7073,2.9156697,16139.244
7074,2.915814,16142.16
7075,2.9159088,16145.076
7076,2.9161131,16147.992
7077,2.9161513,16150.908
7078,2.9167209,16153.825
7079,2.917302,16156.742
7080,2.9178357,16159.66
7081,2.918655,16162.579
7082,2.9196966,16165.499
7083,2.9204721,16168.42
7084,2.9213927,16171.342
7085,2.9221761,16174.264
7086,2.9227343,16177.187
7087,2.9228277,16180.109
7088,2.923141,16183.032
7089,2.9235654,16185.956
7090,2.923739,16188.88
7091,2.9235375,16191.804
7092,2.9230886,16194.727
7093,2.9229465,16197.649
7094,2.92313,16200.572
7095,2.9235408,16203.496
7096,2.924018,16206.42
7097,2.9248831,16209.345
7098,2.9255998,16212.2705
7099,2.9258025,16215.196
7100,2.9255517,16218.122
7101,2.924766,16221.047
7102,2.9243927,16223.972
7103,2.9243958,16226.896
7104,2.9246655,16229.821
7105,2.9247556,16232.746
7106,2.92461,16235.671
7107,2.9242296,16238.595
7108,2.9237938,16241.519
7109,2.9235225,16244.442
7110,2.9230034,16247.365
7111,2.9226494,16250.288
7112,2.92267,16253.211
7113,2.9229827,16256.134
7114,2.9232736,16259.057
7115,2.9239197,16261.98
7116,2.9244246,16264.905
7117,2.9241135,16267.829
7118,2.9233468,16270.753
7119,2.9224944,16273.676
7120,2.9221165,16276.598
7121,2.9222178,16279.52
7122,2.9220288,16282.441
7123,2.9216254,16285.363
7124,2.9211495,16288.284
7125,2.9205081,16291.205
7126,2.9206686,16294.126
7127,2.921048,16297.047
7128,2.9209452,16299.968
7129,2.9213214,16302.889
7130,2.9215872,16305.811
7131,2.9221008,16308.732
7132,2.9225342,16311.655
7133,2.9225664,16314.578
7134,2.9228714,16317.501
7135,2.9227068,16320.424
7136,2.9223857,16323.347
7137,2.9223526,16326.269
7138,2.9225588,16329.191
7139,2.9227,16332.114
7140,2.9234128,16335.038
7141,2.924566,16337.963
7142,2.9256046,16340.889
7143,2.92604,16343.814
7144,2.926067,16346.74
7145,2.9260478,16349.666
7146,2.9263003,16352.593
7147,2.9267511,16355.52
7148,2.927069,16358.446
7149,2.9269476,16361.373
7150,2.9269617,16364.3
7151,2.9269507,16367.227
7152,2.9270737,16370.153
7153,2.9271746,16373.08
7154,2.927615,16376.008
7155,2.9279392,16378.936
7156,2.9286816,16381.864
7157,2.929387,16384.793
7158,2.9293785,16387.723
7159,2.9297023,16390.652
7160,2.929974,16393.582
7161,2.9308877,16396.514
7162,2.9313295,16399.445
7163,2.9319658,16402.377
7164,2.9320018,16405.309
7165,2.932204,16408.24
7166,2.9322743,16411.172
7167,2.9319355,16414.104
7168,2.930989,16417.035
7169,2.930139,16419.965
7170,2.9299643,16422.895
7171,2.9301565,16425.824
7172,2.9302313,16428.754
7173,2.929875,16431.684
7174,2.9291174,16434.613
7175,2.9285412,16437.541
7176,2.9281917,16440.469
7177,2.9276488,16443.396
7178,2.9272854,16446.324
7179,2.9274254,16449.252
7180,2.9271843,16452.18
7181,2.9264925,16455.105
7182,2.9256313,16458.031
7183,2.9246025,16460.955
7184,2.924096,16463.879
7185,2.92416,16466.803
7186,2.9243207,16469.727
7187,2.9249132,16472.652
7188,2.9254065,16475.578
7189,2.9249008,16478.504
7190,2.9241397,16481.428
7191,2.9235835,16484.352
7192,2.9236526,16487.275
7193,2.9238048,16490.2
7194,2.923814,16493.123
7195,2.923462,16496.047
7196,2.92323,16498.97
7197,2.922368,16501.893
7198,2.921405,16504.814
7199,2.9203703,16507.734
7200,2.91947,16510.654
7201,2.9190319,16513.574
7202,2.9188385,16516.492
7203,2.9189162,16519.41
7204,2.9184113,16522.328
7205,2.9171414,16525.246
7206,2.9163556,16528.162
7207,2.916087,16531.078
7208,2.9164832,16533.994
7209,2.9175842,16536.912
7210,2.9184732,16539.83
7211,2.919798,16542.75
7212,2.9203534,16545.67
7213,2.9207952,16548.59
7214,2.9204526,16551.51
7215,2.9202778,16554.43
7216,2.919762,16557.35
7217,2.9189208,16560.268
7218,2.9183562,16563.186
7219,2.9179814,16566.104
7220,2.9174445,16569.021
7221,2.9170299,16571.94
7222,2.916552,16574.855
7223,2.9166455,16577.771
7224,2.9169533,16580.688
7225,2.9173157,16583.605
7226,2.917294,16586.523
7227,2.9168506,16589.44
7228,2.9162426,16592.355
7229,2.9156544,16595.271
7230,2.9150238,16598.186
7231,2.9144201,16601.1
7232,2.914033,16604.014
7233,2.9134195,16606.928
7234,2.9128277,16609.84
7235,2.9123344,16612.752
7236,2.912236,16615.664
7237,2.9120586,16618.576
7238,2.9115574,16621.488
7239,2.9109209,16624.398
7240,2.910697,16627.309
7241,2.9106522,16630.219
7242,2.9110568,16633.129
7243,2.9116914,16636.041
7244,2.9121,16638.953
7245,2.9125662,16641.865
7246,2.9128475,16644.777
7247,2.912958,16647.69
7248,2.9131646,16650.604
7249,2.913122,16653.518
7250,2.9139278,16656.432
7251,2.915031,16659.346
7252,2.9159229,16662.262
7253,2.9165752,16665.178
7254,2.9172692,16668.096
7255,2.9178843,16671.014
7256,2.9180293,16673.932
7257,2.9180765,16676.85
7258,2.919172,16679.77
7259,2.9202423,16682.69
7260,2.9207218,16685.61
7261,2.9208488,16688.53
7262,2.9207678,16691.45
7263,2.9206018,16694.37
7264,2.9208353,16697.29
7265,2.9212253,16700.21
7266,2.9216313,16703.133
7267,2.9215233,16706.055
7268,2.9212146,16708.977
7269,2.9209251,16711.898
7270,2.9208214,16714.818
7271,2.9210403,16717.74
7272,2.9211714,16720.662
7273,2.9217484,16723.584
7274,2.92242,16726.506
7275,2.9229379,16729.43
7276,2.9230895,16732.354
7277,2.9231036,16735.277
7278,2.9229262,16738.201
7279,2.9228463,16741.123
7280,2.9232988,16744.047
7281,2.924381,16746.97
7282,2.9253833,16749.896
7283,2.9259737,16752.822
7284,2.925834,16755.748
7285,2.9249575,16758.674
7286,2.9242535,16761.598
7287,2.9239101,16764.521
7288,2.9239995,16767.445
7289,2.9242568,16770.37
7290,2.9242828,16773.293
7291,2.9238546,16776.217
7292,2.9237163,16779.14
7293,2.923893,16782.064
7294,2.924721,16784.988
7295,2.9252536,16787.914
7296,2.925162,16790.84
7297,2.9243731,16793.764
7298,2.9237628,16796.688
7299,2.922919,16799.611
7300,2.9216135,16802.533
7301,2.9206448,16805.453
7302,2.9206705,16808.373
7303,2.921447,16811.295
7304,2.9221585,16814.217
7305,2.9228966,16817.14
7306,2.92305,16820.064
7307,2.922917,16822.988
7308,2.9224122,16825.91
7309,2.921833,16828.832
7310,2.921783,16831.754
7311,2.9222124,16834.676
7312,2.9237206,16837.6
7313,2.9254048,16840.525
7314,2.9265468,16843.451
7315,2.9276314,16846.379
7316,2.9279876,16849.307
7317,2.9281838,16852.234
7318,2.9285216,16855.162
7319,2.929008,16858.092
7320,2.9296432,16861.021
7321,2.9300508,16863.951
7322,2.9301343,16866.88
7323,2.9299507,16869.81
7324,2.9297783,16872.74
7325,2.929773,16875.67
7326,2.9298894,16878.6
7327,2.9305627,16881.53
7328,2.930771,16884.46
7329,2.930949,16887.393
7330,2.931378,16890.324
7331,2.9314969,16893.256
7332,2.9309895,16896.188
7333,2.9300456,16899.117
7334,2.9296417,16902.047
7335,2.9294255,16904.977
7336,2.9291759,16907.906
7337,2.9286745,16910.834
7338,2.9283795,16913.762
7339,2.929457,16916.691
7340,2.9307988,16919.623
7341,2.9318228,16922.555
7342,2.9314523,16925.486
7343,2.9306803,16928.418
7344,2.929615,16931.348
7345,2.9287884,16934.277
7346,2.928634,16937.205
7347,2.9284554,16940.133
7348,2.9285731,16943.06
7349,2.9286752,16945.988
7350,2.929119,16948.918
7351,2.929669,16951.848
7352,2.930324,16954.777
7353,2.9298546,16957.707
7354,2.9286184,16960.635
7355,2.9271255,16963.562
7356,2.9260483,16966.488
7357,2.924981,16969.414
7358,2.9247043,16972.338
7359,2.9246876,16975.262
7360,2.9245872,16978.186
7361,2.9239168,16981.11
7362,2.9235475,16984.033
7363,2.9233575,16986.957
7364,2.92299,16989.88
7365,2.9220853,16992.803
7366,2.92074,16995.723
7367,2.9198422,16998.643
7368,2.9192064,17001.562
7369,2.9187121,17004.48
7370,2.9184754,17007.398
7371,2.9185688,17010.316
7372,2.9187763,17013.234
7373,2.9191134,17016.154
7374,2.9190786,17019.074
7375,2.918694,17021.992
7376,2.9183748,17024.91
7377,2.91827,17027.828
7378,2.9183156,17030.746
7379,2.9184115,17033.664
7380,2.9191163,17036.584
7381,2.9194086,17039.504
7382,2.9193792,17042.424
7383,2.9196286,17045.344
7384,2.9201012,17048.264
7385,2.9208248,17051.184
7386,2.921317,17054.105
7387,2.922123,17057.027
7388,2.9230416,17059.951
7389,2.9243245,17062.875
7390,2.925291,17065.8
7391,2.9262424,17068.727
7392,2.926671,17071.652
7393,2.9267502,17074.578
7394,2.9267201,17077.504
7395,2.9264321,17080.43
7396,2.9258218,17083.355
7397,2.9252903,17086.281
7398,2.9247043,17089.205
7399,2.9239795,17092.129
7400,2.9237278,17095.053
7401,2.9240472,17097.977
7402,2.9240825,17100.9
7403,2.924188,17103.824
7404,2.9241006,17106.748
7405,2.923356,17109.672
7406,2.9229345,17112.596
7407,2.9226208,17115.518
7408,2.9228823,17118.441
7409,2.9229727,17121.365
7410,2.92336,17124.29
7411,2.9233208,17127.213
7412,2.9229274,17130.137
7413,2.922844,17133.059
7414,2.9225564,17135.98
7415,2.9225686,17138.902
7416,2.9226902,17141.824
7417,2.9229157,17144.748
7418,2.9229674,17147.672
7419,2.9229376,17150.596
7420,2.922839,17153.518
7421,2.9228761,17156.441
7422,2.922539,17159.363
7423,2.9220202,17162.285
7424,2.921591,17165.207
7425,2.921274,17168.129
7426,2.9207218,17171.049
7427,2.919593,17173.969
7428,2.9191523,17176.889
7429,2.919471,17179.809
7430,2.9198697,17182.729
7431,2.9200695,17185.648
7432,2.920007,17188.568
7433,2.9200063,17191.488
7434,2.9207141,17194.408
7435,2.9219942,17197.33
7436,2.9231,17200.254
7437,2.924373,17203.178
7438,2.9249675,17206.104
7439,2.925471,17209.03
7440,2.9257555,17211.955
7441,2.9260223,17214.88
7442,2.9265673,17217.807
7443,2.9274647,17220.734
7444,2.9283164,17223.662
7445,2.9291525,17226.592
7446,2.9289205,17229.521
7447,2.9280248,17232.45
7448,2.9269164,17235.377
7449,2.9266512,17238.303
7450,2.9261792,17241.229
7451,2.9257398,17244.154
7452,2.9256275,17247.08
7453,2.9258707,17250.006
7454,2.9265964,17252.932
7455,2.927444,17255.86
7456,2.9277,17258.787
7457,2.927294,17261.715
7458,2.927354,17264.643
7459,2.9272304,17267.57
7460,2.9273388,17270.498
7461,2.927074,17273.426
7462,2.9267535,17276.352
7463,2.9262176,17279.277
7464,2.926003,17282.203
7465,2.92613,17285.129
7466,2.9264472,17288.055
7467,2.9265914,17290.98
7468,2.9264793,17293.906
7469,2.9256723,17296.832
7470,2.925387,17299.758
7471,2.9255762,17302.684
7472,2.926019,17305.61
7473,2.9272876,17308.537
7474,2.9280145,17311.465
7475,2.9292467,17314.395
7476,2.9300952,17317.324
7477,2.9308662,17320.256
7478,2.9319682,17323.188
7479,2.933025,17326.121
7480,2.9336019,17329.055
7481,2.9346974,17331.99
7482,2.935216,17334.926
7483,2.935797,17337.861
7484,2.9360352,17340.797
7485,2.9365382,17343.734
7486,2.9372363,17346.672
7487,2.9381218,17349.61
7488,2.9388452,17352.549
7489,2.9388373,17355.488
7490,2.938675,17358.428
7491,2.938203,17361.365
7492,2.9377534,17364.303
7493,2.9373734,17367.24
7494,2.9374282,17370.178
7495,2.937484,17373.115
7496,2.937634,17376.053
7497,2.9377692,17378.99
7498,2.9379296,17381.928
7499,2.9377778,17384.865
7500,2.9374897,17387.803
7501,2.937132,17390.74
7502,2.9365625,17393.678
7503,2.936127,17396.613
7504,2.936057,17399.549
7505,2.9362557,17402.484
7506,2.9365814,17405.422
7507,2.9368699,17408.36
7508,2.936603,17411.297
7509,2.935473,17414.232
7510,2.9348881,17417.168
7511,2.9339602,17420.102
7512,2.9335647,17423.035
7513,2.9329813,17425.969
7514,2.932712,17428.902
7515,2.9327745,17431.836
7516,2.9325893,17434.768
7517,2.9318123,17437.7
7518,2.9307103,17440.63
7519,2.9302008,17443.56
7520,2.92998,17446.49
7521,2.9298635,17449.42
7522,2.9298122,17452.35
7523,2.9297924,17455.28
7524,2.929578,17458.209
7525,2.92878,17461.139
7526,2.927686,17464.066
7527,2.9267986,17466.994
7528,2.926178,17469.92
7529,2.9253654,17472.846
7530,2.9245803,17475.77
7531,2.9238625,17478.693
7532,2.9231033,17481.617
7533,2.9224331,17484.54
7534,2.922384,17487.46
7535,2.9230783,17490.385
7536,2.9232972,17493.309
7537,2.9229863,17496.232
7538,2.9228814,17499.156
7539,2.9227679,17502.078
7540,2.923084,17505.002
7541,2.9239318,17507.926
7542,2.9246552,17510.85
7543,2.9247198,17513.773
7544,2.9245987,17516.697
7545,2.9246066,17519.621
7546,2.9246988,17522.545
7547,2.9251626,17525.47
7548,2.9257135,17528.396
7549,2.9260068,17531.322
7550,2.9262185,17534.248
7551,2.9259233,17537.174
7552,2.9256892,17540.1
7553,2.9254982,17543.025
7554,2.9254937,17545.951
7555,2.9251742,17548.877
7556,2.9244998,17551.8
7557,2.923774,17554.725
7558,2.923254,17557.648
7559,2.9231894,17560.572
7560,2.9231944,17563.496
7561,2.9230974,17566.42
7562,2.9232657,17569.344
7563,2.923759,17572.268
7564,2.9235384,17575.191
7565,2.923019,17578.115
7566,2.922611,17581.037
7567,2.9225388,17583.959
7568,2.9225845,17586.88
7569,2.9228277,17589.803
7570,2.9230351,17592.727
7571,2.9232812,17595.65
7572,2.9237006,17598.574
7573,2.9244833,17601.498
7574,2.924784,17604.422
7575,2.925377,17607.348
7576,2.925522,17610.273
7577,2.9249704,17613.2
7578,2.9242923,17616.123
7579,2.9235394,17619.047
7580,2.9228354,17621.969
7581,2.922554,17624.89
7582,2.9227068,17627.812
7583,2.9229207,17630.736
7584,2.923052,17633.66
7585,2.9228506,17636.582
7586,2.9225411,17639.504
7587,2.922625,17642.426
7588,2.9227002,17645.348
7589,2.9230635,17648.271
7590,2.922963,17651.195
7591,2.9224374,17654.117
7592,2.922068,17657.04
7593,2.9214919,17659.96
7594,2.9218633,17662.883
7595,2.9226182,17665.805
7596,2.9230113,17668.729
7597,2.9230282,17671.652
7598,2.922929,17674.576
7599,2.9232762,17677.5
7600,2.9234438,17680.424
7601,2.9237208,17683.348
7602,2.9243715,17686.271
7603,2.9249055,17689.197
7604,2.925464,17692.123
7605,2.9261959,17695.049
7606,2.927025,17697.977
7607,2.9274707,17700.904
7608,2.9274063,17703.832
7609,2.9274166,17706.76
7610,2.927378,17709.688
7611,2.9272645,17712.615
7612,2.9269204,17715.543
7613,2.9265277,17718.469
7614,2.92649,17721.395
7615,2.9270127,17724.322
7616,2.927862,17727.25
7617,2.928868,17730.18
7618,2.9290962,17733.11
7619,2.9288056,17736.04
7620,2.928464,17738.967
7621,2.9278216,17741.895
7622,2.927373,17744.822
7623,2.9271884,17747.75
7624,2.9269686,17750.678
7625,2.9268115,17753.605
7626,2.926423,17756.531
7627,2.9262476,17759.457
7628,2.9265285,17762.383
7629,2.9264667,17765.309
7630,2.9268482,17768.236
7631,2.927096,17771.164
7632,2.927824,17774.092
7633,2.928079,17777.02
7634,2.928175,17779.947
7635,2.9278576,17782.875
7636,2.9273539,17785.803
7637,2.9269278,17788.73
7638,2.927061,17791.658
7639,2.927659,17794.586
7640,2.928363,17797.514
7641,2.9288485,17800.443
7642,2.9290483,17803.373
7643,2.9291108,17806.303
7644,2.9290073,17809.232
7645,2.9288397,17812.162
7646,2.928016,17815.09
7647,2.9269447,17818.018
7648,2.9256642,17820.943
7649,2.924074,17823.867
7650,2.92301,17826.791
7651,2.9221609,17829.713
7652,2.9213088,17832.635
7653,2.9202168,17835.555
7654,2.9193158,17838.475
7655,2.9192202,17841.395
7656,2.9195263,17844.314
7657,2.9196475,17847.234
7658,2.9197588,17850.154
7659,2.919811,17853.074
7660,2.9193442,17855.994
7661,2.9188151,17858.912
7662,2.9183602,17861.83
7663,2.9183981,17864.748
7664,2.9184604,17867.666
7665,2.9186053,17870.584
7666,2.9184773,17873.502
7667,2.917968,17876.42
7668,2.9171386,17879.338
7669,2.9167843,17882.254
7670,2.9165285,17885.17
7671,2.9165163,17888.086
7672,2.9166064,17891.002
7673,2.9171596,17893.92
7674,2.917824,17896.838
7675,2.9192684,17899.758
7676,2.9204733,17902.678
7677,2.9220843,17905.6
7678,2.9232838,17908.523
7679,2.9264352,17911.45
7680,2.9301434,17914.379
7681,2.9354403,17917.314
7682,2.9412491,17920.256
7683,2.9496803,17923.205
7684,2.960238,17926.166
7685,2.9750154,17929.14
7686,2.9915857,17932.133
7687,3.0060642,17935.139
7688,3.0180144,17938.156
7689,3.0271044,17941.184
7690,3.0343845,17944.219
7691,3.0399632,17947.258
7692,3.0454798,17950.303
7693,3.0511467,17953.354
7694,3.0552535,17956.408
7695,3.0572925,17959.465
7696,3.0588403,17962.523
7697,3.0595105,17965.582
7698,3.0608602,17968.643
7699,3.0613399,17971.703
7700,3.062272,17974.766
7701,3.062893,17977.828
7702,3.064038,17980.893
7703,3.0657873,17983.959
7704,3.068022,17987.027
7705,3.0715086,17990.1
7706,3.0766098,17993.176
7707,3.0806668,17996.256
7708,3.0843487,17999.34
7709,3.0865412,18002.426
7710,3.0895364,18005.516
7711,3.0922003,18008.607
7712,3.0957284,18011.703
7713,3.0988321,18014.803
7714,3.1019144,18017.904
7715,3.1037602,18021.008
7716,3.1059473,18024.113
7717,3.1066034,18027.22
7718,3.108052,18030.328
7719,3.108095,18033.436
7720,3.1078594,18036.543
7721,3.105773,18039.648
7722,3.10376,18042.752
7723,3.1010087,18045.854
7724,3.0985742,18048.951
7725,3.0953937,18052.047
7726,3.0927074,18055.139
7727,3.0899072,18058.229
7728,3.0880883,18061.316
7729,3.086291,18064.402
7730,3.08473,18067.486
7731,3.083308,18070.57
7732,3.0814779,18073.652
7733,3.0788097,18076.73
7734,3.0740705,18079.805
7735,3.0687563,18082.873
7736,3.06245,18085.936
7737,3.0563843,18088.992
7738,3.0496013,18092.041
7739,3.0427752,18095.084
7740,3.0346074,18098.12
7741,3.0265408,18101.146
7742,3.0178058,18104.164
7743,3.0097215,18107.174
7744,3.000616,18110.174
7745,2.9926107,18113.166
7746,2.9847226,18116.15
7747,2.9786465,18119.129
7748,2.9730814,18122.102
7749,2.9688811,18125.07
7750,2.9654012,18128.035
7751,2.963001,18130.998
7752,2.9604483,18133.959
7753,2.9580333,18136.918
7754,2.9554274,18139.873
7755,2.9532385,18142.826
7756,2.950348,18145.777
7757,2.9474385,18148.725
7758,2.9431796,18151.668
7759,2.9390292,18154.607
7760,2.934914,18157.543
7761,2.93094,18160.475
7762,2.9267638,18163.402
7763,2.922283,18166.324
7764,2.918101,18169.242
7765,2.914548,18172.156
7766,2.912282,18175.068
7767,2.9116006,18177.98
7768,2.912381,18180.893
7769,2.9152431,18183.809
7770,2.919541,18186.729
7771,2.9259038,18189.654
7772,2.9320114,18192.586
7773,2.9388275,18195.525
7774,2.9450665,18198.47
7775,2.9520736,18201.422
7776,2.9597747,18204.38
7777,2.9677937,18207.35
7778,2.9758847,18210.326
7779,2.982146,18213.309
7780,2.9886525,18216.297
7781,2.9929814,18219.29
7782,2.998778,18222.287
7783,3.001198,18225.29
7784,3.001586,18228.291
7785,3.0014412,18231.293
7786,3.005101,18234.299
7787,3.0079138,18237.307
7788,3.0110607,18240.318
7789,3.0097864,18243.328
7790,3.009946,18246.338
7791,3.006663,18249.344
7792,3.0055737,18252.35
7793,3.0050206,18255.355
7794,3.0086257,18258.363
7795,3.0112636,18261.375
7796,3.013662,18264.389
7797,3.0145836,18267.402
7798,3.015478,18270.418
7799,3.0150406,18273.434
7800,3.0139842,18276.447
7801,3.0130224,18279.46
7802,3.0124233,18282.473
7803,3.0121222,18285.484
7804,3.0114148,18288.496
7805,3.0104723,18291.506
7806,3.0089693,18294.516
7807,3.007027,18297.523
7808,3.003673,18300.527
7809,2.9982574,18303.525
7810,2.9826791,18306.508
7811,2.9549243,18309.463
7812,2.9377205,18312.4
7813,2.933812,18315.334
7814,2.9305947,18318.264
7815,2.931233,18321.195
7816,2.9307148,18324.127
7817,2.9332128,18327.06
7818,2.9357946,18329.996
7819,2.9404314,18332.938
7820,2.9460726,18335.883
7821,2.9516602,18338.834
7822,2.9582546,18341.793
7823,2.9645562,18344.758
7824,2.97105,18347.729
7825,2.9771814,18350.705
7826,2.9823601,18353.688
7827,2.9876606,18356.676
7828,2.9927378,18359.668
7829,3.0020113,18362.67
7830,3.0129564,18365.684
7831,3.025598,18368.709
7832,3.035848,18371.744
7833,3.0457642,18374.79
7834,3.0543303,18377.844
7835,3.0627422,18380.906
7836,3.0699625,18383.977
7837,3.0756085,18387.053
7838,3.0792122,18390.133
7839,3.0818863,18393.215
7840,3.084083,18396.299
7841,3.0856771,18399.385
7842,3.0867777,18402.47
7843,3.0873692,18405.559
7844,3.0877259,18408.646
7845,3.0877407,18411.734
7846,3.0873675,18414.822
7847,3.086546,18417.908
7848,3.0854526,18420.994
7849,3.0841603,18424.078
7850,3.083191,18427.162
7851,3.082345,18430.244
7852,3.0815396,18433.326
7853,3.079759,18436.406
7854,3.0763388,18439.482
7855,3.0724545,18442.555
7856,3.0681293,18445.623
7857,3.0625863,18448.686
7858,3.0552342,18451.74
7859,3.047749,18454.787
7860,3.03857,18457.826
7861,3.0301657,18460.855
7862,3.0212512,18463.877
7863,3.0140483,18466.89
7864,3.0066426,18469.896
7865,3.000541,18472.896
7866,2.9948885,18475.89
7867,2.991109,18478.88
7868,2.987029,18481.867
7869,2.9844222,18484.852
7870,2.9814792,18487.834
7871,2.9800777,18490.814
7872,2.978165,18493.793
7873,2.9779165,18496.771
7874,2.9769583,18499.748
7875,2.977358,18502.725
7876,2.9767883,18505.701
7877,2.9775636,18508.68
7878,2.9775527,18511.658
7879,2.9800396,18514.639
7880,2.9843154,18517.623
7881,2.9890294,18520.611
7882,2.9928627,18523.604
7883,2.996357,18526.6
7884,2.9999712,18529.6
7885,3.0052438,18532.605
7886,3.0134883,18535.62
7887,3.024486,18538.645
7888,3.0389295,18541.684
7889,3.0545034,18544.738
7890,3.0709238,18547.809
7891,3.0856082,18550.895
7892,3.0994847,18553.994
7893,3.1113832,18557.105
7894,3.1216464,18560.227
7895,3.1295857,18563.355
7896,3.1358697,18566.492
7897,3.140773,18569.633
7898,3.1455748,18572.78
7899,3.149735,18575.93
7900,3.1538851,18579.084
7901,3.1572003,18582.24
7902,3.1595895,18585.4
7903,3.1606731,18588.56
7904,3.1613457,18591.723
7905,3.1618764,18594.885
7906,3.1623998,18598.047
7907,3.16237,18601.209
7908,3.1619432,18604.371
7909,3.1615305,18607.533
7910,3.1610708,18610.693
7911,3.1608758,18613.854
7912,3.1603043,18617.014
7913,3.1590755,18620.172
7914,3.1568782,18623.328
7915,3.1544068,18626.482
7916,3.151128,18629.633
7917,3.1472235,18632.78
7918,3.1426196,18635.922
7919,3.1374612,18639.059
7920,3.1318004,18642.19
7921,3.1255023,18645.314
7922,3.118682,18648.434
7923,3.1105764,18651.545
7924,3.1017418,18654.646
7925,3.0923724,18657.738
7926,3.0829163,18660.82
7927,3.073106,18663.893
7928,3.0635574,18666.957
7929,3.055161,18670.012
7930,3.046911,18673.059
7931,3.0397916,18676.098
7932,3.0329869,18679.13
7933,3.0277693,18682.158
7934,3.0233662,18685.182
7935,3.0207744,18688.203
7936,3.0187314,18691.223
7937,3.0178578,18694.24
7938,3.0178769,18697.258
7939,3.0204897,18700.277
7940,3.0252564,18703.303
7941,3.0322232,18706.334
7942,3.0420272,18709.377
7943,3.0547042,18712.432
7944,3.0685103,18715.5
7945,3.0837164,18718.584
7946,3.1006618,18721.686
7947,3.1193879,18724.805
7948,3.138718,18727.943
7949,3.1578896,18731.102
7950,3.173319,18734.275
7951,3.1866639,18737.463
7952,3.1970303,18740.66
7953,3.2065687,18743.867
7954,3.2142916,18747.082
7955,3.2219772,18750.305
7956,3.228514,18753.533
7957,3.2343054,18756.768
7958,3.238586,18760.006
7959,3.2423677,18763.248
7960,3.2451155,18766.492
7961,3.2477245,18769.74
7962,3.2491524,18772.99
7963,3.249949,18776.24
7964,3.25088,18779.49
7965,3.2512908,18782.742
7966,3.251068,18785.994
7967,3.250142,18789.244
7968,3.2481332,18792.492
7969,3.2461126,18795.738
7970,3.2434738,18798.982
7971,3.240285,18802.223
7972,3.2361996,18805.459
7973,3.2316582,18808.691
7974,3.227548,18811.92
7975,3.2241309,18815.145
7976,3.2215831,18818.365
7977,3.2187994,18821.584
7978,3.215762,18824.799
7979,3.211341,18828.01
7980,3.2064357,18831.217
7981,3.2005627,18834.418
7982,3.1950448,18837.613
7983,3.1891015,18840.803
7984,3.183495,18843.986
7985,3.177213,18847.164
7986,3.1711013,18850.336
7987,3.1645782,18853.5
7988,3.1577682,18856.658
7989,3.1516254,18859.81
7990,3.1466706,18862.957
7991,3.1416693,18866.1
7992,3.1364005,18869.236
7993,3.1292214,18872.365
7994,3.1216605,18875.486
7995,3.114511,18878.602
7996,3.1076386,18881.709
7997,3.1022089,18884.81
7998,3.0957751,18887.906
7999,3.089514,18890.996
8000,3.0831482,18894.08
8001,3.0778775,18897.158
8002,3.0720465,18900.23
8003,3.066614,18903.297
8004,3.0620596,18906.36
8005,3.0584896,18909.418
8006,3.0555217,18912.473
8007,3.0526302,18915.525
8008,3.0501602,18918.576
8009,3.047443,18921.623
8010,3.0455568,18924.668
8011,3.044293,18927.713
8012,3.0438104,18930.756
8013,3.0431814,18933.799
8014,3.0425503,18936.842
8015,3.041699,18939.883
8016,3.0409377,18942.924
8017,3.0398476,18945.963
8018,3.0390408,18949.002
8019,3.0374675,18952.04
8020,3.03634,18955.076
8021,3.0371063,18958.113
8022,3.0421698,18961.156
8023,3.0480003,18964.205
8024,3.0569544,18967.262
8025,3.065798,18970.328
8026,3.0761902,18973.404
8027,3.0860076,18976.49
8028,3.0973818,18979.588
8029,3.1096609,18982.697
8030,3.1232903,18985.82
8031,3.1365678,18988.957
8032,3.1504474,18992.107
8033,3.1642635,18995.271
8034,3.178037,18998.45
8035,3.190587,19001.64
8036,3.2025673,19004.844
8037,3.2131243,19008.057
8038,3.2216034,19011.277
8039,3.228635,19014.506
8040,3.2347884,19017.74
8041,3.2401943,19020.98
8042,3.244213,19024.225
8043,3.2474825,19027.473
8044,3.250615,19030.723
8045,3.2536461,19033.977
8046,3.2565334,19037.232
8047,3.258932,19040.492
8048,3.260446,19043.752
8049,3.2608354,19047.014
8050,3.2604468,19050.273
8051,3.2601082,19053.533
8052,3.2591274,19056.793
8053,3.2576327,19060.05
8054,3.2565517,19063.307
8055,3.2548726,19066.56
8056,3.2537282,19069.814
8057,3.2518327,19073.066
8058,3.249571,19076.316
8059,3.247581,19079.564
8060,3.2455053,19082.81
8061,3.2430332,19086.053
8062,3.2393453,19089.293
8063,3.2349718,19092.527
8064,3.2297769,19095.758
8065,3.2249174,19098.982
8066,3.2200768,19102.203
8067,3.215584,19105.418
8068,3.2101114,19108.629
8069,3.203998,19111.832
8070,3.197617,19115.03
8071,3.1921437,19118.22
8072,3.1874995,19121.408
8073,3.1837327,19124.592
8074,3.1805258,19127.771
8075,3.1768703,19130.95
8076,3.172503,19134.121
8077,3.168502,19137.29
8078,3.1651974,19140.455
8079,3.1619918,19143.617
8080,3.158421,19146.775
8081,3.154586,19149.93
8082,3.1511176,19153.08
8083,3.1476626,19156.229
8084,3.1438348,19159.373
8085,3.1406052,19162.514
8086,3.1373355,19165.65
8087,3.134675,19168.785
8088,3.1313972,19171.916
8089,3.1287386,19175.045
8090,3.1253145,19178.17
8091,3.1207094,19181.291
8092,3.116105,19184.406
8093,3.1123612,19187.52
8094,3.1091855,19190.629
8095,3.1059551,19193.734
8096,3.1030307,19196.838
8097,3.1031618,19199.941
8098,3.10829,19203.049
8099,3.1149917,19206.164
8100,3.1242502,19209.29
8101,3.1337981,19212.424
8102,3.144552,19215.568
8103,3.1557696,19218.725
8104,3.1686223,19221.893
8105,3.1808422,19225.074
8106,3.1927319,19228.268
8107,3.2034636,19231.47
8108,3.2131865,19234.684
8109,3.222349,19237.906
8110,3.2323673,19241.139
8111,3.2413156,19244.38
8112,3.2500844,19247.63
8113,3.2573063,19250.889
8114,3.2644522,19254.152
8115,3.270232,19257.422
8116,3.2754545,19260.697
8117,3.279392,19263.977
8118,3.283139,19267.26
8119,3.2857776,19270.545
8120,3.288233,19273.834
8121,3.2900865,19277.125
8122,3.2916477,19280.416
8123,3.2924716,19283.709
8124,3.292641,19287.002
8125,3.2929223,19290.295
8126,3.2929037,19293.588
8127,3.2922914,19296.88
8128,3.2916086,19300.172
8129,3.2916408,19303.463
8130,3.2930663,19306.756
8131,3.2944012,19310.05
8132,3.296796,19313.348
8133,3.2977462,19316.645
8134,3.299519,19319.943
8135,3.30022,19323.244
8136,3.3022442,19326.547
8137,3.3029535,19329.85
8138,3.3029275,19333.152
8139,3.30073,19336.453
8140,3.298061,19339.752
8141,3.2944217,19343.047
8142,3.2913146,19346.338
8143,3.2879198,19349.625
8144,3.284236,19352.91
8145,3.2798834,19356.19
8146,3.2753627,19359.465
8147,3.2723286,19362.736
8148,3.2698174,19366.006
8149,3.2678127,19369.273
8150,3.265813,19372.54
8151,3.263424,19375.803
8152,3.2603803,19379.062
8153,3.2575612,19382.32
8154,3.2555335,19385.576
8155,3.2538626,19388.83
8156,3.252194,19392.082
8157,3.2510436,19395.334
8158,3.2498288,19398.584
8159,3.2481968,19401.832
8160,3.2465057,19405.078
8161,3.243791,19408.322
8162,3.2398741,19411.562
8163,3.235959,19414.799
8164,3.2309575,19418.03
8165,3.2272043,19421.256
8166,3.2246227,19424.48
8167,3.2217474,19427.703
8168,3.2175899,19430.92
8169,3.2133462,19434.133
8170,3.2101011,19437.344
8171,3.2075899,19440.55
8172,3.2055385,19443.756
8173,3.2035973,19446.959
8174,3.2010925,19450.16
8175,3.1979241,19453.357
8176,3.195089,19456.553
8177,3.1917017,19459.744
8178,3.1911032,19462.936
8179,3.196048,19466.13
8180,3.206267,19469.338
8181,3.2163832,19472.555
8182,3.2306683,19475.785
8183,3.2433703,19479.03
8184,3.257014,19482.287
8185,3.268449,19485.555
8186,3.2794995,19488.834
8187,3.2884016,19492.123
8188,3.2975478,19495.42
8189,3.3061323,19498.727
8190,3.316661,19502.043
8191,3.3241053,19505.367
8192,3.3307388,19508.697
8193,3.3365889,19512.033
8194,3.3419344,19515.375
8195,3.346514,19518.72
8196,3.3505952,19522.072
8197,3.3527997,19525.426
8198,3.3529458,19528.78
8199,3.3540866,19532.133
8200,3.3550148,19535.488
8201,3.3559794,19538.844
8202,3.3566992,19542.201
8203,3.3571782,19545.559
8204,3.3572009,19548.916
8205,3.3566277,19552.273
8206,3.3548784,19555.629
8207,3.353107,19558.982
8208,3.3511472,19562.334
8209,3.3491032,19565.684
8210,3.3494732,19569.033
8211,3.3498244,19572.383
8212,3.35172,19575.734
8213,3.3528552,19579.088
8214,3.3562024,19582.443
8215,3.3612401,19585.805
8216,3.3669722,19589.172
8217,3.3735998,19592.545
8218,3.3813176,19595.926
8219,3.389497,19599.314
8220,3.3980055,19602.713
8221,3.4062572,19606.12
8222,3.4134786,19609.533
8223,3.4193904,19612.953
8224,3.4255939,19616.379
8225,3.4314163,19619.81
8226,3.4373426,19623.248
8227,3.4427764,19626.691
8228,3.4475899,19630.139
8229,3.4523976,19633.592
8230,3.4547548,19637.047
8231,3.4580617,19640.506
8232,3.4609463,19643.967
8233,3.4643123,19647.432
8234,3.4665267,19650.898
8235,3.469161,19654.367
8236,3.4701967,19657.838
8237,3.4714565,19661.309
8238,3.4709554,19664.78
8239,3.4712963,19668.25
8240,3.4700105,19671.72
8241,3.4680455,19675.19
8242,3.4659731,19678.656
8243,3.464198,19682.121
8244,3.4618077,19685.582
8245,3.4591753,19689.041
8246,3.4545658,19692.496
8247,3.4491322,19695.945
8248,3.4467883,19699.393
8249,3.4461968,19702.838
8250,3.446549,19706.285
8251,3.4460344,19709.73
8252,3.4470427,19713.178
8253,3.447707,19716.625
8254,3.4474623,19720.072
8255,3.4445937,19723.518
8256,3.441233,19726.959
8257,3.4398012,19730.398
8258,3.438785,19733.838
8259,3.4389203,19737.277
8260,3.4366503,19740.715
8261,3.4361346,19744.15
8262,3.4370804,19747.588
8263,3.4379177,19751.025
8264,3.4388728,19754.465
8265,3.4388301,19757.904
8266,3.4389544,19761.344
8267,3.4385011,19764.783
8268,3.4372554,19768.22
8269,3.435752,19771.656
8270,3.433535,19775.09
8271,3.4311254,19778.521
8272,3.430708,19781.953
8273,3.4298842,19785.383
8274,3.431003,19788.814
8275,3.4324756,19792.246
8276,3.4327855,19795.68
8277,3.4339125,19799.113
8278,3.4331834,19802.547
8279,3.4313653,19805.979
8280,3.4267657,19809.406
8281,3.422233,19812.828
8282,3.41865,19816.246
8283,3.4183223,19819.664
8284,3.419312,19823.084
8285,3.4202223,19826.504
8286,3.4255278,19829.93
8287,3.4333932,19833.363
8288,3.43854,19836.803
8289,3.4399517,19840.242
8290,3.439871,19843.682
8291,3.4400685,19847.121
8292,3.442479,19850.564
8293,3.445158,19854.01
8294,3.446278,19857.455
8295,3.4456966,19860.9
8296,3.443325,19864.344
8297,3.439996,19867.783
8298,3.4368322,19871.22
8299,3.434172,19874.654
8300,3.4322925,19878.086
8301,3.428895,19881.516
8302,3.425137,19884.941
8303,3.4219105,19888.363
8304,3.4186964,19891.781
8305,3.414426,19895.195
8306,3.4101622,19898.605
8307,3.406312,19902.012
8308,3.4045947,19905.416
8309,3.404864,19908.82
8310,3.4062598,19912.227
8311,3.40627,19915.633
8312,3.4059746,19919.04
8313,3.4066188,19922.445
8314,3.4085674,19925.854
8315,3.4092386,19929.264
8316,3.410837,19932.674
8317,3.4112442,19936.086
8318,3.4135911,19939.5
8319,3.4163017,19942.916
8320,3.416625,19946.332
8321,3.4158885,19949.748
8322,3.4143329,19953.162
8323,3.413306,19956.576
8324,3.413106,19959.99
8325,3.4130645,19963.402
8326,3.4126482,19966.814
8327,3.4110744,19970.225
8328,3.4082057,19973.633
8329,3.402154,19977.035
8330,3.397226,19980.432
8331,3.3928692,19983.824
8332,3.3903353,19987.215
8333,3.3891764,19990.604
8334,3.389971,19993.994
8335,3.390583,19997.385
8336,3.3926299,20000.777
8337,3.3981297,20004.176
8338,3.4030428,20007.578
8339,3.406452,20010.984
8340,3.406899,20014.39
8341,3.4069035,20017.797
8342,3.406837,20021.203
8343,3.4075084,20024.611
8344,3.4078417,20028.02
8345,3.408685,20031.428
8346,3.410344,20034.838
8347,3.4125924,20038.25
8348,3.4149954,20041.664
8349,3.4169023,20045.08
8350,3.4194226,20048.5
8351,3.4229956,20051.924
8352,3.4265246,20055.35
8353,3.429026,20058.78
8354,3.4309988,20062.21
8355,3.4333963,20065.645
8356,3.436395,20069.08
8357,3.4380813,20072.518
8358,3.4405303,20075.959
8359,3.4417422,20079.4
8360,3.4440107,20082.844
8361,3.445669,20086.29
8362,3.4470522,20089.736
8363,3.4484613,20093.186
8364,3.4502678,20096.637
8365,3.4523726,20100.09
8366,3.4535954,20103.543
8367,3.454672,20106.998
8368,3.4559622,20110.453
8369,3.4580379,20113.912
8370,3.4607408,20117.373
8371,3.4629714,20120.836
8372,3.4657893,20124.3
8373,3.4674978,20127.768
8374,3.468895,20131.236
8375,3.4700613,20134.707
8376,3.4712496,20138.178
8377,3.4722097,20141.65
8378,3.472372,20145.123
8379,3.4727805,20148.596
8380,3.4733984,20152.068
8381,3.4741516,20155.543
8382,3.4746447,20159.018
8383,3.4745653,20162.492
8384,3.475014,20165.967
8385,3.475073,20169.441
8386,3.4746172,20172.916
8387,3.4739382,20176.39
8388,3.472563,20179.863
8389,3.472065,20183.336
8390,3.4711144,20186.807
8391,3.4701922,20190.277
8392,3.469111,20193.746
8393,3.468915,20197.215
8394,3.4693227,20200.684
8395,3.4688454,20204.152
8396,3.467392,20207.62
8397,3.467012,20211.086
8398,3.466701,20214.553
8399,3.4653668,20218.018
8400,3.4628034,20221.48
8401,3.4599266,20224.94
8402,3.456951,20228.396
8403,3.4540133,20231.85
8404,3.4517696,20235.3
8405,3.4486127,20238.75
8406,3.4473677,20242.197
8407,3.4465687,20245.645
8408,3.4468393,20249.092
8409,3.4482067,20252.54
8410,3.4494896,20255.988
8411,3.4512224,20259.44
8412,3.452782,20262.893
8413,3.4542487,20266.348
8414,3.4566965,20269.805
8415,3.4576256,20273.262
8416,3.457739,20276.719
8417,3.4577026,20280.176
8418,3.4580586,20283.635
8419,3.4591732,20287.094
8420,3.4618459,20290.555
8421,3.4632847,20294.018
8422,3.4653625,20297.482
8423,3.4676657,20300.95
8424,3.4708378,20304.42
8425,3.4733543,20307.893
8426,3.4758346,20311.37
8427,3.4776704,20314.848
8428,3.4788187,20318.326
8429,3.4799008,20321.807
8430,3.4806736,20325.287
8431,3.4812615,20328.768
8432,3.4821773,20332.25
8433,3.4829595,20335.732
8434,3.4830263,20339.215
8435,3.48266,20342.697
8436,3.4820843,20346.18
8437,3.481716,20349.662
8438,3.4817555,20353.145
8439,3.4817417,20356.627
8440,3.481733,20360.11
8441,3.4819746,20363.592
8442,3.4828155,20367.074
8443,3.4845617,20370.559
8444,3.4866235,20374.045
8445,3.4880338,20377.533
8446,3.4898884,20381.023
8447,3.4906557,20384.514
8448,3.491356,20388.006
8449,3.491184,20391.496
8450,3.4910007,20394.986
8451,3.4910245,20398.477
8452,3.491152,20401.967
8453,3.491514,20405.459
8454,3.4914043,20408.951
8455,3.490967,20412.441
8456,3.490007,20415.932
8457,3.489777,20419.422
8458,3.4891827,20422.91
8459,3.4889324,20426.398
8460,3.489417,20429.889
8461,3.4892254,20433.377
8462,3.4894223,20436.867
8463,3.4892595,20440.357
8464,3.4887705,20443.846
8465,3.4885137,20447.334
8466,3.4878778,20450.822
8467,3.4871733,20454.309
8468,3.4873452,20457.797
8469,3.4863157,20461.283
8470,3.4856977,20464.77
8471,3.485137,20468.254
8472,3.4834704,20471.738
8473,3.4817605,20475.22
8474,3.4801898,20478.701
8475,3.479648,20482.182
8476,3.4801967,20485.662
8477,3.4806316,20489.143
8478,3.480885,20492.623
8479,3.4802618,20496.104
8480,3.4792354,20499.582
8481,3.4780571,20503.06
8482,3.477331,20506.537
8483,3.4773552,20510.014
8484,3.4767973,20513.49
8485,3.475357,20516.965
8486,3.4745083,20520.44
8487,3.473236,20523.912
8488,3.472642,20527.385
8489,3.4720633,20530.857
8490,3.4708662,20534.328
8491,3.4692395,20537.797
8492,3.468226,20541.266
8493,3.4682128,20544.734
8494,3.46955,20548.203
8495,3.4699676,20551.674
8496,3.470868,20555.145
8497,3.4721324,20558.617
8498,3.4732885,20562.09
8499,3.4746478,20565.564
8500,3.4751914,20569.04
8501,3.4757318,20572.516
8502,3.478088,20575.994
8503,3.480335,20579.475
8504,3.4828207,20582.957
8505,3.4835675,20586.441
8506,3.4833627,20589.924
8507,3.4834642,20593.408
8508,3.483987,20596.893
8509,3.4843013,20600.377
8510,3.4845726,20603.861
8511,3.4842324,20607.346
8512,3.482775,20610.828
8513,3.4810107,20614.309
8514,3.4796698,20617.79
8515,3.4793189,20621.268
8516,3.4782896,20624.746
8517,3.4763122,20628.223
8518,3.4746935,20631.697
8519,3.4734154,20635.17
8520,3.473078,20638.643
8521,3.4728966,20642.115
8522,3.4725537,20645.588
8523,3.471538,20649.059
8524,3.4702039,20652.53
8525,3.469982,20656.0
8526,3.4706142,20659.47
8527,3.4715967,20662.941
8528,3.4739172,20666.416
8529,3.4756727,20669.893
8530,3.478505,20673.371
8531,3.4794812,20676.85
8532,3.4801216,20680.33
8533,3.4807456,20683.81
8534,3.4805388,20687.291
8535,3.4814403,20690.771
8536,3.4814072,20694.252
8537,3.4814262,20697.732
8538,3.4813352,20701.213
8539,3.4817705,20704.695
8540,3.4824984,20708.178
8541,3.4825823,20711.66
8542,3.4827056,20715.143
8543,3.4826763,20718.625
8544,3.4825466,20722.107
8545,3.4824023,20725.59
8546,3.4814441,20729.07
8547,3.4807544,20732.55
8548,3.4805348,20736.031
8549,3.4795718,20739.512
8550,3.4788046,20742.99
8551,3.4774704,20746.467
8552,3.47557,20749.941
8553,3.4749286,20753.416
8554,3.4744785,20756.89
8555,3.4745562,20760.365
8556,3.474905,20763.84
8557,3.4748158,20767.314
8558,3.475341,20770.79
8559,3.4753523,20774.264
8560,3.4749215,20777.738
8561,3.4758742,20781.215
8562,3.4763806,20784.691
8563,3.477415,20788.168
8564,3.4783862,20791.646
8565,3.4794605,20795.125
8566,3.480985,20798.605
8567,3.4819136,20802.088
8568,3.4831173,20805.57
8569,3.4837112,20809.055
8570,3.48448,20812.54
8571,3.4848812,20816.023
8572,3.4847023,20819.508
8573,3.4845724,20822.992
8574,3.4846852,20826.477
8575,3.4846914,20829.96
8576,3.484336,20833.445
8577,3.484456,20836.93
8578,3.484034,20840.414
8579,3.483486,20843.898
8580,3.4826803,20847.38
8581,3.4812605,20850.861
8582,3.479095,20854.34
8583,3.4775782,20857.818
8584,3.4764535,20861.295
8585,3.4757497,20864.771
8586,3.4757717,20868.248
8587,3.4752448,20871.723
8588,3.474602,20875.197
8589,3.4745767,20878.672
8590,3.4748518,20882.146
8591,3.4750032,20885.621
8592,3.4746382,20889.096
8593,3.47436,20892.57
8594,3.474452,20896.045
8595,3.4741697,20899.52
8596,3.4729376,20902.992
8597,3.471938,20906.465
8598,3.4702678,20909.936
8599,3.4694316,20913.404
8600,3.468711,20916.873
8601,3.4677224,20920.34
8602,3.4663208,20923.807
8603,3.4656408,20927.271
8604,3.465227,20930.736
8605,3.4661756,20934.203
8606,3.4682577,20937.672
8607,3.4694448,20941.14
8608,3.469889,20944.611
8609,3.4695754,20948.08
8610,3.4691188,20951.549
8611,3.4695778,20955.018
8612,3.4699886,20958.488
8613,3.4702923,20961.959
8614,3.470847,20965.43
8615,3.4717648,20968.902
8616,3.4726775,20972.375
8617,3.4735699,20975.848
8618,3.4746227,20979.322
8619,3.4747293,20982.797
8620,3.4749734,20986.271
8621,3.4750943,20989.746
8622,3.4751189,20993.22
8623,3.4754884,20996.695
8624,3.4747336,21000.17
8625,3.4745352,21003.645
8626,3.4743013,21007.12
8627,3.4739397,21010.594
8628,3.4736464,21014.068
8629,3.4733603,21017.541
8630,3.4730067,21021.014
8631,3.472458,21024.486
8632,3.4722989,21027.959
8633,3.4723458,21031.432
8634,3.4723952,21034.904
8635,3.472577,21038.377
8636,3.473041,21041.85
8637,3.473562,21045.322
8638,3.4750674,21048.797
8639,3.4756687,21052.273
8640,3.4766028,21055.75
8641,3.4772377,21059.227
8642,3.4774954,21062.703
8643,3.4778845,21066.182
8644,3.4774868,21069.658
8645,3.477804,21073.137
8646,3.4782114,21076.615
8647,3.4782693,21080.094
8648,3.4785287,21083.572
8649,3.4788623,21087.05
8650,3.4797282,21090.531
8651,3.4808025,21094.012
8652,3.4826436,21097.494
8653,3.48287,21100.977
8654,3.4825277,21104.459
8655,3.4816446,21107.941
8656,3.4814296,21111.422
8657,3.4808552,21114.902
8658,3.4801068,21118.383
8659,3.4791708,21121.861
8660,3.4776676,21125.34
8661,3.4767647,21128.816
8662,3.4766684,21132.293
8663,3.4763427,21135.77
8664,3.4764209,21139.246
8665,3.4764032,21142.723
8666,3.476657,21146.2
8667,3.476844,21149.676
8668,3.477583,21153.154
8669,3.4788356,21156.633
8670,3.4805195,21160.113
8671,3.4816494,21163.596
8672,3.482308,21167.078
8673,3.4835026,21170.562
8674,3.4849217,21174.047
8675,3.4865017,21177.533
8676,3.4866238,21181.02
8677,3.4859412,21184.506
8678,3.4841118,21187.99
8679,3.4832814,21191.473
8680,3.4823043,21194.955
8681,3.4817076,21198.438
8682,3.4816144,21201.92
8683,3.4808214,21205.4
8684,3.4803784,21208.88
8685,3.4795227,21212.361
8686,3.4780002,21215.84
8687,3.47699,21219.316
8688,3.4762847,21222.793
8689,3.476303,21226.27
8690,3.4770238,21229.746
8691,3.4771717,21233.223
8692,3.4774284,21236.7
8693,3.4770904,21240.176
8694,3.4768727,21243.652
8695,3.4761925,21247.129
8696,3.47589,21250.605
8697,3.476958,21254.082
8698,3.4788058,21257.56
8699,3.4797845,21261.041
8700,3.480097,21264.521
8701,3.4799197,21268.002
8702,3.4799612,21271.482
8703,3.4812005,21274.963
8704,3.4826214,21278.445
8705,3.484327,21281.93
8706,3.4849577,21285.414
8707,3.4846258,21288.898
8708,3.4848254,21292.383
8709,3.485246,21295.867
8710,3.485709,21299.354
8711,3.486048,21302.84
8712,3.4856577,21306.326
8713,3.48538,21309.812
8714,3.4844615,21313.297
8715,3.4841068,21316.781
8716,3.4828897,21320.264
8717,3.4811978,21323.744
8718,3.4794397,21327.223
8719,3.4780624,21330.701
8720,3.4767232,21334.178
8721,3.475242,21337.652
8722,3.4730728,21341.125
8723,3.4713893,21344.596
8724,3.4704924,21348.066
8725,3.4713125,21351.537
8726,3.4725962,21355.01
8727,3.473416,21358.482
8728,3.4740343,21361.957
8729,3.4742522,21365.432
8730,3.4742017,21368.906
8731,3.4741983,21372.38
8732,3.4733,21375.854
8733,3.471618,21379.324
8734,3.4700136,21382.795
8735,3.4694693,21386.264
8736,3.4698138,21389.734
8737,3.4700863,21393.205
8738,3.471228,21396.676
8739,3.4716818,21400.148
8740,3.4732766,21403.621
8741,3.4740026,21407.096
8742,3.475279,21410.57
8743,3.4773254,21414.047
8744,3.4792714,21417.525
8745,3.4804504,21421.006
8746,3.4799478,21424.486
8747,3.4782312,21427.965
8748,3.4776595,21431.443
8749,3.4791033,21434.922
8750,3.4812407,21438.402
8751,3.4826946,21441.885
8752,3.4824922,21445.367
8753,3.4819129,21448.85
8754,3.4828382,21452.332
8755,3.483988,21455.816
8756,3.484991,21459.3
8757,3.4853723,21462.787
8758,3.4861712,21466.273
8759,3.4869504,21469.76
8760,3.4867392,21473.246
8761,3.485765,21476.732
8762,3.4852233,21480.217
8763,3.4852889,21483.701
8764,3.4847863,21487.186
8765,3.4854867,21490.672
8766,3.4860375,21494.158
8767,3.4859576,21497.645
8768,3.4858322,21501.13
8769,3.4851255,21504.615
8770,3.485375,21508.102
8771,3.4852502,21511.586
8772,3.4856937,21515.072
8773,3.485342,21518.557
8774,3.4845476,21522.041
8775,3.482457,21525.523
8776,3.4805532,21529.004
8777,3.4787438,21532.482
8778,3.4765508,21535.959
8779,3.47596,21539.436
8780,3.4745636,21542.91
8781,3.4736352,21546.385
8782,3.4726217,21549.857
8783,3.4711444,21553.328
8784,3.4703789,21556.799
8785,3.468865,21560.268
8786,3.4669125,21563.734
8787,3.466384,21567.201
8788,3.4664047,21570.668
8789,3.4653919,21574.133
8790,3.4639406,21577.598
8791,3.461915,21581.06
8792,3.4608197,21584.521
8793,3.4614656,21587.982
8794,3.4616814,21591.443
8795,3.4610555,21594.904
8796,3.4614632,21598.365
8797,3.4624476,21601.828
8798,3.462053,21605.291
8799,3.4605126,21608.752
8800,3.4583502,21612.21
8801,3.4588234,21615.67
8802,3.4572554,21619.127
8803,3.4540083,21622.58
8804,3.4510999,21626.031
8805,3.4487834,21629.48
8806,3.4477777,21632.928
8807,3.4455838,21636.373
8808,3.4456038,21639.818
8809,3.4475243,21643.266
8810,3.4485161,21646.715
8811,3.449664,21650.164
8812,3.4499261,21653.613
8813,3.451257,21657.064
8814,3.4515393,21660.516
8815,3.4512725,21663.967
8816,3.4520247,21667.418
8817,3.4524324,21670.871
8818,3.4544423,21674.326
8819,3.456437,21677.783
8820,3.4585571,21681.242
8821,3.4595516,21684.701
8822,3.4609487,21688.162
8823,3.4627812,21691.625
8824,3.4644516,21695.09
8825,3.4666426,21698.557
8826,3.4688704,21702.025
8827,3.4707332,21705.496
8828,3.4723449,21708.969
8829,3.4722514,21712.441
8830,3.4708912,21715.912
8831,3.4690564,21719.38
8832,3.4663854,21722.848
8833,3.4648192,21726.312
8834,3.4629235,21729.775
8835,3.4615755,21733.236
8836,3.4598932,21736.695
8837,3.4582992,21740.154
8838,3.4562247,21743.611
8839,3.4546232,21747.066
8840,3.4542239,21750.521
8841,3.4538467,21753.975
8842,3.4547572,21757.43
8843,3.4553702,21760.885
8844,3.4567144,21764.342
8845,3.4570475,21767.799
8846,3.4561343,21771.256
8847,3.4547188,21774.71
8848,3.4524412,21778.164
8849,3.4507697,21781.615
8850,3.4496908,21785.064
8851,3.4493127,21788.514
8852,3.4487438,21791.963
8853,3.44774,21795.41
8854,3.4456291,21798.855
8855,3.4432127,21802.299
8856,3.441016,21805.74
8857,3.4392266,21809.18
8858,3.4383764,21812.617
8859,3.437795,21816.055
8860,3.4386258,21819.494
8861,3.440038,21822.934
8862,3.4429283,21826.377
8863,3.4451625,21829.822
8864,3.4481564,21833.27
8865,3.4514925,21836.72
8866,3.4541595,21840.176
8867,3.4558916,21843.63
8868,3.4574008,21847.088
8869,3.4585059,21850.547
8870,3.459321,21854.006
8871,3.4614742,21857.467
8872,3.4637387,21860.93
8873,3.4660416,21864.396
8874,3.4679449,21867.865
8875,3.4692705,21871.334
8876,3.4696503,21874.803
8877,3.470502,21878.273
8878,3.4705815,21881.744
8879,3.4714098,21885.215
8880,3.4714677,21888.686
8881,3.4712167,21892.156
8882,3.4707003,21895.627
8883,3.4703827,21899.098
8884,3.4706933,21902.568
8885,3.4712229,21906.04
8886,3.4727936,21909.512
8887,3.4739108,21912.986
8888,3.4747794,21916.46
8889,3.475596,21919.938
8890,3.476304,21923.414
8891,3.4775393,21926.893
8892,3.4785628,21930.371
8893,3.479086,21933.85
8894,3.479877,21937.33
8895,3.4803314,21940.81
8896,3.4805877,21944.291
8897,3.4811313,21947.771
8898,3.481086,21951.252
8899,3.481861,21954.734
8900,3.4818377,21958.217
8901,3.482284,21961.7
8902,3.4827425,21965.182
8903,3.4839187,21968.666
8904,3.4857242,21972.152
8905,3.486954,21975.639
8906,3.4882772,21979.127
8907,3.488279,21982.615
8908,3.4871728,21986.102
8909,3.4865608,21989.588
8910,3.4847767,21993.072
8911,3.483495,21996.557
8912,3.4827406,22000.04
8913,3.4829302,22003.521
8914,3.4836156,22007.006
8915,3.4845836,22010.49
8916,3.4855647,22013.977
8917,3.4858203,22017.463
8918,3.4866724,22020.95
8919,3.4867494,22024.436
8920,3.4865735,22027.922
8921,3.487006,22031.408
8922,3.4877398,22034.896
8923,3.4884167,22038.385
8924,3.4891205,22041.873
8925,3.4887056,22045.361
8926,3.4881945,22048.85
8927,3.4874043,22052.338
8928,3.485824,22055.824
8929,3.485104,22059.309
8930,3.4843936,22062.793
8931,3.4842944,22066.277
8932,3.4846358,22069.762
8933,3.4843993,22073.246
8934,3.4848392,22076.73
8935,3.4847233,22080.215
8936,3.4846258,22083.7
8937,3.4845989,22087.184
8938,3.4850867,22090.668
8939,3.485582,22094.154
8940,3.4856644,22097.64
8941,3.4849072,22101.125
8942,3.4830966,22104.607
8943,3.4816806,22108.09
8944,3.4789913,22111.568
8945,3.477192,22115.045
8946,3.4755528,22118.52
8947,3.473911,22121.994
8948,3.4730504,22125.467
8949,3.471993,22128.94
8950,3.4714627,22132.41
8951,3.4711452,22135.88
8952,3.471149,22139.352
8953,3.4711385,22142.822
8954,3.4710999,22146.293
8955,3.471587,22149.764
8956,3.472405,22153.236
8957,3.4734588,22156.709
8958,3.4747183,22160.184
8959,3.4754562,22163.658
8960,3.475446,22167.133
8961,3.4751978,22170.607
8962,3.4748745,22174.082
8963,3.4746554,22177.557
8964,3.4743729,22181.031
8965,3.473862,22184.506
8966,3.4726787,22187.979
8967,3.4716682,22191.45
8968,3.470483,22194.92
8969,3.4697256,22198.389
8970,3.4683502,22201.857
8971,3.4670737,22205.324
8972,3.4658628,22208.791
8973,3.4657476,22212.256
8974,3.4665036,22215.723
8975,3.467592,22219.19
8976,3.469377,22222.658
8977,3.4698699,22226.129
8978,3.4706125,22229.6
8979,3.4712558,22233.07
8980,3.4719155,22236.543
8981,3.4726279,22240.016
8982,3.4731555,22243.488
8983,3.4735777,22246.96
8984,3.473968,22250.436
8985,3.4741495,22253.91
8986,3.4740386,22257.385
8987,3.473948,22260.86
8988,3.4735806,22264.332
8989,3.4726148,22267.805
8990,3.4701183,22271.275
8991,3.468485,22274.744
8992,3.4673288,22278.21
8993,3.4675145,22281.678
8994,3.468255,22285.146
8995,3.4690387,22288.615
8996,3.4703462,22292.086
8997,3.4716244,22295.557
8998,3.472739,22299.03
8999,3.4738634,22302.504
9000,3.474368,22305.979
9001,3.4747329,22309.453
9002,3.4742706,22312.928
9003,3.47408,22316.402
9004,3.4739766,22319.877
9005,3.4747329,22323.352
9006,3.4753206,22326.826
9007,3.4753582,22330.3
9008,3.4743996,22333.775
9009,3.4741516,22337.25
9010,3.4748144,22340.725
9011,3.4759326,22344.201
9012,3.4777946,22347.68
9013,3.4790075,22351.158
9014,3.481283,22354.639
9015,3.4828844,22358.121
9016,3.485123,22361.605
9017,3.4864993,22365.092
9018,3.4882412,22368.58
9019,3.489719,22372.07
9020,3.4907308,22375.56
9021,3.4914749,22379.053
9022,3.4924002,22382.545
9023,3.4932475,22386.04
9024,3.4947515,22389.533
9025,3.4947119,22393.027
9026,3.494812,22396.521
9027,3.4945428,22400.016
9028,3.4944072,22403.51
9029,3.4948308,22407.004
9030,3.495211,22410.5
9031,3.4961584,22413.996
9032,3.4972043,22417.494
9033,3.4974945,22420.992
9034,3.4974086,22424.49
9035,3.4971874,22427.988
9036,3.4973652,22431.486
9037,3.4980686,22434.984
9038,3.4986165,22438.482
9039,3.4991925,22441.982
9040,3.4992416,22445.482
9041,3.4980404,22448.98
9042,3.4953592,22452.477
9043,3.492716,22455.969
9044,3.4898758,22459.459
9045,3.4879634,22462.947
9046,3.485532,22466.434
9047,3.4841866,22469.918
9048,3.4829333,22473.4
9049,3.4816632,22476.883
9050,3.4797313,22480.363
9051,3.4779372,22483.842
9052,3.475884,22487.318
9053,3.4736469,22490.793
9054,3.4712858,22494.264
9055,3.4701173,22497.734
9056,3.4702547,22501.205
9057,3.4712305,22504.676
9058,3.472619,22508.148
9059,3.4726357,22511.621
9060,3.4726949,22515.094
9061,3.4729788,22518.566
9062,3.474362,22522.041
9063,3.475242,22525.516
9064,3.476483,22528.992
9065,3.4764779,22532.469
9066,3.4769375,22535.945
9067,3.4775536,22539.424
9068,3.477038,22542.9
9069,3.4761477,22546.377
9070,3.4740145,22549.852
9071,3.473714,22553.326
9072,3.474734,22556.8
9073,3.4767554,22560.277
9074,3.4802456,22563.758
9075,3.4816787,22567.24
9076,3.4822652,22570.723
9077,3.4824574,22574.205
9078,3.482262,22577.688
9079,3.4824665,22581.17
9080,3.4821026,22584.652
9081,3.4816225,22588.135
9082,3.4823859,22591.617
9083,3.482713,22595.1
9084,3.4827504,22598.582
9085,3.482817,22602.064
9086,3.4820766,22605.547
9087,3.4810739,22609.027
9088,3.4797635,22612.508
9089,3.478484,22615.986
9090,3.4759183,22619.463
9091,3.4750445,22622.938
9092,3.4721127,22626.41
9093,3.470181,22629.88
9094,3.4665945,22633.348
9095,3.4638155,22636.81
9096,3.4617782,22640.271
9097,3.459907,22643.73
9098,3.4592917,22647.19
9099,3.4587338,22650.648
9100,3.457568,22654.105
9101,3.456585,22657.562
9102,3.4566367,22661.02
9103,3.4568892,22664.477
9104,3.4587016,22667.936
9105,3.4597998,22671.395
9106,3.4610558,22674.855
9107,3.461028,22678.316
9108,3.4609451,22681.777
9109,3.4595706,22685.236
9110,3.4578035,22688.693
9111,3.4560645,22692.15
9112,3.455354,22695.605
9113,3.455653,22699.06
9114,3.4558632,22702.516
9115,3.4567049,22705.973
9116,3.4582138,22709.432
9117,3.459961,22712.89
9118,3.460434,22716.352
9119,3.460245,22719.812
9120,3.4576616,22723.27
9121,3.4543931,22726.725
9122,3.450405,22730.176
9123,3.444623,22733.621
9124,3.439075,22737.06
9125,3.4357579,22740.496
9126,3.4331665,22743.93
9127,3.4300625,22747.36
9128,3.427289,22750.787
9129,3.4254284,22754.213
9130,3.425727,22757.639
9131,3.4254582,22761.064
9132,3.4250853,22764.49
9133,3.4227214,22767.912
9134,3.4214554,22771.334
9135,3.4229088,22774.758
9136,3.4228075,22778.18
9137,3.4224434,22781.602
9138,3.4213197,22785.023
9139,3.4209998,22788.445
9140,3.4224107,22791.867
9141,3.4246395,22795.291
9142,3.4271326,22798.719
9143,3.429124,22802.148
9144,3.4305866,22805.578
9145,3.4323123,22809.01
9146,3.4339054,22812.443
9147,3.4350085,22815.879
9148,3.4357703,22819.314
9149,3.436224,22822.75
9150,3.436075,22826.186
9151,3.436554,22829.623
9152,3.4375942,22833.06
9153,3.4381511,22836.498
9154,3.4392986,22839.938
9155,3.4402108,22843.377
9156,3.442289,22846.818
9157,3.4445317,22850.264
9158,3.4461682,22853.709
9159,3.4481785,22857.156
9160,3.450143,22860.605
9161,3.451897,22864.057
9162,3.453825,22867.51
9163,3.45535,22870.965
9164,3.456231,22874.422
9165,3.4569476,22877.879
9166,3.457852,22881.336
9167,3.4590962,22884.795
9168,3.4600341,22888.256
9169,3.4609554,22891.717
9170,3.461607,22895.178
9171,3.4629843,22898.64
9172,3.4642413,22902.105
9173,3.4653683,22905.57
9174,3.466347,22909.037
9175,3.467486,22912.504
9176,3.469443,22915.973
9177,3.4711394,22919.443
9178,3.4729943,22922.916
9179,3.4745564,22926.39
9180,3.476311,22929.867
9181,3.4784405,22933.346
9182,3.4807467,22936.826
9183,3.4829376,22940.309
9184,3.4845576,22943.793
9185,3.4861236,22947.28
9186,3.4873726,22950.768
9187,3.48769,22954.256
9188,3.4870028,22957.742
9189,3.4863622,22961.229
9190,3.4847581,22964.713
9191,3.484095,22968.197
9192,3.483293,22971.68
9193,3.4825335,22975.162
9194,3.4827542,22978.645
9195,3.482614,22982.127
9196,3.4833694,22985.61
9197,3.4842172,22989.094
9198,3.4851897,22992.578
9199,3.4856465,22996.064
9200,3.4858172,22999.55
9201,3.48572,23003.037
9202,3.4852858,23006.521
9203,3.4847326,23010.006
9204,3.4839406,23013.49
9205,3.483816,23016.975
9206,3.4831982,23020.457
9207,3.4829183,23023.94
9208,3.4824512,23027.422
9209,3.4823313,23030.904
9210,3.481956,23034.387
9211,3.4818356,23037.87
9212,3.4814718,23041.352
9213,3.4810016,23044.832
9214,3.4806414,23048.312
9215,3.4806588,23051.793
9216,3.481076,23055.273
9217,3.4810266,23058.754
9218,3.4810426,23062.234
9219,3.4802983,23065.715
9220,3.4789932,23069.193
9221,3.4777005,23072.672
9222,3.4762888,23076.148
9223,3.4748034,23079.623
9224,3.4726913,23083.096
9225,3.4703264,23086.566
9226,3.4690216,23090.035
9227,3.4673858,23093.502
9228,3.4668312,23096.969
9229,3.4653063,23100.434
9230,3.4645925,23103.898
9231,3.4644542,23107.363
9232,3.4653447,23110.828
9233,3.466286,23114.295
9234,3.4678144,23117.764
9235,3.469027,23121.232
9236,3.4699583,23124.703
9237,3.4712384,23128.174
9238,3.4722948,23131.646
9239,3.4732268,23135.12
9240,3.4726727,23138.592
9241,3.4719722,23142.064
9242,3.4708464,23145.535
9243,3.4698477,23149.006
9244,3.4683695,23152.475
9245,3.4664516,23155.941
9246,3.4650736,23159.406
9247,3.4640062,23162.871
9248,3.4645839,23166.336
9249,3.4650831,23169.8
9250,3.4666085,23173.268
9251,3.4672241,23176.734
9252,3.4678116,23180.203
9253,3.4678836,23183.672
9254,3.467428,23187.139
9255,3.4679635,23190.607
9256,3.468167,23194.076
9257,3.468224,23197.545
9258,3.4679043,23201.014
9259,3.468228,23204.482
9260,3.4686406,23207.951
9261,3.469644,23211.42
9262,3.471704,23214.893
9263,3.4730465,23218.365
9264,3.4744632,23221.84
9265,3.4756012,23225.316
9266,3.4777021,23228.795
9267,3.479244,23232.273
9268,3.4813619,23235.754
9269,3.48276,23239.236
9270,3.483634,23242.72
9271,3.4844577,23246.205
9272,3.4849255,23249.69
9273,3.48549,23253.176
9274,3.4855282,23256.662
9275,3.48545,23260.148
9276,3.4861627,23263.635
9277,3.486285,23267.121
9278,3.4866116,23270.607
9279,3.4872813,23274.094
9280,3.4877715,23277.582
9281,3.4889288,23281.07
9282,3.4893863,23284.56
9283,3.488973,23288.049
9284,3.4877074,23291.537
9285,3.4868164,23295.023
9286,3.4854813,23298.51
9287,3.4847858,23301.994
9288,3.4844334,23305.479
9289,3.4843283,23308.963
9290,3.4842303,23312.447
9291,3.4845428,23315.932
9292,3.484416,23319.416
9293,3.4849243,23322.9
9294,3.4844525,23326.385
9295,3.4838333,23329.87
9296,3.4825058,23333.352
9297,3.4799042,23336.832
9298,3.4763021,23340.309
9299,3.4739122,23343.783
9300,3.471792,23347.256
9301,3.4706457,23350.727
9302,3.4692004,23354.195
9303,3.4677017,23357.662
9304,3.4658926,23361.129
9305,3.4646566,23364.594
9306,3.4625103,23368.057
9307,3.4612155,23371.518
9308,3.4602902,23374.979
9309,3.45791,23378.436
9310,3.4546523,23381.89
9311,3.4509673,23385.342
9312,3.4495573,23388.791
9313,3.448756,23392.24
9314,3.4486794,23395.69
9315,3.448782,23399.139
9316,3.4494064,23402.588
9317,3.4501789,23406.037
9318,3.4521074,23409.488
9319,3.454056,23412.941
9320,3.4569664,23416.398
9321,3.459379,23419.857
9322,3.4618967,23423.318
9323,3.4630208,23426.781
9324,3.463805,23430.244
9325,3.463571,23433.707
9326,3.4628103,23437.17
9327,3.4624038,23440.633
9328,3.4623206,23444.096
9329,3.4622874,23447.559
9330,3.4628518,23451.021
9331,3.4638422,23454.484
9332,3.4659796,23457.951
9333,3.4687572,23461.42
9334,3.4719732,23464.893
9335,3.4744883,23468.367
9336,3.4766188,23471.844
9337,3.4778893,23475.322
9338,3.4786837,23478.8
9339,3.4795332,23482.281
9340,3.480591,23485.762
9341,3.4816508,23489.244
9342,3.4832056,23492.727
9343,3.4846935,23496.21
9344,3.485829,23499.697
9345,3.486683,23503.184
9346,3.4870377,23506.67
9347,3.4873223,23510.158
9348,3.4875805,23513.646
9349,3.487293,23517.133
9350,3.4879036,23520.621
9351,3.488933,23524.11
9352,3.4894915,23527.6
9353,3.4898546,23531.09
9354,3.490041,23534.58
9355,3.4895434,23538.07
9356,3.4887733,23541.559
9357,3.4878228,23545.047
9358,3.4868743,23548.533
9359,3.4868774,23552.02
9360,3.4870546,23555.506
9361,3.4872382,23558.992
9362,3.4873102,23562.48
9363,3.4865105,23565.967
9364,3.485681,23569.453
9365,3.4854555,23572.94
9366,3.4861875,23576.426
9367,3.4867315,23579.912
9368,3.486891,23583.398
9369,3.4867437,23586.885
9370,3.486989,23590.371
9371,3.4871397,23593.857
9372,3.4881692,23597.346
9373,3.4897454,23600.836
9374,3.4914448,23604.328
9375,3.4930387,23607.82
9376,3.4940712,23611.314
9377,3.4945486,23614.809
9378,3.4946783,23618.303
9379,3.4948614,23621.797
9380,3.4942071,23625.291
9381,3.493785,23628.785
9382,3.4930751,23632.277
9383,3.4918683,23635.77
9384,3.4908612,23639.26
9385,3.4901378,23642.75
9386,3.4891164,23646.238
9387,3.4884555,23649.727
9388,3.4874065,23653.215
9389,3.4856076,23656.701
9390,3.483245,23660.184
9391,3.482028,23663.666
9392,3.4809668,23667.146
9393,3.4802306,23670.627
9394,3.4795506,23674.107
9395,3.4785485,23677.586
9396,3.4773319,23681.062
9397,3.4762921,23684.54
9398,3.4744582,23688.014
9399,3.4724138,23691.486
9400,3.470315,23694.957
9401,3.4688268,23698.426
9402,3.4683194,23701.895
9403,3.4675896,23705.361
9404,3.4681892,23708.83
9405,3.4687243,23712.299
9406,3.469097,23715.768
9407,3.4686606,23719.236
9408,3.4662492,23722.703
9409,3.4643276,23726.168
9410,3.462991,23729.63
9411,3.4631815,23733.094
9412,3.4633944,23736.557
9413,3.462836,23740.02
9414,3.461632,23743.48
9415,3.4607656,23746.941
9416,3.4608026,23750.402
9417,3.4606402,23753.863
9418,3.4592624,23757.322
9419,3.4576082,23760.78
9420,3.4558556,23764.234
9421,3.45416,23767.69
9422,3.4536536,23771.143
9423,3.4535058,23774.596
9424,3.4559975,23778.05
9425,3.4583447,23781.51
9426,3.4608986,23784.97
9427,3.4636536,23788.434
9428,3.4658468,23791.9
9429,3.4675238,23795.367
9430,3.4688106,23798.836
9431,3.4696395,23802.305
9432,3.470589,23805.775
9433,3.4716465,23809.246
9434,3.472744,23812.719
9435,3.4739404,23816.193
9436,3.4752312,23819.668
9437,3.4763448,23823.145
9438,3.4776654,23826.623
9439,3.4782507,23830.102
9440,3.4782028,23833.58
9441,3.4781158,23837.059
9442,3.477345,23840.535
9443,3.4767897,23844.012
9444,3.4763296,23847.488
9445,3.4762988,23850.965
9446,3.4762013,23854.441
9447,3.47607,23857.918
9448,3.4765246,23861.395
9449,3.476503,23864.871
9450,3.4766338,23868.348
9451,3.4768214,23871.824
9452,3.4768803,23875.3
9453,3.4766173,23878.777
9454,3.4759724,23882.254
9455,3.4758315,23885.73
9456,3.476397,23889.207
9457,3.4778395,23892.686
9458,3.4801493,23896.166
9459,3.4809866,23899.646
9460,3.4828207,23903.129
9461,3.483821,23906.613
9462,3.4849234,23910.098
9463,3.4864044,23913.584
9464,3.4867089,23917.07
9465,3.486856,23920.557
9466,3.4863641,23924.043
9467,3.486539,23927.53
9468,3.486395,23931.016
9469,3.4860725,23934.502
9470,3.4846845,23937.986
9471,3.4830105,23941.469
9472,3.4809718,23944.95
9473,3.4795413,23948.43
9474,3.4787936,23951.908
9475,3.4778926,23955.387
9476,3.478309,23958.865
9477,3.477479,23962.342
9478,3.4771893,23965.818
9479,3.4769151,23969.295
9480,3.4756966,23972.771
9481,3.4747982,23976.246
9482,3.473716,23979.72
9483,3.4734044,23983.193
9484,3.4741948,23986.668
9485,3.4744442,23990.143
9486,3.475541,23993.617
9487,3.476236,23997.094
9488,3.4777255,24000.572
9489,3.4790475,24004.05
9490,3.4789522,24007.53
9491,3.4783285,24011.008
9492,3.4764962,24014.484
9493,3.4755163,24017.959
9494,3.4744368,24021.434
9495,3.4735262,24024.906
9496,3.4732625,24028.379
9497,3.4730742,24031.852
9498,3.4727564,24035.324
9499,3.4712863,24038.795
9500,3.4699013,24042.266
9501,3.4681163,24045.734
9502,3.4660614,24049.201
9503,3.464819,24052.666
9504,3.4635324,24056.129
9505,3.4636688,24059.592
9506,3.4645038,24063.057
9507,3.4651341,24066.521
9508,3.4652367,24069.986
9509,3.465028,24073.451
9510,3.464081,24076.916
9511,3.4628015,24080.379
9512,3.461489,24083.84
9513,3.4612513,24087.3
9514,3.4613323,24090.762
9515,3.461423,24094.223
9516,3.461959,24097.686
9517,3.4621148,24101.148
9518,3.4630601,24104.611
9519,3.4639099,24108.076
9520,3.4648428,24111.541
9521,3.4658358,24115.008
9522,3.4671736,24118.475
9523,3.467676,24121.941
9524,3.4666972,24125.408
9525,3.4658263,24128.875
9526,3.4655821,24132.34
9527,3.4661682,24135.807
9528,3.4675772,24139.273
9529,3.4681475,24142.742
9530,3.4683197,24146.21
9531,3.4680088,24149.68
9532,3.467875,24153.148
9533,3.4683228,24156.617
9534,3.4696755,24160.086
9535,3.4709792,24163.557
9536,3.4727008,24167.03
9537,3.473197,24170.502
9538,3.4743066,24173.977
9539,3.4760082,24177.453
9540,3.4771774,24180.93
9541,3.4777637,24184.408
9542,3.4776614,24187.887
9543,3.4775972,24191.365
9544,3.4774332,24194.842
9545,3.4766302,24198.318
9546,3.4759371,24201.795
9547,3.475284,24205.27
9548,3.4733374,24208.742
9549,3.4714262,24212.213
9550,3.4686928,24215.682
9551,3.4666376,24219.148
9552,3.4637322,24222.611
9553,3.460502,24226.072
9554,3.4569018,24229.53
9555,3.453395,24232.982
9556,3.4485545,24236.432
9557,3.444664,24239.877
9558,3.4402018,24243.316
9559,3.436369,24246.752
9560,3.4328566,24250.186
9561,3.429221,24253.615
9562,3.4262319,24257.041
9563,3.4229727,24260.465
9564,3.4199,24263.885
9565,3.4158895,24267.3
9566,3.4111264,24270.71
9567,3.4064124,24274.117
9568,3.399473,24277.518
9569,3.3935192,24280.91
9570,3.3876538,24284.297
9571,3.382407,24287.68
9572,3.3773558,24291.057
9573,3.3725817,24294.43
9574,3.3676302,24297.797
9575,3.363174,24301.16
9576,3.359525,24304.52
9577,3.3579454,24307.877
9578,3.356513,24311.234
9579,3.355114,24314.59
9580,3.352637,24317.943
9581,3.3493404,24321.293
9582,3.3443441,24324.637
9583,3.3380263,24327.975
9584,3.3308072,24331.305
9585,3.3241718,24334.629
9586,3.3170881,24337.945
9587,3.3111012,24341.256
9588,3.3063064,24344.562
9589,3.3029168,24347.865
9590,3.2994924,24351.164
9591,3.2955394,24354.459
9592,3.2910202,24357.75
9593,3.286615,24361.037
9594,3.2812438,24364.318
9595,3.2766497,24367.596
9596,3.2726617,24370.87
9597,3.2697077,24374.139
9598,3.2663531,24377.404
9599,3.2637484,24380.668
9600,3.2621434,24383.93
9601,3.2604308,24387.19
9602,3.2579367,24390.447
9603,3.2556636,24393.703
9604,3.2527328,24396.955
9605,3.2493072,24400.205
9606,3.245093,24403.45
9607,3.2400331,24406.69
9608,3.2333214,24409.922
9609,3.226176,24413.148
9610,3.2200668,24416.37
9611,3.2187316,24419.588
9612,3.2247365,24422.812
9613,3.2324371,24426.045
9614,3.2424297,24429.287
9615,3.2529132,24432.54
9616,3.2630298,24435.803
9617,3.272652,24439.076
9618,3.2795455,24442.355
9619,3.2874832,24445.643
9620,3.2929125,24448.936
9621,3.2986073,24452.234
9622,3.3032653,24455.537
9623,3.3081617,24458.846
9624,3.3130314,24462.158
9625,3.3174596,24465.477
9626,3.3212209,24468.797
9627,3.3242657,24472.121
9628,3.3272777,24475.45
9629,3.3296895,24478.78
9630,3.3317883,24482.111
9631,3.333258,24485.445
9632,3.3339767,24488.78
9633,3.3347945,24492.113
9634,3.336233,24495.45
9635,3.339445,24498.79
9636,3.342308,24502.13
9637,3.3429532,24505.475
9638,3.3438551,24508.818
9639,3.3443148,24512.162
9640,3.344617,24515.506
9641,3.344269,24518.85
9642,3.3446448,24522.193
9643,3.3453572,24525.54
9644,3.3464365,24528.885
9645,3.3448596,24532.23
9646,3.3420432,24535.572
9647,3.3402684,24538.912
9648,3.337835,24542.25
9649,3.3372798,24545.588
9650,3.3375509,24548.926
9651,3.3366115,24552.262
9652,3.3366168,24555.598
9653,3.3358862,24558.934
9654,3.3350167,24562.27
9655,3.3337233,24565.604
9656,3.3327837,24568.936
9657,3.331397,24572.268
9658,3.3310862,24575.6
9659,3.3301044,24578.93
9660,3.328882,24582.258
9661,3.3276708,24585.586
9662,3.325733,24588.912
9663,3.3231313,24592.234
9664,3.320053,24595.555
9665,3.3187444,24598.873
9666,3.316812,24602.19
9667,3.315343,24605.504
9668,3.3130596,24608.816
9669,3.3101296,24612.127
9670,3.3060637,24615.434
9671,3.3017232,24618.734
9672,3.297759,24622.031
9673,3.2933426,24625.324
9674,3.288204,24628.613
9675,3.2828043,24631.896
9676,3.2774944,24635.174
9677,3.2727861,24638.447
9678,3.268498,24641.715
9679,3.2641973,24644.979
9680,3.2592113,24648.238
9681,3.2540898,24651.492
9682,3.247957,24654.74
9683,3.242889,24657.982
9684,3.2390027,24661.22
9685,3.2353377,24664.455
9686,3.2321146,24667.688
9687,3.22889,24670.916
9688,3.2273238,24674.143
9689,3.224174,24677.367
9690,3.2200449,24680.588
9691,3.2150304,24683.803
9692,3.2112982,24687.014
9693,3.2073123,24690.22
9694,3.2040393,24693.424
9695,3.2010186,24696.625
9696,3.1994772,24699.824
9697,3.1969523,24703.021
9698,3.195138,24706.217
9699,3.1916037,24709.408
9700,3.1891398,24712.598
9701,3.1845205,24715.781
9702,3.1812062,24718.963
9703,3.1767242,24722.139
9704,3.17323,24725.312
9705,3.1666205,24728.479
9706,3.161275,24731.64
9707,3.153497,24734.795
9708,3.1496515,24737.945
9709,3.144663,24741.09
9710,3.1429613,24744.232
9711,3.1380432,24747.371
9712,3.1361427,24750.508
9713,3.131288,24753.639
9714,3.130194,24756.77
9715,3.1238823,24759.893
9716,3.1199493,24763.012
9717,3.1120596,24766.123
9718,3.1083345,24769.23
9719,3.1025157,24772.332
9720,3.1021967,24775.434
9721,3.0998814,24778.533
9722,3.101949,24781.635
9723,3.101021,24784.736
9724,3.1038182,24787.84
9725,3.1029468,24790.943
9726,3.1053216,24794.049
9727,3.104468,24797.152
9728,3.1063106,24800.258
9729,3.1054409,24803.363
9730,3.1062667,24806.469
9731,3.105389,24809.574
9732,3.1058176,24812.68
9733,3.1044369,24815.783
9734,3.1060174,24818.889
9735,3.1078203,24821.996
9736,3.1121988,24825.107
9737,3.115194,24828.223
9738,3.118066,24831.34
9739,3.1200001,24834.459
9740,3.123011,24837.582
9741,3.1256573,24840.707
9742,3.1278882,24843.834
9743,3.1293268,24846.963
9744,3.132054,24850.096
9745,3.1328518,24853.229
9746,3.132452,24856.361
9747,3.1301088,24859.492
9748,3.12876,24862.621
9749,3.128855,24865.75
9750,3.1306994,24868.88
9751,3.1330583,24872.014
9752,3.1366136,24875.15
9753,3.1387737,24878.29
9754,3.140079,24881.43
9755,3.1407568,24884.57
9756,3.141341,24887.71
9757,3.1418948,24890.854
9758,3.1442773,24893.998
9759,3.1471856,24897.145
9760,3.1480236,24900.293
9761,3.1460888,24903.44
9762,3.1435633,24906.584
9763,3.1442852,24909.729
9764,3.1501577,24912.879
9765,3.1437817,24916.023
9766,3.1423461,24919.166
9767,3.1455178,24922.312
9768,3.1564226,24925.469
9769,3.1650167,24928.633
9770,3.1799524,24931.812
9771,3.1921484,24935.004
9772,3.2098684,24938.213
9773,3.2244189,24941.438
9774,3.240169,24944.678
9775,3.2534523,24947.932
9776,3.2676654,24951.2
9777,3.2794287,24954.479
9778,3.2910647,24957.77
9779,3.3013363,24961.07
9780,3.3117495,24964.383
9781,3.3202002,24967.703
9782,3.3287833,24971.031
9783,3.3355365,24974.367
9784,3.3426483,24977.709
9785,3.347869,24981.057
9786,3.3534093,24984.41
9787,3.357179,24987.768
9788,3.3600268,24991.127
9789,3.3627963,24994.49
9790,3.3666992,24997.857
9791,3.3701947,25001.229
9792,3.3744214,25004.604
9793,3.3776202,25007.98
9794,3.3806252,25011.361
9795,3.3824682,25014.744
9796,3.3830037,25018.127
9797,3.3832088,25021.51
9798,3.383095,25024.893
9799,3.3822918,25028.275
9800,3.3817744,25031.656
9801,3.3818831,25035.04
9802,3.3826947,25038.422
9803,3.382832,25041.805
9804,3.3823507,25045.188
9805,3.3816018,25048.568
9806,3.3817394,25051.95
9807,3.3829763,25055.332
9808,3.3861363,25058.719
9809,3.3896756,25062.11
9810,3.3937998,25065.504
9811,3.398869,25068.902
9812,3.4044232,25072.307
9813,3.409968,25075.717
9814,3.4155054,25079.133
9815,3.4205837,25082.553
9816,3.4247987,25085.977
9817,3.428176,25089.404
9818,3.4298434,25092.834
9819,3.4317565,25096.266
9820,3.4330816,25099.7
9821,3.434708,25103.135
9822,3.4349334,25106.57
9823,3.4352374,25110.006
9824,3.4344258,25113.44
9825,3.4357512,25116.875
9826,3.4369745,25120.312
9827,3.4382095,25123.75
9828,3.4394805,25127.19
9829,3.4408994,25130.63
9830,3.4430099,25134.074
9831,3.4453952,25137.52
9832,3.4491055,25140.969
9833,3.4523573,25144.422
9834,3.4563296,25147.879
9835,3.460106,25151.34
9836,3.464299,25154.805
9837,3.4677029,25158.271
9838,3.4706874,25161.742
9839,3.472507,25165.215
9840,3.4734173,25168.688
9841,3.4745498,25172.162
9842,3.475502,25175.637
9843,3.4763892,25179.113
9844,3.47663,25182.59
9845,3.477332,25186.066
9846,3.4780624,25189.545
9847,3.4785433,25193.023
9848,3.4786305,25196.502
9849,3.4789793,25199.98
9850,3.4795325,25203.46
9851,3.4795363,25206.941
9852,3.4782274,25210.42
9853,3.4769602,25213.896
9854,3.4756646,25217.373
9855,3.4747925,25220.848
9856,3.4737282,25224.322
9857,3.4730976,25227.795
9858,3.472752,25231.268
9859,3.4725695,25234.74
9860,3.4721181,25238.213
9861,3.4721293,25241.686
9862,3.4725752,25245.158
9863,3.472163,25248.63
9864,3.4711049,25252.102
9865,3.4699364,25255.572
9866,3.4687536,25259.041
9867,3.4679081,25262.51
9868,3.4670038,25265.977
9869,3.466101,25269.443
9870,3.4649527,25272.908
9871,3.4644823,25276.373
9872,3.4644237,25279.838
9873,3.464612,25283.303
9874,3.4661987,25286.77
9875,3.4692242,25290.238
9876,3.4728036,25293.71
9877,3.4773417,25297.188
9878,3.4815698,25300.67
9879,3.4848175,25304.154
9880,3.4877443,25307.643
9881,3.4913652,25311.135
9882,3.4951937,25314.63
9883,3.4989336,25318.129
9884,3.5018208,25321.63
9885,3.5040312,25325.135
9886,3.5048645,25328.639
9887,3.505974,25332.145
9888,3.5072582,25335.652
9889,3.5093548,25339.162
9890,3.51131,25342.674
9891,3.5137253,25346.188
9892,3.516665,25349.705
9893,3.5201793,25353.225
9894,3.5238292,25356.748
9895,3.526649,25360.275
9896,3.5280643,25363.803
9897,3.5289562,25367.332
9898,3.5295355,25370.861
9899,3.5298834,25374.39
9900,3.5302596,25377.92
9901,3.5302444,25381.45
9902,3.5299747,25384.979
9903,3.5298562,25388.508
9904,3.5292723,25392.037
9905,3.528276,25395.564
9906,3.5269332,25399.092
9907,3.5257132,25402.617
9908,3.5241256,25406.14
9909,3.5228162,25409.664
9910,3.5217934,25413.186
9911,3.5209627,25416.707
9912,3.519766,25420.227
9913,3.5185192,25423.744
9914,3.517167,25427.262
9915,3.515788,25430.777
9916,3.5133646,25434.291
9917,3.510916,25437.803
9918,3.5095685,25441.312
9919,3.5091894,25444.822
9920,3.5099328,25448.332
9921,3.510381,25451.842
9922,3.510971,25455.354
9923,3.5120702,25458.865
9924,3.5115666,25462.377
9925,3.5113835,25465.889
9926,3.5104635,25469.398
9927,3.5094368,25472.908
9928,3.5079281,25476.416
9929,3.5077558,25479.924
9930,3.5082717,25483.432
9931,3.509478,25486.941
9932,3.5113971,25490.453
9933,3.5129917,25493.967
9934,3.513913,25497.48
9935,3.5151312,25500.996
9936,3.5170794,25504.514
9937,3.5199945,25508.033
9938,3.5241735,25511.557
9939,3.5274627,25515.084
9940,3.5304365,25518.615
9941,3.5333602,25522.148
9942,3.5370686,25525.686
9943,3.540206,25529.227
9944,3.5431216,25532.77
9945,3.5446377,25536.314
9946,3.5444217,25539.86
9947,3.5441089,25543.404
9948,3.5440161,25546.95
9949,3.5445452,25550.494
9950,3.5451105,25554.04
9951,3.5462444,25557.586
9952,3.5484,25561.135
9953,3.549999,25564.686
9954,3.5520113,25568.238
9955,3.5521278,25571.791
9956,3.5506406,25575.342
9957,3.5496788,25578.89
9958,3.5481665,25582.44
9959,3.547602,25585.986
9960,3.547343,25589.533
9961,3.5478292,25593.08
9962,3.5485127,25596.629
9963,3.5481868,25600.178
9964,3.5472686,25603.725
9965,3.5463715,25607.271
9966,3.5457907,25610.816
9967,3.5456917,25614.361
9968,3.5457711,25617.906
9969,3.5450494,25621.451
9970,3.5446374,25624.996
9971,3.5430126,25628.54
9972,3.5411487,25632.08
9973,3.5401578,25635.621
9974,3.5391874,25639.16
9975,3.5379972,25642.697
9976,3.5378087,25646.234
9977,3.5388167,25649.773
9978,3.5419326,25653.314
9979,3.543975,25656.86
9980,3.5447829,25660.404
9981,3.5450656,25663.95
9982,3.5442288,25667.494
9983,3.5430014,25671.037
9984,3.5405846,25674.578
9985,3.539238,25678.117
9986,3.5379062,25681.654
9987,3.5370092,25685.191
9988,3.5367212,25688.729
9989,3.5366824,25692.266
9990,3.5363357,25695.803
9991,3.535747,25699.338
9992,3.5361474,25702.875
9993,3.5398302,25706.414
9994,3.5454934,25709.959
9995,3.5498028,25713.508
9996,3.5534399,25717.06
9997,3.5553207,25720.615
9998,3.5568635,25724.172
9999,3.5584054,25727.73
10000,3.5620642,25731.293
10001,3.5648522,25734.857
10002,3.5678518,25738.426
10003,3.5699456,25741.996
10004,3.5719256,25745.568
10005,3.5745358,25749.143
10006,3.5768492,25752.719
10007,3.5782595,25756.297
10008,3.5786166,25759.875
10009,3.580282,25763.455
10010,3.5839562,25767.04
10011,3.587589,25770.627
10012,3.591664,25774.219
10013,3.5943542,25777.812
10014,3.5980356,25781.41
10015,3.600697,25785.012
10016,3.602006,25788.613
10017,3.6019232,25792.215
10018,3.6005597,25795.814
10019,3.5988991,25799.414
10020,3.5972285,25803.012
10021,3.595025,25806.607
10022,3.591902,25810.2
10023,3.5897677,25813.79
10024,3.587348,25817.377
10025,3.586061,25820.963
10026,3.5851552,25824.549
10027,3.5843077,25828.133
10028,3.5832617,25831.717
10029,3.5820923,25835.299
10030,3.5810733,25838.88
10031,3.5806603,25842.46
10032,3.5798168,25846.041
10033,3.578801,25849.62
10034,3.5776947,25853.197
10035,3.5764732,25856.773
10036,3.5745928,25860.348
10037,3.5721245,25863.92
10038,3.5689895,25867.488
10039,3.566777,25871.055
10040,3.5652194,25874.62
10041,3.5642166,25878.184
10042,3.563299,25881.746
10043,3.5634193,25885.309
10044,3.5632904,25888.871
10045,3.5631807,25892.434
10046,3.5657053,25896.0
10047,3.5699978,25899.57
10048,3.5752661,25903.146
10049,3.5789375,25906.725
10050,3.5856912,25910.31
10051,3.592988,25913.904
10052,3.6010733,25917.506
10053,3.6103528,25921.117
10054,3.6218572,25924.738
10055,3.6308923,25928.37
10056,3.63862,25932.008
10057,3.6449585,25935.652
10058,3.6496954,25939.303
10059,3.6539683,25942.957
10060,3.6597126,25946.617
10061,3.6646826,25950.281
10062,3.6684315,25953.95
10063,3.6722255,25957.621
10064,3.6764715,25961.297
10065,3.6800616,25964.977
10066,3.6840148,25968.66
10067,3.687634,25972.348
10068,3.691235,25976.04
10069,3.6941488,25979.732
10070,3.6966665,25983.43
10071,3.6990283,25987.129
10072,3.7019155,25990.83
10073,3.7028303,25994.533
10074,3.7017388,25998.234
10075,3.6993716,26001.934
10076,3.6947927,26005.629
10077,3.6908329,26009.32
10078,3.68604,26013.006
10079,3.6810675,26016.688
10080,3.6760986,26020.363
10081,3.671631,26024.035
10082,3.669324,26027.705
10083,3.6679103,26031.373
10084,3.6687047,26035.041
10085,3.6696734,26038.71
10086,3.6715505,26042.383
10087,3.6735318,26046.057
10088,3.6757405,26049.732
10089,3.6768508,26053.41
10090,3.6767492,26057.086
10091,3.6740868,26060.76
10092,3.6706526,26064.43
10093,3.6684768,26068.098
10094,3.6677184,26071.766
10095,3.6683388,26075.434
10096,3.6685834,26079.102
10097,3.6692805,26082.771
10098,3.6681175,26086.44
10099,3.6662471,26090.105
10100,3.6611397,26093.768
10101,3.6551666,26097.422
10102,3.6500766,26101.072
10103,3.648575,26104.72
10104,3.6481795,26108.37
10105,3.648419,26112.018
10106,3.6501577,26115.668
10107,3.651225,26119.318
10108,3.651515,26122.97
10109,3.6487615,26126.62
10110,3.6426141,26130.262
10111,3.634747,26133.896
10112,3.6266403,26137.523
10113,3.616066,26141.139
10114,3.607118,26144.746
10115,3.602487,26148.348
10116,3.6017818,26151.95
10117,3.5991745,26155.549
10118,3.5897784,26159.139
10119,3.5749364,26162.713
10120,3.5647993,26166.277
10121,3.5578554,26169.836
10122,3.5547316,26173.39
10123,3.5528295,26176.943
10124,3.5461285,26180.49
10125,3.5298796,26184.02
10126,3.5107787,26187.531
10127,3.491395,26191.023
10128,3.4857292,26194.51
10129,3.491987,26198.002
10130,3.505787,26201.508
10131,3.5170326,26205.025
10132,3.5247324,26208.55
10133,3.5332906,26212.084
10134,3.536631,26215.621
10135,3.5333405,26219.154
10136,3.5307944,26222.686
10137,3.531203,26226.217
10138,3.5424752,26229.76
10139,3.5592592,26233.318
10140,3.568792,26236.887
10141,3.5745554,26240.46
10142,3.5773697,26244.04
10143,3.5813816,26247.621
10144,3.5863323,26251.207
10145,3.5904162,26254.797
10146,3.5903609,26258.387
10147,3.5875807,26261.975
10148,3.5877762,26265.562
10149,3.5918345,26269.154
10150,3.596555,26272.75
10151,3.607022,26276.357
10152,3.6197004,26279.977
10153,3.6288717,26283.605
10154,3.6342587,26287.24
10155,3.6366255,26290.877
10156,3.640453,26294.518
10157,3.6448736,26298.162
10158,3.6481566,26301.81
10159,3.6506119,26305.46
10160,3.6552992,26309.117
10161,3.6604693,26312.777
10162,3.6663396,26316.443
10163,3.672504,26320.115
10164,3.6794991,26323.795
10165,3.685921,26327.48
10166,3.690805,26331.172
10167,3.6968844,26334.87
10168,3.7035947,26338.572
10169,3.709052,26342.281
10170,3.7117527,26345.992
10171,3.7130034,26349.705
10172,3.712022,26353.418
10173,3.7111864,26357.129
10174,3.7106578,26360.84
10175,3.7116127,26364.55
10176,3.7130842,26368.264
10177,3.7133548,26371.977
10178,3.7145538,26375.691
10179,3.7170618,26379.408
10180,3.7194817,26383.127
10181,3.72019,26386.848
10182,3.7193267,26390.566
10183,3.7194133,26394.285
10184,3.7190247,26398.004
10185,3.718468,26401.723
10186,3.7175493,26405.44
10187,3.7164335,26409.156
10188,3.715234,26412.871
10189,3.7158017,26416.586
10190,3.7187412,26420.305
10191,3.7212818,26424.025
10192,3.723551,26427.748
10193,3.7250798,26431.473
10194,3.7276204,26435.201
10195,3.7290301,26438.93
10196,3.7286928,26442.658
10197,3.7270644,26446.385
10198,3.7243457,26450.11
10199,3.7220397,26453.832
10200,3.7220573,26457.555
10201,3.7227077,26461.277
10202,3.7237136,26465.002
10203,3.7245028,26468.727
10204,3.7259512,26472.453
10205,3.7274432,26476.18
10206,3.7278688,26479.908
10207,3.7263947,26483.635
10208,3.7240713,26487.36
10209,3.7227623,26491.082
10210,3.7225418,26494.805
10211,3.7223768,26498.527
10212,3.7219326,26502.25
10213,3.7215884,26505.97
10214,3.7219665,26509.693
10215,3.7219589,26513.416
10216,3.7218845,26517.139
10217,3.7224276,26520.861
10218,3.7247684,26524.586
10219,3.726626,26528.312
10220,3.7276602,26532.041
10221,3.7274573,26535.768
10222,3.7266264,26539.494
10223,3.7255895,26543.22
10224,3.7254663,26546.945
10225,3.72527,26550.67
10226,3.7262332,26554.396
10227,3.7258847,26558.123
10228,3.723229,26561.846
10229,3.7206235,26565.566
10230,3.717422,26569.283
10231,3.71507,26572.998
10232,3.7126453,26576.71
10233,3.710241,26580.422
10234,3.707784,26584.129
10235,3.7064385,26587.836
10236,3.7067893,26591.543
10237,3.7073185,26595.25
10238,3.7073905,26598.957
10239,3.7056563,26602.662
10240,3.7027676,26606.365
10241,3.7012799,26610.066
10242,3.701741,26613.768
10243,3.7021224,26617.469
10244,3.702254,26621.172
10245,3.7016542,26624.873
10246,3.701822,26628.574
10247,3.7030067,26632.277
10248,3.7060738,26635.984
10249,3.7085233,26639.693
10250,3.709508,26643.402
10251,3.7093954,26647.111
10252,3.7079153,26650.818
10253,3.7061813,26654.525
10254,3.7044988,26658.23
10255,3.7036722,26661.934
10256,3.7042258,26665.639
10257,3.7048879,26669.344
10258,3.7057822,26673.049
10259,3.705802,26676.754
10260,3.7048118,26680.459
10261,3.7035375,26684.162
10262,3.7020547,26687.863
10263,3.7008848,26691.564
10264,3.6988914,26695.264
10265,3.697207,26698.96
10266,3.6954198,26702.656
10267,3.6943007,26706.35
10268,3.6949644,26710.045
10269,3.69443,26713.74
10270,3.6936085,26717.434
10271,3.6921604,26721.125
10272,3.6900063,26724.814
10273,3.6887252,26728.504
10274,3.6890523,26732.193
10275,3.6900737,26735.883
10276,3.6926012,26739.576
10277,3.6952853,26743.271
10278,3.6973393,26746.969
10279,3.6982515,26750.668
10280,3.6996486,26754.367
10281,3.7011573,26758.068
10282,3.7027977,26761.771
10283,3.7036705,26765.475
10284,3.705489,26769.18
10285,3.7069807,26772.887
10286,3.7085934,26776.596
10287,3.709081,26780.305
10288,3.7090251,26784.014
10289,3.707772,26787.72
10290,3.706077,26791.428
10291,3.7058282,26795.133
10292,3.7067528,26798.84
10293,3.706928,26802.547
10294,3.7071722,26806.254
10295,3.7068012,26809.96
10296,3.7075632,26813.668
10297,3.7071838,26817.375
10298,3.704879,26821.08
10299,3.703097,26824.783
10300,3.7030675,26828.486
10301,3.7039428,26832.19
10302,3.7037818,26835.893
10303,3.7023036,26839.596
10304,3.7005532,26843.297
10305,3.7005467,26846.998
10306,3.7009268,26850.7
10307,3.7008703,26854.4
10308,3.7009857,26858.102
10309,3.701251,26861.803
10310,3.7028744,26865.506
10311,3.703409,26869.209
10312,3.7030141,26872.912
10313,3.7020376,26876.613
10314,3.6993978,26880.312
10315,3.696896,26884.01
10316,3.6942985,26887.703
10317,3.6922534,26891.395
10318,3.6903121,26895.084
10319,3.6884952,26898.773
10320,3.687246,26902.46
10321,3.6872194,26906.148
10322,3.6881638,26909.836
10323,3.6886284,26913.525
10324,3.6909034,26917.217
10325,3.692783,26920.91
10326,3.6949933,26924.605
10327,3.6966083,26928.303
10328,3.6986015,26932.002
10329,3.6999013,26935.701
10330,3.7006865,26939.402
10331,3.699932,26943.102
10332,3.6985698,26946.8
10333,3.6973932,26950.498
10334,3.6965747,26954.195
10335,3.6955976,26957.89
10336,3.695838,26961.586
10337,3.6971097,26965.283
10338,3.69901,26968.982
10339,3.699325,26972.682
10340,3.697385,26976.379
10341,3.6953084,26980.074
10342,3.6934493,26983.768
10343,3.6931295,26987.46
10344,3.6944246,26991.156
10345,3.6954882,26994.852
10346,3.6956499,26998.547
10347,3.6946945,27002.242
10348,3.6924586,27005.936
10349,3.6912518,27009.627
10350,3.6906512,27013.318
10351,3.6913803,27017.01
10352,3.692632,27020.703
10353,3.6939883,27024.396
10354,3.693606,27028.09
10355,3.6922524,27031.781
10356,3.6899366,27035.47
10357,3.6893299,27039.16
10358,3.6907058,27042.852
10359,3.6915486,27046.543
10360,3.6920793,27050.234
10361,3.691493,27053.926
10362,3.6893847,27057.615
10363,3.6878402,27061.303
10364,3.6845953,27064.988
10365,3.6824765,27068.67
10366,3.680729,27072.352
10367,3.6801379,27076.031
10368,3.680747,27079.713
10369,3.6812356,27083.395
10370,3.6810303,27087.076
10371,3.6802092,27090.756
10372,3.6788597,27094.436
10373,3.678358,27098.113
10374,3.679905,27101.793
10375,3.6829307,27105.477
10376,3.6869934,27109.164
10377,3.6890335,27112.854
10378,3.6902416,27116.543
10379,3.689932,27120.232
10380,3.6889942,27123.922
10381,3.6871371,27127.61
10382,3.68214,27131.291
10383,3.6786098,27134.969
10384,3.6764534,27138.645
10385,3.6754081,27142.32
10386,3.6750424,27145.996
10387,3.6753154,27149.672
10388,3.6780531,27153.35
10389,3.6802135,27157.03
10390,3.6819212,27160.71
10391,3.6823442,27164.393
10392,3.682018,27168.074
10393,3.6816378,27171.756
10394,3.6818886,27175.438
10395,3.6823742,27179.12
10396,3.683426,27182.803
10397,3.6845746,27186.488
10398,3.6852467,27190.174
10399,3.684756,27193.86
10400,3.683397,27197.543
10401,3.683147,27201.227
10402,3.683585,27204.91
10403,3.6844354,27208.594
10404,3.6855328,27212.28
10405,3.6863952,27215.965
10406,3.6865332,27219.652
10407,3.6860094,27223.338
10408,3.686299,27227.023
10409,3.6873932,27230.71
10410,3.689169,27234.4
10411,3.6904378,27238.092
10412,3.6905327,27241.783
10413,3.6905,27245.475
10414,3.6908867,27249.166
10415,3.6914206,27252.857
10416,3.6909292,27256.549
10417,3.6896935,27260.238
10418,3.6892145,27263.928
10419,3.690425,27267.617
10420,3.692818,27271.31
10421,3.6936896,27275.004
10422,3.6936195,27278.697
10423,3.6936684,27282.39
10424,3.6937523,27286.084
10425,3.6928604,27289.777
10426,3.691368,27293.469
10427,3.6897616,27297.158
10428,3.6876554,27300.846
10429,3.6859515,27304.531
10430,3.6848361,27308.217
10431,3.6838748,27311.9
10432,3.6836727,27315.584
10433,3.6832156,27319.268
10434,3.6835246,27322.951
10435,3.6838596,27326.635
10436,3.6835203,27330.318
10437,3.6828353,27334.002
10438,3.6817129,27337.684
10439,3.680064,27341.363
10440,3.6781666,27345.041
10441,3.6776898,27348.719
10442,3.6778462,27352.396
10443,3.677896,27356.074
10444,3.6783822,27359.752
10445,3.6781318,27363.43
10446,3.6769588,27367.107
10447,3.67681,27370.785
10448,3.6776137,27374.463
10449,3.6785333,27378.14
10450,3.6792247,27381.82
10451,3.6788247,27385.5
10452,3.6768658,27389.178
10453,3.6761587,27392.854
10454,3.6764576,27396.53
10455,3.6770253,27400.207
10456,3.6759343,27403.883
10457,3.6755683,27407.559
10458,3.6771624,27411.236
10459,3.6783416,27414.914
10460,3.6794055,27418.594
10461,3.678998,27422.273
10462,3.678485,27425.951
10463,3.678614,27429.629
10464,3.6795492,27433.309
10465,3.6800444,27436.988
10466,3.6814897,27440.67
10467,3.6826024,27444.352
10468,3.683933,27448.035
10469,3.685094,27451.72
10470,3.6861067,27455.406
10471,3.6870253,27459.094
10472,3.6885753,27462.783
10473,3.6889977,27466.473
10474,3.6890593,27470.162
10475,3.6905434,27473.854
10476,3.6930776,27477.547
10477,3.6951036,27481.242
10478,3.6971228,27484.94
10479,3.698248,27488.639
10480,3.6979759,27492.336
10481,3.6978767,27496.033
10482,3.698037,27499.73
10483,3.6973712,27503.428
10484,3.69698,27507.125
10485,3.6968408,27510.822
10486,3.6979253,27514.52
10487,3.6982832,27518.219
10488,3.6979113,27521.916
10489,3.696156,27525.611
10490,3.6918304,27529.303
10491,3.6879802,27532.99
10492,3.684717,27536.676
10493,3.6827502,27540.36
10494,3.6822054,27544.041
10495,3.6821773,27547.723
10496,3.6827416,27551.406
10497,3.6829565,27555.09
10498,3.6814544,27558.771
10499,3.6796768,27562.451
10500,3.676904,27566.129
10501,3.6750035,27569.805
10502,3.6732485,27573.479
10503,3.6736112,27577.152
10504,3.675849,27580.828
10505,3.6778643,27584.506
10506,3.679008,27588.186
10507,3.6776607,27591.863
10508,3.6759715,27595.54
10509,3.675145,27599.215
10510,3.6744745,27602.889
10511,3.6744075,27606.562
10512,3.6751003,27610.238
10513,3.6754036,27613.914
10514,3.6749332,27617.59
10515,3.6743147,27621.264
10516,3.671857,27624.936
10517,3.6697376,27628.605
10518,3.6684625,27632.273
10519,3.6688726,27635.941
10520,3.6707666,27639.611
10521,3.6719344,27643.283
10522,3.6728957,27646.957
10523,3.6742566,27650.63
10524,3.6747258,27654.305
10525,3.6744745,27657.979
10526,3.6740944,27661.652
10527,3.673177,27665.326
10528,3.6709692,27668.998
10529,3.6705787,27672.668
10530,3.6712496,27676.34
10531,3.6724703,27680.012
10532,3.672794,27683.684
10533,3.673068,27687.357
10534,3.6737993,27691.031
10535,3.6734927,27694.705
10536,3.6738594,27698.379
10537,3.6747484,27702.053
10538,3.6751711,27705.729
10539,3.6749856,27709.404
10540,3.6748428,27713.08
10541,3.6749706,27716.756
10542,3.6745796,27720.43
10543,3.6749551,27724.105
10544,3.6757443,27727.781
10545,3.6772032,27731.459
10546,3.6792722,27735.139
10547,3.6812727,27738.82
10548,3.6832821,27742.504
10549,3.684996,27746.19
10550,3.6857152,27749.875
10551,3.6868994,27753.562
10552,3.6875546,27757.25
10553,3.687049,27760.938
10554,3.6862118,27764.623
10555,3.686115,27768.309
10556,3.6875699,27771.996
10557,3.6874244,27775.684
10558,3.6855533,27779.37
10559,3.68396,27783.053
10560,3.6820326,27786.734
10561,3.6810434,27790.416
10562,3.681192,27794.098
10563,3.683111,27797.781
10564,3.6860049,27801.467
10565,3.6869316,27805.154
10566,3.6864963,27808.84
10567,3.685189,27812.525
10568,3.6850536,27816.21
10569,3.6843126,27819.895
10570,3.6834352,27823.578
10571,3.6842122,27827.262
10572,3.6860332,27830.947
10573,3.686061,27834.633
10574,3.6856487,27838.318
10575,3.6844838,27842.002
10576,3.682179,27845.684
10577,3.682356,27849.365
10578,3.6846874,27853.05
10579,3.6863775,27856.736
10580,3.6877782,27860.424
10581,3.6876173,27864.111
10582,3.6869009,27867.799
10583,3.686406,27871.484
10584,3.6864173,27875.17
10585,3.6875296,27878.857
10586,3.6895013,27882.547
10587,3.6900394,27886.236
10588,3.6889403,27889.926
10589,3.6877706,27893.613
10590,3.6874413,27897.3
10591,3.6864483,27900.986
10592,3.6857042,27904.672
10593,3.685142,27908.357
10594,3.6852298,27912.043
10595,3.6854167,27915.729
10596,3.6842,27919.412
10597,3.6831863,27923.096
10598,3.6821485,27926.777
10599,3.6813126,27930.459
10600,3.681195,27934.14
10601,3.6805031,27937.82
10602,3.679729,27941.5
10603,3.679399,27945.18
10604,3.678162,27948.857
10605,3.6769376,27952.535
10606,3.6760626,27956.21
10607,3.6761172,27959.887
10608,3.676061,27963.562
10609,3.6770089,27967.24
10610,3.679536,27970.92
10611,3.6815681,27974.602
10612,3.6836848,27978.285
10613,3.6837327,27981.969
10614,3.6814673,27985.65
10615,3.6792834,27989.33
10616,3.6772845,27993.008
10617,3.6757104,27996.684
10618,3.6734974,28000.357
10619,3.6723323,28004.03
10620,3.6716356,28007.701
10621,3.671872,28011.373
10622,3.6731339,28015.047
10623,3.6727583,28018.719
10624,3.67091,28022.39
10625,3.6702514,28026.06
10626,3.6708663,28029.73
10627,3.672127,28033.402
10628,3.6749463,28037.078
10629,3.6775763,28040.756
10630,3.6787355,28044.436
10631,3.6788604,28048.115
10632,3.679012,28051.795
10633,3.679399,28055.475
10634,3.6806712,28059.156
10635,3.6812816,28062.838
10636,3.6817157,28066.52
10637,3.68176,28070.201
10638,3.6811104,28073.883
10639,3.6800659,28077.562
10640,3.678519,28081.24
10641,3.6782842,28084.918
10642,3.6787975,28088.598
10643,3.678826,28092.277
10644,3.6785305,28095.955
10645,3.678578,28099.633
10646,3.679862,28103.312
10647,3.6818473,28106.994
10648,3.681758,28110.676
10649,3.6807668,28114.357
10650,3.6798706,28118.037
10651,3.67928,28121.717
10652,3.680158,28125.396
10653,3.6816337,28129.078
10654,3.6831822,28132.762
10655,3.6829083,28136.445
10656,3.6826656,28140.129
10657,3.6826086,28143.81
10658,3.6809487,28147.492
10659,3.6785345,28151.17
10660,3.677354,28154.848
10661,3.6765513,28158.523
10662,3.6765857,28162.2
10663,3.676742,28165.875
10664,3.6772728,28169.553
10665,3.6781824,28173.23
10666,3.679705,28176.91
10667,3.6807802,28180.592
10668,3.6808362,28184.273
10669,3.6807153,28187.955
10670,3.6813269,28191.637
10671,3.6816978,28195.318
10672,3.6837792,28199.002
10673,3.685031,28202.688
10674,3.6869032,28206.375
10675,3.6887546,28210.064
10676,3.6892471,28213.754
10677,3.6890826,28217.443
10678,3.6895275,28221.133
10679,3.6893375,28224.822
10680,3.689946,28228.512
10681,3.6902666,28232.201
10682,3.6901135,28235.89
10683,3.6883838,28239.578
10684,3.68454,28243.262
10685,3.6819758,28246.943
10686,3.6800487,28250.623
10687,3.6792247,28254.303
10688,3.6789207,28257.982
10689,3.6791022,28261.662
10690,3.6772063,28265.34
10691,3.6756964,28269.016
10692,3.6743581,28272.69
10693,3.6739397,28276.363
10694,3.6736174,28280.037
10695,3.6735017,28283.71
10696,3.6732192,28287.385
10697,3.6736624,28291.059
10698,3.6753771,28294.734
10699,3.6773317,28298.412
10700,3.6789925,28302.092
10701,3.6783226,28305.77
10702,3.67551,28309.445
10703,3.6728277,28313.117
10704,3.6701753,28316.787
10705,3.669992,28320.457
10706,3.6718926,28324.129
10707,3.6734428,28327.803
10708,3.6758482,28331.479
10709,3.677085,28335.156
10710,3.6780946,28338.834
10711,3.6782265,28342.512
10712,3.6785543,28346.19
10713,3.679023,28349.87
10714,3.6812224,28353.55
10715,3.683626,28357.234
10716,3.68586,28360.92
10717,3.6863582,28364.605
10718,3.6865203,28368.291
10719,3.6875103,28371.979
10720,3.689021,28375.668
10721,3.6896596,28379.357
10722,3.689048,28383.047
10723,3.6880715,28386.734
10724,3.6863842,28390.42
10725,3.6855242,28394.105
10726,3.685312,28397.791
10727,3.6855285,28401.477
10728,3.6862586,28405.162
10729,3.6868756,28408.85
10730,3.6863954,28412.535
10731,3.6854894,28416.22
10732,3.685047,28419.906
10733,3.6850705,28423.592
10734,3.6834035,28427.275
10735,3.6818156,28430.957
10736,3.680295,28434.637
10737,3.6806252,28438.316
10738,3.681176,28441.998
10739,3.6814783,28445.68
10740,3.681014,28449.361
10741,3.6797554,28453.041
10742,3.6777346,28456.719
10743,3.6767678,28460.396
10744,3.6760542,28464.072
10745,3.6756127,28467.748
10746,3.6757312,28471.424
10747,3.6767404,28475.1
10748,3.6764255,28478.775
10749,3.676972,28482.453
10750,3.678432,28486.13
10751,3.6801088,28489.81
10752,3.6823158,28493.492
10753,3.6838837,28497.176
10754,3.6852598,28500.861
10755,3.685332,28504.547
10756,3.68421,28508.23
10757,3.6819527,28511.912
10758,3.6787133,28515.592
10759,3.677231,28519.27
10760,3.677422,28522.947
10761,3.6778467,28526.625
10762,3.6783159,28530.303
10763,3.6785247,28533.98
10764,3.6774821,28537.658
10765,3.6765454,28541.334
10766,3.6763875,28545.01
10767,3.6766427,28548.686
10768,3.6753109,28552.361
10769,3.674455,28556.035
10770,3.6744814,28559.709
10771,3.6751366,28563.385
10772,3.676715,28567.06
10773,3.6770406,28570.738
10774,3.6767461,28574.414
10775,3.677336,28578.092
10776,3.678809,28581.771
10777,3.6807733,28585.453
10778,3.6826472,28589.137
10779,3.682855,28592.82
10780,3.6809652,28596.502
10781,3.6798184,28600.182
10782,3.678886,28603.861
10783,3.6786315,28607.54
10784,3.6797574,28611.219
10785,3.6812224,28614.9
10786,3.6830742,28618.584
10787,3.6848834,28622.27
10788,3.688283,28625.957
10789,3.6902025,28629.646
10790,3.6907866,28633.338
10791,3.6897655,28637.027
10792,3.6872258,28640.715
10793,3.6842678,28644.398
10794,3.68221,28648.08
10795,3.6820984,28651.762
10796,3.681765,28655.443
10797,3.6815398,28659.125
10798,3.6825714,28662.807
10799,3.6823938,28666.488
10800,3.68163,28670.17
10801,3.6808834,28673.852
10802,3.6810994,28677.533
10803,3.6824706,28681.215
10804,3.6851492,28684.9
10805,3.6864276,28688.586
10806,3.6862283,28692.271
10807,3.6861784,28695.957
10808,3.6859462,28699.643
10809,3.6859121,28703.328
10810,3.6863937,28707.014
10811,3.68694,28710.701
10812,3.6883938,28714.389
10813,3.6890805,28718.078
10814,3.6896605,28721.768
10815,3.691304,28725.459
10816,3.6919165,28729.15
10817,3.6919687,28732.842
10818,3.6914527,28736.533
10819,3.690316,28740.223
10820,3.68866,28743.912
10821,3.6862135,28747.598
10822,3.6836116,28751.281
10823,3.6832986,28754.965
10824,3.6834917,28758.648
10825,3.6834393,28762.332
10826,3.684138,28766.016
10827,3.6852536,28769.701
10828,3.6870832,28773.389
10829,3.6882544,28777.076
10830,3.6879997,28780.764
10831,3.6878276,28784.451
10832,3.6884475,28788.139
10833,3.6880357,28791.826
10834,3.6869042,28795.514
10835,3.6867664,28799.201
10836,3.6867123,28802.889
10837,3.6869829,28806.576
10838,3.6867392,28810.264
10839,3.686369,28813.95
10840,3.6866145,28817.637
10841,3.6874788,28821.324
10842,3.688938,28825.014
10843,3.6906886,28828.705
10844,3.6924455,28832.398
10845,3.6929715,28836.092
10846,3.6923459,28839.783
10847,3.6903615,28843.473
10848,3.68691,28847.16
10849,3.6849377,28850.846
10850,3.6834013,28854.53
10851,3.6819072,28858.21
10852,3.6788304,28861.89
10853,3.6762347,28865.566
10854,3.6752474,28869.242
10855,3.6760013,28872.918
10856,3.6768737,28876.596
10857,3.6756747,28880.271
10858,3.6718407,28883.943
10859,3.6681714,28887.611
10860,3.6656923,28891.277
10861,3.6658292,28894.943
10862,3.6687539,28898.611
10863,3.6715436,28902.283
10864,3.672564,28905.955
10865,3.6741204,28909.629
10866,3.6772528,28913.307
10867,3.6800315,28916.986
10868,3.6819916,28920.668
10869,3.6833575,28924.352
10870,3.6853316,28928.037
10871,3.6864452,28931.723
10872,3.686982,28935.41
10873,3.6875305,28939.098
10874,3.6878896,28942.785
10875,3.687143,28946.473
10876,3.6843562,28950.156
10877,3.6824653,28953.838
10878,3.6807692,28957.52
10879,3.6808007,28961.201
10880,3.6835873,28964.885
10881,3.6857488,28968.57
10882,3.6891906,28972.26
10883,3.6906183,28975.951
10884,3.6893759,28979.64
10885,3.687059,28983.328
10886,3.6830363,28987.012
10887,3.6807022,28990.693
10888,3.6795306,28994.373
10889,3.6804705,28998.053
10890,3.6813438,29001.734
10891,3.6818075,29005.416
10892,3.681922,29009.098
10893,3.681907,29012.78
10894,3.681439,29016.46
10895,3.680331,29020.14
10896,3.6792178,29023.82
10897,3.6800835,29027.5
10898,3.6823528,29031.182
10899,3.6844747,29034.865
10900,3.6872911,29038.553
10901,3.6891458,29042.242
10902,3.6908116,29045.934
10903,3.6900914,29049.623
10904,3.6880825,29053.31
10905,3.6863492,29056.996
10906,3.6848722,29060.682
10907,3.6851943,29064.367
10908,3.6864028,29068.053
10909,3.6868136,29071.74
10910,3.6870303,29075.428
10911,3.6865652,29079.115
10912,3.686238,29082.8
10913,3.6867197,29086.488
10914,3.6878471,29090.176
10915,3.6880963,29093.863
10916,3.68748,29097.55
10917,3.6867156,29101.238
10918,3.6864924,29104.924
10919,3.6865053,29108.61
10920,3.686686,29112.297
10921,3.6865323,29115.984
10922,3.6863585,29119.67
10923,3.6862457,29123.355
10924,3.6851573,29127.041
10925,3.6837063,29130.725
10926,3.6820526,29134.406
10927,3.680391,29138.086
10928,3.679021,29141.766
10929,3.6777046,29145.443
10930,3.6769693,29149.121
10931,3.6767569,29152.797
10932,3.677312,29156.475
10933,3.6766784,29160.15
10934,3.6756625,29163.826
10935,3.6754062,29167.502
10936,3.6746926,29171.176
10937,3.674797,29174.85
10938,3.6765907,29178.525
10939,3.6790555,29182.205
10940,3.6821322,29185.887
10941,3.6835098,29189.57
10942,3.684178,29193.254
10943,3.6845474,29196.938
10944,3.684705,29200.623
10945,3.684925,29204.309
10946,3.6843693,29207.992
10947,3.6829672,29211.676
10948,3.6814327,29215.357
10949,3.680299,29219.037
10950,3.678252,29222.715
10951,3.6757379,29226.39
10952,3.6754756,29230.066
10953,3.6768878,29233.744
10954,3.6803918,29237.424
10955,3.6831026,29241.107
10956,3.6854405,29244.793
10957,3.686592,29248.48
10958,3.6863668,29252.166
10959,3.6858752,29255.852
10960,3.6829488,29259.535
10961,3.6805708,29263.215
10962,3.6785913,29266.893
10963,3.6793063,29270.572
10964,3.6813488,29274.254
10965,3.68307,29277.938
10966,3.6846225,29281.623
10967,3.6849034,29285.309
10968,3.6853292,29288.994
10969,3.6859767,29292.68
10970,3.6865075,29296.365
10971,3.6853194,29300.05
10972,3.6830819,29303.734
10973,3.681595,29307.416
10974,3.680623,29311.096
10975,3.6798244,29314.775
10976,3.6772637,29318.453
10977,3.6754928,29322.129
10978,3.6744516,29325.803
10979,3.6731474,29329.477
10980,3.6716418,29333.148
10981,3.671097,29336.82
10982,3.67294,29340.494
10983,3.6749432,29344.17
10984,3.6777344,29347.848
10985,3.67942,29351.527
10986,3.6802635,29355.207
10987,3.6806614,29358.887
10988,3.6807175,29362.568
10989,3.680583,29366.248
10990,3.680516,29369.928
10991,3.6800365,29373.607
10992,3.67866,29377.285
10993,3.678697,29380.963
10994,3.6789577,29384.643
10995,3.6788976,29388.322
10996,3.677668,29392.0
10997,3.6765301,29395.676
10998,3.6757677,29399.352
10999,3.6753979,29403.027
11000,3.6762295,29406.703
11001,3.6769936,29410.38
11002,3.6780431,29414.059
11003,3.6790025,29417.738
11004,3.6805208,29421.418
11005,3.6817,29425.1
11006,3.6816854,29428.781
11007,3.6811144,29432.463
11008,3.6801317,29436.143
11009,3.6801372,29439.822
11010,3.680216,29443.502
11011,3.68083,29447.184
11012,3.6820724,29450.865
11013,3.6831405,29454.549
11014,3.684235,29458.232
11015,3.6843643,29461.916
11016,3.683843,29465.6
11017,3.6834514,29469.283
11018,3.6835334,29472.967
11019,3.6831648,29476.65
11020,3.682682,29480.334
11021,3.6825335,29484.016
11022,3.6831787,29487.7
11023,3.6830814,29491.383
11024,3.6813006,29495.064
11025,3.6793728,29498.744
11026,3.6774838,29502.422
11027,3.6759481,29506.098
11028,3.6746294,29509.771
11029,3.6735382,29513.445
11030,3.6740508,29517.12
11031,3.6742315,29520.793
11032,3.6730945,29524.467
11033,3.6720436,29528.139
11034,3.6723397,29531.81
11035,3.672038,29535.482
11036,3.6723769,29539.154
11037,3.672504,29542.826
11038,3.672156,29546.498
11039,3.6730578,29550.172
11040,3.6755528,29553.848
11041,3.6777976,29557.525
11042,3.6794684,29561.205
11043,3.6803846,29564.885
11044,3.6793487,29568.564
11045,3.6778173,29572.242
11046,3.6748586,29575.918
11047,3.674041,29579.592
11048,3.6753392,29583.268
11049,3.6763747,29586.943
11050,3.67707,29590.621
11051,3.676706,29594.297
11052,3.676036,29597.973
11053,3.676214,29601.648
11054,3.6768112,29605.326
11055,3.6780593,29609.004
11056,3.6793566,29612.684
11057,3.6805503,29616.363
11058,3.6813164,29620.045
11059,3.68148,29623.727
11060,3.680949,29627.408
11061,3.6824353,29631.09
11062,3.6860213,29634.775
11063,3.689352,29638.465
11064,3.6908505,29642.156
11065,3.6905997,29645.848
11066,3.6887841,29649.537
11067,3.6866498,29653.225
11068,3.6836302,29656.908
11069,3.6806238,29660.588
11070,3.6781726,29664.266
11071,3.6766784,29667.941
11072,3.67621,29671.617
11073,3.6762905,29675.293
11074,3.6774702,29678.97
11075,3.6794734,29682.65
11076,3.6814852,29686.332
11077,3.683251,29690.016
11078,3.6840613,29693.7
11079,3.684281,29697.383
11080,3.6848285,29701.068
11081,3.6849585,29704.754
11082,3.6855617,29708.44
11083,3.6865065,29712.125
11084,3.6861255,29715.81
11085,3.6852813,29719.496
11086,3.6844442,29723.18
11087,3.6842504,29726.863
11088,3.6846614,29730.549
11089,3.6844714,29734.232
11090,3.6842198,29737.916
11091,3.6836016,29741.6
11092,3.683319,29745.283
11093,3.683972,29748.967
11094,3.684716,29752.652
11095,3.6850002,29756.338
11096,3.6845021,29760.021
11097,3.6832166,29763.705
11098,3.6810524,29767.387
11099,3.6800554,29771.066
11100,3.6795213,29774.746
11101,3.6798913,29778.426
11102,3.681505,29782.107
11103,3.6826985,29785.791
11104,3.6830282,29789.475
11105,3.6833088,29793.158
11106,3.6848514,29796.844
11107,3.6861563,29800.53
11108,3.6867807,29804.217
11109,3.6883092,29807.904
11110,3.689486,29811.594
11111,3.6897523,29815.283
11112,3.6907187,29818.975
11113,3.6916263,29822.666
11114,3.6914842,29826.357
11115,3.6909819,29830.049
11116,3.6901948,29833.738
11117,3.6899364,29837.428
11118,3.6918511,29841.12
11119,3.6927834,29844.812
11120,3.6920242,29848.504
11121,3.6898663,29852.193
11122,3.6860712,29855.879
11123,3.68411,29859.562
11124,3.6827006,29863.246
11125,3.6811113,29866.928
11126,3.6791272,29870.607
11127,3.6782908,29874.285
11128,3.679871,29877.965
11129,3.6820042,29881.646
11130,3.683809,29885.33
11131,3.684087,29889.014
11132,3.6838586,29892.697
11133,3.6833754,29896.38
11134,3.6827,29900.064
11135,3.6827276,29903.748
11136,3.6841466,29907.432
11137,3.685271,29911.117
11138,3.6865807,29914.805
11139,3.6875541,29918.492
11140,3.687776,29922.18
11141,3.6884897,29925.87
11142,3.691316,29929.56
11143,3.6938727,29933.254
11144,3.695396,29936.95
11145,3.69443,29940.645
11146,3.6919677,29944.336
11147,3.6911623,29948.027
11148,3.691411,29951.719
11149,3.691905,29955.41
11150,3.6916168,29959.102
11151,3.6908505,29962.793
11152,3.6897988,29966.482
11153,3.6894536,29970.172
11154,3.689568,29973.861
11155,3.6892211,29977.55
11156,3.6903145,29981.24
11157,3.6919267,29984.932
11158,3.6942308,29988.625
11159,3.6960266,29992.32
11160,3.6971757,29996.018
11161,3.6967604,29999.715
11162,3.6955035,30003.41
11163,3.6958377,30007.105
11164,3.6962023,30010.8
11165,3.695267,30014.496
11166,3.6939504,30018.19
11167,3.6923387,30021.88
11168,3.6890383,30025.57
11169,3.687,30029.258
11170,3.6855948,30032.943
11171,3.6865118,30036.629
11172,3.6884863,30040.318
11173,3.6896265,30044.008
11174,3.690312,30047.697
11175,3.6901443,30051.387
11176,3.6879406,30055.074
11177,3.685693,30058.76
11178,3.6841826,30062.443
11179,3.6837606,30066.127
11180,3.68253,30069.809
11181,3.6825771,30073.49
11182,3.6836407,30077.174
11183,3.6849658,30080.86
11184,3.686517,30084.545
11185,3.6862996,30088.23
11186,3.6842275,30091.914
11187,3.682443,30095.596
11188,3.681543,30099.277
11189,3.6815221,30102.959
11190,3.6826694,30106.643
11191,3.6833534,30110.326
11192,3.683097,30114.01
11193,3.682296,30117.691
11194,3.6815317,30121.373
11195,3.6804533,30125.053
11196,3.6793125,30128.732
11197,3.6793797,30132.412
11198,3.680697,30136.094
11199,3.6815875,30139.775
11200,3.6824422,30143.457
11201,3.682937,30147.14
11202,3.6830165,30150.824
11203,3.6839988,30154.508
11204,3.6850264,30158.193
11205,3.686801,30161.88
11206,3.6898286,30165.57
11207,3.6918054,30169.262
11208,3.6925693,30172.955
11209,3.6928754,30176.648
11210,3.6927867,30180.342
11211,3.6930614,30184.035
11212,3.693261,30187.729
11213,3.693318,30191.422
11214,3.6934052,30195.115
11215,3.6933148,30198.809
11216,3.6921685,30202.5
11217,3.6905587,30206.191
11218,3.6879468,30209.879
11219,3.686633,30213.566
11220,3.686423,30217.252
11221,3.686577,30220.94
11222,3.6861677,30224.625
11223,3.685003,30228.31
11224,3.6829555,30231.994
11225,3.6819274,30235.676
11226,3.6822484,30239.357
11227,3.6842327,30243.041
11228,3.6862013,30246.727
11229,3.6866646,30250.414
11230,3.6851566,30254.1
11231,3.6827984,30257.783
11232,3.6801155,30261.463
11233,3.6797893,30265.143
11234,3.6810832,30268.824
11235,3.68185,30272.506
11236,3.681613,30276.188
11237,3.6807601,30279.87
11238,3.678926,30283.549
11239,3.6784256,30287.227
11240,3.6792831,30290.906
11241,3.680576,30294.586
11242,3.6821616,30298.268
11243,3.6821103,30301.95
11244,3.6813002,30305.63
11245,3.6812212,30309.312
11246,3.6820617,30312.994
11247,3.6827948,30316.678
11248,3.6837146,30320.361
11249,3.6847677,30324.047
11250,3.6855898,30327.732
11251,3.685596,30331.418
11252,3.685448,30335.104
11253,3.685229,30338.79
11254,3.6848123,30342.475
11255,3.6844234,30346.158
11256,3.684427,30349.842
11257,3.6851363,30353.527
11258,3.685747,30357.213
11259,3.6856966,30360.898
11260,3.6855845,30364.584
11261,3.6859417,30368.27
11262,3.6868148,30371.957
11263,3.687537,30375.645
11264,3.6887722,30379.334
11265,3.689576,30383.023
11266,3.690656,30386.715
11267,3.6909673,30390.406
11268,3.6905735,30394.098
11269,3.690237,30397.787
11270,3.6887703,30401.477
11271,3.6870174,30405.164
11272,3.685948,30408.85
11273,3.685572,30412.535
11274,3.6842098,30416.219
11275,3.6827307,30419.902
11276,3.6818779,30423.584
11277,3.6825175,30427.266
11278,3.684385,30430.95
11279,3.685624,30434.635
11280,3.686565,30438.322
11281,3.686215,30442.008
11282,3.685303,30445.693
11283,3.6839492,30449.377
11284,3.6819143,30453.059
11285,3.681204,30456.74
11286,3.682549,30460.422
11287,3.684913,30464.107
11288,3.6853697,30467.793
11289,3.6833427,30471.477
11290,3.6817033,30475.158
11291,3.681449,30478.84
11292,3.6822994,30482.521
11293,3.6830752,30486.205
11294,3.683717,30489.889
11295,3.6836445,30493.572
11296,3.6821475,30497.254
11297,3.6798544,30500.934
11298,3.6776845,30504.611
11299,3.677113,30508.29
11300,3.6768243,30511.967
11301,3.6762226,30515.643
11302,3.6753137,30519.318
11303,3.6751864,30522.994
11304,3.6747732,30526.668
11305,3.6739633,30530.342
11306,3.673716,30534.016
11307,3.6746721,30537.69
11308,3.6768303,30541.367
11309,3.6781604,30545.045
11310,3.679931,30548.725
11311,3.6809902,30552.406
11312,3.6812673,30556.088
11313,3.6811666,30559.77
11314,3.6806905,30563.451
11315,3.6798265,30567.13
11316,3.678864,30570.81
11317,3.6793318,30574.49
11318,3.6798303,30578.17
11319,3.681488,30581.852
11320,3.6843796,30585.535
11321,3.68706,30589.223
11322,3.6897523,30592.912
11323,3.691235,30596.604
11324,3.6931083,30600.297
11325,3.6926494,30603.99
11326,3.6897564,30607.68
11327,3.6875982,30611.367
11328,3.6862566,30615.053
11329,3.6863272,30618.738
11330,3.688148,30622.426
11331,3.6901567,30626.115
11332,3.6922183,30629.807
11333,3.693445,30633.5
11334,3.6948996,30637.195
11335,3.6957326,30640.89
11336,3.6968737,30644.588
11337,3.6976814,30648.285
11338,3.6978393,30651.982
11339,3.697194,30655.68
11340,3.6978738,30659.377
11341,3.698591,30663.076
11342,3.698734,30666.775
11343,3.698508,30670.475
11344,3.698014,30674.172
11345,3.6962407,30677.867
11346,3.6936874,30681.56
11347,3.691294,30685.252
11348,3.6886883,30688.941
11349,3.6870403,30692.629
11350,3.6860585,30696.314
11351,3.685631,30700.0
11352,3.686879,30703.688
11353,3.6884754,30707.375
11354,3.6898422,30711.064
11355,3.6895187,30714.754
11356,3.6889,30718.443
11357,3.6886263,30722.133
11358,3.689435,30725.822
11359,3.6891692,30729.512
11360,3.6878166,30733.2
11361,3.6866512,30736.887
11362,3.6856267,30740.572
11363,3.6843305,30744.256
11364,3.682028,30747.938
11365,3.6802495,30751.617
11366,3.677898,30755.295
11367,3.6772926,30758.973
11368,3.6779037,30762.65
11369,3.6785269,30766.328
11370,3.6783862,30770.006
11371,3.677814,30773.684
11372,3.6764061,30777.36
11373,3.674839,30781.035
11374,3.6743493,30784.709
11375,3.6753273,30788.385
11376,3.6780221,30792.062
11377,3.6799018,30795.742
11378,3.681811,30799.424
11379,3.6832216,30803.107
11380,3.6847854,30806.793
11381,3.6851737,30810.479
11382,3.6850197,30814.164
11383,3.6852221,30817.85
11384,3.6845207,30821.533
11385,3.6839547,30825.217
11386,3.6835146,30828.9
11387,3.6825771,30832.582
11388,3.6813078,30836.264
11389,3.681481,30839.945
11390,3.6817122,30843.627
11391,3.6824412,30847.309
11392,3.6837997,30850.992
11393,3.6849394,30854.678
11394,3.6859777,30858.363
11395,3.6864016,30862.049
11396,3.6872122,30865.736
11397,3.6889803,30869.426
11398,3.6889012,30873.115
11399,3.6879225,30876.803
11400,3.6860485,30880.488
11401,3.6856177,30884.174
11402,3.6857717,30887.86
11403,3.6857607,30891.545
11404,3.6857183,30895.23
11405,3.6854498,30898.916
11406,3.6873732,30902.604
11407,3.6884282,30906.291
11408,3.688564,30909.98
11409,3.6873913,30913.668
11410,3.686008,30917.354
11411,3.685798,30921.04
11412,3.6845763,30924.725
11413,3.6833742,30928.408
11414,3.6822948,30932.09
11415,3.6822069,30935.771
11416,3.6828094,30939.455
11417,3.683445,30943.139
11418,3.6837237,30946.822
11419,3.6832685,30950.506
11420,3.683546,30954.19
11421,3.6854477,30957.875
11422,3.6879146,30961.562
11423,3.6888924,30965.252
11424,3.6893227,30968.941
11425,3.6888525,30972.63
11426,3.6887534,30976.32
11427,3.688161,30980.008
11428,3.687803,30983.695
11429,3.6872652,30987.383
11430,3.6866426,30991.07
11431,3.6874983,30994.758
11432,3.6883318,30998.445
11433,3.68992,31002.135
11434,3.6925857,31005.828
11435,3.6940773,31009.521
11436,3.6954317,31013.217
11437,3.6956744,31016.912
11438,3.6938198,31020.605
11439,3.690882,31024.297
11440,3.6874948,31027.984
11441,3.686572,31031.672
11442,3.687058,31035.36
11443,3.6868973,31039.047
11444,3.686612,31042.734
11445,3.6863568,31046.42
11446,3.6868844,31050.107
11447,3.688391,31053.795
11448,3.6902483,31057.484
11449,3.6923099,31061.176
11450,3.6916187,31064.867
11451,3.6908438,31068.559
11452,3.6899602,31072.248
11453,3.6902444,31075.938
11454,3.689802,31079.627
11455,3.6883016,31083.314
11456,3.6873136,31087.002
11457,3.6864996,31090.688
11458,3.6878538,31094.375
11459,3.6889186,31098.064
11460,3.690175,31101.754
11461,3.6903243,31105.443
11462,3.6887364,31109.133
11463,3.6869054,31112.82
11464,3.685255,31116.506
11465,3.6840725,31120.19
11466,3.6826713,31123.873
11467,3.6825092,31127.555
11468,3.6816359,31131.236
11469,3.6808553,31134.918
11470,3.681036,31138.6
11471,3.681191,31142.281
11472,3.6810937,31145.963
11473,3.6798983,31149.643
11474,3.6793914,31153.322
11475,3.67888,31157.002
11476,3.6789258,31160.682
11477,3.6791863,31164.361
11478,3.677643,31168.04
11479,3.6766458,31171.715
11480,3.6751564,31175.39
11481,3.6749454,31179.066
11482,3.6744113,31182.74
11483,3.674123,31186.414
11484,3.6742654,31190.088
11485,3.6750164,31193.764
11486,3.6744735,31197.438
11487,3.6723962,31201.11
11488,3.6696758,31204.78
11489,3.6688113,31208.447
11490,3.6709785,31212.12
11491,3.6732104,31215.793
11492,3.6745372,31219.467
11493,3.674578,31223.14
11494,3.6750796,31226.816
11495,3.675413,31230.492
11496,3.676185,31234.168
11497,3.6772795,31237.846
11498,3.6780844,31241.523
11499,3.6782691,31245.201
11500,3.6793294,31248.88
11501,3.6808348,31252.562
11502,3.6808977,31256.244
11503,3.6797426,31259.924
11504,3.6780963,31263.602
11505,3.6770446,31267.28
11506,3.6759138,31270.955
11507,3.6750102,31274.63
11508,3.6751256,31278.307
11509,3.6750112,31281.982
11510,3.6748824,31285.658
11511,3.6747856,31289.332
11512,3.6750858,31293.008
11513,3.675108,31296.684
11514,3.673712,31300.357
11515,3.6718168,31304.03
11516,3.6705186,31307.7
11517,3.6699734,31311.37
11518,3.670761,31315.04
11519,3.6711204,31318.71
11520,3.6706772,31322.38
11521,3.669887,31326.05
11522,3.6694102,31329.72
11523,3.6690605,31333.39
11524,3.6687353,31337.059
11525,3.6691513,31340.729
11526,3.669571,31344.398
11527,3.6690996,31348.068
11528,3.6690695,31351.738
11529,3.6691027,31355.408
11530,3.669899,31359.078
11531,3.6707354,31362.748
11532,3.670043,31366.418
11533,3.6691623,31370.088
11534,3.6700299,31373.758
11535,3.6716533,31377.43
11536,3.6730297,31381.104
11537,3.6734085,31384.777
11538,3.6741858,31388.451
11539,3.6737661,31392.125
11540,3.6725783,31395.797
11541,3.6717677,31399.469
11542,3.6712236,31403.14
11543,3.671544,31406.812
11544,3.6730902,31410.486
11545,3.673992,31414.16
11546,3.6733346,31417.834
11547,3.6727176,31421.506
11548,3.6721349,31425.178
11549,3.671337,31428.85
11550,3.6697273,31432.52
11551,3.6685612,31436.188
11552,3.6681716,31439.855
11553,3.6696522,31443.525
11554,3.6725488,31447.197
11555,3.6739337,31450.871
11556,3.6749694,31454.547
11557,3.6761174,31458.223
11558,3.6755872,31461.898
11559,3.6742656,31465.572
11560,3.6726265,31469.244
11561,3.672179,31472.916
11562,3.671517,31476.588
11563,3.671663,31480.26
11564,3.6734712,31483.934
11565,3.6743286,31487.607
11566,3.675064,31491.283
11567,3.6752315,31494.959
11568,3.6768377,31498.637
11569,3.678008,31502.314
11570,3.678233,31505.992
11571,3.6779125,31509.67
11572,3.6778119,31513.348
11573,3.6778054,31517.025
11574,3.6777468,31520.703
11575,3.67741,31524.38
11576,3.677943,31528.059
11577,3.6792798,31531.738
11578,3.6825824,31535.42
11579,3.68492,31539.105
11580,3.68642,31542.791
11581,3.687207,31546.479
11582,3.6881626,31550.166
11583,3.688891,31553.855
11584,3.688893,31557.545
11585,3.6880932,31561.232
11586,3.6864285,31564.918
11587,3.6858447,31568.604
11588,3.6856596,31572.29
11589,3.6856933,31575.975
11590,3.686156,31579.66
11591,3.687088,31583.348
11592,3.6882973,31587.035
11593,3.688014,31590.723
11594,3.6861954,31594.408
11595,3.6845558,31598.092
11596,3.6826208,31601.775
11597,3.6822433,31605.457
11598,3.684146,31609.14
11599,3.6858146,31612.826
11600,3.6877353,31616.514
11601,3.6882668,31620.201
11602,3.6881714,31623.889
11603,3.6881938,31627.576
11604,3.688174,31631.264
11605,3.687474,31634.951
11606,3.6880848,31638.639
11607,3.6880834,31642.326
11608,3.6879363,31646.014
11609,3.6872342,31649.701
11610,3.6861238,31653.387
11611,3.6862395,31657.072
11612,3.6877813,31660.76
11613,3.6892824,31664.45
11614,3.6883953,31668.137
11615,3.6869116,31671.824
11616,3.6861165,31675.51
11617,3.685376,31679.195
11618,3.6848326,31682.88
11619,3.683269,31686.564
11620,3.679795,31690.244
11621,3.6772466,31693.922
11622,3.6758928,31697.598
11623,3.675379,31701.273
11624,3.6757736,31704.95
11625,3.6769392,31708.627
11626,3.6780162,31712.305
11627,3.6780267,31715.982
11628,3.6772957,31719.66
11629,3.6770694,31723.338
11630,3.6769977,31727.016
11631,3.6780007,31730.693
11632,3.6793175,31734.373
11633,3.6797335,31738.053
11634,3.6791556,31741.732
11635,3.6790092,31745.412
11636,3.678677,31749.09
11637,3.6781595,31752.768
11638,3.6768126,31756.445
11639,3.6762207,31760.121
11640,3.6765518,31763.797
11641,3.678106,31767.475
11642,3.680658,31771.154
11643,3.68241,31774.836
11644,3.682773,31778.52
11645,3.6821547,31782.201
11646,3.680596,31785.88
11647,3.6793768,31789.56
11648,3.677412,31793.238
11649,3.676686,31796.914
11650,3.6764443,31800.59
11651,3.6767738,31804.268
11652,3.6769295,31807.945
11653,3.6773818,31811.623
11654,3.6777546,31815.3
11655,3.6783671,31818.979
11656,3.6776192,31822.656
11657,3.675574,31826.332
11658,3.6729605,31830.006
11659,3.672407,31833.678
11660,3.6738143,31837.352
11661,3.6754026,31841.027
11662,3.675566,31844.703
11663,3.6761432,31848.379
11664,3.677421,31852.057
11665,3.6790252,31855.736
11666,3.6806695,31859.418
11667,3.6818142,31863.1
11668,3.6833181,31866.783
11669,3.6852376,31870.469
11670,3.6870139,31874.156
11671,3.6883311,31877.844
11672,3.6900778,31881.533
11673,3.691204,31885.225
11674,3.6922143,31888.916
11675,3.69195,31892.607
11676,3.6906817,31896.299
11677,3.6903903,31899.988
11678,3.6913164,31903.68
11679,3.6921532,31907.371
11680,3.6926317,31911.064
11681,3.6924047,31914.758
11682,3.691786,31918.45
11683,3.6914046,31922.14
11684,3.6919856,31925.832
11685,3.6921947,31929.523
11686,3.6916199,31933.215
11687,3.6909564,31936.906
11688,3.6893284,31940.596
11689,3.6878934,31944.283
11690,3.6873705,31947.97
11691,3.6871974,31951.658
11692,3.6891966,31955.348
11693,3.6906662,31959.04
11694,3.692907,31962.732
11695,3.6949718,31966.428
11696,3.6972582,31970.125
11697,3.6980836,31973.822
11698,3.6971524,31977.52
11699,3.6966503,31981.217
11700,3.6973727,31984.914
11701,3.698293,31988.613
11702,3.6985044,31992.312
11703,3.6983452,31996.012
11704,3.6984997,31999.71
11705,3.6975298,32003.408
11706,3.6950624,32007.104
11707,3.6924973,32010.797
11708,3.6906612,32014.488
11709,3.6891415,32018.178
11710,3.6862044,32021.863
11711,3.68362,32025.547
11712,3.6818228,32029.229
11713,3.6815274,32032.91
11714,3.6822095,32036.592
11715,3.6828384,32040.275
11716,3.683639,32043.959
11717,3.6833074,32047.643
11718,3.6829183,32051.326
11719,3.683193,32055.01
11720,3.6826313,32058.693
11721,3.6823812,32062.375
11722,3.6810455,32066.057
11723,3.679822,32069.736
11724,3.6786325,32073.414
11725,3.6782415,32077.092
11726,3.6769545,32080.77
11727,3.6756124,32084.445
11728,3.6751442,32088.121
11729,3.6752794,32091.797
11730,3.6753013,32095.473
11731,3.6750364,32099.148
11732,3.6762946,32102.824
11733,3.6780713,32106.502
11734,3.6807754,32110.184
11735,3.682487,32113.865
11736,3.6827178,32117.549
11737,3.681827,32121.23
11738,3.6810112,32124.912
11739,3.6799698,32128.592
11740,3.6791894,32132.271
11741,3.67935,32135.951
11742,3.678995,32139.63
11743,3.677363,32143.309
11744,3.67501,32146.984
11745,3.6737752,32150.658
11746,3.6724162,32154.33
11747,3.6722593,32158.002
11748,3.6727583,32161.674
11749,3.6731071,32165.348
11750,3.6738255,32169.021
11751,3.674251,32172.695
11752,3.6754274,32176.371
11753,3.6764991,32180.047
11754,3.6775734,32183.725
11755,3.677401,32187.402
11756,3.6764705,32191.078
11757,3.6757236,32194.754
11758,3.6745794,32198.428
11759,3.6736827,32202.102
11760,3.6745653,32205.775
11761,3.6766467,32209.451
11762,3.6803167,32213.13
11763,3.6832452,32216.814
11764,3.6856606,32220.5
11765,3.6861122,32224.186
11766,3.6855562,32227.871
11767,3.6858783,32231.557
11768,3.687071,32235.244
11769,3.6884484,32238.932
11770,3.6896722,32242.621
11771,3.6904068,32246.31
11772,3.6910896,32250.002
11773,3.6924944,32253.695
11774,3.6958263,32257.39
11775,3.698095,32261.088
11776,3.6997519,32264.787
11777,3.6997495,32268.486
11778,3.698092,32272.184
11779,3.696514,32275.88
11780,3.6956475,32279.576
11781,3.6942737,32283.27
11782,3.6930428,32286.963
11783,3.692107,32290.654
11784,3.6903555,32294.344
11785,3.688587,32298.033
11786,3.6868896,32301.72
11787,3.6864805,32305.406
11788,3.6858392,32309.092
11789,3.6859639,32312.777
11790,3.6873105,32316.465
11791,3.688811,32320.154
11792,3.6909552,32323.846
11793,3.6914227,32327.537
11794,3.691554,32331.229
11795,3.690793,32334.92
11796,3.6899502,32338.61
11797,3.6904361,32342.3
11798,3.6915104,32345.992
11799,3.6916587,32349.684
11800,3.6922538,32353.375
11801,3.6924422,32357.068
11802,3.692704,32360.762
11803,3.6931689,32364.455
11804,3.6940367,32368.148
11805,3.6938293,32371.842
11806,3.692356,32375.533
11807,3.6901042,32379.223
11808,3.6883404,32382.91
11809,3.6872864,32386.598
11810,3.6860507,32390.283
11811,3.683437,32393.967
11812,3.6801398,32397.646
11813,3.6792743,32401.326
11814,3.682006,32405.008
11815,3.6848662,32408.693
11816,3.6863241,32412.379
11817,3.686188,32416.064
11818,3.685646,32419.75
11819,3.686055,32423.436
11820,3.6869738,32427.123
11821,3.6866102,32430.81
11822,3.6852648,32434.496
11823,3.6842437,32438.18
11824,3.683837,32441.863
11825,3.6830559,32445.547
11826,3.6818848,32449.229
11827,3.6820853,32452.91
11828,3.6824594,32456.592
11829,3.6819942,32460.273
11830,3.6814647,32463.955
11831,3.6806624,32467.635
11832,3.6798205,32471.314
11833,3.6793332,32474.994
11834,3.6772454,32478.672
11835,3.6760428,32482.348
11836,3.6743164,32486.021
11837,3.674198,32489.695
11838,3.674995,32493.371
11839,3.6747813,32497.045
11840,3.67379,32500.719
11841,3.6723938,32504.39
11842,3.671179,32508.062
11843,3.6697814,32511.732
11844,3.6675649,32515.4
11845,3.6655974,32519.066
11846,3.6625042,32522.729
11847,3.659838,32526.389
11848,3.656741,32530.045
11849,3.6544695,32533.7
11850,3.651224,32537.35
11851,3.6480782,32540.998
11852,3.645059,32544.643
11853,3.6432157,32548.285
11854,3.6410403,32551.926
11855,3.6407008,32555.566
11856,3.6413481,32559.207
11857,3.6418757,32562.85
11858,3.6407797,32566.49
11859,3.6402078,32570.13
11860,3.6394198,32573.77
11861,3.6381133,32577.408
11862,3.6358962,32581.045
11863,3.6336684,32584.678
11864,3.6318963,32588.31
11865,3.631046,32591.941
11866,3.6293857,32595.57
11867,3.6275775,32599.197
11868,3.624048,32602.822
11869,3.6210861,32606.443
11870,3.61871,32610.062
11871,3.6176176,32613.68
11872,3.617457,32617.297
11873,3.6165128,32620.914
11874,3.614307,32624.53
11875,3.612038,32628.14
11876,3.6102188,32631.75
11877,3.6100621,32635.36
11878,3.6097558,32638.969
11879,3.6080966,32642.576
11880,3.6054158,32646.182
11881,3.603626,32649.785
11882,3.6023834,32653.387
11883,3.6026845,32656.99
11884,3.6031997,32660.594
11885,3.6026616,32664.197
11886,3.6008763,32667.799
11887,3.5989144,32671.398
11888,3.5968323,32674.996
11889,3.5952916,32678.592
11890,3.5931218,32682.186
11891,3.5883112,32685.773
11892,3.5781457,32689.352
11893,3.5719316,32692.924
11894,3.5648456,32696.488
11895,3.5600402,32700.049
11896,3.5545034,32703.604
11897,3.5510716,32707.154
11898,3.5466554,32710.701
11899,3.5423355,32714.244
11900,3.536679,32717.781
11901,3.5324793,32721.314
11902,3.528411,32724.844
11903,3.5253923,32728.37
11904,3.5230963,32731.893
11905,3.5214128,32735.414
11906,3.5212395,32738.936
11907,3.5216103,32742.457
11908,3.5217955,32745.979
11909,3.5210478,32749.5
11910,3.5195813,32753.02
11911,3.5175412,32756.537
11912,3.5157301,32760.053
11913,3.5148416,32763.568
11914,3.5141459,32767.082
11915,3.51373,32770.598
11916,3.5130696,32774.11
11917,3.5129073,32777.62
11918,3.5117507,32781.133
11919,3.511309,32784.645
11920,3.5110414,32788.156
11921,3.5107417,32791.668
11922,3.51127,32795.18
11923,3.5123067,32798.69
11924,3.5129743,32802.203
11925,3.5132113,32805.715
11926,3.5130222,32809.227
11927,3.5127733,32812.74
11928,3.5119412,32816.25
11929,3.511321,32819.76
11930,3.510139,32823.273
11931,3.5098066,32826.785
11932,3.509391,32830.293
11933,3.509128,32833.8
11934,3.5083313,32837.31
11935,3.5074544,32840.816
11936,3.505753,32844.32
11937,3.5046034,32847.824
11938,3.5038283,32851.33
11939,3.503456,32854.832
11940,3.5035307,32858.336
11941,3.5043242,32861.84
11942,3.5043252,32865.344
11943,3.5041313,32868.848
11944,3.5025506,32872.35
11945,3.500673,32875.85
11946,3.4984741,32879.35
11947,3.495606,32882.848
11948,3.493461,32886.34
11949,3.4909148,32889.832
11950,3.4876158,32893.32
11951,3.4844232,32896.805
11952,3.4827635,32900.29
11953,3.4835732,32903.773
11954,3.4863904,32907.26
11955,3.4916468,32910.754
11956,3.4948065,32914.25
11957,3.498661,32917.75
11958,3.5006163,32921.25
11959,3.5027328,32924.754
11960,3.5052395,32928.258
11961,3.5092332,32931.766
11962,3.514058,32935.28
11963,3.5175607,32938.797
11964,3.5183318,32942.316
11965,3.5172098,32945.832
11966,3.5148418,32949.348
11967,3.5104017,32952.86
11968,3.5039632,32956.363
11969,3.4947684,32959.86
11970,3.484532,32963.344
11971,3.4723992,32966.816
11972,3.4600427,32970.277
11973,3.447219,32973.723
11974,3.4350903,32977.156
11975,3.4209034,32980.58
11976,3.4064965,32983.984
11977,3.3908653,32987.375
11978,3.3767323,32990.75
11979,3.3628511,32994.113
11980,3.3497746,32997.465
11981,3.3364995,33000.8
11982,3.3247085,33004.125
11983,3.31307,33007.438
11984,3.3021517,33010.74
11985,3.2924223,33014.03
11986,3.2845953,33017.316
11987,3.2780187,33020.594
11988,3.2724996,33023.867
11989,3.2669635,33027.133
11990,3.260455,33030.395
11991,3.2535174,33033.65
11992,3.2459903,33036.895
11993,3.2392342,33040.133
11994,3.2323654,33043.363
11995,3.227255,33046.59
11996,3.2258239,33049.816
11997,3.2286794,33053.047
11998,3.2335227,33056.28
11999,3.2361846,33059.516
12000,3.2339926,33062.75
12001,3.238313,33065.99
12002,3.2669854,33069.254
12003,3.2959054,33072.55
12004,3.323481,33075.875
12005,3.3518007,33079.227
12006,3.3832712,33082.61
12007,3.4176638,33086.027
12008,3.4582646,33089.484
12009,3.500056,33092.984
12010,3.53922,33096.523
12011,3.5718954,33100.094
12012,3.6008704,33103.695
12013,3.6218638,33107.316
12014,3.6381238,33110.953
12015,3.648317,33114.6
12016,3.6550295,33118.258
12017,3.6560225,33121.914
12018,3.6528404,33125.566
12019,3.6421509,33129.207
12020,3.6259222,33132.832
12021,3.6052692,33136.438
12022,3.5896356,33140.027
12023,3.5774822,33143.605
12024,3.5713472,33147.176
12025,3.563344,33150.74
12026,3.5611312,33154.3
12027,3.5567982,33157.86
12028,3.5582056,33161.418
12029,3.5562565,33164.973
12030,3.5568619,33168.53
12031,3.5538776,33172.086
12032,3.5560286,33175.64
12033,3.555841,33179.195
12034,3.5592537,33182.754
12035,3.5611455,33186.316
12036,3.567566,33189.883
12037,3.5737991,33193.457
12038,3.581039,33197.04
12039,3.586625,33200.625
12040,3.59052,33204.215
12041,3.5918248,33207.81
12042,3.5932164,33211.402
12043,3.5929973,33214.996
12044,3.5939107,33218.59
12045,3.5937054,33222.184
12046,3.5948431,33225.777
12047,3.5945382,33229.37
12048,3.5935988,33232.965
12049,3.5926158,33236.56
12050,3.594533,33240.152
12051,3.5986702,33243.75
12052,3.6013668,33247.35
12053,3.6028306,33250.953
12054,3.6031566,33254.555
12055,3.6038918,33258.16
12056,3.605823,33261.766
12057,3.6072173,33265.37
12058,3.6089458,33268.98
12059,3.6106799,33272.59
12060,3.6124544,33276.203
12061,3.6143703,33279.816
12062,3.6167717,33283.434
12063,3.6186268,33287.05
12064,3.6215649,33290.67
12065,3.623653,33294.297
12066,3.6243846,33297.92
12067,3.6259902,33301.547
12068,3.6282735,33305.176
12069,3.6299388,33308.805
12070,3.6314769,33312.438
12071,3.6342516,33316.07
12072,3.6381738,33319.707
12073,3.6419256,33323.348
12074,3.6422784,33326.99
12075,3.642308,33330.63
12076,3.6420393,33334.27
12077,3.6426785,33337.914
12078,3.6428597,33341.56
12079,3.6427038,33345.203
12080,3.6407297,33348.844
12081,3.6394897,33352.484
12082,3.6390872,33356.125
12083,3.6386755,33359.766
12084,3.6376336,33363.402
12085,3.6366634,33367.04
12086,3.6368785,33370.676
12087,3.6377058,33374.312
12088,3.6393893,33377.953
12089,3.6404061,33381.594
12090,3.6393712,33385.234
12091,3.6383638,33388.87
12092,3.6371973,33392.508
12093,3.6360724,33396.145
12094,3.6362221,33399.78
12095,3.636609,33403.418
12096,3.636575,33407.055
12097,3.634811,33410.69
12098,3.6247625,33414.316
12099,3.6143363,33417.93
12100,3.6057265,33421.535
12101,3.595072,33425.13
12102,3.5916936,33428.72
12103,3.5833778,33432.3
12104,3.5880983,33435.89
12105,3.5822585,33439.473
12106,3.5891955,33443.062
12107,3.5852425,33446.65
12108,3.597037,33450.246
12109,3.5964,33453.844
12110,3.6048577,33457.45
12111,3.6015651,33461.05
12112,3.6086864,33464.66
12113,3.6076427,33468.27
12114,3.615848,33471.887
12115,3.6144273,33475.5
12116,3.6203737,33479.12
12117,3.619932,33482.742
12118,3.625846,33486.367
12119,3.6256304,33489.992
12120,3.632025,33493.625
12121,3.6380856,33497.26
12122,3.6512585,33500.914
12123,3.6607223,33504.574
12124,3.6665435,33508.242
12125,3.6686218,33511.91
12126,3.6716352,33515.582
12127,3.673662,33519.254
12128,3.6779177,33522.934
12129,3.6827462,33526.617
12130,3.6872761,33530.305
12131,3.6924078,33533.996
12132,3.700202,33537.695
12133,3.706007,33541.402
12134,3.711101,33545.113
12135,3.7171338,33548.832
12136,3.723001,33552.555
12137,3.7289572,33556.285
12138,3.735497,33560.02
12139,3.7410717,33563.76
12140,3.744541,33567.508
12141,3.7482944,33571.258
12142,3.7518795,33575.008
12143,3.7540905,33578.76
12144,3.7548254,33582.516
12145,3.7542098,33586.27
12146,3.7556617,33590.023
12147,3.7587698,33593.78
12148,3.7610278,33597.543
12149,3.765237,33601.31
12150,3.7712371,33605.08
12151,3.7777574,33608.855
12152,3.7810397,33612.637
12153,3.7836394,33616.42
12154,3.7847574,33620.207
12155,3.7848365,33623.992
12156,3.7822812,33627.773
12157,3.7785802,33631.55
12158,3.7753766,33635.324
12159,3.7719774,33639.098
12160,3.76876,33642.867
12161,3.7653456,33646.633
12162,3.761556,33650.395
12163,3.761945,33654.156
12164,3.7671566,33657.92
12165,3.7714636,33661.69
12166,3.7764862,33665.47
12167,3.7810104,33669.25
12168,3.7848492,33673.035
12169,3.7877128,33676.824
12170,3.7923932,33680.617
12171,3.7963698,33684.414
12172,3.80126,33688.215
12173,3.804225,33692.02
12174,3.807471,33695.83
12175,3.8097677,33699.637
12176,3.8117301,33703.45
12177,3.8118918,33707.26
12178,3.810117,33711.07
12179,3.8066113,33714.875
12180,3.805839,33718.68
12181,3.8061502,33722.484
12182,3.8083198,33726.293
12183,3.8104904,33730.1
12184,3.8101022,33733.91
12185,3.8082058,33737.72
12186,3.805583,33741.523
12187,3.8030918,33745.33
12188,3.80096,33749.13
12189,3.7990968,33752.93
12190,3.7972662,33756.727
12191,3.7944384,33760.52
12192,3.790198,33764.31
12193,3.7883759,33768.098
12194,3.7876887,33771.887
12195,3.7888503,33775.676
12196,3.7866247,33779.46
12197,3.785056,33783.246
12198,3.785091,33787.03
12199,3.78778,33790.82
12200,3.78711,33794.61
12201,3.7850978,33798.395
12202,3.7826028,33802.176
12203,3.78149,33805.957
12204,3.7806315,33809.74
12205,3.780985,33813.52
12206,3.7836003,33817.305
12207,3.78641,33821.09
12208,3.7861998,33824.875
12209,3.7847195,33828.66
12210,3.7835884,33832.445
12211,3.7825341,33836.227
12212,3.7811263,33840.008
12213,3.7807624,33843.79
12214,3.7813475,33847.57
12215,3.7843802,33851.355
12216,3.7864304,33855.14
12217,3.787491,33858.93
12218,3.7855895,33862.715
12219,3.7839236,33866.5
12220,3.782813,33870.28
12221,3.783209,33874.066
12222,3.7828012,33877.848
12223,3.7838135,33881.633
12224,3.7834725,33885.418
12225,3.7829757,33889.2
12226,3.7825084,33892.98
12227,3.7856262,33896.766
12228,3.7906182,33900.555
12229,3.7955575,33904.35
12230,3.7956612,33908.15
12231,3.7959993,33911.945
12232,3.7967596,33915.742
12233,3.7984622,33919.54
12234,3.806113,33923.344
12235,3.8194067,33927.164
12236,3.8334982,33930.996
12237,3.844332,33934.84
12238,3.8525,33938.69
12239,3.8585384,33942.55
12240,3.863841,33946.414
12241,3.8692977,33950.285
12242,3.8751457,33954.16
12243,3.8806353,33958.04
12244,3.8855395,33961.926
12245,3.8897274,33965.816
12246,3.892075,33969.707
12247,3.8927069,33973.6
12248,3.8922884,33977.492
12249,3.8921123,33981.383
12250,3.8915114,33985.273
12251,3.8908615,33989.164
12252,3.8894157,33993.055
12253,3.8873394,33996.94
12254,3.8851306,34000.83
12255,3.8828673,34004.71
12256,3.8805666,34008.59
12257,3.8776379,34012.47
12258,3.8743322,34016.344
12259,3.8712728,34020.215
12260,3.868134,34024.082
12261,3.864353,34027.945
12262,3.8584194,34031.805
12263,3.8513992,34035.656
12264,3.8447375,34039.5
12265,3.8371987,34043.336
12266,3.8268738,34047.164
12267,3.8113327,34050.977
12268,3.7898817,34054.766
12269,3.7593808,34058.523
12270,3.731873,34062.254
12271,3.7197685,34065.973
12272,3.7243493,34069.695
12273,3.725672,34073.42
12274,3.711491,34077.133
12275,3.6868408,34080.82
12276,3.666505,34084.49
12277,3.6531532,34088.14
12278,3.6442442,34091.785
12279,3.6386921,34095.426
12280,3.6343672,34099.06
12281,3.6317608,34102.69
12282,3.6298904,34106.32
12283,3.62929,34109.95
12284,3.629434,34113.58
12285,3.630546,34117.207
12286,3.6284118,34120.836
12287,3.6271634,34124.465
12288,3.6241214,34128.09
12289,3.621615,34131.71
12290,3.6184685,34135.33
12291,3.6194987,34138.95
12292,3.6247356,34142.574
12293,3.630316,34146.203
12294,3.6294339,34149.832
12295,3.625587,34153.457
12296,3.6213927,34157.08
12297,3.6192665,34160.7
12298,3.61983,34164.32
12299,3.6205156,34167.94
12300,3.6178167,34171.56
12301,3.6160135,34175.176
12302,3.614462,34178.79
12303,3.6143365,34182.402
12304,3.6128485,34186.016
12305,3.6117282,34189.63
12306,3.60994,34193.24
12307,3.609937,34196.848
12308,3.6089227,34200.457
12309,3.6071925,34204.062
12310,3.6027777,34207.664
12311,3.6031291,34211.266
12312,3.6021004,34214.867
12313,3.6016948,34218.47
12314,3.599955,34222.07
12315,3.6032455,34225.67
12316,3.6074514,34229.28
12317,3.6152618,34232.9
12318,3.6251013,34236.523
12319,3.6333895,34240.156
12320,3.6368034,34243.793
12321,3.6373656,34247.43
12322,3.638351,34251.066
12323,3.6399183,34254.707
12324,3.6386733,34258.348
12325,3.6431396,34261.992
12326,3.6512926,34265.645
12327,3.662789,34269.31
12328,3.663871,34272.973
12329,3.6646466,34276.637
12330,3.6569188,34280.293
12331,3.652364,34283.945
12332,3.6493423,34287.594
12333,3.6523776,34291.246
12334,3.6536796,34294.9
12335,3.6596408,34298.56
12336,3.662184,34302.223
12337,3.66664,34305.89
12338,3.671519,34309.562
12339,3.6697247,34313.23
12340,3.6664128,34316.9
12341,3.6586728,34320.56
12342,3.6537254,34324.21
12343,3.652294,34327.863
12344,3.6523647,34331.516
12345,3.6508358,34335.168
12346,3.647146,34338.816
12347,3.6416724,34342.457
12348,3.6359026,34346.094
12349,3.631799,34349.727
12350,3.6259115,34353.35
12351,3.6214142,34356.973
12352,3.616357,34360.59
12353,3.613763,34364.203
12354,3.6135745,34367.816
12355,3.6144238,34371.43
12356,3.6133432,34375.043
12357,3.6119921,34378.656
12358,3.6121254,34382.27
12359,3.614376,34385.883
12360,3.6172283,34389.5
12361,3.6189406,34393.117
12362,3.6207561,34396.74
12363,3.6223648,34400.36
12364,3.6234818,34403.984
12365,3.6228452,34407.605
12366,3.6214328,34411.227
12367,3.6185524,34414.844
12368,3.6162918,34418.46
12369,3.614354,34422.074
12370,3.6135266,34425.688
12371,3.614671,34429.3
12372,3.615652,34432.918
12373,3.6154068,34436.535
12374,3.6145892,34440.15
12375,3.6149905,34443.76
12376,3.6168218,34447.38
12377,3.6188414,34450.996
12378,3.6198888,34454.617
12379,3.6197023,34458.24
12380,3.6182458,34461.855
12381,3.616691,34465.473
12382,3.618913,34469.09
12383,3.6232028,34472.715
12384,3.6287773,34476.344
12385,3.6312797,34479.977
12386,3.6316931,34483.61
12387,3.6311438,34487.242
12388,3.630572,34490.87
12389,3.630159,34494.5
12390,3.6294873,34498.13
12391,3.6287887,34501.758
12392,3.6283834,34505.387
12393,3.6284008,34509.016
12394,3.629317,34512.645
12395,3.6301968,34516.273
12396,3.6305842,34519.902
12397,3.6304638,34523.53
12398,3.6313748,34527.164
12399,3.6324375,34530.797
12400,3.6333456,34534.43
12401,3.633978,34538.062
12402,3.6349301,34541.7
12403,3.6364617,34545.336
12404,3.6388476,34548.977
12405,3.6411302,34552.617
12406,3.642884,34556.26
12407,3.642676,34559.906
12408,3.6413946,34563.547
12409,3.6398153,34567.188
12410,3.6395504,34570.83
12411,3.6408637,34574.47
12412,3.6430986,34578.113
12413,3.6449556,34581.758
12414,3.6455529,34585.402
12415,3.6451793,34589.047
12416,3.644353,34592.69
12417,3.6443906,34596.336
12418,3.645423,34599.98
12419,3.6460516,34603.625
12420,3.646477,34607.27
12421,3.6458519,34610.914
12422,3.6440835,34614.56
12423,3.6431487,34618.203
12424,3.6421623,34621.844
12425,3.640731,34625.484
12426,3.6390252,34629.125
12427,3.6385117,34632.76
12428,3.6386337,34636.4
12429,3.638912,34640.04
12430,3.640469,34643.68
12431,3.6427093,34647.324
12432,3.6450722,34650.97
12433,3.6469064,34654.617
12434,3.6488452,34658.266
12435,3.6500478,34661.914
12436,3.650025,34665.562
12437,3.6497087,34669.21
12438,3.65033,34672.86
12439,3.6518645,34676.51
12440,3.6538174,34680.164
12441,3.6548374,34683.82
12442,3.655726,34687.477
12443,3.6564257,34691.133
12444,3.6566722,34694.79
12445,3.656183,34698.445
12446,3.654331,34702.1
12447,3.6515374,34705.754
12448,3.646831,34709.402
12449,3.6427596,34713.047
12450,3.6419094,34716.688
12451,3.643871,34720.332
12452,3.6481912,34723.98
12453,3.650288,34727.63
12454,3.6483376,34731.277
12455,3.6439748,34734.92
12456,3.6420143,34738.562
12457,3.6426458,34742.207
12458,3.6450644,34745.85
12459,3.6471417,34749.5
12460,3.6489744,34753.15
12461,3.6507716,34756.8
12462,3.6525803,34760.453
12463,3.6525955,34764.105
12464,3.650425,34767.758
12465,3.6467311,34771.406
12466,3.6425712,34775.047
12467,3.6382778,34778.684
12468,3.6352398,34782.32
12469,3.6339552,34785.953
12470,3.633739,34789.586
12471,3.634005,34793.22
12472,3.6340425,34796.85
12473,3.6344934,34800.484
12474,3.6351237,34804.12
12475,3.6354835,34807.758
12476,3.6342833,34811.39
12477,3.6323507,34815.023
12478,3.6300223,34818.652
12479,3.6287544,34822.28
12480,3.6292007,34825.91
12481,3.6307526,34829.54
12482,3.6330874,34833.17
12483,3.6341002,34836.805
12484,3.6335492,34840.438
12485,3.6324964,34844.07
12486,3.63158,34847.703
12487,3.630491,34851.332
12488,3.6283247,34854.96
12489,3.6249013,34858.586
12490,3.6210353,34862.207
12491,3.6180654,34865.824
12492,3.614078,34869.438
12493,3.6109524,34873.047
12494,3.608142,34876.656
12495,3.6084676,34880.266
12496,3.6120198,34883.88
12497,3.616951,34887.496
12498,3.6209438,34891.117
12499,3.6240904,34894.742
12500,3.6270485,34898.37
12501,3.6283102,34902.0
12502,3.6281323,34905.63
12503,3.6268632,34909.254
12504,3.6246843,34912.88
12505,3.6227553,34916.5
12506,3.621799,34920.12
12507,3.6199715,34923.742
12508,3.6186187,34927.36
12509,3.6175287,34930.977
12510,3.6166391,34934.594
12511,3.6161458,34938.21
12512,3.6161604,34941.83
12513,3.6173272,34945.445
12514,3.6194942,34949.066
12515,3.621885,34952.688
12516,3.6234994,34956.312
12517,3.6237283,34959.938
12518,3.6240659,34963.562
12519,3.6235967,34967.188
12520,3.623406,34970.812
12521,3.6230876,34974.438
12522,3.6232884,34978.062
12523,3.6235268,34981.688
12524,3.6234388,34985.312
12525,3.6232595,34988.938
12526,3.6237514,34992.562
12527,3.6244314,34996.188
12528,3.6246428,34999.812
12529,3.6239815,35003.438
12530,3.623697,35007.062
12531,3.6236792,35010.688
12532,3.624305,35014.312
12533,3.625544,35017.938
12534,3.627683,35021.566
12535,3.6294773,35025.195
12536,3.6310065,35028.83
12537,3.631822,35032.46
12538,3.6324434,35036.094
12539,3.632903,35039.727
12540,3.6344125,35043.36
12541,3.6361635,35046.996
12542,3.6382406,35050.633
12543,3.6390028,35054.273
12544,3.6380894,35057.91
12545,3.6349533,35061.547
12546,3.6316419,35065.18
12547,3.6280296,35068.81
12548,3.6250224,35072.434
12549,3.6238344,35076.06
12550,3.623373,35079.684
12551,3.623432,35083.31
12552,3.6232898,35086.934
12553,3.6234515,35090.56
12554,3.6228795,35094.18
12555,3.6221673,35097.8
12556,3.6230087,35101.42
12557,3.6252708,35105.047
12558,3.6291854,35108.676
12559,3.632535,35112.31
12560,3.6346457,35115.94
12561,3.633942,35119.574
12562,3.6311789,35123.207
12563,3.627745,35126.836
12564,3.6249816,35130.46
12565,3.6239812,35134.086
12566,3.6254692,35137.71
12567,3.627881,35141.34
12568,3.6312492,35144.973
12569,3.6343968,35148.605
12570,3.635971,35152.242
12571,3.6352513,35155.88
12572,3.6343117,35159.51
12573,3.6338887,35163.145
12574,3.6351178,35166.78
12575,3.6364353,35170.418
12576,3.6387312,35174.06
12577,3.6400812,35177.7
12578,3.6393843,35181.34
12579,3.6370943,35184.977
12580,3.6337588,35188.61
12581,3.6307976,35192.24
12582,3.6280851,35195.867
12583,3.6269157,35199.492
12584,3.627224,35203.12
12585,3.6290343,35206.75
12586,3.6308098,35210.38
12587,3.632455,35214.01
12588,3.632461,35217.645
12589,3.6307716,35221.273
12590,3.6277978,35224.902
12591,3.6259246,35228.527
12592,3.6250687,35232.152
12593,3.6247714,35235.777
12594,3.6232355,35239.402
12595,3.6211147,35243.023
12596,3.6193144,35246.645
12597,3.6184785,35250.26
12598,3.618563,35253.88
12599,3.6197362,35257.5
12600,3.62112,35261.12
12601,3.621759,35264.742
12602,3.620924,35268.363
12603,3.6201358,35271.984
12604,3.619901,35275.605
12605,3.6207955,35279.227
12606,3.6235375,35282.85
12607,3.625558,35286.477
12608,3.6266496,35290.1
12609,3.6272247,35293.73
12610,3.628678,35297.36
12611,3.6318088,35300.992
12612,3.6356425,35304.63
12613,3.638237,35308.266
12614,3.6386404,35311.902
12615,3.6372273,35315.54
12616,3.6362298,35319.176
12617,3.6342015,35322.81
12618,3.6319225,35326.44
12619,3.6303527,35330.07
12620,3.6298947,35333.7
12621,3.629594,35337.33
12622,3.628451,35340.957
12623,3.627296,35344.586
12624,3.627908,35348.215
12625,3.629677,35351.844
12626,3.6305895,35355.473
12627,3.6302187,35359.1
12628,3.627822,35362.73
12629,3.6248162,35366.355
12630,3.621005,35369.977
12631,3.6192377,35373.598
12632,3.6198068,35377.22
12633,3.621557,35380.84
12634,3.623727,35384.465
12635,3.6252239,35388.09
12636,3.6253595,35391.715
12637,3.625747,35395.34
12638,3.6282568,35398.97
12639,3.6325014,35402.6
12640,3.6382277,35406.24
12641,3.6422741,35409.88
12642,3.6430404,35413.523
12643,3.6412036,35417.164
12644,3.6383247,35420.8
12645,3.636376,35424.438
12646,3.6357734,35428.074
12647,3.63639,35431.71
12648,3.6369483,35435.348
12649,3.6348891,35438.984
12650,3.630124,35442.613
12651,3.626064,35446.24
12652,3.624026,35449.863
12653,3.6236331,35453.49
12654,3.6239452,35457.113
12655,3.6239376,35460.74
12656,3.6244266,35464.363
12657,3.624355,35467.99
12658,3.6246371,35471.613
12659,3.6242626,35475.24
12660,3.623319,35478.863
12661,3.6222034,35482.484
12662,3.6200616,35486.105
12663,3.6191657,35489.727
12664,3.619541,35493.348
12665,3.6223412,35496.97
12666,3.6273882,35500.598
12667,3.632148,35504.23
12668,3.6343179,35507.863
12669,3.6345983,35511.496
12670,3.632504,35515.13
12671,3.6300647,35518.758
12672,3.6287906,35522.387
12673,3.628305,35526.016
12674,3.6284993,35529.645
12675,3.6290355,35533.273
12676,3.6301894,35536.902
12677,3.6310666,35540.535
12678,3.6319914,35544.168
12679,3.6329043,35547.8
12680,3.633835,35551.434
12681,3.6332076,35555.066
12682,3.631842,35558.7
12683,3.630689,35562.33
12684,3.6309698,35565.96
12685,3.6313348,35569.594
12686,3.6309707,35573.227
12687,3.6300936,35576.855
12688,3.629679,35580.484
12689,3.6304302,35584.113
12690,3.6319504,35587.746
12691,3.633594,35591.38
12692,3.633424,35595.01
12693,3.63161,35598.645
12694,3.6292424,35602.273
12695,3.6277168,35605.902
12696,3.627108,35609.53
12697,3.6276655,35613.16
12698,3.627564,35616.79
12699,3.6271956,35620.418
12700,3.6252894,35624.043
12701,3.6229336,35627.664
12702,3.6200306,35631.285
12703,3.6184187,35634.902
12704,3.618524,35638.52
12705,3.6188116,35642.137
12706,3.6190026,35645.754
12707,3.6189075,35649.37
12708,3.6186147,35652.99
12709,3.617505,35656.605
12710,3.6155238,35660.223
12711,3.6134229,35663.836
12712,3.6106791,35667.445
12713,3.6087985,35671.055
12714,3.6086287,35674.664
12715,3.6096742,35678.273
12716,3.6113381,35681.887
12717,3.6129413,35685.5
12718,3.615122,35689.113
12719,3.6177745,35692.73
12720,3.6201797,35696.35
12721,3.6219664,35699.973
12722,3.6231337,35703.598
12723,3.6239216,35707.223
12724,3.6247096,35710.848
12725,3.6247275,35714.473
12726,3.6234646,35718.098
12727,3.621703,35721.72
12728,3.6204877,35725.34
12729,3.6213894,35728.96
12730,3.6233869,35732.586
12731,3.624686,35736.21
12732,3.624427,35739.836
12733,3.6236126,35743.46
12734,3.6233764,35747.086
12735,3.6232347,35750.71
12736,3.6240604,35754.336
12737,3.6241133,35757.96
12738,3.6241555,35761.586
12739,3.624164,35765.21
12740,3.6248584,35768.836
12741,3.6260924,35772.46
12742,3.628017,35776.09
12743,3.629437,35779.72
12744,3.6307657,35783.348
12745,3.6307395,35786.977
12746,3.6297295,35790.605
12747,3.6289818,35794.234
12748,3.6297216,35797.863
12749,3.6317382,35801.496
12750,3.6340094,35805.13
12751,3.6366386,35808.766
12752,3.640937,35812.406
12753,3.6440964,35816.05
12754,3.645944,35819.695
12755,3.645638,35823.34
12756,3.6430755,35826.984
12757,3.6399648,35830.625
12758,3.6375833,35834.26
12759,3.6364665,35837.9
12760,3.6368365,35841.535
12761,3.637855,35845.17
12762,3.6385875,35848.81
12763,3.6395688,35852.45
12764,3.6404674,35856.09
12765,3.6401775,35859.73
12766,3.6373947,35863.367
12767,3.6328115,35867.0
12768,3.626973,35870.63
12769,3.6237254,35874.254
12770,3.6228032,35877.875
12771,3.6232724,35881.5
12772,3.6248608,35885.125
12773,3.626338,35888.75
12774,3.626424,35892.375
12775,3.6258318,35896.0
12776,3.6250002,35899.625
12777,3.624352,35903.25
12778,3.6234725,35906.875
12779,3.6227772,35910.496
12780,3.622754,35914.117
12781,3.623744,35917.742
12782,3.6255693,35921.367
12783,3.6276677,35924.996
12784,3.6296022,35928.625
12785,3.6308136,35932.254
12786,3.6319053,35935.887
12787,3.6331532,35939.52
12788,3.633799,35943.152
12789,3.6330278,35946.785
12790,3.6308463,35950.414
12791,3.6277668,35954.043
12792,3.6259193,35957.668
12793,3.625982,35961.293
12794,3.6275313,35964.92
12795,3.6297686,35968.55
12796,3.6318002,35972.184
12797,3.6333716,35975.816
12798,3.6344595,35979.45
12799,3.634138,35983.082
12800,3.6336093,35986.715
12801,3.6316195,35990.348
12802,3.6297872,35993.977
12803,3.6290834,35997.605
12804,3.6296337,36001.234
12805,3.6306994,36004.863
12806,3.6318767,36008.496
12807,3.6325512,36012.13
12808,3.632618,36015.76
12809,3.6322887,36019.395
12810,3.6314766,36023.027
12811,3.6316988,36026.66
12812,3.632298,36030.293
12813,3.6334808,36033.926
12814,3.6331189,36037.56
12815,3.6313403,36041.19
12816,3.6274054,36044.82
12817,3.6245022,36048.445
12818,3.623115,36052.07
12819,3.6235309,36055.695
12820,3.624778,36059.32
12821,3.6256235,36062.945
12822,3.626383,36066.57
12823,3.6268508,36070.195
12824,3.6265068,36073.82
12825,3.627152,36077.45
12826,3.6287475,36081.08
12827,3.632177,36084.71
12828,3.6359372,36088.348
12829,3.6383255,36091.984
12830,3.6377933,36095.62
12831,3.635945,36099.258
12832,3.6341472,36102.89
12833,3.6332724,36106.523
12834,3.6334808,36110.156
12835,3.634176,36113.79
12836,3.6332173,36117.42
12837,3.6299844,36121.05
12838,3.6253302,36124.676
12839,3.6218789,36128.297
12840,3.6198475,36131.918
12841,3.6200376,36135.54
12842,3.6214263,36139.16
12843,3.6221814,36142.78
12844,3.6216726,36146.402
12845,3.6207798,36150.023
12846,3.6196005,36153.645
12847,3.6196404,36157.266
12848,3.6215286,36160.887
12849,3.623502,36164.51
12850,3.6246092,36168.137
12851,3.625356,36171.76
12852,3.6251202,36175.387
12853,3.623784,36179.01
12854,3.621469,36182.633
12855,3.6189773,36186.25
12856,3.617834,36189.867
12857,3.6184828,36193.484
12858,3.619054,36197.1
12859,3.6195536,36200.723
12860,3.6202283,36204.344
12861,3.6215994,36207.965
12862,3.6241236,36211.59
12863,3.627284,36215.22
12864,3.6301465,36218.848
12865,3.6323125,36222.48
12866,3.6331108,36226.113
12867,3.6321368,36229.746
12868,3.6306887,36233.375
12869,3.6298664,36237.004
12870,3.6309593,36240.637
12871,3.6320412,36244.27
12872,3.6331956,36247.902
12873,3.6333096,36251.535
12874,3.6328168,36255.168
12875,3.63214,36258.8
12876,3.6312606,36262.434
12877,3.6306658,36266.062
12878,3.6309216,36269.695
12879,3.6313236,36273.33
12880,3.6310174,36276.96
12881,3.6303985,36280.59
12882,3.630171,36284.22
12883,3.630466,36287.848
12884,3.6314886,36291.48
12885,3.6327128,36295.113
12886,3.6335707,36298.746
12887,3.633747,36302.38
12888,3.6337483,36306.01
12889,3.634204,36309.645
12890,3.6355038,36313.28
12891,3.63708,36316.918
12892,3.6386244,36320.555
12893,3.6391778,36324.195
12894,3.637395,36327.832
12895,3.6356344,36331.47
12896,3.6336942,36335.1
12897,3.6324606,36338.734
12898,3.6318057,36342.367
12899,3.6304982,36345.996
12900,3.6282449,36349.625
12901,3.6265848,36353.25
12902,3.6255798,36356.875
12903,3.6259606,36360.5
12904,3.626522,36364.125
12905,3.626755,36367.75
12906,3.6274621,36371.38
12907,3.6281047,36375.008
12908,3.6284575,36378.637
12909,3.6273928,36382.266
12910,3.6246321,36385.89
12911,3.620356,36389.51
12912,3.6162236,36393.13
12913,3.6139624,36396.742
12914,3.6146612,36400.355
12915,3.6176987,36403.973
12916,3.6202126,36407.594
12917,3.6225882,36411.215
12918,3.6249392,36414.84
12919,3.627194,36418.47
12920,3.630135,36422.098
12921,3.633009,36425.73
12922,3.634951,36429.367
12923,3.635534,36433.004
12924,3.6356866,36436.64
12925,3.6359484,36440.277
12926,3.637314,36443.914
12927,3.637817,36447.55
12928,3.637164,36451.188
12929,3.63618,36454.824
12930,3.6353383,36458.46
12931,3.6345603,36462.094
12932,3.6345472,36465.727
12933,3.635153,36469.363
12934,3.6368911,36473.0
12935,3.6397023,36476.64
12936,3.6435096,36480.285
12937,3.6471078,36483.934
12938,3.6506338,36487.586
12939,3.6513302,36491.24
12940,3.6486108,36494.887
12941,3.6438384,36498.53
12942,3.640297,36502.17
12943,3.6391037,36505.812
12944,3.639701,36509.453
12945,3.6416087,36513.094
12946,3.6433842,36516.74
12947,3.6441472,36520.383
12948,3.6419091,36524.023
12949,3.639846,36527.664
12950,3.6387036,36531.305
12951,3.6392674,36534.945
12952,3.639339,36538.586
12953,3.639798,36542.227
12954,3.6410918,36545.867
12955,3.642077,36549.508
12956,3.643152,36553.152
12957,3.6441388,36556.797
12958,3.6453178,36560.44
12959,3.6463835,36564.086
12960,3.6460104,36567.73
12961,3.644758,36571.375
12962,3.6429946,36575.02
12963,3.640696,36578.66
12964,3.6375506,36582.297
12965,3.635247,36585.934
12966,3.6340163,36589.566
12967,3.6324642,36593.2
12968,3.6303387,36596.83
12969,3.629459,36600.457
12970,3.6307008,36604.086
12971,3.632451,36607.72
12972,3.6327724,36611.35
12973,3.6318076,36614.984
12974,3.6293828,36618.613
12975,3.6265707,36622.24
12976,3.6236234,36625.863
12977,3.6211786,36629.484
12978,3.6196127,36633.105
12979,3.6197336,36636.727
12980,3.621143,36640.348
12981,3.6227746,36643.97
12982,3.6221707,36647.59
12983,3.6198654,36651.21
12984,3.6161509,36654.83
12985,3.612848,36658.44
12986,3.6104774,36662.05
12987,3.6098561,36665.66
12988,3.6093876,36669.27
12989,3.6100779,36672.88
12990,3.6097915,36676.49
12991,3.609656,36680.098
12992,3.608874,36683.707
12993,3.6079466,36687.316
12994,3.6073167,36690.92
12995,3.6087627,36694.53
12996,3.6107256,36698.14
12997,3.6127408,36701.754
12998,3.6129146,36705.367
12999,3.6130922,36708.98
13000,3.6131463,36712.594
13001,3.614244,36716.207
13002,3.6154327,36719.824
13003,3.615698,36723.44
13004,3.6149907,36727.055
13005,3.61416,36730.668
13006,3.6140163,36734.28
13007,3.6144915,36737.895
13008,3.6152425,36741.51
13009,3.6164808,36745.13
13010,3.6178694,36748.746
13011,3.618176,36752.363
13012,3.6181793,36755.98
13013,3.6182067,36759.598
13014,3.6184008,36763.215
13015,3.61843,36766.832
13016,3.6184137,36770.45
13017,3.6185827,36774.066
13018,3.6192205,36777.688
13019,3.619953,36781.31
13020,3.6216214,36784.93
13021,3.623314,36788.555
13022,3.6231372,36792.18
13023,3.6218736,36795.8
13024,3.6206725,36799.42
13025,3.62109,36803.043
13026,3.6215363,36806.664
13027,3.6208081,36810.285
13028,3.6190274,36813.902
13029,3.6181753,36817.52
13030,3.6192503,36821.14
13031,3.6222517,36824.76
13032,3.6264484,36828.387
13033,3.6304398,36832.016
13034,3.6357036,36835.652
13035,3.6404436,36839.293
13036,3.6434264,36842.938
13037,3.643453,36846.582
13038,3.6430883,36850.227
13039,3.6425548,36853.867
13040,3.6420193,36857.508
13041,3.6406548,36861.15
13042,3.6389654,36864.79
13043,3.638502,36868.426
13044,3.6400466,36872.066
13045,3.642487,36875.707
13046,3.644486,36879.35
13047,3.6453023,36882.996
13048,3.643946,36886.64
13049,3.6420317,36890.28
13050,3.6394048,36893.92
13051,3.6375682,36897.56
13052,3.636637,36901.195
13053,3.6362636,36904.832
13054,3.6341803,36908.465
13055,3.630855,36912.094
13056,3.627257,36915.723
13057,3.6248837,36919.348
13058,3.6232452,36922.973
13059,3.6232815,36926.598
13060,3.623969,36930.223
13061,3.6257775,36933.848
13062,3.6274571,36937.477
13063,3.6286232,36941.105
13064,3.6295378,36944.734
13065,3.631467,36948.367
13066,3.635737,36952.004
13067,3.6401992,36955.645
13068,3.64422,36959.29
13069,3.645396,36962.934
13070,3.6449263,36966.58
13071,3.6445825,36970.223
13072,3.6447139,36973.867
13073,3.6443236,36977.51
13074,3.6434884,36981.156
13075,3.641687,36984.797
13076,3.6412625,36988.438
13077,3.6409948,36992.08
13078,3.6399798,36995.72
13079,3.637906,36999.355
13080,3.6354587,37002.992
13081,3.6327624,37006.625
13082,3.6314504,37010.258
13083,3.6310184,37013.89
13084,3.6325338,37017.523
13085,3.6347647,37021.156
13086,3.637528,37024.793
13087,3.6388707,37028.434
13088,3.6382875,37032.07
13089,3.6361654,37035.707
13090,3.6339667,37039.34
13091,3.6320922,37042.973
13092,3.6308038,37046.6
13093,3.6300251,37050.23
13094,3.6304934,37053.86
13095,3.6304502,37057.49
13096,3.6297204,37061.117
13097,3.6293771,37064.746
13098,3.6290486,37068.375
13099,3.6290407,37072.004
13100,3.6293883,37075.633
13101,3.6302953,37079.26
13102,3.6316974,37082.895
13103,3.63405,37086.527
13104,3.6362598,37090.164
13105,3.6379135,37093.8
13106,3.6366134,37097.438
13107,3.6341143,37101.07
13108,3.631082,37104.703
13109,3.6294982,37108.332
13110,3.6292987,37111.96
13111,3.6288946,37115.59
13112,3.6274965,37119.22
13113,3.6263423,37122.844
13114,3.6268432,37126.47
13115,3.6286066,37130.098
13116,3.6302276,37133.727
13117,3.6306665,37137.355
13118,3.6309752,37140.99
13119,3.6313863,37144.62
13120,3.6331472,37148.254
13121,3.6348324,37151.89
13122,3.6366398,37155.527
13123,3.6379254,37159.164
13124,3.6391761,37162.805
13125,3.6396663,37166.445
13126,3.6406507,37170.086
13127,3.6411216,37173.727
13128,3.6406598,37177.367
13129,3.6381292,37181.004
13130,3.6338341,37184.637
13131,3.6310234,37188.27
13132,3.6298206,37191.9
13133,3.629378,37195.527
13134,3.627365,37199.156
13135,3.6243963,37202.78
13136,3.6218886,37206.402
13137,3.621712,37210.023
13138,3.623636,37213.65
13139,3.62604,37217.273
13140,3.6278417,37220.902
13141,3.6283445,37224.53
13142,3.6274953,37228.16
13143,3.6268466,37231.785
13144,3.6271389,37235.414
13145,3.627715,37239.043
13146,3.627955,37242.67
13147,3.6282704,37246.3
13148,3.6296225,37249.93
13149,3.630854,37253.56
13150,3.6309927,37257.19
13151,3.6292987,37260.82
13152,3.6264594,37264.445
13153,3.6232653,37268.07
13154,3.6200573,37271.69
13155,3.6179326,37275.31
13156,3.6168196,37278.926
13157,3.6163988,37282.543
13158,3.6170015,37286.16
13159,3.6184487,37289.777
13160,3.6202414,37293.4
13161,3.6218688,37297.02
13162,3.6235907,37300.645
13163,3.625372,37304.27
13164,3.6270907,37307.9
13165,3.6282203,37311.527
13166,3.6290448,37315.156
13167,3.6290262,37318.785
13168,3.6294122,37322.414
13169,3.629398,37326.043
13170,3.6292844,37329.67
13171,3.6282191,37333.3
13172,3.627073,37336.93
13173,3.6261177,37340.555
13174,3.625568,37344.18
13175,3.625325,37347.805
13176,3.6251702,37351.43
13177,3.625093,37355.055
13178,3.6236718,37358.68
13179,3.6223192,37362.3
13180,3.6206582,37365.92
13181,3.6200967,37369.543
13182,3.6204379,37373.164
13183,3.6212964,37376.785
13184,3.6208518,37380.406
13185,3.6204906,37384.027
13186,3.6188323,37387.645
13187,3.617618,37391.26
13188,3.6179934,37394.88
13189,3.6205904,37398.5
13190,3.6239367,37402.125
13191,3.626553,37405.75
13192,3.6276498,37409.38
13193,3.6277626,37413.008
13194,3.6276348,37416.637
13195,3.6284466,37420.266
13196,3.6311018,37423.9
13197,3.634272,37427.53
13198,3.6378832,37431.168
13199,3.6407394,37434.81
13200,3.6428192,37438.453
13201,3.6432605,37442.098
13202,3.6429467,37445.742
13203,3.6431332,37449.387
13204,3.6435158,37453.03
13205,3.6436183,37456.676
13206,3.6436186,37460.32
13207,3.6434407,37463.965
13208,3.6433377,37467.61
13209,3.642763,37471.254
13210,3.641795,37474.895
13211,3.6416292,37478.535
13212,3.6426132,37482.18
13213,3.6437948,37485.824
13214,3.6430137,37489.47
13215,3.6403801,37493.11
13216,3.637434,37496.746
13217,3.6368437,37500.383
13218,3.63849,37504.02
13219,3.6407657,37507.66
13220,3.6407778,37511.3
13221,3.639371,37514.94
13222,3.6365514,37518.58
13223,3.633442,37522.21
13224,3.6306887,37525.84
13225,3.6297622,37529.47
13226,3.6316354,37533.1
13227,3.6345751,37536.734
13228,3.63758,37540.37
13229,3.6402185,37544.01
13230,3.6420326,37547.652
13231,3.6421633,37551.293
13232,3.639758,37554.934
13233,3.6373808,37558.57
13234,3.6346083,37562.203
13235,3.6339953,37565.836
13236,3.6340806,37569.47
13237,3.6356158,37573.105
13238,3.6371243,37576.742
13239,3.6388426,37580.383
13240,3.6402617,37584.023
13241,3.6405716,37587.664
13242,3.6389675,37591.305
13243,3.6348805,37594.94
13244,3.6302304,37598.57
13245,3.6271715,37602.2
13246,3.6266468,37605.824
13247,3.627869,37609.453
13248,3.6302822,37613.082
13249,3.6332343,37616.715
13250,3.6363716,37620.35
13251,3.6392848,37623.992
13252,3.6408987,37627.633
13253,3.6407614,37631.273
13254,3.6386197,37634.91
13255,3.6359212,37638.547
13256,3.6349359,37642.184
13257,3.6343606,37645.816
13258,3.6336234,37649.45
13259,3.633252,37653.082
13260,3.6330035,37656.715
13261,3.6329048,37660.348
13262,3.6332552,37663.98
13263,3.6343253,37667.613
13264,3.6354098,37671.25
13265,3.6361818,37674.887
13266,3.6362581,37678.523
13267,3.635313,37682.16
13268,3.6339433,37685.793
13269,3.6342416,37689.426
13270,3.6363626,37693.062
13271,3.6376588,37696.7
13272,3.6371453,37700.336
13273,3.6359837,37703.973
13274,3.6354,37707.61
13275,3.6351569,37711.246
13276,3.6350114,37714.883
13277,3.6347473,37718.516
13278,3.6352127,37722.152
13279,3.6346893,37725.785
13280,3.6341524,37729.418
13281,3.6325407,37733.05
13282,3.6301558,37736.68
13283,3.6280212,37740.31
13284,3.6261415,37743.934
13285,3.6258223,37747.56
13286,3.6271203,37751.188
13287,3.6283062,37754.816
13288,3.6281378,37758.445
13289,3.6269233,37762.07
13290,3.6261055,37765.695
13291,3.6259713,37769.32
13292,3.6255832,37772.945
13293,3.623623,37776.57
13294,3.6218855,37780.19
13295,3.6205926,37783.812
13296,3.61989,37787.434
13297,3.619424,37791.055
13298,3.6198137,37794.676
13299,3.6198933,37798.297
13300,3.6195538,37801.918
13301,3.6193864,37805.54
13302,3.6185348,37809.156
13303,3.6164424,37812.773
13304,3.6133626,37816.387
13305,3.6105227,37819.996
13306,3.6102045,37823.605
13307,3.6119978,37827.22
13308,3.6161919,37830.836
13309,3.6201174,37834.457
13310,3.6235847,37838.082
13311,3.625797,37841.707
13312,3.6271584,37845.336
13313,3.6273735,37848.965
13314,3.6274257,37852.594
13315,3.6261237,37856.22
13316,3.6234365,37859.844
13317,3.6213372,37863.465
13318,3.6198664,37867.086
13319,3.61954,37870.707
13320,3.6199625,37874.33
13321,3.6205401,37877.95
13322,3.6222076,37881.57
13323,3.6248827,37885.195
13324,3.6283646,37888.824
13325,3.6310904,37892.457
13326,3.6328998,37896.09
13327,3.632207,37899.723
13328,3.6300633,37903.35
13329,3.6270623,37906.98
13330,3.6254458,37910.605
13331,3.6256626,37914.23
13332,3.6261482,37917.855
13333,3.6259146,37921.48
13334,3.625238,37925.105
13335,3.6256294,37928.73
13336,3.6263285,37932.355
13337,3.6284063,37935.984
13338,3.6299396,37939.613
13339,3.6307554,37943.242
13340,3.6309488,37946.875
13341,3.6303067,37950.504
13342,3.6301467,37954.133
13343,3.6306908,37957.76
13344,3.632827,37961.395
13345,3.6358109,37965.03
13346,3.6385782,37968.668
13347,3.6396816,37972.31
13348,3.6399736,37975.95
13349,3.6395166,37979.59
13350,3.638284,37983.227
13351,3.6372643,37986.863
13352,3.6370628,37990.5
13353,3.637617,37994.137
13354,3.637618,37997.773
13355,3.6370645,38001.41
13356,3.635988,38005.047
13357,3.6349974,38008.684
13358,3.6346533,38012.316
13359,3.6354482,38015.953
13360,3.6376953,38019.59
13361,3.6408386,38023.23
13362,3.6436415,38026.875
13363,3.644488,38030.52
13364,3.6438832,38034.164
13365,3.6416292,38037.805
13366,3.6373656,38041.44
13367,3.6326995,38045.074
13368,3.6284854,38048.703
13369,3.6270308,38052.332
13370,3.6284294,38055.96
13371,3.6308637,38059.594
13372,3.6341326,38063.227
13373,3.637344,38066.863
13374,3.6392093,38070.504
13375,3.6407547,38074.145
13376,3.6416233,38077.785
13377,3.643327,38081.43
13378,3.6447375,38085.074
13379,3.6450696,38088.72
13380,3.6427715,38092.363
13381,3.639007,38096.004
13382,3.634849,38099.64
13383,3.6340094,38103.273
13384,3.6353908,38106.91
13385,3.63844,38110.547
13386,3.640063,38114.188
13387,3.6396759,38117.83
13388,3.6368794,38121.465
13389,3.6334271,38125.098
13390,3.630948,38128.73
13391,3.62932,38132.36
13392,3.6269479,38135.984
13393,3.6245644,38139.61
13394,3.6231194,38143.234
13395,3.621953,38146.855
13396,3.6211357,38150.477
13397,3.6213024,38154.098
13398,3.6218188,38157.72
13399,3.6235354,38161.344
13400,3.626654,38164.97
13401,3.6298294,38168.598
13402,3.6336794,38172.23
13403,3.6359322,38175.867
13404,3.6373696,38179.504
13405,3.63758,38183.14
13406,3.638222,38186.777
13407,3.6385946,38190.414
13408,3.6383886,38194.05
13409,3.6371315,38197.688
13410,3.636089,38201.324
13411,3.6358569,38204.96
13412,3.6364727,38208.598
13413,3.6376436,38212.234
13414,3.6383584,38215.87
13415,3.6389236,38219.51
13416,3.6384757,38223.15
13417,3.6374834,38226.785
13418,3.6356468,38230.42
13419,3.6332862,38234.055
13420,3.6324282,38237.688
13421,3.6313922,38241.32
13422,3.630582,38244.95
13423,3.6291492,38248.58
13424,3.627431,38252.207
13425,3.6263824,38255.832
13426,3.6266758,38259.457
13427,3.6277502,38263.086
13428,3.628851,38266.715
13429,3.628939,38270.344
13430,3.6286108,38273.973
13431,3.628976,38277.6
13432,3.630151,38281.23
13433,3.631541,38284.863
13434,3.6324081,38288.496
13435,3.6328146,38292.13
13436,3.632236,38295.76
13437,3.632262,38299.395
13438,3.633324,38303.027
13439,3.6347485,38306.66
13440,3.6357992,38310.297
13441,3.6363876,38313.934
13442,3.6360207,38317.57
13443,3.6351833,38321.207
13444,3.6332965,38324.84
13445,3.6319573,38328.473
13446,3.631844,38332.105
13447,3.6322525,38335.74
13448,3.6328747,38339.37
13449,3.6326234,38343.004
13450,3.6322634,38346.637
13451,3.630973,38350.27
13452,3.6283758,38353.9
13453,3.6261477,38357.523
13454,3.6244729,38361.15
13455,3.6230273,38364.77
13456,3.6212127,38368.39
13457,3.6206033,38372.01
13458,3.6192029,38375.633
13459,3.6180158,38379.25
13460,3.6168725,38382.867
13461,3.6173215,38386.484
13462,3.6195464,38390.105
13463,3.6232088,38393.73
13464,3.6268675,38397.355
13465,3.6291606,38400.984
13466,3.6297314,38404.613
13467,3.6307552,38408.242
13468,3.6329985,38411.875
13469,3.6354764,38415.51
13470,3.6367333,38419.15
13471,3.636649,38422.785
13472,3.634585,38426.418
13473,3.6330876,38430.05
13474,3.6335757,38433.684
13475,3.6349764,38437.32
13476,3.6361556,38440.957
13477,3.6371663,38444.594
13478,3.6382027,38448.23
13479,3.6389568,38451.87
13480,3.639134,38455.51
13481,3.6385193,38459.15
13482,3.6363657,38462.785
13483,3.633002,38466.418
13484,3.6297426,38470.047
13485,3.6279235,38473.676
13486,3.6274354,38477.305
13487,3.6272128,38480.934
13488,3.627257,38484.562
13489,3.6272664,38488.19
13490,3.627126,38491.82
13491,3.6268175,38495.445
13492,3.6273458,38499.074
13493,3.6283514,38502.703
13494,3.629456,38506.332
13495,3.630241,38509.96
13496,3.6309664,38513.594
13497,3.6319356,38517.227
13498,3.6327322,38520.86
13499,3.6317308,38524.492
13500,3.6285658,38528.12
13501,3.6266952,38531.746
13502,3.6257145,38535.37
13503,3.625523,38538.996
13504,3.6263006,38542.62
13505,3.6277554,38546.25
13506,3.6296585,38549.88
13507,3.6317096,38553.51
13508,3.6329281,38557.145
13509,3.6330547,38560.777
13510,3.6321435,38564.41
13511,3.6303036,38568.04
13512,3.6280413,38571.668
13513,3.626427,38575.293
13514,3.6263144,38578.918
13515,3.6255789,38582.543
13516,3.6255648,38586.168
13517,3.6255445,38589.793
13518,3.6257894,38593.418
13519,3.6259224,38597.043
13520,3.6258109,38600.668
13521,3.625749,38604.293
13522,3.6259336,38607.918
13523,3.6253748,38611.543
13524,3.624077,38615.168
13525,3.622509,38618.79
13526,3.6217716,38622.41
13527,3.620822,38626.03
13528,3.6198692,38629.652
13529,3.6189218,38633.27
13530,3.6172292,38636.887
13531,3.6150155,38640.5
13532,3.6134965,38644.113
13533,3.613514,38647.727
13534,3.6152792,38651.344
13535,3.6179235,38654.96
13536,3.62156,38658.582
13537,3.62463,38662.207
13538,3.6264496,38665.832
13539,3.6267173,38669.457
13540,3.626704,38673.082
13541,3.626684,38676.707
13542,3.626224,38680.332
13543,3.6257324,38683.957
13544,3.6259017,38687.582
13545,3.6275582,38691.21
13546,3.6298678,38694.84
13547,3.631225,38698.473
13548,3.6315386,38702.105
13549,3.6310558,38705.74
13550,3.6305685,38709.367
13551,3.6303182,38712.996
13552,3.6313179,38716.63
13553,3.6319008,38720.26
13554,3.6325684,38723.895
13555,3.6317909,38727.527
13556,3.6300323,38731.156
13557,3.6282675,38734.785
13558,3.6281524,38738.414
13559,3.6282072,38742.043
13560,3.62833,38745.67
13561,3.6281154,38749.3
13562,3.628682,38752.93
13563,3.6288512,38756.56
13564,3.6288836,38760.188
13565,3.6287975,38763.816
13566,3.6291704,38767.445
13567,3.6298537,38771.074
13568,3.6300175,38774.703
13569,3.6299717,38778.332
13570,3.6294453,38781.96
13571,3.62998,38785.59
13572,3.629662,38789.22
13573,3.6282778,38792.848
13574,3.624451,38796.473
13575,3.6213915,38800.094
13576,3.6204095,38803.715
13577,3.6216338,38807.336
13578,3.622508,38810.957
13579,3.6229959,38814.58
13580,3.6237829,38818.203
13581,3.6249628,38821.83
13582,3.627588,38825.457
13583,3.6299243,38829.086
13584,3.6321106,38832.72
13585,3.6322896,38836.35
13586,3.6315079,38839.984
13587,3.6298404,38843.613
13588,3.6295946,38847.242
13589,3.6298912,38850.87
13590,3.6294515,38854.5
13591,3.6289423,38858.13
13592,3.6278653,38861.758
13593,3.626551,38865.383
13594,3.6252818,38869.008
13595,3.6253576,38872.633
13596,3.6268563,38876.258
13597,3.6286018,38879.887
13598,3.6306374,38883.516
13599,3.6312978,38887.15
13600,3.6316214,38890.78
13601,3.6310906,38894.414
13602,3.6313026,38898.047
13603,3.6316426,38901.68
13604,3.6316388,38905.312
13605,3.6313455,38908.945
13606,3.6305313,38912.574
13607,3.6292074,38916.203
13608,3.627271,38919.832
13609,3.6251996,38923.457
13610,3.6231601,38927.082
13611,3.621799,38930.703
13612,3.621736,38934.324
13613,3.623077,38937.95
13614,3.6243172,38941.574
13615,3.624353,38945.2
13616,3.6240444,38948.824
13617,3.624513,38952.45
13618,3.625262,38956.074
13619,3.6260555,38959.7
13620,3.6274965,38963.33
13621,3.6299713,38966.957
13622,3.6335187,38970.59
13623,3.6367486,38974.227
13624,3.6389294,38977.867
13625,3.6393297,38981.508
13626,3.639927,38985.15
13627,3.6406474,38988.79
13628,3.6408935,38992.43
13629,3.639497,38996.07
13630,3.6376235,38999.707
13631,3.6357265,39003.344
13632,3.6325123,39006.977
13633,3.6294827,39010.605
13634,3.6261706,39014.23
13635,3.6240149,39017.855
13636,3.6215596,39021.477
13637,3.6204588,39025.098
13638,3.6208944,39028.72
13639,3.6227493,39032.34
13640,3.6250181,39035.965
13641,3.627752,39039.594
13642,3.6306689,39043.223
13643,3.6335673,39046.855
13644,3.6363451,39050.492
13645,3.6382968,39054.13
13646,3.6393178,39057.77
13647,3.6396556,39061.41
13648,3.638296,39065.047
13649,3.63652,39068.684
13650,3.6343372,39072.316
13651,3.6322842,39075.95
13652,3.6321373,39079.582
13653,3.633737,39083.215
13654,3.6362207,39086.85
13655,3.637835,39090.49
13656,3.6384196,39094.125
13657,3.6381273,39097.76
13658,3.6366642,39101.4
13659,3.6344855,39105.03
13660,3.631516,39108.664
13661,3.62888,39112.293
13662,3.6271892,39115.92
13663,3.6271133,39119.55
13664,3.6275852,39123.18
13665,3.6281698,39126.81
13666,3.6278164,39130.438
13667,3.6278691,39134.066
13668,3.6283355,39137.695
13669,3.6283722,39141.324
13670,3.6282506,39144.953
13671,3.626939,39148.58
13672,3.6259406,39152.203
13673,3.625228,39155.83
13674,3.6256506,39159.453
13675,3.6260495,39163.08
13676,3.6262236,39166.703
13677,3.6258428,39170.33
13678,3.625372,39173.953
13679,3.624703,39177.58
13680,3.623642,39181.203
13681,3.6229875,39184.824
13682,3.6231563,39188.45
13683,3.6238263,39192.074
13684,3.6257973,39195.7
13685,3.62873,39199.33
13686,3.632243,39202.96
13687,3.6358972,39206.598
13688,3.6390862,39210.24
13689,3.6407897,39213.88
13690,3.6415308,39217.52
13691,3.640557,39221.16
13692,3.6395726,39224.8
13693,3.6381218,39228.438
13694,3.6361766,39232.074
13695,3.6345513,39235.707
13696,3.6337955,39239.34
13697,3.6344752,39242.973
13698,3.6348042,39246.61
13699,3.6349263,39250.246
13700,3.635094,39253.883
13701,3.6351967,39257.52
13702,3.635806,39261.156
13703,3.6358938,39264.793
13704,3.6350954,39268.43
13705,3.6341102,39272.062
13706,3.6332989,39275.695
13707,3.6336877,39279.33
13708,3.6354961,39282.965
13709,3.6383727,39286.6
13710,3.6411989,39290.242
13711,3.6427016,39293.887
13712,3.6426992,39297.53
13713,3.6410723,39301.17
13714,3.6378741,39304.81
13715,3.6358807,39308.445
13716,3.6345592,39312.08
13717,3.6336432,39315.71
13718,3.630778,39319.34
13719,3.6281044,39322.97
13720,3.625533,39326.594
13721,3.6242626,39330.22
13722,3.6239617,39333.844
13723,3.6256921,39337.47
13724,3.6291366,39341.098
13725,3.6330175,39344.73
13726,3.635436,39348.367
13727,3.637239,39352.004
13728,3.6383233,39355.64
13729,3.6385124,39359.277
13730,3.6385672,39362.914
13731,3.638679,39366.555
13732,3.639689,39370.195
13733,3.640055,39373.836
13734,3.639434,39377.477
13735,3.6372216,39381.113
13736,3.6355336,39384.75
13737,3.634692,39388.383
13738,3.634453,39392.016
13739,3.6344094,39395.65
13740,3.6342795,39399.28
13741,3.6333728,39402.914
13742,3.630888,39406.547
13743,3.6277602,39410.176
13744,3.6248915,39413.8
13745,3.6233034,39417.426
13746,3.6230478,39421.05
13747,3.6226163,39424.67
13748,3.621599,39428.293
13749,3.6207147,39431.914
13750,3.622099,39435.535
13751,3.625089,39439.16
13752,3.6298633,39442.79
13753,3.6347694,39446.426
13754,3.638598,39450.062
13755,3.640452,39453.703
13756,3.6390822,39457.344
13757,3.6359637,39460.98
13758,3.6328914,39464.613
13759,3.6304872,39468.242
13760,3.6297429,39471.87
13761,3.6296527,39475.5
13762,3.6292062,39479.13
13763,3.6289084,39482.758
13764,3.6292508,39486.387
13765,3.6295369,39490.016
13766,3.629502,39493.645
13767,3.629046,39497.273
13768,3.6285882,39500.902
13769,3.6287756,39504.53
13770,3.6298878,39508.16
13771,3.6295877,39511.79
13772,3.6271925,39515.418
13773,3.6233687,39519.043
13774,3.6202087,39522.664
13775,3.6193786,39526.285
13776,3.6205761,39529.906
13777,3.6217349,39533.527
13778,3.6219485,39537.15
13779,3.6224039,39540.77
13780,3.6233263,39544.395
13781,3.6251225,39548.02
13782,3.6268108,39551.645
13783,3.6285527,39555.273
13784,3.6304426,39558.902
13785,3.6323733,39562.535
13786,3.6335166,39566.168
13787,3.632993,39569.8
13788,3.6322381,39573.434
13789,3.631867,39577.066
13790,3.6327612,39580.7
13791,3.63398,39584.332
13792,3.6349118,39587.97
13793,3.6351607,39591.605
13794,3.633948,39595.24
13795,3.6314404,39598.87
13796,3.6286228,39602.5
13797,3.6263855,39606.125
13798,3.6238885,39609.75
13799,3.62214,39613.37
13800,3.6208012,39616.992
13801,3.6198165,39620.613
13802,3.61982,39624.234
13803,3.6209023,39627.855
13804,3.6231124,39631.48
13805,3.6258512,39635.105
13806,3.6282926,39638.734
13807,3.6299434,39642.363
13808,3.630499,39645.992
13809,3.6299822,39649.62
13810,3.629515,39653.25
13811,3.6289022,39656.88
13812,3.627643,39660.508
13813,3.6268835,39664.133
13814,3.626803,39667.758
13815,3.627303,39671.387
13816,3.627712,39675.016
13817,3.628063,39678.645
13818,3.6272807,39682.273
13819,3.6250648,39685.9
13820,3.6220043,39689.52
13821,3.620891,39693.14
13822,3.6213534,39696.76
13823,3.623033,39700.383
13824,3.624733,39704.008
13825,3.6254437,39707.633
13826,3.6266701,39711.258
13827,3.6275113,39714.887
13828,3.6282678,39718.516
13829,3.628492,39722.145
13830,3.6290977,39725.773
13831,3.6298943,39729.402
13832,3.6306648,39733.03
13833,3.6311383,39736.664
13834,3.6315668,39740.297
13835,3.6320236,39743.93
13836,3.633592,39747.562
13837,3.6349719,39751.2
13838,3.6350076,39754.836
13839,3.634507,39758.47
13840,3.6332119,39762.1
13841,3.6319351,39765.734
13842,3.630995,39769.367
13843,3.6313283,39773.0
13844,3.6320567,39776.633
13845,3.633444,39780.266
13846,3.6341643,39783.9
13847,3.6350446,39787.535
13848,3.6351187,39791.17
13849,3.6352465,39794.81
13850,3.6362221,39798.445
13851,3.6372304,39802.082
13852,3.6369708,39805.72
13853,3.6354725,39809.355
13854,3.6339357,39812.99
13855,3.6331112,39816.62
13856,3.632246,39820.254
13857,3.6326034,39823.887
13858,3.63389,39827.52
13859,3.6354082,39831.156
13860,3.6358926,39834.793
13861,3.636245,39838.43
13862,3.636527,39842.066
13863,3.6385064,39845.703
13864,3.6436915,39849.348
13865,3.6488802,39852.996
13866,3.6517859,39856.65
13867,3.651812,39860.3
13868,3.6502693,39863.95
13869,3.64969,39867.598
13870,3.6512964,39871.25
13871,3.653734,39874.902
13872,3.6562881,39878.56
13873,3.6576736,39882.215
13874,3.657434,39885.87
13875,3.6542957,39889.523
13876,3.6510532,39893.176
13877,3.6490736,39896.824
13878,3.6483681,39900.473
13879,3.6487885,39904.12
13880,3.650137,39907.77
13881,3.6504486,39911.42
13882,3.648576,39915.07
13883,3.6476963,39918.72
13884,3.6494377,39922.367
13885,3.6507943,39926.02
13886,3.650892,39929.67
13887,3.647129,39933.32
13888,3.6416337,39936.96
13889,3.6381416,39940.598
13890,3.63707,39944.234
13891,3.636236,39947.87
13892,3.6334343,39951.504
13893,3.6290832,39955.133
13894,3.6242218,39958.758
13895,3.621398,39962.38
13896,3.6211863,39966.0
13897,3.622803,39969.62
13898,3.6242769,39973.246
13899,3.6258342,39976.87
13900,3.6280637,39980.5
13901,3.6306581,39984.13
13902,3.6338942,39987.76
13903,3.634533,39991.395
13904,3.6320076,39995.027
13905,3.6270235,39998.656
13906,3.6204703,40002.277
13907,3.6155913,40005.895
13908,3.6131475,40009.508
13909,3.6124933,40013.12
13910,3.6117547,40016.734
13911,3.6111984,40020.344
13912,3.6102998,40023.953
13913,3.6098142,40027.562
13914,3.6087255,40031.17
13915,3.6079953,40034.78
13916,3.6077363,40038.39
13917,3.6086688,40042.0
13918,3.6098552,40045.61
13919,3.6100073,40049.22
13920,3.6086953,40052.83
13921,3.60703,40056.434
13922,3.6058269,40060.04
13923,3.605812,40063.645
13924,3.6069713,40067.25
13925,3.6086254,40070.86
13926,3.6110766,40074.47
13927,3.6131735,40078.082
13928,3.6155627,40081.7
13929,3.6168237,40085.316
13930,3.6161504,40088.934
13931,3.6150124,40092.547
13932,3.6150212,40096.16
13933,3.6157262,40099.777
13934,3.6167386,40103.395
13935,3.6171312,40107.01
13936,3.6158338,40110.63
13937,3.6151521,40114.242
13938,3.6163452,40117.86
13939,3.618794,40121.477
13940,3.6222484,40125.098
13941,3.625291,40128.723
13942,3.6276863,40132.35
13943,3.6286452,40135.98
13944,3.628681,40139.61
13945,3.6275856,40143.24
13946,3.6272905,40146.867
13947,3.6274307,40150.496
13948,3.6286387,40154.125
13949,3.6290188,40157.754
13950,3.6281886,40161.383
13951,3.6270897,40165.01
13952,3.6260474,40168.637
13953,3.6264446,40172.26
13954,3.6274643,40175.89
13955,3.628211,40179.52
13956,3.6275983,40183.15
13957,3.6262817,40186.773
13958,3.6242828,40190.4
13959,3.622017,40194.02
13960,3.6202178,40197.64
13961,3.6195495,40201.26
13962,3.6195326,40204.883
13963,3.6202104,40208.504
13964,3.6197832,40212.125
13965,3.6184964,40215.742
13966,3.616084,40219.36
13967,3.614428,40222.973
13968,3.6141233,40226.586
13969,3.6150832,40230.2
13970,3.6158748,40233.816
13971,3.6158495,40237.434
13972,3.6145728,40241.047
13973,3.6133327,40244.66
13974,3.6134002,40248.273
13975,3.6147418,40251.887
13976,3.6173851,40255.504
13977,3.619831,40259.125
13978,3.6212804,40262.746
13979,3.6219192,40266.367
13980,3.6219792,40269.99
13981,3.621187,40273.61
13982,3.619541,40277.23
13983,3.617408,40280.848
13984,3.6150582,40284.46
13985,3.61414,40288.074
13986,3.6139324,40291.688
13987,3.6137404,40295.3
13988,3.6141884,40298.914
13989,3.6143427,40302.527
13990,3.6149187,40306.14
13991,3.6151602,40309.754
13992,3.616194,40313.37
13993,3.6177416,40316.99
13994,3.620313,40320.61
13995,3.622303,40324.23
13996,3.6235657,40327.855
13997,3.6228411,40331.477
13998,3.6206813,40335.098
13999,3.6194646,40338.72
14000,3.618818,40342.336
14001,3.6186383,40345.953
14002,3.6184967,40349.57
14003,3.6183844,40353.188
14004,3.6191835,40356.81
14005,3.6206384,40360.43
14006,3.6219668,40364.05
14007,3.622617,40367.67
14008,3.624088,40371.297
14009,3.625922,40374.92
14010,3.6276863,40378.55
14011,3.6289625,40382.18
14012,3.6295767,40385.81
14013,3.6291757,40389.438
14014,3.627413,40393.066
14015,3.6259634,40396.69
14016,3.6249673,40400.316
14017,3.6249993,40403.94
14018,3.6256073,40407.566
14019,3.6266856,40411.19
14020,3.6283517,40414.82
14021,3.6301665,40418.45
14022,3.6321237,40422.082
14023,3.6323895,40425.715
14024,3.632971,40429.348
14025,3.633747,40432.98
14026,3.6358316,40436.617
14027,3.637405,40440.254
14028,3.6392868,40443.895
14029,3.6405237,40447.535
14030,3.6427364,40451.18
14031,3.6454046,40454.824
14032,3.647667,40458.473
14033,3.6473622,40462.12
14034,3.6445482,40465.766
14035,3.6410327,40469.406
14036,3.6385076,40473.043
14037,3.636551,40476.68
14038,3.6355963,40480.316
14039,3.6357374,40483.953
14040,3.6364236,40487.59
14041,3.6373036,40491.227
14042,3.6388147,40494.867
14043,3.6396184,40498.508
14044,3.6396458,40502.15
14045,3.638365,40505.785
14046,3.6362743,40509.42
14047,3.634897,40513.06
14048,3.635205,40516.695
14049,3.636183,40520.332
14050,3.6363013,40523.97
14051,3.634788,40527.605
14052,3.6321142,40531.24
14053,3.6300192,40534.867
14054,3.6275845,40538.496
14055,3.6245642,40542.12
14056,3.6214137,40545.742
14057,3.619274,40549.363
14058,3.6185927,40552.98
14059,3.618611,40556.598
14060,3.6186638,40560.215
14061,3.6193924,40563.836
14062,3.6212413,40567.457
14063,3.6233795,40571.082
14064,3.6247358,40574.707
14065,3.6257658,40578.332
14066,3.6259832,40581.957
14067,3.6261003,40585.582
14068,3.62574,40589.207
14069,3.6247637,40592.832
14070,3.624742,40596.457
14071,3.625383,40600.082
14072,3.6265957,40603.707
14073,3.628268,40607.336
14074,3.63008,40610.965
14075,3.6309414,40614.598
14076,3.6307473,40618.227
14077,3.6293807,40621.855
14078,3.6275918,40625.484
14079,3.626499,40629.11
14080,3.6269615,40632.74
14081,3.6284814,40636.367
14082,3.6299531,40639.996
14083,3.63103,40643.63
14084,3.6314785,40647.26
14085,3.630708,40650.89
14086,3.6300344,40654.52
14087,3.6290867,40658.15
14088,3.6284542,40661.777
14089,3.62753,40665.406
14090,3.6279674,40669.035
14091,3.628907,40672.664
14092,3.6300235,40676.293
14093,3.6307514,40679.92
14094,3.6305575,40683.55
14095,3.6299856,40687.18
14096,3.6307204,40690.81
14097,3.630928,40694.44
14098,3.6304555,40698.07
14099,3.630071,40701.7
14100,3.6302502,40705.33
14101,3.6300926,40708.957
14102,3.6301658,40712.586
14103,3.6303816,40716.215
14104,3.629989,40719.844
14105,3.6298068,40723.473
14106,3.6296413,40727.1
14107,3.6294615,40730.73
14108,3.6274266,40734.36
14109,3.625147,40737.984
14110,3.6236496,40741.61
14111,3.6229193,40745.23
14112,3.6232336,40748.855
14113,3.6231372,40752.48
14114,3.622962,40756.1
14115,3.6234293,40759.727
14116,3.6244054,40763.35
14117,3.6253057,40766.977
14118,3.6255765,40770.6
14119,3.6250963,40774.227
14120,3.6251452,40777.85
14121,3.6250832,40781.477
14122,3.625335,40785.1
14123,3.627237,40788.73
14124,3.6297445,40792.36
14125,3.6316822,40795.992
14126,3.6333625,40799.625
14127,3.6338687,40803.258
14128,3.6333337,40806.89
14129,3.6314874,40810.523
14130,3.6298268,40814.152
14131,3.6293774,40817.78
14132,3.6306415,40821.41
14133,3.6318922,40825.043
14134,3.6321378,40828.676
14135,3.631278,40832.31
14136,3.6297436,40835.938
14137,3.6282048,40839.566
14138,3.6267383,40843.19
14139,3.6260555,40846.816
14140,3.626722,40850.44
14141,3.627906,40854.07
14142,3.627733,40857.7
14143,3.627581,40861.33
14144,3.6268008,40864.953
14145,3.6267037,40868.58
14146,3.6265109,40872.203
14147,3.6271288,40875.832
14148,3.6273031,40879.46
14149,3.627867,40883.09
14150,3.6282403,40886.72
14151,3.628352,40890.348
14152,3.6290061,40893.977
14153,3.6305697,40897.605
14154,3.6316752,40901.24
14155,3.6323586,40904.87
14156,3.6319127,40908.504
14157,3.6329486,40912.137
14158,3.6359813,40915.773
14159,3.6404953,40919.414
14160,3.6452017,40923.06
14161,3.6477683,40926.707
14162,3.6466262,40930.355
14163,3.6411486,40933.996
14164,3.6348495,40937.633
14165,3.6294057,40941.26
14166,3.626536,40944.887
14167,3.6250682,40948.51
14168,3.624293,40952.137
14169,3.622914,40955.758
14170,3.622036,40959.38
14171,3.6218364,40963.0
14172,3.6230156,40966.62
14173,3.6255167,40970.246
14174,3.6288147,40973.875
14175,3.6316485,40977.508
14176,3.6341176,40981.14
14177,3.6351972,40984.777
14178,3.6345553,40988.41
14179,3.63415,40992.043
14180,3.6341488,40995.676
14181,3.6354003,40999.312
14182,3.6368377,41002.95
14183,3.638244,41006.586
14184,3.6375704,41010.223
14185,3.6349683,41013.86
14186,3.6316326,41017.492
14187,3.629715,41021.12
14188,3.6286244,41024.75
14189,3.627457,41028.38
14190,3.6264904,41032.004
14191,3.6259844,41035.63
14192,3.6253915,41039.254
14193,3.6251183,41042.88
14194,3.6250505,41046.504
14195,3.6246457,41050.13
14196,3.6240032,41053.754
14197,3.6237197,41057.38
14198,3.6252062,41061.004
14199,3.6264615,41064.63
14200,3.6279974,41068.258
14201,3.6277263,41071.887
14202,3.6276386,41075.516
14203,3.627339,41079.145
14204,3.6273618,41082.773
14205,3.6263943,41086.4
14206,3.6257732,41090.023
14207,3.6248677,41093.65
14208,3.624219,41097.273
14209,3.6240795,41100.9
14210,3.6244965,41104.523
14211,3.6260474,41108.15
14212,3.6276727,41111.777
14213,3.6291475,41115.406
14214,3.6296294,41119.035
14215,3.6301742,41122.664
14216,3.6310794,41126.297
14217,3.6319933,41129.93
14218,3.6324263,41133.562
14219,3.631431,41137.195
14220,3.6293063,41140.824
14221,3.628189,41144.453
14222,3.6288006,41148.082
14223,3.629987,41151.71
14224,3.6314304,41155.344
14225,3.631093,41158.977
14226,3.6302145,41162.605
14227,3.6292326,41166.234
14228,3.630032,41169.863
14229,3.6313274,41173.496
14230,3.6327364,41177.13
14231,3.6330922,41180.76
14232,3.6331012,41184.395
14233,3.6326745,41188.027
14234,3.6328237,41191.66
14235,3.6326954,41195.293
14236,3.6321843,41198.926
14237,3.6315212,41202.56
14238,3.6315417,41206.19
14239,3.6316252,41209.824
14240,3.6319246,41213.457
14241,3.631892,41217.09
14242,3.6321592,41220.723
14243,3.6325023,41224.355
14244,3.6333477,41227.99
14245,3.63434,41231.62
14246,3.6354582,41235.258
14247,3.6360018,41238.895
14248,3.6356246,41242.53
14249,3.634597,41246.164
14250,3.6337018,41249.797
14251,3.6332502,41253.43
14252,3.634281,41257.062
14253,3.6355562,41260.7
14254,3.635871,41264.336
14255,3.6356223,41267.973
14256,3.6356943,41271.61
14257,3.6371467,41275.246
14258,3.638941,41278.887
14259,3.6397686,41282.527
14260,3.6397502,41286.168
14261,3.6391456,41289.81
14262,3.637891,41293.445
14263,3.6363597,41297.082
14264,3.6338208,41300.715
14265,3.6316953,41304.348
14266,3.6290646,41307.977
14267,3.6268072,41311.6
14268,3.6234834,41315.227
14269,3.6218889,41318.848
14270,3.6215496,41322.47
14271,3.622721,41326.09
14272,3.6252596,41329.715
14273,3.6288714,41333.344
14274,3.6322105,41336.977
14275,3.6341467,41340.61
14276,3.6342192,41344.242
14277,3.6333313,41347.875
14278,3.6321511,41351.508
14279,3.630879,41355.14
14280,3.6294537,41358.77
14281,3.6293552,41362.4
14282,3.6303575,41366.027
14283,3.6320596,41369.66
14284,3.6330397,41373.293
14285,3.6327965,41376.926
14286,3.6313357,41380.56
14287,3.6303363,41384.188
14288,3.6316419,41387.82
14289,3.634755,41391.453
14290,3.6392946,41395.094
14291,3.6428673,41398.74
14292,3.6453831,41402.383
14293,3.6452932,41406.027
14294,3.643788,41409.67
14295,3.6422014,41413.312
14296,3.640449,41416.953
14297,3.638677,41420.594
14298,3.6362102,41424.23
14299,3.6351078,41427.867
14300,3.6349216,41431.504
14301,3.634971,41435.14
14302,3.6353726,41438.777
14303,3.6355884,41442.414
14304,3.6352358,41446.05
14305,3.6347759,41449.688
14306,3.6338475,41453.32
14307,3.6328433,41456.953
14308,3.631191,41460.586
14309,3.6294549,41464.215
14310,3.6278143,41467.844
14311,3.6262362,41471.47
14312,3.6246395,41475.094
14313,3.6243658,41478.72
14314,3.6260905,41482.344
14315,3.6291754,41485.973
14316,3.6319451,41489.605
14317,3.6332753,41493.24
14318,3.6331122,41496.87
14319,3.6316485,41500.504
14320,3.6302512,41504.133
14321,3.6291504,41507.76
14322,3.6279418,41511.39
14323,3.6263976,41515.016
14324,3.6249688,41518.64
14325,3.6256077,41522.266
14326,3.6280742,41525.895
14327,3.6307085,41529.523
14328,3.6325731,41533.156
14329,3.6346111,41536.79
14330,3.6364052,41540.426
14331,3.6369505,41544.062
14332,3.637268,41547.7
14333,3.6369362,41551.336
14334,3.6366646,41554.973
14335,3.6367009,41558.61
14336,3.6372676,41562.246
14337,3.637436,41565.883
14338,3.6377857,41569.52
14339,3.6369436,41573.156
14340,3.6352844,41576.793
14341,3.633785,41580.426
14342,3.633485,41584.06
14343,3.6341968,41587.69
14344,3.6349978,41591.33
14345,3.6354637,41594.965
14346,3.6353729,41598.6
14347,3.6356304,41602.24
14348,3.6340148,41605.87
14349,3.631429,41609.504
14350,3.6293108,41613.133
14351,3.6296387,41616.76
14352,3.6324358,41620.395
14353,3.6350217,41624.03
14354,3.6353352,41627.668
14355,3.634702,41631.3
14356,3.6326897,41634.934
14357,3.6322243,41638.566
14358,3.632687,41642.2
14359,3.6341197,41645.832
14360,3.6349838,41649.47
14361,3.6366682,41653.105
14362,3.6388023,41656.746
14363,3.6415257,41660.387
14364,3.6437755,41664.03
14365,3.6450212,41667.676
14366,3.6444259,41671.32
14367,3.64283,41674.965
14368,3.6398556,41678.605
14369,3.637539,41682.242
14370,3.6345108,41685.875
14371,3.6331594,41689.508
14372,3.6326835,41693.14
14373,3.633994,41696.773
14374,3.6347585,41700.406
14375,3.6355867,41704.043
14376,3.6361406,41707.68
14377,3.6371093,41711.316
14378,3.6363945,41714.953
14379,3.6363585,41718.59
14380,3.638574,41722.227
14381,3.6430256,41725.87
14382,3.6446416,41729.516
14383,3.6437798,41733.16
14384,3.6402807,41736.8
14385,3.6379225,41740.438
14386,3.6380694,41744.074
14387,3.6411269,41747.715
14388,3.645144,41751.36
14389,3.648984,41755.008
14390,3.6501837,41758.656
14391,3.6519117,41762.31
14392,3.654042,41765.96
14393,3.6554048,41769.617
14394,3.6526723,41773.27
14395,3.650432,41776.92
14396,3.651037,41780.574
14397,3.6547787,41784.23
14398,3.6562338,41787.887
14399,3.6562543,41791.543
14400,3.6558397,41795.2
14401,3.6586506,41798.86
14402,3.6624095,41802.523
14403,3.665292,41806.188
14404,3.6647077,41809.85
14405,3.6644058,41813.516
14406,3.6644766,41817.18
14407,3.6670165,41820.848
14408,3.6711223,41824.52
14409,3.6806285,41828.2
14410,3.6897578,41831.89
14411,3.699171,41835.59
14412,3.710217,41839.3
14413,3.7264814,41843.027
14414,3.7391956,41846.766
14415,3.744604,41850.51
14416,3.7428017,41854.254
14417,3.7399461,41857.992
14418,3.7388458,41861.73
14419,3.7400277,41865.47
14420,3.7453835,41869.215
14421,3.7525234,41872.97
14422,3.7572908,41876.727
14423,3.759607,41880.484
14424,3.7597303,41884.242
14425,3.7599425,41888.004
14426,3.757391,41891.76
14427,3.750909,41895.51
14428,3.745703,41899.258
14429,3.7404604,41903.0
14430,3.7352428,41906.734
14431,3.7267396,41910.46
14432,3.7121582,41914.17
14433,3.6926458,41917.863
14434,3.6675181,41921.53
14435,3.6494372,41925.18
14436,3.6421804,41928.82
14437,3.6505294,41932.473
14438,3.663745,41936.137
14439,3.672874,41939.81
14440,3.6667092,41943.477
14441,3.6581182,41947.133
14442,3.654208,41950.785
14443,3.6562653,41954.44
14444,3.6518064,41958.094
14445,3.636413,41961.73
14446,3.620698,41965.35
14447,3.617708,41968.97
14448,3.6247287,41972.594
14449,3.6355171,41976.23
14450,3.6380162,41979.867
14451,3.6286426,41983.496
14452,3.6183593,41987.113
14453,3.6190355,41990.73
14454,3.6276915,41994.36
14455,3.634478,41997.992
14456,3.632378,42001.625
14457,3.6284769,42005.254
14458,3.630442,42008.883
14459,3.638376,42012.52
14460,3.644925,42016.164
14461,3.6464887,42019.812
14462,3.6433628,42023.457
14463,3.6429415,42027.1
14464,3.6469488,42030.75
14465,3.6491354,42034.4
14466,3.641593,42038.04
14467,3.6272118,42041.668
14468,3.6190763,42045.285
14469,3.6252737,42048.91
14470,3.6401896,42052.55
14471,3.6542282,42056.203
14472,3.6571262,42059.86
14473,3.6518667,42063.51
14474,3.637267,42067.15
14475,3.6236067,42070.773
14476,3.6140282,42074.387
14477,3.6023314,42077.99
14478,3.5961804,42081.586
14479,3.5925136,42085.18
14480,3.5878417,42088.766
14481,3.5838406,42092.348
14482,3.581323,42095.93
14483,3.5829449,42099.51
14484,3.5840776,42103.098
14485,3.5852315,42106.684
14486,3.584962,42110.27
14487,3.5869734,42113.855
14488,3.589799,42117.445
14489,3.593313,42121.04
14490,3.5956972,42124.633
14491,3.5989838,42128.23
14492,3.6049702,42131.836
14493,3.609489,42135.445
14494,3.6105206,42139.055
14495,3.6099582,42142.664
14496,3.607994,42146.273
14497,3.6070242,42149.88
14498,3.6081898,42153.49
14499,3.6110835,42157.098
14500,3.6176703,42160.715
14501,3.623929,42164.34
14502,3.6255748,42167.965
14503,3.6219254,42171.586
14504,3.619813,42175.207
14505,3.6235662,42178.832
14506,3.6336358,42182.465
14507,3.6438043,42186.11
14508,3.6477132,42189.758
14509,3.6464694,42193.402
14510,3.6443095,42197.047
14511,3.644351,42200.69
14512,3.6466053,42204.34
14513,3.6481216,42207.99
14514,3.6471121,42211.637
14515,3.6442986,42215.28
14516,3.6423037,42218.92
14517,3.6418064,42222.562
14518,3.643204,42226.207
14519,3.6454515,42229.85
14520,3.6477962,42233.5
14521,3.6474888,42237.15
14522,3.645587,42240.793
14523,3.6427083,42244.438
14524,3.64008,42248.08
14525,3.6386952,42251.72
14526,3.6388376,42255.36
14527,3.6381261,42258.996
14528,3.6362371,42262.633
14529,3.6351476,42266.27
14530,3.6345503,42269.902
14531,3.6343782,42273.535
14532,3.6342764,42277.168
14533,3.6331582,42280.8
14534,3.6307416,42284.43
14535,3.6286647,42288.06
14536,3.6269634,42291.688
14537,3.6269243,42295.312
14538,3.62876,42298.94
14539,3.630025,42302.57
14540,3.6319542,42306.203
14541,3.6331768,42309.836
14542,3.6344802,42313.47
14543,3.6345706,42317.1
14544,3.6359909,42320.74
14545,3.636658,42324.375
14546,3.6384146,42328.01
14547,3.6393154,42331.652
14548,3.6405327,42335.293
14549,3.6410718,42338.934
14550,3.6423788,42342.574
14551,3.64729,42346.223
14552,3.6618032,42349.883
14553,3.673954,42353.56
14554,3.68573,42357.246
14555,3.6932173,42360.938
14556,3.7003207,42364.637
14557,3.7041876,42368.34
14558,3.7092242,42372.05
14559,3.71106,42375.76
14560,3.7144125,42379.477
14561,3.7151642,42383.19
14562,3.7181702,42386.91
14563,3.719146,42390.63
14564,3.721135,42394.35
14565,3.7218194,42398.074
14566,3.723901,42401.797
14567,3.725635,42405.523
14568,3.7284508,42409.25
14569,3.7293124,42412.98
14570,3.7288003,42416.71
14571,3.7271576,42420.438
14572,3.7260387,42424.164
14573,3.7246761,42427.89
14574,3.7233903,42431.613
14575,3.7205818,42435.332
14576,3.7174075,42439.05
14577,3.7138271,42442.766
14578,3.71043,42446.477
14579,3.7060342,42450.184
14580,3.7012706,42453.887
14581,3.6963146,42457.582
14582,3.6909587,42461.273
14583,3.6833644,42464.957
14584,3.676541,42468.633
14585,3.6672812,42472.3
14586,3.6544664,42475.957
14587,3.6404357,42479.598
14588,3.6280246,42483.227
14589,3.6215398,42486.848
14590,3.6225655,42490.47
14591,3.62738,42494.098
14592,3.6293187,42497.727
14593,3.6246922,42501.35
14594,3.6105618,42504.96
14595,3.5898285,42508.55
14596,3.5696688,42512.12
14597,3.5552983,42515.676
14598,3.5489962,42519.227
14599,3.548771,42522.773
14600,3.5549757,42526.33
14601,3.5656786,42529.895
14602,3.5729191,42533.47
14603,3.5801938,42537.05
14604,3.5838623,42540.633
14605,3.5897098,42544.223
14606,3.594259,42547.816
14607,3.600993,42551.418
14608,3.603859,42555.023
14609,3.6055999,42558.63
14610,3.6041055,42562.234
14611,3.6054254,42565.84
14612,3.6097844,42569.45
14613,3.619897,42573.07
14614,3.6318984,42576.703
14615,3.643519,42580.348
14616,3.6469574,42583.996
14617,3.6465394,42587.645
14618,3.6465425,42591.293
14619,3.6499166,42594.94
14620,3.651292,42598.594
14621,3.6523247,42602.246
14622,3.6531558,42605.9
14623,3.6555593,42609.555
14624,3.6587834,42613.215
14625,3.6641748,42616.88
14626,3.66951,42620.547
14627,3.6751366,42624.223
14628,3.6783974,42627.902
14629,3.679036,42631.582
14630,3.6762316,42635.258
14631,3.673837,42638.934
14632,3.672271,42642.605
14633,3.6710477,42646.277
14634,3.6660724,42649.945
14635,3.6554897,42653.6
14636,3.645172,42657.246
14637,3.6399148,42660.887
14638,3.6402593,42664.527
14639,3.642246,42668.168
14640,3.645788,42671.812
14641,3.647313,42675.46
14642,3.6471946,42679.11
14643,3.6474516,42682.758
14644,3.6504335,42686.41
14645,3.6554973,42690.066
14646,3.65913,42693.727
14647,3.6608374,42697.387
14648,3.6614025,42701.047
14649,3.660561,42704.707
14650,3.6599932,42708.367
14651,3.6593163,42712.027
14652,3.6595752,42715.688
14653,3.6603026,42719.348
14654,3.661661,42723.008
14655,3.6637356,42726.67
14656,3.6665611,42730.34
14657,3.669234,42734.008
14658,3.6722925,42737.68
14659,3.6761198,42741.355
14660,3.6817436,42745.04
14661,3.6876934,42748.727
14662,3.692773,42752.418
14663,3.694754,42756.113
14664,3.694807,42759.81
14665,3.694161,42763.504
14666,3.6940405,42767.2
14667,3.695815,42770.895
14668,3.6981227,42774.594
14669,3.6986787,42778.293
14670,3.6982427,42781.992
14671,3.6993349,42785.69
14672,3.7031245,42789.395
14673,3.7081509,42793.1
14674,3.7150097,42796.816
14675,3.720253,42800.535
14676,3.7216368,42804.258
14677,3.7210786,42807.98
14678,3.7223384,42811.703
14679,3.722881,42815.426
14680,3.7196739,42819.145
14681,3.715427,42822.86
14682,3.71337,42826.574
14683,3.7177682,42830.293
14684,3.7202563,42834.01
14685,3.7253501,42837.74
14686,3.725688,42841.465
14687,3.7260656,42845.19
14688,3.7230415,42848.914
14689,3.7232754,42852.637
14690,3.7257605,42856.363
14691,3.7347178,42860.098
14692,3.7446632,42863.844
14693,3.7533529,42867.598
14694,3.7582703,42871.355
14695,3.7616599,42875.117
14696,3.7637448,42878.883
14697,3.7675924,42882.652
14698,3.7706854,42886.42
14699,3.773413,42890.195
14700,3.7721417,42893.97
14701,3.7667482,42897.734
14702,3.7550566,42901.49
14703,3.7450328,42905.234
14704,3.7409227,42908.977
14705,3.7417493,42912.72
14706,3.7422812,42916.46
14707,3.7414005,42920.203
14708,3.7395995,42923.94
14709,3.7375252,42927.68
14710,3.737055,42931.418
14711,3.73661,42935.156
14712,3.7359588,42938.89
14713,3.7357464,42942.625
14714,3.7365541,42946.363
14715,3.737223,42950.1
14716,3.737889,42953.84
14717,3.7387898,42957.58
14718,3.7412398,42961.32
14719,3.7432866,42965.062
14720,3.7450497,42968.81
14721,3.7465963,42972.555
14722,3.7493188,42976.305
14723,3.7511709,42980.055
14724,3.7550688,42983.81
14725,3.7598562,42987.57
14726,3.7655308,42991.336
14727,3.7692568,42995.105
14728,3.7722533,42998.88
14729,3.7736092,43002.652
14730,3.7737074,43006.426
14731,3.7734528,43010.2
14732,3.773702,43013.973
14733,3.7760975,43017.75
14734,3.781996,43021.53
14735,3.7889497,43025.32
14736,3.7960734,43029.117
14737,3.8026452,43032.918
14738,3.805911,43036.723
14739,3.8045464,43040.527
14740,3.8006592,43044.33
14741,3.7934713,43048.12
14742,3.786776,43051.906
14743,3.7786999,43055.684
14744,3.7733755,43059.457
14745,3.7701952,43063.227
14746,3.769837,43066.996
14747,3.770722,43070.766
14748,3.7760997,43074.543
14749,3.7813041,43078.324
14750,3.7901187,43082.113
14751,3.7990384,43085.914
14752,3.8035295,43089.72
14753,3.8073828,43093.527
14754,3.807827,43097.336
14755,3.8093624,43101.145
14756,3.8083224,43104.953
14757,3.8083844,43108.76
14758,3.808391,43112.57
14759,3.8109093,43116.383
14760,3.8126793,43120.195
14761,3.8143086,43124.008
14762,3.814137,43127.82
14763,3.8140836,43131.633
14764,3.8156183,43135.45
14765,3.821835,43139.27
14766,3.8308551,43143.1
14767,3.8378825,43146.938
14768,3.8417838,43150.777
14769,3.844445,43154.62
14770,3.8474104,43158.47
14771,3.8513253,43162.32
14772,3.8559911,43166.176
14773,3.8608677,43170.035
14774,3.8682265,43173.902
14775,3.8757641,43177.777
14776,3.884034,43181.66
14777,3.8907602,43185.55
14778,3.8953865,43189.445
14779,3.8973625,43193.344
14780,3.8958812,43197.24
14781,3.895108,43201.133
14782,3.8962202,43205.027
14783,3.8974385,43208.926
14784,3.898488,43212.824
14785,3.8970397,43216.723
14786,3.8948102,43220.617
14787,3.8926322,43224.51
14788,3.8905935,43228.402
14789,3.8892846,43232.293
14790,3.893825,43236.188
14791,3.9024484,43240.09
14792,3.906405,43243.996
14793,3.9011965,43247.9
14794,3.8916607,43251.79
14795,3.88632,43255.676
14796,3.8839061,43259.56
14797,3.8819585,43263.44
14798,3.8823962,43267.324
14799,3.8828576,43271.207
14800,3.8811195,43275.09
14801,3.8779874,43278.97
14802,3.8738742,43282.844
14803,3.8713946,43286.715
14804,3.8716033,43290.586
14805,3.8750894,43294.46
14806,3.8763204,43298.336
14807,3.8746333,43302.21
14808,3.8729208,43306.082
14809,3.8730047,43309.953
14810,3.8751843,43313.83
14811,3.8777945,43317.707
14812,3.8793948,43321.586
14813,3.8773568,43325.465
14814,3.8714,43329.336
14815,3.8671958,43333.203
14816,3.8673935,43337.07
14817,3.8726337,43340.94
14818,3.8763177,43344.816
14819,3.8776746,43348.695
14820,3.8747258,43352.57
14821,3.873878,43356.445
14822,3.8754306,43360.32
14823,3.8816485,43364.203
14824,3.8856642,43368.09
14825,3.887746,43371.977
14826,3.889584,43375.867
14827,3.8914468,43379.758
14828,3.893533,43383.652
14829,3.8989325,43387.55
14830,3.9030383,43391.453
14831,3.9055407,43395.36
14832,3.9058013,43399.266
14833,3.9085574,43403.176
14834,3.9120638,43407.086
14835,3.9187338,43411.004
14836,3.9260964,43414.93
14837,3.935989,43418.867
14838,3.9425457,43422.81
14839,3.9403348,43426.75
14840,3.9360893,43430.688
14841,3.9392028,43434.625
14842,3.9463224,43438.57
14843,3.9593265,43442.53
14844,3.9690127,43446.5
14845,3.977801,43450.477
14846,3.9805434,43454.457
14847,3.9851422,43458.44
14848,3.990195,43462.43
14849,4.0000052,43466.43
14850,4.007099,43470.438
14851,4.0148597,43474.453
14852,4.020249,43478.473
14853,4.0244823,43482.496
14854,4.027747,43486.523
14855,4.0322065,43490.555
14856,4.0344214,43494.59
14857,4.0354767,43498.625
14858,4.0334773,43502.66
14859,4.0312,43506.69
14860,4.0277114,43510.72
14861,4.0266657,43514.746
14862,4.0271444,43518.773
14863,4.0316663,43522.805
14864,4.0343113,43526.84
14865,4.037012,43530.875
14866,4.039885,43534.914
14867,4.0433617,43538.957
14868,4.0466,43543.004
14869,4.0502057,43547.055
14870,4.0514383,43551.105
14871,4.051838,43555.156
14872,4.052491,43559.207
14873,4.0547037,43563.26
14874,4.0575914,43567.32
14875,4.059349,43571.38
14876,4.0607996,43575.44
14877,4.0627813,43579.504
14878,4.0637355,43583.566
14879,4.064533,43587.633
14880,4.065218,43591.7
14881,4.0663714,43595.766
14882,4.066974,43599.832
14883,4.067775,43603.9
14884,4.067806,43607.965
14885,4.0662327,43612.03
14886,4.0651655,43616.098
14887,4.0650616,43620.164
14888,4.064473,43624.23
14889,4.0632644,43628.293
14890,4.061305,43632.355
14891,4.059595,43636.414
14892,4.056579,43640.47
14893,4.0534062,43644.523
14894,4.049219,43648.574
14895,4.045107,43652.62
14896,4.0403714,43656.66
14897,4.0375156,43660.7
14898,4.037975,43664.74
14899,4.0395975,43668.777
14900,4.0416174,43672.82
14901,4.042743,43676.863
14902,4.045147,43680.91
14903,4.0475783,43684.957
14904,4.051603,43689.008
14905,4.0551243,43693.062
14906,4.057142,43697.12
14907,4.059482,43701.18
14908,4.0625305,43705.242
14909,4.0653577,43709.31
14910,4.066068,43713.375
14911,4.0654984,43717.44
14912,4.0628686,43721.504
14913,4.0603185,43725.562
14914,4.057848,43729.62
14915,4.0553894,43733.676
14916,4.0539503,43737.73
14917,4.054101,43741.785
14918,4.054572,43745.84
14919,4.054708,43749.895
14920,4.0534177,43753.95
14921,4.051992,43758.0
14922,4.050102,43762.05
14923,4.048124,43766.098
14924,4.047215,43770.145
14925,4.048518,43774.19
14926,4.0516205,43778.242
14927,4.054403,43782.297
14928,4.055958,43786.35
14929,4.0584903,43790.41
14930,4.0633464,43794.473
14931,4.068927,43798.543
14932,4.073613,43802.617
14933,4.076677,43806.695
14934,4.0792375,43810.773
14935,4.0811715,43814.855
14936,4.082279,43818.938
14937,4.0812864,43823.02
14938,4.080756,43827.1
14939,4.0822654,43831.184
14940,4.0854764,43835.27
14941,4.089425,43839.36
14942,4.0926366,43843.453
14943,4.09556,43847.547
14944,4.0954165,43851.64
14945,4.094382,43855.734
14946,4.0905604,43859.824
14947,4.086506,43863.91
14948,4.0853105,43867.996
14949,4.0859556,43872.082
14950,4.087623,43876.168
14951,4.087964,43880.258
14952,4.0882177,43884.348
14953,4.087338,43888.434
14954,4.0868993,43892.52
14955,4.087562,43896.605
14956,4.0876327,43900.69
14957,4.086431,43904.777
14958,4.0859213,43908.863
14959,4.087003,43912.95
14960,4.0898085,43917.04
14961,4.0927715,43921.133
14962,4.095562,43925.227
14963,4.096562,43929.324
14964,4.0970783,43933.42
14965,4.0971375,43937.52
14966,4.0973215,43941.617
14967,4.097729,43945.715
14968,4.0991673,43949.812
14969,4.1015534,43953.914
14970,4.104613,43958.02
14971,4.1087294,43962.13
14972,4.112922,43966.242
14973,4.1167884,43970.36
14974,4.118859,43974.477
14975,4.119497,43978.598
14976,4.121046,43982.72
14977,4.1222544,43986.84
14978,4.120979,43990.96
14979,4.1176167,43995.08
14980,4.1153407,43999.195
14981,4.114918,44003.31
14982,4.117507,44007.426
14983,4.1217237,44011.547
14984,4.12533,44015.67
14985,4.126921,44019.797
14986,4.1273227,44023.926
14987,4.1257863,44028.05
14988,4.1244593,44032.176
14989,4.122859,44036.297
14990,4.1229215,44040.418
14991,4.1220546,44044.54
14992,4.1236014,44048.664
14993,4.129192,44052.793
14994,4.1328497,44056.926
14995,4.1363144,44061.062
14996,4.138225,44065.2
14997,4.136022,44069.336
14998,4.132969,44073.47
14999,4.129329,44077.598
15000,4.1278186,44081.727
15001,4.126405,44085.85
15002,4.1264257,44089.977
15003,4.1281204,44094.105
15004,4.129764,44098.234
15005,4.131988,44102.367
15006,4.1348853,44106.504
15007,4.135309,44110.64
15008,4.133171,44114.773
15009,4.1288366,44118.902
15010,4.1255603,44123.027
15011,4.1214304,44127.15
15012,4.1203265,44131.27
15013,4.120065,44135.39
15014,4.120076,44139.51
15015,4.120797,44143.633
15016,4.122213,44147.754
15017,4.120709,44151.875
15018,4.117958,44155.992
15019,4.1125326,44160.105
15020,4.1089244,44164.215
15021,4.1044397,44168.32
15022,4.1013026,44172.42
15023,4.098016,44176.52
15024,4.0967135,44180.617
15025,4.0957603,44184.715
15026,4.0963798,44188.812
15027,4.098684,44192.91
15028,4.0996013,44197.008
15029,4.098613,44201.105
15030,4.0962524,44205.203
15031,4.094407,44209.297
15032,4.094849,44213.39
15033,4.096921,44217.49
15034,4.0994043,44221.586
15035,4.1011515,44225.688
15036,4.1009173,44229.79
15037,4.100097,44233.89
15038,4.0992894,44237.99
15039,4.0987496,44242.086
15040,4.0990577,44246.184
15041,4.0995736,44250.28
15042,4.098898,44254.38
15043,4.098233,44258.477
15044,4.0980725,44262.574
15045,4.0993514,44266.67
15046,4.099558,44270.77
15047,4.097824,44274.867
15048,4.0957727,44278.965
15049,4.09472,44283.06
15050,4.0941296,44287.152
15051,4.0941663,44291.246
15052,4.094719,44295.34
15053,4.093378,44299.434
15054,4.091027,44303.523
15055,4.0887394,44307.613
15056,4.0879025,44311.703
15057,4.088314,44315.793
15058,4.0886784,44319.883
15059,4.0870132,44323.97
15060,4.083862,44328.05
15061,4.079945,44332.13
15062,4.0770044,44336.207
15063,4.073726,44340.28
15064,4.072559,44344.355
15065,4.073381,44348.43
15066,4.0774436,44352.508
15067,4.080805,44356.59
15068,4.0830197,44360.67
15069,4.085061,44364.758
15070,4.08804,44368.848
15071,4.0901423,44372.938
15072,4.0889344,44377.027
15073,4.0861945,44381.113
15074,4.0841074,44385.2
15075,4.08184,44389.28
15076,4.077837,44393.36
15077,4.0750794,44397.434
15078,4.0735025,44401.508
15079,4.0738473,44405.582
15080,4.0736647,44409.656
15081,4.0733232,44413.73
15082,4.07495,44417.805
15083,4.0770493,44421.883
15084,4.0805674,44425.965
15085,4.0832434,44430.047
15086,4.0845575,44434.133
15087,4.0855746,44438.22
15088,4.086554,44442.305
15089,4.087144,44446.39
15090,4.088933,44450.48
15091,4.0915947,44454.57
15092,4.0940585,44458.664
15093,4.0942936,44462.758
15094,4.0914273,44466.848
15095,4.0891767,44470.938
15096,4.0877104,44475.023
15097,4.086915,44479.11
15098,4.0860705,44483.195
15099,4.085794,44487.28
15100,4.0845537,44491.367
15101,4.0846705,44495.453
15102,4.0862846,44499.54
15103,4.0891023,44503.63
15104,4.0911417,44507.72
15105,4.092886,44511.812
15106,4.09443,44515.906
15107,4.096295,44520.004
15108,4.1003046,44524.105
15109,4.1038103,44528.21
15110,4.103945,44532.316
15111,4.1009183,44536.418
15112,4.095778,44540.516
15113,4.0914154,44544.605
15114,4.0894094,44548.695
15115,4.0872297,44552.78
15116,4.0852203,44556.867
15117,4.0813627,44560.95
15118,4.0766664,44565.027
15119,4.0722933,44569.1
15120,4.0717764,44573.17
15121,4.0743756,44577.246
15122,4.0774584,44581.324
15123,4.0796647,44585.402
15124,4.079196,44589.48
15125,4.0790534,44593.56
15126,4.077922,44597.637
15127,4.0785794,44601.715
15128,4.0795407,44605.793
15129,4.0803704,44609.875
15130,4.0797067,44613.953
15131,4.0784473,44618.03
15132,4.0793405,44622.11
15133,4.080444,44626.19
15134,4.0841417,44630.277
15135,4.0863647,44634.363
15136,4.086781,44638.45
15137,4.0853276,44642.535
15138,4.083901,44646.617
15139,4.0814977,44650.7
15140,4.0790205,44654.777
15141,4.07587,44658.85
15142,4.0754833,44662.926
15143,4.077074,44667.004
15144,4.0796676,44671.082
15145,4.081677,44675.164
15146,4.0832443,44679.246
15147,4.082652,44683.33
15148,4.08063,44687.41
15149,4.0797496,44691.49
15150,4.079581,44695.566
15151,4.0801992,44699.65
15152,4.0797663,44703.727
15153,4.07824,44707.805
15154,4.076424,44711.883
15155,4.075483,44715.957
15156,4.075773,44720.03
15157,4.076927,44724.11
15158,4.0805335,44728.19
15159,4.0852494,44732.277
15160,4.0890236,44736.367
15161,4.0927567,44740.46
15162,4.09424,44744.555
15163,4.0940666,44748.65
15164,4.0957007,44752.742
15165,4.09797,44756.84
15166,4.0990415,44760.938
15167,4.1007853,44765.04
15168,4.1000514,44769.14
15169,4.094713,44773.234
15170,4.087831,44777.32
15171,4.081765,44781.402
15172,4.0787997,44785.48
15173,4.0786767,44789.56
15174,4.0796165,44793.637
15175,4.080519,44797.72
15176,4.081859,44801.8
15177,4.0829515,44805.883
15178,4.0833945,44809.965
15179,4.082083,44814.047
15180,4.079204,44818.125
15181,4.074936,44822.2
15182,4.070588,44826.27
15183,4.0648212,44830.336
15184,4.060247,44834.395
15185,4.0571237,44838.453
15186,4.0552807,44842.508
15187,4.054602,44846.562
15188,4.055013,44850.617
15189,4.056708,44854.676
15190,4.0579123,44858.734
15191,4.0593824,44862.793
15192,4.0604486,44866.85
15193,4.059268,44870.91
15194,4.057746,44874.97
15195,4.0546155,44879.023
15196,4.0542717,44883.08
15197,4.0566773,44887.137
15198,4.0599694,44891.195
15199,4.062274,44895.258
15200,4.06161,44899.32
15201,4.0608845,44903.383
15202,4.0607753,44907.445
15203,4.0619297,44911.508
15204,4.063137,44915.57
15205,4.064511,44919.637
15206,4.0646777,44923.703
15207,4.064145,44927.766
15208,4.063573,44931.83
15209,4.062671,44935.89
15210,4.061665,44939.953
15211,4.0609055,44944.016
15212,4.060576,44948.08
15213,4.060464,44952.137
15214,4.060279,44956.195
15215,4.0613055,44960.258
15216,4.061451,44964.32
15217,4.062313,44968.383
15218,4.064225,44972.445
15219,4.067832,44976.51
15220,4.0703354,44980.582
15221,4.073077,44984.656
15222,4.0736785,44988.73
15223,4.0724363,44992.805
15224,4.0708904,44996.875
15225,4.069695,45000.945
15226,4.0702314,45005.016
15227,4.0701323,45009.086
15228,4.070386,45013.156
15229,4.071545,45017.227
15230,4.073629,45021.3
15231,4.077205,45025.38
15232,4.0796046,45029.457
15233,4.081658,45033.54
15234,4.081921,45037.62
15235,4.0816975,45041.703
15236,4.080003,45045.78
15237,4.0774612,45049.86
15238,4.074254,45053.934
15239,4.0712876,45058.004
15240,4.0690365,45062.074
15241,4.067087,45066.14
15242,4.0671077,45070.207
15243,4.067029,45074.273
15244,4.067787,45078.34
15245,4.067935,45082.406
15246,4.068289,45086.473
15247,4.0684342,45090.543
15248,4.0697694,45094.613
15249,4.071986,45098.684
15250,4.0748177,45102.758
15251,4.0768394,45106.836
15252,4.076606,45110.914
15253,4.0761304,45114.99
15254,4.076007,45119.062
15255,4.0773187,45123.14
15256,4.0788493,45127.22
15257,4.0806217,45131.3
15258,4.080646,45135.383
15259,4.0792475,45139.46
15260,4.079058,45143.54
15261,4.0799527,45147.617
15262,4.080876,45151.7
15263,4.082201,45155.78
15264,4.0816636,45159.863
15265,4.080153,45163.945
15266,4.077386,45168.023
15267,4.0755506,45172.098
15268,4.076131,45176.17
15269,4.0773473,45180.25
15270,4.0777693,45184.33
15271,4.0786753,45188.406
15272,4.080281,45192.49
15273,4.080959,45196.57
15274,4.0802975,45200.652
15275,4.0785866,45204.73
15276,4.0782247,45208.81
15277,4.078908,45212.887
15278,4.0799932,45216.965
15279,4.07887,45221.043
15280,4.0777674,45225.12
15281,4.0768747,45229.2
15282,4.077033,45233.277
15283,4.07826,45237.355
15284,4.078732,45241.434
15285,4.078998,45245.51
15286,4.078793,45249.59
15287,4.0801196,45253.67
15288,4.082239,45257.754
15289,4.083392,45261.836
15290,4.0830965,45265.918
15291,4.080551,45270.0
15292,4.0779624,45274.08
15293,4.0754414,45278.152
15294,4.0744286,45282.227
15295,4.072758,45286.3
15296,4.0707574,45290.37
15297,4.068941,45294.44
15298,4.068154,45298.508
15299,4.0671506,45302.574
15300,4.0648656,45306.64
15301,4.062975,45310.703
15302,4.0629015,45314.766
15303,4.0633683,45318.83
15304,4.0639844,45322.89
15305,4.064578,45326.957
15306,4.0653324,45331.023
15307,4.0661902,45335.09
15308,4.064698,45339.156
15309,4.0628605,45343.22
15310,4.0604367,45347.277
15311,4.059967,45351.336
15312,4.060537,45355.395
15313,4.0622554,45359.457
15314,4.062586,45363.52
15315,4.0638227,45367.582
15316,4.0640373,45371.645
15317,4.0641136,45375.707
15318,4.0645924,45379.773
15319,4.065804,45383.84
15320,4.0685706,45387.91
15321,4.070939,45391.98
15322,4.073374,45396.055
15323,4.0752516,45400.13
15324,4.0753837,45404.203
15325,4.072497,45408.277
15326,4.0693107,45412.348
15327,4.066357,45416.414
15328,4.0658793,45420.48
15329,4.064826,45424.547
15330,4.0634165,45428.61
15331,4.0625696,45432.67
15332,4.06163,45436.734
15333,4.0613694,45440.797
15334,4.060381,45444.855
15335,4.0584583,45448.914
15336,4.0561857,45452.97
15337,4.0540032,45457.023
15338,4.053863,45461.08
15339,4.0550265,45465.133
15340,4.05754,45469.19
15341,4.059215,45473.25
15342,4.060112,45477.31
15343,4.0610166,45481.37
15344,4.062739,45485.434
15345,4.0643053,45489.496
15346,4.0674825,45493.562
15347,4.070841,45497.633
15348,4.075757,45501.707
15349,4.0796165,45505.785
15350,4.081046,45509.867
15351,4.080124,45513.95
15352,4.0769944,45518.027
15353,4.0729747,45522.1
15354,4.0695314,45526.17
15355,4.0671406,45530.24
15356,4.0657716,45534.305
15357,4.0674777,45538.37
15358,4.067405,45542.438
15359,4.0685477,45546.508
15360,4.068594,45550.58
15361,4.0681925,45554.645
15362,4.06928,45558.715
15363,4.0710096,45562.785
15364,4.071787,45566.855
15365,4.07143,45570.926
15366,4.070244,45574.996
15367,4.068496,45579.066
15368,4.066261,45583.133
15369,4.0635285,45587.195
15370,4.0619845,45591.258
15371,4.0605197,45595.316
15372,4.0615177,45599.38
15373,4.0649753,45603.445
15374,4.0698395,45607.516
15375,4.0736246,45611.59
15376,4.077288,45615.668
15377,4.0803494,45619.75
15378,4.0825715,45623.832
15379,4.083705,45627.914
15380,4.0822215,45631.996
15381,4.0801063,45636.08
15382,4.078094,45640.156
15383,4.076851,45644.234
15384,4.0766354,45648.312
15385,4.078026,45652.39
15386,4.079978,45656.47
15387,4.080058,45660.547
15388,4.0783873,45664.625
15389,4.075612,45668.7
15390,4.0733595,45672.773
15391,4.072487,45676.848
15392,4.0715528,45680.918
15393,4.070574,45684.99
15394,4.0688896,45689.06
15395,4.06627,45693.125
15396,4.0621886,45697.188
15397,4.057314,45701.246
15398,4.054368,45705.3
15399,4.0537643,45709.355
15400,4.0558863,45713.41
15401,4.0598416,45717.47
15402,4.0627112,45721.53
15403,4.06507,45725.598
15404,4.067076,45729.664
15405,4.0692334,45733.734
15406,4.070751,45737.805
15407,4.0723753,45741.88
15408,4.074185,45745.953
15409,4.0757985,45750.027
15410,4.0749164,45754.1
15411,4.070668,45758.17
15412,4.0669703,45762.24
15413,4.0651336,45766.305
15414,4.064808,45770.37
15415,4.064972,45774.438
15416,4.0653386,45778.504
15417,4.066915,45782.57
15418,4.068586,45786.64
15419,4.0696855,45790.71
15420,4.070181,45794.78
15421,4.0705695,45798.85
15422,4.072777,45802.926
15423,4.0741,45807.0
15424,4.0751266,45811.074
15425,4.0738683,45815.15
15426,4.0734367,45819.223
15427,4.073511,45823.297
15428,4.0744433,45827.37
15429,4.0764894,45831.45
15430,4.076612,45835.527
15431,4.076891,45839.605
15432,4.077097,45843.684
15433,4.0778227,45847.76
15434,4.0783534,45851.84
15435,4.0784616,45855.918
15436,4.079519,45859.996
15437,4.0808887,45864.08
15438,4.0828915,45868.16
15439,4.0842447,45872.246
15440,4.0843287,45876.332
15441,4.0838146,45880.414
15442,4.082401,45884.496
15443,4.0810676,45888.58
15444,4.0795445,45892.656
15445,4.079717,45896.734
15446,4.0804605,45900.816
15447,4.08304,45904.9
15448,4.0834208,45908.98
15449,4.0815287,45913.062
15450,4.079681,45917.14
15451,4.080057,45921.22
15452,4.08146,45925.3
15453,4.082369,45929.383
15454,4.082373,45933.465
15455,4.080784,45937.547
15456,4.0791225,45941.625
15457,4.0766563,45945.703
15458,4.075369,45949.777
15459,4.07431,45953.85
15460,4.07346,45957.926
15461,4.0721884,45961.996
15462,4.0713377,45966.066
15463,4.072132,45970.137
15464,4.0728126,45974.21
15465,4.072971,45978.285
15466,4.0699573,45982.355
15467,4.06593,45986.42
15468,4.063536,45990.484
15469,4.061597,45994.547
15470,4.059382,45998.605
15471,4.057301,46002.664
15472,4.0567107,46006.723
15473,4.056379,46010.777
15474,4.056571,46014.832
15475,4.0559464,46018.887
15476,4.0564494,46022.94
15477,4.05727,46027.0
15478,4.057432,46031.06
15479,4.058304,46035.117
15480,4.0590734,46039.176
15481,4.06118,46043.24
15482,4.062759,46047.3
15483,4.0634665,46051.363
15484,4.0653973,46055.43
15485,4.0678926,46059.496
15486,4.069823,46063.566
15487,4.0699406,46067.637
15488,4.068565,46071.707
15489,4.068897,46075.777
15490,4.069876,46079.848
15491,4.0719266,46083.918
15492,4.073619,46087.992
15493,4.0759645,46092.066
15494,4.0772853,46096.145
15495,4.07837,46100.223
15496,4.0786667,46104.3
15497,4.078054,46108.38
15498,4.0775657,46112.457
15499,4.077639,46116.535
15500,4.0770516,46120.613
15501,4.0754514,46124.688
15502,4.074402,46128.76
15503,4.0740204,46132.836
15504,4.0737653,46136.91
15505,4.0738816,46140.984
15506,4.074634,46145.06
15507,4.074748,46149.133
15508,4.074531,46153.207
15509,4.0744367,46157.28
15510,4.074367,46161.355
15511,4.073643,46165.43
15512,4.072552,46169.504
15513,4.071941,46173.574
15514,4.0719876,46177.645
15515,4.072404,46181.72
15516,4.0717115,46185.79
15517,4.0714154,46189.86
15518,4.071728,46193.93
15519,4.073847,46198.004
15520,4.0747294,46202.08
15521,4.073568,46206.152
15522,4.0712695,46210.223
15523,4.0703325,46214.293
15524,4.06956,46218.363
15525,4.0683537,46222.43
15526,4.0677447,46226.496
15527,4.0680385,46230.562
15528,4.0677524,46234.63
15529,4.0679703,46238.695
15530,4.069621,46242.766
15531,4.0708313,46246.836
15532,4.0709286,46250.906
15533,4.0686603,46254.977
15534,4.0666766,46259.043
15535,4.0648875,46263.11
15536,4.0648932,46267.176
15537,4.066618,46271.242
15538,4.06832,46275.31
15539,4.0693054,46279.38
15540,4.070564,46283.45
15541,4.0725923,46287.523
15542,4.0752964,46291.598
15543,4.0762825,46295.676
15544,4.076932,46299.754
15545,4.077918,46303.832
15546,4.0790033,46307.91
15547,4.079329,46311.99
15548,4.0780888,46316.066
15549,4.075954,46320.14
15550,4.073673,46324.215
15551,4.072252,46328.285
15552,4.0715466,46332.355
15553,4.071417,46336.426
15554,4.069398,46340.496
15555,4.0675254,46344.562
15556,4.0665536,46348.63
15557,4.067339,46352.695
15558,4.0699077,46356.766
15559,4.071702,46360.836
15560,4.072978,46364.91
15561,4.074392,46368.984
15562,4.0761395,46373.06
15563,4.0784574,46377.137
15564,4.081666,46381.22
15565,4.0846233,46385.305
15566,4.086667,46389.39
15567,4.0873194,46393.477
15568,4.086888,46397.562
15569,4.087319,46401.65
15570,4.0883775,46405.74
15571,4.0900965,46409.83
15572,4.092115,46413.92
15573,4.0949273,46418.016
15574,4.0958014,46422.113
15575,4.0938473,46426.207
15576,4.089642,46430.297
15577,4.086085,46434.383
15578,4.0836678,46438.465
15579,4.081363,46442.547
15580,4.080946,46446.63
15581,4.079618,46450.707
15582,4.0789723,46454.785
15583,4.078381,46458.863
15584,4.078055,46462.94
15585,4.078525,46467.02
15586,4.0773854,46471.098
15587,4.0741076,46475.17
15588,4.0705614,46479.242
15589,4.0680156,46483.31
15590,4.06665,46487.375
15591,4.065971,46491.44
15592,4.068794,46495.51
15593,4.0704575,46499.582
15594,4.0713415,46503.652
15595,4.0719543,46507.723
15596,4.072807,46511.797
15597,4.0735655,46515.87
15598,4.072992,46519.945
15599,4.0716166,46524.016
15600,4.070103,46528.086
15601,4.0692334,46532.156
15602,4.0680103,46536.223
15603,4.0670514,46540.29
15604,4.0642567,46544.35
15605,4.062373,46548.414
15606,4.059918,46552.473
15607,4.0563183,46556.527
15608,4.053215,46560.582
15609,4.0509877,46564.633
15610,4.0485926,46568.68
15611,4.047074,46572.727
15612,4.047085,46576.773
15613,4.0471234,46580.82
15614,4.049194,46584.87
15615,4.050571,46588.92
15616,4.0524583,46592.973
15617,4.053627,46597.027
15618,4.0546894,46601.082
15619,4.055322,46605.137
15620,4.0547185,46609.19
15621,4.0527825,46613.246
15622,4.0493245,46617.297
15623,4.0480075,46621.344
15624,4.04892,46625.395
15625,4.0516343,46629.445
15626,4.052901,46633.5
15627,4.0533676,46637.555
15628,4.053268,46641.61
15629,4.0527253,46645.66
15630,4.051873,46649.71
15631,4.0519123,46653.76
15632,4.053983,46657.816
15633,4.0565248,46661.87
15634,4.0584507,46665.93
15635,4.0606027,46669.992
15636,4.0607824,46674.055
15637,4.062041,46678.117
15638,4.0622807,46682.18
15639,4.062813,46686.242
15640,4.0624137,46690.305
15641,4.0610557,46694.367
15642,4.061825,46698.43
15643,4.0638404,46702.492
15644,4.067748,46706.56
15645,4.0705,46710.63
15646,4.0735626,46714.703
15647,4.076684,46718.78
15648,4.079578,46722.86
15649,4.081279,46726.94
15650,4.0801015,46731.023
15651,4.0772915,46735.1
15652,4.0739145,46739.176
15653,4.0728536,46743.25
15654,4.0738525,46747.324
15655,4.0748067,46751.4
15656,4.074941,46755.473
15657,4.073238,46759.547
15658,4.0700555,46763.617
15659,4.0695353,46767.688
15660,4.0707808,46771.758
15661,4.07144,46775.83
15662,4.0726123,46779.902
15663,4.0712113,46783.973
15664,4.0689845,46788.043
15665,4.066418,46792.11
15666,4.0655766,46796.176
15667,4.065279,46800.242
15668,4.0658827,46804.31
15669,4.066292,46808.375
15670,4.0657287,46812.44
15671,4.0676484,46816.508
15672,4.070883,46820.58
15673,4.073566,46824.652
15674,4.0757213,46828.727
15675,4.0753155,46832.8
15676,4.073627,46836.875
15677,4.0718465,46840.945
15678,4.0708733,46845.016
15679,4.0716624,46849.086
15680,4.072307,46853.16
15681,4.071198,46857.23
15682,4.0704246,46861.3
15683,4.0698557,46865.37
15684,4.0694203,46869.44
15685,4.069728,46873.51
15686,4.0691066,46877.582
15687,4.068304,46881.65
15688,4.067223,46885.715
15689,4.066838,46889.78
15690,4.066919,46893.848
15691,4.068232,46897.914
15692,4.070063,46901.984
15693,4.070807,46906.055
15694,4.0718765,46910.125
15695,4.0710607,46914.195
15696,4.069589,46918.266
15697,4.067722,46922.332
15698,4.0677967,46926.4
15699,4.0712585,46930.47
15700,4.0752273,46934.543
15701,4.0791755,46938.62
15702,4.0814567,46942.703
15703,4.0809355,46946.785
15704,4.0810294,46950.867
15705,4.082387,46954.95
15706,4.0842304,46959.035
15707,4.086284,46963.12
15708,4.085323,46967.207
15709,4.081585,46971.29
15710,4.078604,46975.367
15711,4.0757346,46979.44
15712,4.0758305,46983.516
15713,4.078303,46987.594
15714,4.0796747,46991.67
15715,4.0796967,46995.75
15716,4.079367,46999.83
15717,4.078698,47003.906
15718,4.0782657,47007.984
15719,4.0790777,47012.062
15720,4.0777097,47016.14
15721,4.0747824,47020.215
15722,4.0720186,47024.285
15723,4.0701714,47028.355
15724,4.0703883,47032.426
15725,4.0725527,47036.5
15726,4.073969,47040.574
15727,4.0734468,47044.65
15728,4.07182,47048.72
15729,4.070402,47052.79
15730,4.069485,47056.86
15731,4.069001,47060.93
15732,4.0696216,47065.0
15733,4.071352,47069.07
15734,4.071463,47073.14
15735,4.071339,47077.21
15736,4.06996,47081.28
15737,4.0680137,47085.348
15738,4.0678563,47089.414
15739,4.0679927,47093.48
15740,4.0683613,47097.55
15741,4.066963,47101.617
15742,4.0660815,47105.684
15743,4.065639,47109.75
15744,4.066466,47113.816
15745,4.068703,47117.887
15746,4.0715466,47121.957
15747,4.0730314,47126.03
15748,4.072002,47130.1
15749,4.0701847,47134.17
15750,4.0692377,47138.242
15751,4.0679364,47142.31
15752,4.0666704,47146.375
15753,4.065309,47150.44
15754,4.062199,47154.504
15755,4.0601473,47158.562
15756,4.0596805,47162.62
15757,4.0604997,47166.68
15758,4.0629,47170.742
15759,4.0659437,47174.81
15760,4.068449,47178.88
15761,4.0692897,47182.95
15762,4.0686255,47187.02
15763,4.0677752,47191.086
15764,4.0655913,47195.152
15765,4.062715,47199.215
15766,4.0600777,47203.273
15767,4.05816,47207.332
15768,4.0564995,47211.387
15769,4.056031,47215.44
15770,4.056967,47219.5
15771,4.0596933,47223.56
15772,4.0629725,47227.62
15773,4.065199,47231.688
15774,4.066878,47235.754
15775,4.067383,47239.82
15776,4.0670753,47243.887
15777,4.0675063,47247.953
15778,4.067666,47252.02
15779,4.067394,47256.086
15780,4.06619,47260.152
15781,4.064073,47264.215
15782,4.0614643,47268.277
15783,4.0604568,47272.336
15784,4.0600457,47276.395
15785,4.0609117,47280.457
15786,4.0635457,47284.52
15787,4.06496,47288.586
15788,4.067278,47292.652
15789,4.0683975,47296.723
15790,4.069941,47300.793
15791,4.0701923,47304.863
15792,4.070344,47308.934
15793,4.069473,47313.004
15794,4.067847,47317.07
15795,4.0663176,47321.137
15796,4.0653963,47325.203
15797,4.066351,47329.27
15798,4.0672054,47333.336
15799,4.0676804,47337.402
15800,4.067181,47341.47
15801,4.0673676,47345.535
15802,4.0673575,47349.6
15803,4.0684805,47353.67
15804,4.0685577,47357.742
15805,4.068259,47361.81
15806,4.0671897,47365.875
15807,4.0651584,47369.94
15808,4.062501,47374.004
15809,4.0601926,47378.062
15810,4.060649,47382.125
15811,4.0615907,47386.188
15812,4.0619445,47390.25
15813,4.0622897,47394.312
15814,4.0627275,47398.375
15815,4.064074,47402.438
15816,4.063989,47406.5
15817,4.064228,47410.562
15818,4.064776,47414.63
15819,4.0668225,47418.695
15820,4.0696454,47422.766
15821,4.070054,47426.836
15822,4.0694075,47430.906
15823,4.0681295,47434.973
15824,4.0672517,47439.04
15825,4.067538,47443.105
15826,4.0670633,47447.17
15827,4.0668473,47451.24
15828,4.066429,47455.305
15829,4.065524,47459.37
15830,4.064024,47463.434
15831,4.063729,47467.496
15832,4.063887,47471.56
15833,4.064444,47475.62
15834,4.065214,47479.688
15835,4.064321,47483.75
15836,4.0633974,47487.812
15837,4.061151,47491.875
15838,4.0600014,47495.934
15839,4.058538,47499.992
15840,4.057205,47504.05
15841,4.0562916,47508.105
15842,4.0566945,47512.164
15843,4.0572324,47516.223
15844,4.057266,47520.28
15845,4.0574393,47524.34
15846,4.056008,47528.395
15847,4.0550575,47532.45
15848,4.056257,47536.504
15849,4.059969,47540.562
15850,4.064047,47544.625
15851,4.067892,47548.69
15852,4.0705366,47552.76
15853,4.072437,47556.836
15854,4.072645,47560.91
15855,4.072833,47564.984
15856,4.0731626,47569.06
15857,4.074722,47573.133
15858,4.07627,47577.21
15859,4.0770946,47581.29
15860,4.077998,47585.367
15861,4.078481,47589.445
15862,4.0782833,47593.523
15863,4.076614,47597.6
15864,4.0759354,47601.676
15865,4.076576,47605.754
15866,4.0778956,47609.832
15867,4.078344,47613.91
15868,4.077771,47617.99
15869,4.075766,47622.062
15870,4.0764427,47626.14
15871,4.0768943,47630.22
15872,4.075876,47634.293
15873,4.075266,47638.367
15874,4.0755234,47642.44
15875,4.0768814,47646.52
15876,4.0793295,47650.598
15877,4.0825486,47654.68
15878,4.085292,47658.766
15879,4.0858326,47662.85
15880,4.0833573,47666.934
15881,4.079461,47671.01
15882,4.0750318,47675.086
15883,4.071429,47679.156
15884,4.0695324,47683.227
15885,4.070556,47687.297
15886,4.0745573,47691.37
15887,4.0785923,47695.45
15888,4.082078,47699.53
15889,4.083738,47703.613
15890,4.0849595,47707.7
15891,4.0861936,47711.785
15892,4.088347,47715.875
15893,4.0897336,47719.965
15894,4.0907245,47724.055
15895,4.0926785,47728.15
15896,4.0939765,47732.242
15897,4.09406,47736.336
15898,4.0945363,47740.43
15899,4.094604,47744.523
15900,4.0956516,47748.617
15901,4.0961595,47752.715
15902,4.0967565,47756.812
15903,4.0985146,47760.91
15904,4.100714,47765.01
15905,4.101884,47769.113
15906,4.1002555,47773.215
15907,4.095182,47777.31
15908,4.0890665,47781.4
15909,4.084502,47785.484
15910,4.083043,47789.566
15911,4.0825205,47793.65
15912,4.082881,47797.73
15913,4.083319,47801.812
15914,4.0822525,47805.895
15915,4.0812855,47809.977
15916,4.081357,47814.06
15917,4.0812616,47818.14
15918,4.081012,47822.223
15919,4.080599,47826.305
15920,4.081093,47830.387
15921,4.081282,47834.47
15922,4.077846,47838.547
15923,4.073953,47842.62
15924,4.0707417,47846.69
15925,4.067821,47850.758
15926,4.0665846,47854.824
15927,4.065701,47858.89
15928,4.065078,47862.957
15929,4.0655255,47867.023
15930,4.0673327,47871.09
15931,4.0702353,47875.16
15932,4.0708346,47879.23
15933,4.070696,47883.3
15934,4.067164,47887.367
15935,4.0625715,47891.43
15936,4.0600615,47895.49
15937,4.0588145,47899.547
15938,4.0596385,47903.605
15939,4.0606785,47907.668
15940,4.060825,47911.73
15941,4.0591993,47915.79
15942,4.057689,47919.848
15943,4.0567546,47923.906
15944,4.056461,47927.96
15945,4.056309,47932.016
15946,4.05656,47936.07
15947,4.0567894,47940.13
15948,4.0594373,47944.188
15949,4.061926,47948.25
15950,4.062965,47952.312
15951,4.0634446,47956.375
15952,4.0641947,47960.438
15953,4.063935,47964.5
15954,4.063892,47968.562
15955,4.0662246,47972.63
15956,4.0684237,47976.7
15957,4.07043,47980.77
15958,4.0694284,47984.84
15959,4.067535,47988.906
15960,4.066142,47992.973
15961,4.065097,47997.04
15962,4.0643344,48001.1
15963,4.0630145,48005.164
15964,4.0618258,48009.227
15965,4.060983,48013.29
15966,4.060699,48017.35
15967,4.061691,48021.414
15968,4.063426,48025.477
15969,4.0642815,48029.54
15970,4.0652194,48033.605
15971,4.0676517,48037.67
15972,4.069034,48041.742
15973,4.071395,48045.812
15974,4.0749655,48049.887
15975,4.0765076,48053.965
15976,4.0767846,48058.043
15977,4.0763307,48062.12
15978,4.075427,48066.195
15979,4.0731697,48070.27
15980,4.071613,48074.34
15981,4.0708146,48078.41
15982,4.0717835,48082.48
15983,4.0739865,48086.555
15984,4.073813,48090.63
15985,4.071739,48094.7
15986,4.0692215,48098.77
15987,4.0663676,48102.836
15988,4.0651455,48106.902
15989,4.0645156,48110.97
15990,4.0651693,48115.035
15991,4.0652733,48119.1
15992,4.0640583,48123.164
15993,4.06148,48127.227
15994,4.060272,48131.285
15995,4.0597105,48135.344
15996,4.0589337,48139.402
15997,4.0555115,48143.457
15998,4.052669,48147.508
15999,4.0518336,48151.56
16000,4.0502653,48155.61
16001,4.0490956,48159.66
16002,4.0503936,48163.71
16003,4.0534806,48167.766
16004,4.05569,48171.82
16005,4.0573225,48175.88
16006,4.0597696,48179.938
16007,4.064483,48184.004
16008,4.068936,48188.074
16009,4.071527,48192.145
16010,4.0723906,48196.22
16011,4.073197,48200.293
16012,4.073592,48204.367
16013,4.0747113,48208.44
16014,4.0757885,48212.516
16015,4.0765615,48216.594
16016,4.0775404,48220.67
16017,4.0769577,48224.75
16018,4.075407,48228.824
16019,4.073539,48232.9
16020,4.071206,48236.97
16021,4.07011,48241.04
16022,4.071318,48245.11
16023,4.0730352,48249.184
16024,4.075657,48253.258
16025,4.0773005,48257.336
16026,4.0788093,48261.414
16027,4.079596,48265.492
16028,4.078892,48269.57
16029,4.0776734,48273.65
16030,4.0761647,48277.723
16031,4.073935,48281.797
16032,4.072498,48285.87
16033,4.0715857,48289.94
16034,4.0712614,48294.01
16035,4.0719175,48298.082
16036,4.0728517,48302.156
16037,4.0738935,48306.23
16038,4.074175,48310.305
16039,4.074631,48314.38
16040,4.0760627,48318.453
16041,4.0781727,48322.53
16042,4.078916,48326.61
16043,4.0789785,48330.688
16044,4.0794554,48334.766
16045,4.080603,48338.848
16046,4.0828767,48342.93
16047,4.0850368,48347.016
16048,4.08682,48351.1
16049,4.089036,48355.19
16050,4.0893955,48359.28
16051,4.086693,48363.367
16052,4.0827637,48367.45
16053,4.0793986,48371.527
16054,4.077591,48375.605
16055,4.075967,48379.68
16056,4.0751624,48383.754
16057,4.075761,48387.83
16058,4.0788608,48391.906
16059,4.0818024,48395.99
16060,4.0825596,48400.07
16061,4.081876,48404.152
16062,4.0810723,48408.234
16063,4.07921,48412.312
16064,4.077436,48416.39
16065,4.075237,48420.465
16066,4.073841,48424.54
16067,4.0746336,48428.613
16068,4.075273,48432.688
16069,4.07573,48436.76
16070,4.0738525,48440.836
16071,4.072135,48444.906
16072,4.071435,48448.977
16073,4.0708375,48453.047
16074,4.069409,48457.117
16075,4.067449,48461.184
16076,4.067298,48465.25
16077,4.068892,48469.32
16078,4.0692854,48473.39
16079,4.069539,48477.46
16080,4.069491,48481.53
16081,4.069087,48485.6
16082,4.0690837,48489.67
16083,4.0698295,48493.742
16084,4.0702434,48497.812
16085,4.0703006,48501.883
16086,4.070815,48505.953
16087,4.0723658,48510.027
16088,4.0730634,48514.1
16089,4.0729446,48518.176
16090,4.0717745,48522.246
16091,4.070845,48526.316
16092,4.069513,48530.387
16093,4.068658,48534.457
16094,4.06807,48538.523
16095,4.0662446,48542.59
16096,4.063904,48546.652
16097,4.0629673,48550.715
16098,4.0638385,48554.777
16099,4.065846,48558.844
16100,4.067737,48562.91
16101,4.069558,48566.98
16102,4.070419,48571.05
16103,4.0707164,48575.12
16104,4.069996,48579.19
16105,4.0695395,48583.26
16106,4.06893,48587.332
16107,4.0666156,48591.4
16108,4.065584,48595.465
16109,4.067036,48599.53
16110,4.0699244,48603.6
16111,4.0728602,48607.676
16112,4.0772004,48611.754
16113,4.08112,48615.836
16114,4.084746,48619.92
16115,4.0875278,48624.008
16116,4.08811,48628.098
16117,4.0873356,48632.184
16118,4.0854387,48636.27
16119,4.083293,48640.35
16120,4.081027,48644.434
16121,4.0806785,48648.516
16122,4.0839076,48652.598
16123,4.087171,48656.684
16124,4.0899916,48660.773
16125,4.0915747,48664.863
16126,4.092528,48668.957
16127,4.092627,48673.05
16128,4.091392,48677.14
16129,4.0896287,48681.23
16130,4.0882683,48685.32
16131,4.0870614,48689.406
16132,4.0839667,48693.49
16133,4.080284,48697.57
16134,4.0792513,48701.65
16135,4.0793195,48705.727
16136,4.0790195,48709.805
16137,4.078984,48713.883
16138,4.0801897,48717.965
16139,4.0816684,48722.047
16140,4.0835285,48726.13
16141,4.084854,48730.215
16142,4.0834684,48734.297
16143,4.0804276,48738.38
16144,4.07661,48742.457
16145,4.0732317,48746.53
16146,4.068485,48750.6
16147,4.064418,48754.664
16148,4.063583,48758.727
16149,4.064661,48762.793
16150,4.067407,48766.86
16151,4.0684752,48770.93
16152,4.068944,48775.0
16153,4.0685334,48779.07
16154,4.0660486,48783.137
16155,4.0631127,48787.2
16156,4.059586,48791.258
16157,4.0567923,48795.316
16158,4.053517,48799.37
16159,4.0500255,48803.42
16160,4.046969,48807.47
16161,4.043447,48811.51
16162,4.042145,48815.555
16163,4.042064,48819.598
16164,4.044901,48823.64
16165,4.0489416,48827.69
16166,4.053778,48831.746
16167,4.058299,48835.805
16168,4.0607257,48839.867
16169,4.0610366,48843.93
16170,4.05915,48847.99
16171,4.055696,48852.043
16172,4.0560856,48856.098
16173,4.0571494,48860.156
16174,4.06033,48864.215
16175,4.0632377,48868.277
16176,4.06625,48872.344
16177,4.0687213,48876.414
16178,4.07151,48880.484
16179,4.074335,48884.56
16180,4.0768995,48888.637
16181,4.0792937,48892.715
16182,4.079048,48896.793
16183,4.077024,48900.87
16184,4.0762086,48904.95
16185,4.0778675,48909.027
16186,4.080666,48913.11
16187,4.083167,48917.19
16188,4.0855904,48921.277
16189,4.086463,48925.363
16190,4.0878696,48929.45
16191,4.0904937,48933.54
16192,4.092321,48937.633
16193,4.095304,48941.727
16194,4.097535,48945.824
16195,4.09951,48949.92
16196,4.098836,48954.02
16197,4.0962515,48958.117
16198,4.0932865,48962.21
16199,4.0896244,48966.3
16200,4.085899,48970.387
16201,4.082904,48974.47
16202,4.083592,48978.55
16203,4.0873256,48982.637
16204,4.090379,48986.727
16205,4.0939503,48990.82
16206,4.0978503,48994.918
16207,4.1024165,48999.02
16208,4.1047153,49003.125
16209,4.1061835,49007.23
16210,4.105709,49011.336
16211,4.1046696,49015.44
16212,4.10233,49019.543
16213,4.098879,49023.64
16214,4.0964212,49027.74
16215,4.092572,49031.832
16216,4.0903273,49035.92
16217,4.0891924,49040.01
16218,4.0882664,49044.1
16219,4.086075,49048.188
16220,4.084016,49052.273
16221,4.080488,49056.355
16222,4.0762076,49060.434
16223,4.0712886,49064.504
16224,4.068236,49068.57
16225,4.0661654,49072.637
16226,4.0648985,49076.703
16227,4.0622363,49080.766
16228,4.060203,49084.824
16229,4.0590415,49088.883
16230,4.0601463,49092.94
16231,4.0628033,49097.004
16232,4.066001,49101.07
16233,4.0679674,49105.137
16234,4.067398,49109.203
16235,4.065505,49113.27
16236,4.064299,49117.332
16237,4.0642076,49121.395
16238,4.065329,49125.46
16239,4.0673594,49129.527
16240,4.069542,49133.598
16241,4.0716267,49137.668
16242,4.0732245,49141.742
16243,4.073718,49145.816
16244,4.0738745,49149.89
16245,4.0739803,49153.965
16246,4.074162,49158.04
16247,4.0744524,49162.113
16248,4.0731015,49166.188
16249,4.072237,49170.258
16250,4.0699024,49174.33
16251,4.067378,49178.395
16252,4.066245,49182.46
16253,4.0667877,49186.527
16254,4.0685763,49190.598
16255,4.0691247,49194.668
16256,4.069738,49198.74
16257,4.070317,49202.81
16258,4.071899,49206.88
16259,4.0744596,49210.953
16260,4.075203,49215.027
16261,4.075131,49219.1
16262,4.0741487,49223.176
16263,4.071633,49227.246
16264,4.069741,49231.316
16265,4.069001,49235.387
16266,4.069112,49239.457
16267,4.0684266,49243.527
16268,4.0657196,49247.594
16269,4.0633683,49251.656
16270,4.0630846,49255.72
16271,4.066033,49259.785
16272,4.0685987,49263.855
16273,4.068965,49267.926
16274,4.0673594,49271.992
16275,4.064489,49276.06
16276,4.0608606,49280.12
16277,4.057881,49284.18
16278,4.0539365,49288.234
16279,4.0504866,49292.285
16280,4.048494,49296.332
16281,4.04726,49300.38
16282,4.048693,49304.426
16283,4.051952,49308.477
16284,4.057148,49312.535
16285,4.0619226,49316.598
16286,4.065853,49320.664
16287,4.0677752,49324.73
16288,4.0682473,49328.797
16289,4.0675206,49332.863
16290,4.067799,49336.93
16291,4.0690684,49341.0
16292,4.0696216,49345.07
16293,4.06932,49349.14
16294,4.068753,49353.21
16295,4.068808,49357.28
16296,4.069266,49361.35
16297,4.0716944,49365.42
16298,4.0754614,49369.496
16299,4.0789433,49373.574
16300,4.079902,49377.652
16301,4.078033,49381.73
16302,4.074167,49385.805
16303,4.0707817,49389.875
16304,4.0680857,49393.94
16305,4.0658407,49398.008
16306,4.0635753,49402.07
16307,4.0624423,49406.133
16308,4.063141,49410.195
16309,4.0660143,49414.26
16310,4.0679407,49418.33
16311,4.0701823,49422.4
16312,4.0730963,49426.473
16313,4.0761027,49430.547
16314,4.0777683,49434.625
16315,4.0786943,49438.703
16316,4.080476,49442.785
16317,4.0842814,49446.87
16318,4.0882993,49450.96
16319,4.091217,49455.05
16320,4.092162,49459.145
16321,4.0935493,49463.24
16322,4.095413,49467.332
16323,4.097869,49471.43
16324,4.09917,49475.527
16325,4.1005588,49479.63
16326,4.1007743,49483.73
16327,4.101194,49487.832
16328,4.0990686,49491.93
16329,4.0952578,49496.023
16330,4.0909348,49500.113
16331,4.085476,49504.2
16332,4.080993,49508.28
16333,4.076468,49512.36
16334,4.0744224,49516.434
16335,4.073044,49520.508
16336,4.072792,49524.582
16337,4.0729856,49528.656
16338,4.0741425,49532.73
16339,4.0753694,49536.805
16340,4.076327,49540.883
16341,4.078124,49544.96
16342,4.0817904,49549.043
16343,4.0841594,49553.13
16344,4.084061,49557.215
16345,4.083265,49561.297
16346,4.080448,49565.38
16347,4.07632,49569.457
16348,4.074006,49573.53
16349,4.0714936,49577.6
16350,4.0705147,49581.67
16351,4.0720286,49585.742
16352,4.072702,49589.816
16353,4.072842,49593.89
16354,4.0731587,49597.965
16355,4.073607,49602.04
16356,4.0731754,49606.113
16357,4.072373,49610.188
16358,4.07114,49614.258
16359,4.0688496,49618.33
16360,4.064885,49622.395
16361,4.060818,49626.457
16362,4.05751,49630.516
16363,4.0551295,49634.57
16364,4.053059,49638.625
16365,4.052264,49642.676
16366,4.053317,49646.73
16367,4.054306,49650.785
16368,4.0555143,49654.84
16369,4.0553966,49658.895
16370,4.056343,49662.95
16371,4.058279,49667.008
16372,4.0597663,49671.066
16373,4.0605335,49675.125
16374,4.061638,49679.188
16375,4.063416,49683.25
16376,4.0656743,49687.316
16377,4.0694284,49691.387
16378,4.0741925,49695.46
16379,4.078282,49699.54
16380,4.080597,49703.62
16381,4.0804935,49707.703
16382,4.078477,49711.78
16383,4.077622,49715.86
16384,4.078343,49719.938
16385,4.080356,49724.02
16386,4.0820394,49728.1
16387,4.0826626,49732.184
16388,4.08209,49736.266
16389,4.0806446,49740.348
16390,4.0779114,49744.426
16391,4.0741835,49748.5
16392,4.0732894,49752.574
16393,4.074715,49756.65
16394,4.077524,49760.727
16395,4.080826,49764.81
16396,4.081911,49768.89
16397,4.081373,49772.973
16398,4.080448,49777.055
16399,4.0804734,49781.137
16400,4.08183,49785.22
16401,4.083606,49789.3
16402,4.0855412,49793.387
16403,4.085921,49797.473
16404,4.0872,49801.56
16405,4.089287,49805.65
16406,4.091376,49809.74
16407,4.093226,49813.832
16408,4.094614,49817.926
16409,4.0961976,49822.023
16410,4.0968714,49826.12
16411,4.097708,49830.22
16412,4.0987363,49834.316
16413,4.099197,49838.414
16414,4.098149,49842.51
16415,4.0950894,49846.605
16416,4.09463,49850.7
16417,4.0941095,49854.793
16418,4.095083,49858.887
16419,4.094791,49862.98
16420,4.0937552,49867.074
16421,4.0929604,49871.168
16422,4.092142,49875.26
16423,4.09138,49879.35
16424,4.0908823,49883.44
16425,4.089004,49887.53
16426,4.0870132,49891.617
16427,4.0829716,49895.7
16428,4.0786633,49899.777
16429,4.075,49903.85
16430,4.073318,49907.926
16431,4.073596,49912.0
16432,4.07484,49916.074
16433,4.0752935,49920.15
16434,4.074705,49924.223
16435,4.0731277,49928.297
16436,4.07152,49932.367
16437,4.0712204,49936.438
16438,4.070287,49940.508
16439,4.0701723,49944.58
16440,4.069699,49948.65
16441,4.0700583,49952.72
16442,4.0715337,49956.79
16443,4.0720778,49960.86
16444,4.07178,49964.93
16445,4.0709577,49969.0
16446,4.068068,49973.066
16447,4.0654817,49977.133
16448,4.063675,49981.195
16449,4.0624375,49985.258
16450,4.061075,49989.32
16451,4.0596066,49993.38
16452,4.058315,49997.438
16453,4.056854,50001.496
16454,4.0568223,50005.555
16455,4.057663,50009.613
16456,4.059964,50013.67
16457,4.0615344,50017.734
16458,4.060731,50021.797
16459,4.0602927,50025.855
16460,4.060915,50029.918
16461,4.061065,50033.98
16462,4.060548,50038.043
16463,4.059435,50042.1
16464,4.056387,50046.156
16465,4.0526834,50050.207
16466,4.0498652,50054.258
16467,4.048212,50058.305
16468,4.0490685,50062.355
16469,4.0515847,50066.406
16470,4.054949,50070.46
16471,4.059238,50074.52
16472,4.0625625,50078.582
16473,4.0637107,50082.645
16474,4.0632415,50086.707
16475,4.062522,50090.77
16476,4.0625505,50094.832
16477,4.063955,50098.895
16478,4.0651126,50102.96
16479,4.0675864,50107.027
16480,4.0675383,50111.094
16481,4.0659494,50115.16
16482,4.0655046,50119.227
16483,4.067014,50123.293
16484,4.0698023,50127.363
16485,4.0724487,50131.438
16486,4.072638,50135.51
16487,4.072455,50139.586
16488,4.0708117,50143.656
16489,4.0691657,50147.727
16490,4.0673237,50151.793
16491,4.065462,50155.86
16492,4.065572,50159.926
16493,4.066211,50163.992
16494,4.068334,50168.06
16495,4.071678,50172.13
16496,4.072828,50176.203
16497,4.0733666,50180.277
16498,4.0732837,50184.35
16499,4.073666,50188.426
16500,4.0744157,50192.5
16501,4.0752563,50196.574
16502,4.076463,50200.652
16503,4.078128,50204.73
16504,4.0808654,50208.812
16505,4.081663,50212.895
16506,4.0807743,50216.977
16507,4.07796,50221.055
16508,4.0738935,50225.13
16509,4.0702043,50229.2
16510,4.0689716,50233.27
16511,4.0699034,50237.34
16512,4.071637,50241.41
16513,4.073474,50245.484
16514,4.073938,50249.56
16515,4.0755935,50253.633
16516,4.0756297,50257.707
16517,4.0737376,50261.78
16518,4.0721354,50265.85
16519,4.0700984,50269.92
16520,4.0688543,50273.992
16521,4.067472,50278.06
16522,4.0678554,50282.125
16523,4.0685706,50286.195
16524,4.0677032,50290.26
16525,4.0650444,50294.33
16526,4.062017,50298.39
16527,4.060636,50302.453
16528,4.061687,50306.516
16529,4.0647874,50310.582
16530,4.067503,50314.65
16531,4.068677,50318.72
16532,4.0692334,50322.79
16533,4.0694585,50326.86
16534,4.0721684,50330.93
16535,4.076082,50335.004
16536,4.0805917,50339.086
16537,4.084568,50343.17
16538,4.085872,50347.258
16539,4.086362,50351.344
16540,4.0858326,50355.43
16541,4.084644,50359.516
16542,4.0815964,50363.598
16543,4.079069,50367.676
16544,4.078174,50371.754
16545,4.078479,50375.832
16546,4.077927,50379.91
16547,4.0772705,50383.99
16548,4.076973,50388.066
16549,4.0772424,50392.145
16550,4.0785007,50396.223
16551,4.0784035,50400.3
16552,4.0774584,50404.38
16553,4.0751987,50408.453
16554,4.074986,50412.527
16555,4.0779257,50416.605
16556,4.080673,50420.688
16557,4.082674,50424.77
16558,4.082256,50428.85
16559,4.08109,50432.934
16560,4.0803514,50437.016
16561,4.0816026,50441.098
16562,4.0836425,50445.18
16563,4.085101,50449.266
16564,4.085664,50453.35
16565,4.085916,50457.438
16566,4.0859103,50461.523
16567,4.085312,50465.61
16568,4.0838313,50469.69
16569,4.0823655,50473.773
16570,4.0821085,50477.855
16571,4.084009,50481.94
16572,4.0870543,50486.027
16573,4.0895743,50490.117
16574,4.0918765,50494.21
16575,4.0937557,50498.305
16576,4.0958242,50502.402
16577,4.096867,50506.5
16578,4.0971923,50510.598
16579,4.0960135,50514.695
16580,4.0941606,50518.79
16581,4.090901,50522.88
16582,4.08779,50526.965
16583,4.0836353,50531.047
16584,4.080474,50535.13
16585,4.0758963,50539.203
16586,4.0725756,50543.277
16587,4.070675,50547.348
16588,4.0693555,50551.418
16589,4.0681543,50555.484
16590,4.0678477,50559.55
16591,4.0695796,50563.62
16592,4.070579,50567.69
16593,4.071656,50571.76
16594,4.0739264,50575.836
16595,4.077528,50579.914
16596,4.0794225,50583.992
16597,4.078043,50588.07
16598,4.0752506,50592.145
16599,4.0729156,50596.22
16600,4.070215,50600.29
16601,4.068429,50604.36
16602,4.0659027,50608.426
16603,4.06455,50612.492
16604,4.0649543,50616.56
16605,4.066551,50620.625
16606,4.0689664,50624.695
16607,4.0716233,50628.766
16608,4.071328,50632.836
16609,4.0691824,50636.906
16610,4.065785,50640.973
16611,4.063414,50645.035
16612,4.061339,50649.098
16613,4.0603952,50653.156
16614,4.059134,50657.215
16615,4.0585423,50661.273
16616,4.057181,50665.332
16617,4.0557904,50669.387
16618,4.056573,50673.44
16619,4.058316,50677.5
16620,4.059084,50681.56
16621,4.057991,50685.617
16622,4.0555573,50689.67
16623,4.051677,50693.723
16624,4.04787,50697.77
16625,4.0446486,50701.812
16626,4.044373,50705.855
16627,4.045724,50709.902
16628,4.04922,50713.953
16629,4.0531635,50718.008
16630,4.056642,50722.066
16631,4.0592833,50726.125
16632,4.060286,50730.184
16633,4.0615416,50734.246
16634,4.0615363,50738.31
16635,4.0611143,50742.37
16636,4.061618,50746.434
16637,4.063471,50750.496
16638,4.0664377,50754.562
16639,4.0680037,50758.63
16640,4.0683517,50762.695
16641,4.068001,50766.76
16642,4.067229,50770.83
16643,4.06612,50774.895
16644,4.0671372,50778.96
16645,4.0675097,50783.027
16646,4.0681887,50787.094
16647,4.0689044,50791.164
16648,4.067744,50795.23
16649,4.0685954,50799.3
16650,4.0695343,50803.37
16651,4.0723147,50807.445
16652,4.073239,50811.52
16653,4.0713973,50815.59
16654,4.067862,50819.656
16655,4.0653386,50823.723
16656,4.0636163,50827.785
16657,4.063341,50831.848
16658,4.0640945,50835.91
16659,4.066273,50839.977
16660,4.068741,50844.047
16661,4.0717373,50848.117
16662,4.074591,50852.19
16663,4.0773463,50856.27
16664,4.079614,50860.348
16665,4.082313,50864.43
16666,4.0838737,50868.51
16667,4.08334,50872.594
16668,4.083223,50876.676
16669,4.0844836,50880.76
16670,4.0863905,50884.848
16671,4.089061,50888.938
16672,4.0914793,50893.027
16673,4.093954,50897.12
16674,4.092841,50901.215
16675,4.089936,50905.305
16676,4.08723,50909.39
16677,4.084493,50913.477
16678,4.083286,50917.56
16679,4.08197,50921.64
16680,4.0825806,50925.723
16681,4.0824184,50929.805
16682,4.080382,50933.887
16683,4.07872,50937.965
16684,4.0761642,50942.04
16685,4.0734534,50946.113
16686,4.0732703,50950.188
16687,4.072247,50954.258
16688,4.073678,50958.332
16689,4.073801,50962.406
16690,4.07239,50966.48
16691,4.0701385,50970.55
16692,4.068229,50974.617
16693,4.065886,50978.684
16694,4.064525,50982.75
16695,4.0629816,50986.812
16696,4.0612226,50990.875
16697,4.0614166,50994.938
16698,4.0631156,50999.0
16699,4.0655327,51003.066
16700,4.0679617,51007.133
16701,4.068626,51011.203
16702,4.0679283,51015.27
16703,4.068403,51019.34
16704,4.0685954,51023.41
16705,4.0696836,51027.48
16706,4.070995,51031.55
16707,4.072662,51035.625
16708,4.0733843,51039.7
16709,4.072878,51043.773
16710,4.0722184,51047.844
16711,4.070465,51051.914
16712,4.068565,51055.984
16713,4.067202,51060.05
16714,4.066079,51064.117
16715,4.063787,51068.18
16716,4.0608172,51072.242
16717,4.0591626,51076.3
16718,4.057534,51080.36
16719,4.0548053,51084.414
16720,4.0532594,51088.47
16721,4.053698,51092.523
16722,4.0565805,51096.58
16723,4.0603724,51100.637
16724,4.0640583,51104.7
16725,4.066225,51108.766
16726,4.0673194,51112.832
16727,4.068446,51116.902
16728,4.0706596,51120.973
16729,4.0712614,51125.043
16730,4.0715075,51129.113
16731,4.0721617,51133.184
16732,4.0733,51137.258
16733,4.0744705,51141.332
16734,4.0749803,51145.406
16735,4.0744576,51149.48
16736,4.0730395,51153.555
16737,4.071004,51157.625
16738,4.0716004,51161.695
16739,4.074134,51165.77
16740,4.0749984,51169.844
16741,4.074827,51173.918
16742,4.0751762,51177.992
16743,4.076989,51182.07
16744,4.0783124,51186.15
16745,4.0801716,51190.23
16746,4.080774,51194.312
16747,4.078843,51198.39
16748,4.0782743,51202.47
16749,4.0783014,51206.547
16750,4.078648,51210.625
16751,4.0807757,51214.707
16752,4.082818,51218.79
16753,4.0849957,51222.875
16754,4.086593,51226.96
16755,4.08741,51231.047
16756,4.087876,51235.133
16757,4.088181,51239.223
16758,4.087168,51243.31
16759,4.083947,51247.39
16760,4.080753,51251.473
16761,4.079262,51255.55
16762,4.0772038,51259.63
16763,4.0762153,51263.707
16764,4.075912,51267.78
16765,4.077926,51271.86
16766,4.078271,51275.938
16767,4.078991,51280.016
16768,4.0795984,51284.094
16769,4.078381,51288.17
16770,4.076155,51292.246
16771,4.073753,51296.32
16772,4.0736146,51300.395
16773,4.072755,51304.47
16774,4.0710206,51308.54
16775,4.0673804,51312.605
16776,4.062941,51316.668
16777,4.0592785,51320.727
16778,4.0576396,51324.785
16779,4.058506,51328.844
16780,4.0596857,51332.902
16781,4.059678,51336.96
16782,4.0586567,51341.02
16783,4.0568824,51345.08
16784,4.05558,51349.133
16785,4.0562916,51353.188
16786,4.058686,51357.246
16787,4.059604,51361.305
16788,4.0598707,51365.363
16789,4.059616,51369.42
16790,4.0576644,51373.48
16791,4.0547476,51377.535
16792,4.052873,51381.59
16793,4.0532193,51385.645
16794,4.054118,51389.7
16795,4.054647,51393.754
16796,4.0557985,51397.81
16797,4.0575733,51401.867
16798,4.0620503,51405.93
16799,4.06717,51409.996
16800,4.0706553,51414.066
16801,4.072297,51418.14
16802,4.0717783,51422.21
16803,4.0692997,51426.28
16804,4.068366,51430.35
16805,4.0686584,51434.42
16806,4.0692396,51438.492
16807,4.069812,51442.562
16808,4.069831,51446.633
16809,4.070827,51450.703
16810,4.0710974,51454.773
16811,4.072374,51458.848
16812,4.0732822,51462.92
16813,4.074264,51466.996
16814,4.075828,51471.07
16815,4.077367,51475.15
16816,4.0777035,51479.227
16817,4.07719,51483.305
16818,4.078445,51487.383
16819,4.0793753,51491.46
16820,4.08111,51495.543
16821,4.081853,51499.625
16822,4.083182,51503.707
16823,4.0856657,51507.793
16824,4.08787,51511.88
16825,4.0909357,51515.97
16826,4.0919776,51520.062
16827,4.09189,51524.156
16828,4.089862,51528.246
16829,4.088073,51532.336
16830,4.0877094,51536.42
16831,4.0894923,51540.51
16832,4.090599,51544.6
16833,4.090865,51548.69
16834,4.088137,51552.78
16835,4.085578,51556.867
16836,4.0861855,51560.953
16837,4.0870914,51565.04
16838,4.0878224,51569.125
16839,4.0881715,51573.215
16840,4.0875926,51577.3
16841,4.086672,51581.387
16842,4.085316,51585.473
16843,4.0837584,51589.555
16844,4.0830173,51593.637
16845,4.082176,51597.72
16846,4.081059,51601.8
16847,4.0782847,51605.88
16848,4.0763426,51609.957
16849,4.074529,51614.03
16850,4.0744734,51618.105
16851,4.0773673,51622.184
16852,4.0811477,51626.266
16853,4.083053,51630.348
16854,4.082149,51634.43
16855,4.080891,51638.51
16856,4.079702,51642.59
16857,4.078286,51646.668
16858,4.077112,51650.746
16859,4.076445,51654.824
16860,4.0760565,51658.9
16861,4.0760255,51662.973
16862,4.075043,51667.047
16863,4.0729203,51671.12
16864,4.0716147,51675.19
16865,4.0699773,51679.26
16866,4.066768,51683.33
16867,4.0631385,51687.39
16868,4.0606265,51691.453
16869,4.0586195,51695.51
16870,4.059001,51699.57
16871,4.0617485,51703.633
16872,4.0651426,51707.7
16873,4.068494,51711.77
16874,4.07118,51715.84
16875,4.0728374,51719.914
16876,4.073861,51723.99
16877,4.0749655,51728.062
16878,4.0755906,51732.137
16879,4.0746927,51736.21
16880,4.071619,51740.28
16881,4.0702987,51744.35
16882,4.070417,51748.42
16883,4.0737166,51752.496
16884,4.0760884,51756.57
16885,4.076517,51760.65
16886,4.077509,51764.727
16887,4.077246,51768.805
16888,4.0769205,51772.883
16889,4.076434,51776.96
16890,4.074627,51781.035
16891,4.0727034,51785.11
16892,4.071823,51789.18
16893,4.071474,51793.25
16894,4.0711203,51797.32
16895,4.071009,51801.39
16896,4.0716014,51805.46
16897,4.0731645,51809.535
16898,4.0740695,51813.61
16899,4.0737195,51817.684
16900,4.073418,51821.758
16901,4.0725856,51825.832
16902,4.0736847,51829.906
16903,4.076269,51833.984
16904,4.0787506,51838.062
16905,4.0791535,51842.14
16906,4.076448,51846.22
16907,4.0728893,51850.293
16908,4.0699267,51854.363
16909,4.068045,51858.43
16910,4.066842,51862.496
16911,4.0657763,51866.562
16912,4.064781,51870.63
16913,4.0655875,51874.695
16914,4.0668902,51878.76
16915,4.0683455,51882.83
16916,4.067448,51886.895
16917,4.0658016,51890.96
16918,4.0648413,51895.027
16919,4.064502,51899.094
16920,4.0642056,51903.156
16921,4.0628586,51907.22
16922,4.0625377,51911.28
16923,4.061791,51915.344
16924,4.0612974,51919.406
16925,4.061497,51923.47
16926,4.0615506,51927.53
16927,4.0626407,51931.594
16928,4.066771,51935.66
16929,4.071051,51939.73
16930,4.0718136,51943.8
16931,4.072127,51947.87
16932,4.071586,51951.94
16933,4.071241,51956.01
16934,4.0708575,51960.082
16935,4.069167,51964.152
16936,4.0685353,51968.223
16937,4.0702796,51972.293
16938,4.073556,51976.367
16939,4.0769563,51980.445
16940,4.079195,51984.523
16941,4.0803614,51988.605
16942,4.080831,51992.688
16943,4.0806093,51996.77
16944,4.081214,52000.85
16945,4.0824723,52004.934
16946,4.0843234,52009.02
16947,4.0868115,52013.105
16948,4.088741,52017.195
16949,4.0891647,52021.285
16950,4.087138,52025.37
16951,4.085596,52029.457
16952,4.0845785,52033.543
16953,4.084049,52037.63
16954,4.0861425,52041.715
16955,4.0901604,52045.805
16956,4.091426,52049.895
16957,4.090095,52053.984
16958,4.0883856,52058.074
16959,4.087967,52062.164
16960,4.088105,52066.254
16961,4.088397,52070.344
16962,4.0874863,52074.43
16963,4.0873847,52078.516
16964,4.0889554,52082.605
16965,4.09113,52086.695
16966,4.0917068,52090.785
16967,4.090031,52094.875
16968,4.087994,52098.965
16969,4.0855274,52103.05
16970,4.083537,52107.133
16971,4.0816407,52111.215
16972,4.080208,52115.297
16973,4.0792212,52119.375
16974,4.078451,52123.453
16975,4.0777783,52127.53
16976,4.0750294,52131.605
16977,4.0699577,52135.676
16978,4.066245,52139.742
16979,4.0652437,52143.81
16980,4.0645785,52147.875
16981,4.063644,52151.938
16982,4.063289,52156.0
16983,4.0636125,52160.062
16984,4.064867,52164.13
16985,4.0646863,52168.195
16986,4.061842,52172.258
16987,4.057732,52176.316
16988,4.053286,52180.37
16989,4.0507445,52184.42
16990,4.0503135,52188.473
16991,4.0512395,52192.523
16992,4.0541706,52196.58
16993,4.0560203,52200.633
16994,4.056091,52204.688
16995,4.0551505,52208.742
16996,4.055829,52212.797
16997,4.0566096,52216.85
16998,4.0570626,52220.91
16999,4.0580745,52224.97
17000,4.058569,52229.027
17001,4.058748,52233.086
17002,4.057309,52237.145
17003,4.0548267,52241.2
17004,4.054656,52245.254
17005,4.0559187,52249.31
17006,4.0559654,52253.363
17007,4.053913,52257.418
17008,4.050846,52261.47
17009,4.0508347,52265.52
17010,4.051726,52269.57
17011,4.0531464,52273.625
17012,4.0560794,52277.68
17013,4.0578337,52281.74
17014,4.0579386,52285.797
17015,4.057268,52289.855
17016,4.057971,52293.914
17017,4.0593424,52297.973
17018,4.0613065,52302.035
17019,4.064387,52306.098
17020,4.068072,52310.164
17021,4.0730324,52314.24
17022,4.0779014,52318.316
17023,4.081522,52322.4
17024,4.084891,52326.484
17025,4.087947,52330.574
17026,4.0884438,52334.664
17027,4.088408,52338.754
17028,4.0889225,52342.844
17029,4.0892186,52346.934
17030,4.0890436,52351.023
17031,4.087823,52355.11
17032,4.0861053,52359.195
17033,4.0842733,52363.28
17034,4.0832567,52367.363
17035,4.083968,52371.445
17036,4.0851526,52375.53
17037,4.086586,52379.617
17038,4.0878477,52383.703
17039,4.088235,52387.793
17040,4.087543,52391.88
17041,4.0856867,52395.965
17042,4.086794,52400.05
17043,4.0896506,52404.14
17044,4.09118,52408.23
17045,4.0902896,52412.32
17046,4.0890217,52416.41
17047,4.087718,52420.496
17048,4.0871544,52424.582
17049,4.087907,52428.67
17050,4.08918,52432.76
17051,4.089526,52436.85
17052,4.0881977,52440.94
17053,4.0862937,52445.027
17054,4.0853095,52449.113
17055,4.08626,52453.2
17056,4.0878143,52457.285
17057,4.087855,52461.37
17058,4.084599,52465.457
17059,4.080792,52469.54
17060,4.077334,52473.617
17061,4.0724235,52477.69
17062,4.070531,52481.76
17063,4.070437,52485.832
17064,4.0714936,52489.902
17065,4.072711,52493.977
17066,4.0736094,52498.05
17067,4.07294,52502.125
17068,4.0714703,52506.195
17069,4.069553,52510.266
17070,4.068362,52514.336
17071,4.066099,52518.402
17072,4.0647154,52522.47
17073,4.0643063,52526.53
17074,4.06552,52530.598
17075,4.068043,52534.664
17076,4.069827,52538.734
17077,4.0699396,52542.805
17078,4.069411,52546.875
17079,4.0687814,52550.945
17080,4.06839,52555.016
17081,4.0697064,52559.086
17082,4.0712924,52563.156
17083,4.0729127,52567.23
17084,4.072773,52571.305
17085,4.0732865,52575.38
17086,4.074277,52579.453
17087,4.0743437,52583.527
17088,4.0750136,52587.6
17089,4.0744195,52591.676
17090,4.073401,52595.75
17091,4.07221,52599.82
17092,4.0712066,52603.89
17093,4.070781,52607.96
17094,4.0709324,52612.03
17095,4.0712576,52616.1
17096,4.0716987,52620.17
17097,4.072554,52624.246
17098,4.07246,52628.32
17099,4.073013,52632.395
17100,4.0731497,52636.47
17101,4.0730443,52640.543
17102,4.072098,52644.613
17103,4.0704703,52648.684
17104,4.069732,52652.754
17105,4.070555,52656.824
17106,4.0734525,52660.9
17107,4.07599,52664.973
17108,4.0760236,52669.047
17109,4.0754814,52673.12
17110,4.073123,52677.195
17111,4.0696573,52681.266
17112,4.0655637,52685.332
17113,4.0614305,52689.395
17114,4.0590134,52693.453
17115,4.057274,52697.51
17116,4.057484,52701.57
17117,4.0583987,52705.63
17118,4.0581117,52709.688
17119,4.05627,52713.742
17120,4.054447,52717.797
17121,4.052954,52721.85
17122,4.0533195,52725.906
17123,4.053824,52729.96
17124,4.0540547,52734.016
17125,4.0528684,52738.07
17126,4.0519176,52742.12
17127,4.0507035,52746.17
17128,4.0496607,52750.223
17129,4.0486155,52754.27
17130,4.0476446,52758.316
17131,4.048458,52762.363
17132,4.0512657,52766.414
17133,4.0557384,52770.47
17134,4.0589924,52774.527
17135,4.0607305,52778.59
17136,4.0602446,52782.65
17137,4.0587034,52786.707
17138,4.0585704,52790.766
17139,4.05862,52794.824
17140,4.057439,52798.883
17141,4.0563707,52802.938
17142,4.0555577,52806.992
17143,4.055945,52811.047
17144,4.055954,52815.1
17145,4.0548286,52819.156
17146,4.054275,52823.21
17147,4.0551567,52827.266
17148,4.0565295,52831.32
17149,4.0590014,52835.38
17150,4.0607166,52839.44
17151,4.0625324,52843.504
17152,4.0628095,52847.566
17153,4.06194,52851.63
17154,4.0605555,52855.69
17155,4.0593333,52859.75
17156,4.061256,52863.812
17157,4.0636787,52867.875
17158,4.0653152,52871.94
17159,4.066903,52876.008
17160,4.06763,52880.074
17161,4.070109,52884.145
17162,4.0717525,52888.215
17163,4.07344,52892.29
17164,4.074096,52896.363
17165,4.0752997,52900.438
17166,4.076893,52904.516
17167,4.077488,52908.594
17168,4.0790772,52912.67
17169,4.0807395,52916.754
17170,4.0816283,52920.836
17171,4.0810633,52924.918
17172,4.081549,52929.0
17173,4.082529,52933.082
17174,4.08255,52937.164
17175,4.081911,52941.246
17176,4.081241,52945.33
17177,4.080429,52949.41
17178,4.080165,52953.492
17179,4.0790706,52957.57
17180,4.076309,52961.65
17181,4.074077,52965.723
17182,4.073145,52969.797
17183,4.0726185,52973.87
17184,4.073279,52977.945
17185,4.0750437,52982.02
17186,4.0761127,52986.094
17187,4.076011,52990.168
17188,4.076138,52994.242
17189,4.0772495,52998.32
17190,4.0769615,53002.4
17191,4.075766,53006.473
17192,4.0725145,53010.547
17193,4.0697913,53014.617
17194,4.0686774,53018.688
17195,4.069402,53022.758
17196,4.0702515,53026.83
17197,4.069681,53030.9
17198,4.068421,53034.97
17199,4.0676355,53039.035
17200,4.068058,53043.1
17201,4.0702953,53047.17
17202,4.0726237,53051.246
17203,4.0741205,53055.32
17204,4.0742264,53059.395
17205,4.0743885,53063.47
17206,4.0748453,53067.543
17207,4.0750227,53071.617
17208,4.074859,53075.69
17209,4.0745206,53079.766
17210,4.074297,53083.84
17211,4.073261,53087.914
17212,4.072551,53091.99
17213,4.0714803,53096.06
17214,4.070088,53100.13
17215,4.0689955,53104.2
17216,4.068639,53108.27
17217,4.0666857,53112.336
17218,4.0647163,53116.402
17219,4.0635743,53120.465
17220,4.063008,53124.527
17221,4.062979,53128.59
17222,4.0637717,53132.652
17223,4.0656037,53136.72
17224,4.0686884,53140.79
17225,4.0708485,53144.86
17226,4.0721097,53148.93
17227,4.071667,53153.0
17228,4.07207,53157.07
17229,4.0734076,53161.145
17230,4.0740867,53165.22
17231,4.0742726,53169.293
17232,4.0752482,53173.367
17233,4.075913,53177.44
17234,4.0759745,53181.516
17235,4.0758758,53185.59
17236,4.0742035,53189.664
17237,4.0710406,53193.734
17238,4.0690455,53197.805
17239,4.0695333,53201.875
17240,4.07192,53205.945
17241,4.0755696,53210.02
17242,4.0785923,53214.098
17243,4.080598,53218.18
17244,4.0810227,53222.26
17245,4.080679,53226.344
17246,4.0813603,53230.426
17247,4.0815034,53234.508
17248,4.0814567,53238.59
17249,4.081486,53242.67
17250,4.0811176,53246.754
17251,4.0794263,53250.832
17252,4.0789347,53254.91
17253,4.078762,53258.99
17254,4.079094,53263.066
17255,4.07943,53267.145
17256,4.079648,53271.223
17257,4.078829,53275.3
17258,4.076831,53279.38
17259,4.074272,53283.453
17260,4.071846,53287.523
17261,4.0707064,53291.594
17262,4.0726886,53295.668
17263,4.075348,53299.742
17264,4.077586,53303.82
17265,4.079318,53307.9
17266,4.0815306,53311.98
17267,4.083692,53316.062
17268,4.084415,53320.15
17269,4.084948,53324.234
17270,4.083315,53328.316
17271,4.0812516,53332.4
17272,4.080556,53336.48
17273,4.0795546,53340.56
17274,4.080113,53344.64
17275,4.0797577,53348.72
17276,4.078039,53352.797
17277,4.0758796,53356.87
17278,4.073269,53360.945
17279,4.0720034,53365.016
17280,4.073111,53369.09
17281,4.074041,53373.164
17282,4.075861,53377.24
17283,4.07832,53381.316
17284,4.0802855,53385.4
17285,4.0820646,53389.48
17286,4.0832233,53393.562
17287,4.082806,53397.645
17288,4.08224,53401.727
17289,4.0807166,53405.81
17290,4.0780673,53409.887
17291,4.0754027,53413.96
17292,4.072351,53418.035
17293,4.069494,53422.105
17294,4.0666084,53426.17
17295,4.0632114,53430.234
17296,4.0626416,53434.297
17297,4.0639663,53438.36
17298,4.0667033,53442.426
17299,4.0690875,53446.496
17300,4.070427,53450.566
17301,4.069035,53454.637
17302,4.065834,53458.703
17303,4.0630555,53462.766
17304,4.0620975,53466.83
17305,4.062231,53470.89
17306,4.062984,53474.953
17307,4.06395,53479.016
17308,4.063222,53483.08
17309,4.0627427,53487.14
17310,4.060916,53491.203
17311,4.058106,53495.26
17312,4.0561075,53499.316
17313,4.0550303,53503.37
17314,4.0567036,53507.43
17315,4.0582547,53511.49
17316,4.060691,53515.55
17317,4.0632396,53519.613
17318,4.064809,53523.68
17319,4.0666995,53527.746
17320,4.066862,53531.812
17321,4.0660596,53535.88
17322,4.0652905,53539.945
17323,4.0646143,53544.01
17324,4.0660105,53548.08
17325,4.069676,53552.15
17326,4.072629,53556.223
17327,4.074775,53560.297
17328,4.072226,53564.367
17329,4.067274,53568.434
17330,4.0631995,53572.496
17331,4.061623,53576.56
17332,4.061952,53580.62
17333,4.062874,53584.684
17334,4.064426,53588.746
17335,4.066148,53592.812
17336,4.067416,53596.88
17337,4.067128,53600.945
17338,4.068154,53605.01
17339,4.069978,53609.082
17340,4.0717435,53613.152
17341,4.0737214,53617.227
17342,4.07307,53621.3
17343,4.0712857,53625.37
17344,4.068771,53629.44
17345,4.0661864,53633.508
17346,4.063545,53637.57
17347,4.059836,53641.63
17348,4.0574474,53645.688
17349,4.0553503,53649.742
17350,4.0561185,53653.797
17351,4.0590935,53657.855
17352,4.059992,53661.914
17353,4.058221,53665.973
17354,4.0571995,53670.03
17355,4.0559745,53674.086
17356,4.05644,53678.14
17357,4.057589,53682.2
17358,4.058174,53686.258
17359,4.0582542,53690.316
17360,4.0549865,53694.37
17361,4.051105,53698.42
17362,4.048303,53702.47
17363,4.045835,53706.516
17364,4.0428777,53710.56
17365,4.0395966,53714.598
17366,4.0368214,53718.633
17367,4.03584,53722.668
17368,4.0371175,53726.707
17369,4.039455,53730.746
17370,4.0419283,53734.79
17371,4.0435853,53738.832
17372,4.0446777,53742.875
17373,4.0447206,53746.918
17374,4.044723,53750.96
17375,4.04266,53755.004
17376,4.0410185,53759.047
17377,4.0404997,53763.086
17378,4.0379133,53767.125
17379,4.036087,53771.16
17380,4.032477,53775.19
17381,4.0299788,53779.223
17382,4.030409,53783.254
17383,4.0304875,53787.285
17384,4.031106,53791.316
17385,4.0300956,53795.348
17386,4.027972,53799.375
17387,4.0240035,53803.4
17388,4.022888,53807.42
17389,4.023555,53811.445
17390,4.0265465,53815.473
17391,4.0293956,53819.504
17392,4.03268,53823.535
17393,4.0345716,53827.57
17394,4.0347056,53831.605
17395,4.034307,53835.64
17396,4.0343475,53839.676
17397,4.034268,53843.71
17398,4.0338006,53847.746
17399,4.031411,53851.777
17400,4.0298157,53855.81
17401,4.028333,53859.836
17402,4.0284324,53863.863
17403,4.0265303,53867.89
17404,4.0248356,53871.914
17405,4.022685,53875.938
17406,4.022432,53879.96
17407,4.020999,53883.98
17408,4.0191145,53888.0
17409,4.0169263,53892.016
17410,4.0147433,53896.03
17411,4.0129385,53900.043
17412,4.0136895,53904.06
17413,4.014984,53908.074
17414,4.01604,53912.09
17415,4.0161033,53916.105
17416,4.015912,53920.12
17417,4.0125737,53924.133
17418,4.0098734,53928.145
17419,4.0065885,53932.152
17420,4.005367,53936.156
17421,4.0028095,53940.16
17422,4.000722,53944.16
17423,3.997488,53948.156
17424,3.9957247,53952.152
17425,3.9927151,53956.145
17426,3.991369,53960.137
17427,3.993164,53964.13
17428,3.9914925,53968.12
17429,3.9897127,53972.11
17430,3.987458,53976.098
17431,3.9848323,53980.082
17432,3.981365,53984.062
17433,3.9777265,53988.04
17434,3.9733355,53992.01
17435,3.971585,53995.984
17436,3.9697964,53999.953
17437,3.9661098,54003.918
17438,3.9596765,54007.88
17439,3.951786,54011.832
17440,3.9471686,54015.777
17441,3.9423037,54019.72
17442,3.9400973,54023.66
17443,3.9374754,54027.598
17444,3.9345071,54031.53
17445,3.9316952,54035.465
17446,3.9309604,54039.395
17447,3.9272642,54043.32
17448,3.9197335,54047.24
17449,3.9072444,54051.145
17450,3.899142,54055.043
17451,3.887454,54058.93
17452,3.8746343,54062.805
17453,3.8531604,54066.656
17454,3.8288107,54070.484
17455,3.8006923,54074.285
17456,3.7858942,54078.07
17457,3.7759476,54081.848
17458,3.7692304,54085.617
17459,3.7597058,54089.375
17460,3.7500627,54093.125
17461,3.7383711,54096.863
17462,3.7294967,54100.594
17463,3.7206783,54104.312
17464,3.7153003,54108.027
17465,3.711205,54111.74
17466,3.7084258,54115.445
17467,3.7054436,54119.152
17468,3.7070642,54122.86
17469,3.707755,54126.566
17470,3.7071614,54130.273
17471,3.703945,54133.977
17472,3.7015777,54137.68
17473,3.6974444,54141.38
17474,3.6942222,54145.074
17475,3.6899097,54148.766
17476,3.6874712,54152.453
17477,3.6847465,54156.137
17478,3.6837294,54159.82
17479,3.6813924,54163.5
17480,3.6792104,54167.18
17481,3.6763625,54170.855
17482,3.673402,54174.527
17483,3.6693637,54178.195
17484,3.6655307,54181.86
17485,3.6611648,54185.52
17486,3.6580462,54189.176
17487,3.6547048,54192.832
17488,3.6528528,54196.484
17489,3.650221,54200.133
17490,3.6477697,54203.78
17491,3.6436565,54207.426
17492,3.6405144,54211.066
17493,3.6357012,54214.703
17494,3.6308768,54218.336
17495,3.6247082,54221.96
17496,3.6190686,54225.58
17497,3.6124194,54229.19
17498,3.6061032,54232.797
17499,3.598854,54236.395
17500,3.5932171,54239.99
17501,3.588725,54243.58
17502,3.5869756,54247.164
17503,3.5834978,54250.746
17504,3.5783968,54254.324
17505,3.5713155,54257.895
17506,3.5648313,54261.46
17507,3.5580566,54265.02
17508,3.5527096,54268.57
17509,3.5488362,54272.12
17510,3.5467606,54275.668
17511,3.5433886,54279.21
17512,3.5395434,54282.75
17513,3.5348897,54286.285
17514,3.5315166,54289.816
17515,3.5276206,54293.344
17516,3.5224426,54296.867
17517,3.5160646,54300.383
17518,3.510131,54303.895
17519,3.50491,54307.4
17520,3.4991367,54310.9
17521,3.4921215,54314.39
17522,3.4839315,54317.875
17523,3.475786,54321.35
17524,3.4684932,54324.82
17525,3.4622269,54328.28
17526,3.4584506,54331.74
17527,3.4556665,54335.195
17528,3.452385,54338.65
17529,3.4526443,54342.1
17530,3.4642317,54345.566
17531,3.4735057,54349.04
17532,3.4855993,54352.523
17533,3.4978673,54356.02
17534,3.51629,54359.535
17535,3.5349019,54363.07
17536,3.5558205,54366.625
17537,3.5756872,54370.2
17538,3.5972764,54373.797
17539,3.6174831,54377.414
17540,3.6377037,54381.05
17541,3.6549978,54384.707
17542,3.6715386,54388.38
17543,3.6851788,54392.062
17544,3.698288,54395.76
17545,3.7090423,54399.473
17546,3.719488,54403.19
17547,3.728369,54406.918
17548,3.7367923,54410.656
17549,3.7431266,54414.4
17550,3.7486541,54418.15
17551,3.753253,54421.902
17552,3.758243,54425.66
17553,3.7634768,54429.42
17554,3.7685513,54433.19
17555,3.7720723,54436.965
17556,3.7735808,54440.74
17557,3.773711,54444.51
17558,3.7728515,54448.285
17559,3.7715273,54452.06
17560,3.7713482,54455.83
17561,3.7707138,54459.598
17562,3.7684135,54463.367
17563,3.7647939,54467.133
17564,3.762285,54470.895
17565,3.7596426,54474.652
17566,3.7587934,54478.41
17567,3.7587423,54482.168
17568,3.7596326,54485.926
17569,3.7599947,54489.688
17570,3.7594042,54493.445
17571,3.7584372,54497.203
17572,3.7577689,54500.96
17573,3.7569067,54504.72
17574,3.7545485,54508.473
17575,3.752832,54512.227
17576,3.7533224,54515.98
17577,3.7548447,54519.734
17578,3.7573528,54523.492
17579,3.7629683,54527.254
17580,3.7645059,54531.02
17581,3.7677572,54534.79
17582,3.7694604,54538.56
17583,3.773331,54542.332
17584,3.7745988,54546.105
17585,3.7775562,54549.883
17586,3.7772217,54553.66
17587,3.7758312,54557.438
17588,3.7726138,54561.21
17589,3.7705417,54564.98
17590,3.7693856,54568.75
17591,3.7694411,54572.52
17592,3.769644,54576.29
17593,3.7706532,54580.06
17594,3.7682803,54583.83
17595,3.764408,54587.594
17596,3.7597737,54591.355
17597,3.7555716,54595.11
17598,3.7513254,54598.86
17599,3.7457783,54602.605
17600,3.7416637,54606.348
17601,3.739749,54610.086
17602,3.7385433,54613.824
17603,3.7383993,54617.562
17604,3.7405553,54621.305
17605,3.746513,54625.05
17606,3.7529855,54628.805
17607,3.7579577,54632.562
17608,3.761367,54636.324
17609,3.7634718,54640.086
17610,3.7663429,54643.85
17611,3.7693667,54647.62
17612,3.7714508,54651.39
17613,3.7726636,54655.164
17614,3.7733355,54658.938
17615,3.7743814,54662.71
17616,3.7735467,54666.484
17617,3.774155,54670.258
17618,3.7738955,54674.03
17619,3.774919,54677.805
17620,3.7752082,54681.58
17621,3.77572,54685.355
17622,3.7754562,54689.133
17623,3.7734783,54692.906
17624,3.7707677,54696.676
17625,3.7702725,54700.445
17626,3.770553,54704.215
17627,3.7702684,54707.984
17628,3.7722793,54711.758
17629,3.7742028,54715.53
17630,3.7742531,54719.305
17631,3.7724109,54723.08
17632,3.769654,54726.848
17633,3.767484,54730.613
17634,3.7679486,54734.383
17635,3.768252,54738.152
17636,3.7692416,54741.92
17637,3.7695065,54745.69
17638,3.7693145,54749.46
17639,3.768346,54753.23
17640,3.7676513,54757.0
17641,3.7659547,54760.766
17642,3.7645078,54764.53
17643,3.7633462,54768.293
17644,3.7656548,54772.06
17645,3.7676187,54775.83
17646,3.7682104,54779.598
17647,3.7668889,54783.363
17648,3.7655373,54787.13
17649,3.7637355,54790.895
17650,3.762836,54794.656
17651,3.7612576,54798.418
17652,3.763697,54802.184
17653,3.7698922,54805.953
17654,3.7727315,54809.727
17655,3.773889,54813.5
17656,3.7712708,54817.27
17657,3.766928,54821.035
17658,3.7628374,54824.797
17659,3.7599328,54828.56
17660,3.7588437,54832.316
17661,3.7601569,54836.08
17662,3.7684104,54839.848
17663,3.7830195,54843.63
17664,3.7967725,54847.426
17665,3.8098838,54851.234
17666,3.8197148,54855.055
17667,3.827114,54858.883
17668,3.8344152,54862.72
17669,3.8417778,54866.56
17670,3.8496883,54870.41
17671,3.8559043,54874.266
17672,3.8608115,54878.125
17673,3.8629892,54881.99
17674,3.8643978,54885.85
17675,3.8642623,54889.715
17676,3.865363,54893.582
17677,3.8667724,54897.45
17678,3.8666275,54901.316
17679,3.8666623,54905.184
17680,3.8680415,54909.05
17681,3.8687506,54912.918
17682,3.8676376,54916.785
17683,3.865147,54920.65
17684,3.863067,54924.51
17685,3.8604302,54928.37
17686,3.8587239,54932.23
17687,3.856628,54936.086
17688,3.8528225,54939.938
17689,3.847613,54943.785
17690,3.8413036,54947.625
17691,3.8338723,54951.457
17692,3.825507,54955.28
17693,3.8176906,54959.098
17694,3.8121622,54962.91
17695,3.808566,54966.72
17696,3.8051379,54970.523
17697,3.8011305,54974.324
17698,3.7923024,54978.117
17699,3.7809367,54981.9
17700,3.7769442,54985.676
17701,3.7819512,54989.457
17702,3.7865312,54993.242
17703,3.7882297,54997.03
17704,3.7864363,55000.816
17705,3.78275,55004.598
17706,3.7817419,55008.38
17707,3.782085,55012.16
17708,3.7824895,55015.94
17709,3.78096,55019.723
17710,3.7765062,55023.5
17711,3.7719646,55027.273
17712,3.769766,55031.043
17713,3.769983,55034.812
17714,3.772117,55038.586
17715,3.7732306,55042.36
17716,3.773427,55046.133
17717,3.7718108,55049.906
17718,3.7682498,55053.676
17719,3.762747,55057.438
17720,3.754372,55061.19
17721,3.7455785,55064.938
17722,3.7409308,55068.68
17723,3.7357702,55072.414
17724,3.7312844,55076.145
17725,3.7274678,55079.87
17726,3.7275205,55083.598
17727,3.729022,55087.33
17728,3.7315774,55091.06
17729,3.7343626,55094.793
17730,3.7378225,55098.53
17731,3.7399614,55102.27
17732,3.7402835,55106.01
17733,3.7378972,55109.75
17734,3.7357934,55113.484
17735,3.7339995,55117.22
17736,3.7348657,55120.953
17737,3.733125,55124.688
17738,3.7291315,55128.418
17739,3.7253761,55132.145
17740,3.7229772,55135.867
17741,3.7137249,55139.582
17742,3.7013943,55143.285
17743,3.6936357,55146.98
17744,3.6836908,55150.664
17745,3.6743355,55154.34
17746,3.6613064,55158.0
17747,3.644297,55161.645
17748,3.6188176,55165.26
17749,3.5838573,55168.844
17750,3.544968,55172.39
17751,3.5137036,55175.906
17752,3.4997506,55179.406
17753,3.4892046,55182.895
17754,3.4919674,55186.387
17755,3.4916272,55189.88
17756,3.4938114,55193.37
17757,3.490102,55196.86
17758,3.4939024,55200.35
17759,3.486939,55203.84
17760,3.494515,55207.336
17761,3.4914498,55210.83
17762,3.5012786,55214.33
17763,3.4986508,55217.83
17764,3.5090475,55221.336
17765,3.5104604,55224.848
17766,3.5201712,55228.367
17767,3.522711,55231.89
17768,3.531007,55235.42
17769,3.5382748,55238.96
17770,3.545646,55242.508
17771,3.549619,55246.06
17772,3.5512657,55249.61
17773,3.5540924,55253.164
17774,3.5562453,55256.72
17775,3.556567,55260.273
17776,3.5530913,55263.83
17777,3.5489404,55267.38
17778,3.546097,55270.926
17779,3.5461287,55274.473
17780,3.5500064,55278.023
17781,3.555285,55281.58
17782,3.5588531,55285.137
17783,3.5743084,55288.71
17784,3.6209216,55292.332
17785,3.6757023,55296.008
17786,3.7183957,55299.727
17787,3.7447531,55303.473
17788,3.7572467,55307.23
17789,3.7650342,55310.996
17790,3.773153,55314.77
17791,3.7793274,55318.55
17792,3.7861671,55322.336
17793,3.7926714,55326.13
17794,3.8025668,55329.93
17795,3.811135,55333.742
17796,3.8212314,55337.562
17797,3.82943,55341.39
17798,3.8366733,55345.227
17799,3.8407185,55349.066
17800,3.8439243,55352.91
17801,3.844973,55356.754
17802,3.8437889,55360.598
17803,3.8433375,55364.44
17804,3.841308,55368.28
17805,3.8367467,55372.117
17806,3.8300352,55375.945
17807,3.8165295,55379.76
17808,3.7955043,55383.56
17809,3.7729347,55387.332
17810,3.7548482,55391.086
17811,3.7483833,55394.836
17812,3.7514033,55398.586
17813,3.7553198,55402.34
17814,3.759515,55406.098
17815,3.7613595,55409.86
17816,3.7631412,55413.62
17817,3.7613976,55417.383
17818,3.7607434,55421.145
17819,3.7586892,55424.902
17820,3.757388,55428.66
17821,3.7567482,55432.418
17822,3.7579684,55436.176
17823,3.7573874,55439.934
17824,3.7532055,55443.688
17825,3.747428,55447.434
17826,3.7438037,55451.176
17827,3.740134,55454.914
17828,3.7360234,55458.65
17829,3.7300088,55462.38
17830,3.7251024,55466.105
17831,3.7203417,55469.824
17832,3.7169855,55473.543
17833,3.713126,55477.258
17834,3.7093637,55480.97
17835,3.7026966,55484.67
17836,3.6972475,55488.367
17837,3.6917193,55492.06
17838,3.6879754,55495.746
17839,3.6842918,55499.43
17840,3.6813524,55503.11
17841,3.67671,55506.785
17842,3.6711338,55510.457
17843,3.6639545,55514.12
17844,3.6638572,55517.785
17845,3.6718452,55521.457
17846,3.6825888,55525.14
17847,3.6968536,55528.836
17848,3.7155209,55532.55
17849,3.728805,55536.28
17850,3.730909,55540.01
17851,3.724564,55543.734
17852,3.7256014,55547.46
17853,3.720627,55551.18
17854,3.7130928,55554.895
17855,3.7026634,55558.598
17856,3.695943,55562.293
17857,3.6896722,55565.984
17858,3.6864593,55569.67
17859,3.6885214,55573.36
17860,3.69375,55577.055
17861,3.701195,55580.758
17862,3.7066755,55584.465
17863,3.7107246,55588.176
17864,3.7097533,55591.887
17865,3.7075229,55595.594
17866,3.7061048,55599.3
17867,3.7047489,55603.004
17868,3.7051032,55606.71
17869,3.7058458,55610.418
17870,3.7045314,55614.12
17871,3.701363,55617.824
17872,3.6987152,55621.523
17873,3.69655,55625.22
17874,3.6947308,55628.914
17875,3.6939473,55632.61
17876,3.693456,55636.305
17877,3.6927984,55639.996
17878,3.693257,55643.688
17879,3.6947522,55647.383
17880,3.695572,55651.08
17881,3.695494,55654.773
17882,3.695179,55658.47
17883,3.6934044,55662.164
17884,3.688966,55665.85
17885,3.6841621,55669.535
17886,3.6817322,55673.22
17887,3.6803102,55676.9
17888,3.6799223,55680.58
17889,3.6793466,55684.258
17890,3.6777377,55687.938
17891,3.6785238,55691.617
17892,3.6788461,55695.297
17893,3.6734655,55698.97
17894,3.6667702,55702.637
17895,3.6600213,55706.297
17896,3.6521673,55709.95
17897,3.6480508,55713.598
17898,3.6522648,55717.25
17899,3.6586413,55720.91
17900,3.658863,55724.57
17901,3.6536083,55728.223
17902,3.6482778,55731.87
17903,3.6432483,55735.516
17904,3.6384869,55739.152
17905,3.6342375,55742.785
17906,3.6334984,55746.418
17907,3.636716,55750.055
17908,3.641415,55753.695
17909,3.6438475,55757.34
17910,3.6409497,55760.98
17911,3.636464,55764.617
17912,3.6354268,55768.254
17913,3.6378849,55771.89
17914,3.6399965,55775.53
17915,3.6418445,55779.17
17916,3.6446893,55782.816
17917,3.6467617,55786.465
17918,3.647193,55790.113
17919,3.6477783,55793.76
17920,3.6461723,55797.406
17921,3.6410918,55801.047
17922,3.6347444,55804.68
17923,3.6325872,55808.312
17924,3.6348026,55811.95
17925,3.6345482,55815.582
17926,3.63194,55819.215
17927,3.630576,55822.844
17928,3.630694,55826.473
17929,3.6339805,55830.105
17930,3.6413498,55833.746
17931,3.6481712,55837.395
17932,3.6551354,55841.05
17933,3.6635656,55844.715
17934,3.669626,55848.383
17935,3.6719687,55852.055
17936,3.6701794,55855.727
17937,3.6647825,55859.39
17938,3.6567483,55863.047
17939,3.6501987,55866.695
17940,3.6481314,55870.344
17941,3.6483366,55873.992
17942,3.6491973,55877.64
17943,3.6520512,55881.293
17944,3.6563098,55884.95
17945,3.6586654,55888.61
17946,3.6520793,55892.26
17947,3.643945,55895.906
17948,3.642993,55899.55
17949,3.645881,55903.195
17950,3.649102,55906.844
17951,3.655372,55910.5
17952,3.663799,55914.164
17953,3.6728778,55917.836
17954,3.6823366,55921.52
17955,3.692125,55925.21
17956,3.7004735,55928.91
17957,3.7069683,55932.617
17958,3.7103126,55936.33
17959,3.7113822,55940.04
17960,3.7117474,55943.75
17961,3.7126453,55947.46
17962,3.7151184,55951.176
17963,3.7176974,55954.895
17964,3.7185519,55958.613
17965,3.7197762,55962.332
17966,3.7260408,55966.06
17967,3.7345836,55969.793
17968,3.741531,55973.535
17969,3.7441833,55977.28
17970,3.7440252,55981.023
17971,3.7425594,55984.766
17972,3.7405531,55988.508
17973,3.7393959,55992.246
17974,3.7390435,55995.984
17975,3.7389748,55999.723
17976,3.73927,56003.46
17977,3.7376153,56007.2
17978,3.730723,56010.93
17979,3.723145,56014.652
17980,3.719121,56018.37
17981,3.7168186,56022.09
17982,3.7158096,56025.805
17983,3.7162719,56029.52
17984,3.7157607,56033.234
17985,3.7149305,56036.95
17986,3.713309,56040.664
17987,3.7124047,56044.375
17988,3.712954,56048.09
17989,3.7157648,56051.805
17990,3.7191637,56055.523
17991,3.7237685,56059.246
17992,3.727014,56062.973
17993,3.7314217,56066.703
17994,3.738455,56070.44
17995,3.745887,56074.188
17996,3.7483058,56077.938
17997,3.7484746,56081.688
17998,3.747564,56085.434
17999,3.747658,56089.18
18000,3.7472255,56092.926
18001,3.745998,56096.67
18002,3.741865,56100.414
18003,3.733852,56104.15
18004,3.7243261,56107.87
18005,3.7166524,56111.586
18006,3.7150047,56115.3
18007,3.7181058,56119.02
18008,3.7235742,56122.742
18009,3.7302742,56126.473
18010,3.7369063,56130.21
18011,3.7424705,56133.953
18012,3.7459085,56137.7
18013,3.7479935,56141.445
18014,3.7469733,56145.19
18015,3.74209,56148.934
18016,3.7364647,56152.67
18017,3.7297976,56156.402
18018,3.7273126,56160.13
18019,3.7289946,56163.86
18020,3.7309887,56167.59
18021,3.73346,56171.324
18022,3.736542,56175.062
18023,3.7392485,56178.8
18024,3.7373474,56182.54
18025,3.7344542,56186.273
18026,3.7329695,56190.008
18027,3.7346556,56193.742
18028,3.7388988,56197.48
18029,3.7426257,56201.223
18030,3.7441213,56204.965
18031,3.749933,56208.715
18032,3.7582986,56212.473
18033,3.7678573,56216.242
18034,3.7753158,56220.016
18035,3.7816277,56223.797
18036,3.7855194,56227.582
18037,3.7853482,56231.367
18038,3.7817156,56235.15
18039,3.7775748,56238.926
18040,3.7744079,56242.7
18041,3.7701888,56246.47
18042,3.7658734,56250.234
18043,3.763528,56253.996
18044,3.7641847,56257.76
18045,3.767796,56261.53
18046,3.7715962,56265.305
18047,3.7742822,56269.08
18048,3.7780023,56272.855
18049,3.783561,56276.64
18050,3.7875373,56280.43
18051,3.789803,56284.22
18052,3.791299,56288.01
18053,3.7931542,56291.805
18054,3.799003,56295.605
18055,3.8065581,56299.41
18056,3.811525,56303.223
18057,3.8125975,56307.035
18058,3.8123717,56310.848
18059,3.8079863,56314.656
18060,3.801201,56318.457
18061,3.792532,56322.25
18062,3.7873406,56326.04
18063,3.7869866,56329.824
18064,3.7919152,56333.617
18065,3.798247,56337.414
18066,3.8027768,56341.22
18067,3.8035717,56345.023
18068,3.8019698,56348.824
18069,3.801985,56352.625
18070,3.8023334,56356.426
18071,3.7993505,56360.227
18072,3.7965138,56364.023
18073,3.795017,56367.82
18074,3.7915928,56371.613
18075,3.7859194,56375.4
18076,3.781412,56379.18
18077,3.7806375,56382.96
18078,3.7802193,56386.742
18079,3.778277,56390.52
18080,3.775346,56394.293
18081,3.7749705,56398.066
18082,3.778608,56401.844
18083,3.783668,56405.63
18084,3.7893002,56409.418
18085,3.7915552,56413.21
18086,3.7881305,56417.0
18087,3.780922,56420.78
18088,3.7739074,56424.555
18089,3.7685084,56428.324
18090,3.7656667,56432.09
18091,3.7647,56435.855
18092,3.7619514,56439.617
18093,3.7588665,56443.375
18094,3.7536416,56447.13
18095,3.7533348,56450.883
18096,3.7559445,56454.64
18097,3.7546566,56458.395
18098,3.7470224,56462.14
18099,3.738727,56465.88
18100,3.7341974,56469.613
18101,3.7333212,56473.348
18102,3.731132,56477.08
18103,3.729658,56480.81
18104,3.7303026,56484.54
18105,3.7316363,56488.27
18106,3.7314718,56492.0
18107,3.7313719,56495.73
18108,3.729923,56499.46
18109,3.7299185,56503.19
18110,3.7323828,56506.92
18111,3.7382696,56510.66
18112,3.745727,56514.406
18113,3.7528796,56518.16
18114,3.758742,56521.918
18115,3.761911,56525.68
18116,3.76208,56529.44
18117,3.7619379,56533.203
18118,3.7637353,56536.97
18119,3.7666082,56540.734
18120,3.7665184,56544.5
18121,3.7638304,56548.266
18122,3.764491,56552.03
18123,3.7656713,56555.797
18124,3.765562,56559.562
18125,3.7670352,56563.33
18126,3.767922,56567.098
18127,3.7656207,56570.863
18128,3.7632005,56574.625
18129,3.7614958,56578.387
18130,3.7577085,56582.145
18131,3.752444,56585.9
18132,3.7500598,56589.65
18133,3.751074,56593.4
18134,3.7569678,56597.156
18135,3.7639024,56600.92
18136,3.7702303,56604.69
18137,3.7780938,56608.47
18138,3.7855446,56612.254
18139,3.7902353,56616.043
18140,3.7937164,56619.836
18141,3.7936537,56623.63
18142,3.789616,56627.418
18143,3.7861383,56631.203
18144,3.787001,56634.99
18145,3.7882168,56638.777
18146,3.7901466,56642.566
18147,3.7895675,56646.355
18148,3.784374,56650.14
18149,3.780474,56653.92
18150,3.7786574,56657.7
18151,3.777177,56661.477
18152,3.776723,56665.254
18153,3.777285,56669.03
18154,3.7783606,56672.81
18155,3.778701,56676.586
18156,3.7733688,56680.36
18157,3.7651966,56684.125
18158,3.756517,56687.883
18159,3.7492929,56691.633
18160,3.7436295,56695.375
18161,3.7430825,56699.117
18162,3.7462735,56702.863
18163,3.7504091,56706.613
18164,3.7558007,56710.367
18165,3.7642336,56714.133
18166,3.7712212,56717.902
18167,3.7763379,56721.68
18168,3.780492,56725.46
18169,3.7828581,56729.242
18170,3.780212,56733.023
18171,3.7738967,56736.797
18172,3.7694826,56740.566
18173,3.7671363,56744.332
18174,3.767498,56748.098
18175,3.7694192,56751.867
18176,3.7686892,56755.637
18177,3.7698126,56759.406
18178,3.7741547,56763.18
18179,3.778724,56766.957
18180,3.780498,56770.74
18181,3.7811446,56774.52
18182,3.7800958,56778.3
18183,3.7789285,56782.08
18184,3.775383,56785.85
18185,3.7697134,56789.62
18186,3.7661755,56793.387
18187,3.7625384,56797.15
18188,3.7562435,56800.906
18189,3.7529705,56804.66
18190,3.7555695,56808.414
18191,3.760624,56812.176
18192,3.7668393,56815.94
18193,3.7721865,56819.715
18194,3.7768774,56823.492
18195,3.7818162,56827.273
18196,3.7874792,56831.062
18197,3.7899115,56834.85
18198,3.790734,56838.64
18199,3.7897127,56842.43
18200,3.7902675,56846.22
18201,3.7894673,56850.008
18202,3.7881076,56853.797
18203,3.7836504,56857.582
18204,3.77774,56861.36
18205,3.7754986,56865.137
18206,3.7753136,56868.91
18207,3.7763107,56872.688
18208,3.775481,56876.465
18209,3.7762237,56880.242
18210,3.7791944,56884.02
18211,3.7833395,56887.805
18212,3.7843628,56891.59
18213,3.784798,56895.375
18214,3.7813616,56899.156
18215,3.7739356,56902.93
18216,3.769308,56906.7
18217,3.7670403,56910.465
18218,3.763562,56914.227
18219,3.7582073,56917.984
18220,3.754214,56921.74
18221,3.7528958,56925.492
18222,3.7559862,56929.25
18223,3.7620573,56933.01
18224,3.7681012,56936.78
18225,3.7727852,56940.555
18226,3.77356,56944.33
18227,3.7680385,56948.098
18228,3.7602575,56951.86
18229,3.7552173,56955.613
18230,3.7555165,56959.367
18231,3.7578201,56963.125
18232,3.7574925,56966.883
18233,3.7561736,56970.64
18234,3.7567074,56974.4
18235,3.758886,56978.156
18236,3.7620676,56981.918
18237,3.7653735,56985.684
18238,3.7654269,56989.45
18239,3.763414,56993.21
18240,3.7631655,56996.973
18241,3.768083,57000.742
18242,3.7740664,57004.516
18243,3.7767262,57008.293
18244,3.7754202,57012.07
18245,3.769285,57015.84
18246,3.7612886,57019.6
18247,3.7551043,57023.355
18248,3.751723,57027.105
18249,3.7472408,57030.85
18250,3.7429714,57034.594
18251,3.7410913,57038.336
18252,3.738263,57042.074
18253,3.7370436,57045.812
18254,3.737551,57049.55
18255,3.7403262,57053.293
18256,3.741653,57057.035
18257,3.7441516,57060.78
18258,3.7463305,57064.527
18259,3.7495625,57068.277
18260,3.7565396,57072.035
18261,3.764859,57075.8
18262,3.7729423,57079.574
18263,3.777015,57083.35
18264,3.7739944,57087.125
18265,3.7675712,57090.89
18266,3.7645245,57094.656
18267,3.7638512,57098.42
18268,3.764517,57102.188
18269,3.7639015,57105.953
18270,3.7606714,57109.715
18271,3.75889,57113.473
18272,3.7625875,57117.234
18273,3.7662666,57121.0
18274,3.7703457,57124.77
18275,3.7749481,57128.543
18276,3.7804496,57132.324
18277,3.7838745,57136.11
18278,3.7818341,57139.89
18279,3.7756274,57143.668
18280,3.771064,57147.438
18281,3.7674685,57151.203
18282,3.7645826,57154.97
18283,3.764425,57158.734
18284,3.7639384,57162.5
18285,3.7625277,57166.26
18286,3.7610066,57170.023
18287,3.760277,57173.785
18288,3.759693,57177.543
18289,3.7587109,57181.3
18290,3.7589679,57185.06
18291,3.7582915,57188.816
18292,3.7582011,57192.574
18293,3.7562747,57196.332
18294,3.751697,57200.082
18295,3.7503402,57203.832
18296,3.7533214,57207.586
18297,3.757912,57211.344
18298,3.7579675,57215.1
18299,3.754793,57218.855
18300,3.7529116,57222.61
18301,3.75624,57226.367
18302,3.762747,57230.13
18303,3.7696373,57233.9
18304,3.7756903,57237.676
18305,3.7780888,57241.453
18306,3.7746923,57245.227
18307,3.7683916,57248.996
18308,3.7631896,57252.758
18309,3.7568252,57256.516
18310,3.7514446,57260.266
18311,3.7490392,57264.016
18312,3.7521694,57267.77
18313,3.7560284,57271.527
18314,3.7606893,57275.29
18315,3.7670622,57279.055
18316,3.773765,57282.83
18317,3.7789297,57286.605
18318,3.7826881,57290.387
18319,3.7821245,57294.168
18320,3.7775774,57297.945
18321,3.7719982,57301.72
18322,3.7704666,57305.49
18323,3.7687752,57309.258
18324,3.7677188,57313.027
18325,3.7695675,57316.797
18326,3.7759748,57320.574
18327,3.7823296,57324.355
18328,3.7871718,57328.145
18329,3.7868834,57331.93
18330,3.7851057,57335.715
18331,3.7809448,57339.496
18332,3.7753694,57343.27
18333,3.7697117,57347.04
18334,3.7665231,57350.805
18335,3.7664864,57354.57
18336,3.7672822,57358.336
18337,3.7655787,57362.1
18338,3.7610464,57365.863
18339,3.7545779,57369.617
18340,3.7497158,57373.367
18341,3.7484818,57377.117
18342,3.7465923,57380.863
18343,3.7451134,57384.61
18344,3.7465801,57388.355
18345,3.750756,57392.105
18346,3.7554634,57395.86
18347,3.7590082,57399.617
18348,3.7598262,57403.38
18349,3.7598932,57407.14
18350,3.7602303,57410.902
18351,3.7575395,57414.66
18352,3.7546813,57418.414
18353,3.7526693,57422.168
18354,3.7542882,57425.92
18355,3.757159,57429.68
18356,3.7594466,57433.438
18357,3.7610388,57437.2
18358,3.7620656,57440.96
18359,3.7617013,57444.723
18360,3.7610328,57448.484
18361,3.7620296,57452.246
18362,3.7654774,57456.01
18363,3.7676535,57459.78
18364,3.7687402,57463.55
18365,3.7682192,57467.32
18366,3.7670915,57471.086
18367,3.764531,57474.85
18368,3.7628996,57478.613
18369,3.762118,57482.375
18370,3.7598302,57486.137
18371,3.7562168,57489.895
18372,3.7527275,57493.65
18373,3.7509315,57497.4
18374,3.7491229,57501.15
18375,3.7482522,57504.9
18376,3.7506332,57508.65
18377,3.754617,57512.402
18378,3.7553508,57516.156
18379,3.7540424,57519.91
18380,3.7552173,57523.664
18381,3.7594337,57527.42
18382,3.7591596,57531.18
18383,3.7570534,57534.938
18384,3.7575743,57538.695
18385,3.7600102,57542.457
18386,3.761573,57546.22
18387,3.7601018,57549.98
18388,3.759902,57553.742
18389,3.7607791,57557.504
18390,3.76177,57561.266
18391,3.7640207,57565.03
18392,3.7680078,57568.8
18393,3.7725127,57572.574
18394,3.7767608,57576.35
18395,3.7794368,57580.133
18396,3.7806664,57583.914
18397,3.78063,57587.695
18398,3.7842398,57591.48
18399,3.788063,57595.27
18400,3.787505,57599.06
18401,3.7806647,57602.84
18402,3.7736728,57606.613
18403,3.7706594,57610.383
18404,3.769672,57614.152
18405,3.7661426,57617.918
18406,3.7633336,57621.68
18407,3.7621179,57625.44
18408,3.759138,57629.2
18409,3.7530906,57632.953
18410,3.746886,57636.7
18411,3.7426765,57640.44
18412,3.7412264,57644.184
18413,3.7420952,57647.926
18414,3.7451272,57651.67
18415,3.7499855,57655.42
18416,3.757647,57659.18
18417,3.7646697,57662.945
18418,3.7684631,57666.715
18419,3.7699227,57670.484
18420,3.7707944,57674.254
18421,3.7696438,57678.023
18422,3.7685742,57681.793
18423,3.7682202,57685.562
18424,3.7676399,57689.332
18425,3.7669985,57693.098
18426,3.7676425,57696.867
18427,3.7659187,57700.633
18428,3.755953,57704.39
18429,3.74116,57708.133
18430,3.7324722,57711.867
18431,3.732622,57715.6
18432,3.7371223,57719.34
18433,3.7447784,57723.086
18434,3.7516644,57726.836
18435,3.758542,57730.594
18436,3.763863,57734.36
18437,3.7651923,57738.125
18438,3.7603838,57741.887
18439,3.7533429,57745.64
18440,3.7494705,57749.39
18441,3.7485378,57753.14
18442,3.748156,57756.89
18443,3.751073,57760.64
18444,3.7597444,57764.4
18445,3.7679965,57768.168
18446,3.769454,57771.938
18447,3.7640185,57775.703
18448,3.756565,57779.46
18449,3.7492874,57783.21
18450,3.7434316,57786.953
18451,3.738037,57790.69
18452,3.7326355,57794.426
18453,3.7315412,57798.156
18454,3.7329013,57801.89
18455,3.7350392,57805.625
18456,3.7361891,57809.36
18457,3.7377584,57813.098
18458,3.7360585,57816.832
18459,3.7362936,57820.566
18460,3.7411566,57824.31
18461,3.7487733,57828.06
18462,3.755338,57831.812
18463,3.7604089,57835.574
18464,3.76025,57839.336
18465,3.7579892,57843.094
18466,3.7594018,57846.85
18467,3.7644362,57850.617
18468,3.7683885,57854.387
18469,3.7707777,57858.156
18470,3.774062,57861.93
18471,3.7763293,57865.707
18472,3.7764468,57869.484
18473,3.7748277,57873.258
18474,3.7751453,57877.03
18475,3.776957,57880.81
18476,3.7780516,57884.586
18477,3.7772338,57888.363
18478,3.773893,57892.137
18479,3.769024,57895.906
18480,3.7624779,57899.668
18481,3.756482,57903.426
18482,3.7565167,57907.184
18483,3.7569625,57910.94
18484,3.7544308,57914.695
18485,3.7523527,57918.45
18486,3.7526143,57922.203
18487,3.755976,57925.96
18488,3.7585945,57929.72
18489,3.761757,57933.48
18490,3.7632937,57937.242
18491,3.7628944,57941.004
18492,3.762608,57944.766
18493,3.7629743,57948.527
18494,3.7645302,57952.293
18495,3.7657008,57956.06
18496,3.7695782,57959.83
18497,3.7763972,57963.605
18498,3.7838042,57967.39
18499,3.7863007,57971.176
18500,3.784411,57974.96
18501,3.7818444,57978.742
18502,3.7793896,57982.523
18503,3.776841,57986.3
18504,3.772679,57990.074
18505,3.7682707,57993.844
18506,3.7657998,57997.61
18507,3.7650223,58001.375
18508,3.7617826,58005.137
18509,3.7569966,58008.895
18510,3.7534606,58012.65
18511,3.75335,58016.402
18512,3.7564101,58020.16
18513,3.7608747,58023.92
18514,3.7637377,58027.688
18515,3.7652407,58031.453
18516,3.7634704,58035.215
18517,3.7582552,58038.973
18518,3.7533264,58042.727
18519,3.7497394,58046.477
18520,3.750456,58050.227
18521,3.7539043,58053.98
18522,3.756168,58057.74
18523,3.7541118,58061.492
18524,3.7484028,58065.242
18525,3.7423124,58068.984
18526,3.7394125,58072.723
18527,3.7393594,58076.46
18528,3.7387722,58080.2
18529,3.7398303,58083.938
18530,3.743923,58087.68
18531,3.7502356,58091.43
18532,3.7539775,58095.184
18533,3.7567985,58098.94
18534,3.7600482,58102.703
18535,3.7656043,58106.47
18536,3.7708266,58110.24
18537,3.7727492,58114.01
18538,3.7739792,58117.785
18539,3.7762032,58121.562
18540,3.778253,58125.34
18541,3.7745874,58129.113
18542,3.7679372,58132.883
18543,3.7629917,58136.645
18544,3.760883,58140.406
18545,3.76008,58144.168
18546,3.7605345,58147.93
18547,3.761327,58151.69
18548,3.7644544,58155.457
18549,3.7682576,58159.227
18550,3.7680712,58162.996
18551,3.7631586,58166.758
18552,3.7569213,58170.516
18553,3.7540834,58174.27
18554,3.7548568,58178.023
18555,3.7578225,58181.78
18556,3.7602584,58185.543
18557,3.7622724,58189.305
18558,3.7624626,58193.066
18559,3.7642047,58196.832
18560,3.7655745,58200.598
18561,3.765653,58204.363
18562,3.764446,58208.13
18563,3.7639902,58211.895
18564,3.7656066,58215.66
18565,3.767867,58219.43
18566,3.7699623,58223.2
18567,3.7726033,58226.973
18568,3.7734966,58230.746
18569,3.7736833,58234.52
18570,3.7755117,58238.297
18571,3.7761264,58242.074
18572,3.7759976,58245.85
18573,3.778317,58249.63
18574,3.7823665,58253.41
18575,3.784061,58257.195
18576,3.7823846,58260.977
18577,3.7804587,58264.758
18578,3.7803051,58268.54
18579,3.7831573,58272.32
18580,3.7873604,58276.11
18581,3.78843,58279.9
18582,3.7834413,58283.684
18583,3.7741256,58287.457
18584,3.7635674,58291.22
18585,3.7539284,58294.973
18586,3.7491784,58298.723
18587,3.7517717,58302.473
18588,3.7563248,58306.23
18589,3.7574666,58309.99
18590,3.7585428,58313.746
18591,3.760455,58317.508
18592,3.7607217,58321.27
18593,3.7599301,58325.03
18594,3.759949,58328.793
18595,3.759956,58332.555
18596,3.759074,58336.312
18597,3.7578294,58340.07
18598,3.7559936,58343.83
18599,3.7556207,58347.582
18600,3.7607303,58351.344
18601,3.7677867,58355.113
18602,3.7751431,58358.887
18603,3.7827916,58362.668
18604,3.789584,58366.457
18605,3.792205,58370.25
18606,3.7914746,58374.043
18607,3.7893398,58377.832
18608,3.7880902,58381.62
18609,3.78229,58385.402
18610,3.774166,58389.176
18611,3.7658238,58392.94
18612,3.7564557,58396.7
18613,3.747376,58400.445
18614,3.7437618,58404.188
18615,3.7456653,58407.934
18616,3.748097,58411.684
18617,3.7526393,58415.438
18618,3.753115,58419.19
18619,3.7502143,58422.94
18620,3.7440884,58426.684
18621,3.7383883,58430.42
18622,3.7322798,58434.152
18623,3.7307816,58437.883
18624,3.736906,58441.62
18625,3.7476437,58445.367
18626,3.7538054,58449.12
18627,3.7539084,58452.875
18628,3.751707,58456.625
18629,3.7525651,58460.38
18630,3.7567062,58464.137
18631,3.7600784,58467.9
18632,3.7568002,58471.656
18633,3.751537,58475.406
18634,3.7459981,58479.152
18635,3.742034,58482.895
18636,3.7430694,58486.637
18637,3.7497313,58490.387
18638,3.7581058,58494.145
18639,3.7610915,58497.906
18640,3.7544143,58501.66
18641,3.7473915,58505.406
18642,3.7455926,58509.152
18643,3.745606,58512.9
18644,3.7464676,58516.645
18645,3.7485826,58520.395
18646,3.7509463,58524.145
18647,3.7540212,58527.9
18648,3.754106,58531.652
18649,3.7517595,58535.402
18650,3.7449605,58539.15
18651,3.736762,58542.887
18652,3.7321444,58546.617
18653,3.732116,58550.348
18654,3.7337837,58554.082
18655,3.734532,58557.816
18656,3.7356212,58561.55
18657,3.7388458,58565.29
18658,3.7433379,58569.03
18659,3.7466452,58572.777
18660,3.7508845,58576.527
18661,3.7542117,58580.28
18662,3.75501,58584.035
18663,3.7543266,58587.79
18664,3.7523012,58591.543
18665,3.7498453,58595.293
18666,3.7489233,58599.043
18667,3.7499397,58602.793
18668,3.7530088,58606.547
18669,3.7540252,58610.3
18670,3.7505028,58614.05
18671,3.7467995,58617.797
18672,3.7443163,58621.543
18673,3.7429605,58625.285
18674,3.7436817,58629.027
18675,3.7489772,58632.777
18676,3.7554877,58636.53
18677,3.7585056,58640.29
18678,3.7571719,58644.047
18679,3.7533424,58647.8
18680,3.7505693,58651.55
18681,3.752301,58655.305
18682,3.7585106,58659.062
18683,3.7666216,58662.83
18684,3.769984,58666.598
18685,3.7701738,58670.367
18686,3.7683673,58674.137
18687,3.7667937,58677.902
18688,3.7692428,58681.67
18689,3.770034,58685.44
18690,3.7698567,58689.21
18691,3.769946,58692.98
18692,3.7701597,58696.75
18693,3.7698565,58700.52
18694,3.7701132,58704.29
18695,3.7718499,58708.062
18696,3.7752998,58711.836
18697,3.7769,58715.613
18698,3.7803369,58719.395
18699,3.785042,58723.18
18700,3.7864425,58726.965
18701,3.782544,58730.746
18702,3.7821913,58734.527
18703,3.785213,58738.312
18704,3.7886746,58742.1
18705,3.7897956,58745.89
18706,3.7899177,58749.68
18707,3.7846642,58753.465
18708,3.7750328,58757.24
18709,3.7640545,58761.004
18710,3.75749,58764.76
18711,3.754562,58768.516
18712,3.7553928,58772.27
18713,3.7594213,58776.027
18714,3.761842,58779.79
18715,3.763879,58783.555
18716,3.7625961,58787.316
18717,3.7605247,58791.08
18718,3.7622335,58794.84
18719,3.7670684,58798.605
18720,3.769064,58802.375
18721,3.7678204,58806.145
18722,3.7643478,58809.91
18723,3.7628524,58813.67
18724,3.762747,58817.434
18725,3.7630627,58821.195
18726,3.7656863,58824.96
18727,3.7702942,58828.73
18728,3.772395,58832.504
18729,3.7719018,58836.277
18730,3.7695358,58840.047
18731,3.7662172,58843.812
18732,3.7637084,58847.58
18733,3.7603636,58851.34
18734,3.758592,58855.098
18735,3.7591934,58858.855
18736,3.7614305,58862.617
18737,3.7629611,58866.38
18738,3.7630894,58870.14
18739,3.7628849,58873.902
18740,3.7640042,58877.668
18741,3.7644765,58881.434
18742,3.7631352,58885.195
18743,3.7627454,58888.957
18744,3.764374,58892.723
18745,3.7646348,58896.49
18746,3.7670443,58900.254
18747,3.768742,58904.023
18748,3.766909,58907.79
18749,3.7634544,58911.55
18750,3.7636364,58915.312
18751,3.7622714,58919.074
18752,3.757072,58922.832
18753,3.7516034,58926.582
18754,3.7465696,58930.33
18755,3.7447994,58934.074
18756,3.744711,58937.82
18757,3.7444148,58941.566
18758,3.7443936,58945.312
18759,3.74654,58949.06
18760,3.7445896,58952.805
18761,3.7412581,58956.547
18762,3.7391143,58960.285
18763,3.7409444,58964.027
18764,3.7441516,58967.773
18765,3.7479587,58971.52
18766,3.753938,58975.273
18767,3.7609198,58979.035
18768,3.7632887,58982.797
18769,3.7606647,58986.56
18770,3.75874,58990.316
18771,3.7570314,58994.074
18772,3.7532363,58997.83
18773,3.7495341,59001.58
18774,3.7493865,59005.33
18775,3.750456,59009.08
18776,3.750649,59012.83
18777,3.748541,59016.58
18778,3.747998,59020.324
18779,3.7496219,59024.074
18780,3.7545536,59027.83
18781,3.760229,59031.59
18782,3.7654018,59035.355
18783,3.769111,59039.125
18784,3.7707565,59042.895
18785,3.7702456,59046.664
18786,3.7700603,59050.434
18787,3.7681146,59054.203
18788,3.7674603,59057.97
18789,3.7668028,59061.734
18790,3.7642388,59065.5
18791,3.7616863,59069.26
18792,3.7616549,59073.023
18793,3.7602108,59076.785
18794,3.7559428,59080.543
18795,3.7500882,59084.293
18796,3.7469494,59088.04
18797,3.7453144,59091.785
18798,3.7419698,59095.527
18799,3.7373645,59099.266
18800,3.7347434,59103.0
18801,3.7361038,59106.734
18802,3.7414005,59110.477
18803,3.7458346,59114.223
18804,3.7471797,59117.97
18805,3.7503731,59121.72
18806,3.7542686,59125.473
18807,3.755393,59129.227
18808,3.7555065,59132.98
18809,3.7564075,59136.74
18810,3.755643,59140.492
18811,3.7503445,59144.242
18812,3.7459934,59147.99
18813,3.7445898,59151.734
18814,3.7434187,59155.477
18815,3.7416155,59159.22
18816,3.74252,59162.96
18817,3.7457151,59166.707
18818,3.746104,59170.453
18819,3.7450147,59174.2
18820,3.7433662,59177.94
18821,3.743595,59181.684
18822,3.7481444,59185.434
18823,3.7549336,59189.188
18824,3.75715,59192.945
18825,3.7555342,59196.7
18826,3.7510862,59200.45
18827,3.7458096,59204.195
18828,3.7427626,59207.938
18829,3.742909,59211.68
18830,3.74658,59215.426
18831,3.7542508,59219.18
18832,3.7605703,59222.94
18833,3.7608325,59226.703
18834,3.7555683,59230.457
18835,3.7517183,59234.207
18836,3.7526126,59237.96
18837,3.751584,59241.71
18838,3.746435,59245.457
18839,3.740176,59249.195
18840,3.7363832,59252.934
18841,3.737635,59256.67
18842,3.7438872,59260.414
18843,3.7531264,59264.168
18844,3.759994,59267.93
18845,3.764557,59271.695
18846,3.7665377,59275.46
18847,3.7701607,59279.23
18848,3.7751036,59283.004
18849,3.7766063,59286.78
18850,3.7754104,59290.56
18851,3.77384,59294.332
18852,3.7710564,59298.1
18853,3.7661848,59301.867
18854,3.761076,59305.63
18855,3.7572174,59309.387
18856,3.7533438,59313.14
18857,3.7492018,59316.89
18858,3.7479653,59320.637
18859,3.752929,59324.39
18860,3.7577236,59328.15
18861,3.759757,59331.906
18862,3.7583232,59335.664
18863,3.7573583,59339.42
18864,3.7576513,59343.18
18865,3.7595263,59346.938
18866,3.7615566,59350.7
18867,3.7632046,59354.46
18868,3.768878,59358.23
18869,3.775125,59362.004
18870,3.7748773,59365.777
18871,3.7704206,59369.547
18872,3.7687094,59373.316
18873,3.771632,59377.09
18874,3.7776108,59380.867
18875,3.782012,59384.65
18876,3.7815313,59388.43
18877,3.7774377,59392.207
18878,3.7704852,59395.977
18879,3.7599895,59399.74
18880,3.749732,59403.49
18881,3.744714,59407.234
18882,3.7449465,59410.98
18883,3.7488475,59414.73
18884,3.7550433,59418.484
18885,3.7614892,59422.246
18886,3.765452,59426.01
18887,3.7673056,59429.777
18888,3.7690463,59433.547
18889,3.7732434,59437.32
18890,3.77577,59441.098
18891,3.7710698,59444.867
18892,3.764957,59448.633
18893,3.7634761,59452.395
18894,3.7646785,59456.16
18895,3.7623978,59459.92
18896,3.760932,59463.684
18897,3.7606912,59467.445
18898,3.7609007,59471.207
18899,3.761899,59474.97
18900,3.7639363,59478.734
18901,3.7673953,59482.5
18902,3.7732196,59486.273
18903,3.776941,59490.05
18904,3.778317,59493.83
18905,3.7776794,59497.605
18906,3.7742476,59501.38
18907,3.7676947,59505.15
18908,3.761545,59508.91
18909,3.7563238,59512.668
18910,3.7561333,59516.426
18911,3.7590847,59520.184
18912,3.760425,59523.945
18913,3.7614436,59527.707
18914,3.762015,59531.47
18915,3.7619803,59535.23
18916,3.759824,59538.992
18917,3.7569509,59542.75
18918,3.7557847,59546.504
18919,3.7538137,59550.258
18920,3.7488387,59554.008
18921,3.7429824,59557.75
18922,3.74044,59561.492
18923,3.7410543,59565.234
18924,3.7461553,59568.98
18925,3.7508578,59572.73
18926,3.7494152,59576.48
18927,3.7463262,59580.227
18928,3.745786,59583.973
18929,3.749623,59587.723
18930,3.7556524,59591.477
18931,3.7620037,59595.24
18932,3.7639534,59599.004
18933,3.7610347,59602.766
18934,3.7544622,59606.52
18935,3.7492492,59610.27
18936,3.7502828,59614.02
18937,3.7532341,59617.773
18938,3.7537336,59621.527
18939,3.7540054,59625.28
18940,3.7521245,59629.035
18941,3.7482772,59632.785
18942,3.744521,59636.53
18943,3.7461963,59640.277
18944,3.753405,59644.03
18945,3.7594528,59647.79
18946,3.762481,59651.55
18947,3.767696,59655.32
18948,3.7727184,59659.094
18949,3.775057,59662.867
18950,3.774678,59666.64
18951,3.7728539,59670.414
18952,3.769451,59674.184
18953,3.766989,59677.95
18954,3.7693367,59681.72
18955,3.7722223,59685.492
18956,3.7695568,59689.26
18957,3.7638905,59693.027
18958,3.7590582,59696.785
18959,3.7581441,59700.543
18960,3.760856,59704.305
18961,3.765317,59708.07
18962,3.7679095,59711.84
18963,3.7667751,59715.605
18964,3.7647634,59719.37
18965,3.7670162,59723.137
18966,3.7727096,59726.91
18967,3.7760937,59730.688
18968,3.777051,59734.465
18969,3.7781818,59738.242
18970,3.776583,59742.02
18971,3.7716205,59745.793
18972,3.767941,59749.562
18973,3.7681386,59753.332
18974,3.772063,59757.105
18975,3.7758758,59760.883
18976,3.7753756,59764.656
18977,3.7722464,59768.43
18978,3.765632,59772.195
18979,3.760451,59775.957
18980,3.7604387,59779.72
18981,3.7622552,59783.48
18982,3.7605274,59787.242
18983,3.7590954,59791.0
18984,3.7573357,59794.758
18985,3.7552612,59798.51
18986,3.7541113,59802.266
18987,3.755844,59806.02
18988,3.7572024,59809.777
18989,3.7591734,59813.535
18990,3.7591305,59817.293
18991,3.7578387,59821.05
18992,3.7541187,59824.805
18993,3.7531154,59828.56
18994,3.753062,59832.312
18995,3.7537858,59836.066
18996,3.7530785,59839.82
18997,3.749407,59843.57
18998,3.7431555,59847.312
18999,3.7383482,59851.05
19000,3.7374976,59854.79
19001,3.7393675,59858.527
19002,3.7414458,59862.27
19003,3.7436998,59866.01
19004,3.7471545,59869.758
19005,3.7528594,59873.51
19006,3.7578042,59877.27
19007,3.7629678,59881.03
19008,3.770323,59884.8
19009,3.7772348,59888.58
19010,3.783081,59892.36
19011,3.7851937,59896.145
19012,3.786265,59899.93
19013,3.7845693,59903.715
19014,3.7827475,59907.496
19015,3.7823796,59911.277
19016,3.7847056,59915.062
19017,3.7830098,59918.844
19018,3.7802763,59922.625
19019,3.777113,59926.402
19020,3.775565,59930.18
19021,3.7726636,59933.953
19022,3.7674146,59937.72
19023,3.763051,59941.48
19024,3.7606103,59945.242
19025,3.7599828,59949.004
19026,3.7605674,59952.766
19027,3.7621465,59956.527
19028,3.763077,59960.29
19029,3.7662108,59964.055
19030,3.7673745,59967.82
19031,3.7672904,59971.586
19032,3.7687542,59975.355
19033,3.7713966,59979.125
19034,3.7734141,59982.9
19035,3.7753778,59986.67
19036,3.777291,59990.45
19037,3.777081,59994.227
19038,3.7763166,59998.004
19039,3.7733705,60001.777
19040,3.770084,60005.547
19041,3.7678752,60009.316
19042,3.7651079,60013.082
19043,3.7645113,60016.848
19044,3.7696416,60020.617
19045,3.775841,60024.395
19046,3.7789447,60028.17
19047,3.7790587,60031.95
19048,3.7818136,60035.73
19049,3.7875984,60039.52
19050,3.791221,60043.312
19051,3.7885098,60047.1
19052,3.779794,60050.883
19053,3.7690823,60054.652
19054,3.76408,60058.418
19055,3.7638304,60062.184
19056,3.76386,60065.95
19057,3.760896,60069.71
19058,3.7566745,60073.47
19059,3.7506871,60077.22
19060,3.7451339,60080.965
19061,3.742848,60084.707
19062,3.743053,60088.45
19063,3.744735,60092.195
19064,3.7475936,60095.94
19065,3.7522485,60099.695
19066,3.7558813,60103.453
19067,3.7596188,60107.21
19068,3.7628863,60110.973
19069,3.7652824,60114.74
19070,3.7639923,60118.504
19071,3.7621822,60122.266
19072,3.7621946,60126.027
19073,3.7629738,60129.79
19074,3.765128,60133.555
19075,3.7679222,60137.324
19076,3.7683706,60141.094
19077,3.7634044,60144.855
19078,3.7559288,60148.613
19079,3.7517037,60152.363
19080,3.7509565,60156.113
19081,3.75109,60159.863
19082,3.7497377,60163.613
19083,3.7479866,60167.36
19084,3.7474477,60171.105
19085,3.7484841,60174.855
19086,3.7493367,60178.605
19087,3.7512348,60182.355
19088,3.753428,60186.11
19089,3.75595,60189.867
19090,3.7588403,60193.625
19091,3.7609227,60197.387
19092,3.758272,60201.145
19093,3.7551258,60204.9
19094,3.7580438,60208.656
19095,3.7669735,60212.42
19096,3.7742622,60216.195
19097,3.7767186,60219.973
19098,3.7785907,60223.75
19099,3.7798908,60227.53
19100,3.7828963,60231.312
19101,3.7829382,60235.094
19102,3.7819884,60238.875
19103,3.7815468,60242.656
19104,3.7844179,60246.44
19105,3.7880664,60250.23
19106,3.789878,60254.02
19107,3.79092,60257.81
19108,3.7949224,60261.605
19109,3.7989612,60265.406
19110,3.797706,60269.203
19111,3.7932,60272.996
19112,3.7897334,60276.785
19113,3.7851794,60280.57
19114,3.781541,60284.35
19115,3.7772787,60288.13
19116,3.7730062,60291.902
19117,3.7715192,60295.676
19118,3.770906,60299.445
19119,3.7695096,60303.215
19120,3.767231,60306.98
19121,3.7631547,60310.742
19122,3.7600121,60314.504
19123,3.7583265,60318.26
19124,3.7571113,60322.02
19125,3.7556992,60325.773
19126,3.7548218,60329.527
19127,3.754702,60333.28
19128,3.7553484,60337.035
19129,3.757902,60340.793
19130,3.7628908,60344.555
19131,3.7683008,60348.324
19132,3.7722828,60352.098
19133,3.7750654,60355.87
19134,3.775067,60359.645
19135,3.7731106,60363.418
19136,3.772765,60367.19
19137,3.7749488,60370.965
19138,3.7784348,60374.742
19139,3.7820103,60378.523
19140,3.7860167,60382.31
19141,3.7865493,60386.094
19142,3.7835934,60389.88
19143,3.782463,60393.66
19144,3.788336,60397.45
19145,3.7941175,60401.242
19146,3.792208,60405.035
19147,3.7836413,60408.82
19148,3.7754693,60412.598
19149,3.7710867,60416.367
19150,3.773019,60420.14
19151,3.776495,60423.918
19152,3.7786355,60427.695
19153,3.779001,60431.473
19154,3.777781,60435.25
19155,3.7716048,60439.023
19156,3.7593417,60442.78
19157,3.7472992,60446.527
19158,3.743098,60450.27
19159,3.7476504,60454.016
19160,3.755937,60457.773
19161,3.7629635,60461.535
19162,3.766637,60465.3
19163,3.7694316,60469.07
19164,3.772715,60472.844
19165,3.77567,60476.62
19166,3.7754214,60480.4
19167,3.77271,60484.17
19168,3.7701972,60487.94
19169,3.7688801,60491.71
19170,3.7676382,60495.48
19171,3.7670102,60499.246
19172,3.7662988,60503.01
19173,3.7638135,60506.777
19174,3.7647839,60510.543
19175,3.7688413,60514.312
19176,3.7703865,60518.082
19177,3.7708414,60521.85
19178,3.771848,60525.625
19179,3.7741997,60529.4
19180,3.7784011,60533.176
19181,3.7815607,60536.957
19182,3.780529,60540.74
19183,3.7751236,60544.51
19184,3.7671673,60548.277
19185,3.76042,60552.04
19186,3.7561407,60555.797
19187,3.753995,60559.55
19188,3.75277,60563.305
19189,3.7540896,60567.06
19190,3.7574644,60570.816
19191,3.7590816,60574.574
19192,3.7616165,60578.336
19193,3.7638927,60582.1
19194,3.764981,60585.867
19195,3.7650118,60589.633
19196,3.7647636,60593.4
19197,3.7650235,60597.164
19198,3.7676468,60600.934
19199,3.7700872,60604.703
19200,3.7689476,60608.473
19201,3.7629478,60612.234
19202,3.7557623,60615.99
19203,3.751328,60619.74
19204,3.752232,60623.492
19205,3.7528613,60627.246
19206,3.7477155,60630.992
19207,3.7424169,60634.734
19208,3.7375185,60638.473
19209,3.7355034,60642.207
19210,3.7368786,60645.945
19211,3.7387881,60649.684
19212,3.7407687,60653.426
19213,3.743618,60657.168
19214,3.746725,60660.914
19215,3.7509181,60664.664
19216,3.754617,60668.418
19217,3.7577984,60672.176
19218,3.7594652,60675.934
19219,3.7582533,60679.69
19220,3.7525609,60683.445
19221,3.7482128,60687.195
19222,3.7460222,60690.94
19223,3.7445548,60694.688
19224,3.7450528,60698.434
19225,3.7497897,60702.184
19226,3.7546017,60705.938
19227,3.7577484,60709.695
19228,3.7579744,60713.453
19229,3.7555423,60717.207
19230,3.7533255,60720.96
19231,3.7563107,60724.72
19232,3.763812,60728.484
19233,3.769489,60732.254
19234,3.7694037,60736.023
19235,3.7673244,60739.79
19236,3.7669113,60743.555
19237,3.7668133,60747.32
19238,3.7672904,60751.086
19239,3.7659793,60754.85
19240,3.7624478,60758.613
19241,3.7589405,60762.37
19242,3.759777,60766.133
19243,3.7624927,60769.895
19244,3.7634912,60773.656
19245,3.760028,60777.418
19246,3.754253,60781.17
19247,3.7504585,60784.92
19248,3.7528677,60788.676
19249,3.7565315,60792.434
19250,3.7584834,60796.19
19251,3.7600212,60799.953
19252,3.7619858,60803.715
19253,3.7642887,60807.48
19254,3.7661386,60811.246
19255,3.7674415,60815.01
19256,3.7650554,60818.777
19257,3.7619777,60822.54
19258,3.7609506,60826.3
19259,3.7604337,60830.062
19260,3.7586424,60833.82
19261,3.7586088,60837.58
19262,3.7589786,60841.336
19263,3.7594578,60845.094
19264,3.7600691,60848.855
19265,3.75857,60852.613
19266,3.7568908,60856.37
19267,3.7587106,60860.13
19268,3.763546,60863.89
19269,3.7666018,60867.656
19270,3.7634258,60871.418
19271,3.7612953,60875.18
19272,3.7647128,60878.945
19273,3.7699864,60882.715
19274,3.7744946,60886.49
19275,3.7774432,60890.266
19276,3.779444,60894.047
19277,3.7786322,60897.824
19278,3.7778065,60901.6
19279,3.7763603,60905.38
19280,3.7743025,60909.152
19281,3.7739992,60912.926
19282,3.777416,60916.703
19283,3.7792437,60920.48
19284,3.779855,60924.26
19285,3.782435,60928.043
19286,3.7846377,60931.83
19287,3.7832782,60935.613
19288,3.7790256,60939.39
19289,3.7735305,60943.164
19290,3.7688634,60946.934
19291,3.7681491,60950.703
19292,3.7760265,60954.48
19293,3.7861178,60958.266
19294,3.7905145,60962.055
19295,3.7890136,60965.844
19296,3.7819078,60969.625
19297,3.7750638,60973.4
19298,3.772499,60977.17
19299,3.7688153,60980.94
19300,3.7634914,60984.703
19301,3.7602463,60988.465
19302,3.7612057,60992.227
19303,3.764251,60995.992
19304,3.7686622,60999.76
19305,3.775831,61003.54
19306,3.7815197,61007.32
19307,3.7835944,61011.105
19308,3.7842948,61014.89
19309,3.784423,61018.676
19310,3.785476,61022.46
19311,3.786335,61026.246
19312,3.7868805,61030.03
19313,3.7887979,61033.82
19314,3.7932935,61037.613
19315,3.795765,61041.41
19316,3.7944787,61045.203
19317,3.7896407,61048.992
19318,3.7858293,61052.777
19319,3.7816195,61056.56
19320,3.772969,61060.332
19321,3.7634432,61064.094
19322,3.7587261,61067.85
19323,3.759126,61071.61
19324,3.7638128,61075.375
19325,3.769756,61079.145
19326,3.771589,61082.918
19327,3.7733202,61086.69
19328,3.7773867,61090.47
19329,3.7781498,61094.246
19330,3.7722595,61098.02
19331,3.7638915,61101.785
19332,3.7599297,61105.547
19333,3.7583377,61109.305
19334,3.7580538,61113.062
19335,3.7548642,61116.816
19336,3.7464235,61120.562
19337,3.7391956,61124.3
19338,3.7366478,61128.04
19339,3.7375176,61131.777
19340,3.7359123,61135.51
19341,3.7352846,61139.246
19342,3.7381234,61142.984
19343,3.7439,61146.727
19344,3.7502844,61150.477
19345,3.7561297,61154.234
19346,3.7595818,61157.992
19347,3.7631712,61161.754
19348,3.7678516,61165.523
19349,3.7735524,61169.297
19350,3.7790627,61173.074
19351,3.7810445,61176.855
19352,3.7773502,61180.633
19353,3.7709837,61184.402
19354,3.768036,61188.17
19355,3.7651105,61191.938
19356,3.7613323,61195.7
19357,3.7563066,61199.457
19358,3.7522273,61203.21
19359,3.7514987,61206.96
19360,3.75499,61210.715
19361,3.7595298,61214.473
19362,3.763878,61218.24
19363,3.7648609,61222.004
19364,3.763861,61225.77
19365,3.7610924,61229.53
19366,3.7573993,61233.29
19367,3.7501855,61237.04
19368,3.7430894,61240.78
19369,3.7403975,61244.523
19370,3.7417548,61248.266
19371,3.746896,61252.01
19372,3.750662,61255.76
19373,3.752989,61259.516
19374,3.7541292,61263.27
19375,3.7546012,61267.023
19376,3.753677,61270.777
19377,3.7526262,61274.53
19378,3.7537746,61278.285
19379,3.7560546,61282.043
19380,3.7570808,61285.8
19381,3.7584276,61289.56
19382,3.7584279,61293.316
19383,3.7602596,61297.08
19384,3.763201,61300.84
19385,3.7653384,61304.605
19386,3.767013,61308.37
19387,3.770909,61312.14
19388,3.773814,61315.914
19389,3.776665,61319.69
19390,3.7796423,61323.473
19391,3.7821147,61327.254
19392,3.7796862,61331.035
19393,3.7749808,61334.81
19394,3.774751,61338.582
19395,3.7770026,61342.36
19396,3.7804973,61346.14
19397,3.7820675,61349.92
19398,3.7816513,61353.703
19399,3.7785785,61357.48
19400,3.776383,61361.258
19401,3.7733045,61365.03
19402,3.7698686,61368.8
19403,3.7674856,61372.566
19404,3.7705138,61376.336
19405,3.776566,61380.113
19406,3.783006,61383.895
19407,3.789088,61387.684
19408,3.7906003,61391.473
19409,3.7864676,61395.258
19410,3.7782345,61399.035
19411,3.7671056,61402.8
19412,3.7605386,61406.562
19413,3.7601628,61410.324
19414,3.7644348,61414.09
19415,3.770469,61417.86
19416,3.7748184,61421.633
19417,3.7777944,61425.41
19418,3.7756798,61429.188
19419,3.770858,61432.957
19420,3.769535,61436.727
19421,3.7707481,61440.496
19422,3.7722523,61444.27
19423,3.7737155,61448.043
19424,3.7677565,61451.812
19425,3.7605379,61455.574
19426,3.758296,61459.332
19427,3.7578192,61463.09
19428,3.7554965,61466.844
19429,3.7522664,61470.598
19430,3.7510588,61474.348
19431,3.7551892,61478.1
19432,3.7628157,61481.863
19433,3.7723842,61485.637
19434,3.7801178,61489.418
19435,3.783961,61493.203
19436,3.783215,61496.99
19437,3.7779875,61500.766
19438,3.7689993,61504.535
19439,3.7606964,61508.297
19440,3.7584558,61512.055
19441,3.7583904,61515.812
19442,3.7578268,61519.57
19443,3.757559,61523.33
19444,3.7583272,61527.086
19445,3.75973,61530.844
19446,3.7613897,61534.605
19447,3.7630615,61538.367
19448,3.7644067,61542.133
19449,3.763999,61545.9
19450,3.7625704,61549.66
19451,3.7607045,61553.42
19452,3.7606204,61557.184
19453,3.7601438,61560.945
19454,3.7587533,61564.703
19455,3.7565417,61568.46
19456,3.7521176,61572.215
19457,3.7460043,61575.96
19458,3.7421892,61579.703
19459,3.742627,61583.445
19460,3.7446434,61587.19
19461,3.747065,61590.938
19462,3.7479825,61594.684
19463,3.747341,61598.43
19464,3.745374,61602.176
19465,3.746176,61605.92
19466,3.748812,61609.67
19467,3.751062,61613.42
19468,3.7485473,61617.17
19469,3.7406268,61620.914
19470,3.7332518,61624.65
19471,3.7293935,61628.38
19472,3.7266881,61632.105
19473,3.7269905,61635.832
19474,3.7296789,61639.562
19475,3.737225,61643.3
19476,3.7448523,61647.047
19477,3.7495906,61650.797
19478,3.7496603,61654.547
19479,3.7504985,61658.297
19480,3.7521572,61662.05
19481,3.7545526,61665.805
19482,3.754917,61669.56
19483,3.7576246,61673.316
19484,3.763399,61677.08
19485,3.766407,61680.844
19486,3.767427,61684.61
19487,3.768752,61688.38
19488,3.7703989,61692.15
19489,3.773734,61695.92
19490,3.7771504,61699.7
19491,3.7810845,61703.48
19492,3.7812572,61707.26
19493,3.7796285,61711.043
19494,3.7807639,61714.824
19495,3.78135,61718.605
19496,3.7809203,61722.387
19497,3.778387,61726.164
19498,3.7755363,61729.94
19499,3.772547,61733.715
19500,3.7722447,61737.49
19501,3.7746828,61741.26
19502,3.7760744,61745.04
19503,3.7760494,61748.816
19504,3.779912,61752.598
19505,3.785601,61756.383
19506,3.790168,61760.17
19507,3.791203,61763.965
19508,3.7879622,61767.754
19509,3.782503,61771.535
19510,3.7795622,61775.316
19511,3.7798276,61779.098
19512,3.782179,61782.88
19513,3.7814054,61786.66
19514,3.7777073,61790.438
19515,3.7769215,61794.215
19516,3.7805977,61797.996
19517,3.7845318,61801.78
19518,3.788444,61805.57
19519,3.794294,61809.363
19520,3.7999065,61813.164
19521,3.8048112,61816.97
19522,3.8048458,61820.773
19523,3.8024838,61824.574
19524,3.8029528,61828.38
19525,3.8048625,61832.184
19526,3.8061702,61835.99
19527,3.803855,61839.793
19528,3.7970421,61843.59
19529,3.7893286,61847.38
19530,3.7836764,61851.164
19531,3.7811327,61854.945
19532,3.7801251,61858.727
19533,3.7791717,61862.504
19534,3.7763503,61866.28
19535,3.7725396,61870.055
19536,3.7724743,61873.83
19537,3.775089,61877.6
19538,3.7764862,61881.38
19539,3.7764425,61885.156
19540,3.7758682,61888.934
19541,3.7713351,61892.703
19542,3.762733,61896.465
19543,3.7531936,61900.22
19544,3.7455728,61903.965
19545,3.7418056,61907.707
19546,3.7454512,61911.453
19547,3.7540855,61915.207
19548,3.7578197,61918.965
19549,3.7580268,61922.723
19550,3.7563314,61926.48
19551,3.7546818,61930.234
19552,3.7557018,61933.99
19553,3.758061,61937.746
19554,3.7602162,61941.508
19555,3.7593648,61945.266
19556,3.757028,61949.023
19557,3.7532337,61952.777
19558,3.747472,61956.523
19559,3.7424035,61960.266
19560,3.7372534,61964.004
19561,3.7327583,61967.74
19562,3.733258,61971.473
19563,3.7421331,61975.215
19564,3.7505658,61978.965
19565,3.7540514,61982.72
19566,3.753769,61986.473
19567,3.7536,61990.227
19568,3.751511,61993.977
19569,3.749587,61997.727
19570,3.7505202,62001.477
19571,3.7490833,62005.227
19572,3.7433963,62008.97
19573,3.7384756,62012.707
19574,3.7372236,62016.445
19575,3.7366087,62020.184
19576,3.7333858,62023.918
19577,3.7315097,62027.65
19578,3.736044,62031.383
19579,3.747902,62035.13
19580,3.7611308,62038.89
19581,3.7725658,62042.664
19582,3.780656,62046.445
19583,3.784946,62050.23
19584,3.7863522,62054.016
19585,3.7823646,62057.797
19586,3.7798696,62061.58
19587,3.7823737,62065.36
19588,3.7866058,62069.145
19589,3.7855718,62072.93
19590,3.783146,62076.71
19591,3.780529,62080.492
19592,3.7806485,62084.273
19593,3.782123,62088.055
19594,3.7812593,62091.836
19595,3.778643,62095.613
19596,3.7797,62099.395
19597,3.783733,62103.18
19598,3.784276,62106.965
19599,3.7808218,62110.746
19600,3.775793,62114.523
19601,3.7730043,62118.297
19602,3.7731633,62122.07
19603,3.7744336,62125.844
19604,3.7752624,62129.617
19605,3.7786639,62133.395
19606,3.7855127,62137.18
19607,3.7903264,62140.97
19608,3.788583,62144.758
19609,3.7836885,62148.543
19610,3.7777977,62152.32
19611,3.7710662,62156.09
19612,3.7641547,62159.855
19613,3.7591057,62163.613
19614,3.7588768,62167.37
19615,3.7597225,62171.13
19616,3.7592187,62174.887
19617,3.7579043,62178.645
19618,3.7555707,62182.4
19619,3.7575414,62186.156
19620,3.7651,62189.92
19621,3.773788,62193.695
19622,3.782318,62197.477
19623,3.7885473,62201.266
19624,3.7898839,62205.055
19625,3.7883399,62208.844
19626,3.782364,62212.625
19627,3.770509,62216.395
19628,3.7598295,62220.156
19629,3.7550182,62223.91
19630,3.7583044,62227.668
19631,3.7629979,62231.43
19632,3.7664318,62235.195
19633,3.7668843,62238.96
19634,3.764674,62242.727
19635,3.7607,62246.49
19636,3.7592578,62250.246
19637,3.7599378,62254.008
19638,3.762629,62257.77
19639,3.766082,62261.535
19640,3.7707326,62265.305
19641,3.7766707,62269.082
19642,3.7845073,62272.867
19643,3.789833,62276.656
19644,3.7905807,62280.445
19645,3.788674,62284.234
19646,3.789008,62288.023
19647,3.785595,62291.81
19648,3.7748027,62295.582
19649,3.7598147,62299.344
19650,3.7498183,62303.094
19651,3.7481499,62306.844
19652,3.751127,62310.594
19653,3.756408,62314.35
19654,3.7558272,62318.105
19655,3.7525442,62321.86
19656,3.7554932,62325.613
19657,3.7631886,62329.375
19658,3.7683895,62333.145
19659,3.7703207,62336.914
19660,3.7662292,62340.68
19661,3.7628515,62344.44
19662,3.7646027,62348.207
19663,3.7708595,62351.977
19664,3.7748113,62355.75
19665,3.7746553,62359.523
19666,3.77533,62363.297
19667,3.7793953,62367.08
19668,3.782055,62370.86
19669,3.7786214,62374.637
19670,3.7737508,62378.41
19671,3.770098,62382.18
19672,3.7687032,62385.95
19673,3.768798,62389.72
19674,3.7687697,62393.49
19675,3.7682261,62397.258
19676,3.765782,62401.023
19677,3.760022,62404.785
19678,3.7538214,62408.54
19679,3.7511797,62412.29
19680,3.7544658,62416.043
19681,3.7618437,62419.805
19682,3.7682674,62423.574
19683,3.7714248,62427.344
19684,3.7722979,62431.117
19685,3.7725854,62434.89
19686,3.771902,62438.664
19687,3.7722073,62442.438
19688,3.7714458,62446.207
19689,3.7658584,62449.973
19690,3.7611406,62453.734
19691,3.7600403,62457.496
19692,3.7620876,62461.258
19693,3.7647579,62465.023
19694,3.7653985,62468.79
19695,3.7650535,62472.555
19696,3.7682412,62476.324
19697,3.7738996,62480.098
19698,3.7757616,62483.875
19699,3.7736723,62487.65
19700,3.769512,62491.418
19701,3.7669227,62495.184
19702,3.7665243,62498.95
19703,3.7657945,62502.715
19704,3.7658145,62506.48
19705,3.7676766,62510.25
19706,3.7682583,62514.02
19707,3.7652407,62517.785
19708,3.7579827,62521.543
19709,3.750075,62525.293
19710,3.7470226,62529.04
19711,3.749461,62532.79
19712,3.7566867,62536.547
19713,3.7674015,62540.312
19714,3.7717874,62544.086
19715,3.7734823,62547.86
19716,3.7740948,62551.633
19717,3.7741973,62555.406
19718,3.7756774,62559.184
19719,3.7755303,62562.96
19720,3.773923,62566.734
19721,3.771357,62570.504
19722,3.7707791,62574.273
19723,3.7722914,62578.047
19724,3.7747962,62581.82
19725,3.7767901,62585.598
19726,3.7763853,62589.375
19727,3.7734747,62593.15
19728,3.771067,62596.918
19729,3.7697132,62600.688
19730,3.7685678,62604.457
19731,3.766205,62608.223
19732,3.7651007,62611.99
19733,3.7637343,62615.754
19734,3.7594237,62619.51
19735,3.7551985,62623.266
19736,3.7549384,62627.02
19737,3.758182,62630.777
19738,3.7620192,62634.54
19739,3.765028,62638.305
19740,3.7657492,62642.07
19741,3.7655416,62645.836
19742,3.763796,62649.6
19743,3.762814,62653.363
19744,3.7623935,62657.125
19745,3.7595592,62660.883
19746,3.7537205,62664.637
19747,3.7471185,62668.383
19748,3.7400777,62672.12
19749,3.735994,62675.855
19750,3.7339516,62679.59
19751,3.7349477,62683.324
19752,3.7335262,62687.06
19753,3.7315147,62690.79
19754,3.7331433,62694.523
19755,3.7403708,62698.266
19756,3.7493231,62702.016
19757,3.7588737,62705.773
19758,3.7660327,62709.54
19759,3.7724173,62713.312
19760,3.775535,62717.09
19761,3.7773976,62720.867
19762,3.7782032,62724.645
19763,3.776608,62728.42
19764,3.7752292,62732.195
19765,3.7755454,62735.973
19766,3.7782211,62739.75
19767,3.778136,62743.527
19768,3.7754195,62747.305
19769,3.772305,62751.08
19770,3.771514,62754.85
19771,3.7716424,62758.625
19772,3.7736297,62762.4
19773,3.7727184,62766.17
19774,3.7681847,62769.94
19775,3.762963,62773.703
19776,3.7606676,62777.465
19777,3.7626746,62781.227
19778,3.7667258,62784.992
19779,3.7715366,62788.766
19780,3.7719862,62792.54
19781,3.7687933,62796.31
19782,3.7660067,62800.074
19783,3.7651181,62803.84
19784,3.7666922,62807.605
19785,3.7687805,62811.375
19786,3.7698388,62815.145
19787,3.770768,62818.914
19788,3.7720327,62822.688
19789,3.7721574,62826.46
19790,3.7710712,62830.23
19791,3.7698026,62834.0
19792,3.7697575,62837.77
19793,3.7714868,62841.543
19794,3.7740884,62845.316
19795,3.7778745,62849.094
19796,3.7832909,62852.88
19797,3.7875404,62856.668
19798,3.784918,62860.453
19799,3.7810473,62864.234
19800,3.7786565,62868.01
19801,3.7804012,62871.793
19802,3.783479,62875.58
19803,3.7841897,62879.363
19804,3.7836788,62883.15
19805,3.7836962,62886.934
19806,3.784666,62890.72
19807,3.785791,62894.504
19808,3.7853131,62898.29
19809,3.781331,62902.07
19810,3.7774632,62905.848
19811,3.7718542,62909.62
19812,3.7685804,62913.39
19813,3.7669783,62917.156
19814,3.7643194,62920.92
19815,3.7611785,62924.684
19816,3.756154,62928.44
19817,3.7529788,62932.195
19818,3.7568233,62935.953
19819,3.7641623,62939.72
19820,3.7687564,62943.49
19821,3.7713275,62947.258
19822,3.774508,62951.03
19823,3.7775028,62954.81
19824,3.7808638,62958.59
19825,3.78194,62962.37
19826,3.7800627,62966.152
19827,3.7792568,62969.93
19828,3.7807367,62973.71
19829,3.7804513,62977.492
19830,3.7784717,62981.27
19831,3.7764387,62985.047
19832,3.772288,62988.82
19833,3.7642837,62992.586
19834,3.757865,62996.344
19835,3.753661,63000.098
19836,3.7499838,63003.848
19837,3.747673,63007.594
19838,3.7481127,63011.344
19839,3.752384,63015.098
19840,3.757557,63018.855
19841,3.7649477,63022.62
19842,3.7696779,63026.39
19843,3.77081,63030.16
19844,3.7688794,63033.93
19845,3.76452,63037.695
19846,3.758886,63041.453
19847,3.755887,63045.21
19848,3.7597096,63048.97
19849,3.7672453,63052.734
19850,3.7719493,63056.508
19851,3.772122,63060.28
19852,3.7711704,63064.05
19853,3.7707052,63067.82
19854,3.7698677,63071.59
19855,3.7668486,63075.355
19856,3.7632763,63079.117
19857,3.7592413,63082.875
19858,3.758759,63086.633
19859,3.7577474,63090.39
19860,3.7525337,63094.145
19861,3.7474358,63097.89
19862,3.7441723,63101.637
19863,3.744661,63105.383
19864,3.7455418,63109.13
19865,3.746109,63112.875
19866,3.7474823,63116.62
19867,3.752836,63120.375
19868,3.7583928,63124.133
19869,3.7620294,63127.895
19870,3.764738,63131.66
19871,3.7676036,63135.43
19872,3.7675457,63139.195
19873,3.766492,63142.96
19874,3.7685912,63146.73
19875,3.7703106,63150.5
19876,3.7708037,63154.27
19877,3.7717025,63158.043
19878,3.7741678,63161.816
19879,3.7746344,63165.59
19880,3.771752,63169.363
19881,3.7671704,63173.13
19882,3.763427,63176.89
19883,3.7606168,63180.652
19884,3.758418,63184.41
19885,3.7572944,63188.168
19886,3.7537801,63191.92
19887,3.7504022,63195.67
19888,3.7494519,63199.42
19889,3.7523055,63203.176
19890,3.757334,63206.934
19891,3.7607498,63210.695
19892,3.7588508,63214.453
19893,3.7560115,63218.21
19894,3.7562408,63221.97
19895,3.7594368,63225.727
19896,3.7630203,63229.49
19897,3.7653892,63233.254
19898,3.7640474,63237.02
19899,3.7590833,63240.777
19900,3.7518883,63244.527
19901,3.7484748,63248.277
19902,3.7491436,63252.027
19903,3.7513964,63255.777
19904,3.7577221,63259.535
19905,3.7666004,63263.3
19906,3.772683,63267.074
19907,3.7747803,63270.848
19908,3.7761343,63274.625
19909,3.7767446,63278.402
19910,3.775402,63282.18
19911,3.7699776,63285.95
19912,3.7619922,63289.71
19913,3.7587817,63293.47
19914,3.759826,63297.23
19915,3.762669,63300.992
19916,3.7656257,63304.758
19917,3.7656038,63308.523
19918,3.763887,63312.29
19919,3.7657852,63316.055
19920,3.772433,63319.83
19921,3.7795494,63323.61
19922,3.781911,63327.39
19923,3.7797801,63331.17
19924,3.7766912,63334.95
19925,3.77189,63338.723
19926,3.7663426,63342.49
19927,3.7610881,63346.25
19928,3.7626705,63350.01
19929,3.7682533,63353.78
19930,3.7746112,63357.555
19931,3.7805703,63361.336
19932,3.7870414,63365.12
19933,3.7913349,63368.914
19934,3.791223,63372.707
19935,3.787917,63376.496
19936,3.7844763,63380.28
19937,3.7794652,63384.062
19938,3.7753325,63387.836
19939,3.7720516,63391.61
19940,3.7687774,63395.38
19941,3.7643554,63399.145
19942,3.7577727,63402.902
19943,3.7501667,63406.652
19944,3.7414804,63410.395
19945,3.7354882,63414.13
19946,3.7354708,63417.863
19947,3.7422125,63421.605
19948,3.7525744,63425.36
19949,3.7628438,63429.12
19950,3.7644126,63432.887
19951,3.7608783,63436.65
19952,3.7584972,63440.406
19953,3.7603688,63444.168
19954,3.7654958,63447.934
19955,3.7715123,63451.707
19956,3.7789807,63455.484
19957,3.7846632,63459.27
19958,3.7864592,63463.055
19959,3.7813988,63466.836
19960,3.7747612,63470.61
19961,3.7690628,63474.38
19962,3.7644746,63478.145
19963,3.7594748,63481.902
19964,3.7553432,63485.656
19965,3.7548993,63489.41
19966,3.7563663,63493.168
19967,3.7597122,63496.926
19968,3.7628536,63500.688
19969,3.7629986,63504.45
19970,3.7603927,63508.21
19971,3.7593422,63511.97
19972,3.7610881,63515.73
19973,3.7650762,63519.496
19974,3.7679024,63523.266
19975,3.7692976,63527.035
19976,3.7679765,63530.805
19977,3.7628217,63534.566
19978,3.7559292,63538.324
19979,3.7489395,63542.074
19980,3.740854,63545.816
19981,3.7325368,63549.55
19982,3.7268941,63553.277
19983,3.7264094,63557.004
19984,3.7282655,63560.73
19985,3.7316597,63564.46
19986,3.7354753,63568.195
19987,3.738301,63571.934
19988,3.7394555,63575.67
19989,3.744606,63579.418
19990,3.751219,63583.168
19991,3.7584295,63586.926
19992,3.7643719,63590.69
19993,3.7683337,63594.46
19994,3.7666235,63598.227
19995,3.7640436,63601.992
19996,3.760188,63605.754
19997,3.7580426,63609.51
19998,3.7603905,63613.273
19999,3.7644823,63617.04
20000,3.7677083,63620.81
20001,3.770239,63624.58
20002,3.7711163,63628.348
20003,3.7687905,63632.117
20004,3.7655544,63635.883
20005,3.7625983,63639.645
20006,3.7623062,63643.406
20007,3.7631843,63647.168
20008,3.7650795,63650.934
20009,3.7660348,63654.7
20010,3.7643425,63658.465
20011,3.759878,63662.227
20012,3.754383,63665.98
20013,3.7491744,63669.73
20014,3.74843,63673.48
20015,3.7545907,63677.234
20016,3.761717,63680.996
20017,3.7644382,63684.76
20018,3.764454,63688.527
20019,3.7607265,63692.29
20020,3.7537029,63696.043
20021,3.7467296,63699.79
20022,3.7417574,63703.53
20023,3.740999,63707.273
20024,3.7478209,63711.02
20025,3.7573068,63714.777
20026,3.7610595,63718.54
20027,3.7626803,63722.3
20028,3.7663937,63726.066
20029,3.7713637,63729.836
20030,3.7715676,63733.61
20031,3.7712936,63737.38
20032,3.772802,63741.152
20033,3.7719545,63744.926
20034,3.7691057,63748.695
20035,3.7710752,63752.465
20036,3.7772067,63756.242
20037,3.7830381,63760.023
20038,3.7841244,63763.81
20039,3.7808757,63767.59
20040,3.7779841,63771.367
20041,3.7739456,63775.14
20042,3.7710707,63778.91
20043,3.7699394,63782.68
20044,3.7693176,63786.45
20045,3.768044,63790.22
20046,3.7659497,63793.984
20047,3.7632816,63797.746
20048,3.7597792,63801.508
20049,3.7564123,63805.266
20050,3.7535064,63809.02
20051,3.7541497,63812.773
20052,3.7570074,63816.53
20053,3.756951,63820.29
20054,3.7525852,63824.043
20055,3.7497268,63827.793
20056,3.7521648,63831.547
20057,3.7595305,63835.305
20058,3.766287,63839.07
20059,3.772471,63842.844
20060,3.7793684,63846.625
20061,3.7856724,63850.41
20062,3.7875335,63854.2
20063,3.7878578,63857.99
20064,3.789746,63861.777
20065,3.7895095,63865.566
20066,3.7882354,63869.355
20067,3.7883105,63873.145
20068,3.7905438,63876.934
20069,3.789945,63880.723
20070,3.7860775,63884.508
20071,3.7798433,63888.29
20072,3.7741804,63892.062
20073,3.7708185,63895.832
20074,3.7706861,63899.6
20075,3.771745,63903.375
20076,3.770045,63907.145
20077,3.7646818,63910.91
20078,3.7594192,63914.668
20079,3.75721,63918.426
20080,3.7544334,63922.18
20081,3.7505515,63925.93
20082,3.746473,63929.676
20083,3.7448316,63933.42
20084,3.7423906,63937.164
20085,3.7417867,63940.906
20086,3.7456076,63944.652
20087,3.7527206,63948.406
20088,3.7567537,63952.164
20089,3.7586071,63955.92
20090,3.7605526,63959.684
20091,3.7628314,63963.445
20092,3.7611618,63967.207
20093,3.756292,63970.965
20094,3.7507,63974.715
20095,3.745075,63978.46
20096,3.7396755,63982.2
20097,3.7369049,63985.938
20098,3.7367618,63989.676
20099,3.738409,63993.414
20100,3.7409213,63997.156
20101,3.7481542,64000.906
20102,3.7569842,64004.664
20103,3.7638881,64008.43
20104,3.7652044,64012.195
20105,3.7632496,64015.957
20106,3.7607663,64019.72
20107,3.7597072,64023.477
20108,3.762026,64027.24
20109,3.7626731,64031.0
20110,3.7595534,64034.758
20111,3.7551687,64038.51
20112,3.753758,64042.266
20113,3.7551358,64046.02
20114,3.7588441,64049.777
20115,3.7594347,64053.535
20116,3.7574914,64057.293
20117,3.7566638,64061.05
20118,3.7591922,64064.81
20119,3.7667546,64068.574
20120,3.7782605,64072.35
20121,3.7869475,64076.137
20122,3.791673,64079.93
20123,3.790761,64083.72
20124,3.7880876,64087.508
20125,3.7844152,64091.293
20126,3.7801888,64095.074
20127,3.7745335,64098.848
20128,3.77143,64102.617
20129,3.7716136,64106.39
20130,3.7711563,64110.16
20131,3.7693846,64113.93
20132,3.7643878,64117.695
20133,3.7567275,64121.453
20134,3.7500403,64125.203
20135,3.7474344,64128.95
20136,3.7487864,64132.7
20137,3.7538967,64136.453
20138,3.7579532,64140.21
20139,3.7574914,64143.97
20140,3.7537541,64147.723
20141,3.7537372,64151.477
20142,3.7574828,64155.234
20143,3.7629285,64158.996
20144,3.7663262,64162.76
20145,3.768062,64166.53
20146,3.7710137,64170.3
20147,3.7762356,64174.08
20148,3.7818866,64177.86
20149,3.7878897,64181.65
20150,3.7925823,64185.44
20151,3.7933419,64189.234
20152,3.79048,64193.023
20153,3.782702,64196.805
20154,3.7756515,64200.582
20155,3.7718008,64204.355
20156,3.7719882,64208.13
20157,3.7728686,64211.902
20158,3.773869,64215.676
20159,3.7734923,64219.45
20160,3.7726836,64223.223
20161,3.7721815,64226.996
20162,3.772886,64230.77
20163,3.7726858,64234.543
20164,3.7706258,64238.312
20165,3.7648752,64242.08
20166,3.7580264,64245.836
20167,3.75431,64249.59
20168,3.7526708,64253.344
20169,3.7504425,64257.094
20170,3.7483585,64260.844
20171,3.7462535,64264.59
20172,3.740974,64268.332
20173,3.7340763,64272.066
20174,3.7321417,64275.797
20175,3.7350426,64279.53
20176,3.736812,64283.27
20177,3.7386217,64287.008
20178,3.7392068,64290.746
20179,3.7377985,64294.484
20180,3.7331598,64298.22
20181,3.7302306,64301.95
20182,3.7280977,64305.676
20183,3.730844,64309.406
20184,3.7389581,64313.145
20185,3.750872,64316.895
20186,3.758394,64320.652
20187,3.7612255,64324.414
20188,3.7618606,64328.176
20189,3.7607546,64331.938
20190,3.7553165,64335.69
20191,3.7489755,64339.44
20192,3.7472832,64343.188
20193,3.7483459,64346.938
20194,3.7477248,64350.684
20195,3.7480323,64354.43
20196,3.749738,64358.18
20197,3.7508318,64361.93
20198,3.75211,64365.684
20199,3.750868,64369.434
20200,3.7482698,64373.184
20201,3.7453804,64376.93
20202,3.7472835,64380.676
20203,3.7521994,64384.43
20204,3.7555938,64388.184
20205,3.7564144,64391.94
20206,3.7549675,64395.695
20207,3.7506738,64399.445
20208,3.744862,64403.19
20209,3.738387,64406.93
20210,3.7332873,64410.664
20211,3.732785,64414.4
20212,3.7359262,64418.133
20213,3.742727,64421.875
20214,3.748774,64425.625
20215,3.7511785,64429.375
20216,3.7479002,64433.12
20217,3.7461097,64436.867
20218,3.74657,64440.613
20219,3.7460716,64444.36
20220,3.745538,64448.105
20221,3.7486978,64451.855
20222,3.7513266,64455.605
20223,3.7514644,64459.355
20224,3.7516525,64463.105
20225,3.7523248,64466.86
20226,3.7523894,64470.613
20227,3.754127,64474.367
20228,3.75779,64478.125
20229,3.7604196,64481.887
20230,3.758826,64485.645
20231,3.755266,64489.4
20232,3.7512283,64493.15
20233,3.749006,64496.9
20234,3.7494779,64500.65
20235,3.7511694,64504.4
20236,3.7551892,64508.152
20237,3.7590408,64511.91
20238,3.7612813,64515.67
20239,3.7639804,64519.438
20240,3.7663672,64523.203
20241,3.7679002,64526.973
20242,3.7670915,64530.74
20243,3.7641146,64534.504
20244,3.7603788,64538.266
20245,3.757658,64542.023
20246,3.755972,64545.78
20247,3.752397,64549.535
20248,3.7489026,64553.285
20249,3.7479644,64557.03
20250,3.7492752,64560.78
20251,3.7509162,64564.53
20252,3.7511404,64568.28
20253,3.75199,64572.035
20254,3.7540767,64575.79
20255,3.7573311,64579.547
20256,3.762333,64583.31
20257,3.7697062,64587.08
20258,3.7755742,64590.855
20259,3.7799041,64594.637
20260,3.7810214,64598.418
20261,3.7791808,64602.195
20262,3.774371,64605.97
20263,3.7686684,64609.74
20264,3.7654164,64613.504
20265,3.7617633,64617.266
20266,3.7581816,64621.023
20267,3.7567487,64624.78
20268,3.7552307,64628.535
20269,3.7550519,64632.29
20270,3.757945,64636.047
20271,3.7605476,64639.81
20272,3.7591069,64643.566
20273,3.758965,64647.324
20274,3.7634702,64651.086
20275,3.7691417,64654.855
20276,3.7734942,64658.63
20277,3.7762551,64662.406
20278,3.7758577,64666.184
20279,3.773154,64669.957
20280,3.771356,64673.727
20281,3.7673967,64677.492
20282,3.7619522,64681.254
20283,3.7582738,64685.01
20284,3.755499,64688.766
20285,3.7547338,64692.52
20286,3.7548132,64696.273
20287,3.752171,64700.027
20288,3.7445824,64703.773
20289,3.735653,64707.508
20290,3.7310338,64711.24
20291,3.7327569,64714.973
20292,3.737389,64718.71
20293,3.7423565,64722.453
20294,3.7470958,64726.2
20295,3.7518456,64729.95
20296,3.7530544,64733.703
20297,3.752552,64737.457
20298,3.7509885,64741.207
20299,3.7498803,64744.957
20300,3.749597,64748.707
20301,3.7465162,64752.453
20302,3.741622,64756.195
20303,3.7392828,64759.934
20304,3.7406368,64763.676
20305,3.7423644,64767.418
20306,3.743248,64771.16
20307,3.745031,64774.906
20308,3.74647,64778.652
20309,3.7486932,64782.402
20310,3.7519524,64786.152
20311,3.7533252,64789.906
20312,3.7546833,64793.66
20313,3.7560272,64797.418
20314,3.7559412,64801.176
20315,3.7546399,64804.93
20316,3.7541585,64808.684
20317,3.7555168,64812.438
20318,3.7561042,64816.195
20319,3.7573211,64819.953
20320,3.7600038,64823.715
20321,3.763192,64827.477
20322,3.7646832,64831.242
20323,3.761141,64835.004
20324,3.7553906,64838.758
20325,3.7508824,64842.508
20326,3.7477257,64846.254
20327,3.7470746,64850.0
20328,3.7503314,64853.75
20329,3.7534032,64857.504
20330,3.7568069,64861.26
20331,3.7608898,64865.023
20332,3.7639225,64868.79
20333,3.7652605,64872.555
20334,3.7666614,64876.32
20335,3.771053,64880.09
20336,3.779969,64883.87
20337,3.7883322,64887.66
20338,3.7883182,64891.45
20339,3.7842097,64895.234
20340,3.7799556,64899.016
20341,3.7747555,64902.79
20342,3.7745314,64906.562
20343,3.7772503,64910.34
20344,3.7779467,64914.117
20345,3.7765508,64917.895
20346,3.7755177,64921.67
20347,3.7761846,64925.45
20348,3.7781396,64929.227
20349,3.779772,64933.008
20350,3.7793922,64936.79
20351,3.7788932,64940.566
20352,3.7784631,64944.344
20353,3.7761934,64948.12
20354,3.7744293,64951.895
20355,3.7747219,64955.668
20356,3.777553,64959.445
20357,3.7802582,64963.227
20358,3.780003,64967.008
20359,3.7787151,64970.785
20360,3.7788763,64974.562
20361,3.7813444,64978.344
20362,3.785485,64982.13
20363,3.7864206,64985.914
20364,3.7838054,64989.7
20365,3.7816863,64993.48
20366,3.7798822,64997.26
20367,3.7793002,65001.043
20368,3.7804348,65004.824
20369,3.7816114,65008.605
20370,3.7825418,65012.387
20371,3.7808166,65016.168
20372,3.7760994,65019.945
20373,3.7707918,65023.715
20374,3.7689788,65027.484
20375,3.7706432,65031.254
20376,3.77022,65035.023
20377,3.7677834,65038.793
20378,3.7646873,65042.56
20379,3.7592616,65046.316
20380,3.7530174,65050.07
20381,3.7494268,65053.82
20382,3.7479818,65057.566
20383,3.746983,65061.312
20384,3.7484767,65065.062
20385,3.7522573,65068.816
20386,3.757224,65072.574
20387,3.7614388,65076.336
20388,3.7640014,65080.1
20389,3.7645135,65083.867
20390,3.7644823,65087.633
20391,3.765189,65091.4
20392,3.7655466,65095.164
20393,3.7655249,65098.93
20394,3.76751,65102.695
20395,3.7693503,65106.465
20396,3.7689426,65110.234
20397,3.7642148,65114.0
20398,3.7602077,65117.76
20399,3.7592309,65121.52
20400,3.7608907,65125.28
20401,3.7639134,65129.047
20402,3.7671251,65132.812
20403,3.76971,65136.582
20404,3.770179,65140.35
20405,3.7664602,65144.117
20406,3.759096,65147.875
20407,3.753054,65151.63
20408,3.7533288,65155.383
20409,3.756151,65159.14
20410,3.7557974,65162.895
20411,3.7530575,65166.65
20412,3.751101,65170.4
20413,3.7498868,65174.15
20414,3.74916,65177.9
20415,3.748856,65181.65
20416,3.7486157,65185.4
20417,3.7471342,65189.145
20418,3.7424088,65192.887
20419,3.7413213,65196.63
20420,3.74561,65200.375
20421,3.749805,65204.125
20422,3.751319,65207.875
20423,3.753848,65211.63
20424,3.7609265,65215.39
20425,3.7685585,65219.16
20426,3.7710752,65222.93
20427,3.767913,65226.7
20428,3.7607532,65230.46
20429,3.7560458,65234.22
20430,3.756752,65237.977
20431,3.7576885,65241.734
20432,3.7559958,65245.492
20433,3.756565,65249.25
20434,3.7627199,65253.01
20435,3.7697732,65256.78
20436,3.7780304,65260.56
20437,3.7849777,65264.344
20438,3.788324,65268.133
20439,3.7849758,65271.918
20440,3.7778368,65275.695
20441,3.7662053,65279.46
20442,3.755803,65283.215
20443,3.7496955,65286.965
20444,3.7487948,65290.715
20445,3.7486076,65294.465
20446,3.7461505,65298.21
20447,3.7463613,65301.957
20448,3.7464154,65305.703
20449,3.7437842,65309.445
20450,3.7421856,65313.188
20451,3.745716,65316.934
20452,3.7482703,65320.684
20453,3.7510571,65324.434
20454,3.754944,65328.188
20455,3.7594802,65331.945
20456,3.761305,65335.707
20457,3.7611468,65339.47
20458,3.7608519,65343.23
20459,3.7599068,65346.992
20460,3.7582328,65350.75
20461,3.7580795,65354.508
20462,3.7599406,65358.27
20463,3.7650409,65362.035
20464,3.7699447,65365.805
20465,3.7734833,65369.58
20466,3.7739487,65373.35
20467,3.7708125,65377.12
20468,3.768882,65380.89
20469,3.7681115,65384.66
20470,3.7689855,65388.43
20471,3.770297,65392.2
20472,3.7706606,65395.97
20473,3.769028,65399.74
20474,3.769318,65403.508
20475,3.7714477,65407.277
20476,3.7754622,65411.055
20477,3.7786016,65414.832
20478,3.7809768,65418.613
20479,3.783792,65422.4
20480,3.787164,65426.188
20481,3.7909079,65429.977
20482,3.7945623,65433.77
20483,3.793467,65437.562
20484,3.7849045,65441.348
20485,3.7729068,65445.12
20486,3.7646902,65448.887
20487,3.7595105,65452.645
20488,3.757701,65456.402
20489,3.757077,65460.16
20490,3.757862,65463.918
20491,3.7580187,65467.676
20492,3.756599,65471.434
20493,3.757477,65475.19
20494,3.7566552,65478.95
20495,3.7536275,65482.703
20496,3.749533,65486.453
20497,3.7486053,65490.203
20498,3.7495341,65493.953
20499,3.7529988,65497.707
20500,3.7585351,65501.465
20501,3.7634425,65505.227
20502,3.7634652,65508.99
20503,3.7602322,65512.75
20504,3.7557878,65516.504
20505,3.7521932,65520.258
20506,3.7510881,65524.008
20507,3.7534063,65527.76
20508,3.7596788,65531.52
20509,3.7660441,65535.285
20510,3.7655017,65539.05
20511,3.7604892,65542.805
20512,3.7551336,65546.56
20513,3.7486556,65550.31
20514,3.744458,65554.055
20515,3.7406874,65557.8
20516,3.7366807,65561.53
20517,3.7371047,65565.266
20518,3.7426193,65569.01
20519,3.749187,65572.76
20520,3.7515893,65576.51
20521,3.7536,65580.26
20522,3.7540252,65584.016
20523,3.7532773,65587.766
20524,3.7507238,65591.516
20525,3.7466905,65595.266
20526,3.7435439,65599.01
20527,3.7424588,65602.75
20528,3.744518,65606.49
20529,3.7469156,65610.24
20530,3.7462866,65613.99
20531,3.7445104,65617.734
20532,3.7455456,65621.48
20533,3.7481856,65625.23
20534,3.749886,65628.98
20535,3.748801,65632.73
20536,3.748007,65636.48
20537,3.7530997,65640.23
20538,3.7625728,65643.99
20539,3.7690446,65647.76
20540,3.7695885,65651.53
20541,3.7677627,65655.3
20542,3.7668254,65659.06
20543,3.7658546,65662.83
20544,3.7656229,65666.59
20545,3.763028,65670.36
20546,3.7585452,65674.12
20547,3.758956,65677.875
20548,3.7619777,65681.64
20549,3.761389,65685.4
20550,3.7590535,65689.16
20551,3.7606246,65692.914
20552,3.7657845,65696.68
20553,3.7729933,65700.45
20554,3.7821977,65704.234
20555,3.7889335,65708.02
20556,3.7877913,65711.81
20557,3.782627,65715.59
20558,3.777964,65719.375
20559,3.7753463,65723.15
20560,3.77494,65726.92
20561,3.7733274,65730.695
20562,3.7734077,65734.47
20563,3.7775445,65738.25
20564,3.7812347,65742.03
20565,3.7827823,65745.81
20566,3.7794256,65749.59
20567,3.7738588,65753.37
20568,3.7706327,65757.14
20569,3.7707696,65760.914
20570,3.7743852,65764.69
20571,3.7805605,65768.47
20572,3.7825396,65772.25
20573,3.7794363,65776.03
20574,3.7725322,65779.805
20575,3.7624958,65783.57
20576,3.7504363,65787.32
20577,3.7435942,65791.06
20578,3.7433443,65794.805
20579,3.7473156,65798.555
20580,3.7483525,65802.305
20581,3.7495797,65806.055
20582,3.7529004,65809.805
20583,3.7590902,65813.56
20584,3.7620761,65817.33
20585,3.7612903,65821.086
20586,3.760795,65824.84
20587,3.7630007,65828.61
20588,3.7709117,65832.38
20589,3.7794893,65836.164
20590,3.7835758,65839.945
20591,3.7847688,65843.73
20592,3.7873635,65847.516
20593,3.789478,65851.305
20594,3.7904472,65855.09
20595,3.787599,65858.88
20596,3.782959,65862.664
20597,3.7789345,65866.445
20598,3.7778893,65870.23
20599,3.776103,65874.0
20600,3.7748137,65877.77
20601,3.773478,65881.55
20602,3.770263,65885.32
20603,3.7647533,65889.086
20604,3.7612941,65892.84
20605,3.7579868,65896.6
20606,3.7535653,65900.35
20607,3.7483227,65904.1
20608,3.7469063,65907.85
20609,3.7524362,65911.6
20610,3.7578366,65915.36
20611,3.761578,65919.12
20612,3.7643428,65922.88
20613,3.765539,65926.65
20614,3.767776,65930.414
20615,3.7699032,65934.19
20616,3.7699807,65937.96
20617,3.7672365,65941.73
20618,3.7629402,65945.49
20619,3.7592146,65949.25
20620,3.7576108,65953.01
20621,3.7565968,65956.766
20622,3.7551413,65960.52
20623,3.7546532,65964.28
20624,3.7558584,65968.04
20625,3.762358,65971.805
20626,3.7697036,65975.58
20627,3.7740822,65979.35
20628,3.7734532,65983.125
20629,3.7704775,65986.9
20630,3.7674358,65990.664
20631,3.7635963,65994.43
20632,3.7595985,65998.19
20633,3.755365,66001.945
20634,3.752866,66005.695
20635,3.7529364,66009.445
20636,3.751946,66013.195
20637,3.7481692,66016.945
20638,3.745583,66020.69
20639,3.743209,66024.43
20640,3.7425008,66028.17
20641,3.744248,66031.914
20642,3.7444637,66035.66
20643,3.7441885,66039.4
20644,3.748314,66043.15
20645,3.7523754,66046.9
20646,3.7509909,66050.65
20647,3.7465518,66054.4
20648,3.7399468,66058.14
20649,3.732302,66061.875
20650,3.7314427,66065.61
20651,3.7394583,66069.35
20652,3.7512474,66073.1
20653,3.7637184,66076.87
20654,3.7736654,66080.64
20655,3.7779138,66084.42
20656,3.775113,66088.195
20657,3.7643712,66091.96
20658,3.7532547,66095.71
20659,3.7480257,66099.46
20660,3.7485104,66103.21
20661,3.750736,66106.96
20662,3.7529101,66110.71
20663,3.7548974,66114.47
20664,3.7556958,66118.23
20665,3.7550454,66121.984
20666,3.7542179,66125.74
20667,3.7551773,66129.5
20668,3.7588704,66133.26
20669,3.7651346,66137.02
20670,3.7705746,66140.8
20671,3.7711499,66144.57
20672,3.7720132,66148.34
20673,3.7715275,66152.12
20674,3.7669833,66155.88
20675,3.7644765,66159.65
20676,3.76403,66163.414
20677,3.7611904,66167.17
20678,3.7567132,66170.93
20679,3.7541227,66174.69
20680,3.757175,66178.445
20681,3.7644658,66182.21
20682,3.7670076,66185.98
20683,3.7654884,66189.74
20684,3.7622974,66193.51
20685,3.7567635,66197.266
20686,3.749547,66201.016
20687,3.7455013,66204.76
20688,3.7466173,66208.51
20689,3.7528615,66212.26
20690,3.7583663,66216.016
20691,3.7612042,66219.77
20692,3.760286,66223.53
20693,3.7600536,66227.29
20694,3.762084,66231.055
20695,3.7649858,66234.82
20696,3.7660954,66238.586
20697,3.7651145,66242.35
20698,3.760653,66246.11
20699,3.7557788,66249.87
20700,3.7500055,66253.62
20701,3.7465515,66257.37
20702,3.7471185,66261.12
20703,3.7497745,66264.87
20704,3.7528894,66268.62
20705,3.7570913,66272.375
20706,3.7590044,66276.13
20707,3.7585838,66279.89
20708,3.755305,66283.65
20709,3.7544954,66287.41
20710,3.7587783,66291.164
20711,3.7636733,66294.93
20712,3.7666695,66298.695
20713,3.767805,66302.46
20714,3.7658463,66306.23
20715,3.7645957,66309.99
20716,3.764774,66313.76
20717,3.764459,66317.52
20718,3.7637646,66321.29
20719,3.7639763,66325.055
20720,3.7666109,66328.82
20721,3.7679784,66332.586
20722,3.7685678,66336.35
20723,3.7691314,66340.12
20724,3.7663732,66343.88
20725,3.760991,66347.64
20726,3.759758,66351.4
20727,3.760795,66355.16
20728,3.7615526,66358.914
20729,3.7638302,66362.68
20730,3.7664735,66366.445
20731,3.7684736,66370.21
20732,3.7702272,66373.984
20733,3.7733724,66377.76
20734,3.7786212,66381.54
20735,3.7842965,66385.32
20736,3.786399,66389.11
20737,3.7852066,66392.9
20738,3.7832916,66396.68
20739,3.782318,66400.46
20740,3.7831447,66404.24
20741,3.7811642,66408.02
20742,3.7789848,66411.805
20743,3.7793612,66415.586
20744,3.7833416,66419.37
20745,3.7865524,66423.16
20746,3.7864437,66426.945
20747,3.783182,66430.73
20748,3.7819166,66434.51
20749,3.7821887,66438.29
20750,3.7821913,66442.07
20751,3.7822313,66445.85
20752,3.781173,66449.63
20753,3.777436,66453.414
20754,3.7715178,66457.19
20755,3.7677617,66460.95
20756,3.7684734,66464.72
20757,3.771246,66468.49
20758,3.772636,66472.266
20759,3.771238,66476.04
20760,3.7704213,66479.81
20761,3.7714093,66483.586
20762,3.7720275,66487.36
20763,3.773026,66491.13
20764,3.771914,66494.91
20765,3.7697768,66498.68
20766,3.7686317,66502.445
20767,3.7667425,66506.21
20768,3.7635195,66509.98
20769,3.7579486,66513.734
20770,3.7497628,66517.484
20771,3.7437637,66521.23
20772,3.743769,66524.97
20773,3.7480452,66528.72
20774,3.753732,66532.47
20775,3.7605965,66536.23
20776,3.7653039,66539.99
20777,3.7663589,66543.76
20778,3.7653756,66547.52
20779,3.7654295,66551.29
20780,3.7681787,66555.055
20781,3.771271,66558.83
20782,3.7718396,66562.6
20783,3.7685275,66566.37
20784,3.7650497,66570.13
20785,3.7615662,66573.89
20786,3.7612414,66577.65
20787,3.7628512,66581.414
20788,3.7639232,66585.18
20789,3.7658284,66588.945
20790,3.770569,66592.72
20791,3.7730892,66596.49
20792,3.7730997,66600.266
20793,3.7720232,66604.04
20794,3.7731545,66607.81
20795,3.7738156,66611.586
20796,3.7737792,66615.36
20797,3.7721071,66619.13
20798,3.7708375,66622.91
20799,3.7693002,66626.67
20800,3.7704124,66630.445
20801,3.7728195,66634.22
20802,3.7736456,66637.99
20803,3.7697918,66641.766
20804,3.763213,66645.53
20805,3.757176,66649.29
20806,3.7528584,66653.04
20807,3.7515283,66656.79
20808,3.7515728,66660.54
20809,3.7526968,66664.29
20810,3.7537692,66668.04
20811,3.75463,66671.8
20812,3.7573085,66675.555
20813,3.761903,66679.32
20814,3.7681901,66683.086
20815,3.775297,66686.86
20816,3.7785623,66690.64
20817,3.777697,66694.42
20818,3.777341,66698.195
20819,3.777658,66701.98
20820,3.7723014,66705.75
20821,3.7631273,66709.516
20822,3.7520566,66713.266
20823,3.741513,66717.01
20824,3.7361157,66720.74
20825,3.7359884,66724.48
20826,3.741968,66728.22
20827,3.7525706,66731.97
20828,3.7589195,66735.73
20829,3.7628453,66739.49
20830,3.7632256,66743.26
20831,3.7612245,66747.016
20832,3.7623215,66750.78
20833,3.7692678,66754.55
20834,3.7737274,66758.32
20835,3.7726693,66762.09
20836,3.7699308,66765.87
20837,3.7706234,66769.64
20838,3.7728522,66773.414
20839,3.7720337,66777.19
20840,3.7694075,66780.95
20841,3.7656884,66784.72
20842,3.7638073,66788.484
20843,3.7620609,66792.25
20844,3.7604558,66796.01
20845,3.760563,66799.766
20846,3.761489,66803.52
20847,3.7638426,66807.29
20848,3.7663493,66811.055
20849,3.7671742,66814.82
20850,3.7647314,66818.586
20851,3.7597003,66822.34
20852,3.755803,66826.1
20853,3.7540312,66829.86
20854,3.7530587,66833.61
20855,3.7526348,66837.36
20856,3.7515457,66841.11
20857,3.7504342,66844.86
20858,3.7489302,66848.61
20859,3.747576,66852.36
20860,3.7436912,66856.1
20861,3.7411196,66859.84
20862,3.7401683,66863.586
20863,3.7386749,66867.33
20864,3.738132,66871.06
20865,3.7399547,66874.805
20866,3.7404933,66878.55
20867,3.7425573,66882.29
20868,3.7445683,66886.03
20869,3.7457113,66889.77
20870,3.7451515,66893.516
20871,3.7477624,66897.266
20872,3.7505765,66901.016
20873,3.7521648,66904.766
20874,3.7514453,66908.516
20875,3.7494488,66912.266
20876,3.7440977,66916.01
20877,3.7388952,66919.75
20878,3.7369957,66923.484
20879,3.738138,66927.22
20880,3.7405057,66930.96
20881,3.7428188,66934.7
20882,3.7422998,66938.445
20883,3.740444,66942.19
20884,3.7363172,66945.92
20885,3.7337682,66949.66
20886,3.734266,66953.39
20887,3.7346268,66957.125
20888,3.733778,66960.86
20889,3.7331905,66964.59
20890,3.7329395,66968.33
20891,3.7324927,66972.06
20892,3.7322273,66975.8
20893,3.7316732,66979.53
20894,3.7263844,66983.26
20895,3.7177663,66986.98
20896,3.7096014,66990.69
20897,3.703211,66994.39
20898,3.6998482,66998.09
20899,3.6945183,67001.79
20900,3.684235,67005.48
20901,3.678185,67009.16
20902,3.6746566,67012.83
20903,3.6711094,67016.5
20904,3.6680882,67020.17
20905,3.6661162,67023.836
20906,3.6676173,67027.5
20907,3.671602,67031.17
20908,3.677725,67034.85
20909,3.6851315,67038.54
20910,3.69197,67042.234
20911,3.6966712,67045.93
20912,3.699349,67049.63
20913,3.6966667,67053.33
20914,3.6961665,67057.02
20915,3.695801,67060.72
20916,3.696334,67064.414
20917,3.700367,67068.12
20918,3.7088153,67071.83
20919,3.7163808,67075.55
20920,3.7208552,67079.266
20921,3.722443,67082.984
20922,3.7227118,67086.71
20923,3.7223518,67090.43
20924,3.7230456,67094.16
20925,3.7268114,67097.88
20926,3.735419,67101.62
20927,3.741716,67105.36
20928,3.737766,67109.09
20929,3.724013,67112.82
20930,3.71357,67116.53
20931,3.7069442,67120.234
20932,3.705581,67123.94
20933,3.7033129,67127.64
20934,3.6954567,67131.336
20935,3.684094,67135.02
20936,3.6757252,67138.695
20937,3.666244,67142.36
20938,3.6551678,67146.016
20939,3.6461966,67149.664
20940,3.6408632,67153.305
20941,3.6366174,67156.94
20942,3.635154,67160.57
20943,3.6333075,67164.2
20944,3.6280506,67167.83
20945,3.6245418,67171.45
20946,3.6250942,67175.08
20947,3.6256404,67178.7
20948,3.6281233,67182.33
20949,3.6278515,67185.95
20950,3.6293807,67189.586
20951,3.625697,67193.21
20952,3.6173348,67196.83
20953,3.60115,67200.43
20954,3.5772617,67204.01
20955,3.5547676,67207.56
20956,3.5557046,67211.12
20957,3.5595179,67214.68
20958,3.5609453,67218.24
20959,3.5633883,67221.805
20960,3.5675745,67225.375
20961,3.575998,67228.95
20962,3.5865343,67232.54
20963,3.5928118,67236.13
20964,3.5943801,67239.73
20965,3.5911365,67243.32
20966,3.587841,67246.91
20967,3.5818887,67250.484
20968,3.575242,67254.06
20969,3.5668933,67257.63
20970,3.5614557,67261.195
20971,3.557231,67264.75
20972,3.553105,67268.305
20973,3.5466802,67271.85
20974,3.5417798,67275.39
20975,3.5356343,67278.93
20976,3.5310125,67282.46
20977,3.5263698,67285.984
20978,3.5217116,67289.51
20979,3.5161922,67293.02
20980,3.5105612,67296.53
20981,3.5040383,67300.04
20982,3.5003319,67303.54
20983,3.497298,67307.04
20984,3.4937248,67310.53
20985,3.4914098,67314.02
20986,3.4880755,67317.51
20987,3.4817667,67320.99
20988,3.4760787,67324.47
20989,3.4699972,67327.94
20990,3.4626515,67331.4
20991,3.4559603,67334.85
20992,3.4498122,67338.305
20993,3.444866,67341.75
20994,3.4390023,67345.19
20995,3.4339414,67348.625
20996,3.427476,67352.055
20997,3.4192736,67355.48
20998,3.4084218,67358.88
20999,3.3972213,67362.28
21000,3.387496,67365.67
21001,3.3801389,67369.055
21002,3.373412,67372.43
21003,3.3660877,67375.8
21004,3.3584182,67379.16
21005,3.3509245,67382.51
21006,3.342236,67385.85
21007,3.3337169,67389.19
21008,3.327649,67392.516
21009,3.32227,67395.836
21010,3.3146386,67399.15
21011,3.308149,67402.45
21012,3.3005345,67405.75
21013,3.293162,67409.05
21014,3.2843869,67412.33
21015,3.2769797,67415.6
21016,3.2682693,67418.87
21017,3.261668,67422.125
21018,3.2566617,67425.38
21019,3.254102,67428.64
21020,3.2535336,67431.89
21021,3.2537909,67435.14
21022,3.2522533,67438.39
21023,3.2513623,67441.64
21024,3.248335,67444.89
21025,3.2477276,67448.14
21026,3.2439244,67451.38
21027,3.2403395,67454.625
21028,3.2334366,67457.86
21029,3.228443,67461.086
21030,3.2260983,67464.31
21031,3.2268307,67467.54
21032,3.227194,67470.766
21033,3.2271397,67473.99
21034,3.223932,67477.22
21035,3.2210748,67480.44
21036,3.2155216,67483.66
21037,3.2106652,67486.87
21038,3.205135,67490.07
21039,3.2017488,67493.27
21040,3.2008777,67496.48
21041,3.2014608,67499.68
21042,3.2007363,67502.88
21043,3.1976273,67506.08
21044,3.1926599,67509.27
21045,3.188274,67512.46
21046,3.184083,67515.65
21047,3.1794546,67518.83
21048,3.1763961,67522.01
21049,3.1744506,67525.18
21050,3.172142,67528.35
21051,3.1694255,67531.52
21052,3.1664963,67534.69
21053,3.1636078,67537.85
21054,3.1602855,67541.016
21055,3.1562243,67544.17
21056,3.1524363,67547.33
21057,3.1490364,67550.48
21058,3.1481566,67553.625
21059,3.146896,67556.77
21060,3.1461806,67559.92
21061,3.1444051,67563.06
21062,3.1417322,67566.2
21063,3.1385784,67569.34
21064,3.1365082,67572.48
21065,3.1374125,67575.62
21066,3.147054,67578.766
21067,3.1584299,67581.92
21068,3.1735034,67585.09
21069,3.1914363,67588.29
21070,3.2115145,67591.5
21071,3.2355707,67594.734
21072,3.260943,67597.99
21073,3.2907937,67601.28
21074,3.3216925,67604.6
21075,3.3554873,67607.96
21076,3.388735,67611.35
21077,3.4242861,67614.77
21078,3.4584749,67618.234
21079,3.494129,67621.73
21080,3.525086,67625.25
21081,3.5528374,67628.805
21082,3.5767052,67632.38
21083,3.5989013,67635.984
21084,3.6168797,67639.6
21085,3.63012,67643.234
21086,3.6400347,67646.875
21087,3.6487951,67650.52
21088,3.655177,67654.18
21089,3.6603804,67657.84
21090,3.6631572,67661.51
21091,3.6660407,67665.17
21092,3.666212,67668.836
21093,3.6656554,67672.5
21094,3.6646168,67676.164
21095,3.66449,67679.83
21096,3.6643984,67683.49
21097,3.6639104,67687.16
21098,3.6630545,67690.82
21099,3.6622794,67694.484
21100,3.6625803,67698.15
21101,3.6621127,67701.81
21102,3.6609476,67705.48
21103,3.659492,67709.13
21104,3.6587567,67712.79
21105,3.6588616,67716.445
21106,3.6605456,67720.11
21107,3.6610851,67723.77
21108,3.6625104,67727.44
21109,3.6612728,67731.1
21110,3.6600654,67734.76
21111,3.6560388,67738.414
21112,3.652828,67742.07
21113,3.6474025,67745.72
21114,3.6441672,67749.36
21115,3.6411998,67753.0
21116,3.638693,67756.64
21117,3.6372097,67760.28
21118,3.6371129,67763.92
21119,3.6371639,67767.56
21120,3.6365414,67771.195
21121,3.6344707,67774.83
21122,3.6314566,67778.46
21123,3.6286752,67782.086
21124,3.6257133,67785.71
21125,3.6232007,67789.336
21126,3.6199973,67792.95
21127,3.6177619,67796.57
21128,3.6157067,67800.19
21129,3.6133308,67803.805
21130,3.6142678,67807.42
21131,3.621357,67811.05
21132,3.6288588,67814.67
21133,3.6373153,67818.31
21134,3.6432827,67821.95
21135,3.6515906,67825.6
21136,3.6583884,67829.26
21137,3.6663775,67832.92
21138,3.6714303,67836.59
21139,3.6750593,67840.266
21140,3.6760323,67843.945
21141,3.6776428,67847.625
21142,3.6751416,67851.3
21143,3.6711223,67854.97
21144,3.6653032,67858.63
21145,3.657725,67862.29
21146,3.6444097,67865.93
21147,3.6207771,67869.55
21148,3.5842268,67873.13
21149,3.548128,67876.68
21150,3.527935,67880.21
21151,3.5173085,67883.73
21152,3.5032895,67887.23
21153,3.494796,67890.72
21154,3.4960482,67894.21
21155,3.5063632,67897.72
21156,3.521038,67901.24
21157,3.538761,67904.78
21158,3.5601082,67908.34
21159,3.579417,67911.92
21160,3.5896158,67915.51
21161,3.5948262,67919.1
21162,3.6032033,67922.7
21163,3.6169488,67926.32
21164,3.6312215,67929.95
21165,3.6409087,67933.59
21166,3.6452587,67937.24
21167,3.6454272,67940.89
21168,3.643958,67944.53
21169,3.6439502,67948.17
21170,3.6448352,67951.82
21171,3.6448534,67955.47
21172,3.6450005,67959.12
21173,3.6449199,67962.766
21174,3.645562,67966.414
21175,3.6449928,67970.06
21176,3.6471627,67973.71
21177,3.6496105,67977.36
21178,3.6519258,67981.01
21179,3.6517324,67984.66
21180,3.6495001,67988.305
21181,3.6447344,67991.95
21182,3.6388073,67995.59
21183,3.6326091,67999.23
21184,3.627983,68002.85
21185,3.6229792,68006.48
21186,3.6193085,68010.09
21187,3.6137447,68013.71
21188,3.6067848,68017.32
21189,3.5954983,68020.914
21190,3.5869927,68024.5
21191,3.5793462,68028.08
21192,3.572871,68031.65
21193,3.5675998,68035.22
21194,3.5632837,68038.78
21195,3.5577114,68042.336
21196,3.5537326,68045.89
21197,3.549295,68049.44
21198,3.5531023,68052.99
21199,3.5574517,68056.55
21200,3.5610173,68060.11
21201,3.5670671,68063.68
21202,3.5697758,68067.25
21203,3.5757039,68070.83
21204,3.5796084,68074.41
21205,3.5861218,68077.99
21206,3.5884297,68081.58
21207,3.588701,68085.164
21208,3.5821593,68088.75
21209,3.5697222,68092.32
21210,3.5429127,68095.86
21211,3.5046153,68099.37
21212,3.4585147,68102.83
21213,3.412244,68106.24
21214,3.3792217,68109.625
21215,3.3705542,68112.99
21216,3.3774788,68116.37
21217,3.3946772,68119.766
21218,3.4183254,68123.19
21219,3.4463894,68126.63
21220,3.4762502,68130.11
21221,3.5006573,68133.61
21222,3.516484,68137.125
21223,3.5217988,68140.65
21224,3.5167427,68144.164
21225,3.5031073,68147.664
21226,3.4858449,68151.15
21227,3.4699945,68154.62
21228,3.460932,68158.08
21229,3.4591744,68161.54
21230,3.4665105,68165.01
21231,3.483148,68168.49
21232,3.5072198,68172.0
21233,3.530046,68175.53
21234,3.548584,68179.08
21235,3.557423,68182.63
21236,3.5564208,68186.19
21237,3.5473337,68189.734
21238,3.535255,68193.27
21239,3.519696,68196.8
21240,3.5019927,68200.3
21241,3.4889998,68203.79
21242,3.4885232,68207.28
21243,3.4999304,68210.78
21244,3.5182283,68214.3
21245,3.532673,68217.83
21246,3.540643,68221.37
21247,3.5395083,68224.91
21248,3.5333948,68228.44
21249,3.5253747,68231.96
21250,3.5210662,68235.484
21251,3.516873,68239.0
21252,3.513777,68242.516
21253,3.5127993,68246.03
21254,3.5195992,68249.555
21255,3.5253901,68253.08
21256,3.5277781,68256.61
21257,3.5249667,68260.13
21258,3.5207698,68263.66
21259,3.5176976,68267.17
21260,3.520859,68270.695
21261,3.52544,68274.22
21262,3.5277505,68277.75
21263,3.5254138,68281.27
21264,3.5177538,68284.79
21265,3.5033703,68288.29
21266,3.4798198,68291.766
21267,3.4458432,68295.21
21268,3.3995543,68298.61
21269,3.3536806,68301.96
21270,3.3206341,68305.28
21271,3.3055027,68308.586
21272,3.2990613,68311.88
21273,3.29783,68315.18
21274,3.297741,68318.48
21275,3.298913,68321.77
21276,3.2992618,68325.07
21277,3.2993634,68328.37
21278,3.2981923,68331.664
21279,3.29768,68334.96
21280,3.2968352,68338.26
21281,3.2972457,68341.555
21282,3.2982788,68344.85
21283,3.2995872,68348.15
21284,3.300279,68351.445
21285,3.3009877,68354.75
21286,3.301017,68358.055
21287,3.3011632,68361.36
21288,3.301165,68364.664
21289,3.3012753,68367.97
21290,3.3006256,68371.266
21291,3.2994368,68374.56
21292,3.2986348,68377.86
21293,3.2983727,68381.16
21294,3.299656,68384.45
21295,3.3006585,68387.75
21296,3.3009093,68391.055
21297,3.3003016,68394.35
21298,3.3004556,68397.65
21299,3.3003323,68400.945
21300,3.30099,68404.25
21301,3.302063,68407.555
21302,3.304094,68410.86
21303,3.3055878,68414.164
21304,3.307323,68417.47
21305,3.3090732,68420.78
21306,3.3096628,68424.09
21307,3.309878,68427.41
21308,3.3106122,68430.72
21309,3.3123164,68434.03
21310,3.317624,68437.35
21311,3.3275807,68440.68
21312,3.345108,68444.02
21313,3.3696632,68447.39
21314,3.3930676,68450.78
21315,3.3996549,68454.18
21316,3.3934631,68457.57
21317,3.3725123,68460.945
21318,3.3497462,68464.3
21319,3.3302157,68467.625
21320,3.3203952,68470.945
21321,3.3168385,68474.266
21322,3.3178017,68477.586
21323,3.3197975,68480.91
21324,3.3226743,68484.23
21325,3.3250024,68487.555
21326,3.326987,68490.88
21327,3.3287072,68494.21
21328,3.3301787,68497.54
21329,3.3323069,68500.875
21330,3.3350222,68504.21
21331,3.338191,68507.55
21332,3.3422983,68510.89
21333,3.3455236,68514.234
21334,3.3483903,68517.586
21335,3.3503468,68520.94
21336,3.3516884,68524.29
21337,3.352774,68527.64
21338,3.353312,68530.99
21339,3.3540628,68534.34
21340,3.3547957,68537.695
21341,3.3547418,68541.05
21342,3.3530157,68544.4
21343,3.3507724,68547.75
21344,3.3492422,68551.1
21345,3.3472185,68554.445
21346,3.3449328,68557.79
21347,3.3421342,68561.13
21348,3.339301,68564.47
21349,3.3361855,68567.805
21350,3.332236,68571.14
21351,3.3275323,68574.47
21352,3.3240526,68577.79
21353,3.3220904,68581.11
21354,3.3201005,68584.43
21355,3.3164105,68587.75
21356,3.311221,68591.06
21357,3.305627,68594.37
21358,3.2996383,68597.664
21359,3.2944303,68600.96
21360,3.2893186,68604.25
21361,3.2847717,68607.53
21362,3.280046,68610.81
21363,3.274933,68614.086
21364,3.2706952,68617.36
21365,3.2666707,68620.625
21366,3.26186,68623.89
21367,3.2564123,68627.15
21368,3.2509246,68630.4
21369,3.246127,68633.65
21370,3.24243,68636.89
21371,3.2384965,68640.13
21372,3.2367516,68643.37
21373,3.237098,68646.6
21374,3.2394335,68649.84
21375,3.2398522,68653.086
21376,3.2416294,68656.33
21377,3.2433367,68659.57
21378,3.2472918,68662.82
21379,3.258729,68666.08
21380,3.2648056,68669.34
21381,3.2663467,68672.61
21382,3.268661,68675.875
21383,3.2726836,68679.15
21384,3.2768774,68682.42
21385,3.2822266,68685.7
21386,3.2876189,68688.99
21387,3.2941601,68692.29
21388,3.299064,68695.586
21389,3.3027382,68698.89
21390,3.303457,68702.195
21391,3.3031728,68705.5
21392,3.300764,68708.8
21393,3.298339,68712.09
21394,3.296233,68715.39
21395,3.293843,68718.69
21396,3.2907958,68721.98
21397,3.286702,68725.266
21398,3.2819633,68728.55
21399,3.2777026,68731.83
21400,3.27325,68735.1
21401,3.2694316,68738.37
21402,3.2652447,68741.63
21403,3.2604394,68744.89
21404,3.2550967,68748.15
21405,3.2498825,68751.4
21406,3.2449253,68754.64
21407,3.239232,68757.88
21408,3.233036,68761.12
21409,3.2261064,68764.34
21410,3.2191339,68767.56
21411,3.2131212,68770.77
21412,3.207648,68773.984
21413,3.2006433,68777.19
21414,3.1946933,68780.38
21415,3.189447,68783.57
21416,3.1844165,68786.76
21417,3.179266,68789.94
21418,3.1750884,68793.11
21419,3.172154,68796.28
21420,3.169395,68799.45
21421,3.1660762,68802.62
21422,3.1613152,68805.78
21423,3.1551976,68808.94
21424,3.1494925,68812.086
21425,3.1431582,68815.23
21426,3.1365318,68818.36
21427,3.1293695,68821.49
21428,3.1241035,68824.62
21429,3.1189377,68827.734
21430,3.1169522,68830.85
21431,3.1126404,68833.96
21432,3.1090004,68837.07
21433,3.1046672,68840.17
21434,3.0980632,68843.27
21435,3.0865986,68846.36
21436,3.0760562,68849.44
21437,3.0670416,68852.51
21438,3.061481,68855.57
21439,3.0525029,68858.625
21440,3.039576,68861.664
21441,3.0253181,68864.69
21442,3.0177965,68867.7
21443,3.01465,68870.72
21444,3.0120556,68873.734
21445,3.0061924,68876.74
21446,3.000655,68879.74
21447,2.9962902,68882.74
21448,2.9938686,68885.734
21449,2.9895647,68888.73
21450,2.9830713,68891.71
21451,2.9750564,68894.69
21452,2.965294,68897.66
21453,2.9513495,68900.61
21454,2.9389157,68903.55
21455,2.929945,68906.48
21456,2.9231873,68909.4
21457,2.9187298,68912.32
21458,2.9184268,68915.24
21459,2.919815,68918.164
21460,2.9217021,68921.086
21461,2.922462,68924.01
21462,2.9215245,68926.93
21463,2.9233172,68929.85
21464,2.9271271,68932.78
21465,2.929424,68935.71
21466,2.932577,68938.64
21467,2.9368248,68941.58
21468,2.9415064,68944.52
21469,2.946075,68947.47
21470,2.9487252,68950.414
21471,2.9507794,68953.37
21472,2.950866,68956.32
21473,2.9511645,68959.27
21474,2.9483278,68962.22
21475,2.9431307,68965.164
21476,2.9376917,68968.1
21477,2.9316547,68971.03
21478,2.9274042,68973.96
21479,2.928397,68976.89
21480,2.932543,68979.82
21481,2.9365098,68982.76
21482,2.9345007,68985.695
21483,2.9316363,68988.625
21484,2.9354618,68991.56
21485,2.9431224,68994.51
21486,2.9509695,68997.46
21487,2.9557662,69000.414
21488,2.9572265,69003.375
21489,2.9589987,69006.336
21490,2.965001,69009.305
21491,2.971531,69012.27
21492,2.9761178,69015.25
21493,2.9805324,69018.234
21494,2.9806664,69021.22
21495,2.9780343,69024.195
21496,2.9740345,69027.17
21497,2.9705474,69030.14
21498,2.9678562,69033.11
21499,2.9656017,69036.08
21500,2.9648733,69039.05
21501,2.9632335,69042.01
21502,2.9632895,69044.97
21503,2.963692,69047.93
21504,2.9675012,69050.9
21505,2.9726706,69053.875
21506,2.977453,69056.85
21507,2.9809368,69059.836
21508,2.9868977,69062.82
21509,2.993081,69065.81
21510,2.9959328,69068.805
21511,2.997465,69071.805
21512,3.000958,69074.805
21513,3.0071554,69077.81
21514,3.0139825,69080.83
21515,3.0192583,69083.84
21516,3.0195708,69086.87
21517,3.0179033,69089.88
21518,3.0160122,69092.9
21519,3.0178206,69095.914
21520,3.0199547,69098.94
21521,3.020388,69101.96
21522,3.0212178,69104.984
21523,3.021124,69108.01
21524,3.0209672,69111.03
21525,3.0208735,69114.055
21526,3.0241137,69117.08
21527,3.028177,69120.11
21528,3.0305989,69123.14
21529,3.0334172,69126.17
21530,3.0356297,69129.21
21531,3.0366228,69132.25
21532,3.0393736,69135.29
21533,3.043218,69138.336
21534,3.047454,69141.38
21535,3.050193,69144.43
21536,3.0524251,69147.484
21537,3.054961,69150.54
21538,3.0561664,69153.59
21539,3.0583432,69156.65
21540,3.0592623,69159.71
21541,3.0591238,69162.77
21542,3.0562024,69165.83
21543,3.0545018,69168.88
21544,3.0554628,69171.94
21545,3.0576358,69174.99
21546,3.0579522,69178.05
21547,3.058446,69181.1
21548,3.060902,69184.164
21549,3.064896,69187.23
21550,3.0653365,69190.29
21551,3.0647466,69193.35
21552,3.063829,69196.414
21553,3.0645497,69199.48
21554,3.065125,69202.54
21555,3.0642962,69205.6
21556,3.0627475,69208.664
21557,3.062786,69211.73
21558,3.0634012,69214.79
21559,3.0639434,69217.85
21560,3.065345,69220.914
21561,3.0662725,69223.98
21562,3.0666115,69227.05
21563,3.0663147,69230.11
21564,3.0648675,69233.17
21565,3.062118,69236.234
21566,3.059479,69239.3
21567,3.058716,69242.36
21568,3.0613234,69245.42
21569,3.066051,69248.484
21570,3.0719748,69251.555
21571,3.0768692,69254.63
21572,3.078669,69257.71
21573,3.080922,69260.79
21574,3.082,69263.87
21575,3.0819728,69266.945
21576,3.0798786,69270.02
21577,3.0791125,69273.1
21578,3.0801103,69276.18
21579,3.082257,69279.266
21580,3.084592,69282.35
21581,3.0873222,69285.44
21582,3.0895953,69288.52
21583,3.0912251,69291.62
21584,3.0921097,69294.71
21585,3.092685,69297.805
21586,3.0926387,69300.9
21587,3.0916045,69303.99
21588,3.0904937,69307.086
21589,3.0884132,69310.17
21590,3.08544,69313.26
21591,3.0828555,69316.34
21592,3.0831003,69319.43
21593,3.0850198,69322.516
21594,3.0878954,69325.6
21595,3.0892594,69328.69
21596,3.0882695,69331.77
21597,3.087615,69334.86
21598,3.0848925,69337.945
21599,3.0807085,69341.02
21600,3.077395,69344.1
21601,3.0739062,69347.17
21602,3.0702388,69350.24
21603,3.066604,69353.31
21604,3.0651338,69356.375
21605,3.06544,69359.44
21606,3.0690587,69362.51
21607,3.0727422,69365.58
21608,3.0754967,69368.66
21609,3.0746858,69371.734
21610,3.0711937,69374.805
21611,3.0676239,69377.875
21612,3.0656657,69380.94
21613,3.0650854,69384.0
21614,3.0671527,69387.07
21615,3.0700738,69390.14
21616,3.073906,69393.21
21617,3.078644,69396.29
21618,3.0831778,69399.375
21619,3.0858011,69402.46
21620,3.0858607,69405.55
21621,3.0853205,69408.63
21622,3.0865939,69411.72
21623,3.0888329,69414.805
21624,3.0912795,69417.9
21625,3.0926876,69420.99
21626,3.0952477,69424.086
21627,3.0981407,69427.19
21628,3.1016781,69430.29
21629,3.1054733,69433.4
21630,3.1076105,69436.51
21631,3.1079974,69439.62
21632,3.106075,69442.73
21633,3.1026518,69445.83
21634,3.0993702,69448.93
21635,3.0967174,69452.02
21636,3.094465,69455.12
21637,3.0922494,69458.21
21638,3.0902398,69461.305
21639,3.0904453,69464.4
21640,3.0899389,69467.49
21641,3.088316,69470.58
21642,3.0867047,69473.664
21643,3.0862525,69476.75
21644,3.0846515,69479.836
21645,3.08222,69482.92
21646,3.0782876,69486.0
21647,3.0750306,69489.08
21648,3.0738916,69492.15
21649,3.073196,69495.22
21650,3.0727828,69498.29
21651,3.0726018,69501.36
21652,3.0751193,69504.44
21653,3.0779164,69507.516
21654,3.0814884,69510.59
21655,3.085711,69513.68
21656,3.0888283,69516.766
21657,3.0887833,69519.85
21658,3.0855026,69522.94
21659,3.081258,69526.016
21660,3.077604,69529.09
21661,3.0763543,69532.17
21662,3.0764062,69535.25
21663,3.0798268,69538.33
21664,3.0867534,69541.414
21665,3.0941176,69544.51
21666,3.0984204,69547.61
21667,3.1001706,69550.71
21668,3.0993025,69553.81
21669,3.0990453,69556.914
21670,3.0991375,69560.016
21671,3.0995083,69563.12
21672,3.1000187,69566.22
21673,3.1023614,69569.32
21674,3.1063712,69572.43
21675,3.109702,69575.54
21676,3.1129677,69578.65
21677,3.1147213,69581.766
21678,3.1140316,69584.88
21679,3.1117651,69587.99
21680,3.1093004,69591.1
21681,3.107664,69594.21
21682,3.1103473,69597.32
21683,3.113933,69600.44
21684,3.1171079,69603.555
21685,3.1194873,69606.67
21686,3.119847,69609.79
21687,3.1198115,69612.91
21688,3.1189337,69616.02
21689,3.1181753,69619.14
21690,3.119472,69622.26
21691,3.1216583,69625.38
21692,3.1248095,69628.51
21693,3.1263342,69631.63
21694,3.1258218,69634.76
21695,3.1247132,69637.88
21696,3.1231656,69641.01
21697,3.1226718,69644.13
21698,3.1231964,69647.26
21699,3.1239724,69650.38
21700,3.1251678,69653.51
21701,3.126376,69656.63
21702,3.1278322,69659.76
21703,3.129893,69662.89
21704,3.1314332,69666.02
21705,3.132817,69669.16
21706,3.1339235,69672.29
21707,3.1345742,69675.42
21708,3.1349123,69678.555
21709,3.1350348,69681.69
21710,3.1326928,69684.82
21711,3.1300833,69687.95
21712,3.1289377,69691.086
21713,3.1286736,69694.21
21714,3.129165,69697.34
21715,3.1294754,69700.48
21716,3.1281807,69703.6
21717,3.1263301,69706.73
21718,3.1252398,69709.85
21719,3.1245787,69712.98
21720,3.1234279,69716.1
21721,3.1234844,69719.23
21722,3.1231356,69722.35
21723,3.1229982,69725.48
21724,3.1233096,69728.6
21725,3.1239617,69731.73
21726,3.1217468,69734.85
21727,3.1191745,69737.97
21728,3.1181097,69741.086
21729,3.1186666,69744.2
21730,3.1209285,69747.32
21731,3.123806,69750.445
21732,3.1250534,69753.57
21733,3.1253674,69756.695
21734,3.125615,69759.82
21735,3.1252415,69762.945
21736,3.1239254,69766.07
21737,3.1234057,69769.195
21738,3.1250708,69772.32
21739,3.1270387,69775.445
21740,3.128563,69778.57
21741,3.1292987,69781.7
21742,3.129014,69784.836
21743,3.127393,69787.96
21744,3.1262486,69791.086
21745,3.1266682,69794.21
21746,3.1284533,69797.336
21747,3.1294365,69800.47
21748,3.1297083,69803.6
21749,3.1303499,69806.734
21750,3.1320324,69809.87
21751,3.1344519,69813.0
21752,3.1373627,69816.14
21753,3.1396554,69819.28
21754,3.1410167,69822.42
21755,3.142534,69825.56
21756,3.1426635,69828.7
21757,3.1414385,69831.84
21758,3.1393664,69834.984
21759,3.1354427,69838.12
21760,3.1305628,69841.25
21761,3.1262047,69844.375
21762,3.124513,69847.5
21763,3.1238918,69850.625
21764,3.124572,69853.75
21765,3.125108,69856.875
21766,3.1249044,69860.0
21767,3.1229405,69863.125
21768,3.1199222,69866.24
21769,3.1172078,69869.36
21770,3.114767,69872.48
21771,3.1107302,69875.586
21772,3.1066122,69878.695
21773,3.1030626,69881.8
21774,3.1023095,69884.9
21775,3.1042047,69888.0
21776,3.1089785,69891.11
21777,3.113871,69894.23
21778,3.1172464,69897.34
21779,3.119146,69900.46
21780,3.1196966,69903.58
21781,3.1194808,69906.695
21782,3.1190493,69909.81
21783,3.118092,69912.93
21784,3.1163836,69916.05
21785,3.1157277,69919.164
21786,3.115551,69922.28
21787,3.1164346,69925.4
21788,3.116066,69928.516
21789,3.1156216,69931.63
21790,3.115757,69934.75
21791,3.1162462,69937.87
21792,3.1175811,69940.984
21793,3.1197064,69944.1
21794,3.1234148,69947.23
21795,3.1266026,69950.35
21796,3.1270711,69953.48
21797,3.1275811,69956.6
21798,3.1276271,69959.73
21799,3.1272912,69962.85
21800,3.1268523,69965.98
21801,3.1259778,69969.1
21802,3.1243927,69972.23
21803,3.1229625,69975.35
21804,3.123422,69978.48
21805,3.124248,69981.6
21806,3.1249075,69984.73
21807,3.12449,69987.85
21808,3.124052,69990.98
21809,3.123006,69994.1
21810,3.1216543,69997.23
21811,3.1214879,70000.35
21812,3.122937,70003.48
21813,3.124266,70006.6
21814,3.1254876,70009.73
21815,3.1263106,70012.85
21816,3.1264534,70015.98
21817,3.1271212,70019.1
21818,3.12815,70022.23
21819,3.1278641,70025.35
21820,3.1261206,70028.48
21821,3.1232448,70031.6
21822,3.1207266,70034.72
21823,3.1197405,70037.836
21824,3.1188545,70040.95
21825,3.1183302,70044.07
21826,3.1185777,70047.19
21827,3.1195214,70050.305
21828,3.1210592,70053.42
21829,3.123937,70056.55
21830,3.1267252,70059.67
21831,3.1301339,70062.805
21832,3.1325192,70065.94
21833,3.1338491,70069.07
21834,3.1346562,70072.2
21835,3.134399,70075.336
21836,3.1326876,70078.47
21837,3.130924,70081.6
21838,3.1307473,70084.734
21839,3.131897,70087.87
21840,3.1328192,70091.0
21841,3.1338124,70094.13
21842,3.133583,70097.266
21843,3.1324658,70100.4
21844,3.1306524,70103.53
21845,3.1301937,70106.664
21846,3.1320145,70109.8
21847,3.1343322,70112.93
21848,3.1353357,70116.06
21849,3.13564,70119.195
21850,3.136117,70122.33
21851,3.1353064,70125.46
21852,3.134703,70128.59
21853,3.1337008,70131.73
21854,3.1328897,70134.86
21855,3.1331353,70137.99
21856,3.13502,70141.125
21857,3.1384063,70144.266
21858,3.1414316,70147.41
21859,3.1425982,70150.55
21860,3.1418424,70153.69
21861,3.1409447,70156.83
21862,3.1398077,70159.97
21863,3.1388824,70163.11
21864,3.1385286,70166.25
21865,3.1386154,70169.39
21866,3.1387477,70172.53
21867,3.1381373,70175.67
21868,3.1362786,70178.805
21869,3.1345732,70181.94
21870,3.1339138,70185.07
21871,3.133884,70188.2
21872,3.133176,70191.336
21873,3.1322222,70194.47
21874,3.1318307,70197.6
21875,3.1329558,70200.734
21876,3.1341374,70203.87
21877,3.134443,70207.0
21878,3.134183,70210.13
21879,3.133886,70213.266
21880,3.1341817,70216.4
21881,3.1341622,70219.53
21882,3.1336422,70222.664
21883,3.1320996,70225.8
21884,3.1302407,70228.93
21885,3.1288059,70232.055
21886,3.1285799,70235.18
21887,3.128724,70238.305
21888,3.1291397,70241.44
21889,3.128997,70244.57
21890,3.127725,70247.695
21891,3.126439,70250.82
21892,3.1265032,70253.945
21893,3.1282241,70257.07
21894,3.1309218,70260.2
21895,3.1339116,70263.336
21896,3.1362832,70266.47
21897,3.1371744,70269.61
21898,3.135086,70272.74
21899,3.1326048,70275.875
21900,3.1306584,70279.01
21901,3.1291857,70282.14
21902,3.1272497,70285.266
21903,3.1251361,70288.39
21904,3.1248233,70291.516
21905,3.124286,70294.64
21906,3.1238413,70297.766
21907,3.1231303,70300.89
21908,3.1233501,70304.016
21909,3.1244574,70307.14
21910,3.126631,70310.266
21911,3.1286745,70313.39
21912,3.1297393,70316.52
21913,3.1305127,70319.66
21914,3.1311183,70322.79
21915,3.1320312,70325.92
21916,3.1327121,70329.055
21917,3.1324594,70332.19
21918,3.1322436,70335.32
21919,3.1316926,70338.45
21920,3.1310983,70341.586
21921,3.1294267,70344.72
21922,3.1280208,70347.84
21923,3.127271,70350.97
21924,3.127642,70354.09
21925,3.1279247,70357.22
21926,3.1277745,70360.34
21927,3.1274264,70363.47
21928,3.1255124,70366.59
21929,3.1236238,70369.72
21930,3.123182,70372.84
21931,3.123285,70375.97
21932,3.1214595,70379.09
21933,3.1183362,70382.21
21934,3.1155627,70385.33
21935,3.1133957,70388.445
21936,3.1133897,70391.56
21937,3.113578,70394.68
21938,3.1136653,70397.8
21939,3.1134527,70400.914
21940,3.1134734,70404.03
21941,3.1123478,70407.14
21942,3.107919,70410.25
21943,3.1038966,70413.35
21944,3.1008713,70416.45
21945,3.099321,70419.555
21946,3.0985012,70422.66
21947,3.0964422,70425.75
21948,3.0942864,70428.84
21949,3.0931523,70431.94
21950,3.0951266,70435.03
21951,3.0978017,70438.13
21952,3.1014338,70441.234
21953,3.1049097,70444.336
21954,3.107927,70447.445
21955,3.111846,70450.555
21956,3.1154757,70453.67
21957,3.118173,70456.79
21958,3.119954,70459.91
21959,3.1217623,70463.03
21960,3.1229694,70466.16
21961,3.123957,70469.28
21962,3.1241317,70472.41
21963,3.1243336,70475.53
21964,3.1243474,70478.66
21965,3.124826,70481.78
21966,3.1252103,70484.91
21967,3.1259768,70488.03
21968,3.1275907,70491.16
21969,3.128924,70494.29
21970,3.1294594,70497.42
21971,3.1293576,70500.555
21972,3.1283877,70503.68
21973,3.1260448,70506.805
21974,3.124171,70509.93
21975,3.1225095,70513.055
21976,3.1222808,70516.18
21977,3.1229317,70519.305
21978,3.1238997,70522.43
21979,3.1240573,70525.555
21980,3.122366,70528.68
21981,3.1187124,70531.8
21982,3.11599,70534.914
21983,3.114187,70538.03
21984,3.1144507,70541.15
21985,3.1151166,70544.266
21986,3.115068,70547.38
21987,3.1159422,70550.5
21988,3.115855,70553.62
21989,3.1151369,70556.734
21990,3.1147387,70559.85
21991,3.1134675,70562.97
21992,3.1140785,70566.086
21993,3.114608,70569.2
21994,3.1156251,70572.32
21995,3.1155367,70575.44
21996,3.1145818,70578.555
21997,3.114415,70581.67
21998,3.1169112,70584.79
21999,3.1206546,70587.91
22000,3.124513,70591.03
22001,3.1271124,70594.16
22002,3.128586,70597.28
22003,3.1314504,70600.414
22004,3.1354153,70603.55
22005,3.1400824,70606.69
22006,3.1444955,70609.83
22007,3.1481164,70612.98
22008,3.1507835,70616.125
22009,3.1524692,70619.28
22010,3.1530774,70622.44
22011,3.153701,70625.59
22012,3.1517575,70628.74
22013,3.1490576,70631.89
22014,3.1471596,70635.04
22015,3.1459115,70638.19
22016,3.1453533,70641.336
22017,3.1443813,70644.48
22018,3.1430066,70647.62
22019,3.1426427,70650.76
22020,3.143802,70653.9
22021,3.1457825,70657.05
22022,3.1467407,70660.195
22023,3.1474724,70663.34
22024,3.1463747,70666.49
22025,3.1439438,70669.63
22026,3.141011,70672.77
22027,3.1395226,70675.914
22028,3.1394894,70679.055
22029,3.140475,70682.195
22030,3.142116,70685.336
22031,3.1439018,70688.48
22032,3.1453187,70691.625
22033,3.1448858,70694.77
22034,3.142799,70697.914
22035,3.140336,70701.055
22036,3.1389034,70704.195
22037,3.1380756,70707.336
22038,3.137107,70710.48
22039,3.1355927,70713.61
22040,3.13279,70716.74
22041,3.1299126,70719.875
22042,3.1278882,70723.0
22043,3.1272023,70726.125
22044,3.1273012,70729.25
22045,3.1283734,70732.375
22046,3.128905,70735.5
22047,3.1286228,70738.625
22048,3.1291313,70741.76
22049,3.1299841,70744.89
22050,3.1308508,70748.02
22051,3.1310556,70751.16
22052,3.1304207,70754.29
22053,3.130898,70757.42
22054,3.1322005,70760.555
22055,3.134016,70763.69
22056,3.1356647,70766.82
22057,3.137191,70769.96
22058,3.137593,70773.1
22059,3.1374402,70776.24
22060,3.1372867,70779.38
22061,3.1361525,70782.516
22062,3.1342883,70785.65
22063,3.131509,70788.78
22064,3.1291707,70791.914
22065,3.1277094,70795.04
22066,3.127991,70798.164
22067,3.1298761,70801.3
22068,3.133324,70804.43
22069,3.1359835,70807.56
22070,3.1368184,70810.7
22071,3.1359212,70813.836
22072,3.1346252,70816.97
22073,3.132283,70820.1
22074,3.1289377,70823.234
22075,3.125809,70826.36
22076,3.123263,70829.484
22077,3.12254,70832.61
22078,3.1222796,70835.734
22079,3.1206114,70838.85
22080,3.119605,70841.97
22081,3.1196573,70845.086
22082,3.1201437,70848.2
22083,3.1205127,70851.32
22084,3.1209137,70854.44
22085,3.1207492,70857.555
22086,3.1196837,70860.67
22087,3.1171057,70863.79
22088,3.1145265,70866.91
22089,3.112835,70870.016
22090,3.1140578,70873.13
22091,3.116336,70876.25
22092,3.1197095,70879.37
22093,3.122837,70882.49
22094,3.1233273,70885.62
22095,3.1212587,70888.74
22096,3.1177819,70891.86
22097,3.1156545,70894.98
22098,3.1148365,70898.09
22099,3.1156595,70901.21
22100,3.1175954,70904.33
22101,3.1183426,70907.445
22102,3.1175427,70910.56
22103,3.1169608,70913.68
22104,3.1185062,70916.8
22105,3.1216311,70919.92
22106,3.1259918,70923.05
22107,3.1288202,70926.17
22108,3.1302059,70929.305
22109,3.1306887,70932.44
22110,3.130707,70935.57
22111,3.130597,70938.7
22112,3.131445,70941.836
22113,3.1320794,70944.97
22114,3.1317067,70948.1
22115,3.1301994,70951.234
22116,3.1291084,70954.37
22117,3.1295826,70957.5
22118,3.131292,70960.63
22119,3.1326218,70963.766
22120,3.132415,70966.9
22121,3.1321123,70970.03
22122,3.131632,70973.164
22123,3.1310327,70976.3
22124,3.1301794,70979.43
22125,3.1302583,70982.56
22126,3.1318643,70985.695
22127,3.133244,70988.83
22128,3.1344619,70991.96
22129,3.1355202,70995.09
22130,3.134746,70998.23
22131,3.1328223,71001.36
22132,3.1296167,71004.49
22133,3.1279137,71007.62
22134,3.12702,71010.74
22135,3.1272683,71013.87
22136,3.1279123,71016.99
22137,3.129664,71020.125
22138,3.1315503,71023.26
22139,3.132654,71026.39
22140,3.1335018,71029.52
22141,3.1333978,71032.66
22142,3.133316,71035.79
22143,3.133505,71038.92
22144,3.1339362,71042.055
22145,3.1348228,71045.19
22146,3.136589,71048.32
22147,3.1387885,71051.46
22148,3.1404936,71054.6
22149,3.1407473,71057.74
22150,3.1404762,71060.88
22151,3.1399329,71064.02
22152,3.1387274,71067.164
22153,3.1377294,71070.305
22154,3.1366255,71073.44
22155,3.1366384,71076.57
22156,3.138589,71079.71
22157,3.1415105,71082.85
22158,3.1439624,71085.99
22159,3.146308,71089.14
22160,3.1464648,71092.29
22161,3.1449318,71095.44
22162,3.142262,71098.58
22163,3.139511,71101.72
22164,3.1379063,71104.86
22165,3.137843,71108.0
22166,3.1389139,71111.14
22167,3.1402502,71114.28
22168,3.1402576,71117.42
22169,3.139613,71120.56
22170,3.1388485,71123.7
22171,3.1370196,71126.84
22172,3.1341982,71129.98
22173,3.1306849,71133.11
22174,3.1283672,71136.234
22175,3.12791,71139.36
22176,3.1265085,71142.484
22177,3.1244497,71145.61
22178,3.122456,71148.734
22179,3.1195366,71151.85
22180,3.1177957,71154.97
22181,3.117068,71158.086
22182,3.117927,71161.2
22183,3.1204283,71164.32
22184,3.1238577,71167.445
22185,3.1277373,71170.57
22186,3.1299765,71173.7
22187,3.1315722,71176.836
22188,3.1329198,71179.97
22189,3.1332788,71183.1
22190,3.132029,71186.234
22191,3.1302617,71189.37
22192,3.1308687,71192.5
22193,3.1316528,71195.63
22194,3.132142,71198.766
22195,3.131715,71201.9
22196,3.1302493,71205.03
22197,3.1286669,71208.16
22198,3.1288502,71211.28
22199,3.130359,71214.414
22200,3.131691,71217.55
22201,3.1323223,71220.68
22202,3.131841,71223.81
22203,3.1303637,71226.945
22204,3.12993,71230.08
22205,3.1290002,71233.21
22206,3.1283035,71236.336
22207,3.1281195,71239.46
22208,3.1275146,71242.586
22209,3.1266687,71245.71
22210,3.1248355,71248.836
22211,3.123289,71251.96
22212,3.1217432,71255.086
22213,3.1207159,71258.2
22214,3.1193948,71261.32
22215,3.1190133,71264.44
22216,3.119227,71267.555
22217,3.1194425,71270.67
22218,3.11777,71273.79
22219,3.1149337,71276.91
22220,3.1131985,71280.016
22221,3.1115768,71283.125
22222,3.110136,71286.234
22223,3.1086135,71289.34
22224,3.108582,71292.45
22225,3.1095593,71295.56
22226,3.110888,71298.67
22227,3.1115372,71301.78
22228,3.1121101,71304.89
22229,3.1131794,71308.0
22230,3.1142898,71311.12
22231,3.1150806,71314.234
22232,3.1146884,71317.35
22233,3.1151943,71320.47
22234,3.1162548,71323.586
22235,3.1176257,71326.7
22236,3.1179976,71329.82
22237,3.1174037,71332.94
22238,3.1146822,71336.055
22239,3.1117315,71339.164
22240,3.1112263,71342.27
22241,3.111817,71345.38
22242,3.1121576,71348.49
22243,3.1117554,71351.6
22244,3.1102316,71354.71
22245,3.1095805,71357.82
22246,3.109919,71360.93
22247,3.110449,71364.04
22248,3.110293,71367.15
22249,3.1096356,71370.26
22250,3.1109068,71373.37
22251,3.1118438,71376.48
22252,3.1135974,71379.59
22253,3.1146789,71382.71
22254,3.1151154,71385.83
22255,3.116105,71388.945
22256,3.1187112,71392.06
22257,3.1211166,71395.19
22258,3.121921,71398.31
22259,3.1220372,71401.44
22260,3.1218526,71404.56
22261,3.1216698,71407.69
22262,3.121697,71410.81
22263,3.1219122,71413.94
22264,3.1219137,71417.06
22265,3.1203158,71420.18
22266,3.1172762,71423.3
22267,3.1160848,71426.414
22268,3.1184802,71429.53
22269,3.1216204,71432.66
22270,3.1251023,71435.78
22271,3.127326,71438.91
22272,3.1284337,71442.03
22273,3.1285625,71445.16
22274,3.126269,71448.28
22275,3.1249404,71451.41
22276,3.1252,71454.53
22277,3.126411,71457.66
22278,3.1257172,71460.78
22279,3.1237187,71463.91
22280,3.1224356,71467.03
22281,3.122487,71470.16
22282,3.1217372,71473.28
22283,3.121029,71476.4
22284,3.1197662,71479.516
22285,3.1179214,71482.63
22286,3.11662,71485.75
22287,3.1151896,71488.87
22288,3.1139405,71491.984
22289,3.1139226,71495.1
22290,3.115454,71498.22
22291,3.1166224,71501.336
22292,3.11662,71504.45
22293,3.1169412,71507.57
22294,3.1160858,71510.69
22295,3.1163857,71513.805
22296,3.1174016,71516.92
22297,3.1193032,71520.04
22298,3.1206446,71523.16
22299,3.121751,71526.28
22300,3.1232388,71529.41
22301,3.1239877,71532.53
22302,3.1252193,71535.66
22303,3.1264338,71538.78
22304,3.12804,71541.91
22305,3.1295502,71545.04
22306,3.130475,71548.17
22307,3.13067,71551.305
22308,3.1296217,71554.44
22309,3.1282475,71557.56
22310,3.1293194,71560.695
22311,3.1308756,71563.83
22312,3.1330507,71566.96
22313,3.1337826,71570.09
22314,3.1328897,71573.23
22315,3.132261,71576.36
22316,3.1330383,71579.49
22317,3.1342342,71582.625
22318,3.1340494,71585.76
22319,3.1324484,71588.89
22320,3.1305127,71592.02
22321,3.1297686,71595.16
22322,3.131282,71598.29
22323,3.133328,71601.42
22324,3.1347737,71604.555
22325,3.1355987,71607.69
22326,3.134731,71610.82
22327,3.1326811,71613.95
22328,3.1294844,71617.086
22329,3.1251955,71620.21
22330,3.1212814,71623.336
22331,3.1178682,71626.45
22332,3.1174176,71629.57
22333,3.1181128,71632.69
22334,3.1197426,71635.805
22335,3.1220107,71638.93
22336,3.1239514,71642.055
22337,3.1260052,71645.18
22338,3.127538,71648.305
22339,3.1292818,71651.44
22340,3.1300538,71654.57
22341,3.1316552,71657.7
22342,3.1321316,71660.836
22343,3.1317744,71663.97
22344,3.131687,71667.1
22345,3.132565,71670.234
22346,3.1331575,71673.37
22347,3.1340075,71676.5
22348,3.1329622,71679.63
22349,3.1313508,71682.766
22350,3.1308138,71685.9
22351,3.131776,71689.03
22352,3.1339962,71692.164
22353,3.1361654,71695.3
22354,3.1374016,71698.44
22355,3.1381269,71701.58
22356,3.1384246,71704.72
22357,3.1387715,71707.86
22358,3.1380103,71711.0
22359,3.1372757,71714.14
22360,3.1365588,71717.27
22361,3.1354115,71720.41
22362,3.1329336,71723.54
22363,3.130466,71726.67
22364,3.1286643,71729.8
22365,3.1274664,71732.92
22366,3.1259775,71736.05
22367,3.1246262,71739.17
22368,3.1233163,71742.3
22369,3.1226516,71745.42
22370,3.1233416,71748.55
22371,3.1243107,71751.67
22372,3.1245072,71754.8
22373,3.1236174,71757.92
22374,3.1223931,71761.05
22375,3.1215413,71764.17
22376,3.12229,71767.3
22377,3.122233,71770.42
22378,3.1232889,71773.55
22379,3.1235933,71776.67
22380,3.1228344,71779.8
22381,3.1207166,71782.914
22382,3.1186483,71786.03
22383,3.117057,71789.15
22384,3.1170702,71792.266
22385,3.1175346,71795.38
22386,3.1173391,71798.5
22387,3.1160634,71801.62
22388,3.1154552,71804.734
22389,3.116289,71807.85
22390,3.1165733,71810.97
22391,3.1144888,71814.086
22392,3.1132152,71817.195
22393,3.1141002,71820.31
22394,3.1176295,71823.43
22395,3.1213064,71826.555
22396,3.1223252,71829.68
22397,3.1225228,71832.805
22398,3.1219409,71835.93
22399,3.1234941,71839.055
22400,3.1282852,71842.18
22401,3.132742,71845.31
22402,3.1354418,71848.445
22403,3.1366343,71851.58
22404,3.137935,71854.72
22405,3.1397693,71857.86
22406,3.1396859,71861.0
22407,3.1373882,71864.14
22408,3.1331246,71867.27
22409,3.1293807,71870.41
22410,3.1267638,71873.53
22411,3.1245706,71876.66
22412,3.1231987,71879.78
22413,3.1224074,71882.91
22414,3.1240423,71886.03
22415,3.1257086,71889.16
22416,3.1265054,71892.28
22417,3.1259148,71895.41
22418,3.1229792,71898.53
22419,3.1206057,71901.65
22420,3.119128,71904.766
22421,3.118052,71907.88
22422,3.118353,71911.0
22423,3.1181226,71914.12
22424,3.1176126,71917.234
22425,3.1176105,71920.35
22426,3.1191573,71923.47
22427,3.1201904,71926.586
22428,3.1206167,71929.7
22429,3.12122,71932.83
22430,3.1226776,71935.95
22431,3.1242175,71939.08
22432,3.1242971,71942.2
22433,3.1227255,71945.33
22434,3.120924,71948.445
22435,3.1194208,71951.56
22436,3.1181915,71954.68
22437,3.1167748,71957.8
22438,3.114196,71960.914
22439,3.1105134,71964.02
22440,3.108197,71967.13
22441,3.1066065,71970.24
22442,3.1065266,71973.35
22443,3.108004,71976.46
22444,3.1104245,71979.57
22445,3.111493,71982.68
22446,3.1112244,71985.79
22447,3.1129706,71988.9
22448,3.115456,71992.016
22449,3.1186485,71995.13
22450,3.1200857,71998.25
22451,3.1196663,72001.37
22452,3.116826,72004.484
22453,3.1123323,72007.59
22454,3.109562,72010.7
22455,3.1092792,72013.81
22456,3.1097753,72016.92
22457,3.1102097,72020.03
22458,3.1112223,72023.14
22459,3.1129415,72026.25
22460,3.1142104,72029.37
22461,3.115224,72032.484
22462,3.1135101,72035.6
22463,3.110497,72038.71
22464,3.109943,72041.82
22465,3.111022,72044.93
22466,3.1139657,72048.05
22467,3.117057,72051.164
22468,3.1207235,72054.28
22469,3.1237218,72057.41
22470,3.1264517,72060.53
22471,3.1284027,72063.66
22472,3.1293197,72066.79
22473,3.129532,72069.92
22474,3.1298273,72073.055
22475,3.1297934,72076.19
22476,3.1285427,72079.31
22477,3.1266403,72082.44
22478,3.1237426,72085.56
22479,3.120076,72088.68
22480,3.116681,72091.8
22481,3.1136658,72094.914
22482,3.1113646,72098.02
22483,3.1093788,72101.13
22484,3.1089656,72104.24
22485,3.109461,72107.35
22486,3.1108518,72110.46
22487,3.1122055,72113.57
22488,3.1150417,72116.69
22489,3.1162233,72119.805
22490,3.1155956,72122.92
22491,3.114226,72126.04
22492,3.1109674,72129.15
22493,3.1084867,72132.26
22494,3.1094954,72135.37
22495,3.110403,72138.48
22496,3.109844,72141.586
22497,3.1087549,72144.695
22498,3.109046,72147.805
22499,3.1095154,72150.914
22500,3.110431,72154.02
22501,3.111229,72157.13
22502,3.1098058,72160.24
22503,3.1073673,72163.35
22504,3.105557,72166.46
22505,3.1058342,72169.57
22506,3.108487,72172.68
22507,3.112961,72175.79
22508,3.1173096,72178.91
22509,3.119953,72182.02
22510,3.1210642,72185.14
22511,3.1215124,72188.266
22512,3.1231782,72191.39
22513,3.127158,72194.516
22514,3.1301458,72197.65
22515,3.132501,72200.78
22516,3.1346626,72203.914
22517,3.1380794,72207.055
22518,3.1409874,72210.195
22519,3.1428752,72213.336
22520,3.142147,72216.48
22521,3.140353,72219.62
22522,3.1385808,72222.76
22523,3.1371143,72225.9
22524,3.136493,72229.03
22525,3.135314,72232.164
22526,3.1325548,72235.3
22527,3.1300464,72238.43
22528,3.1296725,72241.56
22529,3.1306272,72244.695
22530,3.1310108,72247.83
22531,3.1308277,72250.96
22532,3.1305666,72254.09
22533,3.1306872,72257.23
22534,3.1319225,72260.36
22535,3.134019,72263.49
22536,3.1356006,72266.625
22537,3.1369498,72269.766
22538,3.1372707,72272.91
22539,3.1370056,72276.05
22540,3.1355877,72279.18
22541,3.134114,72282.31
22542,3.1356044,72285.445
22543,3.1370068,72288.586
22544,3.1383061,72291.73
22545,3.1391013,72294.87
22546,3.139734,72298.01
22547,3.139811,72301.15
22548,3.1403465,72304.29
22549,3.1403344,72307.43
22550,3.1387477,72310.57
22551,3.1376479,72313.71
22552,3.1365283,72316.84
22553,3.1361675,72319.98
22554,3.1363726,72323.11
22555,3.1377406,72326.25
22556,3.140153,72329.39
22557,3.1420496,72332.53
22558,3.1432726,72335.67
22559,3.1427133,72338.81
22560,3.1420624,72341.95
22561,3.1423922,72345.09
22562,3.1431224,72348.234
22563,3.1434798,72351.375
22564,3.1424375,72354.516
22565,3.1424222,72357.66
22566,3.1426067,72360.8
22567,3.1426373,72363.94
22568,3.1419113,72367.08
22569,3.1402578,72370.22
22570,3.1387055,72373.36
22571,3.1376631,72376.5
22572,3.135994,72379.63
22573,3.1346865,72382.766
22574,3.1330333,72385.9
22575,3.1312118,72389.03
22576,3.129772,72392.164
22577,3.12908,72395.3
22578,3.1289291,72398.43
22579,3.1286893,72401.555
22580,3.1277273,72404.68
22581,3.1271908,72407.805
22582,3.1266131,72410.93
22583,3.12648,72414.055
22584,3.1268191,72417.18
22585,3.1271648,72420.305
22586,3.1276877,72423.43
22587,3.128516,72426.555
22588,3.1285207,72429.68
22589,3.1277194,72432.805
22590,3.1276262,72435.93
22591,3.1271307,72439.055
22592,3.1276386,72442.18
22593,3.1294134,72445.31
22594,3.133181,72448.445
22595,3.1354249,72451.58
22596,3.1349084,72454.71
22597,3.1334646,72457.84
22598,3.1320546,72460.98
22599,3.1305861,72464.11
22600,3.1282277,72467.234
22601,3.1255157,72470.36
22602,3.1243038,72473.484
22603,3.1244736,72476.61
22604,3.1263852,72479.734
22605,3.1291285,72482.87
22606,3.1313732,72486.0
22607,3.132395,72489.13
22608,3.131018,72492.266
22609,3.129512,72495.4
22610,3.128699,72498.52
22611,3.1279516,72501.65
22612,3.127215,72504.77
22613,3.1278155,72507.9
22614,3.1295705,72511.03
22615,3.1306899,72514.164
22616,3.131447,72517.3
22617,3.132199,72520.43
22618,3.133258,72523.56
22619,3.134104,72526.695
22620,3.1344497,72529.83
22621,3.1357458,72532.96
22622,3.1379797,72536.1
22623,3.1392157,72539.24
22624,3.1393857,72542.38
22625,3.1397297,72545.52
22626,3.1390681,72548.664
22627,3.1385906,72551.805
22628,3.1365469,72554.94
22629,3.1342242,72558.07
22630,3.1321762,72561.2
22631,3.1312048,72564.336
22632,3.1308963,72567.47
22633,3.1304882,72570.6
22634,3.1298337,72573.734
22635,3.1286812,72576.86
22636,3.1285653,72579.984
22637,3.1292505,72583.12
22638,3.1306293,72586.25
22639,3.1315415,72589.38
22640,3.132687,72592.516
22641,3.134576,72595.65
22642,3.137182,72598.79
22643,3.13907,72601.93
22644,3.140363,72605.07
22645,3.140965,72608.21
22646,3.1410549,72611.35
22647,3.1394103,72614.49
22648,3.1370177,72617.63
22649,3.1360588,72620.766
22650,3.135152,72623.9
22651,3.1354568,72627.03
22652,3.1353252,72630.164
22653,3.1350021,72633.3
22654,3.1338506,72636.43
22655,3.1327627,72639.56
22656,3.1315532,72642.695
22657,3.1299224,72645.83
22658,3.1283646,72648.95
22659,3.1274693,72652.08
22660,3.1279306,72655.2
22661,3.1294143,72658.336
22662,3.1332335,72661.47
22663,3.1371796,72664.61
22664,3.1392338,72667.75
22665,3.139462,72670.89
22666,3.138049,72674.03
22667,3.1366765,72677.164
22668,3.135772,72680.3
22669,3.1356447,72683.43
22670,3.13549,72686.56
22671,3.1349018,72689.695
22672,3.1331356,72692.83
22673,3.1298318,72695.96
22674,3.12596,72699.086
22675,3.1233337,72702.21
22676,3.1216698,72705.336
22677,3.1194713,72708.45
22678,3.1163125,72711.57
22679,3.1137087,72714.69
22680,3.113156,72717.8
22681,3.113453,72720.914
22682,3.1143737,72724.03
22683,3.1164422,72727.15
22684,3.117708,72730.266
22685,3.11805,72733.38
22686,3.1182513,72736.5
22687,3.1191397,72739.62
22688,3.1193607,72742.734
22689,3.1195858,72745.85
22690,3.1188903,72748.97
22691,3.1174188,72752.086
22692,3.1158726,72755.2
22693,3.1151311,72758.32
22694,3.1144128,72761.44
22695,3.1117938,72764.55
22696,3.108585,72767.66
22697,3.1063015,72770.766
22698,3.107243,72773.875
22699,3.1084845,72776.984
22700,3.1097767,72780.09
22701,3.1100512,72783.2
22702,3.1088576,72786.31
22703,3.1080434,72789.42
22704,3.1076827,72792.53
22705,3.1066318,72795.64
22706,3.1057012,72798.75
22707,3.1053934,72801.85
22708,3.1067245,72804.96
22709,3.1086655,72808.07
22710,3.1114132,72811.18
22711,3.114017,72814.3
22712,3.1158936,72817.414
22713,3.1165826,72820.53
22714,3.114124,72823.65
22715,3.1100423,72826.76
22716,3.1064768,72829.87
22717,3.1052325,72832.97
22718,3.1061838,72836.08
22719,3.1074343,72839.19
22720,3.1090243,72842.3
22721,3.1099932,72845.41
22722,3.1098645,72848.516
22723,3.1090758,72851.625
22724,3.1101978,72854.734
22725,3.1115682,72857.84
22726,3.113551,72860.96
22727,3.1159573,72864.08
22728,3.1182225,72867.195
22729,3.1204681,72870.31
22730,3.1212506,72873.44
22731,3.1210363,72876.555
22732,3.1217036,72879.68
22733,3.1221788,72882.805
22734,3.1234343,72885.93
22735,3.1250203,72889.055
22736,3.1273685,72892.18
22737,3.1295238,72895.31
22738,3.1312401,72898.445
22739,3.1316214,72901.58
22740,3.1318195,72904.71
22741,3.13229,72907.84
22742,3.1332839,72910.98
22743,3.1347687,72914.11
22744,3.1346612,72917.24
22745,3.1342685,72920.375
22746,3.134841,72923.51
22747,3.137079,72926.65
22748,3.136578,72929.78
22749,3.1341555,72932.914
22750,3.1304011,72936.05
22751,3.1280708,72939.17
22752,3.126644,72942.3
22753,3.1256642,72945.42
22754,3.124511,72948.55
22755,3.1233516,72951.67
22756,3.1233675,72954.8
22757,3.124777,72957.92
22758,3.124879,72961.05
22759,3.1236029,72964.17
22760,3.1227593,72967.3
22761,3.1219482,72970.42
22762,3.1214426,72973.55
22763,3.1210747,72976.664
22764,3.1217608,72979.79
22765,3.1238954,72982.914
22766,3.1267056,72986.04
22767,3.1281457,72989.164
22768,3.1284764,72992.29
22769,3.1294794,72995.42
22770,3.130881,72998.555
22771,3.1310873,73001.69
22772,3.1294732,73004.82
22773,3.1280596,73007.945
22774,3.1285272,73011.07
22775,3.1316597,73014.2
22776,3.135424,73017.336
22777,3.1379366,73020.48
22778,3.1384425,73023.62
22779,3.1380093,73026.76
22780,3.1383812,73029.9
22781,3.1395204,73033.04
22782,3.1404903,73036.18
22783,3.141395,73039.32
22784,3.1418848,73042.46
22785,3.1414583,73045.6
22786,3.1395967,73048.74
22787,3.1380672,73051.88
22788,3.135807,73055.016
22789,3.133849,73058.15
22790,3.132235,73061.28
22791,3.1313958,73064.414
22792,3.1327918,73067.55
22793,3.1342437,73070.68
22794,3.135626,73073.81
22795,3.13603,73076.945
22796,3.1353257,73080.08
22797,3.1339648,73083.21
22798,3.130789,73086.34
22799,3.1277273,73089.47
22800,3.1253407,73092.59
22801,3.1237133,73095.72
22802,3.121398,73098.84
22803,3.1168444,73101.96
22804,3.1127486,73105.07
22805,3.1102533,73108.18
22806,3.1084182,73111.29
22807,3.1065369,73114.4
22808,3.1050236,73117.5
22809,3.1058383,73120.61
22810,3.1086426,73123.72
22811,3.1125228,73126.83
22812,3.1150842,73129.945
22813,3.1165848,73133.06
22814,3.1154613,73136.18
22815,3.112716,73139.29
22816,3.1098495,73142.4
22817,3.1084042,73145.51
22818,3.107382,73148.62
22819,3.1063595,73151.73
22820,3.1050189,73154.83
22821,3.1039925,73157.93
22822,3.1035016,73161.03
22823,3.1037948,73164.13
22824,3.106315,73167.24
22825,3.1101034,73170.35
22826,3.1139355,73173.47
22827,3.1183105,73176.586
22828,3.1210299,73179.7
22829,3.1217403,73182.83
22830,3.121101,73185.95
22831,3.1202936,73189.07
22832,3.1189682,73192.19
22833,3.1169984,73195.305
22834,3.1153102,73198.42
22835,3.113261,73201.53
22836,3.1122417,73204.64
22837,3.1116095,73207.75
22838,3.109661,73210.86
22839,3.1071904,73213.97
22840,3.107045,73217.08
22841,3.109346,73220.19
22842,3.1130471,73223.3
22843,3.114352,73226.414
22844,3.1132336,73229.52
22845,3.1104465,73232.63
22846,3.1069655,73235.74
22847,3.101509,73238.84
22848,3.0969598,73241.94
22849,3.09336,73245.03
22850,3.0935597,73248.125
22851,3.096055,73251.22
22852,3.099519,73254.32
22853,3.1024506,73257.42
22854,3.1060593,73260.53
22855,3.109186,73263.64
22856,3.1104836,73266.75
22857,3.1099815,73269.86
22858,3.1092873,73272.97
22859,3.1086147,73276.08
22860,3.1086159,73279.19
22861,3.108813,73282.3
22862,3.108817,73285.41
22863,3.108461,73288.516
22864,3.110028,73291.625
22865,3.1125069,73294.734
22866,3.11405,73297.85
22867,3.114865,73300.97
22868,3.1142166,73304.086
22869,3.1133478,73307.2
22870,3.113767,73310.32
22871,3.1147797,73313.44
22872,3.1153493,73316.555
22873,3.11593,73319.67
22874,3.1173782,73322.79
22875,3.1204016,73325.91
22876,3.1240158,73329.03
22877,3.126824,73332.16
22878,3.1278267,73335.28
22879,3.1280246,73338.41
22880,3.127518,73341.53
22881,3.1250546,73344.66
22882,3.122522,73347.78
22883,3.1231987,73350.91
22884,3.1267226,73354.03
22885,3.1296055,73357.164
22886,3.129884,73360.3
22887,3.128832,73363.42
22888,3.1274664,73366.55
22889,3.125798,73369.67
22890,3.125202,73372.8
22891,3.1252184,73375.92
22892,3.1260948,73379.05
22893,3.1269705,73382.17
22894,3.129096,73385.305
22895,3.131357,73388.44
22896,3.133604,73391.57
22897,3.1351488,73394.7
22898,3.135799,73397.836
22899,3.136986,73400.98
22900,3.137495,73404.12
22901,3.1393857,73407.26
22902,3.1418238,73410.4
22903,3.1442041,73413.54
22904,3.1465733,73416.69
22905,3.148864,73419.836
22906,3.1493318,73422.984
22907,3.148557,73426.13
22908,3.1470408,73429.28
22909,3.1461704,73432.43
22910,3.1452854,73435.58
22911,3.1448207,73438.73
22912,3.1448407,73441.875
22913,3.145046,73445.02
22914,3.1459029,73448.17
22915,3.1472254,73451.32
22916,3.148166,73454.47
22917,3.149167,73457.62
22918,3.1492736,73460.766
22919,3.148092,73463.914
22920,3.1454713,73467.06
22921,3.142778,73470.2
22922,3.1419978,73473.34
22923,3.1420712,73476.484
22924,3.1416097,73479.625
22925,3.1411147,73482.766
22926,3.1415777,73485.91
22927,3.1431832,73489.05
22928,3.1453588,73492.195
22929,3.1470077,73495.34
22930,3.1484845,73498.49
22931,3.1497326,73501.64
22932,3.1513443,73504.79
22933,3.1526778,73507.945
22934,3.1532257,73511.1
22935,3.1531026,73514.26
22936,3.152988,73517.414
22937,3.1531844,73520.57
22938,3.1533275,73523.73
22939,3.153915,73526.88
22940,3.1532652,73530.04
22941,3.1512902,73533.19
22942,3.148309,73536.336
22943,3.1460674,73539.484
22944,3.1448889,73542.63
22945,3.144468,73545.77
22946,3.1435726,73548.914
22947,3.1432848,73552.055
22948,3.1423965,73555.195
22949,3.1416042,73558.336
22950,3.140671,73561.48
22951,3.14021,73564.62
22952,3.140307,73567.76
22953,3.140913,73570.9
22954,3.1422842,73574.04
22955,3.1423235,73577.18
22956,3.1393466,73580.32
22957,3.134199,73583.45
22958,3.129807,73586.586
22959,3.1269293,73589.71
22960,3.1266973,73592.836
22961,3.1283913,73595.96
22962,3.1305742,73599.09
22963,3.1328905,73602.23
22964,3.1324124,73605.36
22965,3.1306775,73608.49
22966,3.1283638,73611.62
22967,3.126885,73614.74
22968,3.1260915,73617.87
22969,3.12397,73620.99
22970,3.1201181,73624.11
22971,3.1163955,73627.23
22972,3.1139226,73630.34
22973,3.1134484,73633.46
22974,3.1153295,73636.58
22975,3.1184196,73639.695
22976,3.1216066,73642.82
22977,3.123475,73645.945
22978,3.124067,73649.07
22979,3.1248062,73652.195
22980,3.1245837,73655.32
22981,3.124728,73658.445
22982,3.1264164,73661.57
22983,3.128488,73664.695
22984,3.1302316,73667.83
22985,3.129797,73670.96
22986,3.1302047,73674.09
22987,3.1313663,73677.23
22988,3.1326306,73680.36
22989,3.1320348,73683.49
22990,3.1291153,73686.625
22991,3.1269946,73689.75
22992,3.1270664,73692.875
22993,3.1288033,73696.0
22994,3.1294892,73699.13
22995,3.128697,73702.26
22996,3.1257,73705.38
22997,3.122864,73708.51
22998,3.1201372,73711.625
22999,3.117954,73714.74
23000,3.1170447,73717.86
23001,3.1174557,73720.98
23002,3.1186144,73724.09
23003,3.1196783,73727.21
23004,3.1191647,73730.33
23005,3.1175952,73733.445
23006,3.116109,73736.56
23007,3.1138024,73739.68
23008,3.110842,73742.79
23009,3.109108,73745.9
23010,3.1074896,73749.01
23011,3.1070611,73752.12
23012,3.1043036,73755.22
23013,3.1015267,73758.32
23014,3.1021316,73761.42
23015,3.104219,73764.52
23016,3.1062028,73767.63
23017,3.107145,73770.74
23018,3.1088266,73773.85
23019,3.1118207,73776.96
23020,3.1153686,73780.08
23021,3.1185217,73783.195
23022,3.119317,73786.31
23023,3.1189368,73789.43
23024,3.1184986,73792.55
23025,3.1172252,73795.664
23026,3.1140552,73798.78
23027,3.110622,73801.89
23028,3.1103897,73805.0
23029,3.1102087,73808.11
23030,3.1104128,73811.22
23031,3.111744,73814.33
23032,3.1142187,73817.445
23033,3.1182349,73820.56
23034,3.122284,73823.69
23035,3.1260245,73826.81
23036,3.1291754,73829.945
23037,3.1311336,73833.08
23038,3.1314232,73836.21
23039,3.1303735,73839.34
23040,3.129652,73842.48
23041,3.1284301,73845.6
23042,3.1273074,73848.73
23043,3.1265798,73851.85
23044,3.1262937,73854.98
23045,3.1259701,73858.1
23046,3.124194,73861.23
23047,3.1216464,73864.35
23048,3.11915,73867.47
23049,3.1179526,73870.586
23050,3.1178272,73873.7
23051,3.1171453,73876.82
23052,3.1154408,73879.94
23053,3.1119976,73883.05
23054,3.1082668,73886.16
23055,3.10481,73889.26
23056,3.1056442,73892.37
23057,3.107555,73895.48
23058,3.110862,73898.586
23059,3.1130035,73901.695
23060,3.1122806,73904.805
23061,3.1105404,73907.914
23062,3.1096087,73911.02
23063,3.1100752,73914.13
23064,3.1097176,73917.24
23065,3.10805,73920.35
23066,3.1060805,73923.46
23067,3.1059637,73926.57
23068,3.1078036,73929.68
23069,3.1088934,73932.79
23070,3.1082668,73935.9
23071,3.1068044,73939.01
23072,3.1047823,73942.11
23073,3.1030977,73945.21
23074,3.1024678,73948.31
23075,3.102401,73951.414
23076,3.1017659,73954.516
23077,3.1020029,73957.62
23078,3.1048443,73960.72
23079,3.108185,73963.83
23080,3.1114552,73966.94
23081,3.113688,73970.055
23082,3.1157982,73973.17
23083,3.1176083,73976.29
23084,3.1186867,73979.41
23085,3.1192365,73982.52
23086,3.1194408,73985.64
23087,3.1194293,73988.76
23088,3.1191266,73991.875
23089,3.11948,73994.99
23090,3.1189957,73998.11
23091,3.1181893,74001.23
23092,3.117542,74004.34
23093,3.116704,74007.46
23094,3.1142986,74010.58
23095,3.1123505,74013.69
23096,3.1131864,74016.8
23097,3.1158364,74019.914
23098,3.1194286,74023.03
23099,3.122633,74026.16
23100,3.1233687,74029.28
23101,3.123408,74032.41
23102,3.1238742,74035.53
23103,3.123903,74038.66
23104,3.1231058,74041.78
23105,3.123046,74044.91
23106,3.123521,74048.03
23107,3.125501,74051.16
23108,3.1265426,74054.28
23109,3.1262221,74057.41
23110,3.1242833,74060.53
23111,3.122601,74063.66
23112,3.1227224,74066.78
23113,3.1233037,74069.91
23114,3.1248279,74073.03
23115,3.1259143,74076.16
23116,3.128097,74079.28
23117,3.1301928,74082.414
23118,3.1312485,74085.55
23119,3.1326675,74088.68
23120,3.133227,74091.81
23121,3.1329741,74094.945
23122,3.1328511,74098.08
23123,3.1339202,74101.21
23124,3.135836,74104.34
23125,3.1381762,74107.484
23126,3.140997,74110.625
23127,3.1437345,74113.766
23128,3.145823,74116.914
23129,3.1472886,74120.06
23130,3.147416,74123.21
23131,3.146437,74126.36
23132,3.1444232,74129.5
23133,3.1416337,74132.64
23134,3.139276,74135.78
23135,3.1364534,74138.914
23136,3.1351943,74142.05
23137,3.1348522,74145.18
23138,3.135094,74148.31
23139,3.134845,74151.445
23140,3.1342545,74154.58
23141,3.1340115,74157.71
23142,3.1339672,74160.84
23143,3.1341655,74163.98
23144,3.133211,74167.11
23145,3.1322765,74170.24
23146,3.1292672,74173.375
23147,3.1259449,74176.5
23148,3.1241064,74179.625
23149,3.1233654,74182.75
23150,3.1224105,74185.875
23151,3.1204164,74188.99
23152,3.119595,74192.11
23153,3.1203313,74195.23
23154,3.1232922,74198.35
23155,3.1252027,74201.48
23156,3.1248813,74204.6
23157,3.1241522,74207.73
23158,3.1227307,74210.85
23159,3.121446,74213.98
23160,3.1218657,74217.1
23161,3.1221564,74220.23
23162,3.1220694,74223.35
23163,3.1215215,74226.48
23164,3.121436,74229.6
23165,3.1234207,74232.73
23166,3.1255684,74235.85
23167,3.12782,74238.98
23168,3.1279411,74242.1
23169,3.1270761,74245.23
23170,3.12546,74248.35
23171,3.1231475,74251.48
23172,3.1196706,74254.59
23173,3.1166115,74257.71
23174,3.115229,74260.83
23175,3.1146502,74263.945
23176,3.1140442,74267.06
23177,3.1124258,74270.17
23178,3.111187,74273.28
23179,3.1110952,74276.39
23180,3.1114938,74279.5
23181,3.1114385,74282.61
23182,3.11277,74285.72
23183,3.1135375,74288.836
23184,3.1128914,74291.945
23185,3.11063,74295.055
23186,3.107215,74298.164
23187,3.1043885,74301.266
23188,3.1039996,74304.37
23189,3.1048486,74307.47
23190,3.1075943,74310.58
23191,3.1095965,74313.69
23192,3.1101665,74316.8
23193,3.1111286,74319.91
23194,3.1118221,74323.016
23195,3.111195,74326.125
23196,3.1109908,74329.234
23197,3.1112611,74332.34
23198,3.1119106,74335.45
23199,3.1116168,74338.56
23200,3.110898,74341.67
23201,3.1116617,74344.78
23202,3.1130207,74347.89
23203,3.1143954,74351.01
23204,3.1148543,74354.125
23205,3.1151667,74357.24
23206,3.1142786,74360.36
23207,3.1123352,74363.47
23208,3.1103876,74366.58
23209,3.1084747,74369.69
23210,3.107375,74372.8
23211,3.1077054,74375.91
23212,3.1115944,74379.016
23213,3.1170068,74382.13
23214,3.1196718,74385.25
23215,3.1198323,74388.37
23216,3.1185715,74391.484
23217,3.1174884,74394.6
23218,3.1164784,74397.72
23219,3.1142285,74400.836
23220,3.113908,74403.95
23221,3.1159725,74407.07
23222,3.1179702,74410.19
23223,3.1185207,74413.305
23224,3.1169753,74416.42
23225,3.11564,74419.54
23226,3.1154635,74422.66
23227,3.1160982,74425.77
23228,3.117983,74428.89
23229,3.118997,74432.01
23230,3.1178298,74435.125
23231,3.11656,74438.24
23232,3.1155846,74441.36
23233,3.115848,74444.48
23234,3.1166356,74447.59
23235,3.118474,74450.71
23236,3.1214037,74453.836
23237,3.123962,74456.96
23238,3.1242855,74460.086
23239,3.1242707,74463.21
23240,3.1237893,74466.336
23241,3.1232982,74469.46
23242,3.1236923,74472.586
23243,3.124023,74475.71
23244,3.1233165,74478.836
23245,3.122268,74481.96
23246,3.1217208,74485.086
23247,3.1205707,74488.2
23248,3.1193738,74491.32
23249,3.1175237,74494.44
23250,3.1168294,74497.555
23251,3.1163442,74500.67
23252,3.1165423,74503.79
23253,3.1164234,74506.91
23254,3.1161962,74510.02
23255,3.1158352,74513.14
23256,3.116085,74516.26
23257,3.1166034,74519.375
23258,3.1160805,74522.49
23259,3.1161695,74525.61
23260,3.1152685,74528.73
23261,3.1151059,74531.84
23262,3.1147199,74534.96
23263,3.1143475,74538.08
23264,3.11385,74541.195
23265,3.1142132,74544.31
23266,3.1160414,74547.43
23267,3.1187932,74550.55
23268,3.1220448,74553.67
23269,3.1236887,74556.8
23270,3.122697,74559.92
23271,3.1215148,74563.05
23272,3.1206872,74566.164
23273,3.1191843,74569.28
23274,3.1178467,74572.4
23275,3.11657,74575.516
23276,3.1165373,74578.63
23277,3.1171324,74581.75
23278,3.119533,74584.87
23279,3.1218495,74587.99
23280,3.1232095,74591.12
23281,3.1238458,74594.24
23282,3.1238196,74597.37
23283,3.123923,74600.49
23284,3.1249173,74603.62
23285,3.126109,74606.74
23286,3.1289215,74609.875
23287,3.1312196,74613.01
23288,3.13276,74616.14
23289,3.1341486,74619.27
23290,3.1354706,74622.41
23291,3.1368952,74625.55
23292,3.1371331,74628.69
23293,3.137817,74631.83
23294,3.1387846,74634.97
23295,3.139779,74638.11
23296,3.1395345,74641.25
23297,3.1378524,74644.39
23298,3.1368225,74647.53
23299,3.1366699,74650.664
23300,3.1374621,74653.805
23301,3.1395464,74656.945
23302,3.1415753,74660.086
23303,3.1426482,74663.23
23304,3.1411939,74666.37
23305,3.1396098,74669.51
23306,3.1388788,74672.65
23307,3.1380763,74675.79
23308,3.1375473,74678.93
23309,3.1368914,74682.07
23310,3.136182,74685.2
23311,3.1374567,74688.34
23312,3.1410515,74691.484
23313,3.1449182,74694.63
23314,3.1474488,74697.78
23315,3.1492784,74700.93
23316,3.1488094,74704.08
23317,3.1478205,74707.23
23318,3.1465404,74710.375
23319,3.1444354,74713.516
23320,3.1417596,74716.66
23321,3.1382558,74719.8
23322,3.1360369,74722.93
23323,3.1359863,74726.06
23324,3.1386898,74729.2
23325,3.142163,74732.34
23326,3.1436038,74735.484
23327,3.1435454,74738.625
23328,3.1414752,74741.766
23329,3.1396616,74744.91
23330,3.137455,74748.05
23331,3.1349173,74751.18
23332,3.1321995,74754.31
23333,3.1299374,74757.445
23334,3.1293166,74760.58
23335,3.1305547,74763.71
23336,3.1323342,74766.84
23337,3.1337392,74769.98
23338,3.1350298,74773.11
23339,3.1354926,74776.24
23340,3.1360524,74779.375
23341,3.1364617,74782.51
23342,3.1370769,74785.65
23343,3.1380963,74788.79
23344,3.1384811,74791.93
23345,3.1386163,74795.07
23346,3.1388445,74798.21
23347,3.1399722,74801.35
23348,3.1410718,74804.49
23349,3.1420631,74807.63
23350,3.1421864,74810.77
23351,3.1427398,74813.914
23352,3.1433575,74817.055
23353,3.1443503,74820.195
23354,3.1455572,74823.34
23355,3.1458077,74826.49
23356,3.1451,74829.64
23357,3.142791,74832.78
23358,3.140334,74835.92
23359,3.1388054,74839.06
23360,3.1395335,74842.2
23361,3.141726,74845.34
23362,3.14404,74848.484
23363,3.1455572,74851.63
23364,3.1458507,74854.78
23365,3.1447916,74857.93
23366,3.1439364,74861.07
23367,3.143135,74864.21
23368,3.142647,74867.35
23369,3.1425488,74870.49
23370,3.1423693,74873.63
23371,3.142067,74876.77
23372,3.1416118,74879.914
23373,3.1407216,74883.055
23374,3.1379988,74886.195
23375,3.134862,74889.33
23376,3.1320872,74892.46
23377,3.1289957,74895.59
23378,3.126485,74898.72
23379,3.1239705,74901.84
23380,3.1218452,74904.97
23381,3.1193707,74908.086
23382,3.1164696,74911.2
23383,3.113995,74914.32
23384,3.1128092,74917.43
23385,3.1132627,74920.54
23386,3.1141472,74923.66
23387,3.1151352,74926.77
23388,3.1169012,74929.89
23389,3.1181018,74933.01
23390,3.1176977,74936.125
23391,3.11598,74939.24
23392,3.113654,74942.36
23393,3.1115253,74945.47
23394,3.1104162,74948.58
23395,3.1105492,74951.69
23396,3.1121476,74954.8
23397,3.1150136,74957.914
23398,3.1167798,74961.03
23399,3.1183116,74964.15
23400,3.1196725,74967.266
23401,3.1203039,74970.38
23402,3.121741,74973.51
23403,3.1238282,74976.63
23404,3.1259573,74979.76
23405,3.1265442,74982.88
23406,3.1262996,74986.01
23407,3.1258588,74989.13
23408,3.125615,74992.26
23409,3.1261902,74995.38
23410,3.1259909,74998.51
23411,3.1245272,75001.63
23412,3.1244211,75004.76
23413,3.124622,75007.88
23414,3.1241174,75011.01
23415,3.1237993,75014.13
23416,3.123266,75017.26
23417,3.123323,75020.38
23418,3.1238055,75023.51
23419,3.1236749,75026.63
23420,3.124666,75029.76
23421,3.1249497,75032.88
23422,3.1263826,75036.01
23423,3.1277566,75039.13
23424,3.1298082,75042.266
23425,3.131265,75045.4
23426,3.1312778,75048.53
23427,3.129952,75051.664
23428,3.1289003,75054.79
23429,3.1281357,75057.914
23430,3.1278658,75061.04
23431,3.126958,75064.164
23432,3.1269774,75067.29
23433,3.1271863,75070.414
23434,3.1272867,75073.54
23435,3.1270478,75076.664
23436,3.1262352,75079.79
23437,3.1256037,75082.914
23438,3.1263952,75086.04
23439,3.126947,75089.164
23440,3.126225,75092.29
23441,3.1253438,75095.414
23442,3.1241193,75098.54
23443,3.1224818,75101.664
23444,3.1219485,75104.79
23445,3.123958,75107.914
23446,3.1280377,75111.04
23447,3.1332886,75114.17
23448,3.1365328,75117.305
23449,3.1380017,75120.445
23450,3.1379645,75123.586
23451,3.137608,75126.73
23452,3.1376207,75129.87
23453,3.1378784,75133.01
23454,3.1379776,75136.15
23455,3.1377869,75139.29
23456,3.137826,75142.43
23457,3.1379492,75145.57
23458,3.1379342,75148.71
23459,3.137333,75151.85
23460,3.1383438,75154.99
23461,3.1395288,75158.13
23462,3.1407437,75161.27
23463,3.1425116,75164.414
23464,3.143442,75167.555
23465,3.1432836,75170.695
23466,3.1404283,75173.836
23467,3.1358986,75176.97
23468,3.132912,75180.1
23469,3.1311433,75183.234
23470,3.1297848,75186.37
23471,3.1291146,75189.5
23472,3.1299179,75192.63
23473,3.1311529,75195.766
23474,3.1320956,75198.9
23475,3.1330156,75202.03
23476,3.133111,75205.164
23477,3.131686,75208.3
23478,3.1294134,75211.43
23479,3.128403,75214.555
23480,3.1273503,75217.68
23481,3.1267605,75220.805
23482,3.127566,75223.93
23483,3.1290054,75227.06
23484,3.1304033,75230.195
23485,3.1303957,75233.33
23486,3.1279345,75236.45
23487,3.124684,75239.58
23488,3.1220496,75242.7
23489,3.1212153,75245.83
23490,3.121834,75248.95
23491,3.123129,75252.08
23492,3.125019,75255.2
23493,3.1264048,75258.33
23494,3.1270578,75261.45
23495,3.1271856,75264.58
23496,3.1252654,75267.7
23497,3.1231756,75270.83
23498,3.1191595,75273.945
23499,3.1150486,75277.06
23500,3.114013,75280.18
23501,3.114844,75283.3
23502,3.1171288,75286.414
23503,3.1186895,75289.53
23504,3.1184094,75292.65
23505,3.117448,75295.766
23506,3.1173973,75298.88
23507,3.117794,75302.0
23508,3.117505,75305.12
23509,3.1170003,75308.234
23510,3.115993,75311.35
23511,3.114234,75314.47
23512,3.114226,75317.586
23513,3.11461,75320.7
23514,3.1159093,75323.82
23515,3.1171875,75326.94
23516,3.1170185,75330.055
23517,3.1164541,75333.17
23518,3.1148975,75336.29
23519,3.111968,75339.4
23520,3.1095173,75342.51
23521,3.1084235,75345.62
23522,3.1096056,75348.73
23523,3.1113014,75351.836
23524,3.1124096,75354.945
23525,3.1131747,75358.055
23526,3.1136892,75361.17
23527,3.1140823,75364.29
23528,3.114994,75367.41
23529,3.1163769,75370.52
23530,3.1180542,75373.64
23531,3.1201456,75376.76
23532,3.1212878,75379.88
23533,3.1203487,75383.0
23534,3.1188867,75386.12
23535,3.1169446,75389.234
23536,3.1169336,75392.35
23537,3.1180966,75395.47
23538,3.1190023,75398.586
23539,3.120279,75401.7
23540,3.1198616,75404.82
23541,3.1201196,75407.94
23542,3.1215475,75411.06
23543,3.122377,75414.19
23544,3.1222448,75417.31
23545,3.1204872,75420.43
23546,3.1176372,75423.55
23547,3.1151226,75426.664
23548,3.1164334,75429.78
23549,3.1171865,75432.9
23550,3.117478,75436.016
23551,3.1171849,75439.13
23552,3.115922,75442.25
23553,3.1145391,75445.37
23554,3.1124887,75448.48
23555,3.1086721,75451.586
23556,3.1043315,75454.69
23557,3.0992355,75457.79
23558,3.0957046,75460.88
23559,3.0935025,75463.98
23560,3.094151,75467.07
23561,3.0981283,75470.17
23562,3.1014144,75473.27
23563,3.1031475,75476.375
23564,3.1022875,75479.48
23565,3.1033185,75482.58
23566,3.1076422,75485.69
23567,3.1118486,75488.8
23568,3.1142843,75491.914
23569,3.116332,75495.03
23570,3.118206,75498.15
23571,3.1208699,75501.266
23572,3.1236446,75504.39
23573,3.1255193,75507.516
23574,3.12448,75510.64
23575,3.1219695,75513.766
23576,3.1172266,75516.88
23577,3.1139684,75520.0
23578,3.1134033,75523.12
23579,3.1158285,75526.234
23580,3.1171288,75529.35
23581,3.1167443,75532.47
23582,3.1147118,75535.586
23583,3.1132135,75538.695
23584,3.1135242,75541.81
23585,3.113187,75544.92
23586,3.1119277,75548.03
23587,3.1100566,75551.14
23588,3.1091778,75554.25
23589,3.1092699,75557.36
23590,3.1108947,75560.47
23591,3.1133423,75563.586
23592,3.1146688,75566.7
23593,3.1145623,75569.82
23594,3.1157393,75572.94
23595,3.1178796,75576.055
23596,3.1220846,75579.18
23597,3.125989,75582.305
23598,3.127121,75585.43
23599,3.1265097,75588.555
23600,3.125207,75591.68
23601,3.1233249,75594.805
23602,3.1221287,75597.93
23603,3.1212473,75601.055
23604,3.1196208,75604.17
23605,3.1176236,75607.29
23606,3.1159236,75610.41
23607,3.1157672,75613.52
23608,3.1174111,75616.64
23609,3.1181219,75619.76
23610,3.1170437,75622.875
23611,3.11517,75625.99
23612,3.1148458,75629.11
23613,3.1150734,75632.23
23614,3.1164098,75635.34
23615,3.118165,75638.46
23616,3.1196015,75641.58
23617,3.1206381,75644.695
23618,3.122993,75647.82
23619,3.123843,75650.945
23620,3.1244159,75654.07
23621,3.124844,75657.195
23622,3.1238856,75660.32
23623,3.1225598,75663.445
23624,3.121037,75666.56
23625,3.1198494,75669.68
23626,3.121007,75672.8
23627,3.1234696,75675.92
23628,3.1241045,75679.05
23629,3.12296,75682.17
23630,3.1221383,75685.3
23631,3.1237853,75688.42
23632,3.1259975,75691.55
23633,3.12768,75694.67
23634,3.1275723,75697.8
23635,3.1259518,75700.92
23636,3.1231053,75704.05
23637,3.1214519,75707.17
23638,3.1209242,75710.29
23639,3.1207845,75713.41
23640,3.119917,75716.52
23641,3.1193047,75719.64
23642,3.1185658,75722.76
23643,3.118479,75725.875
23644,3.1189444,75728.99
23645,3.1206305,75732.11
23646,3.1238656,75735.234
23647,3.1269884,75738.36
23648,3.129106,75741.49
23649,3.1300268,75744.625
23650,3.1309998,75747.76
23651,3.1329584,75750.89
23652,3.134771,75754.02
23653,3.1360545,75757.16
23654,3.1361766,75760.29
23655,3.1371825,75763.43
23656,3.1375787,75766.57
23657,3.138037,75769.71
23658,3.1387742,75772.85
23659,3.1383393,75775.99
23660,3.137678,75779.13
23661,3.1373973,75782.27
23662,3.1367104,75785.41
23663,3.1357684,75788.54
23664,3.135131,75791.67
23665,3.1341095,75794.805
23666,3.132896,75797.94
23667,3.1316807,75801.07
23668,3.1322637,75804.2
23669,3.133063,75807.336
23670,3.132747,75810.47
23671,3.1325493,75813.6
23672,3.133122,75816.734
23673,3.1336792,75819.87
23674,3.1348662,75823.0
23675,3.1356683,75826.13
23676,3.136186,75829.266
23677,3.1367614,75832.41
23678,3.13876,75835.55
23679,3.1402278,75838.69
23680,3.1397922,75841.83
23681,3.1389217,75844.97
23682,3.1387742,75848.11
23683,3.1393862,75851.25
23684,3.1396153,75854.39
23685,3.1387951,75857.53
23686,3.1367981,75860.67
23687,3.135542,75863.805
23688,3.1353786,75866.94
23689,3.1354403,75870.07
23690,3.1341796,75873.2
23691,3.132698,75876.336
23692,3.1307666,75879.47
23693,3.128089,75882.59
23694,3.1253655,75885.72
23695,3.1226146,75888.84
23696,3.1201549,75891.96
23697,3.120231,75895.08
23698,3.12359,75898.2
23699,3.1272724,75901.33
23700,3.1304843,75904.46
23701,3.1334689,75907.59
23702,3.1344135,75910.73
23703,3.1343822,75913.86
23704,3.1328392,75916.99
23705,3.1312609,75920.125
23706,3.1296709,75923.26
23707,3.1284533,75926.38
23708,3.1282218,75929.51
23709,3.1286187,75932.63
23710,3.1295342,75935.766
23711,3.1304164,75938.9
23712,3.1317608,75942.03
23713,3.1327307,75945.164
23714,3.133301,75948.3
23715,3.1331055,75951.43
23716,3.1324227,75954.56
23717,3.1317482,75957.695
23718,3.131568,75960.83
23719,3.1318293,75963.96
23720,3.130646,75967.09
23721,3.1307604,75970.23
23722,3.1312845,75973.36
23723,3.131358,75976.49
23724,3.1307042,75979.625
23725,3.1307368,75982.76
23726,3.1311111,75985.89
23727,3.1305523,75989.02
23728,3.1300278,75992.16
23729,3.1298392,75995.29
23730,3.130545,75998.42
23731,3.13259,76001.555
23732,3.1344357,76004.69
23733,3.1345274,76007.82
23734,3.133424,76010.95
23735,3.1321578,76014.086
23736,3.130534,76017.22
23737,3.1283724,76020.34
23738,3.1261961,76023.47
23739,3.1244824,76026.59
23740,3.1229687,76029.72
23741,3.1213639,76032.84
23742,3.1190255,76035.96
23743,3.1170294,76039.08
23744,3.1165948,76042.195
23745,3.1161358,76045.31
23746,3.115431,76048.43
23747,3.1153176,76051.55
23748,3.1167386,76054.664
23749,3.1196446,76057.78
23750,3.123182,76060.91
23751,3.1264508,76064.03
23752,3.1265025,76067.16
23753,3.1253283,76070.28
23754,3.1266034,76073.41
23755,3.12793,76076.53
23756,3.1281636,76079.66
23757,3.1274734,76082.78
23758,3.1265936,76085.91
23759,3.1270568,76089.03
23760,3.1293547,76092.164
23761,3.1315832,76095.3
23762,3.1320562,76098.43
23763,3.1312957,76101.56
23764,3.1308389,76104.695
23765,3.1300304,76107.83
23766,3.1300232,76110.96
23767,3.1291933,76114.09
23768,3.1278338,76117.22
23769,3.1273134,76120.34
23770,3.1276844,76123.47
23771,3.1280632,76126.59
23772,3.128029,76129.72
23773,3.129303,76132.85
23774,3.1309607,76135.984
23775,3.1320822,76139.12
23776,3.1323116,76142.25
23777,3.131992,76145.38
23778,3.1308455,76148.516
23779,3.130759,76151.65
23780,3.1297927,76154.78
23781,3.1293306,76157.914
23782,3.1286006,76161.04
23783,3.1290853,76164.17
23784,3.1293032,76167.305
23785,3.127669,76170.43
23786,3.1247442,76173.555
23787,3.122259,76176.68
23788,3.1218703,76179.805
23789,3.1217108,76182.93
23790,3.1215408,76186.055
23791,3.1217585,76189.18
23792,3.1240773,76192.305
23793,3.126534,76195.43
23794,3.1276672,76198.555
23795,3.1294503,76201.69
23796,3.1315243,76204.82
23797,3.1324608,76207.95
23798,3.1310315,76211.086
23799,3.1297069,76214.22
23800,3.1279547,76217.34
23801,3.1260724,76220.47
23802,3.124706,76223.59
23803,3.1252365,76226.72
23804,3.124198,76229.84
23805,3.1205504,76232.96
23806,3.1167986,76236.08
23807,3.1138332,76239.195
23808,3.114423,76242.31
23809,3.1151145,76245.43
23810,3.1146479,76248.55
23811,3.113522,76251.664
23812,3.1145468,76254.78
23813,3.1165547,76257.9
23814,3.118245,76261.016
23815,3.1194308,76264.13
23816,3.1201966,76267.25
23817,3.1195965,76270.37
23818,3.118318,76273.484
23819,3.1164825,76276.6
23820,3.1151507,76279.72
23821,3.114389,76282.836
23822,3.1151416,76285.95
23823,3.1168118,76289.07
23824,3.1183481,76292.19
23825,3.1206195,76295.305
23826,3.1218255,76298.43
23827,3.121897,76301.555
23828,3.1209543,76304.67
23829,3.1189291,76307.79
23830,3.117591,76310.91
23831,3.1167345,76314.02
23832,3.1178906,76317.14
23833,3.1194515,76320.26
23834,3.119325,76323.375
23835,3.1183977,76326.49
23836,3.1164935,76329.61
23837,3.1152797,76332.73
23838,3.1150703,76335.84
23839,3.1158895,76338.96
23840,3.118529,76342.08
23841,3.12284,76345.2
23842,3.1261797,76348.33
23843,3.127575,76351.45
23844,3.1265817,76354.58
23845,3.1232038,76357.7
23846,3.1182458,76360.82
23847,3.113531,76363.94
23848,3.1115668,76367.05
23849,3.1116683,76370.16
23850,3.1129086,76373.266
23851,3.11342,76376.38
23852,3.113279,76379.49
23853,3.113445,76382.61
23854,3.1138327,76385.73
23855,3.115295,76388.84
23856,3.1167495,76391.96
23857,3.117038,76395.08
23858,3.116209,76398.195
23859,3.116693,76401.31
23860,3.1176028,76404.43
23861,3.1185293,76407.55
23862,3.1168976,76410.664
23863,3.1143715,76413.78
23864,3.1132596,76416.89
23865,3.1129992,76420.0
23866,3.1149018,76423.12
23867,3.1153777,76426.234
23868,3.1153448,76429.35
23869,3.115132,76432.47
23870,3.1157982,76435.586
23871,3.1179216,76438.7
23872,3.1204498,76441.82
23873,3.123644,76444.945
23874,3.127527,76448.07
23875,3.1311314,76451.2
23876,3.132579,76454.336
23877,3.132079,76457.47
23878,3.1304095,76460.6
23879,3.128796,76463.73
23880,3.1271122,76466.85
23881,3.1252244,76469.98
23882,3.122303,76473.1
23883,3.1202035,76476.22
23884,3.1200745,76479.336
23885,3.1207564,76482.45
23886,3.1234064,76485.58
23887,3.1257057,76488.7
23888,3.1274168,76491.83
23889,3.128795,76494.95
23890,3.1282802,76498.08
23891,3.1266394,76501.2
23892,3.1243112,76504.33
23893,3.12296,76507.45
23894,3.1228728,76510.58
23895,3.1243856,76513.7
23896,3.1268141,76516.83
23897,3.1287885,76519.95
23898,3.1294093,76523.086
23899,3.130186,76526.22
23900,3.1303296,76529.35
23901,3.1297467,76532.484
23902,3.1297836,76535.62
23903,3.1297345,76538.75
23904,3.1299615,76541.88
23905,3.1303473,76545.016
23906,3.1311362,76548.15
23907,3.131433,76551.28
23908,3.1320598,76554.414
23909,3.131588,76557.55
23910,3.1311765,76560.68
23911,3.1310246,76563.81
23912,3.131337,76566.945
23913,3.131271,76570.08
23914,3.1320186,76573.21
23915,3.1321013,76576.34
23916,3.131993,76579.48
23917,3.1334126,76582.61
23918,3.1362267,76585.74
23919,3.139253,76588.88
23920,3.141182,76592.02
23921,3.142983,76595.164
23922,3.144928,76598.31
23923,3.1470532,76601.46
23924,3.1482158,76604.61
23925,3.1490514,76607.76
23926,3.1481988,76610.91
23927,3.14651,76614.055
23928,3.1447606,76617.2
23929,3.1428695,76620.34
23930,3.1418936,76623.484
23931,3.1402514,76626.625
23932,3.1401176,76629.766
23933,3.141328,76632.91
23934,3.1438255,76636.05
23935,3.1468675,76639.195
23936,3.1489055,76642.34
23937,3.1505847,76645.49
23938,3.150008,76648.64
23939,3.14841,76651.79
23940,3.1468933,76654.94
23941,3.1457021,76658.086
23942,3.1450365,76661.234
23943,3.1456084,76664.38
23944,3.1470413,76667.53
23945,3.1482174,76670.68
23946,3.1481164,76673.83
23947,3.1458282,76676.98
23948,3.1437497,76680.12
23949,3.142698,76683.26
23950,3.142175,76686.4
23951,3.1412647,76689.54
23952,3.1397476,76692.68
23953,3.1389751,76695.82
23954,3.137263,76698.96
23955,3.1364868,76702.09
23956,3.13679,76705.234
23957,3.1372511,76708.375
23958,3.1378288,76711.516
23959,3.1373851,76714.66
23960,3.135705,76717.79
23961,3.1343179,76720.92
23962,3.133175,76724.055
23963,3.1329324,76727.19
23964,3.132682,76730.32
23965,3.132841,76733.45
23966,3.1339371,76736.586
23967,3.1346855,76739.72
23968,3.1341853,76742.85
23969,3.1338086,76745.984
23970,3.1347213,76749.12
23971,3.1366413,76752.25
23972,3.1367579,76755.39
23973,3.135899,76758.52
23974,3.135533,76761.66
23975,3.135364,76764.79
23976,3.135879,76767.92
23977,3.1361513,76771.055
23978,3.1356087,76774.19
23979,3.1342785,76777.32
23980,3.1321087,76780.45
23981,3.1297152,76783.586
23982,3.1278787,76786.71
23983,3.126633,76789.836
23984,3.1252298,76792.96
23985,3.1241927,76796.086
23986,3.1234863,76799.21
23987,3.1229722,76802.336
23988,3.1228943,76805.46
23989,3.1213095,76808.586
23990,3.1192465,76811.7
23991,3.1175878,76814.82
23992,3.1184442,76817.94
23993,3.1214592,76821.06
23994,3.124293,76824.19
23995,3.1259968,76827.31
23996,3.1273549,76830.44
23997,3.1288726,76833.56
23998,3.1300452,76836.695
23999,3.129818,76839.83
24000,3.1278775,76842.95
24001,3.1254838,76846.08
24002,3.1235068,76849.2
24003,3.1229274,76852.33
24004,3.1256938,76855.45
24005,3.1282065,76858.58
24006,3.1293304,76861.71
24007,3.1296203,76864.84
24008,3.1284955,76867.97
24009,3.1262584,76871.09
24010,3.1245105,76874.22
24011,3.1239421,76877.34
24012,3.125374,76880.47
24013,3.1271727,76883.59
24014,3.1279683,76886.72
24015,3.1278634,76889.84
24016,3.1271694,76892.97
24017,3.1263783,76896.09
24018,3.1264775,76899.22
24019,3.1278481,76902.34
24020,3.1291144,76905.48
24021,3.1297543,76908.61
24022,3.1302576,76911.74
24023,3.1311772,76914.875
24024,3.13227,76918.01
24025,3.1336014,76921.14
24026,3.1332552,76924.27
24027,3.1311836,76927.41
24028,3.1269674,76930.53
24029,3.1228497,76933.66
24030,3.1204615,76936.77
24031,3.1183672,76939.89
24032,3.1176567,76943.01
24033,3.1183517,76946.125
24034,3.118081,76949.24
24035,3.1161478,76952.36
24036,3.1121287,76955.47
24037,3.1102142,76958.58
24038,3.108993,76961.69
24039,3.1060333,76964.8
24040,3.1050618,76967.9
24041,3.106026,76971.01
24042,3.1080987,76974.12
24043,3.109254,76977.23
24044,3.1083868,76980.336
24045,3.107407,76983.445
24046,3.1074111,76986.555
24047,3.1070693,76989.664
24048,3.1062262,76992.77
24049,3.1053324,76995.875
24050,3.1046395,76998.98
24051,3.104587,77002.08
24052,3.105369,77005.18
24053,3.1059346,77008.29
24054,3.1053197,77011.39
24055,3.1052928,77014.49
24056,3.107432,77017.6
24057,3.109461,77020.71
24058,3.1113555,77023.82
24059,3.1129818,77026.93
24060,3.1129913,77030.04
24061,3.1122048,77033.15
24062,3.1138093,77036.266
24063,3.1157994,77039.38
24064,3.116231,77042.5
24065,3.1169457,77045.62
24066,3.1195352,77048.734
24067,3.122613,77051.86
24068,3.124804,77054.984
24069,3.1254327,77058.11
24070,3.1252327,77061.234
24071,3.1258812,77064.36
24072,3.1275704,77067.484
24073,3.1272662,77070.61
24074,3.124407,77073.734
24075,3.1214638,77076.86
24076,3.1184082,77079.98
24077,3.1165047,77083.09
24078,3.1156912,77086.21
24079,3.1164281,77089.33
24080,3.1172595,77092.445
24081,3.1161199,77095.56
24082,3.1118844,77098.67
24083,3.1060274,77101.78
24084,3.1025078,77104.88
24085,3.0992143,77107.984
24086,3.0976727,77111.086
24087,3.0964677,77114.18
24088,3.0967128,77117.27
24089,3.0981483,77120.375
24090,3.0997565,77123.48
24091,3.1024258,77126.58
24092,3.1035924,77129.68
24093,3.1043108,77132.78
24094,3.103067,77135.88
24095,3.1008031,77138.984
24096,3.1003451,77142.086
24097,3.1006937,77145.19
24098,3.1048574,77148.29
24099,3.1091995,77151.4
24100,3.1127841,77154.51
24101,3.1140175,77157.625
24102,3.1138225,77160.74
24103,3.1154592,77163.86
24104,3.118235,77166.98
24105,3.1203728,77170.09
24106,3.121103,77173.22
24107,3.1221914,77176.34
24108,3.1230016,77179.47
24109,3.1242898,77182.59
24110,3.127908,77185.72
24111,3.131675,77188.85
24112,3.1348832,77191.984
24113,3.137922,77195.125
24114,3.139768,77198.266
24115,3.141092,77201.41
24116,3.1416352,77204.55
24117,3.1421437,77207.69
24118,3.1420288,77210.83
24119,3.1402032,77213.97
24120,3.137349,77217.11
24121,3.133996,77220.24
24122,3.130211,77223.375
24123,3.1273491,77226.5
24124,3.1274304,77229.625
24125,3.1289363,77232.76
24126,3.1314938,77235.89
24127,3.1341493,77239.02
24128,3.1350274,77242.16
24129,3.135435,77245.29
24130,3.1353705,77248.42
24131,3.1356587,77251.555
24132,3.1370838,77254.695
24133,3.1385348,77257.836
24134,3.1387727,77260.98
24135,3.1386666,77264.12
24136,3.1380584,77267.26
24137,3.1376398,77270.4
24138,3.1363516,77273.53
24139,3.134747,77276.664
24140,3.1327748,77279.8
24141,3.13113,77282.93
24142,3.1297023,77286.06
24143,3.1288671,77289.19
24144,3.1281524,77292.31
24145,3.1284554,77295.44
24146,3.1291661,77298.57
24147,3.1302588,77301.7
24148,3.131074,77304.836
24149,3.131653,77307.97
24150,3.1315851,77311.1
24151,3.1312103,77314.234
24152,3.1309085,77317.37
24153,3.1299288,77320.5
24154,3.129771,77323.63
24155,3.1294281,77326.766
24156,3.1283398,77329.89
24157,3.128001,77333.016
24158,3.1302202,77336.15
24159,3.1343036,77339.28
24160,3.137933,77342.42
24161,3.1402202,77345.56
24162,3.141036,77348.7
24163,3.141307,77351.84
24164,3.1419568,77354.984
24165,3.1431172,77358.125
24166,3.1438034,77361.266
24167,3.1437438,77364.41
24168,3.1443799,77367.55
24169,3.1443949,77370.69
24170,3.1444473,77373.83
24171,3.1440148,77376.97
24172,3.1430254,77380.11
24173,3.14186,77383.25
24174,3.1411679,77386.39
24175,3.1399767,77389.53
24176,3.137977,77392.67
24177,3.1359699,77395.805
24178,3.1335576,77398.94
24179,3.1323984,77402.07
24180,3.1304042,77405.2
24181,3.1286778,77408.33
24182,3.1289132,77411.46
24183,3.1294875,77414.59
24184,3.129472,77417.73
24185,3.128113,77420.85
24186,3.12671,77423.98
24187,3.1261096,77427.1
24188,3.1259553,77430.23
24189,3.1252804,77433.35
24190,3.1232102,77436.48
24191,3.1206665,77439.59
24192,3.119482,77442.71
24193,3.1185708,77445.83
24194,3.1188915,77448.945
24195,3.1184237,77452.06
24196,3.1176367,77455.18
24197,3.1176183,77458.3
24198,3.1187103,77461.414
24199,3.1205437,77464.53
24200,3.1223764,77467.66
24201,3.1239598,77470.78
24202,3.1255596,77473.91
24203,3.1270053,77477.03
24204,3.128173,77480.16
24205,3.1297653,77483.29
24206,3.1312904,77486.42
24207,3.1322386,77489.555
24208,3.1324625,77492.69
24209,3.1332717,77495.82
24210,3.1346536,77498.95
24211,3.136264,77502.086
24212,3.1388185,77505.23
24213,3.1417885,77508.37
24214,3.1424901,77511.51
24215,3.1417377,77514.65
24216,3.140199,77517.79
24217,3.138984,77520.93
24218,3.138577,77524.07
24219,3.1384094,77527.21
24220,3.137864,77530.35
24221,3.1365774,77533.484
24222,3.1368833,77536.625
24223,3.1376615,77539.766
24224,3.137917,77542.91
24225,3.136509,77546.04
24226,3.133516,77549.17
24227,3.130174,77552.305
24228,3.1272173,77555.43
24229,3.1249056,77558.555
24230,3.125042,77561.68
24231,3.1268125,77564.805
24232,3.1283662,77567.93
24233,3.1295154,77571.06
24234,3.1295254,77574.195
24235,3.1281567,77577.32
24236,3.126368,77580.445
24237,3.1242342,77583.57
24238,3.1216466,77586.695
24239,3.1200323,77589.81
24240,3.1205058,77592.93
24241,3.1225019,77596.055
24242,3.1255505,77599.18
24243,3.12831,77602.305
24244,3.130782,77605.44
24245,3.1320043,77608.57
24246,3.1332767,77611.7
24247,3.1346035,77614.836
24248,3.1351538,77617.97
24249,3.1350598,77621.1
24250,3.135928,77624.234
24251,3.1376987,77627.375
24252,3.138855,77630.516
24253,3.140134,77633.66
24254,3.1419318,77636.8
24255,3.143923,77639.94
24256,3.1436903,77643.08
24257,3.1427133,77646.22
24258,3.139868,77649.36
24259,3.1371095,77652.5
24260,3.1341894,77655.63
24261,3.1324737,77658.766
24262,3.1312768,77661.9
24263,3.1294413,77665.03
24264,3.126358,77668.16
24265,3.1250558,77671.28
24266,3.1262014,77674.41
24267,3.1283906,77677.53
24268,3.1306348,77680.664
24269,3.131902,77683.8
24270,3.131459,77686.93
24271,3.1307955,77690.06
24272,3.130245,77693.195
24273,3.128904,77696.32
24274,3.1275444,77699.445
24275,3.125891,77702.57
24276,3.1240804,77705.695
24277,3.1232207,77708.82
24278,3.123143,77711.945
24279,3.1235354,77715.07
24280,3.12517,77718.195
24281,3.1277633,77721.32
24282,3.1297174,77724.45
24283,3.129857,77727.586
24284,3.1291096,77730.72
24285,3.1280894,77733.84
24286,3.1272674,77736.97
24287,3.1262884,77740.09
24288,3.126222,77743.22
24289,3.1279604,77746.34
24290,3.129031,77749.48
24291,3.1297379,77752.61
24292,3.1277552,77755.734
24293,3.1254537,77758.86
24294,3.1240356,77761.984
24295,3.122827,77765.11
24296,3.12113,77768.234
24297,3.1198294,77771.35
24298,3.1168022,77774.47
24299,3.1142714,77777.586
24300,3.114013,77780.7
24301,3.1156845,77783.82
24302,3.1184723,77786.94
24303,3.1213722,77790.06
24304,3.123401,77793.19
24305,3.1235552,77796.31
24306,3.1233182,77799.44
24307,3.1218078,77802.56
24308,3.1202877,77805.68
24309,3.1184685,77808.8
24310,3.1175644,77811.914
24311,3.1167376,77815.03
24312,3.1154895,77818.15
24313,3.113995,77821.266
24314,3.1122332,77824.375
24315,3.1109707,77827.484
24316,3.1105008,77830.59
24317,3.1105962,77833.7
24318,3.1114712,77836.81
24319,3.1116114,77839.92
24320,3.1105807,77843.03
24321,3.10898,77846.14
24322,3.1084702,77849.25
24323,3.1102068,77852.36
24324,3.1121972,77855.47
24325,3.1131918,77858.58
24326,3.112063,77861.69
24327,3.1106577,77864.8
24328,3.110148,77867.91
24329,3.1100836,77871.016
24330,3.1103346,77874.125
24331,3.109564,77877.234
24332,3.108465,77880.34
24333,3.1079729,77883.45
24334,3.1079216,77886.56
24335,3.1080303,77889.67
24336,3.1045156,77892.77
24337,3.1002884,77895.875
24338,3.0968807,77898.97
24339,3.0934737,77902.06
24340,3.0920181,77905.16
24341,3.090745,77908.25
24342,3.090419,77911.34
24343,3.090176,77914.44
24344,3.090993,77917.53
24345,3.0911403,77920.625
24346,3.0904503,77923.72
24347,3.091343,77926.81
24348,3.0946045,77929.91
24349,3.097843,77933.01
24350,3.1005974,77936.11
24351,3.102002,77939.21
24352,3.103862,77942.31
24353,3.107776,77945.42
24354,3.1113358,77948.53
24355,3.1143286,77951.65
24356,3.1146472,77954.766
24357,3.1143627,77957.88
24358,3.1144488,77961.0
24359,3.1152587,77964.12
24360,3.1162264,77967.234
24361,3.1160884,77970.35
24362,3.1153522,77973.47
24363,3.1136127,77976.586
24364,3.1121545,77979.695
24365,3.1112387,77982.805
24366,3.112873,77985.914
24367,3.1159616,77989.03
24368,3.1182468,77992.15
24369,3.1197793,77995.266
24370,3.1188462,77998.38
24371,3.1159816,78001.5
24372,3.1144168,78004.62
24373,3.1135159,78007.734
24374,3.1126947,78010.84
24375,3.1118515,78013.95
24376,3.1125014,78017.06
24377,3.1132758,78020.17
24378,3.1139266,78023.29
24379,3.1144094,78026.41
24380,3.1157928,78029.52
24381,3.1165822,78032.64
24382,3.1179984,78035.76
24383,3.118342,78038.875
24384,3.1190023,78041.99
24385,3.1194034,78045.11
24386,3.1189778,78048.23
24387,3.1190014,78051.34
24388,3.1184216,78054.46
24389,3.1184182,78057.58
24390,3.1189578,78060.695
24391,3.119236,78063.81
24392,3.1188455,78066.93
24393,3.1191204,78070.05
24394,3.1193264,78073.164
24395,3.1182191,78076.28
24396,3.1175313,78079.4
24397,3.1185274,78082.516
24398,3.1210024,78085.63
24399,3.1226435,78088.76
24400,3.1221666,78091.88
24401,3.121374,78095.01
24402,3.122376,78098.13
24403,3.1246505,78101.26
24404,3.1264899,78104.38
24405,3.128187,78107.51
24406,3.1296182,78110.64
24407,3.1309586,78113.77
24408,3.1316876,78116.91
24409,3.1325054,78120.04
24410,3.1339717,78123.17
24411,3.1342928,78126.305
24412,3.132716,78129.44
24413,3.1304512,78132.57
24414,3.1285925,78135.695
24415,3.1272516,78138.82
24416,3.1253695,78141.945
24417,3.1234648,78145.07
24418,3.1221929,78148.195
24419,3.1216156,78151.32
24420,3.1209228,78154.44
24421,3.1203084,78157.555
24422,3.119971,78160.67
24423,3.1207528,78163.79
24424,3.1212246,78166.914
24425,3.121564,78170.04
24426,3.1209652,78173.16
24427,3.1207988,78176.27
24428,3.1204815,78179.39
24429,3.120173,78182.51
24430,3.121566,78185.63
24431,3.1234334,78188.76
24432,3.1247222,78191.88
24433,3.1253371,78195.01
24434,3.12671,78198.13
24435,3.1285145,78201.26
24436,3.130606,78204.39
24437,3.1330957,78207.52
24438,3.135095,78210.66
24439,3.1360192,78213.79
24440,3.1345127,78216.92
24441,3.1321442,78220.055
24442,3.1314354,78223.19
24443,3.1308432,78226.32
24444,3.1297796,78229.45
24445,3.1283836,78232.58
24446,3.127416,78235.7
24447,3.126609,78238.83
24448,3.1261797,78241.95
24449,3.125663,78245.08
24450,3.1259892,78248.2
24451,3.1276734,78251.33
24452,3.1287432,78254.45
24453,3.129274,78257.586
24454,3.1294937,78260.72
24455,3.1298602,78263.85
24456,3.130491,78266.984
24457,3.130751,78270.12
24458,3.1310015,78273.25
24459,3.1307619,78276.38
24460,3.1296701,78279.516
24461,3.1285744,78282.64
24462,3.1278212,78285.766
24463,3.1274633,78288.89
24464,3.1273425,78292.016
24465,3.1272686,78295.14
24466,3.1277232,78298.266
24467,3.1278372,78301.39
24468,3.1287637,78304.516
24469,3.1292837,78307.65
24470,3.1309216,78310.78
24471,3.1331367,78313.914
24472,3.134271,78317.05
24473,3.135213,78320.18
24474,3.1353729,78323.31
24475,3.1351268,78326.445
24476,3.134388,78329.58
24477,3.135111,78332.71
24478,3.1376915,78335.85
24479,3.1412125,78338.99
24480,3.1445775,78342.14
24481,3.1463428,78345.29
24482,3.1462996,78348.44
24483,3.1458313,78351.586
24484,3.145635,78354.734
24485,3.1454234,78357.88
24486,3.1452615,78361.03
24487,3.1433392,78364.17
24488,3.1402473,78367.31
24489,3.1375115,78370.45
24490,3.1354055,78373.586
24491,3.134369,78376.72
24492,3.1339695,78379.85
24493,3.132756,78382.984
24494,3.131324,78386.12
24495,3.1298828,78389.25
24496,3.130399,78392.38
24497,3.1316621,78395.516
24498,3.1337137,78398.65
24499,3.136552,78401.78
24500,3.1380513,78404.92
24501,3.139206,78408.06
24502,3.1394093,78411.2
24503,3.1393654,78414.34
24504,3.1393726,78417.484
24505,3.1398685,78420.625
24506,3.1407907,78423.766
24507,3.1401055,78426.91
24508,3.1384256,78430.05
24509,3.1368606,78433.19
24510,3.1365585,78436.32
24511,3.136528,78439.45
24512,3.135183,78442.586
24513,3.1346633,78445.72
24514,3.135081,78448.85
24515,3.135406,78451.984
24516,3.1355226,78455.12
24517,3.135187,78458.25
24518,3.1341045,78461.38
24519,3.132498,78464.516
24520,3.1302521,78467.65
24521,3.1280673,78470.77
24522,3.1275754,78473.9
24523,3.1273696,78477.02
24524,3.1269536,78480.15
24525,3.1271038,78483.27
24526,3.1297188,78486.41
24527,3.132448,78489.54
24528,3.1345599,78492.67
24529,3.135788,78495.805
24530,3.135159,78498.94
24531,3.1346023,78502.07
24532,3.134492,78505.2
24533,3.1344018,78508.336
24534,3.1326766,78511.47
24535,3.1293056,78514.6
24536,3.126445,78517.73
24537,3.1226504,78520.85
24538,3.1195672,78523.97
24539,3.1169357,78527.086
24540,3.1153984,78530.2
24541,3.115845,78533.32
24542,3.1181073,78536.44
24543,3.1218872,78539.56
24544,3.1246402,78542.69
24545,3.1252506,78545.81
24546,3.124649,78548.94
24547,3.1249592,78552.06
24548,3.1263235,78555.19
24549,3.1283286,78558.31
24550,3.1312704,78561.445
24551,3.1341002,78564.58
24552,3.1369922,78567.72
24553,3.1387923,78570.86
24554,3.1390924,78574.0
24555,3.1396265,78577.14
24556,3.1397586,78580.28
24557,3.1404788,78583.42
24558,3.1397755,78586.56
24559,3.138145,78589.7
24560,3.1360164,78592.836
24561,3.1336577,78595.97
24562,3.1316044,78599.1
24563,3.1300642,78602.234
24564,3.1284485,78605.36
24565,3.127617,78608.484
24566,3.1285238,78611.61
24567,3.1285446,78614.734
24568,3.1276574,78617.86
24569,3.126286,78620.984
24570,3.124818,78624.11
24571,3.1243706,78627.234
24572,3.1240666,78630.36
24573,3.1242158,78633.484
24574,3.1234643,78636.61
24575,3.1224933,78639.734
24576,3.1202698,78642.85
24577,3.1180713,78645.97
24578,3.1163325,78649.086
24579,3.1142452,78652.2
24580,3.111114,78655.31
24581,3.1103673,78658.42
24582,3.11163,78661.53
24583,3.1134417,78664.65
24584,3.114147,78667.766
24585,3.1143706,78670.88
24586,3.11496,78674.0
24587,3.1152375,78677.12
24588,3.1155787,78680.234
24589,3.1156359,78683.35
24590,3.1164432,78686.47
24591,3.1175663,78689.586
24592,3.1186361,78692.7
24593,3.1193597,78695.82
24594,3.1192386,78698.94
24595,3.1184294,78702.055
24596,3.117176,78705.17
24597,3.1172934,78708.29
24598,3.1174638,78711.41
24599,3.1179547,78714.52
24600,3.1179867,78717.64
24601,3.118527,78720.76
24602,3.118964,78723.875
24603,3.1182692,78726.99
24604,3.1175172,78730.11
24605,3.1172311,78733.23
24606,3.1180706,78736.34
24607,3.1189384,78739.46
24608,3.1184838,78742.58
24609,3.1169472,78745.695
24610,3.1169841,78748.81
24611,3.1187944,78751.93
24612,3.1209807,78755.05
24613,3.1227279,78758.17
24614,3.1241617,78761.3
24615,3.1240437,78764.42
24616,3.1230533,78767.55
24617,3.1219888,78770.67
24618,3.1213167,78773.8
24619,3.1205554,78776.914
24620,3.1191933,78780.03
24621,3.11778,78783.15
24622,3.1156557,78786.266
24623,3.113147,78789.375
24624,3.1125684,78792.484
24625,3.112768,78795.59
24626,3.1141596,78798.71
24627,3.115877,78801.83
24628,3.1161776,78804.945
24629,3.1153567,78808.06
24630,3.1139517,78811.18
24631,3.1129804,78814.29
24632,3.1126592,78817.4
24633,3.1132674,78820.51
24634,3.1129787,78823.62
24635,3.1120334,78826.73
24636,3.112199,78829.836
24637,3.1119277,78832.945
24638,3.111974,78836.055
24639,3.111638,78839.164
24640,3.1111107,78842.27
24641,3.1124928,78845.38
24642,3.1142561,78848.5
24643,3.1159384,78851.62
24644,3.1169307,78854.734
24645,3.1163514,78857.85
24646,3.1140049,78860.97
24647,3.1117952,78864.08
24648,3.110767,78867.19
24649,3.10972,78870.3
24650,3.1091647,78873.41
24651,3.1088378,78876.516
24652,3.109598,78879.625
24653,3.1106598,78882.734
24654,3.1106937,78885.84
24655,3.1107028,78888.95
24656,3.1098049,78892.06
24657,3.109061,78895.17
24658,3.1092381,78898.28
24659,3.1117015,78901.39
24660,3.1161153,78904.51
24661,3.1195488,78907.625
24662,3.121988,78910.75
24663,3.123269,78913.875
24664,3.1238704,78917.0
24665,3.1230867,78920.125
24666,3.1196651,78923.24
24667,3.115941,78926.36
24668,3.113444,78929.48
24669,3.1121843,78932.586
24670,3.1115696,78935.695
24671,3.1109798,78938.805
24672,3.1112509,78941.914
24673,3.113046,78945.02
24674,3.115299,78948.14
24675,3.116255,78951.26
24676,3.116805,78954.375
24677,3.1164782,78957.49
24678,3.1163027,78960.61
24679,3.1170638,78963.73
24680,3.1181152,78966.84
24681,3.1191854,78969.96
24682,3.1201756,78973.08
24683,3.1213055,78976.2
24684,3.1225395,78979.33
24685,3.1237862,78982.45
24686,3.1228726,78985.58
24687,3.1215236,78988.7
24688,3.1207466,78991.82
24689,3.1193414,78994.94
24690,3.1171799,78998.055
24691,3.1144252,79001.17
24692,3.1115036,79004.28
24693,3.1087444,79007.39
24694,3.1076522,79010.5
24695,3.107873,79013.61
24696,3.1081831,79016.72
24697,3.108218,79019.83
24698,3.1082602,79022.94
24699,3.1090894,79026.05
24700,3.1093645,79029.16
24701,3.1089118,79032.266
24702,3.1085773,79035.375
24703,3.107994,79038.484
24704,3.1083703,79041.59
24705,3.1097004,79044.7
24706,3.1123712,79047.81
24707,3.1136882,79050.93
24708,3.1136496,79054.05
24709,3.1126316,79057.16
24710,3.1110365,79060.266
24711,3.1100824,79063.375
24712,3.1069498,79066.484
24713,3.102281,79069.586
24714,3.0959826,79072.68
24715,3.0900261,79075.77
24716,3.0863843,79078.86
24717,3.0834575,79081.945
24718,3.0841506,79085.03
24719,3.086793,79088.12
24720,3.0902596,79091.21
24721,3.0931919,79094.305
24722,3.0942044,79097.4
24723,3.0941436,79100.49
24724,3.0930557,79103.586
24725,3.0931234,79106.68
24726,3.0939848,79109.77
24727,3.0965478,79112.87
24728,3.099969,79115.97
24729,3.1021914,79119.07
24730,3.1035042,79122.17
24731,3.1049154,79125.27
24732,3.1060097,79128.38
24733,3.1074855,79131.49
24734,3.109363,79134.6
24735,3.10945,79137.71
24736,3.1089597,79140.82
24737,3.1085315,79143.93
24738,3.107883,79147.04
24739,3.1064415,79150.15
24740,3.1056147,79153.26
24741,3.105987,79156.37
24742,3.1078784,79159.48
24743,3.1097915,79162.586
24744,3.1117787,79165.695
24745,3.1141622,79168.81
24746,3.1185122,79171.93
24747,3.1225085,79175.055
24748,3.1242871,79178.18
24749,3.1241188,79181.305
24750,3.1251767,79184.43
24751,3.127337,79187.555
24752,3.1300564,79190.69
24753,3.1331353,79193.82
24754,3.1348965,79196.95
24755,3.1358647,79200.086
24756,3.1363955,79203.22
24757,3.1362975,79206.35
24758,3.136094,79209.484
24759,3.1353467,79212.62
24760,3.1339853,79215.75
24761,3.1327455,79218.88
24762,3.131345,79222.016
24763,3.129577,79225.15
24764,3.1287694,79228.27
24765,3.1282558,79231.4
24766,3.1290743,79234.53
24767,3.1308167,79237.664
24768,3.1320317,79240.8
24769,3.1324637,79243.93
24770,3.1322348,79247.06
24771,3.1328669,79250.195
24772,3.1345663,79253.33
24773,3.1353269,79256.46
24774,3.1354125,79259.59
24775,3.1350174,79262.73
24776,3.1345694,79265.86
24777,3.13353,79268.99
24778,3.1341443,79272.125
24779,3.13453,79275.26
24780,3.1333413,79278.39
24781,3.1320102,79281.52
24782,3.1309013,79284.66
24783,3.1295962,79287.79
24784,3.128682,79290.914
24785,3.1284244,79294.04
24786,3.1297252,79297.17
24787,3.132577,79300.305
24788,3.1354141,79303.44
24789,3.1378918,79306.58
24790,3.1390245,79309.72
24791,3.1397913,79312.86
24792,3.1400247,79316.0
24793,3.140133,79319.14
24794,3.1405022,79322.28
24795,3.1414938,79325.42
24796,3.143642,79328.56
24797,3.1456988,79331.71
24798,3.147341,79334.86
24799,3.1491165,79338.01
24800,3.1510742,79341.16
24801,3.1523123,79344.305
24802,3.152523,79347.46
24803,3.1520658,79350.61
24804,3.1524172,79353.766
24805,3.1531963,79356.92
24806,3.152284,79360.07
24807,3.1500583,79363.22
24808,3.146696,79366.37
24809,3.1445384,79369.516
24810,3.1439683,79372.66
24811,3.1440322,79375.8
24812,3.144582,79378.945
24813,3.144837,79382.09
24814,3.1437273,79385.234
24815,3.1423497,79388.375
24816,3.1407883,79391.516
24817,3.1393588,79394.66
24818,3.1386392,79397.8
24819,3.138147,79400.94
24820,3.1377828,79404.08
24821,3.1372116,79407.22
24822,3.1373355,79410.36
24823,3.1376498,79413.5
24824,3.1389945,79416.64
24825,3.1402855,79419.78
24826,3.1412418,79422.92
24827,3.142772,79426.06
24828,3.143693,79429.2
24829,3.1441617,79432.34
24830,3.143727,79435.484
24831,3.1420934,79438.625
24832,3.1383736,79441.766
24833,3.1338294,79444.9
24834,3.131823,79448.03
24835,3.1328173,79451.164
24836,3.1352007,79454.3
24837,3.1356468,79457.43
24838,3.1346753,79460.56
24839,3.132936,79463.695
24840,3.129776,79466.83
24841,3.1263182,79469.95
24842,3.123349,79473.08
24843,3.1215498,79476.2
24844,3.12096,79479.32
24845,3.1214592,79482.445
24846,3.1220334,79485.57
24847,3.1236403,79488.695
24848,3.1257937,79491.82
24849,3.127517,79494.945
24850,3.1282525,79498.07
24851,3.128317,79501.195
24852,3.1270297,79504.32
24853,3.124956,79507.445
24854,3.1223793,79510.57
24855,3.1197915,79513.69
24856,3.119421,79516.805
24857,3.1209466,79519.92
24858,3.12301,79523.05
24859,3.1240473,79526.17
24860,3.1235006,79529.3
24861,3.1249971,79532.42
24862,3.1273112,79535.55
24863,3.1291134,79538.68
24864,3.130257,79541.81
24865,3.130479,79544.945
24866,3.1292305,79548.08
24867,3.1284146,79551.2
24868,3.129262,79554.336
24869,3.1307569,79557.47
24870,3.1314003,79560.6
24871,3.1317966,79563.734
24872,3.1316636,79566.87
24873,3.1312408,79570.0
24874,3.1307669,79573.13
24875,3.1302998,79576.266
24876,3.1305711,79579.4
24877,3.131337,79582.53
24878,3.1328487,79585.664
24879,3.1340618,79588.8
24880,3.134709,79591.93
24881,3.1350305,79595.06
24882,3.1353893,79598.195
24883,3.1355581,79601.33
24884,3.1359923,79604.46
24885,3.1361651,79607.59
24886,3.136261,79610.73
24887,3.135757,79613.86
24888,3.1351836,79616.99
24889,3.134923,79620.125
24890,3.135094,79623.26
24891,3.1355312,79626.39
24892,3.1355703,79629.52
24893,3.1355572,79632.66
24894,3.1355352,79635.79
24895,3.135493,79638.92
24896,3.1351204,79642.055
24897,3.1345932,79645.19
24898,3.1331193,79648.32
24899,3.1319125,79651.45
24900,3.130928,79654.586
24901,3.1306772,79657.72
24902,3.1304147,79660.85
24903,3.1303074,79663.984
24904,3.1294234,79667.12
24905,3.126829,79670.24
24906,3.1219034,79673.37
24907,3.1176178,79676.484
24908,3.1165802,79679.6
24909,3.1185195,79682.72
24910,3.1208258,79685.836
24911,3.1236963,79688.96
24912,3.1286101,79692.086
24913,3.1349938,79695.22
24914,3.1410277,79698.36
24915,3.1461065,79701.51
24916,3.1495879,79704.66
24917,3.1522927,79707.805
24918,3.1547732,79710.96
24919,3.1566086,79714.12
24920,3.1581726,79717.27
24921,3.159154,79720.43
24922,3.1593127,79723.586
24923,3.1591165,79726.74
24924,3.1588693,79729.9
24925,3.1581519,79733.055
24926,3.157001,79736.21
24927,3.1552913,79739.37
24928,3.1538985,79742.52
24929,3.1516984,79745.67
24930,3.1493018,79748.82
24931,3.1466892,79751.97
24932,3.14411,79755.11
24933,3.141541,79758.25
24934,3.1390293,79761.39
24935,3.1368573,79764.53
24936,3.1352103,79767.664
24937,3.1344311,79770.8
24938,3.1342392,79773.93
24939,3.1360545,79777.06
24940,3.1406908,79780.2
24941,3.1482794,79783.35
24942,3.1563573,79786.51
24943,3.1644657,79789.67
24944,3.1732385,79792.84
24945,3.1802013,79796.02
24946,3.1848242,79799.21
24947,3.1863115,79802.4
24948,3.1854143,79805.586
24949,3.1824183,79808.766
24950,3.1785152,79811.945
24951,3.1732886,79815.12
24952,3.1665943,79818.28
24953,3.1591496,79821.44
24954,3.1529336,79824.59
24955,3.1468444,79827.74
24956,3.1402795,79830.88
24957,3.133021,79834.016
24958,3.1254025,79837.14
24959,3.116887,79840.26
24960,3.107739,79843.37
24961,3.0978262,79846.47
24962,3.0881984,79849.555
24963,3.0774868,79852.63
24964,3.0664926,79855.7
24965,3.0551462,79858.76
24966,3.0449386,79861.805
24967,3.035167,79864.84
24968,3.0259402,79867.87
24969,3.016957,79870.88
24970,3.0077531,79873.89
24971,2.9993143,79876.89
24972,2.99207,79879.88
24973,2.9855092,79882.87
24974,2.9796097,79885.84
24975,2.9743526,79888.82
24976,2.97094,79891.79
24977,2.9686708,79894.76
24978,2.9673703,79897.73
24979,2.9663732,79900.695
24980,2.9646945,79903.66
24981,2.9629931,79906.62
24982,2.9614077,79909.58
24983,2.960525,79912.54
24984,2.9596655,79915.5
24985,2.959621,79918.46
24986,2.959622,79921.42
24987,2.9600725,79924.38
24988,2.960332,79927.34
24989,2.9611707,79930.305
24990,2.9615538,79933.266
24991,2.9622378,79936.23
24992,2.9618714,79939.19
24993,2.9611523,79942.15
24994,2.9602115,79945.11
24995,2.9595544,79948.07
24996,2.9587445,79951.03
24997,2.9583862,79953.99
24998,2.958008,79956.95
24999,2.9577293,79959.914
25000,2.9577358,79962.875
25001,2.9583833,79965.836
25002,2.9594095,79968.8
25003,2.9600265,79971.76
25004,2.960967,79974.72
25005,2.9611852,79977.68
25006,2.9620833,79980.64
25007,2.9636495,79983.6
25008,2.9681015,79986.57
25009,2.973268,79989.55
25010,2.9804723,79992.53
25011,2.984724,79995.516
25012,2.986583,79998.5
25013,2.9870381,80001.484
25014,2.9867575,80004.47
25015,2.9858212,80007.45
25016,2.984591,80010.44
25017,2.9836822,80013.42
25018,2.9823167,80016.41
25019,2.9812667,80019.39
25020,2.9796145,80022.37
25021,2.977815,80025.34
25022,2.9759347,80028.32
25023,2.9747927,80031.3
25024,2.9742882,80034.27
25025,2.9682927,80037.24
25026,2.9531274,80040.195
25027,2.9571948,80043.16
25028,2.9625866,80046.12
25029,2.9740536,80049.09
25030,2.983872,80052.08
25031,2.996916,80055.08
25032,3.0086236,80058.086
25033,3.0246484,80061.11
25034,3.0400634,80064.15
25035,3.0604186,80067.21
25036,3.0789413,80070.29
25037,3.100496,80073.39
25038,3.1182709,80076.51
25039,3.138505,80079.65
25040,3.155008,80082.805
25041,3.172711,80085.98
25042,3.1873364,80089.164
25043,3.203337,80092.37
25044,3.2162762,80095.586
25045,3.2293017,80098.81
25046,3.2398248,80102.055
25047,3.251867,80105.305
25048,3.262614,80108.57
25049,3.2737143,80111.84
25050,3.2833862,80115.125
25051,3.2931075,80118.42
25052,3.3010998,80121.73
25053,3.3077116,80125.03
25054,3.3113565,80128.34
25055,3.3154812,80131.66
25056,3.3194594,80134.98
25057,3.3238506,80138.3
25058,3.3266354,80141.625
25059,3.3289065,80144.95
25060,3.3285031,80148.28
25061,3.3285017,80151.61
25062,3.3286176,80154.94
25063,3.3293362,80158.266
25064,3.3276036,80161.59
25065,3.324847,80164.92
25066,3.3189394,80168.24
25067,3.3130176,80171.555
25068,3.3068182,80174.86
25069,3.3031616,80178.164
25070,3.2999747,80181.46
25071,3.297774,80184.76
25072,3.2932951,80188.055
25073,3.2854037,80191.34
25074,3.274745,80194.62
25075,3.2620113,80197.88
25076,3.2475967,80201.13
25077,3.231222,80204.37
25078,3.2152944,80207.586
25079,3.199581,80210.79
25080,3.1848483,80213.98
25081,3.169554,80217.15
25082,3.1548073,80220.305
25083,3.139255,80223.445
25084,3.1247354,80226.57
25085,3.1119347,80229.68
25086,3.100745,80232.78
25087,3.0970376,80235.875
25088,3.0988333,80238.98
25089,3.1025925,80242.08
25090,3.1107647,80245.19
25091,3.1185892,80248.305
25092,3.1306036,80251.44
25093,3.1437411,80254.58
25094,3.1611583,80257.74
25095,3.178017,80260.92
25096,3.1980145,80264.12
25097,3.2158518,80267.336
25098,3.2345912,80270.57
25099,3.250838,80273.82
25100,3.2667217,80277.086
25101,3.2802484,80280.37
25102,3.2911496,80283.66
25103,3.2976677,80286.95
25104,3.3017666,80290.26
25105,3.3008003,80293.56
25106,3.2937887,80296.86
25107,3.2751508,80300.13
25108,3.2416186,80303.375
25109,3.193186,80306.57
25110,3.154105,80309.73
25111,3.1277878,80312.85
25112,3.114313,80315.97
25113,3.1076016,80319.08
25114,3.1032183,80322.18
25115,3.0992913,80325.28
25116,3.0957942,80328.375
25117,3.092896,80331.47
25118,3.090146,80334.56
25119,3.0866237,80337.65
25120,3.082738,80340.734
25121,3.0775712,80343.81
25122,3.0729744,80346.88
25123,3.0684934,80349.95
25124,3.0642161,80353.016
25125,3.0590694,80356.08
25126,3.0540817,80359.13
25127,3.0479336,80362.18
25128,3.04155,80365.22
25129,3.0350595,80368.25
25130,3.0299633,80371.28
25131,3.0275924,80374.31
25132,3.031729,80377.34
25133,3.0408227,80380.38
25134,3.056978,80383.44
25135,3.073452,80386.51
25136,3.0469525,80389.555
25137,3.0427763,80392.59
25138,3.0433922,80395.64
25139,3.040205,80398.68
25140,3.025002,80401.7
25141,3.0090592,80404.71
25142,3.0047753,80407.72
25143,3.01425,80410.734
25144,3.0260777,80413.76
25145,3.0306497,80416.79
25146,3.029342,80419.82
25147,3.0269518,80422.84
25148,3.026298,80425.87
25149,3.026828,80428.89
25150,3.027186,80431.914
25151,3.0257738,80434.94
25152,3.0235949,80437.96
25153,3.0216985,80440.984
25154,3.01922,80444.0
25155,3.0156622,80447.016
25156,3.0113635,80450.02
25157,3.0064578,80453.03
25158,3.0014281,80456.03
25159,2.9997597,80459.03
25160,3.0006638,80462.03
25161,3.004102,80465.04
25162,3.0094397,80468.05
25163,3.016074,80471.06
25164,3.0248623,80474.086
25165,3.0347612,80477.12
25166,3.0460446,80480.164
25167,3.0558705,80483.22
25168,3.0663004,80486.28
25169,3.0776253,80489.36
25170,3.0917766,80492.45
25171,3.1066482,80495.56
25172,3.1209097,80498.68
25173,3.132014,80501.81
25174,3.1386156,80504.95
25175,3.1381555,80508.09
25176,3.1297069,80511.23
25177,3.1079242,80514.336
25178,3.07206,80517.41
25179,3.0394073,80520.445
25180,3.0221856,80523.47
25181,3.014874,80526.484
25182,3.0108883,80529.49
25183,3.0079925,80532.5
25184,3.0049655,80535.51
25185,3.0019298,80538.51
25186,2.9997604,80541.51
25187,2.9977794,80544.51
25188,2.9962573,80547.51
25189,2.9952512,80550.5
25190,2.994679,80553.49
25191,2.9942148,80556.484
25192,2.99383,80559.48
25193,2.993363,80562.47
25194,2.9930618,80565.46
25195,2.9928598,80568.45
25196,2.9929473,80571.445
25197,2.9935687,80574.44
25198,2.9960408,80577.43
25199,2.9994485,80580.43
25200,3.0046735,80583.44
25201,3.0085354,80586.445
25202,3.00975,80589.45
25203,3.0064373,80592.46
25204,3.002,80595.46
25205,2.9976876,80598.46
25206,2.9965684,80601.46
25207,2.9971862,80604.46
25208,2.9927492,80607.45
25209,2.9864223,80610.44
25210,2.977472,80613.414
25211,2.971823,80616.38
25212,2.9668071,80619.35
25213,2.9636047,80622.31
25214,2.9592788,80625.27
25215,2.9571717,80628.234
25216,2.9563844,80631.19
25217,2.9561293,80634.14
25218,2.9535537,80637.09
25219,2.9467769,80640.04
25220,2.9368393,80642.98
25221,2.9274695,80645.91
25222,2.9189446,80648.83
25223,2.9123518,80651.74
25224,2.9091775,80654.65
25225,2.9123724,80657.56
25226,2.92032,80660.484
25227,2.9296606,80663.414
25228,2.9356766,80666.35
25229,2.9381905,80669.29
25230,2.9366798,80672.23
25231,2.934247,80675.164
25232,2.9305856,80678.09
25233,2.9293911,80681.02
25234,2.9289124,80683.95
25235,2.929922,80686.88
25236,2.9319584,80689.81
25237,2.9346004,80692.75
25238,2.9373288,80695.69
25239,2.9399886,80698.625
25240,2.9413278,80701.56
25241,2.9430404,80704.51
25242,2.944717,80707.45
25243,2.9477768,80710.4
25244,2.9510381,80713.35
25245,2.9545887,80716.305
25246,2.9576612,80719.266
25247,2.9594514,80722.23
25248,2.9602187,80725.19
25249,2.9606075,80728.15
25250,2.9612124,80731.11
25251,2.9613206,80734.07
25252,2.961305,80737.03
25253,2.9613714,80739.99
25254,2.9611688,80742.95
25255,2.9607882,80745.914
25256,2.960066,80748.875
25257,2.9586513,80751.836
25258,2.9567187,80754.79
25259,2.9545445,80757.74
25260,2.951713,80760.695
25261,2.9479527,80763.64
25262,2.9438832,80766.586
25263,2.9391818,80769.52
25264,2.9343233,80772.46
25265,2.9290326,80775.39
25266,2.924769,80778.31
25267,2.922292,80781.234
25268,2.9210753,80784.16
25269,2.9214118,80787.08
25270,2.9221344,80790.0
25271,2.9231286,80792.92
25272,2.9235365,80795.84
25273,2.9230516,80798.766
25274,2.9187353,80801.69
25275,2.9125807,80804.6
25276,2.9026134,80807.51
25277,2.8918273,80810.4
25278,2.8787901,80813.27
25279,2.8719008,80816.15
25280,2.8664477,80819.016
25281,2.863995,80821.88
25282,2.8617284,80824.74
25283,2.8604999,80827.6
25284,2.8596318,80830.46
25285,2.859089,80833.32
25286,2.8590813,80836.18
25287,2.8588142,80839.04
25288,2.858223,80841.9
25289,2.8552916,80844.75
25290,2.8487635,80847.6
25291,2.8444357,80850.445
25292,2.843634,80853.29
25293,2.8435853,80856.13
25294,2.8414824,80858.98
25295,2.836204,80861.81
25296,2.8298314,80864.64
25297,2.8237941,80867.46
25298,2.818555,80870.28
25299,2.8109908,80873.09
25300,2.8006604,80875.89
25301,2.787984,80878.68
25302,2.7721515,80881.45
25303,2.7564478,80884.21
25304,2.7399688,80886.95
25305,2.7292774,80889.68
25306,2.7198257,80892.4
25307,2.7061489,80895.1
25308,2.6887994,80897.79
25309,2.6704476,80900.46
25310,2.651119,80903.11
25311,2.6332138,80905.74
25312,2.6144931,80908.36
25313,2.5910676,80910.95
25314,2.563964,80913.516
25315,2.537751,80916.055
25316,2.5171754,80918.57
25317,2.5016992,80921.07
25318,2.4934523,80923.56
25319,2.485506,80926.05
25320,2.4832036,80928.53
25321,2.4816012,80931.016
25322,2.485459,80933.5
25323,2.4841285,80935.984
25324,2.4844103,80938.47
25325,2.4796007,80940.945
25326,2.4765527,80943.42
25327,2.4710965,80945.89
25328,2.4657369,80948.36
25329,2.459524,80950.82
25330,2.4554918,80953.27
25331,2.4518945,80955.73
25332,2.4510913,80958.18
25333,2.450095,80960.63
25334,2.447636,80963.08
25335,2.4464293,80965.52
25336,2.447083,80967.97
25337,2.4498444,80970.42
25338,2.4534624,80972.875
25339,2.4547417,80975.33
25340,2.4556246,80977.78
25341,2.4553454,80980.234
25342,2.454235,80982.69
25343,2.4512508,80985.14
25344,2.4508598,80987.59
25345,2.4530654,80990.05
25346,2.4575493,80992.51
25347,2.4611857,80994.97
25348,2.4638314,80997.43
25349,2.4674094,80999.9
25350,2.47335,81002.375
25351,2.4809241,81004.86
25352,2.488316,81007.35
25353,2.4906747,81009.84
25354,2.491148,81012.336
25355,2.490928,81014.83
25356,2.4912276,81017.32
25357,2.4942822,81019.81
25358,2.4989285,81022.31
25359,2.5010443,81024.81
25360,2.5018783,81027.31
25361,2.5029101,81029.81
25362,2.5053096,81032.32
25363,2.509219,81034.83
25364,2.5121841,81037.34
25365,2.510868,81039.85
25366,2.507779,81042.36
25367,2.5091703,81044.87
25368,2.5126903,81047.38
25369,2.5158443,81049.9
25370,2.5178828,81052.414
25371,2.518493,81054.93
25372,2.5184417,81057.445
25373,2.5196786,81059.97
25374,2.5198746,81062.49
25375,2.5215602,81065.016
25376,2.5227726,81067.54
25377,2.5271883,81070.06
25378,2.532293,81072.59
25379,2.5350497,81075.125
25380,2.5368767,81077.664
25381,2.5380368,81080.2
25382,2.5392623,81082.74
25383,2.5420368,81085.28
25384,2.5450807,81087.83
25385,2.5481513,81090.375
25386,2.5519266,81092.93
25387,2.5565948,81095.484
25388,2.562664,81098.05
25389,2.5677087,81100.62
25390,2.570708,81103.19
25391,2.5710454,81105.76
25392,2.5703359,81108.33
25393,2.5725074,81110.9
25394,2.5761166,81113.48
25395,2.579492,81116.055
25396,2.5812514,81118.63
25397,2.582738,81121.22
25398,2.584935,81123.805
25399,2.589871,81126.4
25400,2.5958033,81128.99
25401,2.5984833,81131.59
25402,2.5987747,81134.195
25403,2.598743,81136.8
25404,2.59788,81139.4
25405,2.6004214,81142.0
25406,2.6050253,81144.6
25407,2.6108375,81147.21
25408,2.615487,81149.83
25409,2.619074,81152.445
25410,2.6233544,81155.07
25411,2.627166,81157.695
25412,2.6287732,81160.32
25413,2.6252632,81162.945
25414,2.6193144,81165.56
25415,2.6184487,81168.18
25416,2.621605,81170.805
25417,2.627023,81173.43
25418,2.6324027,81176.06
25419,2.6366544,81178.695
25420,2.6402657,81181.336
25421,2.6439583,81183.98
25422,2.6473181,81186.625
25423,2.6503487,81189.27
25424,2.652381,81191.93
25425,2.6549127,81194.586
25426,2.6587145,81197.24
25427,2.6606226,81199.91
25428,2.6599758,81202.56
25429,2.6582227,81205.22
25430,2.6566663,81207.875
25431,2.6605268,81210.54
25432,2.6677394,81213.2
25433,2.676272,81215.88
25434,2.6836734,81218.57
25435,2.6884606,81221.26
25436,2.692087,81223.95
25437,2.697391,81226.65
25438,2.703121,81229.35
25439,2.7089548,81232.06
25440,2.7134786,81234.77
25441,2.7180495,81237.49
25442,2.723997,81240.22
25443,2.729866,81242.945
25444,2.7349274,81245.68
25445,2.7393575,81248.42
25446,2.74471,81251.164
25447,2.7495139,81253.914
25448,2.7541397,81256.67
25449,2.7561035,81259.43
25450,2.757329,81262.19
25451,2.758916,81264.945
25452,2.7618184,81267.71
25453,2.7635512,81270.48
25454,2.7648218,81273.24
25455,2.7642658,81276.01
25456,2.7635574,81278.77
25457,2.7633023,81281.54
25458,2.7623475,81284.305
25459,2.7610571,81287.06
25460,2.7587297,81289.82
25461,2.757723,81292.58
25462,2.7573788,81295.336
25463,2.7571573,81298.09
25464,2.758327,81300.85
25465,2.759647,81303.61
25466,2.7611568,81306.37
25467,2.7631404,81309.13
25468,2.7652695,81311.9
25469,2.7671235,81314.664
25470,2.7691207,81317.43
25471,2.7704756,81320.2
25472,2.770724,81322.98
25473,2.7697098,81325.75
25474,2.7681909,81328.516
25475,2.7673678,81331.28
25476,2.76676,81334.05
25477,2.7685046,81336.81
25478,2.7708526,81339.586
25479,2.7732763,81342.36
25480,2.7757716,81345.13
25481,2.7780566,81347.914
25482,2.7798717,81350.695
25483,2.7816823,81353.48
25484,2.782525,81356.26
25485,2.78348,81359.04
25486,2.784334,81361.82
25487,2.786142,81364.61
25488,2.7872896,81367.4
25489,2.7884939,81370.19
25490,2.790009,81372.98
25491,2.79204,81375.766
25492,2.7946086,81378.56
25493,2.7960477,81381.36
25494,2.797683,81384.16
25495,2.7995303,81386.95
25496,2.8013155,81389.76
25497,2.8030255,81392.56
25498,2.8043556,81395.37
25499,2.8040087,81398.17
25500,2.8023794,81400.98
25501,2.801565,81403.78
25502,2.801468,81406.586
25503,2.802125,81409.39
25504,2.802923,81412.195
25505,2.803816,81415.0
25506,2.8041797,81417.805
25507,2.8040428,81420.61
25508,2.8032804,81423.414
25509,2.803983,81426.22
25510,2.8059714,81429.02
25511,2.808936,81431.836
25512,2.8114212,81434.65
25513,2.8136537,81437.46
25514,2.8142993,81440.27
25515,2.8142955,81443.086
25516,2.813878,81445.9
25517,2.8134506,81448.71
25518,2.8124795,81451.52
25519,2.8122513,81454.336
25520,2.812271,81457.15
25521,2.8132992,81459.96
25522,2.8149326,81462.77
25523,2.8159704,81465.586
25524,2.8164272,81468.41
25525,2.8155708,81471.22
25526,2.8139346,81474.03
25527,2.8126626,81476.84
25528,2.8122063,81479.66
25529,2.8125017,81482.47
25530,2.8131301,81485.28
25531,2.8136785,81488.09
25532,2.8135674,81490.91
25533,2.812766,81493.72
25534,2.812712,81496.53
25535,2.8123991,81499.34
25536,2.8119752,81502.16
25537,2.810228,81504.97
25538,2.807494,81507.77
25539,2.8057373,81510.58
25540,2.8051817,81513.38
25541,2.8054764,81516.19
25542,2.8063138,81518.99
25543,2.806596,81521.8
25544,2.8082576,81524.6
25545,2.8095958,81527.414
25546,2.811186,81530.23
25547,2.8114007,81533.04
25548,2.810529,81535.85
25549,2.8102946,81538.664
25550,2.810002,81541.48
25551,2.8114178,81544.29
25552,2.8144786,81547.1
25553,2.8178222,81549.92
25554,2.8212502,81552.74
25555,2.8237717,81555.56
25556,2.8254235,81558.39
25557,2.82664,81561.22
25558,2.8277986,81564.05
25559,2.828425,81566.875
25560,2.8295465,81569.7
25561,2.8304052,81572.53
25562,2.8304417,81575.36
25563,2.8296678,81578.19
25564,2.8289874,81581.016
25565,2.8291192,81583.84
25566,2.829072,81586.67
25567,2.8302557,81589.5
25568,2.8314736,81592.33
25569,2.8319058,81595.16
25570,2.831433,81597.984
25571,2.8296099,81600.81
25572,2.8273559,81603.64
25573,2.82577,81606.47
25574,2.8251712,81609.3
25575,2.8258426,81612.125
25576,2.8267968,81614.95
25577,2.8273935,81617.78
25578,2.8270864,81620.61
25579,2.8254678,81623.44
25580,2.824078,81626.26
25581,2.822185,81629.08
25582,2.8200479,81631.9
25583,2.817324,81634.72
25584,2.8139985,81637.53
25585,2.8126874,81640.34
25586,2.8123977,81643.16
25587,2.8133893,81645.97
25588,2.8154716,81648.78
25589,2.8173497,81651.6
25590,2.8186846,81654.42
25591,2.8192382,81657.24
25592,2.8180783,81660.06
25593,2.8166041,81662.88
25594,2.8156457,81665.695
25595,2.8152745,81668.51
25596,2.815345,81671.32
25597,2.8151653,81674.13
25598,2.8152666,81676.945
25599,2.8167522,81679.766
25600,2.819043,81682.586
25601,2.8231204,81685.41
25602,2.8270476,81688.234
25603,2.8293326,81691.06
25604,2.8295588,81693.89
25605,2.8272104,81696.72
25606,2.8239276,81699.54
25607,2.821451,81702.36
25608,2.8203266,81705.18
25609,2.8205352,81708.0
25610,2.8204567,81710.82
25611,2.8189044,81713.64
25612,2.817124,81716.46
25613,2.8151486,81719.27
25614,2.8138638,81722.086
25615,2.8144014,81724.9
25616,2.8149092,81727.71
25617,2.8146024,81730.52
25618,2.814228,81733.336
25619,2.8156235,81736.15
25620,2.818077,81738.97
25621,2.8216286,81741.79
25622,2.8252087,81744.62
25623,2.8290007,81747.445
25624,2.8336334,81750.28
25625,2.8381286,81753.12
25626,2.8417134,81755.96
25627,2.842651,81758.805
25628,2.8424366,81761.65
25629,2.8418236,81764.49
25630,2.8406594,81767.336
25631,2.8396327,81770.17
25632,2.8389559,81773.01
25633,2.838672,81775.84
25634,2.838326,81778.68
25635,2.8365376,81781.516
25636,2.8348122,81784.35
25637,2.8331265,81787.19
25638,2.831446,81790.016
25639,2.8299997,81792.84
25640,2.8290486,81795.67
25641,2.828071,81798.5
25642,2.8287287,81801.33
25643,2.8300273,81804.16
25644,2.8310335,81806.984
25645,2.8326356,81809.82
25646,2.8349376,81812.66
25647,2.8359787,81815.49
25648,2.8363073,81818.33
25649,2.8354712,81821.164
25650,2.8349729,81824.0
25651,2.8339195,81826.836
25652,2.8328748,81829.67
25653,2.8319867,81832.5
25654,2.8309724,81835.33
25655,2.830482,81838.16
25656,2.8299348,81840.984
25657,2.8298595,81843.81
25658,2.830009,81846.64
25659,2.8293805,81849.47
25660,2.8281984,81852.3
25661,2.8278732,81855.125
25662,2.8268914,81857.95
25663,2.8266146,81860.78
25664,2.8257632,81863.61
25665,2.8240545,81866.43
25666,2.8228133,81869.25
25667,2.8212686,81872.07
25668,2.8203175,81874.89
25669,2.8201878,81877.71
25670,2.8215008,81880.53
25671,2.8225696,81883.35
25672,2.8241842,81886.17
25673,2.8245382,81889.0
25674,2.8251834,81891.83
25675,2.8258073,81894.66
25676,2.8266547,81897.484
25677,2.827415,81900.31
25678,2.828294,81903.14
25679,2.829202,81905.97
25680,2.829902,81908.8
25681,2.830934,81911.625
25682,2.8317404,81914.45
25683,2.8332784,81917.29
25684,2.8346453,81920.125
25685,2.8356652,81922.96
25686,2.8363638,81925.8
25687,2.8362494,81928.63
25688,2.8354104,81931.47
25689,2.8346705,81934.305
25690,2.8338084,81937.14
25691,2.8330681,81939.98
25692,2.832857,81942.81
25693,2.8330975,81945.65
25694,2.8340225,81948.484
25695,2.8346262,81951.32
25696,2.834497,81954.16
25697,2.8333895,81956.99
25698,2.832434,81959.83
25699,2.8320115,81962.66
25700,2.832332,81965.49
25701,2.833422,81968.33
25702,2.8348296,81971.164
25703,2.836279,81974.0
25704,2.8364868,81976.836
25705,2.835785,81979.67
25706,2.8351312,81982.51
25707,2.8343003,81985.34
25708,2.833177,81988.18
25709,2.831344,81991.01
25710,2.829441,81993.836
25711,2.8283148,81996.664
25712,2.827298,81999.49
25713,2.8261383,82002.32
25714,2.8242466,82005.15
25715,2.8222992,82007.97
25716,2.820129,82010.79
25717,2.8186147,82013.61
25718,2.8175473,82016.43
25719,2.8165307,82019.25
25720,2.815924,82022.06
25721,2.816347,82024.875
25722,2.8178701,82027.695
25723,2.8197289,82030.516
25724,2.821181,82033.336
25725,2.8218236,82036.16
25726,2.8221416,82038.98
25727,2.8231387,82041.8
25728,2.8244486,82044.625
25729,2.8253403,82047.45
25730,2.8267148,82050.28
25731,2.8278687,82053.11
25732,2.8294525,82055.94
25733,2.8301973,82058.766
25734,2.8309784,82061.59
25735,2.8327181,82064.43
25736,2.833771,82067.266
25737,2.8330703,82070.1
25738,2.8313656,82072.93
25739,2.8301516,82075.76
25740,2.8298247,82078.586
25741,2.8305779,82081.414
25742,2.8321004,82084.25
25743,2.832557,82087.086
25744,2.8328443,82089.92
25745,2.8323445,82092.76
25746,2.8316672,82095.586
25747,2.831578,82098.414
25748,2.8316367,82101.24
25749,2.8322003,82104.08
25750,2.8326037,82106.914
25751,2.8334668,82109.75
25752,2.8341808,82112.586
25753,2.8346243,82115.42
25754,2.8348775,82118.26
25755,2.8348784,82121.09
25756,2.8347893,82123.93
25757,2.834169,82126.766
25758,2.8328054,82129.6
25759,2.8318136,82132.43
25760,2.8306055,82135.26
25761,2.8303142,82138.086
25762,2.8297625,82140.914
25763,2.8286514,82143.74
25764,2.8278606,82146.57
25765,2.8266737,82149.4
25766,2.8246439,82152.23
25767,2.8244116,82155.055
25768,2.8244765,82157.88
25769,2.8263025,82160.71
25770,2.8281536,82163.54
25771,2.8305066,82166.37
25772,2.833012,82169.2
25773,2.835236,82172.04
25774,2.8365536,82174.875
25775,2.8364184,82177.71
25776,2.8358362,82180.55
25777,2.8351793,82183.38
25778,2.8348718,82186.22
25779,2.8340802,82189.055
25780,2.8334558,82191.89
25781,2.8323512,82194.73
25782,2.8308368,82197.555
25783,2.8284218,82200.38
25784,2.8264182,82203.21
25785,2.8248668,82206.04
25786,2.823714,82208.86
25787,2.8225853,82211.68
25788,2.8217173,82214.5
25789,2.822223,82217.32
25790,2.822472,82220.14
25791,2.8248074,82222.97
25792,2.8282614,82225.8
25793,2.8313122,82228.625
25794,2.8338745,82231.46
25795,2.8346145,82234.3
25796,2.8345385,82237.13
25797,2.8341262,82239.97
25798,2.832971,82242.805
25799,2.8315947,82245.63
25800,2.8311005,82248.46
25801,2.8303847,82251.29
25802,2.830642,82254.12
25803,2.8300939,82256.945
25804,2.828542,82259.77
25805,2.8274503,82262.6
25806,2.826883,82265.43
25807,2.828316,82268.26
25808,2.8310297,82271.086
25809,2.8339014,82273.92
25810,2.8362625,82276.76
25811,2.8375037,82279.59
25812,2.8372316,82282.43
25813,2.8357272,82285.266
25814,2.8340523,82288.1
25815,2.8337052,82290.94
25816,2.834449,82293.77
25817,2.8356366,82296.61
25818,2.8376338,82299.445
25819,2.83883,82302.28
25820,2.8400316,82305.125
25821,2.8411188,82307.97
25822,2.8417513,82310.81
25823,2.8421564,82313.66
25824,2.8421779,82316.5
25825,2.8420715,82319.34
25826,2.8421206,82322.19
25827,2.8424318,82325.03
25828,2.8425329,82327.875
25829,2.84225,82330.72
25830,2.8410244,82333.56
25831,2.8397884,82336.4
25832,2.8391118,82339.234
25833,2.8389964,82342.07
25834,2.8393533,82344.91
25835,2.8389652,82347.74
25836,2.8380482,82350.58
25837,2.8372073,82353.414
25838,2.836967,82356.25
25839,2.8369076,82359.086
25840,2.8371325,82361.92
25841,2.8373277,82364.76
25842,2.8379781,82367.59
25843,2.83818,82370.43
25844,2.837784,82373.266
25845,2.8370447,82376.1
25846,2.8369524,82378.94
25847,2.837299,82381.77
25848,2.8382406,82384.61
25849,2.8386993,82387.445
25850,2.8389359,82390.28
25851,2.8386977,82393.12
25852,2.8386116,82395.95
25853,2.8386803,82398.79
25854,2.8394105,82401.625
25855,2.8403528,82404.47
25856,2.8409505,82407.31
25857,2.8411098,82410.16
25858,2.840815,82413.0
25859,2.8409991,82415.84
25860,2.8418689,82418.69
25861,2.8432877,82421.53
25862,2.843927,82424.375
25863,2.8436055,82427.22
25864,2.8419766,82430.06
25865,2.8402038,82432.91
25866,2.8380437,82435.74
25867,2.836737,82438.58
25868,2.8360195,82441.414
25869,2.8361058,82444.25
25870,2.836694,82447.086
25871,2.8376384,82449.92
25872,2.8390257,82452.76
25873,2.8397038,82455.59
25874,2.840221,82458.44
25875,2.840342,82461.28
25876,2.8406343,82464.125
25877,2.8410647,82466.97
25878,2.840594,82469.81
25879,2.8391998,82472.65
25880,2.837619,82475.484
25881,2.836244,82478.32
25882,2.8356714,82481.16
25883,2.8352814,82483.99
25884,2.8348794,82486.83
25885,2.8346608,82489.664
25886,2.8333712,82492.5
25887,2.8332076,82495.336
25888,2.8337896,82498.17
25889,2.833316,82501.01
25890,2.8319674,82503.836
25891,2.8307598,82506.664
25892,2.830123,82509.49
25893,2.830277,82512.32
25894,2.8302138,82515.15
25895,2.8295977,82517.98
25896,2.829405,82520.805
25897,2.8290203,82523.63
25898,2.827766,82526.46
25899,2.8259947,82529.29
25900,2.8241122,82532.11
25901,2.8229253,82534.93
25902,2.821914,82537.75
25903,2.8205884,82540.57
25904,2.8198297,82543.39
25905,2.8192668,82546.21
25906,2.8187535,82549.03
25907,2.8192456,82551.85
25908,2.8195477,82554.67
25909,2.819843,82557.49
25910,2.82001,82560.31
25911,2.8199954,82563.13
25912,2.8195648,82565.95
25913,2.8198917,82568.77
25914,2.820219,82571.59
25915,2.8207235,82574.414
25916,2.8213665,82577.234
25917,2.8220072,82580.055
25918,2.823313,82582.875
25919,2.8246558,82585.7
25920,2.8262103,82588.53
25921,2.8265667,82591.36
25922,2.8268163,82594.19
25923,2.8267603,82597.016
25924,2.827082,82599.84
25925,2.8280444,82602.67
25926,2.8290448,82605.5
25927,2.8290656,82608.33
25928,2.8285272,82611.16
25929,2.8277884,82613.984
25930,2.8271377,82616.81
25931,2.826693,82619.64
25932,2.826714,82622.47
25933,2.826389,82625.3
25934,2.8260405,82628.125
25935,2.8258994,82630.95
25936,2.826302,82633.78
25937,2.8272965,82636.61
25938,2.8279707,82639.44
25939,2.828853,82642.266
25940,2.8295941,82645.09
25941,2.8299549,82647.92
25942,2.8295715,82650.75
25943,2.8286989,82653.58
25944,2.8273456,82656.41
25945,2.826765,82659.234
25946,2.8270323,82662.06
25947,2.8270237,82664.89
25948,2.8258877,82667.72
25949,2.8260455,82670.55
25950,2.8267336,82673.375
25951,2.8272455,82676.2
25952,2.8277943,82679.03
25953,2.8287592,82681.86
25954,2.8301544,82684.69
25955,2.8300774,82687.516
25956,2.8285189,82690.34
25957,2.8252914,82693.17
25958,2.8219173,82695.99
25959,2.8201983,82698.81
25960,2.8204827,82701.63
25961,2.8216689,82704.45
25962,2.823855,82707.27
25963,2.8251584,82710.1
25964,2.8258474,82712.93
25965,2.8262906,82715.76
25966,2.8266869,82718.586
25967,2.8264098,82721.414
25968,2.8261752,82724.24
25969,2.825725,82727.07
25970,2.8249788,82729.9
25971,2.825203,82732.73
25972,2.826282,82735.555
25973,2.827649,82738.38
25974,2.8292122,82741.21
25975,2.829931,82744.04
25976,2.829858,82746.87
25977,2.829812,82749.695
25978,2.8295512,82752.52
25979,2.8288562,82755.35
25980,2.8280385,82758.18
25981,2.828398,82761.01
25982,2.8284392,82763.836
25983,2.8290603,82766.664
25984,2.8295763,82769.49
25985,2.8305788,82772.32
25986,2.832596,82775.16
25987,2.8347888,82777.99
25988,2.836583,82780.83
25989,2.8381135,82783.664
25990,2.8399518,82786.51
25991,2.840704,82789.35
25992,2.8412018,82792.195
25993,2.840631,82795.04
25994,2.8402536,82797.88
25995,2.8395226,82800.72
25996,2.8388708,82803.555
25997,2.8379183,82806.39
25998,2.835709,82809.23
25999,2.8346283,82812.06
26000,2.8334796,82814.9
26001,2.8329074,82817.734
26002,2.8327081,82820.57
26003,2.8332105,82823.41
26004,2.8344529,82826.24
26005,2.835654,82829.08
26006,2.835973,82831.914
26007,2.8356006,82834.75
26008,2.836231,82837.586
26009,2.8381088,82840.42
26010,2.8410318,82843.266
26011,2.8420994,82846.11
26012,2.8422353,82848.95
26013,2.8407538,82851.8
26014,2.838746,82854.63
26015,2.8372555,82857.47
26016,2.835487,82860.305
26017,2.8344455,82863.14
26018,2.833053,82865.98
26019,2.832051,82868.81
26020,2.8313534,82871.64
26021,2.830627,82874.47
26022,2.8307464,82877.3
26023,2.8305304,82880.125
26024,2.829623,82882.95
26025,2.8276067,82885.78
26026,2.8256292,82888.61
26027,2.82488,82891.44
26028,2.824389,82894.266
26029,2.8241282,82897.086
26030,2.823953,82899.91
26031,2.8248818,82902.734
26032,2.8270483,82905.56
26033,2.8296514,82908.39
26034,2.831393,82911.22
26035,2.832046,82914.055
26036,2.8317952,82916.88
26037,2.8306918,82919.71
26038,2.8288507,82922.54
26039,2.8271065,82925.37
26040,2.8252225,82928.195
26041,2.8248804,82931.02
26042,2.824036,82933.84
26043,2.8229506,82936.664
26044,2.8215032,82939.484
26045,2.8184338,82942.305
26046,2.815138,82945.12
26047,2.8133707,82947.93
26048,2.8127196,82950.74
26049,2.8137228,82953.555
26050,2.8149092,82956.37
26051,2.815722,82959.18
26052,2.8160825,82961.99
26053,2.8162246,82964.805
26054,2.8158557,82967.62
26055,2.8157277,82970.43
26056,2.8161678,82973.24
26057,2.8151479,82976.055
26058,2.8148215,82978.87
26059,2.8141024,82981.68
26060,2.8128815,82984.49
26061,2.812555,82987.305
26062,2.811478,82990.12
26063,2.8112326,82992.93
26064,2.8099294,82995.74
26065,2.810266,82998.555
26066,2.8110933,83001.37
26067,2.812833,83004.18
26068,2.814179,83006.99
26069,2.8145852,83009.805
26070,2.8152587,83012.62
26071,2.8153331,83015.43
26072,2.8152847,83018.24
26073,2.8140645,83021.055
26074,2.8121579,83023.87
26075,2.8106804,83026.68
26076,2.809519,83029.49
26077,2.809224,83032.305
26078,2.8086298,83035.12
26079,2.8081326,83037.92
26080,2.809219,83040.734
26081,2.8099408,83043.55
26082,2.811248,83046.36
26083,2.8116243,83049.17
26084,2.8111892,83051.984
26085,2.8120644,83054.8
26086,2.8132644,83057.61
26087,2.8133667,83060.42
26088,2.8135345,83063.234
26089,2.8137743,83066.05
26090,2.8138607,83068.86
26091,2.8128555,83071.67
26092,2.8108873,83074.484
26093,2.810057,83077.3
26094,2.8102777,83080.11
26095,2.8116045,83082.92
26096,2.8130078,83085.734
26097,2.8134813,83088.55
26098,2.8133504,83091.36
26099,2.8115056,83094.17
26100,2.8090541,83096.984
26101,2.8079638,83099.79
26102,2.8085036,83102.59
26103,2.8099158,83105.41
26104,2.8110209,83108.22
26105,2.8122582,83111.03
26106,2.8130758,83113.84
26107,2.813575,83116.66
26108,2.8149953,83119.47
26109,2.8169484,83122.29
26110,2.8201401,83125.11
26111,2.8218017,83127.93
26112,2.8233147,83130.75
26113,2.8240097,83133.57
26114,2.824948,83136.4
26115,2.8252025,83139.23
26116,2.8252602,83142.055
26117,2.8253016,83144.88
26118,2.8255801,83147.71
26119,2.825987,83150.54
26120,2.826495,83153.37
26121,2.826852,83156.195
26122,2.8268878,83159.02
26123,2.8268874,83161.85
26124,2.8270035,83164.68
26125,2.8270137,83167.51
26126,2.826815,83170.336
26127,2.825564,83173.164
26128,2.8250325,83175.99
26129,2.8264272,83178.82
26130,2.8274963,83181.65
26131,2.8285763,83184.48
26132,2.8286693,83187.305
26133,2.827277,83190.13
26134,2.8264606,83192.96
26135,2.825362,83195.79
26136,2.823168,83198.61
26137,2.8223865,83201.43
26138,2.821969,83204.25
26139,2.8218822,83207.07
26140,2.8214407,83209.89
26141,2.821076,83212.71
26142,2.8219218,83215.53
26143,2.8237293,83218.35
26144,2.8260248,83221.18
26145,2.8264842,83224.01
26146,2.8266776,83226.836
26147,2.8270419,83229.664
26148,2.8270276,83232.49
26149,2.8263137,83235.32
26150,2.8249993,83238.15
26151,2.8242538,83240.98
26152,2.8233042,83243.8
26153,2.8230758,83246.62
26154,2.8242288,83249.445
26155,2.825964,83252.27
26156,2.827433,83255.1
26157,2.828715,83257.93
26158,2.8301392,83260.76
26159,2.8316884,83263.586
26160,2.8329651,83266.42
26161,2.834801,83269.26
26162,2.835382,83272.09
26163,2.8350627,83274.93
26164,2.835237,83277.766
26165,2.8351095,83280.6
26166,2.8351789,83283.44
26167,2.8357935,83286.27
26168,2.8358517,83289.11
26169,2.8344045,83291.945
26170,2.8332794,83294.78
26171,2.833188,83297.62
26172,2.833859,83300.45
26173,2.8354256,83303.29
26174,2.8364232,83306.125
26175,2.8372138,83308.96
26176,2.8377078,83311.8
26177,2.8384433,83314.63
26178,2.8400667,83317.48
26179,2.8406296,83320.32
26180,2.8410866,83323.164
26181,2.8405848,83326.01
26182,2.8395658,83328.84
26183,2.8396246,83331.68
26184,2.8389206,83334.516
26185,2.8387446,83337.35
26186,2.8387303,83340.19
26187,2.8382254,83343.02
26188,2.8375664,83345.86
26189,2.8371418,83348.695
26190,2.8369772,83351.53
26191,2.836823,83354.37
26192,2.8362324,83357.2
26193,2.8350742,83360.04
26194,2.83319,83362.875
26195,2.8312912,83365.7
26196,2.8294475,83368.53
26197,2.8297222,83371.36
26198,2.8309882,83374.19
26199,2.8313267,83377.016
26200,2.8308275,83379.84
26201,2.8297904,83382.67
26202,2.8292956,83385.5
26203,2.8286269,83388.33
26204,2.8286297,83391.16
26205,2.82851,83393.984
26206,2.8287032,83396.81
26207,2.8284466,83399.64
26208,2.827743,83402.47
26209,2.8263347,83405.3
26210,2.8250506,83408.125
26211,2.8249161,83410.95
26212,2.824543,83413.78
26213,2.824522,83416.61
26214,2.8246002,83419.44
26215,2.8252785,83422.266
26216,2.8260677,83425.09
26217,2.82653,83427.92
26218,2.8269613,83430.75
26219,2.8277864,83433.58
26220,2.828024,83436.41
26221,2.8275392,83439.234
26222,2.826146,83442.06
26223,2.8240025,83444.88
26224,2.8221245,83447.7
26225,2.821491,83450.52
26226,2.8210485,83453.34
26227,2.819617,83456.164
26228,2.818114,83458.984
26229,2.8166919,83461.805
26230,2.8154335,83464.62
26231,2.815236,83467.43
26232,2.8153565,83470.24
26233,2.815784,83473.055
26234,2.8165057,83475.875
26235,2.8183959,83478.695
26236,2.82047,83481.516
26237,2.8212268,83484.336
26238,2.8217692,83487.16
26239,2.8218558,83489.98
26240,2.8224099,83492.8
26241,2.8224678,83495.62
26242,2.8217957,83498.44
26243,2.8213263,83501.26
26244,2.8205557,83504.08
26245,2.8198242,83506.9
26246,2.8195758,83509.72
26247,2.8195117,83512.54
26248,2.8190339,83515.36
26249,2.8186767,83518.18
26250,2.8175302,83521.0
26251,2.816926,83523.82
26252,2.816424,83526.64
26253,2.8173592,83529.46
26254,2.8190415,83532.28
26255,2.8216374,83535.1
26256,2.8242252,83537.93
26257,2.8253253,83540.76
26258,2.8259661,83543.586
26259,2.8261096,83546.414
26260,2.8265939,83549.24
26261,2.8267033,83552.07
26262,2.8256512,83554.9
26263,2.8246307,83557.73
26264,2.8242514,83560.555
26265,2.8243299,83563.38
26266,2.8248932,83566.21
26267,2.8241882,83569.03
26268,2.8240426,83571.85
26269,2.824283,83574.68
26270,2.8241942,83577.5
26271,2.8246343,83580.33
26272,2.824847,83583.16
26273,2.8248,83585.984
26274,2.8247857,83588.81
26275,2.8238902,83591.63
26276,2.8231838,83594.45
26277,2.8225963,83597.27
26278,2.8231435,83600.09
26279,2.8247652,83602.92
26280,2.8269558,83605.75
26281,2.8285859,83608.58
26282,2.8302875,83611.41
26283,2.8317285,83614.234
26284,2.832822,83617.07
26285,2.832773,83619.91
26286,2.832575,83622.74
26287,2.8320932,83625.58
26288,2.8311486,83628.41
26289,2.8294606,83631.234
26290,2.8278594,83634.06
26291,2.8257473,83636.89
26292,2.8238487,83639.71
26293,2.8221297,83642.53
26294,2.820653,83645.35
26295,2.820195,83648.17
26296,2.8208098,83650.99
26297,2.8220742,83653.81
26298,2.8218222,83656.63
26299,2.8209405,83659.45
26300,2.8203204,83662.27
26301,2.820341,83665.09
26302,2.820749,83667.914
26303,2.821399,83670.734
26304,2.8227167,83673.555
26305,2.8239553,83676.375
26306,2.8257165,83679.2
26307,2.8277428,83682.03
26308,2.8296514,83684.86
26309,2.8314776,83687.69
26310,2.833491,83690.52
26311,2.8347607,83693.36
26312,2.83549,83696.195
26313,2.8362432,83699.03
26314,2.8366272,83701.87
26315,2.837919,83704.7
26316,2.8384662,83707.54
26317,2.8387566,83710.375
26318,2.8382523,83713.21
26319,2.8374379,83716.05
26320,2.8368173,83718.88
26321,2.8359418,83721.72
26322,2.8344045,83724.555
26323,2.8324704,83727.39
26324,2.831253,83730.22
26325,2.8318725,83733.05
26326,2.8334117,83735.88
26327,2.8352077,83738.72
26328,2.8366232,83741.555
26329,2.8381567,83744.39
26330,2.8392978,83747.23
26331,2.8411725,83750.07
26332,2.8438895,83752.914
26333,2.8446207,83755.76
26334,2.8439565,83758.6
26335,2.8435497,83761.445
26336,2.8421752,83764.29
26337,2.841186,83767.13
26338,2.8402898,83769.98
26339,2.839239,83772.81
26340,2.8377163,83775.65
26341,2.837064,83778.484
26342,2.8371625,83781.32
26343,2.8377068,83784.16
26344,2.8384433,83786.99
26345,2.839383,83789.83
26346,2.840568,83792.67
26347,2.8406537,83795.516
26348,2.8402028,83798.36
26349,2.8393157,83801.195
26350,2.8380654,83804.03
26351,2.8369954,83806.87
26352,2.8366256,83809.7
26353,2.8366122,83812.54
26354,2.8363128,83815.375
26355,2.8353038,83818.21
26356,2.8337798,83821.05
26357,2.8313665,83823.875
26358,2.8292432,83826.7
26359,2.827362,83829.53
26360,2.826956,83832.36
26361,2.827459,83835.19
26362,2.8284945,83838.016
26363,2.829442,83840.84
26364,2.8302655,83843.67
26365,2.8300743,83846.5
26366,2.8296895,83849.33
26367,2.8284688,83852.16
26368,2.826705,83854.984
26369,2.8238623,83857.805
26370,2.8211803,83860.625
26371,2.8196154,83863.445
26372,2.8190358,83866.266
26373,2.8185802,83869.086
26374,2.8185623,83871.91
26375,2.818945,83874.73
26376,2.8192067,83877.55
26377,2.8198597,83880.37
26378,2.8202024,83883.19
26379,2.8213534,83886.01
26380,2.8234017,83888.83
26381,2.8255382,83891.66
26382,2.827707,83894.484
26383,2.828693,83897.31
26384,2.829278,83900.14
26385,2.830046,83902.97
26386,2.8309925,83905.8
26387,2.8312492,83908.625
26388,2.831034,83911.45
26389,2.8311913,83914.28
26390,2.8318994,83917.11
26391,2.8324776,83919.945
26392,2.83278,83922.78
26393,2.832086,83925.62
26394,2.8313503,83928.445
26395,2.8312914,83931.27
26396,2.8319275,83934.1
26397,2.8316274,83936.93
26398,2.8312447,83939.76
26399,2.8309786,83942.586
26400,2.8317463,83945.414
26401,2.8323257,83948.25
26402,2.8335762,83951.086
26403,2.8345728,83953.92
26404,2.8346648,83956.76
26405,2.833699,83959.59
26406,2.8312383,83962.42
26407,2.8295298,83965.25
26408,2.828122,83968.08
26409,2.8275647,83970.91
26410,2.8270416,83973.734
26411,2.8266704,83976.56
26412,2.8271322,83979.39
26413,2.8273382,83982.22
26414,2.8270035,83985.05
26415,2.8263996,83987.875
26416,2.8255556,83990.7
26417,2.8255506,83993.53
26418,2.8250363,83996.36
26419,2.8238702,83999.18
26420,2.8225946,84002.0
26421,2.8223107,84004.82
26422,2.8219423,84007.64
26423,2.8215795,84010.46
26424,2.822641,84013.28
26425,2.8233874,84016.1
26426,2.8234274,84018.92
26427,2.8233616,84021.74
26428,2.8241153,84024.56
26429,2.8253384,84027.39
26430,2.8256836,84030.22
26431,2.8245895,84033.05
26432,2.8232834,84035.87
26433,2.822864,84038.69
26434,2.8227882,84041.51
26435,2.8230126,84044.33
26436,2.8243604,84047.16
26437,2.8266146,84049.984
26438,2.83007,84052.81
26439,2.8336546,84055.65
26440,2.8359299,84058.484
26441,2.8353648,84061.32
26442,2.8318868,84064.15
26443,2.8290093,84066.98
26444,2.8270266,84069.805
26445,2.8268359,84072.63
26446,2.8279433,84075.46
26447,2.82885,84078.29
26448,2.8310976,84081.12
26449,2.833214,84083.95
26450,2.8345294,84086.79
26451,2.8353765,84089.625
26452,2.834819,84092.46
26453,2.8329184,84095.3
26454,2.8297045,84098.125
26455,2.8273935,84100.95
26456,2.8256006,84103.78
26457,2.8239703,84106.6
26458,2.82234,84109.42
26459,2.8217587,84112.24
26460,2.8218255,84115.06
26461,2.8229425,84117.88
26462,2.8236282,84120.7
26463,2.8233097,84123.52
26464,2.8235488,84126.34
26465,2.8234978,84129.164
26466,2.82343,84131.984
26467,2.8227727,84134.805
26468,2.8216069,84137.625
26469,2.8214612,84140.445
26470,2.8207657,84143.266
26471,2.8199005,84146.086
26472,2.8192084,84148.91
26473,2.8206868,84151.73
26474,2.823237,84154.55
26475,2.8255403,84157.375
26476,2.827503,84160.2
26477,2.8281758,84163.03
26478,2.8284671,84165.86
26479,2.828131,84168.69
26480,2.8277786,84171.516
26481,2.828464,84174.34
26482,2.8294594,84177.17
26483,2.8298502,84180.0
26484,2.8303049,84182.83
26485,2.8299105,84185.66
26486,2.8304195,84188.484
26487,2.8298883,84191.31
26488,2.8297806,84194.14
26489,2.82881,84196.97
26490,2.8271124,84199.8
26491,2.8254662,84202.625
26492,2.823793,84205.445
26493,2.8235226,84208.266
26494,2.8243103,84211.09
26495,2.825383,84213.92
26496,2.8275518,84216.75
26497,2.829658,84219.58
26498,2.831495,84222.41
26499,2.8322525,84225.24
26500,2.832221,84228.08
26501,2.8324356,84230.914
26502,2.833085,84233.75
26503,2.8341968,84236.586
26504,2.8340585,84239.42
26505,2.8338425,84242.26
26506,2.8344367,84245.09
26507,2.8356187,84247.93
26508,2.8373735,84250.766
26509,2.8380327,84253.6
26510,2.8385167,84256.44
26511,2.8379803,84259.27
26512,2.8365822,84262.11
26513,2.8360667,84264.945
26514,2.8358624,84267.78
26515,2.834886,84270.62
26516,2.8338735,84273.45
26517,2.8338988,84276.29
26518,2.8353057,84279.125
26519,2.836765,84281.96
26520,2.838414,84284.8
26521,2.8390176,84287.63
26522,2.8398528,84290.48
26523,2.839625,84293.31
26524,2.8379889,84296.15
26525,2.8363848,84298.984
26526,2.8352568,84301.82
26527,2.834998,84304.66
26528,2.8344991,84307.49
26529,2.834878,84310.33
26530,2.8363838,84313.164
26531,2.8361502,84316.0
26532,2.8347647,84318.836
26533,2.8319545,84321.664
26534,2.828138,84324.49
26535,2.8246322,84327.32
26536,2.8213272,84330.14
26537,2.8196073,84332.96
26538,2.8181245,84335.78
26539,2.8173375,84338.6
26540,2.8154442,84341.414
26541,2.8144345,84344.23
26542,2.8130488,84347.04
26543,2.8141158,84349.85
26544,2.8163238,84352.664
26545,2.8187375,84355.484
26546,2.820377,84358.305
26547,2.821637,84361.125
26548,2.8232372,84363.945
26549,2.8254366,84366.77
26550,2.8268685,84369.6
26551,2.826247,84372.43
26552,2.8258507,84375.26
26553,2.8249855,84378.086
26554,2.8249438,84380.914
26555,2.8251233,84383.74
26556,2.8260472,84386.57
26557,2.8271363,84389.4
26558,2.8282623,84392.23
26559,2.8291614,84395.055
26560,2.8299792,84397.88
26561,2.830233,84400.71
26562,2.8305233,84403.54
26563,2.8306398,84406.37
26564,2.83017,84409.195
26565,2.8305333,84412.02
26566,2.8310509,84414.85
26567,2.8308308,84417.68
26568,2.8305066,84420.51
26569,2.8299997,84423.336
26570,2.8306582,84426.164
26571,2.8306596,84428.99
26572,2.8312728,84431.82
26573,2.8313408,84434.65
26574,2.831276,84437.48
26575,2.83112,84440.305
26576,2.830745,84443.13
26577,2.8302429,84445.96
26578,2.8296163,84448.79
26579,2.829343,84451.62
26580,2.8287249,84454.445
26581,2.828584,84457.27
26582,2.8283763,84460.1
26583,2.8277373,84462.93
26584,2.827042,84465.76
26585,2.826684,84468.586
26586,2.8267326,84471.414
26587,2.8271444,84474.24
26588,2.826183,84477.07
26589,2.8247247,84479.9
26590,2.8229501,84482.72
26591,2.8225877,84485.54
26592,2.8231115,84488.36
26593,2.8232584,84491.18
26594,2.822845,84494.0
26595,2.821564,84496.82
26596,2.820024,84499.64
26597,2.818966,84502.46
26598,2.8185077,84505.28
26599,2.817856,84508.1
26600,2.816482,84510.92
26601,2.8154092,84513.734
26602,2.8147018,84516.55
26603,2.8150897,84519.36
26604,2.8154445,84522.17
26605,2.8166854,84524.99
26606,2.818852,84527.81
26607,2.820366,84530.63
26608,2.8212922,84533.45
26609,2.8221114,84536.27
26610,2.8231022,84539.09
26611,2.8235588,84541.914
26612,2.8241663,84544.734
26613,2.8237176,84547.555
26614,2.8230336,84550.375
26615,2.8211043,84553.195
26616,2.8182504,84556.016
26617,2.8156548,84558.83
26618,2.8141122,84561.64
26619,2.8135867,84564.45
26620,2.8129954,84567.266
26621,2.8122084,84570.08
26622,2.8106122,84572.89
26623,2.8088138,84575.7
26624,2.806636,84578.51
26625,2.8055742,84581.31
26626,2.8051894,84584.12
26627,2.8055568,84586.92
26628,2.805949,84589.73
26629,2.807271,84592.53
26630,2.808847,84595.34
26631,2.8105593,84598.16
26632,2.8118725,84600.97
26633,2.8126366,84603.78
26634,2.8139892,84606.59
26635,2.8153343,84609.41
26636,2.8166437,84612.23
26637,2.819077,84615.05
26638,2.8223956,84617.87
26639,2.8250244,84620.695
26640,2.8267267,84623.52
26641,2.8270314,84626.35
26642,2.8255599,84629.18
26643,2.8231232,84632.0
26644,2.821254,84634.82
26645,2.820118,84637.64
26646,2.819295,84640.46
26647,2.820561,84643.28
26648,2.822233,84646.1
26649,2.8230877,84648.92
26650,2.823479,84651.74
26651,2.8235695,84654.56
26652,2.8246224,84657.39
26653,2.8270824,84660.22
26654,2.829537,84663.05
26655,2.831542,84665.875
26656,2.8330302,84668.71
26657,2.8347497,84671.55
26658,2.8362317,84674.38
26659,2.8367279,84677.22
26660,2.8357959,84680.055
26661,2.834569,84682.89
26662,2.8344383,84685.73
26663,2.8352153,84688.56
26664,2.8363388,84691.4
26665,2.8355236,84694.234
26666,2.8329961,84697.07
26667,2.8297408,84699.9
26668,2.8278713,84702.73
26669,2.8268666,84705.555
26670,2.8265307,84708.38
26671,2.8270366,84711.21
26672,2.8269176,84714.04
26673,2.8264098,84716.87
26674,2.8253582,84719.695
26675,2.8254411,84722.52
26676,2.8262775,84725.35
26677,2.8270586,84728.18
26678,2.828302,84731.01
26679,2.8293793,84733.836
26680,2.8307347,84736.664
26681,2.8315442,84739.49
26682,2.8332405,84742.33
26683,2.8346846,84745.164
26684,2.835712,84748.0
26685,2.8357382,84750.836
26686,2.8355572,84753.67
26687,2.835384,84756.51
26688,2.8354702,84759.34
26689,2.835252,84762.18
26690,2.834859,84765.016
26691,2.8347936,84767.85
26692,2.834086,84770.69
26693,2.8334236,84773.52
26694,2.8333974,84776.36
26695,2.8350098,84779.195
26696,2.8367722,84782.03
26697,2.836814,84784.87
26698,2.8358996,84787.7
26699,2.8354006,84790.54
26700,2.8356,84793.375
26701,2.8367844,84796.21
26702,2.8385005,84799.05
26703,2.839185,84801.88
26704,2.839145,84804.72
26705,2.83873,84807.555
26706,2.8400161,84810.4
26707,2.8401291,84813.24
26708,2.8390071,84816.08
26709,2.8374596,84818.914
26710,2.835107,84821.75
26711,2.8331683,84824.586
26712,2.8310738,84827.414
26713,2.8294919,84830.24
26714,2.8286073,84833.07
26715,2.827102,84835.9
26716,2.8253753,84838.73
26717,2.8253005,84841.555
26718,2.826684,84844.38
26719,2.8279517,84847.21
26720,2.8286417,84850.04
26721,2.8284068,84852.87
26722,2.8280327,84855.695
26723,2.8277338,84858.52
26724,2.827492,84861.35
26725,2.8272705,84864.18
26726,2.8276188,84867.01
26727,2.8271694,84869.836
26728,2.82518,84872.664
26729,2.8237183,84875.484
26730,2.8235686,84878.305
26731,2.8250208,84881.13
26732,2.8269267,84883.96
26733,2.827674,84886.79
26734,2.8284874,84889.62
26735,2.8303828,84892.445
26736,2.8324547,84895.28
26737,2.8342705,84898.12
26738,2.836575,84900.95
26739,2.8376474,84903.79
26740,2.8383162,84906.625
26741,2.8383822,84909.46
26742,2.8372283,84912.3
26743,2.8361754,84915.13
26744,2.8348572,84917.97
26745,2.8335116,84920.805
26746,2.8328695,84923.64
26747,2.8330476,84926.48
26748,2.8337634,84929.31
26749,2.833991,84932.15
26750,2.834054,84934.984
26751,2.8334157,84937.82
26752,2.832195,84940.66
26753,2.8312588,84943.484
26754,2.831105,84946.31
26755,2.8310528,84949.14
26756,2.8317425,84951.97
26757,2.8314018,84954.8
26758,2.8303955,84957.625
26759,2.8301167,84960.45
26760,2.8287227,84963.28
26761,2.8286011,84966.11
26762,2.8302248,84968.94
26763,2.8315191,84971.766
26764,2.8324032,84974.6
26765,2.83228,84977.44
26766,2.8317626,84980.266
26767,2.830878,84983.09
26768,2.8297844,84985.92
26769,2.8295343,84988.75
26770,2.8294573,84991.58
26771,2.8295941,84994.41
26772,2.8291101,84997.234
26773,2.829046,85000.06
26774,2.8290684,85002.89
26775,2.8291085,85005.72
26776,2.8294005,85008.55
26777,2.8299377,85011.375
26778,2.8313124,85014.2
26779,2.8344448,85017.04
26780,2.8371162,85019.875
26781,2.8388467,85022.71
26782,2.839793,85025.55
26783,2.8405132,85028.39
26784,2.841537,85031.234
26785,2.841131,85034.08
26786,2.8403845,85036.92
26787,2.839455,85039.76
26788,2.8380563,85042.59
26789,2.837399,85045.43
26790,2.836886,85048.266
26791,2.8372536,85051.1
26792,2.837719,85053.94
26793,2.838186,85056.77
26794,2.8377035,85059.61
26795,2.837309,85062.445
26796,2.8374364,85065.28
26797,2.8375444,85068.12
26798,2.8374286,85070.95
26799,2.8378356,85073.79
26800,2.8373446,85076.625
26801,2.835917,85079.46
26802,2.834366,85082.3
26803,2.8340268,85085.13
26804,2.8344061,85087.97
26805,2.8357522,85090.805
26806,2.836739,85093.64
26807,2.8377283,85096.48
26808,2.8387053,85099.31
26809,2.839251,85102.15
26810,2.8394449,85104.984
26811,2.8396661,85107.82
26812,2.8385608,85110.66
26813,2.8363674,85113.49
26814,2.8334923,85116.33
26815,2.8294742,85119.16
26816,2.8256562,85121.984
26817,2.8228817,85124.805
26818,2.8204205,85127.625
26819,2.8196597,85130.445
26820,2.8199542,85133.266
26821,2.8212478,85136.086
26822,2.8226027,85138.91
26823,2.8223512,85141.73
26824,2.821555,85144.55
26825,2.821015,85147.37
26826,2.8215604,85150.19
26827,2.8218758,85153.01
26828,2.8220794,85155.83
26829,2.8211849,85158.65
26830,2.820452,85161.47
26831,2.8205252,85164.29
26832,2.8202786,85167.11
26833,2.8191245,85169.93
26834,2.8171146,85172.75
26835,2.8157516,85175.56
26836,2.8155801,85178.375
26837,2.8162515,85181.19
26838,2.817587,85184.01
26839,2.8181021,85186.83
26840,2.8190088,85189.65
26841,2.81932,85192.47
26842,2.8192995,85195.29
26843,2.8195257,85198.11
26844,2.8206897,85200.93
26845,2.822139,85203.75
26846,2.8230302,85206.57
26847,2.8236737,85209.39
26848,2.8237758,85212.21
26849,2.8218393,85215.03
26850,2.8193798,85217.85
26851,2.8178475,85220.67
26852,2.816518,85223.49
26853,2.8151915,85226.305
26854,2.8137584,85229.12
26855,2.8142831,85231.93
26856,2.815467,85234.74
26857,2.8169506,85237.56
26858,2.8179278,85240.38
26859,2.8182116,85243.2
26860,2.8185089,85246.02
26861,2.8183458,85248.84
26862,2.8174102,85251.664
26863,2.8163574,85254.48
26864,2.815215,85257.29
26865,2.8139975,85260.1
26866,2.8133624,85262.914
26867,2.8132534,85265.73
26868,2.8136828,85268.54
26869,2.814156,85271.35
26870,2.8148608,85274.164
26871,2.8145864,85276.98
26872,2.8144937,85279.79
26873,2.8140004,85282.6
26874,2.8131306,85285.414
26875,2.8121507,85288.23
26876,2.811925,85291.04
26877,2.813034,85293.85
26878,2.8144999,85296.664
26879,2.8163812,85299.48
26880,2.8184192,85302.3
26881,2.818427,85305.12
26882,2.8185644,85307.94
26883,2.8182335,85310.76
26884,2.8184748,85313.58
26885,2.818778,85316.4
26886,2.8193426,85319.22
26887,2.8193414,85322.04
26888,2.81932,85324.86
26889,2.8199785,85327.68
26890,2.8214507,85330.5
26891,2.8224173,85333.32
26892,2.8234158,85336.14
26893,2.8241081,85338.96
26894,2.825141,85341.79
26895,2.826185,85344.62
26896,2.8264356,85347.445
26897,2.8259125,85350.27
26898,2.8250191,85353.1
26899,2.824479,85355.93
26900,2.824155,85358.75
26901,2.8251095,85361.58
26902,2.8271158,85364.41
26903,2.8285687,85367.234
26904,2.8292453,85370.06
26905,2.8301196,85372.89
26906,2.8308492,85375.72
26907,2.8311532,85378.55
26908,2.8301241,85381.375
26909,2.829041,85384.2
26910,2.8278916,85387.03
26911,2.8269882,85389.86
26912,2.8270092,85392.69
26913,2.8268523,85395.516
26914,2.8254824,85398.34
26915,2.825246,85401.17
26916,2.8261633,85404.0
26917,2.8282342,85406.83
26918,2.829443,85409.66
26919,2.830005,85412.484
26920,2.8307421,85415.31
26921,2.8306594,85418.14
26922,2.829686,85420.97
26923,2.8277915,85423.8
26924,2.8250823,85426.625
26925,2.82462,85429.45
26926,2.8240871,85432.27
26927,2.8242524,85435.1
26928,2.8247864,85437.93
26929,2.8263793,85440.76
26930,2.828622,85443.586
26931,2.8299148,85446.414
26932,2.8311346,85449.24
26933,2.8320198,85452.07
26934,2.8335843,85454.91
26935,2.8337047,85457.74
26936,2.8325176,85460.58
26937,2.8313925,85463.41
26938,2.8311746,85466.234
26939,2.8308218,85469.06
26940,2.8298748,85471.89
26941,2.8300507,85474.72
26942,2.8311007,85477.55
26943,2.8317957,85480.375
26944,2.831577,85483.2
26945,2.8307257,85486.03
26946,2.8286579,85488.86
26947,2.8274047,85491.69
26948,2.825574,85494.516
26949,2.8247821,85497.34
26950,2.8248029,85500.17
26951,2.8261373,85503.0
26952,2.8277743,85505.83
26953,2.8288362,85508.66
26954,2.829869,85511.484
26955,2.830098,85514.31
26956,2.829773,85517.14
26957,2.829177,85519.97
26958,2.8280432,85522.8
26959,2.826538,85525.625
26960,2.8247283,85528.45
26961,2.8235698,85531.27
26962,2.8217165,85534.09
26963,2.819832,85536.914
26964,2.8186994,85539.734
26965,2.8184686,85542.555
26966,2.8186824,85545.375
26967,2.8197775,85548.195
26968,2.821172,85551.016
26969,2.8222988,85553.836
26970,2.822426,85556.66
26971,2.8243134,85559.484
26972,2.8265135,85562.31
26973,2.82873,85565.14
26974,2.8300498,85567.97
26975,2.8314679,85570.8
26976,2.833051,85573.63
26977,2.8339193,85576.47
26978,2.833502,85579.305
26979,2.8324347,85582.14
26980,2.8310735,85584.97
26981,2.8299572,85587.8
26982,2.8295124,85590.625
26983,2.8290002,85593.45
26984,2.8287292,85596.28
26985,2.8269973,85599.11
26986,2.825647,85601.94
26987,2.8250139,85604.766
26988,2.825411,85607.59
26989,2.8259397,85610.42
26990,2.8266737,85613.25
26991,2.8275685,85616.08
26992,2.8274422,85618.91
26993,2.8274567,85621.734
26994,2.8278735,85624.56
26995,2.8289049,85627.39
26996,2.8296373,85630.22
26997,2.8305254,85633.05
26998,2.8318698,85635.875
26999,2.8333924,85638.71
27000,2.8357089,85641.55
27001,2.8366122,85644.38
27002,2.8358278,85647.22
27003,2.8335638,85650.055
27004,2.8317251,85652.88
27005,2.8313735,85655.71
27006,2.8308153,85658.54
27007,2.8311124,85661.37
27008,2.8311048,85664.195
27009,2.8309686,85667.02
27010,2.8315222,85669.85
27011,2.831404,85672.68
27012,2.8305962,85675.51
27013,2.829769,85678.336
27014,2.8290591,85681.164
27015,2.8292346,85683.99
27016,2.8293183,85686.82
27017,2.8294444,85689.65
27018,2.8292673,85692.48
27019,2.8286276,85695.305
27020,2.828854,85698.13
27021,2.8282712,85700.96
27022,2.8276112,85703.79
27023,2.826816,85706.62
27024,2.8266735,85709.445
27025,2.8270614,85712.27
27026,2.8283358,85715.1
27027,2.829683,85717.93
27028,2.8317022,85720.76
27029,2.8324158,85723.59
27030,2.8325121,85726.43
27031,2.8311806,85729.26
27032,2.8296337,85732.086
27033,2.8293111,85734.914
27034,2.8291283,85737.74
27035,2.8287747,85740.57
27036,2.828359,85743.4
27037,2.8277733,85746.23
27038,2.8274028,85749.055
27039,2.8273523,85751.88
27040,2.8280995,85754.71
27041,2.8280807,85757.54
27042,2.82859,85760.37
27043,2.8293839,85763.195
27044,2.8299015,85766.02
27045,2.8297844,85768.85
27046,2.830272,85771.68
27047,2.8313603,85774.51
27048,2.8320928,85777.34
27049,2.8330607,85780.18
27050,2.8344088,85783.016
27051,2.8341773,85785.85
27052,2.8330407,85788.69
27053,2.8324127,85791.52
27054,2.8324108,85794.36
27055,2.832866,85797.195
27056,2.832693,85800.03
27057,2.8326366,85802.87
27058,2.8322573,85805.7
27059,2.8319702,85808.53
27060,2.8317096,85811.36
27061,2.8316727,85814.19
27062,2.8316138,85817.016
27063,2.831649,85819.84
27064,2.8314738,85822.67
27065,2.831242,85825.5
27066,2.8308792,85828.33
27067,2.8314786,85831.16
27068,2.832862,85833.99
27069,2.833665,85836.83
27070,2.8342319,85839.664
27071,2.8346274,85842.5
27072,2.8349583,85845.336
27073,2.8348498,85848.17
27074,2.8340979,85851.01
27075,2.8339639,85853.84
27076,2.8341403,85856.68
27077,2.8353183,85859.516
27078,2.836087,85862.35
27079,2.836441,85865.19
27080,2.8358388,85868.02
27081,2.8351429,85870.86
27082,2.8351588,85873.695
27083,2.834342,85876.53
27084,2.8329499,85879.37
27085,2.8320873,85882.2
27086,2.831322,85885.03
27087,2.832181,85887.87
27088,2.8329053,85890.7
27089,2.8335834,85893.54
27090,2.8339005,85896.375
27091,2.8335638,85899.21
27092,2.8327134,85902.05
27093,2.8316827,85904.875
27094,2.8310528,85907.7
27095,2.8308318,85910.53
27096,2.8315508,85913.36
27097,2.831917,85916.19
27098,2.832066,85919.02
27099,2.8318594,85921.85
27100,2.8312023,85924.68
27101,2.8317456,85927.51
27102,2.831928,85930.336
27103,2.832634,85933.17
27104,2.8343072,85936.01
27105,2.835375,85938.84
27106,2.8361828,85941.68
27107,2.8370693,85944.516
27108,2.837757,85947.35
27109,2.8389733,85950.19
27110,2.8397067,85953.02
27111,2.8394513,85955.86
27112,2.839375,85958.695
27113,2.8388689,85961.53
27114,2.8386571,85964.37
27115,2.8378057,85967.2
27116,2.8366506,85970.04
27117,2.8356173,85972.875
27118,2.834968,85975.71
27119,2.8346748,85978.55
27120,2.8354237,85981.38
27121,2.8370245,85984.22
27122,2.8383007,85987.055
27123,2.83983,85989.89
27124,2.8407712,85992.734
27125,2.8411443,85995.58
27126,2.8411226,85998.42
27127,2.8413866,86001.266
27128,2.841563,86004.11
27129,2.8410342,86006.95
27130,2.8400042,86009.8
27131,2.8390381,86012.63
27132,2.8381336,86015.47
27133,2.8373883,86018.305
27134,2.8364487,86021.14
27135,2.8357086,86023.98
27136,2.835645,86026.81
27137,2.836219,86029.65
27138,2.8374417,86032.484
27139,2.8372848,86035.32
27140,2.835584,86038.16
27141,2.8328607,86040.99
27142,2.8300214,86043.82
27143,2.8290389,86046.65
27144,2.8284848,86049.48
27145,2.8284078,86052.305
27146,2.8289032,86055.13
27147,2.8297436,86057.96
27148,2.830422,86060.79
27149,2.8307924,86063.62
27150,2.8309295,86066.445
27151,2.8313031,86069.27
27152,2.8324096,86072.11
27153,2.8335636,86074.945
27154,2.8343613,86077.78
27155,2.8332129,86080.62
27156,2.831459,86083.445
27157,2.830191,86086.27
27158,2.8301275,86089.1
27159,2.8300095,86091.93
27160,2.8308496,86094.76
27161,2.8316262,86097.586
27162,2.8322735,86100.42
27163,2.8318284,86103.25
27164,2.8299646,86106.08
27165,2.8276813,86108.91
27166,2.8261266,86111.734
27167,2.82479,86114.56
27168,2.8239324,86117.38
27169,2.8241112,86120.2
27170,2.8250124,86123.03
27171,2.8251457,86125.86
27172,2.8250422,86128.69
27173,2.8260207,86131.516
27174,2.827393,86134.34
27175,2.8285372,86137.17
27176,2.8303227,86140.0
27177,2.8316348,86142.83
27178,2.8327782,86145.664
27179,2.8323336,86148.5
27180,2.83141,86151.33
27181,2.8307476,86154.16
27182,2.830303,86156.984
27183,2.8298962,86159.81
27184,2.8293166,86162.64
27185,2.8285592,86165.47
27186,2.828522,86168.3
27187,2.8300085,86171.125
27188,2.8311381,86173.95
27189,2.831974,86176.78
27190,2.831931,86179.61
27191,2.8319864,86182.44
27192,2.8325865,86185.27
27193,2.8343658,86188.11
27194,2.8357728,86190.945
27195,2.836466,86193.78
27196,2.8359482,86196.62
27197,2.8351696,86199.45
27198,2.8344162,86202.29
27199,2.8332367,86205.125
27200,2.831167,86207.95
27201,2.830556,86210.78
27202,2.8304129,86213.61
27203,2.8290002,86216.44
27204,2.8278234,86219.266
27205,2.8283572,86222.09
27206,2.8293471,86224.92
27207,2.8296175,86227.75
27208,2.8288476,86230.58
27209,2.827288,86233.41
27210,2.8252535,86236.234
27211,2.8232598,86239.055
27212,2.8210878,86241.875
27213,2.820321,86244.695
27214,2.8192453,86247.516
27215,2.8172925,86250.336
27216,2.8157558,86253.15
27217,2.8160694,86255.96
27218,2.8176215,86258.78
27219,2.819113,86261.6
27220,2.8209245,86264.42
27221,2.8222747,86267.24
27222,2.8242004,86270.06
27223,2.8238666,86272.88
27224,2.8221042,86275.7
27225,2.8209581,86278.52
27226,2.8202393,86281.34
27227,2.8188536,86284.164
27228,2.8168228,86286.984
27229,2.8148782,86289.8
27230,2.8125467,86292.61
27231,2.810983,86295.42
27232,2.8092716,86298.234
27233,2.808811,86301.05
27234,2.808612,86303.86
27235,2.8088772,86306.67
27236,2.8099048,86309.484
27237,2.810577,86312.3
27238,2.8109577,86315.11
27239,2.8098345,86317.92
27240,2.8088465,86320.734
27241,2.8092182,86323.55
27242,2.810986,86326.36
27243,2.8136566,86329.17
27244,2.8163292,86331.984
27245,2.8172503,86334.805
27246,2.8164744,86337.625
27247,2.81468,86340.44
27248,2.8129532,86343.25
27249,2.8115861,86346.06
27250,2.8113484,86348.875
27251,2.8113098,86351.69
27252,2.8122914,86354.5
27253,2.8139992,86357.31
27254,2.8153558,86360.125
27255,2.815489,86362.94
27256,2.815803,86365.75
27257,2.8156323,86368.56
27258,2.8155522,86371.375
27259,2.8160286,86374.19
27260,2.8161511,86377.0
27261,2.8162465,86379.81
27262,2.8153064,86382.625
27263,2.8135347,86385.44
27264,2.8112466,86388.25
27265,2.8106308,86391.06
27266,2.81143,86393.875
27267,2.8121915,86396.69
27268,2.812995,86399.5
27269,2.8140068,86402.31
27270,2.8157191,86405.125
27271,2.8177571,86407.945
27272,2.819398,86410.766
27273,2.821324,86413.586
27274,2.8234322,86416.41
27275,2.8236535,86419.23
27276,2.822737,86422.05
27277,2.8211365,86424.87
27278,2.8201594,86427.69
27279,2.8185024,86430.51
27280,2.8167596,86433.33
27281,2.8150296,86436.14
27282,2.8135865,86438.95
27283,2.8141942,86441.766
27284,2.8147156,86444.58
27285,2.8155844,86447.39
27286,2.8167877,86450.21
27287,2.8183167,86453.03
27288,2.819915,86455.85
27289,2.8221257,86458.67
27290,2.8243115,86461.5
27291,2.82724,86464.33
27292,2.8301623,86467.16
27293,2.8318791,86469.984
27294,2.8337834,86472.82
27295,2.834489,86475.66
27296,2.834446,86478.49
27297,2.834499,86481.33
27298,2.8343637,86484.164
27299,2.8352857,86487.0
27300,2.8360214,86489.836
27301,2.8361025,86492.67
27302,2.8356867,86495.51
27303,2.835116,86498.34
27304,2.8345766,86501.18
27305,2.8346179,86504.016
27306,2.83466,86506.85
27307,2.8346255,86509.69
27308,2.83527,86512.52
27309,2.836102,86515.36
27310,2.836512,86518.195
27311,2.8364918,86521.03
27312,2.835455,86523.87
27313,2.8345985,86526.7
27314,2.8336842,86529.54
27315,2.832373,86532.375
27316,2.831022,86535.2
27317,2.8299575,86538.03
27318,2.8298867,86540.86
27319,2.8291311,86543.69
27320,2.828478,86546.516
27321,2.8283718,86549.34
27322,2.8281534,86552.17
27323,2.828046,86555.0
27324,2.8268247,86557.83
27325,2.8261218,86560.66
27326,2.824811,86563.484
27327,2.8245888,86566.31
27328,2.8251357,86569.14
27329,2.8266957,86571.97
27330,2.8277218,86574.8
27331,2.8285053,86577.625
27332,2.8296847,86580.45
27333,2.8296924,86583.28
27334,2.8297815,86586.11
27335,2.8295887,86588.94
27336,2.830794,86591.766
27337,2.8326309,86594.6
27338,2.8340976,86597.44
27339,2.834318,86600.27
27340,2.8337572,86603.11
27341,2.832997,86605.945
27342,2.8325434,86608.78
27343,2.8320317,86611.62
27344,2.8309035,86614.445
27345,2.8303761,86617.27
27346,2.8302507,86620.1
27347,2.830046,86622.93
27348,2.8299608,86625.76
27349,2.829099,86628.586
27350,2.8278906,86631.414
27351,2.8265605,86634.24
27352,2.8258045,86637.07
27353,2.8249664,86639.9
27354,2.8253043,86642.73
27355,2.8253033,86645.555
27356,2.825296,86648.38
27357,2.825263,86651.21
27358,2.8253098,86654.04
27359,2.8252156,86656.87
27360,2.8255365,86659.695
27361,2.8254485,86662.52
27362,2.8254397,86665.35
27363,2.8255258,86668.18
27364,2.8259256,86671.01
27365,2.827059,86673.836
27366,2.8288693,86676.664
27367,2.8305337,86679.49
27368,2.8306823,86682.32
27369,2.8300076,86685.15
27370,2.8299038,86687.98
27371,2.8303542,86690.805
27372,2.8306,86693.63
27373,2.8307114,86696.46
27374,2.8300526,86699.29
27375,2.828312,86702.12
27376,2.8262758,86704.945
27377,2.8250346,86707.77
27378,2.8250473,86710.6
27379,2.8246255,86713.43
27380,2.8245142,86716.26
27381,2.8244166,86719.086
27382,2.8242779,86721.914
27383,2.8244565,86724.74
27384,2.8242176,86727.56
27385,2.8245044,86730.39
27386,2.825379,86733.22
27387,2.8254063,86736.05
27388,2.8249848,86738.875
27389,2.8239026,86741.695
27390,2.8234928,86744.516
27391,2.8243592,86747.34
27392,2.8258774,86750.17
27393,2.8271573,86753.0
27394,2.8275225,86755.83
27395,2.8281808,86758.66
27396,2.829071,86761.484
27397,2.8306835,86764.31
27398,2.8312333,86767.14
27399,2.830671,86769.97
27400,2.8297763,86772.8
27401,2.8292184,86775.625
27402,2.8291957,86778.45
27403,2.8301582,86781.28
27404,2.830656,86784.11
27405,2.8296008,86786.94
27406,2.8280203,86789.766
27407,2.8276532,86792.59
27408,2.8280873,86795.42
27409,2.8266957,86798.25
27410,2.825214,86801.08
27411,2.8233979,86803.9
27412,2.821554,86806.72
27413,2.8200207,86809.54
27414,2.8190982,86812.36
27415,2.819035,86815.18
27416,2.818894,86818.0
27417,2.8193212,86820.82
27418,2.819255,86823.64
27419,2.8202395,86826.46
27420,2.8213162,86829.28
27421,2.822017,86832.1
27422,2.8227618,86834.92
27423,2.8227894,86837.74
27424,2.8231282,86840.56
27425,2.8244174,86843.39
27426,2.8261523,86846.22
27427,2.8273818,86849.05
27428,2.828912,86851.875
27429,2.8314264,86854.7
27430,2.8344893,86857.54
27431,2.836208,86860.375
27432,2.8357174,86863.21
27433,2.83419,86866.05
27434,2.8311768,86868.875
27435,2.82947,86871.7
27436,2.8282807,86874.53
27437,2.8274863,86877.36
27438,2.8271153,86880.19
27439,2.8273299,86883.016
27440,2.8274193,86885.84
27441,2.8267148,86888.67
27442,2.8249338,86891.5
27443,2.8234115,86894.32
27444,2.8218725,86897.14
27445,2.8203952,86899.96
27446,2.8196428,86902.78
27447,2.8200502,86905.6
27448,2.8219683,86908.42
27449,2.8238378,86911.24
27450,2.8257587,86914.07
27451,2.8264842,86916.9
27452,2.8258455,86919.73
27453,2.8255718,86922.555
27454,2.8256853,86925.38
27455,2.8240433,86928.2
27456,2.8225517,86931.02
27457,2.822628,86933.84
27458,2.8235478,86936.664
27459,2.8246212,86939.49
27460,2.8253512,86942.32
27461,2.825023,86945.15
27462,2.8244674,86947.98
27463,2.8248646,86950.805
27464,2.8253481,86953.63
27465,2.826415,86956.46
27466,2.8267598,86959.29
27467,2.8273263,86962.12
27468,2.8282704,86964.945
27469,2.829101,86967.77
27470,2.829193,86970.6
27471,2.828594,86973.43
27472,2.8282666,86976.26
27473,2.8275616,86979.086
27474,2.8276684,86981.914
27475,2.8286088,86984.74
27476,2.8306234,86987.57
27477,2.832497,86990.41
27478,2.8348072,86993.24
27479,2.836036,86996.08
27480,2.8370569,86998.914
27481,2.8369553,87001.75
27482,2.836291,87004.586
27483,2.8352432,87007.42
27484,2.8340144,87010.26
27485,2.833249,87013.09
27486,2.8325918,87015.93
27487,2.8328998,87018.766
27488,2.8333104,87021.6
27489,2.8327181,87024.44
27490,2.8315654,87027.266
27491,2.8297865,87030.09
27492,2.8274462,87032.92
27493,2.8255894,87035.75
27494,2.8240325,87038.57
27495,2.8258638,87041.4
27496,2.829912,87044.23
27497,2.8330724,87047.06
27498,2.83601,87049.9
27499,2.836209,87052.734
27500,2.8348596,87055.57
27501,2.8333185,87058.41
27502,2.8319836,87061.234
27503,2.8301303,87064.06
27504,2.827669,87066.89
27505,2.826224,87069.72
27506,2.8257492,87072.55
27507,2.825914,87075.375
27508,2.825647,87078.2
27509,2.8242524,87081.03
27510,2.8223698,87083.85
27511,2.8213305,87086.67
27512,2.8200521,87089.49
27513,2.8201022,87092.31
27514,2.8206902,87095.13
27515,2.821454,87097.95
27516,2.822263,87100.77
27517,2.8230114,87103.59
27518,2.822704,87106.414
27519,2.822196,87109.234
27520,2.821613,87112.055
27521,2.8217957,87114.875
27522,2.8218353,87117.695
27523,2.8226802,87120.516
27524,2.8239033,87123.336
27525,2.8250618,87126.164
27526,2.8263724,87128.99
27527,2.8274426,87131.82
27528,2.8289995,87134.65
27529,2.8306046,87137.48
27530,2.8312492,87140.305
27531,2.8324683,87143.14
27532,2.8331945,87145.98
27533,2.8330414,87148.81
27534,2.8320253,87151.64
27535,2.8318439,87154.47
27536,2.8330452,87157.305
27537,2.8341775,87160.14
27538,2.8356526,87162.98
27539,2.836551,87165.81
27540,2.8373005,87168.65
27541,2.838356,87171.484
27542,2.83988,87174.33
27543,2.8414636,87177.17
27544,2.8433077,87180.016
27545,2.8441994,87182.86
27546,2.8447301,87185.7
27547,2.8442109,87188.55
27548,2.8428447,87191.39
27549,2.841976,87194.234
27550,2.841143,87197.08
27551,2.8403103,87199.92
27552,2.8398843,87202.766
27553,2.840293,87205.61
27554,2.8412805,87208.45
27555,2.8424106,87211.3
27556,2.8428652,87214.14
27557,2.8425698,87216.984
27558,2.8427944,87219.83
27559,2.8435497,87222.67
27560,2.8439326,87225.516
27561,2.8442209,87228.36
27562,2.8435507,87231.2
27563,2.84309,87234.05
27564,2.8430834,87236.89
27565,2.8428311,87239.734
27566,2.8425708,87242.58
27567,2.8426752,87245.42
27568,2.8432896,87248.266
27569,2.843561,87251.11
27570,2.8437073,87253.95
27571,2.8433402,87256.8
27572,2.8426516,87259.64
27573,2.842005,87262.484
27574,2.8417969,87265.33
27575,2.8425553,87268.17
27576,2.8432932,87271.016
27577,2.8428028,87273.86
27578,2.8425994,87276.7
27579,2.8420305,87279.55
27580,2.842184,87282.39
27581,2.842132,87285.234
27582,2.8419998,87288.08
27583,2.8415484,87290.92
27584,2.8413746,87293.766
27585,2.8413427,87296.61
27586,2.841286,87299.45
27587,2.841246,87302.3
27588,2.840683,87305.14
27589,2.8399649,87307.984
27590,2.839703,87310.82
27591,2.8394747,87313.66
27592,2.8389978,87316.49
27593,2.8380938,87319.33
27594,2.8379302,87322.164
27595,2.837563,87325.0
27596,2.8370972,87327.836
27597,2.836121,87330.67
27598,2.8353186,87333.51
27599,2.8352885,87336.34
27600,2.8353577,87339.18
27601,2.834914,87342.016
27602,2.8344257,87344.85
27603,2.8332367,87347.69
27604,2.8319833,87350.516
27605,2.8308215,87353.34
27606,2.8296297,87356.17
27607,2.829298,87359.0
27608,2.829634,87361.83
27609,2.8298142,87364.66
27610,2.830064,87367.484
27611,2.8290768,87370.31
27612,2.826144,87373.14
27613,2.8230252,87375.96
27614,2.8197424,87378.78
27615,2.8179739,87381.6
27616,2.8168054,87384.42
27617,2.815859,87387.234
27618,2.8149655,87390.05
27619,2.8160465,87392.86
27620,2.8175135,87395.68
27621,2.8187556,87398.5
27622,2.8199728,87401.32
27623,2.8203988,87404.14
27624,2.821709,87406.96
27625,2.8214624,87409.78
27626,2.8212056,87412.6
27627,2.821661,87415.42
27628,2.8224902,87418.24
27629,2.8221478,87421.06
27630,2.8214376,87423.88
27631,2.8217816,87426.7
27632,2.8226888,87429.52
27633,2.8235621,87432.34
27634,2.8237758,87435.164
27635,2.8242998,87437.99
27636,2.8247766,87440.82
27637,2.8241253,87443.64
27638,2.8227987,87446.46
27639,2.8215628,87449.28
27640,2.8215148,87452.1
27641,2.8230155,87454.92
27642,2.8242655,87457.75
27643,2.8258789,87460.58
27644,2.8276153,87463.41
27645,2.828974,87466.234
27646,2.8297398,87469.06
27647,2.830082,87471.89
27648,2.8300314,87474.72
27649,2.8306723,87477.55
27650,2.830731,87480.375
27651,2.830611,87483.2
27652,2.8302417,87486.03
27653,2.8304384,87488.86
27654,2.8306928,87491.69
27655,2.8305614,87494.516
27656,2.8297055,87497.34
27657,2.828526,87500.17
27658,2.8278792,87503.0
27659,2.827119,87505.83
27660,2.8255248,87508.66
27661,2.8228989,87511.48
27662,2.820736,87514.3
27663,2.8198626,87517.12
27664,2.8188553,87519.94
27665,2.8180053,87522.76
27666,2.8168263,87525.58
27667,2.8167827,87528.4
27668,2.8178995,87531.22
27669,2.8201458,87534.04
27670,2.8227916,87536.86
27671,2.8235745,87539.68
27672,2.824908,87542.51
27673,2.8253624,87545.336
27674,2.8249016,87548.164
27675,2.823906,87550.984
27676,2.8231876,87553.805
27677,2.8232033,87556.625
27678,2.8232934,87559.445
27679,2.8233845,87562.266
27680,2.8235724,87565.086
27681,2.8230822,87567.91
27682,2.821451,87570.73
27683,2.8202171,87573.55
27684,2.8193164,87576.37
27685,2.8176396,87579.19
27686,2.814231,87582.0
27687,2.810857,87584.81
27688,2.8085864,87587.62
27689,2.807028,87590.42
27690,2.8057954,87593.23
27691,2.8044422,87596.03
27692,2.80423,87598.836
27693,2.8051443,87601.64
27694,2.8068428,87604.445
27695,2.808061,87607.25
27696,2.8096025,87610.06
27697,2.8104298,87612.875
27698,2.8116064,87615.69
27699,2.8126223,87618.5
27700,2.8138764,87621.31
27701,2.8149304,87624.125
27702,2.816584,87626.945
27703,2.8191102,87629.766
27704,2.820997,87632.586
27705,2.8217523,87635.41
27706,2.8225462,87638.23
27707,2.8233902,87641.05
27708,2.8236012,87643.87
27709,2.8235097,87646.69
27710,2.821428,87649.51
27711,2.820324,87652.33
27712,2.8196762,87655.15
27713,2.8194323,87657.97
27714,2.81899,87660.79
27715,2.8183358,87663.61
27716,2.817059,87666.43
27717,2.8164394,87669.25
27718,2.816461,87672.07
27719,2.8177783,87674.89
27720,2.8188958,87677.71
27721,2.8194067,87680.53
27722,2.818966,87683.35
27723,2.8183327,87686.17
27724,2.8190289,87688.99
27725,2.8192856,87691.81
27726,2.8202143,87694.63
27727,2.8222537,87697.45
27728,2.8240721,87700.27
27729,2.8239768,87703.09
27730,2.8231049,87705.914
27731,2.8226748,87708.734
27732,2.8232613,87711.555
27733,2.8233721,87714.375
27734,2.8233583,87717.195
27735,2.8229327,87720.016
27736,2.821345,87722.836
27737,2.8194249,87725.66
27738,2.8165789,87728.48
27739,2.814192,87731.29
27740,2.8119934,87734.1
27741,2.8105223,87736.914
27742,2.810762,87739.73
27743,2.811055,87742.54
27744,2.811729,87745.35
27745,2.8108687,87748.164
27746,2.80981,87750.98
27747,2.8094249,87753.79
27748,2.8092425,87756.6
27749,2.810922,87759.414
27750,2.8131073,87762.23
27751,2.817109,87765.05
27752,2.821502,87767.87
27753,2.824911,87770.695
27754,2.8277895,87773.52
27755,2.8295858,87776.35
27756,2.8310754,87779.18
27757,2.8309398,87782.01
27758,2.8305688,87784.836
27759,2.8307393,87787.664
27760,2.8315356,87790.49
27761,2.832785,87793.33
27762,2.8341794,87796.164
27763,2.8343596,87799.0
27764,2.8344934,87801.836
27765,2.8352716,87804.67
27766,2.83667,87807.51
27767,2.8369849,87810.34
27768,2.836425,87813.18
27769,2.835008,87816.016
27770,2.8340518,87818.85
27771,2.8332076,87821.69
27772,2.8320165,87824.516
27773,2.830487,87827.34
27774,2.8301275,87830.17
27775,2.829447,87833.0
27776,2.8287303,87835.83
27777,2.828085,87838.66
27778,2.8279424,87841.484
27779,2.8284714,87844.31
27780,2.8292122,87847.14
27781,2.830459,87849.97
27782,2.8316445,87852.8
27783,2.8324845,87855.63
27784,2.8319387,87858.46
27785,2.8304696,87861.29
27786,2.8276808,87864.12
27787,2.8252652,87866.945
27788,2.8235781,87869.766
27789,2.8218985,87872.586
27790,2.820654,87875.41
27791,2.8205514,87878.23
27792,2.821373,87881.05
27793,2.8231423,87883.87
27794,2.8256116,87886.695
27795,2.8281362,87889.52
27796,2.8297985,87892.35
27797,2.829948,87895.18
27798,2.8300257,87898.01
27799,2.8308787,87900.836
27800,2.8323815,87903.67
27801,2.8335104,87906.51
27802,2.8347278,87909.34
27803,2.8357277,87912.18
27804,2.835965,87915.016
27805,2.8351755,87917.85
27806,2.8348455,87920.69
27807,2.8343542,87923.52
27808,2.8329709,87926.36
27809,2.8308754,87929.19
27810,2.8277292,87932.016
27811,2.825294,87934.84
27812,2.822959,87937.664
27813,2.8214505,87940.484
27814,2.8211985,87943.305
27815,2.821159,87946.125
27816,2.8212948,87948.945
27817,2.820923,87951.766
27818,2.8200638,87954.586
27819,2.8204153,87957.41
27820,2.8217769,87960.23
27821,2.8229494,87963.05
27822,2.8237238,87965.87
27823,2.822082,87968.69
27824,2.8194814,87971.51
27825,2.8176966,87974.33
27826,2.817293,87977.15
27827,2.8186886,87979.97
27828,2.821023,87982.79
27829,2.8217437,87985.61
27830,2.8221602,87988.43
27831,2.822549,87991.25
27832,2.82321,87994.07
27833,2.8240764,87996.89
27834,2.8235269,87999.71
27835,2.8224847,88002.53
27836,2.8210812,88005.35
27837,2.81884,88008.17
27838,2.8169463,88010.99
27839,2.8179333,88013.81
27840,2.820299,88016.63
27841,2.823615,88019.45
27842,2.8276415,88022.28
27843,2.8313315,88025.11
27844,2.8345723,88027.945
27845,2.8355029,88030.78
27846,2.8362231,88033.62
27847,2.8370502,88036.45
27848,2.8385046,88039.29
27849,2.8385947,88042.125
27850,2.8376553,88044.96
27851,2.8360846,88047.8
27852,2.8350034,88050.63
27853,2.8339555,88053.47
27854,2.8330126,88056.305
27855,2.8327904,88059.14
27856,2.833391,88061.98
27857,2.8339608,88064.81
27858,2.8325436,88067.65
27859,2.8305767,88070.48
27860,2.8284404,88073.305
27861,2.8285255,88076.13
27862,2.8287745,88078.96
27863,2.82949,88081.79
27864,2.8296754,88084.62
27865,2.8302896,88087.445
27866,2.8322558,88090.28
27867,2.8333292,88093.12
27868,2.8344293,88095.95
27869,2.8344383,88098.79
27870,2.8340902,88101.625
27871,2.8330548,88104.46
27872,2.8319066,88107.29
27873,2.8307006,88110.12
27874,2.8295288,88112.945
27875,2.8284686,88115.77
27876,2.8270833,88118.6
27877,2.8266995,88121.43
27878,2.8258235,88124.26
27879,2.8252618,88127.086
27880,2.8255172,88129.914
27881,2.8262491,88132.74
27882,2.8268108,88135.57
27883,2.8273425,88138.4
27884,2.8271668,88141.23
27885,2.8274267,88144.055
27886,2.8264492,88146.88
27887,2.825725,88149.71
27888,2.8249383,88152.54
27889,2.8237517,88155.36
27890,2.8232825,88158.18
27891,2.8236225,88161.0
27892,2.8253663,88163.83
27893,2.8259988,88166.66
27894,2.82662,88169.484
27895,2.8270645,88172.31
27896,2.8273501,88175.14
27897,2.8278134,88177.97
27898,2.828779,88180.8
27899,2.8300133,88183.625
27900,2.8310614,88186.45
27901,2.8312948,88189.28
27902,2.830786,88192.11
27903,2.8305092,88194.94
27904,2.8297472,88197.766
27905,2.828679,88200.59
27906,2.8268127,88203.42
27907,2.8263094,88206.25
27908,2.8257768,88209.08
27909,2.826656,88211.91
27910,2.8287053,88214.734
27911,2.8303282,88217.56
27912,2.8320153,88220.39
27913,2.8331308,88223.23
27914,2.834587,88226.06
27915,2.8345027,88228.9
27916,2.8333263,88231.734
27917,2.8310387,88234.56
27918,2.828549,88237.39
27919,2.8268313,88240.22
27920,2.8248792,88243.05
27921,2.8245888,88245.875
27922,2.8245642,88248.7
27923,2.8253708,88251.53
27924,2.826534,88254.36
27925,2.827507,88257.19
27926,2.8280466,88260.016
27927,2.8274584,88262.84
27928,2.8265505,88265.67
27929,2.8255565,88268.5
27930,2.824799,88271.33
27931,2.824375,88274.16
27932,2.824013,88276.98
27933,2.824231,88279.805
27934,2.825246,88282.63
27935,2.8260195,88285.46
27936,2.827327,88288.29
27937,2.8281734,88291.12
27938,2.8288622,88293.945
27939,2.829795,88296.77
27940,2.8315387,88299.6
27941,2.8328416,88302.44
27942,2.8342922,88305.27
27943,2.8346088,88308.11
27944,2.8345783,88310.945
27945,2.834376,88313.78
27946,2.8345444,88316.62
27947,2.8346813,88319.45
27948,2.8338,88322.29
27949,2.833592,88325.125
27950,2.8331237,88327.96
27951,2.8323684,88330.8
27952,2.8311276,88333.625
27953,2.8298202,88336.45
27954,2.8287005,88339.28
27955,2.8282633,88342.11
27956,2.8275578,88344.94
27957,2.8274279,88347.766
27958,2.8279977,88350.59
27959,2.8293123,88353.42
27960,2.8316033,88356.25
27961,2.8334005,88359.086
27962,2.8344433,88361.92
27963,2.8341255,88364.76
27964,2.833687,88367.59
27965,2.8334005,88370.43
27966,2.8332064,88373.266
27967,2.833998,88376.1
27968,2.8354058,88378.94
27969,2.836341,88381.77
27970,2.837472,88384.61
27971,2.8391287,88387.445
27972,2.8406432,88390.29
27973,2.841423,88393.13
27974,2.8417294,88395.98
27975,2.841737,88398.82
27976,2.8414996,88401.664
27977,2.8409913,88404.51
27978,2.8396535,88407.34
27979,2.8384247,88410.18
27980,2.838174,88413.016
27981,2.8373096,88415.85
27982,2.8365667,88418.69
27983,2.8364513,88421.52
27984,2.8358715,88424.36
27985,2.8357494,88427.195
27986,2.8359349,88430.03
27987,2.8363726,88432.87
27988,2.8366714,88435.7
27989,2.835968,88438.54
27990,2.8349154,88441.375
27991,2.8338623,88444.21
27992,2.8332763,88447.05
27993,2.8322937,88449.88
27994,2.8298001,88452.71
27995,2.827456,88455.54
27996,2.8260968,88458.37
27997,2.825117,88461.195
27998,2.82343,88464.016
27999,2.822338,88466.836
28000,2.8208325,88469.66
28001,2.8202045,88472.48
28002,2.819939,88475.3
28003,2.820147,88478.12
28004,2.8204439,88480.94
28005,2.820129,88483.76
28006,2.8189788,88486.58
28007,2.8175905,88489.4
28008,2.816901,88492.22
28009,2.8154557,88495.03
28010,2.8138924,88497.84
28011,2.812378,88500.66
28012,2.811807,88503.47
28013,2.8134394,88506.28
28014,2.8159485,88509.09
28015,2.8184955,88511.914
28016,2.821361,88514.734
28017,2.82316,88517.555
28018,2.8246553,88520.38
28019,2.8249109,88523.21
28020,2.8252542,88526.04
28021,2.8252163,88528.87
28022,2.8247294,88531.695
28023,2.8244264,88534.52
28024,2.8243582,88537.35
28025,2.8245609,88540.18
28026,2.8245783,88543.01
28027,2.8245664,88545.836
28028,2.8237686,88548.66
28029,2.823108,88551.48
28030,2.8231974,88554.3
28031,2.8238118,88557.12
28032,2.8248944,88559.945
28033,2.8256438,88562.77
28034,2.8261282,88565.6
28035,2.827079,88568.43
28036,2.828051,88571.26
28037,2.8281121,88574.086
28038,2.8284357,88576.914
28039,2.828945,88579.74
28040,2.8294387,88582.57
28041,2.8304183,88585.4
28042,2.8310535,88588.23
28043,2.8306692,88591.055
28044,2.8296359,88593.88
28045,2.8289006,88596.71
28046,2.8279636,88599.54
28047,2.829435,88602.37
28048,2.8318863,88605.195
28049,2.8342998,88608.03
28050,2.8361242,88610.87
28051,2.836669,88613.7
28052,2.8359842,88616.54
28053,2.8351889,88619.375
28054,2.8343778,88622.21
28055,2.8338654,88625.05
28056,2.8334033,88627.88
28057,2.8333619,88630.72
28058,2.8325288,88633.555
28059,2.832025,88636.38
28060,2.8312027,88639.21
28061,2.8298712,88642.04
28062,2.8297997,88644.87
28063,2.8300295,88647.695
28064,2.8304355,88650.52
28065,2.8291926,88653.35
28066,2.8272374,88656.18
28067,2.8264868,88659.01
28068,2.8263423,88661.836
28069,2.8264163,88664.664
28070,2.8262665,88667.49
28071,2.826881,88670.32
28072,2.8271751,88673.15
28073,2.827803,88675.98
28074,2.82935,88678.805
28075,2.8318713,88681.63
28076,2.8335364,88684.47
28077,2.8345075,88687.305
28078,2.835287,88690.14
28079,2.8361995,88692.98
28080,2.8372476,88695.81
28081,2.8375375,88698.65
28082,2.8375092,88701.484
28083,2.8374362,88704.32
28084,2.8371246,88707.16
28085,2.836222,88709.99
28086,2.8351512,88712.83
28087,2.8333862,88715.664
28088,2.8324993,88718.5
28089,2.8325975,88721.336
28090,2.832488,88724.17
28091,2.8327723,88727.01
28092,2.8329592,88729.84
28093,2.8334167,88732.68
28094,2.8342645,88735.516
28095,2.83422,88738.35
28096,2.8344781,88741.19
28097,2.834176,88744.02
28098,2.834087,88746.86
28099,2.8339984,88749.695
28100,2.834281,88752.53
28101,2.83474,88755.37
28102,2.8356361,88758.2
28103,2.8363392,88761.04
28104,2.836358,88763.875
28105,2.8357427,88766.71
28106,2.8347719,88769.55
28107,2.8344371,88772.38
28108,2.8342617,88775.22
28109,2.8340816,88778.055
28110,2.8338661,88780.89
28111,2.833204,88783.73
28112,2.83216,88786.56
28113,2.8319538,88789.39
28114,2.832186,88792.23
28115,2.8322382,88795.06
28116,2.8322022,88797.9
28117,2.8329625,88800.734
28118,2.8343472,88803.57
28119,2.83478,88806.41
28120,2.835046,88809.24
28121,2.8360524,88812.08
28122,2.8371003,88814.914
28123,2.8376598,88817.75
28124,2.8384109,88820.586
28125,2.8391778,88823.42
28126,2.8403826,88826.266
28127,2.8405619,88829.11
28128,2.839349,88831.945
28129,2.8373559,88834.78
28130,2.8356125,88837.62
28131,2.8342328,88840.45
28132,2.8343747,88843.29
28133,2.8347151,88846.125
28134,2.8345952,88848.96
28135,2.833361,88851.8
28136,2.8313975,88854.625
28137,2.8312886,88857.45
28138,2.8325732,88860.29
28139,2.8334582,88863.125
28140,2.833879,88865.96
28141,2.8346004,88868.8
28142,2.8348958,88871.63
28143,2.8347845,88874.47
28144,2.8341517,88877.305
28145,2.8332586,88880.14
28146,2.8325658,88882.98
28147,2.831885,88885.805
28148,2.8305504,88888.63
28149,2.8282008,88891.46
28150,2.8258789,88894.29
28151,2.8249373,88897.12
28152,2.8244803,88899.945
28153,2.823633,88902.766
28154,2.8233829,88905.586
28155,2.8230398,88908.41
28156,2.8226483,88911.23
28157,2.8217971,88914.05
28158,2.8192122,88916.87
28159,2.8177755,88919.69
28160,2.8167186,88922.51
28161,2.8169951,88925.33
28162,2.818314,88928.15
28163,2.8211257,88930.97
28164,2.8239594,88933.79
28165,2.8254092,88936.62
28166,2.826495,88939.445
28167,2.8270273,88942.27
28168,2.8263085,88945.1
28169,2.8235,88947.92
28170,2.8220165,88950.74
28171,2.8226116,88953.56
28172,2.823855,88956.38
28173,2.8255124,88959.21
28174,2.827023,88962.04
28175,2.8273044,88964.87
28176,2.8264828,88967.695
28177,2.8253043,88970.52
28178,2.8237162,88973.34
28179,2.821991,88976.164
28180,2.820805,88978.984
28181,2.821811,88981.805
28182,2.8229303,88984.625
28183,2.8240743,88987.445
28184,2.8241954,88990.266
28185,2.824918,88993.09
28186,2.8254116,88995.92
28187,2.825966,88998.75
28188,2.8259528,89001.58
28189,2.824548,89004.41
28190,2.823222,89007.23
28191,2.8211026,89010.05
28192,2.81932,89012.87
28193,2.815892,89015.68
28194,2.811307,89018.49
28195,2.8087027,89021.305
28196,2.806842,89024.11
28197,2.8050907,89026.914
28198,2.8021312,89029.72
28199,2.8019803,89032.52
28200,2.8042758,89035.33
28201,2.807641,89038.13
28202,2.8109252,89040.945
28203,2.813157,89043.76
28204,2.814206,89046.57
28205,2.8145103,89049.38
28206,2.8141747,89052.195
28207,2.8140996,89055.01
28208,2.8132973,89057.82
28209,2.8129678,89060.63
28210,2.8122451,89063.445
28211,2.8121428,89066.26
28212,2.812524,89069.07
28213,2.812289,89071.88
28214,2.8115048,89074.695
28215,2.8112478,89077.51
28216,2.811372,89080.32
28217,2.8115566,89083.13
28218,2.8117263,89085.945
28219,2.814343,89088.76
28220,2.8186257,89091.58
28221,2.8209884,89094.4
28222,2.8222125,89097.22
28223,2.8220665,89100.04
28224,2.8224678,89102.86
28225,2.8224068,89105.68
28226,2.8221753,89108.5
28227,2.8220828,89111.32
28228,2.822253,89114.14
28229,2.8231556,89116.96
28230,2.8246622,89119.79
28231,2.8252966,89122.62
28232,2.826569,89125.445
28233,2.8274982,89128.27
28234,2.8278267,89131.1
28235,2.8271847,89133.93
28236,2.8265798,89136.76
28237,2.8259232,89139.586
28238,2.8245635,89142.414
28239,2.8237646,89145.234
28240,2.8230176,89148.055
28241,2.821668,89150.875
28242,2.8180816,89153.695
28243,2.8152378,89156.51
28244,2.8129177,89159.32
28245,2.8125162,89162.13
28246,2.8126023,89164.945
28247,2.8131022,89167.76
28248,2.8139083,89170.57
28249,2.8143358,89173.38
28250,2.8160868,89176.195
28251,2.8174953,89179.016
28252,2.8178954,89181.836
28253,2.8159943,89184.65
28254,2.813234,89187.46
28255,2.8130112,89190.27
28256,2.814036,89193.086
28257,2.8160207,89195.9
28258,2.818353,89198.72
28259,2.8197372,89201.54
28260,2.8203974,89204.36
28261,2.821216,89207.18
28262,2.8216152,89210.0
28263,2.8227506,89212.82
28264,2.82484,89215.65
28265,2.8263779,89218.48
28266,2.8284733,89221.305
28267,2.8295054,89224.13
28268,2.8306255,89226.96
28269,2.8323987,89229.8
28270,2.8348107,89232.63
28271,2.8366225,89235.47
28272,2.8369763,89238.305
28273,2.836557,89241.14
28274,2.8361468,89243.98
28275,2.8363695,89246.81
28276,2.837048,89249.65
28277,2.8371582,89252.484
28278,2.8368425,89255.32
28279,2.836005,89258.16
28280,2.8355575,89260.99
28281,2.834532,89263.83
28282,2.8332417,89266.664
28283,2.8308294,89269.49
28284,2.8273838,89272.32
28285,2.824161,89275.14
28286,2.8220372,89277.96
28287,2.8199174,89280.78
28288,2.8187585,89283.6
28289,2.8194368,89286.42
28290,2.8205636,89289.24
28291,2.8220847,89292.06
28292,2.8226411,89294.88
28293,2.8231556,89297.7
28294,2.8239267,89300.52
28295,2.8239517,89303.34
28296,2.8239446,89306.164
28297,2.8241339,89308.984
28298,2.8246038,89311.81
28299,2.8249133,89314.64
28300,2.8247933,89317.47
28301,2.824413,89320.3
28302,2.8238628,89323.12
28303,2.8240755,89325.94
28304,2.8244848,89328.766
28305,2.8247857,89331.59
28306,2.8257637,89334.42
28307,2.8263276,89337.25
28308,2.8263614,89340.08
28309,2.8256998,89342.91
28310,2.8247979,89345.734
28311,2.8235595,89348.555
28312,2.8226314,89351.375
28313,2.8220816,89354.195
28314,2.8203557,89357.016
28315,2.8180225,89359.836
28316,2.8155873,89362.65
28317,2.8151495,89365.46
28318,2.8157256,89368.27
28319,2.8169177,89371.09
28320,2.8185837,89373.914
28321,2.820883,89376.734
28322,2.8225338,89379.555
28323,2.8239665,89382.375
28324,2.8256836,89385.2
28325,2.825992,89388.03
28326,2.8259528,89390.86
28327,2.826155,89393.69
28328,2.8257973,89396.516
28329,2.824955,89399.34
28330,2.8238688,89402.164
28331,2.8230844,89404.984
28332,2.8225024,89407.805
28333,2.8232918,89410.625
28334,2.8241289,89413.445
28335,2.825102,89416.27
28336,2.8268578,89419.1
28337,2.8281646,89421.93
28338,2.8294399,89424.76
28339,2.8293114,89427.586
28340,2.8286889,89430.414
28341,2.8281786,89433.24
28342,2.8274398,89436.07
28343,2.8260968,89438.9
28344,2.8236675,89441.72
28345,2.8214111,89444.54
28346,2.819445,89447.36
28347,2.81899,89450.18
28348,2.8193588,89453.0
28349,2.820306,89455.82
28350,2.8197722,89458.64
28351,2.8207843,89461.46
28352,2.8218303,89464.28
28353,2.823235,89467.1
28354,2.8237197,89469.92
28355,2.8252416,89472.75
28356,2.826549,89475.58
28357,2.8276315,89478.41
28358,2.8285325,89481.234
28359,2.8288991,89484.06
28360,2.82846,89486.89
28361,2.8267055,89489.72
28362,2.8243833,89492.55
28363,2.8221338,89495.37
28364,2.8197308,89498.19
28365,2.8185267,89501.01
28366,2.8186343,89503.83
28367,2.8186104,89506.65
28368,2.8182328,89509.47
28369,2.8182156,89512.29
28370,2.8185961,89515.11
28371,2.8183877,89517.93
28372,2.8180335,89520.75
28373,2.818858,89523.57
28374,2.8193314,89526.39
28375,2.819408,89529.21
28376,2.8193681,89532.03
28377,2.8192933,89534.85
28378,2.8189766,89537.67
28379,2.818458,89540.49
28380,2.8181963,89543.31
28381,2.8178895,89546.13
28382,2.817903,89548.95
28383,2.81742,89551.77
28384,2.8164814,89554.59
28385,2.814705,89557.41
28386,2.8129382,89560.22
28387,2.8116443,89563.03
28388,2.8103683,89565.84
28389,2.8094378,89568.66
28390,2.808336,89571.46
28391,2.8085787,89574.266
28392,2.8101685,89577.08
28393,2.81229,89579.89
28394,2.814647,89582.7
28395,2.816647,89585.52
28396,2.8185124,89588.34
28397,2.8194997,89591.164
28398,2.8205996,89593.984
28399,2.821976,89596.805
28400,2.8248446,89599.63
28401,2.8267348,89602.46
28402,2.8278885,89605.29
28403,2.827952,89608.12
28404,2.8287768,89610.945
28405,2.829418,89613.77
28406,2.8308835,89616.6
28407,2.8320546,89619.44
28408,2.8336022,89622.27
28409,2.8343887,89625.11
28410,2.836121,89627.945
28411,2.8372824,89630.78
28412,2.8382683,89633.62
28413,2.8380654,89636.45
28414,2.837024,89639.29
28415,2.8362002,89642.125
28416,2.8356907,89644.96
28417,2.8349438,89647.8
28418,2.8354034,89650.63
28419,2.836622,89653.47
28420,2.8380282,89656.305
28421,2.8388171,89659.14
28422,2.8390477,89661.98
28423,2.8386261,89664.81
28424,2.8379092,89667.65
28425,2.8376634,89670.484
28426,2.837697,89673.32
28427,2.8365538,89676.16
28428,2.8351076,89678.99
28429,2.834161,89681.83
28430,2.8326828,89684.664
28431,2.8319366,89687.49
28432,2.8323061,89690.33
28433,2.8328488,89693.164
28434,2.8329532,89696.0
28435,2.8317385,89698.83
28436,2.8298767,89701.66
28437,2.8271134,89704.484
28438,2.8239484,89707.305
28439,2.8231833,89710.125
28440,2.8242242,89712.95
28441,2.8245645,89715.78
28442,2.8246047,89718.61
28443,2.8243344,89721.44
28444,2.8241866,89724.26
28445,2.824458,89727.086
28446,2.8243005,89729.914
28447,2.8241298,89732.734
28448,2.8243346,89735.56
28449,2.8246439,89738.39
28450,2.8240423,89741.21
28451,2.8238487,89744.03
28452,2.8240862,89746.85
28453,2.8247538,89749.68
28454,2.8258624,89752.51
28455,2.8271887,89755.336
28456,2.8286896,89758.164
28457,2.8297925,89760.99
28458,2.8305666,89763.82
28459,2.8308828,89766.65
28460,2.831056,89769.48
28461,2.8315136,89772.305
28462,2.832546,89775.14
28463,2.8341746,89777.98
28464,2.8354495,89780.81
28465,2.8366394,89783.65
28466,2.8369288,89786.484
28467,2.8377085,89789.32
28468,2.838436,89792.16
28469,2.839107,89794.99
28470,2.840148,89797.836
28471,2.8415082,89800.68
28472,2.8429103,89803.52
28473,2.8438756,89806.37
28474,2.843556,89809.21
28475,2.8423283,89812.055
28476,2.84074,89814.9
28477,2.839823,89817.734
28478,2.8390636,89820.57
28479,2.838958,89823.41
28480,2.8379946,89826.24
28481,2.8359795,89829.08
28482,2.832998,89831.914
28483,2.830434,89834.74
28484,2.828338,89837.57
28485,2.8269897,89840.4
28486,2.8252013,89843.23
28487,2.823653,89846.05
28488,2.8212836,89848.87
28489,2.8192427,89851.69
28490,2.8174877,89854.51
28491,2.8156817,89857.32
28492,2.8139584,89860.13
28493,2.8126528,89862.945
28494,2.812426,89865.76
28495,2.8122895,89868.57
28496,2.8114057,89871.38
28497,2.8114176,89874.195
28498,2.812343,89877.01
28499,2.81366,89879.82
28500,2.8139985,89882.63
28501,2.81492,89885.445
28502,2.8166625,89888.266
28503,2.8184566,89891.086
28504,2.81976,89893.91
28505,2.820292,89896.73
28506,2.819891,89899.55
28507,2.8187168,89902.37
28508,2.8182878,89905.19
28509,2.8186395,89908.01
28510,2.8203793,89910.83
28511,2.8217616,89913.65
28512,2.822836,89916.47
28513,2.8223746,89919.29
28514,2.8212554,89922.11
28515,2.8207946,89924.93
28516,2.8209474,89927.75
28517,2.8216674,89930.57
28518,2.8230999,89933.39
28519,2.8254626,89936.22
28520,2.8282454,89939.05
28521,2.8301427,89941.875
28522,2.8309128,89944.7
28523,2.8319256,89947.53
28524,2.8319058,89950.36
28525,2.8319108,89953.19
28526,2.8321776,89956.02
28527,2.8318498,89958.85
28528,2.8306324,89961.68
28529,2.8289227,89964.51
28530,2.827575,89967.336
28531,2.8265295,89970.164
28532,2.82572,89972.99
28533,2.825563,89975.82
28534,2.8257275,89978.65
28535,2.8263261,89981.48
28536,2.8266652,89984.305
28537,2.8276308,89987.13
28538,2.8285198,89989.96
28539,2.82965,89992.79
28540,2.8306248,89995.62
28541,2.8306398,89998.445
28542,2.8308961,90001.27
28543,2.8317733,90004.1
28544,2.8329096,90006.94
28545,2.8334928,90009.77
28546,2.8338072,90012.61
28547,2.8345973,90015.445
28548,2.8360257,90018.28
28549,2.8372138,90021.12
28550,2.837993,90023.95
28551,2.837882,90026.79
28552,2.8371158,90029.625
28553,2.8359127,90032.46
28554,2.8348336,90035.3
28555,2.8340366,90038.13
28556,2.8320632,90040.97
28557,2.830646,90043.8
28558,2.829333,90046.625
28559,2.8294854,90049.45
28560,2.8297,90052.28
28561,2.8296413,90055.11
28562,2.8295007,90057.94
28563,2.8295867,90060.766
28564,2.8300624,90063.59
28565,2.8311412,90066.42
28566,2.8330307,90069.26
28567,2.8332927,90072.09
28568,2.83308,90074.93
28569,2.8323462,90077.766
28570,2.8316042,90080.59
28571,2.8308394,90083.42
28572,2.8302083,90086.25
28573,2.8306046,90089.08
28574,2.8311472,90091.91
28575,2.8321648,90094.74
28576,2.833071,90097.58
28577,2.8331432,90100.414
28578,2.833222,90103.25
28579,2.8336422,90106.086
28580,2.833625,90108.92
28581,2.8331614,90111.76
28582,2.8333673,90114.59
28583,2.8333962,90117.43
28584,2.833339,90120.266
28585,2.8320835,90123.1
28586,2.8313708,90125.93
28587,2.8322732,90128.766
28588,2.8348694,90131.6
28589,2.8371727,90134.44
28590,2.838027,90137.27
28591,2.8382168,90140.11
28592,2.8383672,90142.945
28593,2.8382726,90145.78
28594,2.8379374,90148.62
28595,2.837619,90151.45
28596,2.8360162,90154.29
28597,2.8337882,90157.125
28598,2.8309066,90159.95
28599,2.8292687,90162.78
28600,2.8290608,90165.61
28601,2.8294353,90168.44
28602,2.8303385,90171.266
28603,2.8311768,90174.09
28604,2.8334775,90176.93
28605,2.835518,90179.766
28606,2.836684,90182.6
28607,2.836705,90185.44
28608,2.835931,90188.27
28609,2.834823,90191.11
28610,2.8339279,90193.945
28611,2.8338628,90196.78
28612,2.8348992,90199.62
28613,2.8360736,90202.45
28614,2.8375468,90205.29
28615,2.838279,90208.125
28616,2.8382788,90210.96
28617,2.8378427,90213.8
28618,2.8373153,90216.63
28619,2.8382778,90219.47
28620,2.838971,90222.305
28621,2.839731,90225.14
28622,2.8415117,90227.984
28623,2.842972,90230.83
28624,2.8441434,90233.67
28625,2.8446715,90236.516
28626,2.8443902,90239.36
28627,2.8431387,90242.2
28628,2.8411245,90245.05
28629,2.8387887,90247.88
28630,2.8358712,90250.72
28631,2.8333514,90253.555
28632,2.8307216,90256.38
28633,2.8297577,90259.21
28634,2.829817,90262.04
28635,2.8309767,90264.87
28636,2.8323812,90267.7
28637,2.8323894,90270.54
28638,2.8319461,90273.37
28639,2.831118,90276.195
28640,2.8304017,90279.02
28641,2.8288486,90281.85
28642,2.8267179,90284.68
28643,2.8249512,90287.51
28644,2.8241918,90290.33
28645,2.8244448,90293.16
28646,2.8249543,90295.984
28647,2.82558,90298.81
28648,2.8253198,90301.64
28649,2.824417,90304.47
28650,2.8230538,90307.29
28651,2.8219616,90310.11
28652,2.819964,90312.93
28653,2.8189864,90315.75
28654,2.819483,90318.57
28655,2.8200662,90321.39
28656,2.8201723,90324.21
28657,2.8198233,90327.03
28658,2.8198016,90329.85
28659,2.8203206,90332.67
28660,2.8210957,90335.49
28661,2.822785,90338.31
28662,2.825503,90341.14
28663,2.8281794,90343.97
28664,2.830157,90346.8
28665,2.8310068,90349.625
28666,2.8326766,90352.46
28667,2.8341248,90355.3
28668,2.8361404,90358.13
28669,2.836875,90360.97
28670,2.8370092,90363.805
28671,2.8354387,90366.64
28672,2.8319445,90369.47
28673,2.8287957,90372.3
28674,2.826392,90375.125
28675,2.826039,90377.95
28676,2.8258865,90380.78
28677,2.8259845,90383.61
28678,2.8262415,90386.44
28679,2.8268862,90389.266
28680,2.826208,90392.09
28681,2.8246863,90394.92
28682,2.823554,90397.74
28683,2.8235118,90400.56
28684,2.8238597,90403.38
28685,2.8245602,90406.21
28686,2.8257842,90409.04
28687,2.8262136,90411.87
28688,2.827162,90414.695
28689,2.8269842,90417.52
28690,2.8258147,90420.35
28691,2.8251827,90423.18
28692,2.8254073,90426.01
28693,2.8263588,90428.836
28694,2.8271866,90431.664
28695,2.8269534,90434.49
28696,2.8261263,90437.32
28697,2.8250802,90440.15
28698,2.824487,90442.98
28699,2.8248293,90445.805
28700,2.8251958,90448.63
28701,2.825471,90451.46
28702,2.825551,90454.29
28703,2.8259947,90457.12
28704,2.826858,90459.945
28705,2.8272576,90462.77
28706,2.8271978,90465.6
28707,2.8269048,90468.43
28708,2.82706,90471.26
28709,2.8274956,90474.086
28710,2.8280632,90476.914
28711,2.828012,90479.74
28712,2.829058,90482.57
28713,2.829871,90485.4
28714,2.8308492,90488.23
28715,2.830869,90491.055
28716,2.8315952,90493.88
28717,2.8320196,90496.71
28718,2.832704,90499.55
28719,2.8340588,90502.38
28720,2.8349504,90505.22
28721,2.8352609,90508.055
28722,2.833931,90510.89
28723,2.8335006,90513.73
28724,2.8341174,90516.56
28725,2.836003,90519.4
28726,2.837563,90522.234
28727,2.8381112,90525.07
28728,2.8372052,90527.91
28729,2.8337495,90530.74
28730,2.828991,90533.57
28731,2.825258,90536.4
28732,2.8228774,90539.22
28733,2.8229904,90542.04
28734,2.823909,90544.86
28735,2.8252435,90547.69
28736,2.8267016,90550.516
28737,2.8289351,90553.34
28738,2.8308218,90556.17
28739,2.832415,90559.01
28740,2.832376,90561.84
28741,2.8316896,90564.67
28742,2.8307881,90567.5
28743,2.8303266,90570.33
28744,2.830572,90573.16
28745,2.8304977,90575.984
28746,2.829956,90578.81
28747,2.8292186,90581.64
28748,2.8287065,90584.47
28749,2.82895,90587.3
28750,2.8291922,90590.125
28751,2.8300045,90592.95
28752,2.8307712,90595.78
28753,2.8298702,90598.61
28754,2.8275676,90601.44
28755,2.8244576,90604.266
28756,2.8212214,90607.086
28757,2.8198211,90609.91
28758,2.8194695,90612.73
28759,2.8198552,90615.55
28760,2.818863,90618.37
28761,2.8175495,90621.19
28762,2.8168175,90624.01
28763,2.8160512,90626.82
28764,2.8160062,90629.63
28765,2.8174253,90632.45
28766,2.8199582,90635.27
28767,2.821616,90638.09
28768,2.8219864,90640.914
28769,2.8215997,90643.734
28770,2.8214767,90646.555
28771,2.8224175,90649.375
28772,2.8238113,90652.195
28773,2.8243585,90655.02
28774,2.8249638,90657.85
28775,2.8249075,90660.68
28776,2.8247015,90663.51
28777,2.823541,90666.33
28778,2.8223782,90669.15
28779,2.8222058,90671.97
28780,2.8231027,90674.79
28781,2.8245635,90677.62
28782,2.8261533,90680.445
28783,2.8279996,90683.27
28784,2.8301482,90686.1
28785,2.8309538,90688.93
28786,2.8318071,90691.76
28787,2.8318105,90694.586
28788,2.8317382,90697.414
28789,2.8313167,90700.24
28790,2.8307567,90703.07
28791,2.8301265,90705.9
28792,2.8286529,90708.73
28793,2.8268404,90711.555
28794,2.8253603,90714.38
28795,2.824583,90717.21
28796,2.8233144,90720.03
28797,2.8214166,90722.85
28798,2.8200655,90725.67
28799,2.8192978,90728.49
28800,2.8189402,90731.31
28801,2.8179855,90734.13
28802,2.8164537,90736.95
28803,2.814537,90739.766
28804,2.8127124,90742.58
28805,2.8121984,90745.39
28806,2.8130891,90748.2
28807,2.8140392,90751.016
28808,2.8143382,90753.83
28809,2.813961,90756.64
28810,2.81252,90759.45
28811,2.8129,90762.266
28812,2.8156352,90765.08
28813,2.8200662,90767.9
28814,2.8244126,90770.73
28815,2.8279183,90773.555
28816,2.8298523,90776.38
28817,2.8294823,90779.21
28818,2.8281925,90782.04
28819,2.827515,90784.87
28820,2.8270605,90787.695
28821,2.8254833,90790.52
28822,2.8237667,90793.34
28823,2.8238008,90796.164
28824,2.824973,90798.99
28825,2.826797,90801.82
28826,2.8280594,90804.65
28827,2.8295975,90807.48
28828,2.8302956,90810.305
28829,2.8309414,90813.13
28830,2.8320312,90815.97
28831,2.8322499,90818.805
28832,2.832445,90821.64
28833,2.83187,90824.47
28834,2.8317845,90827.3
28835,2.8323033,90830.13
28836,2.8333063,90832.97
28837,2.8350286,90835.805
28838,2.8364055,90838.64
28839,2.8373368,90841.48
28840,2.837126,90844.31
28841,2.8357894,90847.15
28842,2.8339803,90849.984
28843,2.832492,90852.82
28844,2.830488,90855.65
28845,2.828507,90858.48
28846,2.8262727,90861.305
28847,2.82483,90864.13
28848,2.824084,90866.95
28849,2.8232396,90869.77
28850,2.8224285,90872.59
28851,2.821727,90875.414
28852,2.82126,90878.234
28853,2.8203862,90881.055
28854,2.8195336,90883.875
28855,2.8184762,90886.695
28856,2.817369,90889.516
28857,2.8173811,90892.336
28858,2.8179266,90895.16
28859,2.8180966,90897.98
28860,2.8193347,90900.8
28861,2.8212962,90903.62
28862,2.8246114,90906.445
28863,2.8279138,90909.27
28864,2.8314877,90912.1
28865,2.8346364,90914.94
28866,2.8372989,90917.77
28867,2.8383856,90920.61
28868,2.839185,90923.445
28869,2.8394527,90926.28
28870,2.8392742,90929.12
28871,2.8388443,90931.95
28872,2.8390338,90934.79
28873,2.8393157,90937.625
28874,2.8399785,90940.47
28875,2.8402011,90943.31
28876,2.8410704,90946.16
28877,2.842125,90949.0
28878,2.8426678,90951.84
28879,2.8436856,90954.69
28880,2.8448336,90957.53
28881,2.845817,90960.375
28882,2.8463223,90963.22
28883,2.845744,90966.06
28884,2.8449872,90968.91
28885,2.8429668,90971.75
28886,2.8406792,90974.59
28887,2.838037,90977.43
28888,2.8348296,90980.266
28889,2.8325994,90983.1
28890,2.830862,90985.93
28891,2.8286362,90988.76
28892,2.82735,90991.586
28893,2.8262706,90994.414
28894,2.8267944,90997.24
28895,2.827248,91000.07
28896,2.8268785,91002.9
28897,2.8263214,91005.73
28898,2.8267908,91008.555
28899,2.8265975,91011.38
28900,2.8259344,91014.21
28901,2.8248763,91017.04
28902,2.824233,91019.87
28903,2.824354,91022.695
28904,2.824644,91025.52
28905,2.8265393,91028.35
28906,2.8284304,91031.18
28907,2.8294132,91034.01
28908,2.8302786,91036.836
28909,2.830652,91039.664
28910,2.8314219,91042.49
28911,2.8315456,91045.32
28912,2.8313935,91048.15
28913,2.8303366,91050.98
28914,2.829262,91053.805
28915,2.827968,91056.63
28916,2.8269372,91059.46
28917,2.8269973,91062.29
28918,2.8276181,91065.12
28919,2.8289785,91067.945
28920,2.8298166,91070.77
28921,2.8297474,91073.6
28922,2.829239,91076.43
28923,2.828434,91079.26
28924,2.8268716,91082.086
28925,2.8255806,91084.914
28926,2.8242016,91087.734
28927,2.8238988,91090.555
28928,2.8244793,91093.38
28929,2.8260481,91096.21
28930,2.8280568,91099.04
28931,2.8291476,91101.87
28932,2.8295,91104.695
28933,2.829891,91107.52
28934,2.8299904,91110.35
28935,2.830216,91113.18
28936,2.8290546,91116.01
28937,2.8272188,91118.836
28938,2.8257492,91121.664
28939,2.8249767,91124.49
28940,2.8253112,91127.32
28941,2.8260434,91130.15
28942,2.8260324,91132.98
28943,2.826414,91135.805
28944,2.826291,91138.63
28945,2.8258648,91141.46
28946,2.825418,91144.29
28947,2.8245173,91147.12
28948,2.8228312,91149.94
28949,2.8215933,91152.76
28950,2.821004,91155.58
28951,2.8207295,91158.4
28952,2.8202934,91161.22
28953,2.8203049,91164.04
28954,2.8205678,91166.86
28955,2.820505,91169.68
28956,2.8202987,91172.5
28957,2.819703,91175.32
28958,2.8193002,91178.14
28959,2.8191314,91180.96
28960,2.8183267,91183.78
28961,2.8178983,91186.6
28962,2.8177342,91189.42
28963,2.8180187,91192.24
28964,2.818945,91195.06
28965,2.8210983,91197.88
28966,2.8233764,91200.7
28967,2.8248577,91203.53
28968,2.8252652,91206.36
28969,2.8248808,91209.19
28970,2.824574,91212.016
28971,2.8246932,91214.84
28972,2.8246872,91217.67
28973,2.82326,91220.49
28974,2.8213415,91223.31
28975,2.8204083,91226.13
28976,2.819432,91228.95
28977,2.8203506,91231.77
28978,2.8229332,91234.59
28979,2.826253,91237.42
28980,2.8293195,91240.25
28981,2.83087,91243.08
28982,2.8304727,91245.91
28983,2.830643,91248.734
28984,2.8314312,91251.56
28985,2.8332849,91254.4
28986,2.8352594,91257.234
28987,2.8371212,91260.07
28988,2.838902,91262.91
28989,2.8396173,91265.74
28990,2.8398259,91268.58
28991,2.839538,91271.414
28992,2.8387814,91274.25
28993,2.8379166,91277.086
28994,2.836942,91279.92
28995,2.8370793,91282.76
28996,2.8367333,91285.59
28997,2.8356345,91288.43
28998,2.8339767,91291.266
28999,2.8331041,91294.1
29000,2.833045,91296.94
29001,2.832877,91299.77
29002,2.8331585,91302.61
29003,2.8330188,91305.445
29004,2.8327234,91308.28
29005,2.832992,91311.12
29006,2.8330755,91313.95
29007,2.8329747,91316.79
29008,2.83369,91319.625
29009,2.8338182,91322.46
29010,2.834049,91325.3
29011,2.8336275,91328.13
29012,2.8332994,91330.97
29013,2.8322954,91333.805
29014,2.8311718,91336.63
29015,2.8304458,91339.46
29016,2.8295984,91342.29
29017,2.8288054,91345.12
29018,2.82782,91347.945
29019,2.8272943,91350.77
29020,2.8262284,91353.6
29021,2.8245053,91356.43
29022,2.8210278,91359.25
29023,2.8177438,91362.07
29024,2.8154104,91364.88
29025,2.8153958,91367.695
29026,2.8170445,91370.516
29027,2.8198519,91373.336
29028,2.8223643,91376.16
29029,2.8231566,91378.98
29030,2.82405,91381.8
29031,2.8253212,91384.625
29032,2.8276296,91387.45
29033,2.8307412,91390.28
29034,2.8340795,91393.12
29035,2.8369904,91395.95
29036,2.8398056,91398.79
29037,2.8404012,91401.63
29038,2.8406029,91404.48
29039,2.8397348,91407.31
29040,2.8389153,91410.15
29041,2.8402917,91412.99
29042,2.8416421,91415.836
29043,2.842013,91418.68
29044,2.841264,91421.52
29045,2.840303,91424.37
29046,2.8381734,91427.2
29047,2.8369863,91430.04
29048,2.8358166,91432.875
29049,2.8348444,91435.71
29050,2.8343074,91438.55
29051,2.8334002,91441.38
29052,2.8330464,91444.22
29053,2.8331668,91447.055
29054,2.83419,91449.89
29055,2.8344014,91452.73
29056,2.8337588,91455.56
29057,2.8318524,91458.39
29058,2.8290582,91461.22
29059,2.8264532,91464.05
29060,2.8231418,91466.87
29061,2.821176,91469.69
29062,2.819735,91472.51
29063,2.8206809,91475.33
29064,2.822709,91478.15
29065,2.8251636,91480.98
29066,2.827649,91483.805
29067,2.829855,91486.63
29068,2.8304915,91489.46
29069,2.8296006,91492.29
29070,2.8277822,91495.12
29071,2.826762,91497.945
29072,2.826475,91500.77
29073,2.8271115,91503.6
29074,2.82805,91506.43
29075,2.8286734,91509.26
29076,2.8295267,91512.086
29077,2.8301766,91514.914
29078,2.830483,91517.74
29079,2.8315969,91520.57
29080,2.83315,91523.41
29081,2.8346329,91526.24
29082,2.8364217,91529.08
29083,2.83645,91531.914
29084,2.836625,91534.75
29085,2.835846,91537.586
29086,2.834306,91540.42
29087,2.8331425,91543.26
29088,2.8325543,91546.09
29089,2.8327951,91548.93
29090,2.8339498,91551.766
29091,2.83611,91554.6
29092,2.8369043,91557.44
29093,2.8363385,91560.27
29094,2.8349402,91563.11
29095,2.8342845,91565.945
29096,2.8331752,91568.78
29097,2.8325975,91571.62
29098,2.832657,91574.45
29099,2.8330967,91577.29
29100,2.833388,91580.125
29101,2.8342962,91582.96
29102,2.835253,91585.8
29103,2.8369875,91588.63
29104,2.8383062,91591.47
29105,2.8383703,91594.305
29106,2.8383276,91597.14
29107,2.838609,91599.98
29108,2.8385577,91602.81
29109,2.838452,91605.65
29110,2.8381064,91608.484
29111,2.8372884,91611.32
29112,2.836188,91614.16
29113,2.8349948,91616.99
29114,2.8348427,91619.83
29115,2.8350656,91622.664
29116,2.836231,91625.5
29117,2.8373895,91628.336
29118,2.8380697,91631.17
29119,2.837757,91634.01
29120,2.838271,91636.84
29121,2.8385568,91639.68
29122,2.839629,91642.516
29123,2.8400605,91645.36
29124,2.8404543,91648.2
29125,2.8402853,91651.05
29126,2.8399563,91653.89
29127,2.8401928,91656.734
29128,2.840761,91659.58
29129,2.8411076,91662.42
29130,2.841554,91665.266
29131,2.8414943,91668.11
29132,2.8417604,91670.95
29133,2.8422427,91673.8
29134,2.8432007,91676.64
29135,2.8433888,91679.484
29136,2.8430595,91682.33
29137,2.842952,91685.17
29138,2.8424392,91688.016
29139,2.8416765,91690.86
29140,2.840218,91693.7
29141,2.8393822,91696.54
29142,2.8385816,91699.375
29143,2.8383403,91702.21
29144,2.8384807,91705.05
29145,2.839125,91707.88
29146,2.839672,91710.72
29147,2.8397744,91713.555
29148,2.8400378,91716.4
29149,2.8398364,91719.234
29150,2.8396251,91722.07
29151,2.8391232,91724.91
29152,2.8384302,91727.74
29153,2.8376439,91730.58
29154,2.836673,91733.414
29155,2.835262,91736.25
29156,2.8336096,91739.086
29157,2.8320613,91741.92
29158,2.8304565,91744.75
29159,2.8293207,91747.58
29160,2.8279881,91750.41
29161,2.826835,91753.234
29162,2.8258855,91756.06
29163,2.8252163,91758.89
29164,2.8244526,91761.72
29165,2.8238938,91764.54
29166,2.8240035,91767.36
29167,2.824363,91770.19
29168,2.8248758,91773.016
29169,2.8256714,91775.84
29170,2.8270135,91778.67
29171,2.8292851,91781.5
29172,2.8315377,91784.33
29173,2.8343508,91787.164
29174,2.8370547,91790.0
29175,2.8401158,91792.84
29176,2.843334,91795.69
29177,2.8475432,91798.53
29178,2.8523471,91801.38
29179,2.8582087,91804.24
29180,2.8649094,91807.11
29181,2.8731205,91809.984
29182,2.8865771,91812.87
29183,2.908359,91815.77
29184,2.931579,91818.7
29185,2.9379559,91821.64
29186,2.9323614,91824.57
29187,2.927112,91827.5
29188,2.9297705,91830.43
29189,2.9378428,91833.37
29190,2.9484768,91836.31
29191,2.9569223,91839.266
29192,2.9629984,91842.23
29193,2.9659612,91845.195
29194,2.9689867,91848.164
29195,2.9712632,91851.13
29196,2.9774346,91854.11
29197,2.9844365,91857.09
29198,2.982797,91860.08
29199,2.9775906,91863.055
29200,2.9729474,91866.03
29201,2.9689157,91869.0
29202,2.9661388,91871.97
29203,2.9634316,91874.93
29204,2.9609725,91877.89
29205,2.957543,91880.85
29206,2.9539216,91883.805
29207,2.9495034,91886.76
29208,2.9451442,91889.7
29209,2.9403946,91892.64
29210,2.9359584,91895.58
29211,2.9313378,91898.51
29212,2.9268143,91901.44
29213,2.9215798,91904.36
29214,2.9164681,91907.27
29215,2.9107738,91910.19
29216,2.9057536,91913.09
29217,2.9002676,91915.99
29218,2.895582,91918.89
29219,2.8905675,91921.78
29220,2.885627,91924.664
29221,2.881073,91927.55
29222,2.8778565,91930.42
29223,2.8758516,91933.3
29224,2.876556,91936.17
29225,2.8818457,91939.055
29226,2.8891988,91941.945
29227,2.899415,91944.84
29228,2.9021554,91947.74
29229,2.9003167,91950.64
29230,2.8947036,91953.54
29231,2.8890374,91956.43
29232,2.8834538,91959.31
29233,2.8791518,91962.195
29234,2.8759832,91965.07
29235,2.8747978,91967.945
29236,2.874049,91970.82
29237,2.8744605,91973.695
29238,2.8741748,91976.57
29239,2.8740556,91979.445
29240,2.8729358,91982.32
29241,2.8722067,91985.195
29242,2.8702152,91988.06
29243,2.8687506,91990.93
29244,2.8671422,91993.8
29245,2.8661597,91996.664
29246,2.864671,91999.53
29247,2.8632097,92002.39
29248,2.8603027,92005.25
29249,2.8566523,92008.11
29250,2.8526428,92010.96
29251,2.8484368,92013.81
29252,2.8439255,92016.66
29253,2.8390698,92019.49
29254,2.8334918,92022.33
29255,2.827767,92025.16
29256,2.8228633,92027.98
29257,2.8188145,92030.8
29258,2.8152187,92033.61
29259,2.8114488,92036.42
29260,2.8080404,92039.23
29261,2.804887,92042.03
29262,2.8019838,92044.836
29263,2.7988143,92047.63
29264,2.7957628,92050.43
29265,2.791999,92053.22
29266,2.788083,92056.01
29267,2.7836735,92058.79
29268,2.7790864,92061.57
29269,2.7737916,92064.34
29270,2.7680004,92067.11
29271,2.7616913,92069.87
29272,2.7550957,92072.625
29273,2.747969,92075.375
29274,2.741054,92078.12
29275,2.733852,92080.85
29276,2.7265427,92083.58
29277,2.7189336,92086.3
29278,2.711025,92089.01
29279,2.7028856,92091.71
29280,2.695627,92094.41
29281,2.689325,92097.09
29282,2.6838653,92099.78
29283,2.6787152,92102.46
29284,2.6737113,92105.13
29285,2.669046,92107.805
29286,2.66471,92110.47
29287,2.6608272,92113.13
29288,2.6574981,92115.79
29289,2.6543818,92118.445
29290,2.6515677,92121.09
29291,2.648962,92123.74
29292,2.6472278,92126.39
29293,2.6459374,92129.04
29294,2.6453815,92131.69
29295,2.6446784,92134.336
29296,2.6441762,92136.98
29297,2.6433642,92139.62
29298,2.6428106,92142.26
29299,2.6423743,92144.9
29300,2.6419961,92147.54
29301,2.6411233,92150.18
29302,2.640343,92152.82
29303,2.6395006,92155.46
29304,2.6393242,92158.1
29305,2.6391253,92160.74
29306,2.639469,92163.38
29307,2.639444,92166.02
29308,2.6394289,92168.664
29309,2.6398993,92171.305
29310,2.64105,92173.945
29311,2.641654,92176.586
29312,2.6423087,92179.23
29313,2.6476247,92181.875
29314,2.6537452,92184.53
29315,2.6598022,92187.19
29316,2.6658096,92189.85
29317,2.6758611,92192.53
29318,2.6861277,92195.22
29319,2.699312,92197.92
29320,2.7129903,92200.63
29321,2.731441,92203.37
29322,2.743744,92206.11
29323,2.7506638,92208.86
29324,2.773541,92211.63
29325,2.795696,92214.43
29326,2.815759,92217.24
29327,2.8291802,92220.07
29328,2.8386645,92222.91
29329,2.8473263,92225.75
29330,2.8548033,92228.6
29331,2.8613636,92231.46
29332,2.86655,92234.33
29333,2.871203,92237.2
29334,2.8746638,92240.08
29335,2.8774068,92242.95
29336,2.8794951,92245.836
29337,2.8815048,92248.72
29338,2.8832865,92251.6
29339,2.8851674,92254.484
29340,2.8877313,92257.375
29341,2.8916178,92260.266
29342,2.8959372,92263.164
29343,2.900694,92266.06
29344,2.9060173,92268.97
29345,2.9099443,92271.875
29346,2.9127498,92274.79
29347,2.9137716,92277.7
29348,2.9146602,92280.62
29349,2.914522,92283.53
29350,2.9142222,92286.445
29351,2.9129376,92289.36
29352,2.9126556,92292.27
29353,2.9118123,92295.19
29354,2.911401,92298.1
29355,2.909936,92301.01
29356,2.908377,92303.914
29357,2.9060462,92306.82
29358,2.90399,92309.73
29359,2.9014614,92312.625
29360,2.9002233,92315.52
29361,2.899425,92318.42
29362,2.9029834,92321.33
29363,2.9088964,92324.234
29364,2.9163806,92327.15
29365,2.9231024,92330.07
29366,2.9294086,92333.0
29367,2.934126,92335.94
29368,2.9381413,92338.875
29369,2.941513,92341.82
29370,2.9437706,92344.766
29371,2.9453752,92347.71
29372,2.9459069,92350.66
29373,2.9457479,92353.6
29374,2.9450188,92356.55
29375,2.9441879,92359.49
29376,2.943377,92362.44
29377,2.9424703,92365.38
29378,2.9416013,92368.33
29379,2.9407527,92371.266
29380,2.940199,92374.2
29381,2.9398427,92377.14
29382,2.939821,92380.08
29383,2.9398742,92383.016
29384,2.9405234,92385.95
29385,2.9415882,92388.9
29386,2.9427211,92391.84
29387,2.943877,92394.79
29388,2.9445941,92397.734
29389,2.9451778,92400.68
29390,2.946287,92403.625
29391,2.948354,92406.57
29392,2.9502966,92409.52
29393,2.9537218,92412.48
29394,2.9572055,92415.44
29395,2.9532292,92418.39
29396,2.9544573,92421.34
29397,2.958361,92424.305
29398,2.962625,92427.266
29399,2.9665387,92430.234
29400,2.9707673,92433.2
29401,2.9758437,92436.18
29402,2.9809377,92439.164
29403,2.9861693,92442.15
29404,2.990058,92445.14
29405,2.9925766,92448.13
29406,2.9931085,92451.125
29407,2.9928765,92454.12
29408,2.9917328,92457.11
29409,2.990368,92460.1
29410,2.9888625,92463.09
29411,2.9888294,92466.086
29412,2.9899876,92469.08
29413,2.9924273,92472.07
29414,2.99506,92475.06
29415,2.997442,92478.06
29416,2.9991097,92481.06
29417,2.9998686,92484.06
29418,3.0001354,92487.06
29419,2.999776,92490.06
29420,2.9992974,92493.06
29421,2.9989696,92496.06
29422,2.9984834,92499.06
29423,2.997839,92502.06
29424,2.9969199,92505.06
29425,2.9950833,92508.055
29426,2.9929225,92511.05
29427,2.990309,92514.04
29428,2.9878979,92517.02
29429,2.9856439,92520.01
29430,2.983647,92522.99
29431,2.9810474,92525.98
29432,2.9782598,92528.95
29433,2.975295,92531.93
29434,2.9726074,92534.9
29435,2.9699538,92537.87
29436,2.9674394,92540.836
29437,2.9651983,92543.805
29438,2.9634793,92546.766
29439,2.9622204,92549.73
29440,2.9614143,92552.69
29441,2.9608428,92555.65
29442,2.9610848,92558.61
29443,2.961292,92561.57
29444,2.9614425,92564.53
29445,2.9614708,92567.49
29446,2.9610217,92570.45
29447,2.9603667,92573.414
29448,2.9597452,92576.375
29449,2.959047,92579.336
29450,2.9584513,92582.3
29451,2.958419,92585.26
29452,2.959702,92588.22
29453,2.962217,92591.18
29454,2.9634252,92594.14
29455,2.967768,92597.11
29456,2.9726791,92600.086
29457,2.97813,92603.06
29458,2.9828606,92606.05
29459,2.9875326,92609.03
29460,2.9911993,92612.02
29461,2.993435,92615.016
29462,2.993279,92618.01
29463,2.9906147,92621.0
29464,2.986748,92623.984
29465,2.9824278,92626.97
29466,2.9781723,92629.945
29467,2.9740078,92632.92
29468,2.9709342,92635.89
29469,2.968928,92638.86
29470,2.9684005,92641.83
29471,2.968984,92644.8
29472,2.9696333,92647.766
29473,2.96988,92650.734
29474,2.9701629,92653.7
29475,2.9702039,92656.67
29476,2.9710553,92659.64
29477,2.9712842,92662.61
29478,2.9709446,92665.58
29479,2.969947,92668.55
29480,2.969349,92671.516
29481,2.9693615,92674.484
29482,2.9701464,92677.45
29483,2.970775,92680.42
29484,2.971296,92683.39
29485,2.9714098,92686.36
29486,2.9707928,92689.33
29487,2.969672,92692.3
29488,2.967109,92695.266
29489,2.9635556,92698.23
29490,2.9605925,92701.19
29491,2.9591038,92704.15
29492,2.9581177,92707.11
29493,2.95721,92710.07
29494,2.9571807,92713.03
29495,2.9562075,92715.984
29496,2.9535658,92718.94
29497,2.9486644,92721.88
29498,2.9422455,92724.83
29499,2.9339404,92727.766
29500,2.9266667,92730.695
29501,2.9218712,92733.62
29502,2.9179676,92736.53
29503,2.9134612,92739.445
29504,2.908607,92742.35
29505,2.9050004,92745.26
29506,2.9020412,92748.16
29507,2.8984947,92751.055
29508,2.8945556,92753.95
29509,2.890806,92756.84
29510,2.8882437,92759.734
29511,2.88649,92762.62
29512,2.8855758,92765.5
29513,2.8851333,92768.38
29514,2.88552,92771.266
29515,2.8857403,92774.15
29516,2.8867757,92777.04
29517,2.8885922,92779.93
29518,2.8914022,92782.82
29519,2.8950882,92785.72
29520,2.9009812,92788.62
29521,2.9089656,92791.52
29522,2.919777,92794.445
29523,2.9314187,92797.375
29524,2.9333763,92800.305
29525,2.9306679,92803.234
29526,2.925287,92806.16
29527,2.9240885,92809.08
29528,2.9250603,92812.0
29529,2.9299417,92814.93
29530,2.9362094,92817.87
29531,2.9426656,92820.81
29532,2.9487045,92823.76
29533,2.9552221,92826.71
29534,2.9616668,92829.67
29535,2.9681795,92832.64
29536,2.974211,92835.62
29537,2.9801183,92838.59
29538,2.984797,92841.58
29539,2.9876013,92844.56
29540,2.9895258,92847.555
29541,2.9909964,92850.55
29542,2.9903615,92853.54
29543,2.9898102,92856.53
29544,2.989161,92859.52
29545,2.988894,92862.516
29546,2.989185,92865.51
29547,2.9887946,92868.5
29548,2.9875197,92871.484
29549,2.9856703,92874.47
29550,2.9837499,92877.45
29551,2.982177,92880.44
29552,2.980722,92883.42
29553,2.978468,92886.4
29554,2.9756832,92889.375
29555,2.9720843,92892.34
29556,2.967973,92895.31
29557,2.9635441,92898.27
29558,2.9586754,92901.234
29559,2.9546022,92904.19
29560,2.9512482,92907.14
29561,2.9479458,92910.086
29562,2.944489,92913.03
29563,2.941366,92915.97
29564,2.9388692,92918.91
29565,2.9365118,92921.84
29566,2.9339068,92924.78
29567,2.9307678,92927.71
29568,2.9284546,92930.64
29569,2.9274817,92933.57
29570,2.9271426,92936.5
29571,2.926271,92939.43
29572,2.9242043,92942.35
29573,2.9216344,92945.27
29574,2.9179745,92948.195
29575,2.9141452,92951.11
29576,2.9102297,92954.02
29577,2.9075367,92956.93
29578,2.9056265,92959.836
29579,2.9038994,92962.74
29580,2.9020932,92965.64
29581,2.9000762,92968.54
29582,2.898238,92971.44
29583,2.897376,92974.336
29584,2.896721,92977.234
29585,2.8990319,92980.13
29586,2.903486,92983.04
29587,2.9111888,92985.95
29588,2.9195676,92988.875
29589,2.929531,92991.805
29590,2.9383118,92994.74
29591,2.9453003,92997.69
29592,2.9503286,93000.64
29593,2.9561625,93003.59
29594,2.9608996,93006.555
29595,2.9644372,93009.516
29596,2.9665577,93012.484
29597,2.9680283,93015.45
29598,2.9683478,93018.42
29599,2.9676485,93021.39
29600,2.9657028,93024.36
29601,2.963616,93027.32
29602,2.9617028,93030.28
29603,2.9602063,93033.24
29604,2.9588246,93036.2
29605,2.9572375,93039.164
29606,2.9559479,93042.12
29607,2.9532106,93045.07
29608,2.949738,93048.02
29609,2.9455118,93050.97
29610,2.9414172,93053.914
29611,2.9365814,93056.85
29612,2.9321666,93059.78
29613,2.9274828,93062.71
29614,2.9233541,93065.63
29615,2.91811,93068.555
29616,2.9131262,93071.47
29617,2.907569,93074.375
29618,2.9028332,93077.28
29619,2.89888,93080.18
29620,2.895755,93083.08
29621,2.8924952,93085.97
29622,2.890828,93088.86
29623,2.8893213,93091.75
29624,2.8878915,93094.64
29625,2.8863351,93097.52
29626,2.8853488,93100.41
29627,2.8851497,93103.29
29628,2.8854527,93106.17
29629,2.8864205,93109.055
29630,2.887517,93111.945
29631,2.888959,93114.836
29632,2.8904338,93117.73
29633,2.8920872,93120.62
29634,2.8938894,93123.51
29635,2.8950818,93126.41
29636,2.894942,93129.305
29637,2.8937993,93132.195
29638,2.891336,93135.086
29639,2.889396,93137.98
29640,2.884892,93140.86
29641,2.8773553,93143.734
29642,2.8684933,93146.6
29643,2.8668704,93149.47
29644,2.8648937,93152.336
29645,2.86514,93155.2
29646,2.863643,93158.07
29647,2.8652556,93160.94
29648,2.8664322,93163.805
29649,2.871485,93166.68
29650,2.877897,93169.555
29651,2.8857336,93172.44
29652,2.892125,93175.33
29653,2.8976576,93178.23
29654,2.9011545,93181.125
29655,2.905226,93184.03
29656,2.9090009,93186.94
29657,2.9132042,93189.85
29658,2.914941,93192.766
29659,2.915445,93195.68
29660,2.9154623,93198.59
29661,2.9162288,93201.51
29662,2.9167752,93204.42
29663,2.9171786,93207.336
29664,2.9183636,93210.26
29665,2.9208095,93213.18
29666,2.923099,93216.1
29667,2.9234319,93219.02
29668,2.92237,93221.945
29669,2.9205296,93224.87
29670,2.9177992,93227.78
29671,2.9156334,93230.695
29672,2.913562,93233.61
29673,2.9098458,93236.516
29674,2.903783,93239.42
29675,2.9004261,93242.32
29676,2.9017546,93245.22
29677,2.9066386,93248.125
29678,2.9103441,93251.04
29679,2.9137213,93253.95
29680,2.914621,93256.87
29681,2.914482,93259.78
29682,2.9121475,93262.695
29683,2.9119403,93265.61
29684,2.911149,93268.52
29685,2.9098308,93271.43
29686,2.9058337,93274.336
29687,2.901711,93277.234
29688,2.898349,93280.13
29689,2.89645,93283.03
29690,2.8947287,93285.93
29691,2.8939388,93288.82
29692,2.8939493,93291.71
29693,2.894546,93294.61
29694,2.8949132,93297.51
29695,2.8954504,93300.41
29696,2.8956814,93303.305
29697,2.8953753,93306.2
29698,2.894335,93309.09
29699,2.8933651,93311.984
29700,2.8924968,93314.875
29701,2.8913195,93317.766
29702,2.8900151,93320.66
29703,2.8884075,93323.55
29704,2.8865557,93326.43
29705,2.885069,93329.31
29706,2.8841183,93332.195
29707,2.8826866,93335.08
29708,2.8808575,93337.96
29709,2.8783176,93340.836
29710,2.8757644,93343.71
29711,2.872852,93346.586
29712,2.87004,93349.45
29713,2.8667235,93352.32
29714,2.8633585,93355.19
29715,2.8605814,93358.05
29716,2.8590972,93360.91
29717,2.8579674,93363.766
29718,2.85777,93366.625
29719,2.8574975,93369.484
29720,2.8577445,93372.34
29721,2.8587878,93375.2
29722,2.8613894,93378.06
29723,2.8643875,93380.93
29724,2.8680696,93383.8
29725,2.8725457,93386.67
29726,2.8739884,93389.55
29727,2.8728268,93392.42
29728,2.8684697,93395.29
29729,2.8618143,93398.15
29730,2.8383534,93400.984
29731,2.7947195,93403.78
29732,2.7750518,93406.555
29733,2.770964,93409.33
29734,2.7682576,93412.09
29735,2.7671316,93414.86
29736,2.7614925,93417.62
29737,2.7557688,93420.375
29738,2.747104,93423.125
29739,2.730326,93425.85
29740,2.6997814,93428.555
29741,2.6594112,93431.21
29742,2.5910323,93433.805
29743,2.4845586,93436.29
29744,2.3699963,93438.66
29745,2.29063,93440.945
29746,2.2063391,93443.15
29747,2.071179,93445.22
29748,1.9571158,93447.18
29749,1.8469229,93449.02
29750,1.7806257,93450.805
29751,1.7381054,93452.54
29752,1.7029576,93454.24
29753,1.6894436,93455.93
29754,1.6127462,93457.54
29755,1.613561,93459.16
29756,1.579958,93460.734
29757,1.5828928,93462.32
29758,1.5732144,93463.89
29759,1.5696659,93465.46
29760,1.5661424,93467.02
29761,1.5591513,93468.586
29762,1.5514035,93470.14
29763,1.545134,93471.69
29764,1.53542,93473.23
29765,1.5333093,93474.76
29766,1.5236906,93476.28
29767,1.5195565,93477.805
29768,1.506987,93479.31
29769,1.5032079,93480.81
29770,1.4907936,93482.305
29771,1.4848166,93483.79
29772,1.476624,93485.266
29773,1.4700371,93486.734
29774,1.4620053,93488.195
29775,1.4541013,93489.65
29776,1.4472495,93491.09
29777,1.443832,93492.54
29778,1.443432,93493.984
29779,1.4421223,93495.43
29780,1.4450392,93496.875
29781,1.4455541,93498.32
29782,1.4548895,93499.77
29783,1.466152,93501.24
29784,1.4885904,93502.734
29785,1.5001951,93504.234
29786,1.5182693,93505.75
29787,1.5119941,93507.266
29788,1.4893835,93508.76
29789,1.4190338,93510.18
29790,1.4132681,93511.59
29791,1.3860847,93512.98
29792,1.3735286,93514.35
29793,1.3488755,93515.7
29794,1.3077545,93517.01
29795,1.2779282,93518.29
29796,1.2419968,93519.53
29797,1.2181994,93520.75
29798,1.1851264,93521.94
29799,1.1518177,93523.086
29800,1.1180196,93524.2
29801,1.0954758,93525.3
29802,1.0811195,93526.375
29803,1.0642616,93527.44
29804,1.050264,93528.484
29805,1.0345086,93529.516
29806,1.0239203,93530.54
29807,1.0131012,93531.555
29808,1.0014725,93532.555
29809,0.98996115,93533.55
29810,0.97651327,93534.52
29811,0.95793205,93535.484
29812,0.9393499,93536.42
29813,0.92209554,93537.34
29814,0.9056809,93538.25
29815,0.8919833,93539.14
29816,0.8911509,93540.03
29817,0.89381814,93540.92
29818,0.9074242,93541.83
29819,0.9157157,93542.74
29820,0.91819936,93543.664
29821,0.91544974,93544.58
29822,0.913622,93545.49
29823,0.9139614,93546.41
29824,0.91801995,93547.33
29825,0.9204772,93548.25
29826,0.925608,93549.17
29827,0.9274984,93550.1
29828,0.9247582,93551.02
29829,0.92137927,93551.945
29830,0.9224796,93552.87
29831,0.92911655,93553.8
29832,0.93764424,93554.734
29833,0.94188863,93555.68
29834,0.9380608,93556.62
29835,0.93475074,93557.555
29836,0.93362373,93558.49
29837,0.9336498,93559.43
29838,0.9317167,93560.36
29839,0.9384279,93561.3
29840,0.94039696,93562.234
29841,0.9444025,93563.18
29842,0.9472878,93564.125
29843,0.9548368,93565.08
29844,0.9617571,93566.04
29845,0.96750313,93567.01
29846,0.9675469,93567.98
29847,0.97050846,93568.945
29848,0.9730547,93569.92
29849,0.9753579,93570.9
29850,0.97111106,93571.87
29851,0.9681313,93572.836
29852,0.9616417,93573.8
29853,0.9567496,93574.75
29854,0.9530169,93575.7
29855,0.95639926,93576.66
29856,0.961589,93577.62
29857,0.9703008,93578.586
29858,0.9805198,93579.57
29859,0.9895983,93580.56
29860,0.99261755,93581.555
29861,0.9911829,93582.55
29862,0.9857476,93583.53
29863,0.98288214,93584.516
29864,0.97751087,93585.49
29865,0.97718954,93586.47
29866,0.9865333,93587.45
29867,1.0038482,93588.45
29868,1.0216664,93589.48
29869,1.0331829,93590.51
29870,1.0370666,93591.55
29871,1.0377904,93592.586
29872,1.0373315,93593.625
29873,1.0388564,93594.664
29874,1.0384275,93595.7
29875,1.039797,93596.74
29876,1.041551,93597.78
29877,1.0471476,93598.83
29878,1.0573167,93599.88
29879,1.0678792,93600.95
29880,1.0750678,93602.03
29881,1.0823371,93603.12
29882,1.0833901,93604.2
29883,1.0850164,93605.29
29884,1.0831565,93606.375
29885,1.0853024,93607.46
29886,1.082189,93608.55
29887,1.0827211,93609.63
29888,1.0893731,93610.72
29889,1.0999492,93611.82
29890,1.1107202,93612.93
29891,1.1180494,93614.05
29892,1.1244346,93615.17
29893,1.1318595,93616.305
29894,1.13645,93617.44
29895,1.1380713,93618.58
29896,1.135553,93619.71
29897,1.1328548,93620.84
29898,1.1263807,93621.97
29899,1.1187079,93623.086
29900,1.111856,93624.195
29901,1.109409,93625.305
29902,1.1078194,93626.414
29903,1.1096548,93627.52
29904,1.1061306,93628.63
29905,1.1024206,93629.734
29906,1.1041656,93630.836
29907,1.1117454,93631.945
29908,1.1217065,93633.07
29909,1.1312277,93634.2
29910,1.1364582,93635.336
29911,1.1393418,93636.48
29912,1.1411304,93637.62
29913,1.1451763,93638.766
29914,1.1443676,93639.91
29915,1.1413342,93641.05
29916,1.142616,93642.19
29917,1.1413326,93643.33
29918,1.1388454,93644.47
29919,1.1354283,93645.6
29920,1.1347572,93646.734
29921,1.1351545,93647.87
29922,1.1372755,93649.01
29923,1.1404315,93650.15
29924,1.1446297,93651.3
29925,1.1493113,93652.445
29926,1.1534848,93653.6
29927,1.1586084,93654.76
29928,1.1632388,93655.92
29929,1.1670372,93657.086
29930,1.1660428,93658.25
29931,1.163523,93659.414
29932,1.1630268,93660.58
29933,1.1643075,93661.74
29934,1.1667682,93662.91
29935,1.1716553,93664.08
29936,1.1753231,93665.25
29937,1.1786149,93666.43
29938,1.178294,93667.61
29939,1.1819009,93668.79
29940,1.1841041,93669.98
29941,1.1841648,93671.164
29942,1.1844611,93672.35
29943,1.1861744,93673.54
29944,1.1917217,93674.734
29945,1.1963563,93675.93
29946,1.1982269,93677.125
29947,1.1955285,93678.32
29948,1.1926552,93679.516
29949,1.1922803,93680.71
29950,1.1933004,93681.91
29951,1.1935506,93683.1
29952,1.1935891,93684.3
29953,1.1939,93685.49
29954,1.1926551,93686.69
29955,1.1930854,93687.88
29956,1.1937025,93689.08
29957,1.2001449,93690.28
29958,1.206772,93691.484
29959,1.213178,93692.695
29960,1.2173679,93693.914
29961,1.2208192,93695.13
29962,1.2220947,93696.35
29963,1.2254584,93697.58
29964,1.2255754,93698.805
29965,1.2259166,93700.03
29966,1.2221929,93701.25
29967,1.221032,93702.47
29968,1.2205272,93703.69
29969,1.2251881,93704.914
29970,1.2288647,93706.14
29971,1.2331558,93707.375
29972,1.2364466,93708.61
29973,1.2400781,93709.85
29974,1.2405736,93711.09
29975,1.2383581,93712.336
29976,1.2362095,93713.57
29977,1.2358549,93714.805
29978,1.2344791,93716.04
29979,1.2340252,93717.27
29980,1.2318954,93718.51
29981,1.2295152,93719.734
29982,1.225018,93720.96
29983,1.222122,93722.18
29984,1.221099,93723.4
29985,1.2192949,93724.62
29986,1.2168214,93725.836
29987,1.2127869,93727.05
29988,1.2100447,93728.26
29989,1.2101767,93729.47
29990,1.2129837,93730.68
29991,1.2206601,93731.9
29992,1.2325934,93733.13
29993,1.2441093,93734.375
29994,1.2518225,93735.625
29995,1.2546993,93736.88
29996,1.2548492,93738.14
29997,1.2572869,93739.4
29998,1.2616653,93740.66
29999,1.2673693,93741.92
30000,1.2702141,93743.195
30001,1.2696732,93744.47
30002,1.2648696,93745.734
30003,1.2623111,93747.0
30004,1.2597884,93748.26
30005,1.257019,93749.516
30006,1.2539194,93750.77
30007,1.2536902,93752.02
30008,1.2551894,93753.28
30009,1.2575088,93754.54
30010,1.2576926,93755.8
30011,1.2560402,93757.055
30012,1.2554489,93758.31
30013,1.2580596,93759.57
30014,1.2602221,93760.83
30015,1.2622812,93762.09
30016,1.2644024,93763.36
30017,1.2674353,93764.625
30018,1.2721733,93765.9
30019,1.2766421,93767.17
30020,1.2800436,93768.45
30021,1.2797502,93769.734
30022,1.2795788,93771.016
30023,1.2797396,93772.3
30024,1.280393,93773.58
30025,1.2825094,93774.86
30026,1.2828976,93776.14
30027,1.281966,93777.42
30028,1.2785754,93778.7
30029,1.2718617,93779.98
30030,1.2646116,93781.24
30031,1.2572255,93782.5
30032,1.253218,93783.75
30033,1.2506788,93785.0
30034,1.2508982,93786.25
30035,1.249794,93787.5
30036,1.2512833,93788.75
30037,1.2550179,93790.01
30038,1.2604481,93791.266
30039,1.2668445,93792.53
30040,1.2739481,93793.805
30041,1.2792405,93795.086
30042,1.2812257,93796.37
30043,1.2777009,93797.65
30044,1.2765518,93798.92
30045,1.2760322,93800.195
30046,1.2755396,93801.47
30047,1.2756901,93802.74
30048,1.2791069,93804.02
30049,1.2835743,93805.305
30050,1.2853941,93806.59
30051,1.2876315,93807.88
30052,1.2894201,93809.17
30053,1.2912605,93810.46
30054,1.2936909,93811.76
30055,1.2957988,93813.055
30056,1.2966259,93814.35
30057,1.3004783,93815.65
30058,1.304188,93816.95
30059,1.3072664,93818.26
30060,1.3077638,93819.56
30061,1.3099742,93820.875
30062,1.3113692,93822.19
30063,1.314465,93823.5
30064,1.3174875,93824.82
30065,1.3201476,93826.14
30066,1.3216406,93827.46
30067,1.3218925,93828.78
30068,1.3201376,93830.1
30069,1.3189449,93831.42
30070,1.3173776,93832.74
30071,1.3168391,93834.06
30072,1.3187239,93835.38
30073,1.3211889,93836.7
30074,1.324992,93838.03
30075,1.3249296,93839.36
30076,1.3236067,93840.68
30077,1.3190696,93842.0
30078,1.3125125,93843.31
30079,1.3063501,93844.62
30080,1.2989019,93845.914
30081,1.2910259,93847.2
30082,1.2850622,93848.484
30083,1.2815845,93849.766
30084,1.2783422,93851.05
30085,1.2745563,93852.32
30086,1.2728627,93853.59
30087,1.2692548,93854.86
30088,1.2669225,93856.125
30089,1.2655907,93857.39
30090,1.2629325,93858.66
30091,1.2637861,93859.92
30092,1.2658257,93861.19
30093,1.2691667,93862.45
30094,1.2729464,93863.73
30095,1.2750889,93865.0
30096,1.2756646,93866.27
30097,1.273522,93867.55
30098,1.2715853,93868.82
30099,1.2705178,93870.09
30100,1.2753764,93871.37
30101,1.2844213,93872.65
30102,1.296684,93873.945
30103,1.3098071,93875.26
30104,1.3175128,93876.58
30105,1.3218384,93877.9
30106,1.3219082,93879.22
30107,1.3224479,93880.54
30108,1.322474,93881.86
30109,1.3229376,93883.18
30110,1.3227226,93884.5
30111,1.3226472,93885.82
30112,1.3260652,93887.15
30113,1.3306264,93888.48
30114,1.3360875,93889.81
30115,1.3392389,93891.15
30116,1.341221,93892.49
30117,1.3411347,93893.836
30118,1.3425702,93895.18
30119,1.3415982,93896.52
30120,1.3410189,93897.87
30121,1.34118,93899.21
30122,1.343664,93900.555
30123,1.3460575,93901.9
30124,1.3478813,93903.25
30125,1.3462199,93904.59
30126,1.3401337,93905.94
30127,1.3313535,93907.266
30128,1.322735,93908.586
30129,1.3163481,93909.9
30130,1.311655,93911.21
30131,1.3133295,93912.52
30132,1.3176215,93913.84
30133,1.3225256,93915.164
30134,1.3223399,93916.484
30135,1.3215424,93917.805
30136,1.3136349,93919.12
30137,1.3069706,93920.42
30138,1.3035834,93921.73
30139,1.3065051,93923.03
30140,1.314238,93924.34
30141,1.3177389,93925.664
30142,1.3219693,93926.984
30143,1.3265857,93928.31
30144,1.3280439,93929.64
30145,1.329155,93930.97
30146,1.32908,93932.3
30147,1.3364065,93933.63
30148,1.3430824,93934.98
30149,1.3561109,93936.336
30150,1.3703494,93937.7
30151,1.3825997,93939.086
30152,1.3969805,93940.484
30153,1.4002026,93941.88
30154,1.395095,93943.28
30155,1.3975266,93944.68
30156,1.3955235,93946.08
30157,1.3891873,93947.47
30158,1.3820676,93948.85
30159,1.3731992,93950.23
30160,1.3692143,93951.59
30161,1.3626194,93952.95
30162,1.3572215,93954.31
30163,1.3516395,93955.664
30164,1.3519096,93957.016
30165,1.3503543,93958.37
30166,1.344947,93959.71
30167,1.3424706,93961.055
30168,1.3394468,93962.39
30169,1.3384998,93963.73
30170,1.3379475,93965.06
30171,1.3384197,93966.4
30172,1.3416427,93967.74
30173,1.3474778,93969.086
30174,1.3515686,93970.44
30175,1.352139,93971.79
30176,1.3516884,93973.14
30177,1.3503708,93974.49
30178,1.3469497,93975.836
30179,1.3381997,93977.17
30180,1.3341565,93978.51
30181,1.331944,93979.836
30182,1.3298851,93981.164
30183,1.3286186,93982.49
30184,1.3317971,93983.82
30185,1.3318435,93985.15
30186,1.3208061,93986.47
30187,1.3076978,93987.77
30188,1.2976079,93989.07
30189,1.2880658,93990.36
30190,1.2824764,93991.64
30191,1.2758818,93992.914
30192,1.2711747,93994.19
30193,1.266765,93995.45
30194,1.2685765,93996.72
30195,1.2722474,93997.99
30196,1.2807564,93999.27
30197,1.2876838,94000.56
30198,1.2942501,94001.86
30199,1.2958937,94003.16
30200,1.297886,94004.45
30201,1.297582,94005.75
30202,1.2961416,94007.05
30203,1.298656,94008.34
30204,1.2993313,94009.64
30205,1.2956344,94010.94
30206,1.2894543,94012.23
30207,1.2885948,94013.516
30208,1.2900732,94014.805
30209,1.2918161,94016.09
30210,1.2902185,94017.38
30211,1.2895292,94018.67
30212,1.2901913,94019.96
30213,1.2940533,94021.26
30214,1.2985688,94022.555
30215,1.2976259,94023.85
30216,1.2923721,94025.14
30217,1.284532,94026.42
30218,1.2798902,94027.7
30219,1.2773609,94028.984
30220,1.2771523,94030.26
30221,1.2785776,94031.54
30222,1.2809366,94032.82
30223,1.277805,94034.1
30224,1.2725391,94035.375
30225,1.2660762,94036.64
30226,1.2601683,94037.9
30227,1.25565,94039.16
30228,1.251067,94040.41
30229,1.2500192,94041.66
30230,1.248116,94042.91
30231,1.2449334,94044.15
30232,1.2443717,94045.39
30233,1.2456623,94046.63
30234,1.2470664,94047.88
30235,1.2452834,94049.125
30236,1.2440242,94050.37
30237,1.2424755,94051.61
30238,1.2429695,94052.85
30239,1.2418026,94054.09
30240,1.2395471,94055.336
30241,1.2381418,94056.57
30242,1.2372123,94057.805
30243,1.2379405,94059.04
30244,1.2384539,94060.28
30245,1.2363755,94061.516
30246,1.2339667,94062.75
30247,1.2317355,94063.984
30248,1.2335352,94065.22
30249,1.2377087,94066.45
30250,1.2426353,94067.695
30251,1.2505294,94068.945
30252,1.2598388,94070.2
30253,1.2688636,94071.47
30254,1.274231,94072.74
30255,1.278637,94074.02
30256,1.2814369,94075.305
30257,1.2771684,94076.58
30258,1.2717129,94077.85
30259,1.264565,94079.12
30260,1.2593391,94080.375
30261,1.2552452,94081.63
30262,1.2543076,94082.89
30263,1.2518363,94084.14
30264,1.2490728,94085.39
30265,1.2432611,94086.63
30266,1.2406143,94087.875
30267,1.2408726,94089.12
30268,1.239545,94090.36
30269,1.2379982,94091.59
30270,1.23993,94092.836
30271,1.2420678,94094.08
30272,1.2430543,94095.32
30273,1.2405106,94096.56
30274,1.2344456,94097.8
30275,1.2294888,94099.02
30276,1.2279851,94100.25
30277,1.22938,94101.48
30278,1.2303114,94102.7
30279,1.2315919,94103.94
30280,1.234852,94105.17
30281,1.240195,94106.414
30282,1.2414722,94107.66
30283,1.2414805,94108.9
30284,1.2401301,94110.14
30285,1.2416022,94111.38
30286,1.2420304,94112.625
30287,1.2400872,94113.87
30288,1.2345681,94115.1
30289,1.2267399,94116.33
30290,1.2219552,94117.55
30291,1.2197028,94118.766
30292,1.219432,94119.984
30293,1.2220677,94121.2
30294,1.2242436,94122.43
30295,1.2218552,94123.65
30296,1.2167897,94124.87
30297,1.2087893,94126.08
30298,1.2029308,94127.28
30299,1.1965318,94128.48
30300,1.1929947,94129.67
30301,1.1903168,94130.86
30302,1.1910839,94132.05
30303,1.1894233,94133.234
30304,1.1846174,94134.42
30305,1.1784765,94135.6
30306,1.172436,94136.77
30307,1.1683704,94137.945
30308,1.1669704,94139.11
30309,1.1673975,94140.27
30310,1.171404,94141.445
30311,1.1732132,94142.62
30312,1.1752564,94143.79
30313,1.1784886,94144.97
30314,1.179219,94146.15
30315,1.1774253,94147.33
30316,1.1734321,94148.5
30317,1.1690966,94149.67
30318,1.1668833,94150.836
30319,1.165579,94152.0
30320,1.164511,94153.164
30321,1.1630436,94154.33
30322,1.1625464,94155.49
30323,1.1607789,94156.66
30324,1.1591637,94157.81
30325,1.1586814,94158.97
30326,1.1594263,94160.125
30327,1.1546007,94161.28
30328,1.1482173,94162.43
30329,1.1407691,94163.57
30330,1.1330456,94164.7
30331,1.129965,94165.836
30332,1.129413,94166.97
30333,1.1277379,94168.09
30334,1.1268902,94169.22
30335,1.1299695,94170.35
30336,1.1342057,94171.484
30337,1.1391239,94172.625
30338,1.1405712,94173.766
30339,1.138195,94174.91
30340,1.1321297,94176.04
30341,1.1253083,94177.164
30342,1.1206269,94178.28
30343,1.1163929,94179.4
30344,1.1124039,94180.51
30345,1.1088475,94181.62
30346,1.100099,94182.72
30347,1.0893086,94183.805
30348,1.0791931,94184.88
30349,1.0757722,94185.96
30350,1.0733982,94187.03
30351,1.071502,94188.1
30352,1.0687083,94189.17
30353,1.065256,94190.234
30354,1.0636855,94191.3
30355,1.0614247,94192.36
30356,1.059497,94193.42
30357,1.0564226,94194.48
30358,1.0536681,94195.53
30359,1.0504365,94196.58
30360,1.0426799,94197.62
30361,1.0335687,94198.65
30362,1.0281812,94199.68
30363,1.0283477,94200.71
30364,1.0270542,94201.734
30365,1.0250376,94202.76
30366,1.0209496,94203.78
30367,1.0182517,94204.8
30368,1.0182498,94205.81
30369,1.0205097,94206.836
30370,1.0213023,94207.86
30371,1.0195298,94208.875
30372,1.016614,94209.89
30373,1.0164378,94210.91
30374,1.0139774,94211.92
30375,1.0079236,94212.93
30376,1.0002222,94213.93
30377,0.99310005,94214.92
30378,0.9851388,94215.91
30379,0.9787568,94216.88
30380,0.9789178,94217.86
30381,0.9796516,94218.836
30382,0.9778574,94219.81
30383,0.97203606,94220.78
30384,0.9710317,94221.75
30385,0.9658222,94222.72
30386,0.96523154,94223.69
30387,0.9619161,94224.65
30388,0.95669544,94225.6
30389,0.94712013,94226.55
30390,0.93600833,94227.484
30391,0.9265267,94228.414
30392,0.9124964,94229.33
30393,0.89255023,94230.22
30394,0.8786669,94231.09
30395,0.85512775,94231.945
30396,0.8337171,94232.78
30397,0.81147575,94233.59
30398,0.8015635,94234.4
30399,0.78760934,94235.19
30400,0.78166085,94235.97
30401,0.7756574,94236.74
30402,0.7675741,94237.51
30403,0.757476,94238.266
30404,0.7481158,94239.016
30405,0.73864555,94239.76
30406,0.73390937,94240.49
30407,0.7331353,94241.23
30408,0.7265485,94241.95
30409,0.722356,94242.67
30410,0.71511924,94243.39
30411,0.711607,94244.1
30412,0.7093247,94244.81
30413,0.7040758,94245.516
30414,0.7069718,94246.22
30415,0.7102253,94246.93
30416,0.7103765,94247.64
30417,0.7097188,94248.35
30418,0.70715153,94249.06
30419,0.7033785,94249.766
30420,0.6981368,94250.46
30421,0.6910633,94251.15
30422,0.6901772,94251.836
30423,0.6905788,94252.52
30424,0.6913648,94253.21
30425,0.6929029,94253.91
30426,0.6885055,94254.59
30427,0.6835256,94255.27
30428,0.6810726,94255.95
30429,0.6769448,94256.63
30430,0.6744894,94257.305
30431,0.6744236,94257.98
30432,0.686679,94258.664
30433,0.6887945,94259.35
30434,0.68064535,94260.03
30435,0.6733535,94260.7
30436,0.66676384,94261.37
30437,0.65717,94262.02
30438,0.6527154,94262.68
30439,0.648744,94263.33
30440,0.6444483,94263.97
30441,0.6369202,94264.61
30442,0.62232566,94265.234
30443,0.6088056,94265.84
30444,0.5934214,94266.44
30445,0.583832,94267.02
30446,0.5791709,94267.6
30447,0.5758512,94268.18
30448,0.57130146,94268.75
30449,0.5676023,94269.32
30450,0.5650515,94269.88
30451,0.5612376,94270.445
30452,0.5556397,94271.0
30453,0.55011463,94271.55
30454,0.54272956,94272.086
30455,0.53492165,94272.62
30456,0.5309702,94273.15
30457,0.5249605,94273.67
30458,0.52060413,94274.195
30459,0.5137705,94274.71
30460,0.5067025,94275.22
30461,0.49848166,94275.72
30462,0.4895408,94276.21
30463,0.48567358,94276.695
30464,0.48439246,94277.18
30465,0.48332328,94277.664
30466,0.48002693,94278.14
30467,0.47823584,94278.62
30468,0.4789237,94279.09
30469,0.47900504,94279.57
30470,0.47876167,94280.05
30471,0.47705832,94280.52
30472,0.4749221,94281.0
30473,0.47032234,94281.47
30474,0.46521598,94281.94
30475,0.45840856,94282.4
30476,0.45675346,94282.85
30477,0.45227867,94283.305
30478,0.45158592,94283.76
30479,0.44404685,94284.2
30480,0.4381977,94284.64
30481,0.42615545,94285.07
30482,0.41977575,94285.49
30483,0.4099642,94285.9
30484,0.40842566,94286.305
30485,0.40743276,94286.71
30486,0.41850683,94287.13
30487,0.42805976,94287.56
30488,0.44774544,94288.01
30489,0.45989722,94288.47
30490,0.48304695,94288.95
30491,0.49748144,94289.45
30492,0.5120103,94289.97
30493,0.51241463,94290.484
30494,0.51032555,94290.99
30495,0.50872993,94291.5
30496,0.50536233,94292.01
30497,0.50212455,94292.51
30498,0.49752188,94293.01
30499,0.49160087,94293.5
30500,0.4845745,94293.984
30501,0.4775805,94294.46
30502,0.46825844,94294.93
30503,0.45619467,94295.38
30504,0.43969488,94295.82
30505,0.42678702,94296.25
30506,0.4153994,94296.664
30507,0.405848,94297.07
30508,0.39661124,94297.47
30509,0.38393682,94297.85
30510,0.3741259,94298.23
30511,0.36735678,94298.59
30512,0.36109564,94298.95
30513,0.34748787,94299.3
30514,0.331135,94299.625
30515,0.31608036,94299.94
30516,0.30376196,94300.24
30517,0.294334,94300.54
30518,0.28083378,94300.82
30519,0.2670771,94301.086
30520,0.25408986,94301.34
30521,0.24877171,94301.59
30522,0.24510564,94301.836
30523,0.24039647,94302.08
30524,0.23004018,94302.305
30525,0.221975,94302.52
30526,0.21352163,94302.734
30527,0.20776388,94302.945
30528,0.19945958,94303.15
30529,0.18854833,94303.336
30530,0.17744894,94303.516
30531,0.17165197,94303.69
30532,0.16764364,94303.85
30533,0.16357504,94304.016
30534,0.15325949,94304.17
30535,0.14278357,94304.31
30536,0.13490729,94304.445
30537,0.13138846,94304.58
30538,0.12897773,94304.71
30539,0.1260694,94304.836
30540,0.11879813,94304.95
30541,0.11183143,94305.06
30542,0.109911256,94305.17
30543,0.105757356,94305.28
30544,0.097882144,94305.38
30545,0.086330935,94305.47
30546,0.08038474,94305.55
30547,0.0755329,94305.625
30548,0.06932837,94305.695
30549,0.062409576,94305.76
30550,0.055315614,94305.81
30551,0.048972838,94305.86
30552,0.04455969,94305.91
30553,0.04158896,94305.945
30554,0.04059729,94305.984
30555,0.03939871,94306.02
30556,0.037635557,94306.06
30557,0.034845337,94306.09
30558,0.03312384,94306.125
30559,0.0331185,94306.16
30560,0.032367613,94306.19
30561,0.03083014,94306.22
30562,0.02647879,94306.24
30563,0.019934144,94306.266
30564,0.013899903,94306.28
30565,0.009693971,94306.29
30566,0.00606833,94306.3
30567,0.002655549,94306.3
30568,0.001346221,94306.3
30569,0.005670409,94306.305
30570,0.008148284,94306.31
30571,0.010101561,94306.32
30572,0.011404051,94306.33
30573,0.013201995,94306.34
30574,0.017287688,94306.36
30575,0.019735198,94306.38
30576,0.023540283,94306.41
30577,0.026664518,94306.43
30578,0.029401792,94306.46
30579,0.032710202,94306.49
30580,0.033814482,94306.52
30581,0.03637994,94306.56
30582,0.040018402,94306.6
30583,0.04291772,94306.64
30584,0.044841856,94306.69
30585,0.04652475,94306.734
30586,0.044830106,94306.78
30587,0.043415617,94306.83
30588,0.04310632,94306.875
30589,0.046443723,94306.92
30590,0.053503506,94306.98
30591,0.06650064,94307.05
30592,0.08060433,94307.125
30593,0.08618661,94307.21
30594,0.08618447,94307.3
30595,0.08300515,94307.38
30596,0.078844085,94307.46
30597,0.07298837,94307.53
30598,0.06885919,94307.6
30599,0.06579034,94307.664
30600,0.06406595,94307.73
30601,0.06456445,94307.79
30602,0.06577554,94307.85
30603,0.06709466,94307.92
30604,0.0681051,94307.99
30605,0.06763086,94308.06
30606,0.0652929,94308.125
30607,0.06341821,94308.19
30608,0.061625913,94308.25
30609,0.061731048,94308.31
30610,0.060448088,94308.375
30611,0.059422698,94308.44
30612,0.05986749,94308.5
30613,0.06148584,94308.56
30614,0.062312406,94308.625
30615,0.06374444,94308.69
30616,0.06322137,94308.75
30617,0.0638952,94308.81
30618,0.06599649,94308.875
30619,0.06812509,94308.945
30620,0.07148233,94309.016
30621,0.075629056,94309.09
30622,0.08123513,94309.17
30623,0.08529824,94309.26
30624,0.08805764,94309.34
30625,0.090467006,94309.44
30626,0.09496438,94309.53
30627,0.099396445,94309.63
30628,0.10640481,94309.74
30629,0.11259103,94309.85
30630,0.11569832,94309.97
30631,0.11763009,94310.086
30632,0.116041645,94310.2
30633,0.11028542,94310.31
30634,0.105243005,94310.414
30635,0.09595589,94310.51
30636,0.08564675,94310.59
30637,0.07839487,94310.67
30638,0.07428964,94310.75
30639,0.07473901,94310.83
30640,0.07612741,94310.91
30641,0.07641,94310.984
30642,0.07516733,94311.06
30643,0.07321741,94311.13
30644,0.071234524,94311.2
30645,0.07172235,94311.27
30646,0.075457394,94311.35
30647,0.076683745,94311.43
30648,0.07833688,94311.51
30649,0.07769113,94311.586
30650,0.07999246,94311.664
30651,0.07924661,94311.74
30652,0.08107522,94311.82
30653,0.0789808,94311.9
30654,0.08051705,94311.98
30655,0.07720956,94312.055
30656,0.08169808,94312.13
30657,0.07788736,94312.21
30658,0.08352883,94312.3
30659,0.07744973,94312.375
30660,0.08021584,94312.45
30661,0.07506799,94312.53
30662,0.08142281,94312.61
30663,0.073377624,94312.68
30664,0.07396921,94312.75
30665,0.073419586,94312.82
30666,0.07390283,94312.89
30667,0.072611324,94312.96
30668,0.072534576,94313.03
30669,0.06989724,94313.1
30670,0.06977975,94313.17
30671,0.067064606,94313.24
30672,0.06661035,94313.31
30673,0.064961635,94313.375
30674,0.06526193,94313.44
30675,0.06485086,94313.5
30676,0.06339746,94313.56
30677,0.060565427,94313.625
30678,0.057995085,94313.68
30679,0.05679025,94313.734
30680,0.05711038,94313.79
30681,0.057982113,94313.84
30682,0.05848901,94313.9
30683,0.057942748,94313.95
30684,0.05720178,94314.01
30685,0.09193185,94314.1
30686,0.0906379,94314.195
30687,0.090626,94314.29
30688,0.09146401,94314.38
30689,0.090812154,94314.48
30690,0.090457544,94314.57
30691,0.087234885,94314.66
30692,0.08390084,94314.74
30693,0.07233285,94314.81
30694,0.06933709,94314.88
30695,0.061433956,94314.945
30696,0.061828855,94315.01
30697,0.055838406,94315.06
30698,0.05532678,94315.12
30699,0.05144937,94315.17
30700,0.051648956,94315.23
30701,0.049466338,94315.27
30702,0.053294767,94315.33
30703,0.050723508,94315.375
30704,0.05583627,94315.43
30705,0.052436765,94315.484
30706,0.05570352,94315.54
30707,0.051758207,94315.59
30708,0.054415066,94315.65
30709,0.05110727,94315.7
30710,0.05268579,94315.76
30711,0.05070688,94315.805
30712,0.052161038,94315.86
30713,0.0523002,94315.914
30714,0.05468057,94315.97
30715,0.055773098,94316.02
30716,0.057048734,94316.08
30717,0.057061248,94316.13
30718,0.057803586,94316.19
30719,0.055772338,94316.24
30720,0.055856567,94316.3
30721,0.052915283,94316.35
30722,0.05435403,94316.41
30723,0.052209258,94316.46
30724,0.054235775,94316.516
30725,0.045309994,94316.56
30726,0.039151244,94316.6
30727,0.037776425,94316.64
30728,0.037528623,94316.68
30729,0.03777963,94316.72
30730,0.037592556,94316.76
30731,0.03735193,94316.8
30732,0.03697137,94316.836
30733,0.036700375,94316.875
30734,0.03680078,94316.914
30735,0.0550361,94316.97
30736,0.04167688,94317.01
30737,0.048781827,94317.055
30738,0.048339475,94317.1
30739,0.059347775,94317.164
30740,0.060369655,94317.23
30741,0.060655456,94317.29
30742,0.06040475,94317.35
30743,0.061243527,94317.414
30744,0.0613421,94317.48
30745,0.061640713,94317.54
30746,0.061614927,94317.6
30747,0.06221063,94317.664
30748,0.06270486,94317.73
30749,0.06299096,94317.79
30750,0.06388635,94317.85
30751,0.06388162,94317.914
30752,0.063766874,94317.98
30753,0.06318521,94318.04
30754,0.06287988,94318.1
30755,0.061916288,94318.164
30756,0.06106622,94318.23
30757,0.06054925,94318.29
30758,0.06085565,94318.35
30759,0.060619902,94318.414
30760,0.06106622,94318.48
30761,0.060745634,94318.54
30762,0.06091455,94318.6
30763,0.061907742,94318.664
30764,0.062913604,94318.73
30765,0.06552286,94318.79
30766,0.06734094,94318.86
30767,0.0690249,94318.93
30768,0.06973169,94319.0
30769,0.07066583,94319.07
30770,0.07053674,94319.14
30771,0.07096033,94319.21
30772,0.07114389,94319.28
30773,0.07018548,94319.35
30774,0.067913294,94319.42
30775,0.042295165,94319.46
30776,0.07647012,94319.54
30777,0.044417202,94319.586
30778,0.068280116,94319.66
30779,0.058284696,94319.71
30780,0.0703306,94319.78
30781,0.054804165,94319.836
30782,0.07487634,94319.914
30783,0.057389922,94319.97
30784,0.07659738,94320.05
30785,0.05747064,94320.1
30786,0.07825906,94320.18
30787,0.059792876,94320.24
30788,0.078425385,94320.32
30789,0.06082315,94320.38
30790,0.07669564,94320.46
30791,0.06203134,94320.52
30792,0.07351327,94320.59
30793,0.061384518,94320.66
30794,0.06964456,94320.73
30795,0.060356382,94320.79
30796,0.06520288,94320.85
30797,0.060071502,94320.914
30798,0.06127801,94320.98
30799,0.061080564,94321.04
30800,0.061812375,94321.1
30801,0.061427854,94321.164
30802,0.06040582,94321.23
30803,0.058755584,94321.29
30804,0.056952756,94321.34
30805,0.055753417,94321.4
30806,0.05450235,94321.45
30807,0.053207487,94321.51
30808,0.05187692,94321.56
30809,0.050307706,94321.61
30810,0.046821836,94321.66
30811,0.04478891,94321.7
30812,0.041675046,94321.74
30813,0.039848417,94321.78
30814,0.03696634,94321.82
30815,0.035064023,94321.85
30816,0.03242273,94321.88
30817,0.02994531,94321.914
30818,0.027772764,94321.945
30819,0.025075773,94321.97
30820,0.023050018,94321.99
30821,0.021666808,94322.016
30822,0.02106851,94322.04
30823,0.016308226,94322.055
30824,0.06662896,94322.125
30825,0.06663049,94322.195
30826,0.06662805,94322.266
30827,0.066630796,94322.336
30828,0.066629425,94322.41
30829,0.06662653,94322.48
30830,0.06662683,94322.55
30831,0.0666279,94322.62
30832,0.06661188,94322.69
30833,0.06660654,94322.76
30834,0.06660318,94322.83
30835,0.0666015,94322.9
30836,0.066598296,94322.97
30837,0.066594325,94323.04
30838,0.066592805,94323.11
30839,0.066594325,94323.18
30840,0.066585325,94323.25
30841,0.06658273,94323.32
30842,0.066581056,94323.39
30843,0.06657998,94323.46
30844,0.066581056,94323.53
30845,0.066578455,94323.6
30846,0.066576324,94323.67
30847,0.06657739,94323.74
30848,0.06656839,94323.81
30849,0.06656854,94323.88
30850,0.066565946,94323.95
30851,0.06657663,94324.02
30852,0.066568844,94324.09
30853,0.06656961,94324.164
30854,0.06655817,94324.234
30855,0.06655481,94324.305
30856,0.066548705,94324.375
30857,0.06655023,94324.445
30858,0.06655374,94324.516
30859,0.066554956,94324.586
30860,0.06655557,94324.66
30861,0.0665513,94324.73
30862,0.06654993,94324.8
30863,0.066548705,94324.87
30864,0.06654703,94324.94
30865,0.066545956,94325.01
30866,0.066540465,94325.08
30867,0.06653649,94325.15
30868,0.06653512,94325.22
30869,0.06653329,94325.29
30870,0.06653039,94325.36
30871,0.066524744,94325.43
30872,0.06650827,94325.5
30873,0.06650827,94325.57
30874,0.0665104,94325.64
30875,0.066513605,94325.71
30876,0.06651391,94325.78
30877,0.06651086,94325.85
30878,0.066508725,94325.92
30879,0.0665072,94325.99
30880,0.06649744,94326.06
30881,0.06649606,94326.13
30882,0.06649026,94326.2
30883,0.06647897,94326.27
30884,0.066483855,94326.34
30885,0.06648248,94326.414
30886,0.06648172,94326.484
30887,0.06647607,94326.555
30888,0.06646997,94326.625
30889,0.06647775,94326.695
30890,0.06647745,94326.766
30891,0.06647378,94326.836
30892,0.06646783,94326.91
30893,0.06647485,94326.98
30894,0.06647272,94327.05
30895,0.06647103,94327.12
30896,0.066466615,94327.19
30897,0.066463865,94327.26
30898,0.06646631,94327.33
30899,0.06646417,94327.4
30900,0.0664541,94327.47
30901,0.06645242,94327.54
30902,0.066450894,94327.61
30903,0.066448756,94327.68
30904,0.06644373,94327.75
30905,0.06644082,94327.82
30906,0.06644189,94327.89
30907,0.06644235,94327.96
30908,0.06644449,94328.03
30909,0.06644204,94328.1
30910,0.06644235,94328.17
30911,0.06644022,94328.24
30912,0.06642648,94328.31
30913,0.0664248,94328.38
30914,0.06642266,94328.45
30915,0.06642374,94328.52
30916,0.06642435,94328.59
30917,0.06641733,94328.664
30918,0.06641946,94328.734
30919,0.066419005,94328.805
30920,0.06642053,94328.875
30921,0.06641534,94328.945
30922,0.06641229,94329.016
30923,0.06641046,94329.086
30924,0.06641,94329.16
30925,0.06641687,94329.23
30926,0.06641641,94329.3
30927,0.066414274,94329.37
30928,0.06641046,94329.44
30929,0.06640893,94329.51
30930,0.06641397,94329.58
30931,0.06641183,94329.65
30932,0.06639642,94329.71
30933,0.06640405,94329.77
30934,0.06640436,94329.836
30935,0.06639886,94329.9
30936,0.066395044,94329.96
30937,0.06639459,94330.02
30938,0.06639291,94330.086
30939,0.06639108,94330.15
30940,0.066391386,94330.21
30941,0.06639474,94330.27
30942,0.066390626,94330.336
30943,0.06638131,94330.4
30944,0.066378415,94330.46
30945,0.06637537,94330.52
30946,0.066374145,94330.586
30947,0.066366665,94330.65
30948,0.06637125,94330.71
30949,0.06637125,94330.77
30950,0.06637384,94330.836
30951,0.06636911,94330.9
30952,0.06636087,94330.96
30953,0.06635339,94331.02
30954,0.06635553,94331.086
30955,0.06635263,94331.15
30956,0.06634988,94331.21
30957,0.06634836,94331.27
30958,0.06634622,94331.336
30959,0.06633981,94331.4
30960,0.06633508,94331.46
30961,0.066341944,94331.52
30962,0.066340424,94331.586
30963,0.06633554,94331.65
30964,0.066333406,94331.71
30965,0.06632974,94331.77
30966,0.06632578,94331.836
30967,0.066322565,94331.9
30968,0.066321805,94331.96
30969,0.06631875,94332.02
30970,0.06631509,94332.086
30971,0.06631433,94332.15
30972,0.06630365,94332.21
30973,0.06629602,94332.27
30974,0.066291444,94332.336
30975,0.066297084,94332.4
30976,0.066300444,94332.46
30977,0.06629617,94332.52
30978,0.066301055,94332.586
30979,0.066300444,94332.65
30980,0.06629785,94332.71
30981,0.06629602,94332.77
30982,0.066294186,94332.836
30983,0.06628823,94332.9
30984,0.0662861,94332.96
30985,0.066284575,94333.02
30986,0.06627603,94333.086
30987,0.06627572,94333.15
30988,0.066272825,94333.21
30989,0.06627023,94333.27
30990,0.0662713,94333.336
30991,0.06626703,94333.4
30992,0.066261224,94333.46
30993,0.06625192,94333.52
30994,0.06625528,94333.586
30995,0.06625131,94333.65
30996,0.06625131,94333.71
30997,0.06625085,94333.77
30998,0.06625528,94333.836
30999,0.06625589,94333.9
31000,0.066256344,94333.96
31001,0.066252686,94334.02
31002,0.06625192,94334.086
31003,0.06624078,94334.15
31004,0.06623773,94334.21
31005,0.0662388,94334.27
31006,0.06623361,94334.336
31007,0.06623513,94334.4
31008,0.066229336,94334.46
31009,0.066227965,94334.52
31010,0.06623254,94334.586
31011,0.06623361,94334.65
31012,0.06623331,94334.71
31013,0.06623452,94334.77
31014,0.06622262,94334.836
31015,0.06622079,94334.9
31016,0.066232696,94334.96
31017,0.0662298,94335.02
31018,0.06622537,94335.086
31019,0.066221096,94335.15
31020,0.06621438,94335.21
31021,0.0662182,94335.27
31022,0.06620691,94335.336
31023,0.06620965,94335.4
31024,0.06621499,94335.46
31025,0.06620965,94335.52
31026,0.06620218,94335.586
31027,0.0661979,94335.65
31028,0.06619653,94335.71
31029,0.06619608,94335.77
31030,0.06619256,94335.836
31031,0.066191494,94335.9
31032,0.06618997,94335.96
31033,0.06618845,94336.02
31034,0.066185236,94336.086
31035,0.06618463,94336.15
31036,0.066180356,94336.21
31037,0.0661799,94336.27
31038,0.066167384,94336.336
31039,0.06616235,94336.4
31040,0.06616128,94336.46
31041,0.066157624,94336.52
31042,0.06615853,94336.586
31043,0.06615701,94336.65
31044,0.06615594,94336.71
31045,0.06616281,94336.77
31046,0.066161744,94336.836
31047,0.06615945,94336.9
31048,0.06615732,94336.96
31049,0.066157624,94337.02
31050,0.06615441,94337.086
31051,0.06616265,94337.15
31052,0.06616265,94337.21
31053,0.06616052,94337.27
31054,0.06615441,94337.336
31055,0.0661358,94337.4
31056,0.06612329,94337.46
31057,0.06611978,94337.52
31058,0.06612695,94337.586
31059,0.066122524,94337.65
31060,0.06611978,94337.71
31061,0.066118255,94337.77
31062,0.06611444,94337.836
31063,0.06611536,94337.9
31064,0.066115506,94337.96
31065,0.06611536,94338.02
31066,0.06611185,94338.086
31067,0.06610864,94338.15
31068,0.06611154,94338.21
31069,0.06611032,94338.27
31070,0.066106044,94338.336
31071,0.06611245,94338.4
31072,0.066105284,94338.46
31073,0.06609796,94338.52
31074,0.06609857,94338.586
31075,0.06609598,94338.65
31076,0.06608743,94338.71
31077,0.066090025,94338.77
31078,0.0660885,94338.836
31079,0.066092774,94338.9
31080,0.06609216,94338.96
31081,0.066090636,94339.02
31082,0.066099636,94339.086
31083,0.06609674,94339.15
31084,0.066092774,94339.21
31085,0.06608713,94339.27
31086,0.06608713,94339.336
31087,0.06608468,94339.4
31088,0.066083156,94339.46
31089,0.066081025,94339.52
31090,0.06607095,94339.586
31091,0.066071406,94339.65
31092,0.06606378,94339.71
31093,0.06606271,94339.77
31094,0.066063166,94339.836
31095,0.06607019,94339.9
31096,0.066071406,94339.96
31097,0.06606622,94340.02
31098,0.06604486,94340.086
31099,0.06604882,94340.15
31100,0.06604776,94340.21
31101,0.0660502,94340.27
31102,0.06604364,94340.336
31103,0.0660444,94340.4
31104,0.06602716,94340.46
31105,0.066030055,94340.52
31106,0.06602685,94340.586
31107,0.06602197,94340.65
31108,0.06601785,94340.71
31109,0.06601404,94340.77
31110,0.06602258,94340.836
31111,0.066029444,94340.9
31112,0.066028684,94340.96
31113,0.06602197,94341.02
