step,predicted_energy,cumulative_energy
0,0.02952124,0.02952124
1,0.02952124,0.05904248
2,0.02952124,0.08856372
3,0.02952124,0.11808496
4,0.02952124,0.1476062
5,0.02952124,0.17712744
6,0.02952124,0.20664868
7,0.02952124,0.23616992
8,0.02952124,0.26569116
9,0.02952124,0.2952124
10,0.02952124,0.32473361
11,0.02952124,0.35425484
12,0.02952124,0.38377607
13,0.02952124,0.4132973
14,0.02952124,0.44281852
15,0.02952124,0.47233975
16,0.02952124,0.501861
17,0.02952124,0.5313822
18,0.02952124,0.56090343
19,0.02952124,0.59042466
20,0.02952124,0.6199459
21,0.02952124,0.6494671
22,0.02952124,0.67898834
23,0.02952124,0.70850956
24,0.02952124,0.7380308
25,0.02952124,0.767552
26,0.02952124,0.79707325
27,0.02952124,0.8265945
28,0.02952124,0.8561157
29,0.02952124,0.8856369
30,0.02952124,0.91515815
31,0.02952124,0.9446794
32,0.02952124,0.9742006
33,0.02952124,1.0037218
34,0.02952124,1.0332431
35,0.02952124,1.0627643
36,0.02952124,1.0922855
37,0.02952124,1.1218067
38,0.02952124,1.151328
39,0.02952124,1.1808492
40,0.02952124,1.2103704
41,0.02952124,1.2398916
42,0.02952124,1.2694129
43,0.02952124,1.2989341
44,0.02952124,1.3284553
45,0.02952124,1.3579766
46,0.02952124,1.3874978
47,0.02952124,1.417019
48,0.02952124,1.4465402
49,0.02952124,1.4760615
50,0.02952124,1.5055827
51,0.02952124,1.5351039
52,0.02952124,1.5646251
53,0.02952124,1.5941464
54,0.02952124,1.6236676
55,0.02952124,1.6531888
56,0.02952124,1.68271
57,0.02952124,1.7122313
58,0.02952124,1.7417525
59,0.02952124,1.7712737
60,0.02952124,1.800795
61,0.02952124,1.8303162
62,0.02952124,1.8598374
63,0.02952124,1.8893586
64,0.02952124,1.9188799
65,0.02952124,1.9484011
66,0.02952124,1.9779223
67,0.02952124,2.0074437
68,0.02952124,2.036965
69,0.02952124,2.0664861
70,0.02952124,2.0960073
71,0.02952124,2.1255286
72,0.02952124,2.1550498
73,0.02952124,2.184571
74,0.02952124,2.2140923
75,0.02952124,2.2436135
76,0.02952124,2.2731347
77,0.02952124,2.302656
78,0.02952124,2.3321772
79,0.02952124,2.3616984
80,0.02952124,2.3912196
81,0.02952124,2.4207408
82,0.02952124,2.450262
83,0.02952124,2.4797833
84,0.02952124,2.5093045
85,0.02952124,2.5388258
86,0.02952124,2.568347
87,0.02952124,2.5978682
88,0.02952124,2.6273894
89,0.02952124,2.6569107
90,0.02952124,2.686432
91,0.02952124,2.715953
92,0.02952124,2.7454743
93,0.02952124,2.7749956
94,0.02952124,2.8045168
95,0.02952124,2.834038
96,0.02952124,2.8635592
97,0.02952124,2.8930805
98,0.02952124,2.9226017
99,0.02952124,2.952123
100,0.02952124,2.9816442
101,0.02952124,3.0111654
102,0.02952124,3.0406866
103,0.02952124,3.0702078
104,0.02952124,3.099729
105,0.02952124,3.1292503
106,0.02952124,3.1587715
107,0.02952124,3.1882927
108,0.02952124,3.217814
109,0.02952124,3.2473352
110,0.02952124,3.2768564
111,0.02952124,3.3063776
112,0.02952124,3.3358989
113,0.02952124,3.36542
114,0.02952124,3.3949413
115,0.02952124,3.4244626
116,0.02952124,3.4539838
117,0.02952124,3.483505
118,0.02952124,3.5130262
119,0.02952124,3.5425475
120,0.02952124,3.5720687
121,0.02952124,3.60159
122,0.02952124,3.6311111
123,0.02952124,3.6606324
124,0.02952124,3.6901536
125,0.02952124,3.7196748
126,0.02952124,3.749196
127,0.02952124,3.7787173
128,0.02952124,3.8082385
129,0.02952124,3.8377597
130,0.02952124,3.867281
131,0.02952124,3.8968022
132,0.02952124,3.9263234
133,0.02952124,3.9558446
134,0.02952124,3.9853659
135,0.02952124,4.0148873
136,0.02952124,4.044409
137,0.02952124,4.0739303
138,0.02952124,4.1034517
139,0.02952124,4.132973
140,0.02952124,4.1624947
141,0.02952124,4.192016
142,0.02952124,4.2215376
143,0.02952124,4.251059
144,0.02952124,4.2805805
145,0.02952124,4.310102
146,0.02952124,4.3396235
147,0.02952124,4.369145
148,0.02952124,4.3986664
149,0.02952124,4.428188
150,0.02952124,4.4577093
151,0.02952124,4.487231
152,0.02952124,4.5167522
153,0.02952124,4.5462737
154,0.02952124,4.575795
155,0.02952124,4.6053166
156,0.02952124,4.634838
157,0.02952124,4.6643596
158,0.02952124,4.693881
159,0.02952124,4.7234025
160,0.02952124,4.752924
161,0.02952124,4.7824454
162,0.02952124,4.811967
163,0.02952124,4.8414884
164,0.02952124,4.87101
165,0.02952124,4.9005313
166,0.02952124,4.9300528
167,0.02952124,4.959574
168,0.02952124,4.9890957
169,0.02952124,5.018617
170,0.02952124,5.0481386
171,0.02952124,5.07766
172,0.02952124,5.1071815
173,0.02952124,5.136703
174,0.02952124,5.1662245
175,0.02952124,5.195746
176,0.02952124,5.2252674
177,0.02952124,5.254789
178,0.02952124,5.2843103
179,0.02952124,5.313832
180,0.02952124,5.3433533
181,0.02952124,5.3728747
182,0.02952124,5.402396
183,0.02952124,5.4319177
184,0.02952124,5.461439
185,0.02952124,5.4909606
186,0.02952124,5.520482
187,0.02952124,5.5500035
188,0.02952124,5.579525
189,0.02952124,5.6090465
190,0.02952124,5.638568
191,0.02952124,5.6680894
192,0.02952124,5.697611
193,0.02952124,5.7271323
194,0.02952124,5.756654
195,0.02952124,5.7861753
196,0.02952124,5.8156967
197,0.02952124,5.845218
198,0.02952124,5.8747396
199,0.02952124,5.904261
200,0.02952124,5.9337826
201,0.02952124,5.963304
202,0.02952124,5.9928255
203,0.02952124,6.022347
204,0.02952124,6.0518684
205,0.02952124,6.08139
206,0.02952124,6.1109114
207,0.02952124,6.140433
208,0.02952124,6.1699543
209,0.02952124,6.199476
210,0.02952124,6.228997
211,0.02952124,6.2585187
212,0.02952124,6.28804
213,0.02952124,6.3175616
214,0.02952124,6.347083
215,0.02952124,6.3766046
216,0.02952124,6.406126
217,0.02952124,6.4356475
218,0.02952124,6.465169
219,0.02952124,6.4946904
220,0.02952124,6.524212
221,0.02952124,6.5537333
222,0.02952124,6.583255
223,0.02952124,6.6127763
224,0.02952124,6.6422977
225,0.02952124,6.671819
226,0.02952124,6.7013407
227,0.02952124,6.730862
228,0.02952124,6.7603836
229,0.02952124,6.789905
230,0.02952124,6.8194265
231,0.02952124,6.848948
232,0.02952124,6.8784695
233,0.02952124,6.907991
234,0.02952124,6.9375124
235,0.02952124,6.967034
236,0.02952124,6.9965553
237,0.02952124,7.026077
238,0.02952124,7.0555983
239,0.02952124,7.0851197
240,0.02952124,7.114641
241,0.02952124,7.1441627
242,0.02952124,7.173684
243,0.02952124,7.2032056
244,0.02952124,7.232727
245,0.02952124,7.2622485
246,0.02952124,7.29177
247,0.02952124,7.3212914
248,0.02952124,7.350813
249,0.02952124,7.3803344
250,0.02952124,7.409856
251,0.02952124,7.4393773
252,0.02952124,7.468899
253,0.02952124,7.4984202
254,0.02952124,7.5279417
255,0.02952124,7.557463
256,0.02952124,7.5869846
257,0.02952124,7.616506
258,0.02952124,7.6460276
259,0.02952124,7.675549
260,0.02952124,7.7050705
261,0.02952124,7.734592
262,0.02952124,7.7641134
263,0.02952124,7.793635
264,0.02952124,7.8231564
265,0.02952124,7.852678
266,0.02952124,7.8821993
267,0.02952124,7.9117208
268,0.02952124,7.941242
269,0.02952124,7.9707637
270,0.02952124,8.000285
271,0.02952124,8.029806
272,0.02952124,8.059327
273,0.02952124,8.088848
274,0.02952124,8.118369
275,0.02952124,8.14789
276,0.02952124,8.177411
277,0.02952124,8.206932
278,0.02952124,8.236453
279,0.02952124,8.265974
280,0.02952124,8.295495
281,0.02952124,8.325016
282,0.02952124,8.354537
283,0.02952124,8.384058
284,0.02952124,8.413579
285,0.02952124,8.4431
286,0.02952124,8.472621
287,0.02952124,8.502142
288,0.02952124,8.531663
289,0.02952124,8.561184
290,0.02952124,8.590705
291,0.02952124,8.620226
292,0.02952124,8.649747
293,0.02952124,8.679268
294,0.02952124,8.708789
295,0.02952124,8.73831
296,0.02952124,8.767831
297,0.02952124,8.797352
298,0.02952124,8.826873
299,0.02952124,8.856394
300,0.02952124,8.885915
301,0.02952124,8.915436
302,0.02952124,8.944957
303,0.02952124,8.974478
304,0.02952124,9.003999
305,0.02952124,9.03352
306,0.02952124,9.063041
307,0.02952124,9.092562
308,0.02952124,9.122083
309,0.02952124,9.151604
310,0.02952124,9.181125
311,0.02952124,9.210646
312,0.02952124,9.240167
313,0.02952124,9.269688
314,0.02952124,9.299209
315,0.02952124,9.32873
316,0.02952124,9.358251
317,0.02952124,9.387772
318,0.02952124,9.417293
319,0.02952124,9.446814
320,0.02952124,9.476335
321,0.02952124,9.505856
322,0.02952124,9.535377
323,0.02952124,9.564898
324,0.02952124,9.594419
325,0.02952124,9.6239395
326,0.02952124,9.6534605
327,0.02952124,9.6829815
328,0.02952124,9.7125025
329,0.02952124,9.742023
330,0.02952124,9.771544
331,0.02952124,9.801065
332,0.02952124,9.830586
333,0.02952124,9.860107
334,0.02952124,9.889628
335,0.02952124,9.919149
336,0.02952124,9.94867
337,0.02952124,9.978191
338,0.02952124,10.007712
339,0.02952124,10.037233
340,0.02952124,10.066754
341,0.02952124,10.096275
342,0.02952124,10.125796
343,0.02952124,10.155317
344,0.02952124,10.184838
345,0.02952124,10.214359
346,0.02952124,10.24388
347,0.02952124,10.273401
348,0.02952124,10.302922
349,0.02952124,10.332443
350,0.02952124,10.361964
351,0.02952124,10.391485
352,0.02952124,10.421006
353,0.02952124,10.450527
354,0.02952124,10.480048
355,0.02952124,10.509569
356,0.02952124,10.53909
357,0.02952124,10.568611
358,0.02952124,10.598132
359,0.02952124,10.627653
360,0.02952124,10.657174
361,0.02952124,10.686695
362,0.02952124,10.716216
363,0.02952124,10.745737
364,0.02952124,10.775258
365,0.02952124,10.804779
366,0.02952124,10.8343
367,0.02952124,10.863821
368,0.02952124,10.893342
369,0.02952124,10.922863
370,0.02952124,10.952384
371,0.02952124,10.981905
372,0.02952124,11.011426
373,0.02952124,11.040947
374,0.02952124,11.070468
375,0.02952124,11.099989
376,0.02952124,11.12951
377,0.02952124,11.159031
378,0.02952124,11.188552
379,0.02952124,11.218073
380,0.02952124,11.247594
381,0.02952124,11.277115
382,0.02952124,11.306636
383,0.02952124,11.336157
384,0.02952124,11.365678
385,0.02952124,11.395199
386,0.02952124,11.42472
387,0.02952124,11.454241
388,0.02952124,11.483762
389,0.02952124,11.513283
390,0.02952124,11.542804
391,0.02952124,11.572325
392,0.02952124,11.601846
393,0.02952124,11.631367
394,0.02952124,11.660888
395,0.02952124,11.690409
396,0.02952124,11.71993
397,0.02952124,11.749451
398,0.02952124,11.778972
399,0.02952124,11.808493
400,0.02952124,11.838014
401,0.02952124,11.867535
402,0.02952124,11.897056
403,0.02952124,11.926577
404,0.02952124,11.956098
405,0.02952124,11.985619
406,0.02952124,12.01514
407,0.02952124,12.044661
408,0.02952124,12.074182
409,0.02952124,12.103703
410,0.02952124,12.133224
411,0.02952124,12.1627445
412,0.02952124,12.1922655
413,0.02952124,12.2217865
414,0.02952124,12.2513075
415,0.02952124,12.280828
416,0.02952124,12.310349
417,0.02952124,12.33987
418,0.02952124,12.369391
419,0.02952124,12.398912
420,0.02952124,12.428433
421,0.02952124,12.457954
422,0.02952124,12.487475
423,0.02952124,12.516996
424,0.02952124,12.546517
425,0.02952124,12.576038
426,0.02952124,12.605559
427,0.02952124,12.63508
428,0.02952124,12.664601
429,0.02952124,12.694122
430,0.02952124,12.723643
431,0.02952124,12.753164
432,0.02952124,12.782685
433,0.02952124,12.812206
434,0.02952124,12.841727
435,0.02952124,12.871248
436,0.02952124,12.900769
437,0.02952124,12.93029
438,0.02952124,12.959811
439,0.02952124,12.989332
440,0.02952124,13.018853
441,0.02952124,13.048374
442,0.02952124,13.077895
443,0.02952124,13.107416
444,0.02952124,13.136937
445,0.02952124,13.166458
446,0.02952124,13.195979
447,0.02952124,13.2255
448,0.02952124,13.255021
449,0.02952124,13.284542
450,0.02952124,13.314063
451,0.02952124,13.343584
452,0.02952124,13.373105
453,0.02952124,13.402626
454,0.02952124,13.432147
455,0.02952124,13.461668
456,0.02952124,13.491189
457,0.02952124,13.52071
458,0.02952124,13.550231
459,0.02952124,13.579752
460,0.02952124,13.609273
461,0.02952124,13.638794
462,0.02952124,13.668315
463,0.02952124,13.697836
464,0.02952124,13.727357
465,0.02952124,13.756878
466,0.02952124,13.786399
467,0.02952124,13.81592
468,0.02952124,13.845441
469,0.02952124,13.874962
470,0.02952124,13.904483
471,0.02952124,13.934004
472,0.02952124,13.963525
473,0.02952124,13.993046
474,0.02952124,14.022567
475,0.02952124,14.052088
476,0.02952124,14.081609
477,0.02952124,14.11113
478,0.02952124,14.140651
479,0.02952124,14.170172
480,0.02952124,14.199693
481,0.02952124,14.229214
482,0.02952124,14.258735
483,0.02952124,14.288256
484,0.02952124,14.317777
485,0.02952124,14.347298
486,0.02952124,14.376819
487,0.02952124,14.40634
488,0.02952124,14.435861
489,0.02952124,14.465382
490,0.02952124,14.494903
491,0.02952124,14.524424
492,0.02952124,14.553945
493,0.02952124,14.583466
494,0.02952124,14.612987
495,0.02952124,14.642508
496,0.02952124,14.672029
497,0.02952124,14.70155
498,0.02952124,14.7310705
499,0.02952124,14.7605915
500,0.02952124,14.7901125
501,0.02952124,14.8196335
502,0.02952124,14.849154
503,0.02952124,14.878675
504,0.02952124,14.908196
505,0.02952124,14.937717
506,0.02952124,14.967238
507,0.02952124,14.996759
508,0.02952124,15.02628
509,0.02952124,15.055801
510,0.02952124,15.085322
511,0.02952124,15.114843
512,0.02952124,15.144364
513,0.02952124,15.173885
514,0.02952124,15.203406
515,0.02952124,15.232927
516,0.02952124,15.262448
517,0.02952124,15.291969
518,0.02952124,15.32149
519,0.02952124,15.351011
520,0.02952124,15.380532
521,0.02952124,15.410053
522,0.02952124,15.439574
523,0.02952124,15.469095
524,0.02952124,15.498616
525,0.02952124,15.528137
526,0.02952124,15.557658
527,0.02952124,15.587179
528,0.02952124,15.6167
529,0.02952124,15.646221
530,0.02952124,15.675742
531,0.02952124,15.705263
532,0.02952124,15.734784
533,0.02952124,15.764305
534,0.02952124,15.793826
535,0.02952124,15.823347
536,0.02952124,15.852868
537,0.02952124,15.882389
538,0.02952124,15.91191
539,0.02952124,15.941431
540,0.02952124,15.970952
541,0.02952124,16.000473
542,0.02952124,16.029995
543,0.02952124,16.059517
544,0.02952124,16.089039
545,0.02952124,16.11856
546,0.02952124,16.148083
547,0.02952124,16.177605
548,0.02952124,16.207127
549,0.02952124,16.236649
550,0.02952124,16.26617
551,0.02952124,16.295692
552,0.02952124,16.325214
553,0.02952124,16.354736
554,0.02952124,16.384258
555,0.02952124,16.41378
556,0.02952124,16.443302
557,0.02952124,16.472824
558,0.02952124,16.502346
559,0.02952124,16.531868
560,0.02952124,16.56139
561,0.02952124,16.590912
562,0.02952124,16.620434
563,0.02952124,16.649956
564,0.02952124,16.679478
565,0.02952124,16.709
566,0.02952124,16.738522
567,0.02952124,16.768044
568,0.02952124,16.797565
569,0.02952124,16.827087
570,0.02952124,16.85661
571,0.02952124,16.886131
572,0.02952124,16.915653
573,0.02952124,16.945175
574,0.02952124,16.974697
575,0.02952124,17.00422
576,0.02952124,17.033741
577,0.02952124,17.063263
578,0.02952124,17.092785
579,0.02952124,17.122307
580,0.02952124,17.151829
581,0.02952124,17.18135
582,0.02952124,17.210873
583,0.02952124,17.240395
584,0.02952124,17.269917
585,0.02952124,17.299438
586,0.02952124,17.32896
587,0.02952124,17.358482
588,0.02952124,17.388004
589,0.02952124,17.417526
590,0.02952124,17.447048
591,0.02952124,17.47657
592,0.02952124,17.506092
593,0.02952124,17.535614
594,0.02952124,17.565136
595,0.02952124,17.594658
596,0.02952124,17.62418
597,0.02952124,17.653702
598,0.02952124,17.683224
599,0.02952124,17.712746
600,0.02952124,17.742268
601,0.02952124,17.77179
602,0.02952124,17.801311
603,0.02952124,17.830833
604,0.02952124,17.860355
605,0.02952124,17.889877
606,0.02952124,17.9194
607,0.02952124,17.948921
608,0.02952124,17.978443
609,0.02952124,18.007965
610,0.02952124,18.037487
611,0.02952124,18.067009
612,0.02952124,18.09653
613,0.02952124,18.126053
614,0.02952124,18.155575
615,0.02952124,18.185097
616,0.02952124,18.214619
617,0.02952124,18.24414
618,0.02952124,18.273663
619,0.02952124,18.303185
620,0.02952124,18.332706
621,0.02952124,18.362228
622,0.02952124,18.39175
623,0.02952124,18.421272
624,0.02952124,18.450794
625,0.02952124,18.480316
626,0.02952124,18.509838
627,0.02952124,18.53936
628,0.02952124,18.568882
629,0.02952124,18.598404
630,0.02952124,18.627926
631,0.02952124,18.657448
632,0.02952124,18.68697
633,0.02952124,18.716492
634,0.02952124,18.746014
635,0.02952124,18.775536
636,0.02952124,18.805058
637,0.02952124,18.83458
638,0.02952124,18.864101
639,0.02952124,18.893623
640,0.02952124,18.923145
641,0.02952124,18.952667
642,0.02952124,18.98219
643,0.02952124,19.011711
644,0.02952124,19.041233
645,0.02952124,19.070755
646,0.02952124,19.100277
647,0.02952124,19.129799
648,0.02952124,19.15932
649,0.02952124,19.188843
650,0.02952124,19.218365
651,0.02952124,19.247887
652,0.02952124,19.277409
653,0.02952124,19.30693
654,0.02952124,19.336452
655,0.02952124,19.365974
656,0.02952124,19.395496
657,0.02952124,19.425018
658,0.02952124,19.45454
659,0.02952124,19.484062
660,0.02952124,19.513584
661,0.02952124,19.543106
662,0.02952124,19.572628
663,0.02952124,19.60215
664,0.02952124,19.631672
665,0.02952124,19.661194
666,0.02952124,19.690716
667,0.02952124,19.720238
668,0.02952124,19.74976
669,0.02952124,19.779282
670,0.02952124,19.808804
671,0.02952124,19.838326
672,0.02952124,19.867847
673,0.02952124,19.89737
674,0.02952124,19.926891
675,0.02952124,19.956413
676,0.02952124,19.985935
677,0.02952124,20.015457
678,0.02952124,20.04498
679,0.02952124,20.074501
680,0.02952124,20.104023
681,0.02952124,20.133545
682,0.02952124,20.163067
683,0.02952124,20.192589
684,0.02952124,20.22211
685,0.02952124,20.251633
686,0.02952124,20.281155
687,0.02952124,20.310677
688,0.02952124,20.340199
689,0.02952124,20.36972
690,0.02952124,20.399242
691,0.02952124,20.428764
692,0.02952124,20.458286
693,0.02952124,20.487808
694,0.02952124,20.51733
695,0.02952124,20.546852
696,0.02952124,20.576374
697,0.02952124,20.605896
698,0.02952124,20.635418
699,0.02952124,20.66494
700,0.02952124,20.694462
701,0.02952124,20.723984
702,0.02952124,20.753506
703,0.02952124,20.783028
704,0.02952124,20.81255
705,0.02952124,20.842072
706,0.02952124,20.871593
707,0.02952124,20.901115
708,0.02952124,20.930637
709,0.02952124,20.96016
710,0.02952124,20.989681
711,0.02952124,21.019203
712,0.02952124,21.048725
713,0.02952124,21.078247
714,0.02952124,21.107769
715,0.02952124,21.137291
716,0.02952124,21.166813
717,0.02952124,21.196335
718,0.02952124,21.225857
719,0.02952124,21.255379
720,0.02952124,21.2849
721,0.02952124,21.314423
722,0.02952124,21.343945
723,0.02952124,21.373466
724,0.02952124,21.402988
725,0.02952124,21.43251
726,0.02952124,21.462032
727,0.02952124,21.491554
728,0.02952124,21.521076
729,0.02952124,21.550598
730,0.02952124,21.58012
731,0.02952124,21.609642
732,0.02952124,21.639164
733,0.02952124,21.668686
734,0.02952124,21.698208
735,0.02952124,21.72773
736,0.02952124,21.757252
737,0.02952124,21.786774
738,0.02952124,21.816296
739,0.02952124,21.845818
740,0.02952124,21.87534
741,0.02952124,21.904861
742,0.02952124,21.934383
743,0.02952124,21.963905
744,0.02952124,21.993427
745,0.02952124,22.02295
746,0.02952124,22.052471
747,0.02952124,22.081993
748,0.02952124,22.111515
749,0.02952124,22.141037
750,0.02952124,22.170559
751,0.02952124,22.20008
752,0.02952124,22.229603
753,0.02952124,22.259125
754,0.02952124,22.288647
755,0.02952124,22.318169
756,0.02952124,22.34769
757,0.02952124,22.377213
758,0.02952124,22.406734
759,0.02952124,22.436256
760,0.02952124,22.465778
761,0.02952124,22.4953
762,0.02952124,22.524822
763,0.02952124,22.554344
764,0.02952124,22.583866
765,0.02952124,22.613388
766,0.02952124,22.64291
767,0.02952124,22.672432
768,0.02952124,22.701954
769,0.02952124,22.731476
770,0.02952124,22.760998
771,0.02952124,22.79052
772,0.02952124,22.820042
773,0.02952124,22.849564
774,0.02952124,22.879086
775,0.02952124,22.908607
776,0.02952124,22.93813
777,0.02952124,22.967651
778,0.02952124,22.997173
779,0.02952124,23.026695
780,0.02952124,23.056217
781,0.02952124,23.08574
782,0.02952124,23.115261
783,0.02952124,23.144783
784,0.02952124,23.174305
785,0.02952124,23.203827
786,0.02952124,23.233349
787,0.02952124,23.26287
788,0.02952124,23.292393
789,0.02952124,23.321915
790,0.02952124,23.351437
791,0.02952124,23.380959
792,0.02952124,23.41048
793,0.02952124,23.440002
794,0.02952124,23.469524
795,0.02952124,23.499046
796,0.02952124,23.528568
797,0.02952124,23.55809
798,0.02952124,23.587612
799,0.02952124,23.617134
800,0.02952124,23.646656
801,0.02952124,23.676178
802,0.02952124,23.7057
803,0.02952124,23.735222
804,0.02952124,23.764744
805,0.02952124,23.794266
806,0.02952124,23.823788
807,0.02952124,23.85331
808,0.02952124,23.882832
809,0.02952124,23.912354
810,0.02952124,23.941875
811,0.02952124,23.971397
812,0.02952124,24.00092
813,0.02952124,24.030441
814,0.02952124,24.059963
815,0.02952124,24.089485
816,0.02952124,24.119007
817,0.02952124,24.14853
818,0.02952124,24.178051
819,0.02952124,24.207573
820,0.02952124,24.237095
821,0.02952124,24.266617
822,0.02952124,24.296139
823,0.02952124,24.32566
824,0.02952124,24.355183
825,0.02952124,24.384705
826,0.02952124,24.414227
827,0.02952124,24.443748
828,0.02952124,24.47327
829,0.02952124,24.502792
830,0.02952124,24.532314
831,0.02952124,24.561836
832,0.02952124,24.591358
833,0.02952124,24.62088
834,0.02952124,24.650402
835,0.02952124,24.679924
836,0.02952124,24.709446
837,0.02952124,24.738968
838,0.02952124,24.76849
839,0.02952124,24.798012
840,0.02952124,24.827534
841,0.02952124,24.857056
842,0.02952124,24.886578
843,0.02952124,24.9161
844,0.02952124,24.945621
845,0.02952124,24.975143
846,0.02952124,25.004665
847,0.02952124,25.034187
848,0.02952124,25.06371
849,0.02952124,25.093231
850,0.02952124,25.122753
851,0.02952124,25.152275
852,0.02952124,25.181797
853,0.02952124,25.211319
854,0.02952124,25.24084
855,0.02952124,25.270363
856,0.02952124,25.299885
857,0.02952124,25.329407
858,0.02952124,25.358929
859,0.02952124,25.38845
860,0.02952124,25.417973
861,0.02952124,25.447495
862,0.02952124,25.477016
863,0.02952124,25.506538
864,0.02952124,25.53606
865,0.02952124,25.565582
866,0.02952124,25.595104
867,0.02952124,25.624626
868,0.02952124,25.654148
869,0.02952124,25.68367
870,0.02952124,25.713192
871,0.02952124,25.742714
872,0.02952124,25.772236
873,0.02952124,25.801758
874,0.02952124,25.83128
875,0.02952124,25.860802
876,0.02952124,25.890324
877,0.02952124,25.919846
878,0.02952124,25.949368
879,0.02952124,25.97889
880,0.02952124,26.008411
881,0.02952124,26.037933
882,0.02952124,26.067455
883,0.02952124,26.096977
884,0.02952124,26.1265
885,0.02952124,26.156021
886,0.02952124,26.185543
887,0.02952124,26.215065
888,0.02952124,26.244587
889,0.02952124,26.274109
890,0.02952124,26.30363
891,0.02952124,26.333153
892,0.02952124,26.362675
893,0.02952124,26.392197
894,0.02952124,26.421719
895,0.02952124,26.45124
896,0.02952124,26.480762
897,0.02952124,26.510284
898,0.02952124,26.539806
899,0.02952124,26.569328
900,0.02952124,26.59885
901,0.02952124,26.628372
902,0.02952124,26.657894
903,0.02952124,26.687416
904,0.02952124,26.716938
905,0.02952124,26.74646
906,0.02952124,26.775982
907,0.02952124,26.805504
908,0.02952124,26.835026
909,0.02952124,26.864548
910,0.02952124,26.89407
911,0.02952124,26.923592
912,0.02952124,26.953114
913,0.02952124,26.982635
914,0.02952124,27.012157
915,0.02952124,27.04168
916,0.02952124,27.071201
917,0.02952124,27.100723
918,0.02952124,27.130245
919,0.02952124,27.159767
920,0.02952124,27.18929
921,0.02952124,27.218811
922,0.02952124,27.248333
923,0.02952124,27.277855
924,0.02952124,27.307377
925,0.02952124,27.336899
926,0.02952124,27.36642
927,0.02952124,27.395943
928,0.02952124,27.425465
929,0.02952124,27.454987
930,0.02952124,27.484509
931,0.02952124,27.51403
932,0.02952124,27.543552
933,0.02952124,27.573074
934,0.02952124,27.602596
935,0.02952124,27.632118
936,0.02952124,27.66164
937,0.02952124,27.691162
938,0.02952124,27.720684
939,0.02952124,27.750206
940,0.02952124,27.779728
941,0.02952124,27.80925
942,0.02952124,27.838772
943,0.02952124,27.868294
944,0.02952124,27.897816
945,0.02952124,27.927338
946,0.02952124,27.95686
947,0.02952124,27.986382
948,0.02952124,28.015903
949,0.02952124,28.045425
950,0.02952124,28.074947
951,0.02952124,28.10447
952,0.02952124,28.133991
953,0.02952124,28.163513
954,0.02952124,28.193035
955,0.02952124,28.222557
956,0.02952124,28.252079
957,0.02952124,28.2816
958,0.02952124,28.311123
959,0.02952124,28.340645
960,0.02952124,28.370167
961,0.02952124,28.399689
962,0.02952124,28.42921
963,0.02952124,28.458733
964,0.02952124,28.488255
965,0.02952124,28.517776
966,0.02952124,28.547298
967,0.02952124,28.57682
968,0.02952124,28.606342
969,0.02952124,28.635864
970,0.02952124,28.665386
971,0.02952124,28.694908
972,0.02952124,28.72443
973,0.02952124,28.753952
974,0.02952124,28.783474
975,0.02952124,28.812996
976,0.02952124,28.842518
977,0.02952124,28.87204
978,0.02952124,28.901562
979,0.02952124,28.931084
980,0.02952124,28.960606
981,0.02952124,28.990128
982,0.02952124,29.01965
983,0.02952124,29.049171
984,0.02952124,29.078693
985,0.02952124,29.108215
986,0.02952124,29.137737
987,0.02952124,29.16726
988,0.02952124,29.196781
989,0.02952124,29.226303
990,0.02952124,29.255825
991,0.02952124,29.285347
992,0.02952124,29.314869
993,0.02952124,29.34439
994,0.02952124,29.373913
995,0.02952124,29.403435
996,0.02952124,29.432957
997,0.02952124,29.462479
998,0.02952124,29.492
999,0.02952124,29.521523
1000,0.02952124,29.551044
1001,0.02952124,29.580566
1002,0.02952124,29.610088
1003,0.02952124,29.63961
1004,0.02952124,29.669132
1005,0.02952124,29.698654
1006,0.02952124,29.728176
1007,0.02952124,29.757698
1008,0.02952124,29.78722
1009,0.02952124,29.816742
1010,0.02952124,29.846264
1011,0.02952124,29.875786
1012,0.02952124,29.905308
1013,0.02952124,29.93483
1014,0.02952124,29.964352
1015,0.02952124,29.993874
1016,0.02952124,30.023396
1017,0.02952124,30.052917
1018,0.02952124,30.08244
1019,0.02952124,30.111961
1020,0.02952124,30.141483
1021,0.02952124,30.171005
1022,0.02952124,30.200527
1023,0.02952124,30.23005
1024,0.02952124,30.259571
1025,0.02952124,30.289093
1026,0.02952124,30.318615
1027,0.02952124,30.348137
1028,0.02952124,30.377659
1029,0.02952124,30.40718
1030,0.02952124,30.436703
1031,0.02952124,30.466225
1032,0.02952124,30.495747
1033,0.02952124,30.525269
1034,0.02952124,30.55479
1035,0.02952124,30.584312
1036,0.02952124,30.613834
1037,0.02952124,30.643356
1038,0.02952124,30.672878
1039,0.02952124,30.7024
1040,0.02952124,30.731922
1041,0.02952124,30.761444
1042,0.02952124,30.790966
1043,0.02952124,30.820488
1044,0.02952124,30.85001
1045,0.02952124,30.879532
1046,0.02952124,30.909054
1047,0.02952124,30.938576
1048,0.02952124,30.968098
1049,0.02952124,30.99762
1050,0.02952124,31.027142
1051,0.02952124,31.056664
1052,0.02952124,31.086185
1053,0.02952124,31.115707
1054,0.02952124,31.14523
1055,0.02952124,31.174751
1056,0.02952124,31.204273
1057,0.02952124,31.233795
1058,0.02952124,31.263317
1059,0.02952124,31.29284
1060,0.02952124,31.322361
1061,0.02952124,31.351883
1062,0.02952124,31.381405
1063,0.02952124,31.410927
1064,0.02952124,31.440449
1065,0.02952124,31.46997
1066,0.02952124,31.499493
1067,0.02952124,31.529015
1068,0.02952124,31.558537
1069,0.02952124,31.588058
1070,0.02952124,31.61758
1071,0.02952124,31.647102
1072,0.02952124,31.676624
1073,0.02952124,31.706146
1074,0.02952124,31.735668
1075,0.02952124,31.76519
1076,0.02952124,31.794712
1077,0.02952124,31.824234
1078,0.02952124,31.853756
1079,0.02952124,31.883278
1080,0.02952124,31.9128
1081,0.02952124,31.942322
1082,0.02952124,31.971844
1083,0.02952124,32.001366
1084,0.02952124,32.030888
1085,0.02952124,32.06041
1086,0.02952124,32.08993
1087,0.02952124,32.119453
1088,0.02952124,32.148975
1089,0.02952124,32.178497
1090,0.02952124,32.20802
1091,0.02952124,32.23754
1092,0.02952124,32.267063
1093,0.02952124,32.296585
1094,0.02952124,32.326107
1095,0.02952124,32.35563
1096,0.02952124,32.38515
1097,0.02952124,32.414673
1098,0.02952124,32.444195
1099,0.02952124,32.473717
1100,0.02952124,32.50324
1101,0.02952124,32.53276
1102,0.02952124,32.562283
1103,0.02952124,32.591805
1104,0.02952124,32.621326
1105,0.02952124,32.65085
1106,0.02952124,32.68037
1107,0.02952124,32.709892
1108,0.02952124,32.739414
1109,0.02952124,32.768936
1110,0.02952124,32.79846
1111,0.02952124,32.82798
1112,0.02952124,32.857502
1113,0.02952124,32.887024
1114,0.02952124,32.916546
1115,0.02952124,32.946068
1116,0.02952124,32.97559
1117,0.02952124,33.00511
1118,0.02952124,33.034634
1119,0.02952124,33.064156
1120,0.02952124,33.093678
1121,0.02952124,33.1232
1122,0.02952124,33.15272
1123,0.02952124,33.182243
1124,0.02952124,33.211765
1125,0.02952124,33.241287
1126,0.02952124,33.27081
1127,0.02952124,33.30033
1128,0.02952124,33.329853
1129,0.02952124,33.359375
1130,0.02952124,33.388897
1131,0.02952124,33.41842
1132,0.02952124,33.44794
1133,0.02952124,33.477463
1134,0.02952124,33.506985
1135,0.02952124,33.536507
1136,0.02952124,33.56603
1137,0.02952124,33.59555
1138,0.02952124,33.625072
1139,0.02952124,33.654594
1140,0.02952124,33.684116
1141,0.02952124,33.71364
1142,0.02952124,33.74316
1143,0.02952124,33.772682
1144,0.02952124,33.802204
1145,0.02952124,33.831726
1146,0.02952124,33.861248
1147,0.02952124,33.89077
1148,0.02952124,33.92029
1149,0.02952124,33.949814
1150,0.02952124,33.979336
1151,0.02952124,34.008858
1152,0.02952124,34.03838
1153,0.02952124,34.0679
1154,0.02952124,34.097424
1155,0.02952124,34.126945
1156,0.02952124,34.156467
1157,0.02952124,34.18599
1158,0.02952124,34.21551
1159,0.02952124,34.245033
1160,0.02952124,34.274555
1161,0.02952124,34.304077
1162,0.02952124,34.3336
1163,0.02952124,34.36312
1164,0.02952124,34.392643
1165,0.02952124,34.422165
1166,0.02952124,34.451687
1167,0.02952124,34.48121
1168,0.02952124,34.51073
1169,0.02952124,34.540253
1170,0.02952124,34.569775
1171,0.02952124,34.599297
1172,0.02952124,34.62882
1173,0.02952124,34.65834
1174,0.02952124,34.687862
1175,0.02952124,34.717384
1176,0.02952124,34.746906
1177,0.02952124,34.77643
1178,0.02952124,34.80595
1179,0.02952124,34.835472
1180,0.02952124,34.864994
1181,0.02952124,34.894516
1182,0.02952124,34.924038
1183,0.02952124,34.95356
1184,0.02952124,34.98308
1185,0.02952124,35.012604
1186,0.02952124,35.042126
1187,0.02952124,35.071648
1188,0.02952124,35.10117
1189,0.02952124,35.13069
1190,0.02952124,35.160213
1191,0.02952124,35.189735
1192,0.02952124,35.219257
1193,0.02952124,35.24878
1194,0.02952124,35.2783
1195,0.02952124,35.307823
1196,0.02952124,35.337345
1197,0.02952124,35.366867
1198,0.02952124,35.39639
1199,0.02952124,35.42591
1200,0.02952124,35.455433
1201,0.02952124,35.484955
1202,0.02952124,35.514477
1203,0.02952124,35.544
1204,0.02952124,35.57352
1205,0.02952124,35.603043
1206,0.02952124,35.632565
1207,0.02952124,35.662086
1208,0.02952124,35.69161
1209,0.02952124,35.72113
1210,0.02952124,35.750652
1211,0.02952124,35.780174
1212,0.02952124,35.809696
1213,0.02952124,35.83922
1214,0.02952124,35.86874
1215,0.02952124,35.898262
1216,0.02952124,35.927784
1217,0.02952124,35.957306
1218,0.02952124,35.986828
1219,0.02952124,36.01635
1220,0.02952124,36.04587
1221,0.02952124,36.075394
1222,0.02952124,36.104916
1223,0.02952124,36.134438
1224,0.02952124,36.16396
1225,0.02952124,36.19348
1226,0.02952124,36.223003
1227,0.02952124,36.252525
1228,0.02952124,36.282047
1229,0.02952124,36.31157
1230,0.02952124,36.34109
1231,0.02952124,36.370613
1232,0.02952124,36.400135
1233,0.02952124,36.429657
1234,0.02952124,36.45918
1235,0.02952124,36.4887
1236,0.02952124,36.518223
1237,0.02952124,36.547745
1238,0.02952124,36.577267
1239,0.02952124,36.60679
1240,0.02952124,36.63631
1241,0.02952124,36.665833
1242,0.02952124,36.695354
1243,0.02952124,36.724876
1244,0.02952124,36.7544
1245,0.02952124,36.78392
1246,0.02952124,36.813442
1247,0.02952124,36.842964
1248,0.02952124,36.872486
1249,0.02952124,36.902008
1250,0.02952124,36.93153
1251,0.02952124,36.961052
1252,0.02952124,36.990574
1253,0.02952124,37.020096
1254,0.02952124,37.049618
1255,0.02952124,37.07914
1256,0.02952124,37.10866
1257,0.02952124,37.138184
1258,0.02952124,37.167706
1259,0.02952124,37.197227
1260,0.02952124,37.22675
1261,0.02952124,37.25627
1262,0.02952124,37.285793
1263,0.02952124,37.315315
1264,0.02952124,37.344837
1265,0.02952124,37.37436
1266,0.02952124,37.40388
1267,0.02952124,37.433403
1268,0.02952124,37.462925
1269,0.02952124,37.492447
1270,0.02952124,37.52197
1271,0.02952124,37.55149
1272,0.02952124,37.581013
1273,0.02952124,37.610535
1274,0.02952124,37.640057
1275,0.02952124,37.66958
1276,0.02952124,37.6991
1277,0.02952124,37.728622
1278,0.02952124,37.758144
1279,0.02952124,37.787666
1280,0.02952124,37.81719
1281,0.02952124,37.84671
1282,0.02952124,37.876232
1283,0.02952124,37.905754
1284,0.02952124,37.935276
1285,0.02952124,37.964798
1286,0.02952124,37.99432
1287,0.02952124,38.02384
1288,0.02952124,38.053364
1289,0.02952124,38.082886
1290,0.02952124,38.112408
1291,0.02952124,38.14193
1292,0.02952124,38.17145
1293,0.02952124,38.200974
1294,0.02952124,38.230495
1295,0.02952124,38.260017
1296,0.02952124,38.28954
1297,0.02952124,38.31906
1298,0.02952124,38.348583
1299,0.02952124,38.378105
1300,0.02952124,38.407627
1301,0.02952124,38.43715
1302,0.02952124,38.46667
1303,0.02952124,38.496193
1304,0.02952124,38.525715
1305,0.02952124,38.555237
1306,0.02952124,38.58476
1307,0.02952124,38.61428
1308,0.02952124,38.643803
1309,0.02952124,38.673325
1310,0.02952124,38.702847
1311,0.02952124,38.73237
1312,0.02952124,38.76189
1313,0.02952124,38.791412
1314,0.02952124,38.820934
1315,0.02952124,38.850456
1316,0.02952124,38.87998
1317,0.02952124,38.9095
1318,0.02952124,38.939022
1319,0.02952124,38.968544
1320,0.02952124,38.998066
1321,0.02952124,39.027588
1322,0.02952124,39.05711
1323,0.02952124,39.08663
1324,0.02952124,39.116154
1325,0.02952124,39.145676
1326,0.02952124,39.175198
1327,0.02952124,39.20472
1328,0.02952124,39.23424
1329,0.02952124,39.263763
1330,0.02952124,39.293285
1331,0.02952124,39.322807
1332,0.02952124,39.35233
1333,0.02952124,39.38185
1334,0.02952124,39.411373
1335,0.02952124,39.440895
1336,0.02952124,39.470417
1337,0.02952124,39.49994
1338,0.02952124,39.52946
1339,0.02952124,39.558983
1340,0.02952124,39.588505
1341,0.02952124,39.618027
1342,0.02952124,39.64755
1343,0.02952124,39.67707
1344,0.02952124,39.706593
1345,0.02952124,39.736115
1346,0.02952124,39.765636
1347,0.02952124,39.79516
1348,0.02952124,39.82468
1349,0.02952124,39.854202
1350,0.02952124,39.883724
1351,0.02952124,39.913246
1352,0.02952124,39.94277
1353,0.02952124,39.97229
1354,0.02952124,40.001812
1355,0.02952124,40.031334
1356,0.02952124,40.060856
1357,0.02952124,40.090378
1358,0.02952124,40.1199
1359,0.02952124,40.14942
1360,0.02952124,40.178944
1361,0.02952124,40.208466
1362,0.02952124,40.237988
1363,0.02952124,40.26751
1364,0.02952124,40.29703
1365,0.02952124,40.326553
1366,0.02952124,40.356075
1367,0.02952124,40.385597
1368,0.02952124,40.41512
1369,0.02952124,40.44464
1370,0.02952124,40.474163
1371,0.02952124,40.503685
1372,0.02952124,40.533207
1373,0.02952124,40.56273
1374,0.02952124,40.59225
1375,0.02952124,40.621773
1376,0.02952124,40.651295
1377,0.02952124,40.680817
1378,0.02952124,40.71034
1379,0.02952124,40.73986
1380,0.02952124,40.769382
1381,0.02952124,40.798904
1382,0.02952124,40.828426
1383,0.02952124,40.85795
1384,0.02952124,40.88747
1385,0.02952124,40.916992
1386,0.02952124,40.946514
1387,0.02952124,40.976036
1388,0.02952124,41.005558
1389,0.02952124,41.03508
1390,0.02952124,41.0646
1391,0.02952124,41.094124
1392,0.02952124,41.123646
1393,0.02952124,41.153168
1394,0.02952124,41.18269
1395,0.02952124,41.21221
1396,0.02952124,41.241734
1397,0.02952124,41.271255
1398,0.02952124,41.300777
1399,0.02952124,41.3303
1400,0.02952124,41.35982
1401,0.02952124,41.389343
1402,0.02952124,41.418865
1403,0.02952124,41.448387
1404,0.02952124,41.47791
1405,0.02952124,41.50743
1406,0.02952124,41.536953
1407,0.02952124,41.566475
1408,0.02952124,41.595997
1409,0.02952124,41.62552
1410,0.02952124,41.65504
1411,0.02952124,41.684563
1412,0.02952124,41.714085
1413,0.02952124,41.743607
1414,0.02952124,41.77313
1415,0.02952124,41.80265
1416,0.02952124,41.832172
1417,0.02952124,41.861694
1418,0.02952124,41.891216
1419,0.02952124,41.92074
1420,0.02952124,41.95026
1421,0.02952124,41.979782
1422,0.02952124,42.009304
1423,0.02952124,42.038826
1424,0.02952124,42.068348
1425,0.02952124,42.09787
1426,0.02952124,42.12739
1427,0.02952124,42.156914
1428,0.02952124,42.186436
1429,0.02952124,42.215958
1430,0.02952124,42.24548
1431,0.02952124,42.275
1432,0.02952124,42.304523
1433,0.02952124,42.334045
1434,0.02952124,42.363567
1435,0.02952124,42.39309
1436,0.02952124,42.42261
1437,0.02952124,42.452133
1438,0.02952124,42.481655
1439,0.02952124,42.511177
1440,0.02952124,42.5407
1441,0.02952124,42.57022
1442,0.02952124,42.599743
1443,0.02952124,42.629265
1444,0.02952124,42.658787
1445,0.02952124,42.68831
1446,0.02952124,42.71783
1447,0.02952124,42.747353
1448,0.02952124,42.776875
1449,0.02952124,42.806396
1450,0.02952124,42.83592
1451,0.02952124,42.86544
1452,0.02952124,42.894962
1453,0.02952124,42.924484
1454,0.02952124,42.954006
1455,0.02952124,42.98353
1456,0.02952124,43.01305
1457,0.02952124,43.042572
1458,0.02952124,43.072094
1459,0.02952124,43.101616
1460,0.02952124,43.131138
1461,0.02952124,43.16066
1462,0.02952124,43.19018
1463,0.02952124,43.219704
1464,0.02952124,43.249226
1465,0.02952124,43.278748
1466,0.02952124,43.30827
1467,0.02952124,43.33779
1468,0.02952124,43.367313
1469,0.02952124,43.396835
1470,0.02952124,43.426357
1471,0.02952124,43.45588
1472,0.02952124,43.4854
1473,0.02952124,43.514923
1474,0.02952124,43.544445
1475,0.02952124,43.573967
1476,0.02952124,43.60349
1477,0.02952124,43.63301
1478,0.02952124,43.662533
1479,0.02952124,43.692055
1480,0.02952124,43.721577
1481,0.02952124,43.7511
1482,0.02952124,43.78062
1483,0.02952124,43.810143
1484,0.02952124,43.839664
1485,0.02952124,43.869186
1486,0.02952124,43.89871
1487,0.02952124,43.92823
1488,0.02952124,43.957752
1489,0.02952124,43.987274
1490,0.02952124,44.016796
1491,0.02952124,44.046318
1492,0.02952124,44.07584
1493,0.02952124,44.105362
1494,0.02952124,44.134884
1495,0.02952124,44.164406
1496,0.02952124,44.193928
1497,0.02952124,44.22345
1498,0.02952124,44.25297
1499,0.02952124,44.282494
1500,0.02952124,44.312016
1501,0.02952124,44.341537
1502,0.02952124,44.37106
1503,0.02952124,44.40058
1504,0.02952124,44.430103
1505,0.02952124,44.459625
1506,0.02952124,44.489147
1507,0.02952124,44.51867
1508,0.02952124,44.54819
1509,0.02952124,44.577713
1510,0.02952124,44.607235
1511,0.02952124,44.636757
1512,0.02952124,44.66628
1513,0.02952124,44.6958
1514,0.02952124,44.725323
1515,0.02952124,44.754845
1516,0.02952124,44.784367
1517,0.02952124,44.81389
1518,0.02952124,44.84341
1519,0.02952124,44.872932
1520,0.02952124,44.902454
1521,0.02952124,44.931976
1522,0.02952124,44.9615
1523,0.02952124,44.99102
1524,0.02952124,45.020542
1525,0.02952124,45.050064
1526,0.02952124,45.079586
1527,0.02952124,45.109108
1528,0.02952124,45.13863
1529,0.02952124,45.16815
1530,0.02952124,45.197674
1531,0.02952124,45.227196
1532,0.02952124,45.256718
1533,0.02952124,45.28624
1534,0.02952124,45.31576
1535,0.02952124,45.345284
1536,0.02952124,45.374805
1537,0.02952124,45.404327
1538,0.02952124,45.43385
1539,0.02952124,45.46337
1540,0.02952124,45.492893
1541,0.02952124,45.522415
1542,0.02952124,45.551937
1543,0.02952124,45.58146
1544,0.02952124,45.61098
1545,0.02952124,45.640503
1546,0.02952124,45.670025
1547,0.02952124,45.699547
1548,0.02952124,45.72907
1549,0.02952124,45.75859
1550,0.02952124,45.788113
1551,0.02952124,45.817635
1552,0.02952124,45.847157
1553,0.02952124,45.87668
1554,0.02952124,45.9062
1555,0.02952124,45.935722
1556,0.02952124,45.965244
1557,0.02952124,45.994766
1558,0.02952124,46.02429
1559,0.02952124,46.05381
1560,0.02952124,46.083332
1561,0.02952124,46.112854
1562,0.02952124,46.142376
1563,0.02952124,46.171898
1564,0.02952124,46.20142
1565,0.02952124,46.23094
1566,0.02952124,46.260464
1567,0.02952124,46.289986
1568,0.02952124,46.319508
1569,0.02952124,46.34903
1570,0.02952124,46.37855
1571,0.02952124,46.408073
1572,0.02952124,46.437595
1573,0.02952124,46.467117
1574,0.02952124,46.49664
1575,0.02952124,46.52616
1576,0.02952124,46.555683
1577,0.02952124,46.585205
1578,0.02952124,46.614727
1579,0.02952124,46.64425
1580,0.02952124,46.67377
1581,0.02952124,46.703293
1582,0.02952124,46.732815
1583,0.02952124,46.762337
1584,0.02952124,46.79186
1585,0.02952124,46.82138
1586,0.02952124,46.850903
1587,0.02952124,46.880424
1588,0.02952124,46.909946
1589,0.02952124,46.93947
1590,0.02952124,46.96899
1591,0.02952124,46.998512
1592,0.02952124,47.028034
1593,0.02952124,47.057556
1594,0.02952124,47.08708
1595,0.02952124,47.1166
1596,0.02952124,47.146122
1597,0.02952124,47.175644
1598,0.02952124,47.205166
1599,0.02952124,47.234688
1600,0.02952124,47.26421
1601,0.02952124,47.29373
1602,0.02952124,47.323254
1603,0.02952124,47.352776
1604,0.02952124,47.382298
1605,0.02952124,47.41182
1606,0.02952124,47.44134
1607,0.02952124,47.470863
1608,0.02952124,47.500385
1609,0.02952124,47.529907
1610,0.02952124,47.55943
1611,0.02952124,47.58895
1612,0.02952124,47.618473
1613,0.02952124,47.647995
1614,0.02952124,47.677517
1615,0.02952124,47.70704
1616,0.02952124,47.73656
1617,0.02952124,47.766083
1618,0.02952124,47.795605
1619,0.02952124,47.825127
1620,0.02952124,47.85465
1621,0.02952124,47.88417
1622,0.02952124,47.913692
1623,0.02952124,47.943214
1624,0.02952124,47.972736
1625,0.02952124,48.00226
1626,0.02952124,48.03178
1627,0.02952124,48.061302
1628,0.02952124,48.090824
1629,0.02952124,48.120346
1630,0.02952124,48.149868
1631,0.02952124,48.17939
1632,0.02952124,48.20891
1633,0.02952124,48.238434
1634,0.02952124,48.267956
1635,0.02952124,48.297478
1636,0.02952124,48.327
1637,0.02952124,48.35652
1638,0.02952124,48.386044
1639,0.02952124,48.415565
1640,0.02952124,48.445087
1641,0.02952124,48.47461
1642,0.02952124,48.50413
1643,0.02952124,48.533653
1644,0.02952124,48.563175
1645,0.02952124,48.592697
1646,0.02952124,48.62222
1647,0.02952124,48.65174
1648,0.02952124,48.681263
1649,0.02952124,48.710785
1650,0.02952124,48.740307
1651,0.02952124,48.76983
1652,0.02952124,48.79935
1653,0.02952124,48.828873
1654,0.02952124,48.858395
1655,0.02952124,48.887917
1656,0.02952124,48.91744
1657,0.02952124,48.94696
1658,0.02952124,48.976482
1659,0.02952124,49.006004
1660,0.02952124,49.035526
1661,0.02952124,49.06505
1662,0.02952124,49.09457
1663,0.02952124,49.124092
1664,0.02952124,49.153614
1665,0.02952124,49.183136
1666,0.02952124,49.212658
1667,0.02952124,49.24218
1668,0.02952124,49.2717
1669,0.02952124,49.301224
1670,0.02952124,49.330746
1671,0.02952124,49.360268
1672,0.02952124,49.38979
1673,0.02952124,49.41931
1674,0.02952124,49.448833
1675,0.02952124,49.478355
1676,0.02952124,49.507877
1677,0.02952124,49.5374
1678,0.02952124,49.56692
1679,0.02952124,49.596443
1680,0.02952124,49.625965
1681,0.02952124,49.655487
1682,0.02952124,49.68501
1683,0.02952124,49.71453
1684,0.02952124,49.744053
1685,0.02952124,49.773575
1686,0.02952124,49.803097
1687,0.02952124,49.83262
1688,0.02952124,49.86214
1689,0.02952124,49.891663
1690,0.02952124,49.921185
1691,0.02952124,49.950706
1692,0.02952124,49.98023
1693,0.02952124,50.00975
1694,0.02952124,50.039272
1695,0.02952124,50.068794
1696,0.02952124,50.098316
1697,0.02952124,50.12784
1698,0.02952124,50.15736
1699,0.02952124,50.186882
1700,0.02952124,50.216404
1701,0.02952124,50.245926
1702,0.02952124,50.275448
1703,0.02952124,50.30497
1704,0.02952124,50.33449
1705,0.02952124,50.364014
1706,0.02952124,50.393536
1707,0.02952124,50.423058
1708,0.02952124,50.45258
1709,0.02952124,50.4821
1710,0.02952124,50.511623
1711,0.02952124,50.541145
1712,0.02952124,50.570667
1713,0.02952124,50.60019
1714,0.02952124,50.62971
1715,0.02952124,50.659233
1716,0.02952124,50.688755
1717,0.02952124,50.718277
1718,0.02952124,50.7478
1719,0.02952124,50.77732
1720,0.02952124,50.806843
1721,0.02952124,50.836365
1722,0.02952124,50.865887
1723,0.02952124,50.89541
1724,0.02952124,50.92493
1725,0.02952124,50.954453
1726,0.02952124,50.983974
1727,0.02952124,51.013496
1728,0.02952124,51.04302
1729,0.02952124,51.07254
1730,0.02952124,51.102062
1731,0.02952124,51.131584
1732,0.02952124,51.161106
1733,0.02952124,51.190628
1734,0.02952124,51.22015
1735,0.02952124,51.249672
1736,0.02952124,51.279194
1737,0.02952124,51.308716
1738,0.02952124,51.338238
1739,0.02952124,51.36776
1740,0.02952124,51.39728
1741,0.02952124,51.426804
1742,0.02952124,51.456326
1743,0.02952124,51.485847
1744,0.02952124,51.51537
1745,0.02952124,51.54489
1746,0.02952124,51.574413
1747,0.02952124,51.603935
1748,0.02952124,51.633457
1749,0.02952124,51.66298
1750,0.02952124,51.6925
1751,0.02952124,51.722023
1752,0.02952124,51.751545
1753,0.02952124,51.781067
1754,0.02952124,51.81059
1755,0.02952124,51.84011
1756,0.02952124,51.869633
1757,0.02952124,51.899155
1758,0.02952124,51.928677
1759,0.02952124,51.9582
1760,0.02952124,51.98772
1761,0.02952124,52.017242
1762,0.02952124,52.046764
1763,0.02952124,52.076286
1764,0.02952124,52.10581
1765,0.02952124,52.13533
1766,0.02952124,52.164852
1767,0.02952124,52.194374
1768,0.02952124,52.223896
1769,0.02952124,52.253418
1770,0.02952124,52.28294
1771,0.02952124,52.31246
1772,0.02952124,52.341984
1773,0.02952124,52.371506
1774,0.02952124,52.401028
1775,0.02952124,52.43055
1776,0.02952124,52.46007
1777,0.02952124,52.489594
1778,0.02952124,52.519115
1779,0.02952124,52.548637
1780,0.02952124,52.57816
1781,0.02952124,52.60768
1782,0.02952124,52.637203
1783,0.02952124,52.666725
1784,0.02952124,52.696247
1785,0.02952124,52.72577
1786,0.02952124,52.75529
1787,0.02952124,52.784813
1788,0.02952124,52.814335
1789,0.02952124,52.843857
1790,0.02952124,52.87338
1791,0.02952124,52.9029
1792,0.02952124,52.932423
1793,0.02952124,52.961945
1794,0.02952124,52.991467
1795,0.02952124,53.02099
1796,0.02952124,53.05051
1797,0.02952124,53.080032
1798,0.02952124,53.109554
1799,0.02952124,53.139076
1800,0.02952124,53.1686
1801,0.02952124,53.19812
1802,0.02952124,53.227642
1803,0.02952124,53.257164
1804,0.02952124,53.286686
1805,0.02952124,53.316208
1806,0.02952124,53.34573
1807,0.02952124,53.37525
1808,0.02952124,53.404774
1809,0.02952124,53.434296
1810,0.02952124,53.463818
1811,0.02952124,53.49334
1812,0.02952124,53.52286
1813,0.02952124,53.552383
1814,0.02952124,53.581905
1815,0.02952124,53.611427
1816,0.02952124,53.64095
1817,0.02952124,53.67047
1818,0.02952124,53.699993
1819,0.02952124,53.729515
1820,0.02952124,53.759037
1821,0.02952124,53.78856
1822,0.02952124,53.81808
1823,0.02952124,53.847603
1824,0.02952124,53.877125
1825,0.02952124,53.906647
1826,0.02952124,53.93617
1827,0.02952124,53.96569
1828,0.02952124,53.995213
1829,0.02952124,54.024734
1830,0.02952124,54.054256
1831,0.02952124,54.08378
1832,0.02952124,54.1133
1833,0.02952124,54.142822
1834,0.02952124,54.172344
1835,0.02952124,54.201866
1836,0.02952124,54.231388
1837,0.02952124,54.26091
1838,0.02952124,54.290432
1839,0.02952124,54.319954
1840,0.02952124,54.349476
1841,0.02952124,54.378998
1842,0.02952124,54.40852
1843,0.02952124,54.43804
1844,0.02952124,54.467564
1845,0.02952124,54.497086
1846,0.02952124,54.526608
1847,0.02952124,54.55613
1848,0.02952124,54.58565
1849,0.02952124,54.615173
1850,0.02952124,54.644695
1851,0.02952124,54.674217
1852,0.02952124,54.70374
1853,0.02952124,54.73326
1854,0.02952124,54.762783
1855,0.02952124,54.792305
1856,0.02952124,54.821827
1857,0.02952124,54.85135
1858,0.02952124,54.88087
1859,0.02952124,54.910393
1860,0.02952124,54.939915
1861,0.02952124,54.969437
1862,0.02952124,54.99896
1863,0.02952124,55.02848
1864,0.02952124,55.058002
1865,0.02952124,55.087524
1866,0.02952124,55.117046
1867,0.02952124,55.14657
1868,0.02952124,55.17609
1869,0.02952124,55.205612
1870,0.02952124,55.235134
1871,0.02952124,55.264656
1872,0.02952124,55.294178
1873,0.02952124,55.3237
1874,0.02952124,55.35322
1875,0.02952124,55.382744
1876,0.02952124,55.412266
1877,0.02952124,55.441788
1878,0.02952124,55.47131
1879,0.02952124,55.50083
1880,0.02952124,55.530354
1881,0.02952124,55.559875
1882,0.02952124,55.589397
1883,0.02952124,55.61892
1884,0.02952124,55.64844
1885,0.02952124,55.677963
1886,0.02952124,55.707485
1887,0.02952124,55.737007
1888,0.02952124,55.76653
1889,0.02952124,55.79605
1890,0.02952124,55.825573
1891,0.02952124,55.855095
1892,0.02952124,55.884617
1893,0.02952124,55.91414
1894,0.02952124,55.94366
1895,0.02952124,55.973183
1896,0.02952124,56.002705
1897,0.02952124,56.032227
1898,0.02952124,56.06175
1899,0.02952124,56.09127
1900,0.02952124,56.120792
1901,0.02952124,56.150314
1902,0.02952124,56.179836
1903,0.02952124,56.20936
1904,0.02952124,56.23888
1905,0.02952124,56.268402
1906,0.02952124,56.297924
1907,0.02952124,56.327446
1908,0.02952124,56.356968
1909,0.02952124,56.38649
1910,0.02952124,56.41601
1911,0.02952124,56.445534
1912,0.02952124,56.475056
1913,0.02952124,56.504578
1914,0.02952124,56.5341
1915,0.02952124,56.56362
1916,0.02952124,56.593143
1917,0.02952124,56.622665
1918,0.02952124,56.652187
1919,0.02952124,56.68171
1920,0.02952124,56.71123
1921,0.02952124,56.740753
1922,0.02952124,56.770275
1923,0.02952124,56.799797
1924,0.02952124,56.82932
1925,0.02952124,56.85884
1926,0.02952124,56.888363
1927,0.02952124,56.917885
1928,0.02952124,56.947407
1929,0.02952124,56.97693
1930,0.02952124,57.00645
1931,0.02952124,57.035973
1932,0.02952124,57.065495
1933,0.02952124,57.095016
1934,0.02952124,57.12454
1935,0.02952124,57.15406
1936,0.02952124,57.183582
1937,0.02952124,57.213104
1938,0.02952124,57.242626
1939,0.02952124,57.27215
1940,0.02952124,57.30167
1941,0.02952124,57.331192
1942,0.02952124,57.360714
1943,0.02952124,57.390236
1944,0.02952124,57.419758
1945,0.02952124,57.44928
1946,0.02952124,57.4788
1947,0.02952124,57.508324
1948,0.02952124,57.537846
1949,0.02952124,57.567368
1950,0.02952124,57.59689
1951,0.02952124,57.62641
1952,0.02952124,57.655933
1953,0.02952124,57.685455
1954,0.02952124,57.714977
1955,0.02952124,57.7445
1956,0.02952124,57.77402
1957,0.02952124,57.803543
1958,0.02952124,57.833065
1959,0.02952124,57.862587
1960,0.02952124,57.89211
1961,0.02952124,57.92163
1962,0.02952124,57.951153
1963,0.02952124,57.980675
1964,0.02952124,58.010197
1965,0.02952124,58.03972
1966,0.02952124,58.06924
1967,0.02952124,58.098763
1968,0.02952124,58.128284
1969,0.02952124,58.157806
1970,0.02952124,58.18733
1971,0.02952124,58.21685
1972,0.02952124,58.246372
1973,0.02952124,58.275894
1974,0.02952124,58.305416
1975,0.02952124,58.334938
1976,0.02952124,58.36446
1977,0.02952124,58.393982
1978,0.02952124,58.423504
1979,0.02952124,58.453026
1980,0.02952124,58.482548
1981,0.02952124,58.51207
1982,0.02952124,58.54159
1983,0.02952124,58.571114
1984,0.02952124,58.600636
1985,0.02952124,58.630157
1986,0.02952124,58.65968
1987,0.02952124,58.6892
1988,0.02952124,58.718723
1989,0.02952124,58.748245
1990,0.02952124,58.777767
1991,0.02952124,58.80729
1992,0.02952124,58.83681
1993,0.02952124,58.866333
1994,0.02952124,58.895855
1995,0.02952124,58.925377
1996,0.02952124,58.9549
1997,0.02952124,58.98442
1998,0.02952124,59.013943
1999,0.02952124,59.043465
2000,0.02952124,59.072987
2001,0.02952124,59.10251
2002,0.02952124,59.13203
2003,0.02952124,59.161552
2004,0.02952124,59.191074
2005,0.02952124,59.220596
2006,0.02952124,59.25012
2007,0.02952124,59.27964
2008,0.02952124,59.309162
2009,0.02952124,59.338684
2010,0.02952124,59.368206
2011,0.02952124,59.397728
2012,0.02952124,59.42725
2013,0.02952124,59.45677
2014,0.02952124,59.486294
2015,0.02952124,59.515816
2016,0.02952124,59.545338
2017,0.02952124,59.57486
2018,0.02952124,59.60438
2019,0.02952124,59.633904
2020,0.02952124,59.663425
2021,0.02952124,59.692947
2022,0.02952124,59.72247
2023,0.02952124,59.75199
2024,0.02952124,59.781513
2025,0.02952124,59.811035
2026,0.02952124,59.840557
2027,0.02952124,59.87008
2028,0.02952124,59.8996
2029,0.02952124,59.929123
2030,0.02952124,59.958645
2031,0.02952124,59.988167
2032,0.02952124,60.01769
2033,0.02952124,60.04721
2034,0.02952124,60.076733
2035,0.02952124,60.106255
2036,0.02952124,60.135777
2037,0.02952124,60.1653
2038,0.02952124,60.19482
2039,0.02952124,60.224342
2040,0.02952124,60.253864
2041,0.02952124,60.283386
2042,0.02952124,60.31291
2043,0.02952124,60.34243
2044,0.02952124,60.371952
2045,0.02952124,60.401474
2046,0.02952124,60.430996
2047,0.02952124,60.460518
2048,0.02952124,60.49004
2049,0.02952124,60.51956
2050,0.02952124,60.549084
2051,0.02952124,60.578606
2052,0.02952124,60.608128
2053,0.02952124,60.63765
2054,0.02952124,60.66717
2055,0.02952124,60.696693
2056,0.02952124,60.726215
2057,0.02952124,60.755737
2058,0.02952124,60.78526
2059,0.02952124,60.81478
2060,0.02952124,60.844303
2061,0.02952124,60.873825
2062,0.02952124,60.903347
2063,0.02952124,60.93287
2064,0.02952124,60.96239
2065,0.02952124,60.991913
2066,0.02952124,61.021435
2067,0.02952124,61.050957
2068,0.02952124,61.08048
2069,0.02952124,61.11
2070,0.02952124,61.139523
2071,0.02952124,61.169044
2072,0.02952124,61.198566
2073,0.02952124,61.22809
2074,0.02952124,61.25761
2075,0.02952124,61.287132
2076,0.02952124,61.316654
2077,0.02952124,61.346176
2078,0.02952124,61.375698
2079,0.02952124,61.40522
2080,0.02952124,61.434742
2081,0.02952124,61.464264
2082,0.02952124,61.493786
2083,0.02952124,61.523308
2084,0.02952124,61.55283
2085,0.02952124,61.58235
2086,0.02952124,61.611874
2087,0.02952124,61.641396
2088,0.02952124,61.670918
2089,0.02952124,61.70044
2090,0.02952124,61.72996
2091,0.02952124,61.759483
2092,0.02952124,61.789005
2093,0.02952124,61.818527
2094,0.02952124,61.84805
2095,0.02952124,61.87757
2096,0.02952124,61.907093
2097,0.02952124,61.936615
2098,0.02952124,61.966137
2099,0.02952124,61.99566
2100,0.02952124,62.02518
2101,0.02952124,62.054703
2102,0.02952124,62.084225
2103,0.02952124,62.113747
2104,0.02952124,62.14327
2105,0.02952124,62.17279
2106,0.02952124,62.202312
2107,0.02952124,62.231834
2108,0.02952124,62.261356
2109,0.02952124,62.29088
2110,0.02952124,62.3204
2111,0.02952124,62.349922
2112,0.02952124,62.379444
2113,0.02952124,62.408966
2114,0.02952124,62.438488
2115,0.02952124,62.46801
2116,0.02952124,62.49753
2117,0.02952124,62.527054
2118,0.02952124,62.556576
2119,0.02952124,62.586098
2120,0.02952124,62.61562
2121,0.02952124,62.64514
2122,0.02952124,62.674664
2123,0.02952124,62.704185
2124,0.02952124,62.733707
2125,0.02952124,62.76323
2126,0.02952124,62.79275
2127,0.02952124,62.822273
2128,0.02952124,62.851795
2129,0.02952124,62.881317
2130,0.02952124,62.91084
2131,0.02952124,62.94036
2132,0.02952124,62.969883
2133,0.029527191,62.99941
2134,0.029361939,63.02877
2135,0.029124359,63.057896
2136,0.028953156,63.08685
2137,0.029009309,63.11586
2138,0.029401153,63.14526
2139,0.030111603,63.175373
2140,0.030544953,63.205917
2141,0.030304627,63.23622
2142,0.030053772,63.266273
2143,0.030431885,63.296707
2144,0.031019043,63.327724
2145,0.03132422,63.359047
2146,0.031378694,63.390427
2147,0.03129614,63.421722
2148,0.031359315,63.453083
2149,0.031565767,63.48465
2150,0.031972107,63.51662
2151,0.03238806,63.549007
2152,0.03277533,63.581783
2153,0.033090577,63.614872
2154,0.03276358,63.647636
2155,0.031735595,63.67937
2156,0.030862488,63.71023
2157,0.03023993,63.74047
2158,0.03042517,63.770897
2159,0.030351624,63.801247
2160,0.030280365,63.831528
2161,0.02987387,63.8614
2162,0.029293122,63.890694
2163,0.029413361,63.92011
2164,0.03011084,63.95022
2165,0.03185675,63.982075
2166,0.03385321,64.01593
2167,0.035277314,64.05121
2168,0.035476897,64.086685
2169,0.035189424,64.12187
2170,0.034502015,64.15637
2171,0.033632416,64.19
2172,0.033484865,64.22349
2173,0.034207825,64.2577
2174,0.034679018,64.29237
2175,0.035171874,64.327545
2176,0.035617433,64.36316
2177,0.035881713,64.39904
2178,0.035490632,64.43453
2179,0.0344364,64.46897
2180,0.03317908,64.50215
2181,0.031584993,64.53374
2182,0.029731965,64.56347
2183,0.028831238,64.5923
2184,0.02896994,64.62127
2185,0.029483093,64.65075
2186,0.029920563,64.68067
2187,0.029771026,64.71044
2188,0.02934485,64.739784
2189,0.028928742,64.768715
2190,0.029622711,64.79834
2191,0.03157721,64.82992
2192,0.033369355,64.86329
2193,0.035381988,64.898674
2194,0.035902467,64.93458
2195,0.03658316,64.97116
2196,0.035818543,65.00698
2197,0.03520819,65.04219
2198,0.035018828,65.07721
2199,0.035768647,65.112976
2200,0.03724234,65.150215
2201,0.038055174,65.18827
2202,0.038003907,65.22627
2203,0.037292846,65.263565
2204,0.037122253,65.30069
2205,0.03649954,65.33719
2206,0.036206115,65.3734
2207,0.03559424,65.40899
2208,0.03567847,65.444664
2209,0.035709593,65.48038
2210,0.035740722,65.51612
2211,0.036026824,65.55215
2212,0.036453307,65.5886
2213,0.03728598,65.625885
2214,0.037525084,65.66341
2215,0.03890082,65.70231
2216,0.04004889,65.742355
2217,0.04136542,65.78372
2218,0.042089447,65.82581
2219,0.04235495,65.86817
2220,0.043188997,65.91136
2221,0.044423126,65.95579
2222,0.04591315,66.0017
2223,0.047172453,66.048874
2224,0.048835814,66.09771
2225,0.051887266,66.1496
2226,0.053589385,66.203186
2227,0.054460052,66.257645
2228,0.053331055,66.310974
2229,0.05222418,66.3632
2230,0.050651457,66.41385
2231,0.04975897,66.46361
2232,0.049032044,66.51264
2233,0.047627624,66.56027
2234,0.045357574,66.60563
2235,0.043240417,66.64887
2236,0.04290457,66.69178
2237,0.04401236,66.735794
2238,0.046980653,66.782776
2239,0.049969237,66.83275
2240,0.05181418,66.88456
2241,0.053506378,66.938065
2242,0.05463568,66.9927
2243,0.057221588,67.04992
2244,0.059797272,67.10972
2245,0.061554015,67.17127
2246,0.06092413,67.23219
2247,0.06048468,67.29268
2248,0.05947821,67.35216
2249,0.059871733,67.41203
2250,0.060587984,67.47262
2251,0.06051123,67.53313
2252,0.060897734,67.594025
2253,0.06143881,67.655464
2254,0.061404176,67.716866
2255,0.060525574,67.77739
2256,0.059650633,67.83704
2257,0.058987487,67.896034
2258,0.058679566,67.95471
2259,0.059498962,68.01421
2260,0.06117758,68.07539
2261,0.062786624,68.13818
2262,0.06387763,68.202065
2263,0.065156154,68.26722
2264,0.06635443,68.33357
2265,0.06752905,68.4011
2266,0.06842688,68.46953
2267,0.07013922,68.539665
2268,0.070660464,68.61033
2269,0.07121741,68.68155
2270,0.07122244,68.75277
2271,0.07131949,68.82409
2272,0.07227484,68.89636
2273,0.07402075,68.97038
2274,0.07590796,69.04629
2275,0.07790396,69.12419
2276,0.08009268,69.204285
2277,0.082111426,69.2864
2278,0.084242314,69.37064
2279,0.086148135,69.456795
2280,0.08650427,69.5433
2281,0.08722586,69.63052
2282,0.08749442,69.71802
2283,0.088897616,69.806915
2284,0.089696266,69.896614
2285,0.09048331,69.9871
2286,0.089863345,70.076965
2287,0.09136801,70.168335
2288,0.09456244,70.26289
2289,0.09813086,70.36102
2290,0.102220826,70.46324
2291,0.10567221,70.56892
2292,0.10850348,70.67742
2293,0.11206976,70.78949
2294,0.114852816,70.90434
2295,0.11834571,71.02269
2296,0.119727544,71.14242
2297,0.122127295,71.26454
2298,0.1231008,71.38764
2299,0.12559973,71.513245
2300,0.12731773,71.640564
2301,0.12943259,71.77
2302,0.13140647,71.901405
2303,0.13400504,72.03541
2304,0.13736548,72.172775
2305,0.14096442,72.313736
2306,0.14417852,72.45792
2307,0.14778006,72.6057
2308,0.15006582,72.75576
2309,0.1532775,72.909035
2310,0.15479438,73.06383
2311,0.15764822,73.22147
2312,0.1594602,73.380936
2313,0.16175298,73.54269
2314,0.16325597,73.70594
2315,0.16667974,73.87262
2316,0.17047384,74.04309
2317,0.17669958,74.21979
2318,0.18285711,74.40264
2319,0.18956807,74.59221
2320,0.1940679,74.78628
2321,0.19710165,74.98338
2322,0.19929388,75.18268
2323,0.2012409,75.38392
2324,0.2022904,75.58621
2325,0.20475912,75.79097
2326,0.20647375,75.997444
2327,0.20934378,76.20679
2328,0.21125112,76.41804
2329,0.21361776,76.63165
2330,0.21680959,76.848465
2331,0.2204357,77.0689
2332,0.22154059,77.29044
2333,0.223216,77.51366
2334,0.22382924,77.73749
2335,0.22484365,77.96233
2336,0.22676274,78.189095
2337,0.22977178,78.41887
2338,0.23207586,78.65095
2339,0.23545599,78.886406
2340,0.23842947,79.12483
2341,0.2418125,79.366646
2342,0.24730733,79.61395
2343,0.25279242,79.866745
2344,0.26019278,80.12694
2345,0.26841345,80.39535
2346,0.2767092,80.67206
2347,0.28737232,80.95943
2348,0.29789296,81.25732
2349,0.3090801,81.5664
2350,0.3187212,81.88512
2351,0.32756004,82.21268
2352,0.34050164,82.55318
2353,0.35534674,82.90852
2354,0.37145102,83.279976
2355,0.38048667,83.66046
2356,0.38642386,84.04688
2357,0.39124686,84.43813
2358,0.398816,84.83695
2359,0.40398046,85.24094
2360,0.41521597,85.65615
2361,0.42541113,86.08156
2362,0.4349712,86.51653
2363,0.44260123,86.95914
2364,0.45523933,87.414375
2365,0.47288978,87.88727
2366,0.48700628,88.374275
2367,0.49869514,88.87297
2368,0.5105643,89.38354
2369,0.5212534,89.90479
2370,0.5363907,90.441185
2371,0.55530125,90.99648
2372,0.5822059,91.57869
2373,0.62278354,92.20147
2374,0.6660554,92.86752
2375,0.70248604,93.57001
2376,0.72678643,94.29679
2377,0.74517477,95.04197
2378,0.76331735,95.80529
2379,0.78935856,96.59465
2380,0.80449605,97.39915
2381,0.83896977,98.23811
2382,0.8577637,99.09588
2383,0.900149,99.996025
2384,0.95576346,100.95179
2385,1.191065,102.14285
2386,1.4034731,103.546326
2387,1.5384135,105.08474
2388,1.3413895,106.42613
2389,1.3277662,107.7539
2390,1.5423096,109.29621
2391,1.7402606,111.03647
2392,1.7952244,112.831696
2393,1.8282394,114.659935
2394,1.8671048,116.52704
2395,1.8883619,118.4154
2396,1.9252875,120.34068
2397,1.9407605,122.28144
2398,1.9758152,124.257256
2399,1.9856192,126.242874
2400,2.0159276,128.2588
2401,2.0128393,130.27164
2402,2.0246634,132.2963
2403,2.0078692,134.30417
2404,2.0232725,136.32744
2405,2.0262818,138.35371
2406,2.045603,140.39932
2407,2.0248966,142.42422
2408,2.0266082,144.45084
2409,2.0269165,146.47775
2410,2.0572214,148.53497
2411,2.079203,150.61418
2412,2.0973134,152.7115
2413,2.107824,154.81932
2414,2.1195,156.93883
2415,2.1259024,159.06473
2416,2.1281579,161.19289
2417,2.124584,163.31747
2418,2.131538,165.449
2419,2.1455743,167.59457
2420,2.1613839,169.75595
2421,2.1644576,171.92041
2422,2.177514,174.09793
2423,2.1821213,176.28006
2424,2.1960604,178.47612
2425,2.2008438,180.67697
2426,2.2203069,182.89728
2427,2.232041,185.12932
2428,2.249212,187.37852
2429,2.2535944,189.63213
2430,2.266803,191.89893
2431,2.2783766,194.1773
2432,2.2963767,196.47368
2433,2.307423,198.7811
2434,2.3217669,201.10286
2435,2.3347535,203.4376
2436,2.3561885,205.7938
2437,2.3821878,208.17598
2438,2.4111452,210.58713
2439,2.4441915,213.03133
2440,2.4800942,215.51141
2441,2.515906,218.02731
2442,2.5476897,220.575
2443,2.571569,223.14656
2444,2.5914316,225.73799
2445,2.6101596,228.34814
2446,2.623915,230.97206
2447,2.637859,233.60992
2448,2.6534445,236.26337
2449,2.6706514,238.93402
2450,2.6834064,241.61743
2451,2.6919467,244.30937
2452,2.6959174,247.0053
2453,2.6984124,249.7037
2454,2.7008455,252.40456
2455,2.702723,255.10728
2456,2.7042568,257.81155
2457,2.7039666,260.51553
2458,2.7029529,263.21848
2459,2.7017856,265.92026
2460,2.700579,268.62085
2461,2.6979494,271.3188
2462,2.6952746,274.01407
2463,2.6929202,276.707
2464,2.692624,279.39963
2465,2.693425,282.09305
2466,2.693688,284.78674
2467,2.6935456,287.4803
2468,2.6937652,290.17404
2469,2.692944,292.86697
2470,2.6919122,295.5589
2471,2.6888494,298.24774
2472,2.6862924,300.93402
2473,2.6834612,303.6175
2474,2.6815178,306.299
2475,2.6791744,308.97818
2476,2.6774368,311.6556
2477,2.6753256,314.33093
2478,2.6752331,317.00616
2479,2.6760814,319.68225
2480,2.6788208,322.36108
2481,2.6815882,325.04266
2482,2.684697,327.72736
2483,2.6864023,330.41376
2484,2.6876535,333.1014
2485,2.6879883,335.7894
2486,2.6914275,338.48083
2487,2.6947951,341.17563
2488,2.6983256,343.87396
2489,2.7010176,346.57498
2490,2.7044203,349.2794
2491,2.7078161,351.9872
2492,2.7102807,354.69748
2493,2.7101042,357.4076
2494,2.7090578,360.11664
2495,2.7073815,362.824
2496,2.7065847,365.53058
2497,2.7055583,368.23615
2498,2.7066894,370.94284
2499,2.7081032,373.65094
2500,2.7116356,376.36258
2501,2.7156234,379.07822
2502,2.7190459,381.79727
2503,2.7212062,384.51846
2504,2.723043,387.24152
2505,2.7245529,389.96606
2506,2.7275407,392.6936
2507,2.7305124,395.4241
2508,2.7343898,398.15848
2509,2.7387335,400.89722
2510,2.7430577,403.6403
2511,2.746844,406.38715
2512,2.7495296,409.1367
2513,2.7503073,411.887
2514,2.7516494,414.63864
2515,2.7531083,417.39175
2516,2.757534,420.1493
2517,2.761985,422.9113
2518,2.7678041,425.67908
2519,2.7728622,428.45193
2520,2.7755616,431.2275
2521,2.7753832,434.0029
2522,2.7741256,436.77704
2523,2.772628,439.54965
2524,2.770777,442.32043
2525,2.7689352,445.08936
2526,2.767308,447.85666
2527,2.7649643,450.6216
2528,2.7630146,453.3846
2529,2.7608807,456.1455
2530,2.7605562,458.90607
2531,2.761228,461.6673
2532,2.7632046,464.4305
2533,2.7650185,467.19553
2534,2.766189,469.9617
2535,2.7663083,472.728
2536,2.7671514,475.49515
2537,2.7679002,478.26306
2538,2.7704096,481.03348
2539,2.7720816,483.80557
2540,2.7747054,486.5803
2541,2.7775497,489.35785
2542,2.7810292,492.1389
2543,2.784264,494.92316
2544,2.786559,497.70972
2545,2.7879677,500.49768
2546,2.787627,503.2853
2547,2.7865012,506.0718
2548,2.78432,508.85614
2549,2.780632,511.63678
2550,2.7771394,514.41394
2551,2.7736292,517.18756
2552,2.7715325,519.9591
2553,2.7689083,522.728
2554,2.7665102,525.49457
2555,2.7642672,528.25885
2556,2.7627661,531.0216
2557,2.7610316,533.78265
2558,2.7600234,536.54266
2559,2.7577138,539.30035
2560,2.7562978,542.05664
2561,2.7552178,544.8118
2562,2.7550137,547.56683
2563,2.7553003,550.32214
2564,2.7555978,553.07776
2565,2.755937,555.8337
2566,2.7563405,558.59
2567,2.7559536,561.346
2568,2.7546813,564.1007
2569,2.7522888,566.853
2570,2.7508082,569.6038
2571,2.749878,572.3537
2572,2.7497237,575.1034
2573,2.749569,577.85297
2574,2.7499347,580.6029
2575,2.7508576,583.35376
2576,2.75065,586.10443
2577,2.7484314,588.85284
2578,2.745876,591.5987
2579,2.7426062,594.3413
2580,2.7402782,597.0816
2581,2.7380393,599.81964
2582,2.7375731,602.5572
2583,2.7374492,605.2946
2584,2.7384012,608.033
2585,2.739427,610.77246
2586,2.7406814,613.5131
2587,2.741416,616.2545
2588,2.7418487,618.99634
2589,2.7417526,621.7381
2590,2.7421947,624.4803
2591,2.7430184,627.2233
2592,2.7438214,629.96716
2593,2.7446854,632.71185
2594,2.7459936,635.4578
2595,2.7474704,638.2053
2596,2.7486527,640.954
2597,2.7493765,643.70337
2598,2.7500398,646.4534
2599,2.7505329,649.204
2600,2.7512167,651.9552
2601,2.7519395,654.70715
2602,2.752435,657.4596
2603,2.7527165,660.21234
2604,2.7526784,662.965
2605,2.7528946,665.7179
2606,2.753583,668.4715
2607,2.7546916,671.2262
2608,2.7552881,673.9815
2609,2.7559993,676.7375
2610,2.7568035,679.49426
2611,2.7572558,682.2515
2612,2.7584112,685.00995
2613,2.7596502,687.7696
2614,2.7604423,690.53
2615,2.7607715,693.2908
2616,2.7615497,696.0523
2617,2.763602,698.8159
2618,2.766304,701.5822
2619,2.7695565,704.35175
2620,2.7717185,707.1235
2621,2.7732396,709.8967
2622,2.7744634,712.6712
2623,2.776085,715.44727
2624,2.7776515,718.2249
2625,2.7788265,721.0037
2626,2.7798395,723.78357
2627,2.7811732,726.56476
2628,2.7825625,729.34735
2629,2.7843125,732.13165
2630,2.7859404,734.9176
2631,2.7873473,737.70496
2632,2.788058,740.49304
2633,2.788481,743.2815
2634,2.7891421,746.0706
2635,2.790384,748.861
2636,2.7911692,751.6522
2637,2.7914875,754.4437
2638,2.7921963,757.2359
2639,2.79315,760.02905
2640,2.7939017,762.82294
2641,2.7945418,765.6175
2642,2.794876,768.41235
2643,2.794655,771.20703
2644,2.7948062,774.00183
2645,2.7953534,776.7972
2646,2.7965648,779.59375
2647,2.7979996,782.3917
2648,2.7993898,785.1911
2649,2.8001766,787.9913
2650,2.8006704,790.79193
2651,2.8012664,793.5932
2652,2.8029604,796.3962
2653,2.8048773,799.20105
2654,2.8069775,802.00806
2655,2.8088543,804.8169
2656,2.8110256,807.6279
2657,2.8129463,810.44086
2658,2.8141897,813.25507
2659,2.8155704,816.0706
2660,2.8175724,818.8882
2661,2.819812,821.708
2662,2.821308,824.5293
2663,2.8221102,827.3514
2664,2.823165,830.17456
2665,2.8243532,832.9989
2666,2.826181,835.8251
2667,2.8283324,838.6534
2668,2.8298552,841.4832
2669,2.8309364,844.31415
2670,2.8316128,847.14575
2671,2.8322291,849.97797
2672,2.8329058,852.81085
2673,2.8340433,855.6449
2674,2.8353622,858.4803
2675,2.8362114,861.31647
2676,2.8377554,864.15424
2677,2.8391178,866.99335
2678,2.8407235,869.83405
2679,2.8423944,872.67645
2680,2.844609,875.52106
2681,2.8469002,878.368
2682,2.8493927,881.21735
2683,2.8517694,884.0691
2684,2.8536599,886.9227
2685,2.855823,889.77856
2686,2.8578799,892.6365
2687,2.860574,895.4971
2688,2.8626535,898.35974
2689,2.8639438,901.2237
2690,2.865304,904.089
2691,2.8670518,906.95605
2692,2.8681192,909.82416
2693,2.8687978,912.69293
2694,2.8683717,915.5613
2695,2.8674362,918.4287
2696,2.8670614,921.2958
2697,2.8667443,924.16254
2698,2.866438,927.029
2699,2.866297,929.89526
2700,2.8666372,932.7619
2701,2.866903,935.6288
2702,2.8678186,938.4966
2703,2.8694406,941.366
2704,2.8715143,944.23755
2705,2.8739362,947.1115
2706,2.8757458,949.98724
2707,2.8770165,952.86426
2708,2.877886,955.7421
2709,2.8790638,958.6212
2710,2.8805957,961.50183
2711,2.882751,964.3846
2712,2.885098,967.26965
2713,2.886939,970.1566
2714,2.8874063,973.044
2715,2.887156,975.93115
2716,2.8862426,978.8174
2717,2.8859725,981.70337
2718,2.8860478,984.5894
2719,2.8864026,987.4758
2720,2.8861196,990.36194
2721,2.8865554,993.2485
2722,2.887563,996.13605
2723,2.8889358,999.02496
2724,2.8891857,1001.9141
2725,2.8892467,1004.80334
2726,2.8887374,1007.6921
2727,2.8888204,1010.5809
2728,2.8894167,1013.4703
2729,2.8909447,1016.3612
2730,2.8920975,1019.2533
2731,2.892802,1022.1461
2732,2.8932683,1025.0394
2733,2.8934917,1027.9329
2734,2.8941765,1030.827
2735,2.8951418,1033.7222
2736,2.8962348,1036.6184
2737,2.8970568,1039.5155
2738,2.8970287,1042.4125
2739,2.8967073,1045.3092
2740,2.8972976,1048.2065
2741,2.89914,1051.1057
2742,2.9009173,1054.0066
2743,2.9022174,1056.9088
2744,2.9022121,1059.811
2745,2.9027996,1062.7139
2746,2.9037247,1065.6176
2747,2.904634,1068.5222
2748,2.904467,1071.4266
2749,2.9035788,1074.3302
2750,2.9030342,1077.2333
2751,2.9025207,1080.1357
2752,2.9023764,1083.0381
2753,2.9019048,1085.94
2754,2.902342,1088.8423
2755,2.9028246,1091.7451
2756,2.903796,1094.6489
2757,2.9047594,1097.5537
2758,2.905366,1100.4591
2759,2.906853,1103.366
2760,2.909107,1106.275
2761,2.9115868,1109.1866
2762,2.914246,1112.101
2763,2.9160976,1115.0171
2764,2.9168444,1117.934
2765,2.917239,1120.8512
2766,2.9186928,1123.7699
2767,2.9213028,1126.6912
2768,2.9235077,1129.6146
2769,2.9246883,1132.5393
2770,2.9252396,1135.4646
2771,2.92626,1138.3909
2772,2.9288538,1141.3197
2773,2.9319038,1144.2516
2774,2.9341815,1147.1858
2775,2.9370008,1150.1228
2776,2.938936,1153.0618
2777,2.9409127,1156.0027
2778,2.9418175,1158.9445
2779,2.9432046,1161.8877
2780,2.943995,1164.8317
2781,2.9448197,1167.7765
2782,2.9452755,1170.7218
2783,2.9457006,1173.6675
2784,2.94636,1176.6139
2785,2.9464486,1179.5603
2786,2.946986,1182.5073
2787,2.9477289,1185.4551
2788,2.9480968,1188.4032
2789,2.9479535,1191.3512
2790,2.9484127,1194.2996
2791,2.9497082,1197.2493
2792,2.9510067,1200.2003
2793,2.9519026,1203.1522
2794,2.9522934,1206.1045
2795,2.9525654,1209.057
2796,2.953266,1212.0103
2797,2.9544518,1214.9647
2798,2.9558206,1217.9205
2799,2.9577599,1220.8783
2800,2.9591815,1223.8375
2801,2.9602334,1226.7977
2802,2.9604266,1229.7582
2803,2.9602878,1232.7185
2804,2.9610248,1235.6796
2805,2.9624443,1238.642
2806,2.9640312,1241.606
2807,2.9661868,1244.5721
2808,2.967644,1247.5398
2809,2.9679685,1250.5078
2810,2.9678187,1253.4756
2811,2.9671004,1256.4426
2812,2.967431,1259.41
2813,2.968349,1262.3784
2814,2.969036,1265.3474
2815,2.9701607,1268.3176
2816,2.9717,1271.2893
2817,2.9738443,1274.2632
2818,2.9754207,1277.2386
2819,2.9764268,1280.2151
2820,2.977029,1283.1921
2821,2.977666,1286.1698
2822,2.9785025,1289.1483
2823,2.9799025,1292.1282
2824,2.98113,1295.1093
2825,2.982701,1298.0919
2826,2.9844577,1301.0764
2827,2.9863646,1304.0627
2828,2.9876513,1307.0504
2829,2.9889195,1310.0393
2830,2.989825,1313.0292
2831,2.9904976,1316.0197
2832,2.9915538,1319.0112
2833,2.9929166,1322.0042
2834,2.9940844,1324.9983
2835,2.9947984,1327.993
2836,2.9955359,1330.9885
2837,2.996486,1333.985
2838,2.997625,1336.9827
2839,2.9990175,1339.9817
2840,3.0010293,1342.9827
2841,3.0030618,1345.9857
2842,3.0045733,1348.9902
2843,3.0061917,1351.9965
2844,3.0071476,1355.0037
2845,3.007781,1358.0115
2846,3.0082607,1361.0198
2847,3.0087705,1364.0286
2848,3.0095925,1367.0382
2849,3.0108,1370.049
2850,3.0118375,1373.0608
2851,3.013238,1376.074
2852,3.0146942,1379.0886
2853,3.0159957,1382.1046
2854,3.0167959,1385.1215
2855,3.0174544,1388.1389
2856,3.0184405,1391.1573
2857,3.019259,1394.1766
2858,3.020506,1397.1971
2859,3.0216684,1400.2189
2860,3.0235033,1403.2424
2861,3.0254836,1406.268
2862,3.026897,1409.2948
2863,3.0285714,1412.3234
2864,3.0301352,1415.3535
2865,3.0315328,1418.385
2866,3.032861,1421.4178
2867,3.0341997,1424.452
2868,3.0350885,1427.487
2869,3.0356154,1430.5227
2870,3.0363724,1433.5591
2871,3.0378473,1436.5969
2872,3.0392056,1439.6361
2873,3.0407073,1442.6768
2874,3.0421906,1445.719
2875,3.0436144,1448.7626
2876,3.0446427,1451.8073
2877,3.0455997,1454.8529
2878,3.046523,1457.8994
2879,3.0473907,1460.9468
2880,3.0481071,1463.9949
2881,3.048858,1467.0437
2882,3.0499837,1470.0936
2883,3.0511389,1473.1448
2884,3.0523977,1476.1971
2885,3.0541584,1479.2513
2886,3.0562375,1482.3076
2887,3.0582952,1485.366
2888,3.0598028,1488.4258
2889,3.060735,1491.4866
2890,3.0622482,1494.5488
2891,3.064125,1497.6129
2892,3.065665,1500.6786
2893,3.067297,1503.7458
2894,3.0687191,1506.8146
2895,3.069706,1509.8843
2896,3.0703225,1512.9546
2897,3.0708883,1516.0255
2898,3.071457,1519.0969
2899,3.072341,1522.1693
2900,3.0733423,1525.2427
2901,3.0748978,1528.3176
2902,3.0767255,1531.3944
2903,3.078934,1534.4734
2904,3.0809822,1537.5543
2905,3.0829089,1540.6372
2906,3.084267,1543.7214
2907,3.0844395,1546.8059
2908,3.0850155,1549.8909
2909,3.0859423,1552.9768
2910,3.0870209,1556.0638
2911,3.0885022,1559.1523
2912,3.0896337,1562.242
2913,3.0907955,1565.3328
2914,3.0917118,1568.4244
2915,3.0926452,1571.5171
2916,3.0934393,1574.6105
2917,3.094393,1577.7048
2918,3.0948608,1580.7997
2919,3.0946982,1583.8944
2920,3.0941455,1586.9885
2921,3.0941727,1590.0826
2922,3.095006,1593.1776
2923,3.0958495,1596.2734
2924,3.0972118,1599.3706
2925,3.098369,1602.469
2926,3.099396,1605.5684
2927,3.1003554,1608.6687
2928,3.1012378,1611.7699
2929,3.102218,1614.8721
2930,3.1030154,1617.9751
2931,3.1034386,1621.0785
2932,3.104027,1624.1825
2933,3.1051736,1627.2877
2934,3.1065447,1630.3943
2935,3.1079497,1633.5022
2936,3.1093502,1636.6116
2937,3.110782,1639.7224
2938,3.111889,1642.8344
2939,3.11251,1645.9469
2940,3.113244,1649.0602
2941,3.1141527,1652.1743
2942,3.1149,1655.2892
2943,3.1155841,1658.4048
2944,3.1156464,1661.5204
2945,3.115566,1664.636
2946,3.1151924,1667.7512
2947,3.1148822,1670.8661
2948,3.1149647,1673.9811
2949,3.1156626,1677.0968
2950,3.1164618,1680.2133
2951,3.1173327,1683.3306
2952,3.1181695,1686.4487
2953,3.1187499,1689.5675
2954,3.1194403,1692.6869
2955,3.1201668,1695.807
2956,3.1210628,1698.9281
2957,3.1224508,1702.0505
2958,3.1241062,1705.1747
2959,3.1251383,1708.2998
2960,3.125543,1711.4253
2961,3.1259148,1714.5511
2962,3.126274,1717.6774
2963,3.126779,1720.8042
2964,3.1274939,1723.9316
2965,3.1281545,1727.0598
2966,3.129186,1730.189
2967,3.1305883,1733.3196
2968,3.1319401,1736.4515
2969,3.1329079,1739.5845
2970,3.1334686,1742.7179
2971,3.133714,1745.8516
2972,3.13406,1748.9856
2973,3.1345265,1752.1201
2974,3.1355329,1755.2556
2975,3.1365519,1758.3922
2976,3.1374583,1761.5297
2977,3.138504,1764.6682
2978,3.139577,1767.8077
2979,3.1403143,1770.948
2980,3.1407995,1774.0887
2981,3.1419225,1777.2307
2982,3.1431131,1780.3738
2983,3.143912,1783.5177
2984,3.1445172,1786.6622
2985,3.1449554,1789.8071
2986,3.1453717,1792.9525
2987,3.1458654,1796.0984
2988,3.1464221,1799.2448
2989,3.1467113,1802.3915
2990,3.1470435,1805.5386
2991,3.1474597,1808.686
2992,3.1476827,1811.8337
2993,3.1479974,1814.9817
2994,3.1481373,1818.1299
2995,3.1489391,1821.2788
2996,3.1495202,1824.4283
2997,3.1498635,1827.5782
2998,3.1499438,1830.7281
2999,3.1499922,1833.8782
3000,3.1502771,1837.0284
3001,3.150671,1840.1791
3002,3.151137,1843.3302
3003,3.1517653,1846.4819
3004,3.1524074,1849.6344
3005,3.1526632,1852.7871
3006,3.1524932,1855.9396
3007,3.1522067,1859.0918
3008,3.1525173,1862.2443
3009,3.1529434,1865.3972
3010,3.1533666,1868.5505
3011,3.1538403,1871.7043
3012,3.1547854,1874.8591
3013,3.1557143,1878.0149
3014,3.1566863,1881.1716
3015,3.1574383,1884.3291
3016,3.1581514,1887.4873
3017,3.159136,1890.6465
3018,3.1603491,1893.8069
3019,3.161507,1896.9684
3020,3.1625357,1900.1309
3021,3.1633296,1903.2942
3022,3.1640759,1906.4583
3023,3.1644921,1909.6228
3024,3.1647954,1912.7876
3025,3.1652558,1915.9529
3026,3.1656923,1919.1185
3027,3.1660783,1922.2847
3028,3.1669018,1925.4515
3029,3.167679,1928.6193
3030,3.1683757,1931.7876
3031,3.168808,1934.9564
3032,3.169045,1938.1255
3033,3.1696944,1941.2952
3034,3.1705987,1944.4658
3035,3.171416,1947.6372
3036,3.1718721,1950.8091
3037,3.171809,1953.9808
3038,3.171808,1957.1526
3039,3.1717587,1960.3243
3040,3.171747,1963.4961
3041,3.1720347,1966.6681
3042,3.1725192,1969.8406
3043,3.1729543,1973.0135
3044,3.1732736,1976.1868
3045,3.1735642,1979.3604
3046,3.1739137,1982.5343
3047,3.174802,1985.7091
3048,3.1757066,1988.8848
3049,3.1764388,1992.0612
3050,3.1769867,1995.2382
3051,3.1771665,1998.4153
3052,3.1773932,2001.5927
3053,3.1772506,2004.7699
3054,3.1767871,2007.9467
3055,3.1764123,2011.123
3056,3.176083,2014.2991
3057,3.1758952,2017.475
3058,3.175877,2020.6509
3059,3.176238,2023.8271
3060,3.1765282,2027.0037
3061,3.1765213,2030.1802
3062,3.1764977,2033.3567
3063,3.1761587,2036.5328
3064,3.1762683,2039.7091
3065,3.175932,2042.885
3066,3.1763453,2046.0614
3067,3.1768427,2049.2383
3068,3.1773076,2052.4155
3069,3.1775715,2055.593
3070,3.1777797,2058.7708
3071,3.1776867,2061.9485
3072,3.1779773,2065.1265
3073,3.1778283,2068.3042
3074,3.1776094,2071.4817
3075,3.1774871,2074.6592
3076,3.1778677,2077.8372
3077,3.1779447,2081.0151
3078,3.1783426,2084.1934
3079,3.1784854,2087.3718
3080,3.1785588,2090.5503
3081,3.1788194,2093.729
3082,3.1794446,2096.9084
3083,3.180053,2100.0884
3084,3.1807458,2103.269
3085,3.1810334,2106.4502
3086,3.1817398,2109.6318
3087,3.1820025,2112.8137
3088,3.1826348,2115.9963
3089,3.1832018,2119.1794
3090,3.183615,2122.363
3091,3.183648,2125.5466
3092,3.1838634,2128.7305
3093,3.1839406,2131.9143
3094,3.184136,2135.0984
3095,3.184879,2138.2832
3096,3.185513,2141.4688
3097,3.185747,2144.6545
3098,3.18528,2147.8398
3099,3.184743,2151.0247
3100,3.1840081,2154.2087
3101,3.183074,2157.3918
3102,3.183171,2160.575
3103,3.1836934,2163.7585
3104,3.1844945,2166.943
3105,3.184918,2170.128
3106,3.1856127,2173.3135
3107,3.1859848,2176.4995
3108,3.1862435,2179.6858
3109,3.1858108,2182.8716
3110,3.185485,2186.0571
3111,3.1849751,2189.2422
3112,3.1841464,2192.4263
3113,3.1829414,2195.6091
3114,3.1814184,2198.7905
3115,3.1798851,2201.9705
3116,3.178565,2205.149
3117,3.1779933,2208.327
3118,3.1777704,2211.5046
3119,3.1776378,2214.6824
3120,3.1761708,2217.8586
3121,3.174238,2221.033
3122,3.172136,2224.205
3123,3.1693158,2227.3745
3124,3.1667163,2230.5413
3125,3.1635263,2233.7048
3126,3.1607752,2236.8657
3127,3.1578133,2240.0234
3128,3.1553872,2243.1787
3129,3.1528156,2246.3315
3130,3.1514373,2249.483
3131,3.1506493,2252.6335
3132,3.1506162,2255.7842
3133,3.1504297,2258.9346
3134,3.1487012,2262.0833
3135,3.146803,2265.23
3136,3.1451788,2268.3752
3137,3.142427,2271.5176
3138,3.1407425,2274.6582
3139,3.140052,2277.7983
3140,3.1403575,2280.9387
3141,3.1418288,2284.0806
3142,3.142439,2287.223
3143,3.142827,2290.3657
3144,3.1426644,2293.5083
3145,3.1431186,2296.6514
3146,3.142995,2299.7944
3147,3.1421022,2302.9365
3148,3.1406405,2306.0771
3149,3.1388676,2309.216
3150,3.1369808,2312.353
3151,3.13505,2315.488
3152,3.1321523,2318.62
3153,3.129667,2321.7498
3154,3.125285,2324.875
3155,3.1207833,2327.9958
3156,3.1187358,2331.1145
3157,3.1193151,2334.234
3158,3.1209977,2337.355
3159,3.1228244,2340.4778
3160,3.1222503,2343.6
3161,3.1191378,2346.7192
3162,3.1176636,2349.837
3163,3.1192923,2352.9563
3164,3.121789,2356.0781
3165,3.125032,2359.2031
3166,3.129116,2362.3323
3167,3.1354103,2365.4678
3168,3.1394205,2368.6072
3169,3.143306,2371.7505
3170,3.1439223,2374.8945
3171,3.1423972,2378.0369
3172,3.1396194,2381.1765
3173,3.1363988,2384.313
3174,3.1340554,2387.447
3175,3.132523,2390.5796
3176,3.1292114,2393.7087
3177,3.1231747,2396.832
3178,3.1186395,2399.9507
3179,3.1143758,2403.065
3180,3.1113603,2406.1763
3181,3.1090474,2409.2854
3182,3.1079879,2412.3933
3183,3.107079,2415.5005
3184,3.1026256,2418.603
3185,3.0967743,2421.6997
3186,3.0944118,2424.7942
3187,3.0934887,2427.8877
3188,3.0924432,2430.9802
3189,3.092401,2434.0725
3190,3.0909717,2437.1636
3191,3.0880532,2440.2517
3192,3.0848994,2443.3367
3193,3.081733,2446.4185
3194,3.0804439,2449.4988
3195,3.0801423,2452.5789
3196,3.0809493,2455.66
3197,3.0804024,2458.7402
3198,3.0774615,2461.8176
3199,3.0745919,2464.8923
3200,3.0731652,2467.9656
3201,3.0711915,2471.0369
3202,3.0702317,2474.1072
3203,3.0691812,2477.1763
3204,3.0693467,2480.2456
3205,3.0705762,2483.3162
3206,3.0722063,2486.3884
3207,3.0739632,2489.4624
3208,3.0729263,2492.5354
3209,3.0707698,2495.6062
3210,3.0686083,2498.6748
3211,3.0667415,2501.7415
3212,3.0666027,2504.808
3213,3.0671017,2507.8752
3214,3.0661669,2510.9414
3215,3.0649688,2514.0063
3216,3.064421,2517.0708
3217,3.0640044,2520.1348
3218,3.0623941,2523.1973
3219,3.061661,2526.259
3220,3.0615575,2529.3206
3221,3.0618794,2532.3823
3222,3.0612519,2535.4436
3223,3.060421,2538.504
3224,3.0600913,2541.564
3225,3.057988,2544.622
3226,3.0554519,2547.6775
3227,3.0530891,2550.7305
3228,3.051263,2553.7817
3229,3.0496547,2556.8313
3230,3.0495367,2559.8809
3231,3.0490112,2562.93
3232,3.0477655,2565.9778
3233,3.0453029,2569.0232
3234,3.042859,2572.0662
3235,3.0408869,2575.107
3236,3.040281,2578.1472
3237,3.0417836,2581.189
3238,3.0431335,2584.2322
3239,3.0448875,2587.277
3240,3.0445578,2590.3218
3241,3.0430553,2593.3647
3242,3.0408022,2596.4055
3243,3.0363724,2599.442
3244,3.0339797,2602.4758
3245,3.0322113,2605.508
3246,3.0325015,2608.5405
3247,3.0345774,2611.5752
3248,3.0351562,2614.6104
3249,3.0350168,2617.6453
3250,3.033753,2620.679
3251,3.0328696,2623.712
3252,3.0329332,2626.7449
3253,3.0329297,2629.7778
3254,3.0327926,2632.8105
3255,3.0324786,2635.843
3256,3.0330784,2638.876
3257,3.0342681,2641.9102
3258,3.0342486,2644.9443
3259,3.0342648,2647.9785
3260,3.0338027,2651.0122
3261,3.0334468,2654.0457
3262,3.032073,2657.0776
3263,3.0305455,2660.1082
3264,3.0302684,2663.1384
3265,3.0302756,2666.1687
3266,3.0303934,2669.199
3267,3.03109,2672.23
3268,3.030435,2675.2605
3269,3.0283663,2678.2888
3270,3.0270672,2681.316
3271,3.0254712,2684.3413
3272,3.0238838,2687.3652
3273,3.021597,2690.3867
3274,3.0191133,2693.4058
3275,3.0171077,2696.4229
3276,3.015407,2699.4382
3277,3.0139327,2702.4521
3278,3.0123787,2705.4646
3279,3.011417,2708.476
3280,3.011896,2711.488
3281,3.012444,2714.5005
3282,3.0147629,2717.5151
3283,3.0166774,2720.5317
3284,3.016834,2723.5486
3285,3.0167325,2726.5654
3286,3.0162466,2729.5818
3287,3.0170858,2732.5989
3288,3.0184162,2735.6172
3289,3.0197034,2738.637
3290,3.0200882,2741.657
3291,3.0204732,2744.6775
3292,3.0210814,2747.6985
3293,3.0202346,2750.7188
3294,3.0199456,2753.7388
3295,3.0190191,2756.7578
3296,3.0172195,2759.7751
3297,3.0149455,2762.79
3298,3.0158234,2765.806
3299,3.0179384,2768.8237
3300,3.0197215,2771.8435
3301,3.0210779,2774.8645
3302,3.0224974,2777.887
3303,3.0238783,2780.911
3304,3.0261824,2783.937
3305,3.0295525,2786.9666
3306,3.030961,2789.9976
3307,3.0308135,2793.0283
3308,3.0306058,2796.0588
3309,3.029989,2799.0889
3310,3.0305088,2802.1194
3311,3.0321457,2805.1516
3312,3.0331893,2808.1848
3313,3.0322244,2811.217
3314,3.0321472,2814.2493
3315,3.0324593,2817.2817
3316,3.0345495,2820.3164
3317,3.0371792,2823.3535
3318,3.0394487,2826.393
3319,3.0411932,2829.4343
3320,3.0405834,2832.4749
3321,3.0385811,2835.5134
3322,3.0373504,2838.5508
3323,3.0363138,2841.5872
3324,3.0360146,2844.6233
3325,3.0351813,2847.6584
3326,3.0340023,2850.6924
3327,3.033477,2853.7258
3328,3.0334582,2856.7593
3329,3.0316958,2859.791
3330,3.0301483,2862.821
3331,3.0297375,2865.8508
3332,3.0300877,2868.8809
3333,3.0287485,2871.9097
3334,3.0257466,2874.9353
3335,3.0225189,2877.9578
3336,3.0197017,2880.9775
3337,3.0167174,2883.9941
3338,3.0152688,2887.0095
3339,3.0132658,2890.0227
3340,3.0121887,2893.035
3341,3.011182,2896.0461
3342,3.0120363,2899.058
3343,3.0129647,2902.071
3344,3.013715,2905.0847
3345,3.0147066,2908.0994
3346,3.015612,2911.115
3347,3.0168202,2914.1318
3348,3.0179093,2917.1497
3349,3.0192156,2920.169
3350,3.0194752,2923.1885
3351,3.0198815,2926.2083
3352,3.0207055,2929.229
3353,3.0226278,2932.2517
3354,3.0232239,2935.275
3355,3.0231392,2938.298
3356,3.0231202,2941.3213
3357,3.022449,2944.3438
3358,3.022968,2947.3667
3359,3.0235329,2950.3901
3360,3.0223675,2953.4126
3361,3.0211947,2956.4338
3362,3.0189726,2959.453
3363,3.0161483,2962.469
3364,3.0145295,2965.4836
3365,3.0149157,2968.4985
3366,3.013648,2971.5122
3367,3.010953,2974.5232
3368,3.008195,2977.5315
3369,3.0059958,2980.5376
3370,3.00492,2983.5425
3371,3.0050445,2986.5476
3372,3.005184,2989.5527
3373,3.0057619,2992.5586
3374,3.0054677,2995.564
3375,3.0057812,2998.5698
3376,3.0065646,3001.5764
3377,3.0059505,3004.5823
3378,3.0052855,3007.5876
3379,3.0052512,3010.593
3380,3.0072162,3013.6003
3381,3.0113013,3016.6116
3382,3.0141234,3019.6257
3383,3.0149136,3022.6406
3384,3.0139,3025.6545
3385,3.0124435,3028.667
3386,3.0102923,3031.6772
3387,3.0081835,3034.6855
3388,3.0063689,3037.692
3389,3.0042357,3040.696
3390,3.0015686,3043.6975
3391,3.000334,3046.6978
3392,3.0013826,3049.6992
3393,3.0021908,3052.7014
3394,3.0023196,3055.7039
3395,3.0017383,3058.7056
3396,2.9999974,3061.7056
3397,2.998151,3064.7036
3398,2.9969091,3067.7004
3399,2.9957528,3070.6963
3400,2.9946203,3073.691
3401,2.9932485,3076.684
3402,2.9921494,3079.6763
3403,2.991708,3082.668
3404,2.9932678,3085.6611
3405,2.99525,3088.6565
3406,2.9967754,3091.6533
3407,2.9981232,3094.6514
3408,2.9995096,3097.651
3409,3.000764,3100.6516
3410,3.002871,3103.6545
3411,3.0052004,3106.6597
3412,3.0056002,3109.6653
3413,3.0061874,3112.6714
3414,3.0071046,3115.6785
3415,3.0089672,3118.6875
3416,3.0108757,3121.6985
3417,3.0112152,3124.7097
3418,3.011624,3127.7214
3419,3.011644,3130.7332
3420,3.0112545,3133.7444
3421,3.009679,3136.7542
3422,3.009917,3139.7642
3423,3.0099785,3142.7742
3424,3.0092752,3145.7834
3425,3.0095944,3148.793
3426,3.0108502,3151.8037
3427,3.010824,3154.8145
3428,3.012235,3157.8267
3429,3.0145502,3160.8413
3430,3.016657,3163.858
3431,3.0187256,3166.8767
3432,3.0177732,3169.8945
3433,3.016456,3172.911
3434,3.0158365,3175.9268
3435,3.016527,3178.9434
3436,3.0163884,3181.9597
3437,3.0162063,3184.9758
3438,3.0146036,3187.9905
3439,3.0125248,3191.003
3440,3.0110857,3194.014
3441,3.0110278,3197.025
3442,3.0114837,3200.0364
3443,3.0123682,3203.0488
3444,3.0125616,3206.0613
3445,3.012059,3209.0732
3446,3.0092993,3212.0825
3447,3.005297,3215.088
3448,3.001957,3218.0898
3449,2.999802,3221.0896
3450,2.9992688,3224.0889
3451,3.000057,3227.0889
3452,3.000604,3230.0894
3453,3.0002015,3233.0896
3454,2.9989955,3236.0886
3455,2.9978175,3239.0864
3456,2.997792,3242.0842
3457,2.998543,3245.0828
3458,2.999721,3248.0825
3459,2.99928,3251.0818
3460,2.9989688,3254.0808
3461,2.999256,3257.08
3462,3.0002801,3260.0803
3463,3.0015728,3263.0818
3464,3.0018694,3266.0837
3465,3.0020125,3269.0857
3466,3.002243,3272.088
3467,3.0015895,3275.0896
3468,3.0017583,3278.0913
3469,3.0033593,3281.0947
3470,3.004498,3284.099
3471,3.0041368,3287.1033
3472,3.0027165,3290.106
3473,3.001237,3293.1072
3474,2.9987361,3296.106
3475,2.9951472,3299.101
3476,2.9916813,3302.0928
3477,2.988945,3305.0818
3478,2.98965,3308.0715
3479,2.9916244,3311.0632
3480,2.9946017,3314.0579
3481,2.9994543,3317.0574
3482,3.0039856,3320.0613
3483,3.0086577,3323.0698
3484,3.0104177,3326.0803
3485,3.0106978,3329.091
3486,3.011142,3332.1023
3487,3.0116765,3335.114
3488,3.0122523,3338.1262
3489,3.013919,3341.1401
3490,3.0149984,3344.155
3491,3.0147638,3347.1697
3492,3.0153768,3350.185
3493,3.016947,3353.202
3494,3.0193145,3356.2212
3495,3.0221698,3359.2434
3496,3.0248013,3362.2683
3497,3.0271797,3365.2954
3498,3.0297105,3368.3252
3499,3.0300107,3371.3552
3500,3.029332,3374.3845
3501,3.0294194,3377.414
3502,3.0306516,3380.4448
3503,3.033985,3383.4788
3504,3.0363,3386.5151
3505,3.0376632,3389.5527
3506,3.0379322,3392.5906
3507,3.0364063,3395.627
3508,3.035223,3398.662
3509,3.0341475,3401.6963
3510,3.0333211,3404.7295
3511,3.0323424,3407.7617
3512,3.0319564,3410.7937
3513,3.0305498,3413.8242
3514,3.0287857,3416.853
3515,3.0260906,3419.8792
3516,3.0231369,3422.9023
3517,3.0209277,3425.9233
3518,3.0204413,3428.9438
3519,3.0202672,3431.964
3520,3.0203905,3434.9846
3521,3.021036,3438.0056
3522,3.0193942,3441.025
3523,3.0164492,3444.0413
3524,3.0141604,3447.0554
3525,3.010108,3450.0654
3526,3.0061862,3453.0715
3527,3.004146,3456.0757
3528,3.0048282,3459.0806
3529,3.0075836,3462.0881
3530,3.0120447,3465.1
3531,3.0166976,3468.1167
3532,3.019141,3471.1357
3533,3.0202217,3474.156
3534,3.0200396,3477.176
3535,3.020239,3480.1963
3536,3.0215447,3483.2178
3537,3.0239174,3486.2417
3538,3.0256245,3489.2673
3539,3.0257494,3492.293
3540,3.0263498,3495.3193
3541,3.0253975,3498.3447
3542,3.0258117,3501.3706
3543,3.026891,3504.3975
3544,3.0281005,3507.4255
3545,3.0284343,3510.4539
3546,3.0288746,3513.4827
3547,3.028109,3516.5107
3548,3.0278912,3519.5386
3549,3.0288408,3522.5674
3550,3.0312948,3525.5986
3551,3.0345888,3528.6333
3552,3.0366683,3531.67
3553,3.0374897,3534.7075
3554,3.0363772,3537.744
3555,3.033098,3540.777
3556,3.030251,3543.8074
3557,3.0272014,3546.8345
3558,3.0262032,3549.8606
3559,3.0256648,3552.8862
3560,3.0252516,3555.9114
3561,3.025454,3558.9368
3562,3.0260103,3561.963
3563,3.02618,3564.989
3564,3.0271907,3568.016
3565,3.0277338,3571.044
3566,3.0264957,3574.0706
3567,3.0235753,3577.0942
3568,3.0205643,3580.1147
3569,3.0188243,3583.1335
3570,3.0171797,3586.1506
3571,3.016131,3589.1667
3572,3.016296,3592.183
3573,3.0168633,3595.2
3574,3.0171566,3598.217
3575,3.0183651,3601.2354
3576,3.0180528,3604.2534
3577,3.017328,3607.2708
3578,3.0164979,3610.2874
3579,3.0159926,3613.3035
3580,3.0159826,3616.3193
3581,3.0157309,3619.335
3582,3.016366,3622.3513
3583,3.0169818,3625.3684
3584,3.016304,3628.3848
3585,3.0151453,3631.4
3586,3.0145187,3634.4143
3587,3.0137439,3637.428
3588,3.0145466,3640.4426
3589,3.0163214,3643.459
3590,3.0188549,3646.4778
3591,3.0207093,3649.4985
3592,3.020534,3652.519
3593,3.0197296,3655.5388
3594,3.0189798,3658.5579
3595,3.0187426,3661.5767
3596,3.0179868,3664.5947
3597,3.017924,3667.6125
3598,3.0172064,3670.6296
3599,3.016094,3673.6458
3600,3.015646,3676.6614
3601,3.0149179,3679.6763
3602,3.0142715,3682.6904
3603,3.012887,3685.7034
3604,3.0123825,3688.7158
3605,3.0117648,3691.7275
3606,3.0105996,3694.738
3607,3.0107129,3697.7488
3608,3.0111344,3700.76
3609,3.0111783,3703.7712
3610,3.0101016,3706.7812
3611,3.007926,3709.789
3612,3.0073695,3712.7964
3613,3.00822,3715.8047
3614,3.0084245,3718.8132
3615,3.0093045,3721.8225
3616,3.0094385,3724.832
3617,3.0088065,3727.8408
3618,3.007101,3730.848
3619,3.0055206,3733.8535
3620,3.0059025,3736.8594
3621,3.007383,3739.8667
3622,3.0103033,3742.877
3623,3.0140874,3745.891
3624,3.0167503,3748.908
3625,3.0192235,3751.9272
3626,3.020111,3754.9473
3627,3.020279,3757.9675
3628,3.0199313,3760.9875
3629,3.0172796,3764.005
3630,3.015363,3767.0203
3631,3.0141397,3770.0344
3632,3.013852,3773.0483
3633,3.0135348,3776.0618
3634,3.0135076,3779.0752
3635,3.0144417,3782.0896
3636,3.0158153,3785.1055
3637,3.0158083,3788.1213
3638,3.0149136,3791.1362
3639,3.0122197,3794.1484
3640,3.0098734,3797.1582
3641,3.007647,3800.1658
3642,3.007196,3803.1729
3643,3.0071976,3806.18
3644,3.0081055,3809.188
3645,3.009852,3812.1978
3646,3.011925,3815.2097
3647,3.012557,3818.2222
3648,3.0115798,3821.2336
3649,3.0090303,3824.2427
3650,3.0072067,3827.25
3651,3.0058365,3830.2559
3652,3.0062366,3833.2622
3653,3.0085106,3836.2708
3654,3.0108075,3839.2815
3655,3.0135753,3842.2952
3656,3.014689,3845.3098
3657,3.0166712,3848.3264
3658,3.0161803,3851.3425
3659,3.015445,3854.358
3660,3.0140326,3857.3718
3661,3.012734,3860.3845
3662,3.0122225,3863.3967
3663,3.0118053,3866.4084
3664,3.0120163,3869.4204
3665,3.0126977,3872.433
3666,3.0132837,3875.4463
3667,3.013328,3878.4597
3668,3.0119672,3881.4717
3669,3.0111475,3884.483
3670,3.0101767,3887.4932
3671,3.0098944,3890.5032
3672,3.009055,3893.5122
3673,3.007246,3896.5195
3674,3.0058975,3899.5254
3675,3.0036416,3902.529
3676,3.0019546,3905.531
3677,3.0019722,3908.533
3678,3.004082,3911.537
3679,3.0072207,3914.5444
3680,3.008292,3917.5527
3681,3.0069432,3920.5596
3682,3.005559,3923.5652
3683,3.004418,3926.5696
3684,3.003601,3929.5732
3685,3.0010283,3932.5742
3686,2.9976208,3935.5718
3687,2.9937484,3938.5654
3688,2.99253,3941.5579
3689,2.9932976,3944.5513
3690,2.9937615,3947.545
3691,2.9950092,3950.54
3692,2.9967253,3953.5369
3693,2.9982135,3956.5352
3694,2.9992557,3959.5344
3695,2.9998355,3962.5342
3696,2.9993308,3965.5334
3697,2.9987705,3968.5322
3698,2.998993,3971.5312
3699,2.998023,3974.5293
3700,2.997158,3977.5264
3701,2.9966953,3980.523
3702,2.9978235,3983.5208
3703,2.999195,3986.52
3704,2.9997597,3989.5198
3705,3.000055,3992.5198
3706,3.000893,3995.5208
3707,3.0014029,3998.5222
3708,3.0007849,4001.523
3709,3.0018313,4004.525
3710,3.0025983,4007.5276
3711,3.0018392,4010.5295
3712,3.0007164,4013.5303
3713,2.9994576,4016.5298
3714,2.9990728,4019.5288
3715,2.9982543,4022.527
3716,2.999127,4025.5261
3717,3.0002205,4028.5264
3718,3.0013678,4031.5278
3719,3.0016823,4034.5295
3720,3.0026054,4037.5322
3721,3.003658,4040.536
3722,3.003607,4043.5396
3723,3.0036514,4046.5432
3724,3.0050457,4049.5483
3725,3.0085046,4052.557
3726,3.0107355,4055.5676
3727,3.0112507,4058.5789
3728,3.0106418,4061.5896
3729,3.0112612,4064.6008
3730,3.0120616,4067.6128
3731,3.0121753,4070.625
3732,3.012568,4073.6375
3733,3.0124385,4076.65
3734,3.0140488,4079.664
3735,3.014084,4082.6782
3736,3.0162795,4085.6946
3737,3.018615,4088.7131
3738,3.019791,4091.733
3739,3.020435,4094.7534
3740,3.0203073,4097.774
3741,3.01965,4100.7935
3742,3.0190592,4103.8125
3743,3.0191808,4106.8315
3744,3.019049,4109.8506
3745,3.018798,4112.869
3746,3.0175683,4115.8867
3747,3.0168676,4118.904
3748,3.016856,4121.921
3749,3.0146189,4124.9355
3750,3.0131,4127.9487
3751,3.0126283,4130.9614
3752,3.013149,4133.9746
3753,3.013103,4136.988
3754,3.0128784,4140.0005
3755,3.0129995,4143.0137
3756,3.0129962,4146.027
3757,3.0130978,4149.04
3758,3.0125322,4152.0527
3759,3.0122173,4155.065
3760,3.0118608,4158.0767
3761,3.0117161,4161.0884
3762,3.012456,4164.101
3763,3.0141933,4167.115
3764,3.0147796,4170.13
3765,3.016095,4173.146
3766,3.015771,4176.1616
3767,3.0150902,4179.177
3768,3.0139923,4182.191
3769,3.0125237,4185.2036
3770,3.0107841,4188.2144
3771,3.0089629,4191.223
3772,3.0088599,4194.232
3773,3.0084996,4197.24
3774,3.007879,4200.248
3775,3.007415,4203.2554
3776,3.0067186,4206.262
3777,3.0061498,4209.2686
3778,3.004637,4212.273
3779,3.0042267,4215.2773
3780,3.0052187,4218.2827
3781,3.00568,4221.2886
3782,3.0048668,4224.2935
3783,3.002959,4227.2964
3784,3.0019023,4230.2983
3785,3.0016286,4233.3
3786,3.0009432,4236.301
3787,2.9997041,4239.3003
3788,2.999576,4242.3
3789,3.0010915,4245.301
3790,3.0031667,4248.3037
3791,3.0058215,4251.3096
3792,3.0080557,4254.3174
3793,3.010069,4257.3276
3794,3.0110629,4260.339
3795,3.0108743,4263.3496
3796,3.011103,4266.361
3797,3.0126178,4269.3735
3798,3.0132272,4272.3867
3799,3.0130422,4275.4
3800,3.0123894,4278.412
3801,3.0120811,4281.4243
3802,3.0120764,4284.4365
3803,3.0128067,4287.449
3804,3.013789,4290.463
3805,3.0150015,4293.478
3806,3.0161862,4296.494
3807,3.017602,4299.5117
3808,3.0178137,4302.5293
3809,3.018619,4305.548
3810,3.0190904,4308.567
3811,3.0184119,4311.5854
3812,3.0172362,4314.6025
3813,3.0163147,4317.6187
3814,3.015552,4320.6343
3815,3.0148733,4323.649
3816,3.0138137,4326.6626
3817,3.0120587,4329.675
3818,3.009705,4332.6846
3819,3.0063763,4335.691
3820,3.0038211,4338.695
3821,3.0030735,4341.6978
3822,3.003964,4344.7017
3823,3.0062432,4347.708
3824,3.007073,4350.715
3825,3.0073106,4353.722
3826,3.0062358,4356.7285
3827,3.005449,4359.734
3828,3.0046582,4362.739
3829,3.0037954,4365.7427
3830,3.0020838,4368.7446
3831,2.999635,4371.744
3832,2.9982905,4374.742
3833,2.9973216,4377.7397
3834,2.996184,4380.736
3835,2.9946072,4383.7305
3836,2.9954348,4386.726
3837,2.9980493,4389.724
3838,3.000382,4392.7246
3839,3.0021753,4395.7266
3840,3.0026295,4398.729
3841,3.0031793,4401.7324
3842,3.0032053,4404.736
3843,3.0034277,4407.7393
3844,3.0034006,4410.7427
3845,3.0024767,4413.745
3846,3.0019317,4416.747
3847,3.0000274,4419.747
3848,2.9986665,4422.7456
3849,2.9976926,4425.743
3850,2.9975238,4428.7407
3851,2.9996252,4431.74
3852,3.0021071,4434.742
3853,3.004146,4437.746
3854,3.0056262,4440.752
3855,3.006687,4443.759
3856,3.007461,4446.766
3857,3.009246,4449.7754
3858,3.0099878,4452.785
3859,3.0095732,4455.795
3860,3.0100198,4458.805
3861,3.0107605,4461.816
3862,3.0114167,4464.827
3863,3.0106826,4467.838
3864,3.0110877,4470.849
3865,3.0118585,4473.861
3866,3.0136633,4476.8745
3867,3.014684,4479.889
3868,3.0148754,4482.904
3869,3.014894,4485.919
3870,3.014696,4488.9336
3871,3.0161579,4491.9497
3872,3.0178707,4494.968
3873,3.0178347,4497.986
3874,3.0164058,4501.0024
3875,3.01451,4504.017
3876,3.014451,4507.0317
3877,3.0144725,4510.0464
3878,3.016305,4513.0625
3879,3.0185459,4516.081
3880,3.0210574,4519.102
3881,3.022892,4522.125
3882,3.0254602,4525.1504
3883,3.0289693,4528.179
3884,3.0317159,4531.211
3885,3.0330696,4534.244
3886,3.0335903,4537.278
3887,3.0320923,4540.31
3888,3.0307863,4543.341
3889,3.0306923,4546.3716
3890,3.0318592,4549.4033
3891,3.0344946,4552.438
3892,3.0357628,4555.4736
3893,3.0355198,4558.5093
3894,3.0340078,4561.5435
3895,3.0335238,4564.577
3896,3.0344262,4567.612
3897,3.0358841,4570.6475
3898,3.0361829,4573.6836
3899,3.0370674,4576.7207
3900,3.0368545,4579.7573
3901,3.0369904,4582.7944
3902,3.038335,4585.833
3903,3.0399094,4588.873
3904,3.0417643,4591.915
3905,3.0428607,4594.958
3906,3.0415077,4597.9995
3907,3.038045,4601.0376
3908,3.0352232,4604.0728
3909,3.031632,4607.1045
3910,3.02985,4610.1343
3911,3.0298755,4613.164
3912,3.028976,4616.193
3913,3.027813,4619.2207
3914,3.0257812,4622.2466
3915,3.023413,4625.27
3916,3.0227957,4628.293
3917,3.0232708,4631.3164
3918,3.0242538,4634.341
3919,3.0263216,4637.367
3920,3.0267303,4640.394
3921,3.0262702,4643.4204
3922,3.025182,4646.446
3923,3.022775,4649.4688
3924,3.019656,4652.4883
3925,3.0151825,4655.5034
3926,3.0112436,4658.5146
3927,3.0072668,4661.522
3928,3.00571,4664.528
3929,3.0055072,4667.533
3930,3.0058436,4670.539
3931,3.0056982,4673.545
3932,3.0050538,4676.55
3933,3.0032132,4679.553
3934,3.0034118,4682.5566
3935,3.0051348,4685.562
3936,3.0076125,4688.57
3937,3.0098257,4691.5796
3938,3.0106053,4694.5903
3939,3.010495,4697.6006
3940,3.0107229,4700.6113
3941,3.0110128,4703.6226
3942,3.0110657,4706.634
3943,3.0126822,4709.6465
3944,3.0134065,4712.6597
3945,3.0128713,4715.6724
3946,3.0124567,4718.685
3947,3.0144928,4721.6997
3948,3.0168395,4724.7163
3949,3.0188873,4727.7354
3950,3.019147,4730.7544
3951,3.0178711,4733.7725
3952,3.0154476,4736.788
3953,3.0137548,4739.802
3954,3.0137973,4742.8154
3955,3.0168412,4745.832
3956,3.0196898,4748.8516
3957,3.0212238,4751.8726
3958,3.0206292,4754.893
3959,3.0197382,4757.9126
3960,3.0202827,4760.933
3961,3.021169,4763.954
3962,3.0216343,4766.9756
3963,3.0215437,4769.997
3964,3.0207806,4773.018
3965,3.0203588,4776.0386
3966,3.0204833,4779.059
3967,3.0199962,4782.079
3968,3.0189264,4785.098
3969,3.0159814,4788.1143
3970,3.0139217,4791.1284
3971,3.012806,4794.141
3972,3.0131698,4797.1543
3973,3.0128415,4800.167
3974,3.0118933,4803.1787
3975,3.0122724,4806.191
3976,3.0127509,4809.2036
3977,3.013552,4812.2173
3978,3.0145586,4815.232
3979,3.0147617,4818.2466
3980,3.015184,4821.2617
3981,3.0147848,4824.2764
3982,3.0148163,4827.291
3983,3.014456,4830.3057
3984,3.0149732,4833.321
3985,3.0163107,4836.337
3986,3.0174217,4839.3545
3987,3.0195315,4842.374
3988,3.0200374,4845.394
3989,3.021793,4848.416
3990,3.0242004,4851.4404
3991,3.0270476,4854.4673
3992,3.0290053,4857.496
3993,3.0305626,4860.527
3994,3.0324187,4863.559
3995,3.0331883,4866.5923
3996,3.0343735,4869.6265
3997,3.03453,4872.661
3998,3.0340033,4875.6953
3999,3.0332348,4878.7285
4000,3.0314875,4881.76
4001,3.030785,4884.7905
4002,3.0301595,4887.821
4003,3.031029,4890.852
4004,3.0296807,4893.882
4005,3.0263875,4896.908
4006,3.0242858,4899.9326
4007,3.022653,4902.955
4008,3.0232363,4905.9785
4009,3.023138,4909.0015
4010,3.0224724,4912.024
4011,3.0223231,4915.0464
4012,3.022497,4918.069
4013,3.023442,4921.0923
4014,3.02428,4924.1167
4015,3.0249975,4927.1416
4016,3.0245504,4930.166
4017,3.023632,4933.1895
4018,3.023124,4936.2124
4019,3.0233338,4939.236
4020,3.0238204,4942.26
4021,3.0260665,4945.2856
4022,3.0275533,4948.313
4023,3.0283475,4951.3413
4024,3.0279226,4954.369
4025,3.0277047,4957.397
4026,3.0269983,4960.424
4027,3.0260286,4963.4497
4028,3.0255792,4966.475
4029,3.0264513,4969.5015
4030,3.028043,4972.5293
4031,3.0292597,4975.5586
4032,3.0287158,4978.5874
4033,3.0272171,4981.6147
4034,3.0242488,4984.639
4035,3.0216887,4987.6606
4036,3.0207913,4990.6816
4037,3.0211172,4993.7026
4038,3.0212271,4996.7236
4039,3.0213313,4999.745
4040,3.020879,5002.766
4041,3.0206943,5005.7866
4042,3.020791,5008.8076
4043,3.0186799,5011.826
4044,3.01668,5014.843
4045,3.0145438,5017.8574
4046,3.0145476,5020.872
4047,3.0155282,5023.8877
4048,3.016588,5026.9043
4049,3.0174632,5029.922
4050,3.0176184,5032.9395
4051,3.0165422,5035.956
4052,3.0151033,5038.971
4053,3.0132253,5041.9844
4054,3.0127816,5044.997
4055,3.0140517,5048.011
4056,3.0140035,5051.0254
4057,3.0111315,5054.0366
4058,3.0087447,5057.0454
4059,3.0063152,5060.052
4060,3.0051875,5063.057
4061,3.0054126,5066.0625
4062,3.0055501,5069.068
4063,3.0050342,5072.0728
4064,3.0048733,5075.0776
4065,3.0041516,5078.082
4066,3.0045354,5081.0864
4067,3.0051317,5084.092
4068,3.0061405,5087.098
4069,3.0070248,5090.105
4070,3.0074837,5093.1123
4071,3.0057611,5096.118
4072,3.0059042,5099.124
4073,3.0055969,5102.1294
4074,3.0056374,5105.1353
4075,3.0063064,5108.1416
4076,3.0086522,5111.1504
4077,3.0113757,5114.1616
4078,3.0124762,5117.1743
4079,3.0118124,5120.186
4080,3.0119088,5123.1978
4081,3.0141633,5126.212
4082,3.016546,5129.2285
4083,3.0202336,5132.2485
4084,3.0209894,5135.2695
4085,3.0212245,5138.2905
4086,3.0219915,5141.3125
4087,3.0209444,5144.3335
4088,3.0193896,5147.353
4089,3.0162659,5150.369
4090,3.01317,5153.3823
4091,3.0098095,5156.392
4092,3.007685,5159.4
4093,3.0062444,5162.4062
4094,3.005985,5165.412
4095,3.0074794,5168.4194
4096,3.0101242,5171.4297
4097,3.0139563,5174.444
4098,3.0166032,5177.4604
4099,3.0179152,5180.4785
4100,3.0182087,5183.4966
4101,3.0191128,5186.5156
4102,3.019672,5189.535
4103,3.0194638,5192.5547
4104,3.0189166,5195.5737
4105,3.0178554,5198.592
4106,3.018022,5201.61
4107,3.0196016,5204.6294
4108,3.020289,5207.65
4109,3.0200098,5210.67
4110,3.0181825,5213.688
4111,3.0185785,5216.7065
4112,3.0199456,5219.7266
4113,3.0214005,5222.748
4114,3.022416,5225.7705
4115,3.0236022,5228.794
4116,3.0240223,5231.818
4117,3.0239837,5234.842
4118,3.0231762,5237.8647
4119,3.0229723,5240.8877
4120,3.0224946,5243.91
4121,3.0226462,5246.9326
4122,3.0223815,5249.955
4123,3.0216815,5252.9766
4124,3.0197341,5255.996
4125,3.0165868,5259.0127
4126,3.0136123,5262.0264
4127,3.0115829,5265.038
4128,3.0110588,5268.0493
4129,3.0094173,5271.0586
4130,3.0078647,5274.0664
4131,3.0072472,5277.0737
4132,3.0079763,5280.0815
4133,3.0104132,5283.092
4134,3.0134223,5286.105
4135,3.0163922,5289.1216
4136,3.0174522,5292.139
4137,3.0175998,5295.1567
4138,3.0172482,5298.174
4139,3.0171967,5301.191
4140,3.0184336,5304.2095
4141,3.0213854,5307.231
4142,3.0250955,5310.256
4143,3.0287125,5313.2847
4144,3.030254,5316.315
4145,3.0301616,5319.345
4146,3.028837,5322.374
4147,3.0271387,5325.4014
4148,3.0257463,5328.4272
4149,3.0253966,5331.4526
4150,3.0250254,5334.4775
4151,3.0256526,5337.5034
4152,3.0268962,5340.5303
4153,3.0269902,5343.557
4154,3.0266976,5346.584
4155,3.0255992,5349.6094
4156,3.0247934,5352.6343
4157,3.023924,5355.658
4158,3.0239098,5358.682
4159,3.0246882,5361.707
4160,3.023892,5364.731
4161,3.0247881,5367.756
4162,3.0273092,5370.783
4163,3.0309339,5373.814
4164,3.0329785,5376.847
4165,3.0339198,5379.881
4166,3.0332222,5382.914
4167,3.031561,5385.946
4168,3.0299852,5388.9756
4169,3.02795,5392.0034
4170,3.026446,5395.03
4171,3.0246696,5398.0547
4172,3.0234025,5401.078
4173,3.0227096,5404.101
4174,3.0230398,5407.124
4175,3.0238335,5410.148
4176,3.0225465,5413.1704
4177,3.0197952,5416.1904
4178,3.018201,5419.2085
4179,3.0183275,5422.227
4180,3.0186343,5425.2456
4181,3.018651,5428.264
4182,3.0168316,5431.281
4183,3.0123239,5434.293
4184,3.010279,5437.303
4185,3.0096583,5440.313
4186,3.0107722,5443.3237
4187,3.0121932,5446.336
4188,3.0130727,5449.349
4189,3.0128942,5452.362
4190,3.013142,5455.375
4191,3.0122893,5458.387
4192,3.0121114,5461.3994
4193,3.0131793,5464.4126
4194,3.0152197,5467.4277
4195,3.016379,5470.4443
4196,3.0169153,5473.4614
4197,3.0171728,5476.4785
4198,3.016722,5479.495
4199,3.0152788,5482.5103
4200,3.01297,5485.5234
4201,3.0107522,5488.534
4202,3.0106385,5491.545
4203,3.0130413,5494.558
4204,3.0144928,5497.5728
4205,3.0154505,5500.5884
4206,3.0158355,5503.604
4207,3.014523,5506.6187
4208,3.0134127,5509.632
4209,3.0127683,5512.6445
4210,3.014292,5515.6587
4211,3.0156405,5518.6743
4212,3.0162768,5521.6904
4213,3.0174026,5524.708
4214,3.0187824,5527.7266
4215,3.019998,5530.7466
4216,3.0198064,5533.7666
4217,3.0177267,5536.784
4218,3.0167232,5539.801
4219,3.0168178,5542.8174
4220,3.0170233,5545.8345
4221,3.0171444,5548.8516
4222,3.0165758,5551.868
4223,3.0155475,5554.884
4224,3.015357,5557.899
4225,3.0161765,5560.915
4226,3.0174382,5563.9326
4227,3.018571,5566.951
4228,3.020151,5569.971
4229,3.0218322,5572.993
4230,3.0228014,5576.016
4231,3.0247903,5579.041
4232,3.0250838,5582.066
4233,3.023838,5585.09
4234,3.020907,5588.111
4235,3.0185535,5591.1294
4236,3.0165062,5594.146
4237,3.0143619,5597.16
4238,3.013184,5600.1733
4239,3.0143158,5603.1875
4240,3.01587,5606.2036
4241,3.0182745,5609.2217
4242,3.0200856,5612.2417
4243,3.0198245,5615.2617
4244,3.020589,5618.282
4245,3.022171,5621.304
4246,3.0231771,5624.327
4247,3.023469,5627.3506
4248,3.0238466,5630.3745
4249,3.024233,5633.399
4250,3.0245602,5636.4233
4251,3.0255709,5639.4487
4252,3.0265055,5642.475
4253,3.0273201,5645.5024
4254,3.0289917,5648.5312
4255,3.03048,5651.5615
4256,3.0323334,5654.5938
4257,3.0341873,5657.628
4258,3.0345178,5660.6626
4259,3.0333736,5663.696
4260,3.0327816,5666.7285
4261,3.0331998,5669.7617
4262,3.0341995,5672.796
4263,3.0359104,5675.832
4264,3.0367615,5678.8687
4265,3.036819,5681.9053
4266,3.0365572,5684.942
4267,3.035526,5687.9775
4268,3.033888,5691.011
4269,3.0323622,5694.0435
4270,3.0308764,5697.074
4271,3.028442,5700.1025
4272,3.0250723,5703.1274
4273,3.0219457,5706.1494
4274,3.0186555,5709.168
4275,3.014592,5712.1826
4276,3.0128982,5715.1953
4277,3.012072,5718.2075
4278,3.008611,5721.2163
4279,3.005745,5724.222
4280,2.9997058,5727.2217
4281,2.994738,5730.2163
4282,2.987533,5733.2036
4283,2.9828563,5736.1865
4284,2.9775581,5739.164
4285,2.9722383,5742.136
4286,2.965847,5745.102
4287,2.9611056,5748.063
4288,2.9551342,5751.018
4289,2.9521847,5753.97
4290,2.949457,5756.9194
4291,2.9466515,5759.866
4292,2.9426172,5762.8086
4293,2.9389844,5765.7476
4294,2.9377348,5768.685
4295,2.9402385,5771.6255
4296,2.942881,5774.5684
4297,2.9466121,5777.515
4298,2.9486399,5780.464
4299,2.9513195,5783.415
4300,2.9518826,5786.3667
4301,2.9524398,5789.3193
4302,2.9526846,5792.272
4303,2.9532073,5795.225
4304,2.9547768,5798.1797
4305,2.9556441,5801.1353
4306,2.9555674,5804.091
4307,2.9545069,5807.0454
4308,2.954942,5810.0005
4309,2.9566693,5812.957
4310,2.9599686,5815.917
4311,2.9645908,5818.8813
4312,2.9700534,5821.8516
4313,2.9735308,5824.825
4314,2.9751174,5827.8003
4315,2.976024,5830.7764
4316,2.9788363,5833.7554
4317,2.9813912,5836.737
4318,2.9846222,5839.7217
4319,2.9856818,5842.7075
4320,2.9873195,5845.695
4321,2.9898129,5848.6846
4322,2.9927766,5851.6772
4323,2.99669,5854.674
4324,3.000563,5857.6743
4325,3.0036056,5860.6777
4326,3.0053074,5863.683
4327,3.0106413,5866.694
4328,3.015153,5869.709
4329,3.0199857,5872.729
4330,3.0228179,5875.752
4331,3.0257857,5878.778
4332,3.0279648,5881.8057
4333,3.031866,5884.8374
4334,3.0342526,5887.8716
4335,3.037101,5890.9087
4336,3.039526,5893.948
4337,3.0449443,5896.993
4338,3.0490355,5900.042
4339,3.0543861,5903.096
4340,3.0583827,5906.155
4341,3.0643637,5909.219
4342,3.070107,5912.2896
4343,3.0771053,5915.3667
4344,3.0811715,5918.4478
4345,3.084581,5921.532
4346,3.0861025,5924.618
4347,3.0889597,5927.707
4348,3.0923834,5930.7993
4349,3.0960126,5933.8955
4350,3.0989568,5936.9946
4351,3.1016433,5940.096
4352,3.1034136,5943.1997
4353,3.1057189,5946.3057
4354,3.1084263,5949.414
4355,3.1115963,5952.526
4356,3.1125941,5955.6387
4357,3.1145358,5958.7534
4358,3.1187093,5961.872
4359,3.1234012,5964.9956
4360,3.1280084,5968.1235
4361,3.1335106,5971.257
4362,3.1400084,5974.397
4363,3.1467495,5977.544
4364,3.149618,5980.6934
4365,3.147665,5983.841
4366,3.1456828,5986.9863
4367,3.1442664,5990.1304
4368,3.1450891,5993.2754
4369,3.1434758,5996.419
4370,3.1432288,5999.562
4371,3.143957,6002.706
4372,3.1472445,6005.8535
4373,3.1523373,6009.006
4374,3.1563973,6012.162
4375,3.1607573,6015.3228
4376,3.1625092,6018.4854
4377,3.1637747,6021.649
4378,3.1613934,6024.8105
4379,3.1548853,6027.9653
4380,3.149955,6031.115
4381,3.1478903,6034.263
4382,3.1474779,6037.4106
4383,3.1480517,6040.5586
4384,3.1478822,6043.7065
4385,3.144723,6046.851
4386,3.1413696,6049.9927
4387,3.1393318,6053.132
4388,3.1393795,6056.271
4389,3.1410873,6059.412
4390,3.1418371,6062.5537
4391,3.1426451,6065.6963
4392,3.1418855,6068.8384
4393,3.1371515,6071.9756
4394,3.1318953,6075.1074
4395,3.1230693,6078.2305
4396,3.116863,6081.347
4397,3.1107607,6084.458
4398,3.1077242,6087.566
4399,3.10488,6090.671
4400,3.103429,6093.7744
4401,3.1000032,6096.8745
4402,3.0970829,6099.9717
4403,3.0958712,6103.0674
4404,3.0957854,6106.163
4405,3.0950394,6109.2583
4406,3.0943902,6112.3525
4407,3.0950484,6115.4478
4408,3.096932,6118.545
4409,3.0989828,6121.644
4410,3.0992758,6124.743
4411,3.0970016,6127.8403
4412,3.0961068,6130.9365
4413,3.0947094,6134.0312
4414,3.0938187,6137.125
4415,3.091904,6140.217
4416,3.0881448,6143.305
4417,3.083296,6146.3887
4418,3.0801136,6149.4688
4419,3.07776,6152.5464
4420,3.0773046,6155.6235
4421,3.0781183,6158.7017
4422,3.0793092,6161.781
4423,3.0785935,6164.8594
4424,3.078887,6167.9385
4425,3.078024,6171.0166
4426,3.0776348,6174.094
4427,3.0785186,6177.173
4428,3.079466,6180.2524
4429,3.078548,6183.331
4430,3.0770383,6186.408
4431,3.0744357,6189.4824
4432,3.073743,6192.556
4433,3.0737765,6195.63
4434,3.0746703,6198.7046
4435,3.0766127,6201.7812
4436,3.0775409,6204.859
4437,3.0782542,6207.937
4438,3.07842,6211.0156
4439,3.078923,6214.0947
4440,3.078151,6217.173
4441,3.0753255,6220.248
4442,3.0737395,6223.322
4443,3.0744534,6226.396
4444,3.071811,6229.468
4445,3.0663497,6232.534
4446,3.0585449,6235.593
4447,3.0505385,6238.6436
4448,3.041559,6241.685
4449,3.0333247,6244.7183
4450,3.0260742,6247.744
4451,3.0208528,6250.765
4452,3.013649,6253.779
4453,3.0068972,6256.7856
4454,2.9992137,6259.7847
4455,2.9915123,6262.7764
4456,2.9843295,6265.7607
4457,2.9781282,6268.739
4458,2.9732492,6271.712
4459,2.9702487,6274.682
4460,2.9683971,6277.6504
4461,2.9663026,6280.6167
4462,2.9653494,6283.582
4463,2.9650273,6286.547
4464,2.9648182,6289.5117
4465,2.9645233,6292.476
4466,2.964331,6295.4404
4467,2.9651015,6298.406
4468,2.966299,6301.372
4469,2.9672527,6304.3394
4470,2.967986,6307.307
4471,2.9676437,6310.275
4472,2.9676387,6313.2427
4473,2.9676378,6316.2104
4474,2.9686198,6319.179
4475,2.9702096,6322.1494
4476,2.9723084,6325.1216
4477,2.9741483,6328.0957
4478,2.976541,6331.0723
4479,2.9781866,6334.0503
4480,2.9783223,6337.029
4481,2.9771771,6340.006
4482,2.9772284,6342.983
4483,2.9777157,6345.9604
4484,2.9787905,6348.9395
4485,2.9787621,6351.9185
4486,2.9800289,6354.8984
4487,2.980885,6357.8794
4488,2.9809504,6360.8604
4489,2.9803917,6363.841
4490,2.9801967,6366.821
4491,2.9810708,6369.802
4492,2.984032,6372.7856
4493,2.9892235,6375.775
4494,2.9934442,6378.7686
4495,2.997322,6381.766
4496,3.000178,6384.766
4497,3.0029562,6387.769
4498,3.0044022,6390.7734
4499,3.006226,6393.78
4500,3.0075164,6396.787
4501,3.0075476,6399.7944
4502,3.0074706,6402.802
4503,3.006782,6405.8086
4504,3.004032,6408.8125
4505,3.0016344,6411.814
4506,3.0007904,6414.815
4507,3.0014358,6417.8164
4508,3.0012448,6420.818
4509,3.0010858,6423.819
4510,3.0007274,6426.8193
4511,3.0028253,6429.8223
4512,3.0037136,6432.826
4513,3.0049546,6435.831
4514,3.0064156,6438.8374
4515,3.0078862,6441.845
4516,3.0093737,6444.8545
4517,3.0103128,6447.8647
4518,3.0098271,6450.8745
4519,3.008728,6453.8833
4520,3.0071623,6456.8906
4521,3.0050707,6459.8955
4522,3.004218,6462.9
4523,3.0039613,6465.904
4524,3.0042157,6468.908
4525,3.0037496,6471.912
4526,3.0030289,6474.915
4527,3.0006888,6477.9155
4528,2.995358,6480.9106
4529,2.990042,6483.901
4530,2.9857357,6486.8867
4531,2.9827876,6489.8696
4532,2.9793122,6492.849
4533,2.9758039,6495.8247
4534,2.971745,6498.7964
4535,2.9684975,6501.7646
4536,2.9651098,6504.73
4537,2.9608057,6507.691
4538,2.9578555,6510.649
4539,2.955885,6513.605
4540,2.9545455,6516.5596
4541,2.953703,6519.513
4542,2.9525576,6522.466
4543,2.951822,6525.4175
4544,2.9507418,6528.368
4545,2.9483664,6531.3164
4546,2.9466393,6534.263
4547,2.9446454,6537.208
4548,2.9416854,6540.15
4549,2.938318,6543.0884
4550,2.935972,6546.0244
4551,2.9337628,6548.958
4552,2.9325805,6551.8906
4553,2.9298642,6554.8203
4554,2.9290197,6557.7495
4555,2.9303896,6560.6797
4556,2.931852,6563.6113
4557,2.932368,6566.5435
4558,2.9295845,6569.473
4559,2.9242263,6572.3975
4560,2.9192092,6575.317
4561,2.9148722,6578.232
4562,2.9132657,6581.145
4563,2.9136455,6584.0586
4564,2.91281,6586.971
4565,2.9116793,6589.883
4566,2.909904,6592.7925
4567,2.9045084,6595.697
4568,2.9006512,6598.5977
4569,2.8970082,6601.4946
4570,2.895038,6604.3896
4571,2.8931458,6607.2827
4572,2.8899689,6610.173
4573,2.8857415,6613.0586
4574,2.882805,6615.9414
4575,2.8823767,6618.8237
4576,2.8838933,6621.7075
4577,2.888129,6624.5957
4578,2.890686,6627.4863
4579,2.8899045,6630.3765
4580,2.8898592,6633.266
4581,2.8897467,6636.156
4582,2.8900344,6639.046
4583,2.8927822,6641.9385
4584,2.8962822,6644.835
4585,2.898555,6647.7334
4586,2.900982,6650.6343
4587,2.9035442,6653.5376
4588,2.9069097,6656.4443
4589,2.9098022,6659.354
4590,2.9126358,6662.2666
4591,2.9154778,6665.182
4592,2.9172552,6668.0996
4593,2.919449,6671.019
4594,2.9210742,6673.94
4595,2.9222407,6676.8623
4596,2.9222403,6679.7847
4597,2.923824,6682.7085
4598,2.9263332,6685.635
4599,2.9295075,6688.5645
4600,2.93054,6691.495
4601,2.9297125,6694.425
4602,2.9286516,6697.3535
4603,2.9283845,6700.2817
4604,2.9297738,6703.2114
4605,2.931647,6706.143
4606,2.9302435,6709.073
4607,2.927483,6712.0005
4608,2.9252605,6714.926
4609,2.9222727,6717.848
4610,2.9200537,6720.768
4611,2.9185684,6723.6865
4612,2.916459,6726.603
4613,2.9154353,6729.5186
4614,2.9159884,6732.4346
4615,2.914417,6735.349
4616,2.9134197,6738.2627
4617,2.914302,6741.177
4618,2.913399,6744.0903
4619,2.9119985,6747.0024
4620,2.9093356,6749.9116
4621,2.9049926,6752.8164
4622,2.9007704,6755.7173
4623,2.8974822,6758.6147
4624,2.8941054,6761.509
4625,2.8915167,6764.4004
4626,2.8912508,6767.2915
4627,2.8907614,6770.182
4628,2.8901176,6773.0723
4629,2.886194,6775.9585
4630,2.884399,6778.843
4631,2.8839111,6781.7266
4632,2.8842666,6784.611
4633,2.8854678,6787.496
4634,2.88723,6790.3833
4635,2.889882,6793.273
4636,2.8906407,6796.1636
4637,2.892344,6799.056
4638,2.8925056,6801.9487
4639,2.8920214,6804.841
4640,2.893153,6807.734
4641,2.8933666,6810.6274
4642,2.8929536,6813.5205
4643,2.8924022,6816.413
4644,2.8929665,6819.306
4645,2.8941588,6822.2
4646,2.893661,6825.0938
4647,2.8910735,6827.985
4648,2.8868816,6830.8716
4649,2.8809357,6833.7524
4650,2.8777018,6836.6304
4651,2.8769891,6839.5073
4652,2.8752737,6842.383
4653,2.8699868,6845.253
4654,2.8657901,6848.1187
4655,2.8586712,6850.9775
4656,2.8547952,6853.8325
4657,2.8533432,6856.686
4658,2.8521132,6859.538
4659,2.8492725,6862.387
4660,2.8466682,6865.234
4661,2.844304,6868.078
4662,2.8432634,6870.9214
4663,2.8441713,6873.7656
4664,2.8436046,6876.6094
4665,2.8404028,6879.4497
4666,2.8346934,6882.284
4667,2.8274982,6885.112
4668,2.8213458,6887.933
4669,2.8154964,6890.7485
4670,2.8114688,6893.56
4671,2.8075001,6896.3677
4672,2.8041022,6899.172
4673,2.7986689,6901.9707
4674,2.7956064,6904.766
4675,2.7956512,6907.5615
4676,2.795372,6910.357
4677,2.796242,6913.1533
4678,2.7954626,6915.9487
4679,2.7932765,6918.742
4680,2.7881825,6921.5303
4681,2.7821813,6924.3125
4682,2.7777073,6927.0903
4683,2.7755122,6929.8657
4684,2.7763035,6932.642
4685,2.7805982,6935.423
4686,2.7842877,6938.207
4687,2.787597,6940.9946
4688,2.7872112,6943.7817
4689,2.785178,6946.567
4690,2.783282,6949.35
4691,2.780665,6952.131
4692,2.7787366,6954.9097
4693,2.7754374,6957.685
4694,2.7693222,6960.4546
4695,2.761954,6963.2163
4696,2.756869,6965.973
4697,2.7520394,6968.725
4698,2.747439,6971.4727
4699,2.7403948,6974.213
4700,2.7324088,6976.9453
4701,2.725631,6979.671
4702,2.7223854,6982.393
4703,2.7182143,6985.1113
4704,2.7151153,6987.8267
4705,2.7140448,6990.5405
4706,2.7137582,6993.2544
4707,2.7141216,6995.9688
4708,2.7144399,6998.683
4709,2.7144911,7001.3975
4710,2.71447,7004.112
4711,2.7172945,7006.829
4712,2.7213035,7009.5503
4713,2.723296,7012.2734
4714,2.7200189,7014.9937
4715,2.7144537,7017.708
4716,2.7104015,7020.4185
4717,2.7118297,7023.1304
4718,2.7131124,7025.8433
4719,2.715324,7028.5586
4720,2.7158031,7031.2744
4721,2.715277,7033.9897
4722,2.7146084,7036.7046
4723,2.7156463,7039.4204
4724,2.7189019,7042.139
4725,2.7234576,7044.863
4726,2.7250433,7047.588
4727,2.7290063,7050.317
4728,2.7307599,7053.048
4729,2.730188,7055.778
4730,2.7277625,7058.5054
4731,2.724643,7061.23
4732,2.7246547,7063.9546
4733,2.7278674,7066.6826
4734,2.7305493,7069.413
4735,2.7318375,7072.145
4736,2.7302794,7074.8755
4737,2.7273922,7077.603
4738,2.7245965,7080.3276
4739,2.7242403,7083.052
4740,2.7259045,7085.778
4741,2.7291412,7088.507
4742,2.7310512,7091.238
4743,2.730465,7093.9683
4744,2.728181,7096.6963
4745,2.7267718,7099.423
4746,2.727208,7102.15
4747,2.728319,7104.8784
4748,2.7296307,7107.608
4749,2.7346444,7110.343
4750,2.739273,7113.082
4751,2.745612,7115.8276
4752,2.7475173,7118.575
4753,2.7473085,7121.3223
4754,2.744179,7124.0664
4755,2.743064,7126.8096
4756,2.742106,7129.552
4757,2.743601,7132.2954
4758,2.7454257,7135.041
4759,2.7503524,7137.7915
4760,2.754064,7140.5454
4761,2.757208,7143.3027
4762,2.75675,7146.0596
4763,2.7539482,7148.8135
4764,2.7517254,7151.5654
4765,2.7515972,7154.317
4766,2.7513924,7157.0684
4767,2.7508097,7159.8193
4768,2.750919,7162.5703
4769,2.7533634,7165.3237
4770,2.7564862,7168.08
4771,2.7598267,7170.84
4772,2.7603009,7173.6
4773,2.758361,7176.3584
4774,2.7537384,7179.1123
4775,2.7485213,7181.861
4776,2.744247,7184.605
4777,2.7402654,7187.345
4778,2.7412295,7190.0864
4779,2.7436166,7192.83
4780,2.7482474,7195.578
4781,2.7539575,7198.332
4782,2.758097,7201.0903
4783,2.7597623,7203.85
4784,2.7601638,7206.6104
4785,2.7603552,7209.3706
4786,2.760103,7212.131
4787,2.760957,7214.8916
4788,2.761807,7217.6533
4789,2.7644274,7220.418
4790,2.7702072,7223.188
4791,2.7747693,7225.963
4792,2.775317,7228.7383
4793,2.7722685,7231.5107
4794,2.7697992,7234.281
4795,2.7708254,7237.052
4796,2.7777288,7239.8296
4797,2.785698,7242.615
4798,2.792573,7245.4077
4799,2.7983835,7248.206
4800,2.801799,7251.008
4801,2.804194,7253.812
4802,2.806041,7256.618
4803,2.8094623,7259.4277
4804,2.8108478,7262.239
4805,2.8130035,7265.052
4806,2.817062,7267.8687
4807,2.8235474,7270.6924
4808,2.8297873,7273.522
4809,2.8438995,7276.3657
4810,2.8616042,7279.2275
4811,2.8678331,7282.095
4812,2.8722808,7284.9673
4813,2.8767827,7287.844
4814,2.879184,7290.7236
4815,2.8813152,7293.605
4816,2.881296,7296.4863
4817,2.8819423,7299.368
4818,2.8831491,7302.2515
4819,2.8845286,7305.136
4820,2.8848739,7308.021
4821,2.8852015,7310.9062
4822,2.8838274,7313.79
4823,2.882153,7316.6724
4824,2.8796055,7319.552
4825,2.8782418,7322.43
4826,2.878709,7325.309
4827,2.8798666,7328.189
4828,2.8815475,7331.0703
4829,2.8828769,7333.953
4830,2.8824878,7336.8354
4831,2.88143,7339.717
4832,2.8824463,7342.599
4833,2.882457,7345.4814
4834,2.8826838,7348.3643
4835,2.8832164,7351.2476
4836,2.884601,7354.1323
4837,2.886455,7357.0186
4838,2.8860943,7359.905
4839,2.8845894,7362.7896
4840,2.8820698,7365.6714
4841,2.8787608,7368.5503
4842,2.8774598,7371.4277
4843,2.8766975,7374.304
4844,2.877798,7377.182
4845,2.879264,7380.0615
4846,2.8806932,7382.9424
4847,2.8819728,7385.824
4848,2.883636,7388.708
4849,2.8861337,7391.594
4850,2.8885317,7394.483
4851,2.890244,7397.373
4852,2.8896272,7400.2627
4853,2.8877707,7403.1504
4854,2.8857238,7406.036
4855,2.8860958,7408.9224
4856,2.8885036,7411.811
4857,2.890336,7414.701
4858,2.8863199,7417.5874
4859,2.8812578,7420.4688
4860,2.881824,7423.3506
4861,2.8838387,7426.2344
4862,2.8865752,7429.121
4863,2.888246,7432.0093
4864,2.888371,7434.8975
4865,2.8884716,7437.786
4866,2.8874905,7440.674
4867,2.8869672,7443.561
4868,2.8871331,7446.448
4869,2.8865733,7449.335
4870,2.8839724,7452.2188
4871,2.8784785,7455.097
4872,2.8719356,7457.969
4873,2.866694,7460.836
4874,2.8646822,7463.7007
4875,2.8631923,7466.564
4876,2.8625116,7469.4263
4877,2.862685,7472.289
4878,2.861776,7475.151
4879,2.8595552,7478.0103
4880,2.8575356,7480.8677
4881,2.8536606,7483.721
4882,2.8497636,7486.571
4883,2.8455713,7489.4165
4884,2.8418941,7492.2583
4885,2.8361025,7495.094
4886,2.8303936,7497.925
4887,2.8240356,7500.749
4888,2.8208427,7503.57
4889,2.8181279,7506.388
4890,2.8171551,7509.2056
4891,2.8180025,7512.0234
4892,2.8195214,7514.843
4893,2.8218508,7517.6646
4894,2.8238618,7520.4883
4895,2.8257122,7523.314
4896,2.8253188,7526.139
4897,2.8238976,7528.963
4898,2.8225677,7531.7856
4899,2.8237157,7534.6094
4900,2.8235674,7537.433
4901,2.8227417,7540.256
4902,2.8203888,7543.076
4903,2.8156319,7545.8916
4904,2.8137383,7548.7056
4905,2.8120584,7551.5176
4906,2.8102791,7554.3276
4907,2.8078387,7557.1353
4908,2.806701,7559.942
4909,2.8066366,7562.7485
4910,2.8065665,7565.555
4911,2.806206,7568.3613
4912,2.8061948,7571.1675
4913,2.8069758,7573.9746
4914,2.8079224,7576.7827
4915,2.8088577,7579.592
4916,2.8087451,7582.4004
4917,2.8082564,7585.2085
4918,2.8054082,7588.0137
4919,2.7991867,7590.813
4920,2.7924876,7593.6055
4921,2.7862275,7596.3916
4922,2.7842762,7599.176
4923,2.7839065,7601.9595
4924,2.783587,7604.743
4925,2.7828794,7607.526
4926,2.7824929,7610.3086
4927,2.7814877,7613.09
4928,2.7808492,7615.8706
4929,2.7787743,7618.6494
4930,2.776529,7621.426
4931,2.7762926,7624.202
4932,2.7779946,7626.98
4933,2.781294,7629.761
4934,2.7819116,7632.543
4935,2.7805002,7635.323
4936,2.7801,7638.1035
4937,2.7800941,7640.884
4938,2.779526,7643.663
4939,2.7777247,7646.441
4940,2.7757308,7649.217
4941,2.7712946,7651.9883
4942,2.7682953,7654.7563
4943,2.7666366,7657.523
4944,2.7642827,7660.287
4945,2.759933,7663.047
4946,2.7564688,7665.803
4947,2.7556512,7668.559
4948,2.756047,7671.315
4949,2.7584047,7674.073
4950,2.7623358,7676.8354
4951,2.7667458,7679.602
4952,2.770552,7682.3726
4953,2.77373,7685.1465
4954,2.77503,7687.9214
4955,2.7763524,7690.6978
4956,2.7759762,7693.4736
4957,2.774918,7696.2485
4958,2.7722805,7699.021
4959,2.7703774,7701.7915
4960,2.7696478,7704.561
4961,2.768886,7707.33
4962,2.7656064,7710.0957
4963,2.7612271,7712.857
4964,2.7569,7715.614
4965,2.7516556,7718.365
4966,2.7459693,7721.1113
4967,2.7409062,7723.852
4968,2.7348533,7726.587
4969,2.729825,7729.317
4970,2.7261002,7732.043
4971,2.7225313,7734.7656
4972,2.719355,7737.485
4973,2.7188723,7740.2036
4974,2.7218904,7742.9253
4975,2.7270236,7745.6523
4976,2.7306728,7748.383
4977,2.7317336,7751.1147
4978,2.7314904,7753.846
4979,2.730349,7756.5767
4980,2.7289932,7759.3057
4981,2.7253692,7762.0312
4982,2.7209725,7764.7524
4983,2.7166986,7767.469
4984,2.7149594,7770.184
4985,2.7173986,7772.9014
4986,2.7196736,7775.621
4987,2.721807,7778.343
4988,2.721739,7781.0645
4989,2.7203019,7783.7847
4990,2.7202144,7786.505
4991,2.7201772,7789.225
4992,2.7171767,7791.9424
4993,2.7091575,7794.6514
4994,2.7021155,7797.3535
4995,2.6964483,7800.05
4996,2.6947405,7802.7446
4997,2.6961117,7805.441
4998,2.697422,7808.138
4999,2.6971848,7810.8354
5000,2.6938736,7813.5293
5001,2.6894763,7816.2188
5002,2.686253,7818.905
5003,2.6855638,7821.5903
5004,2.686233,7824.2764
5005,2.6886683,7826.965
5006,2.6919217,7829.6567
5007,2.6984038,7832.355
5008,2.7021673,7835.057
5009,2.7023938,7837.76
5010,2.6990252,7840.459
5011,2.6936066,7843.153
5012,2.6852753,7845.838
5013,2.6762176,7848.514
5014,2.667417,7851.1816
5015,2.6589797,7853.841
5016,2.6526084,7856.4937
5017,2.6456316,7859.139
5018,2.6406653,7861.78
5019,2.6374202,7864.417
5020,2.6394198,7867.0566
5021,2.6437764,7869.7
5022,2.64512,7872.345
5023,2.6444867,7874.9897
5024,2.6441214,7877.634
5025,2.6435492,7880.2773
5026,2.6441927,7882.9214
5027,2.6453583,7885.567
5028,2.643837,7888.211
5029,2.640238,7890.851
5030,2.6379406,7893.4893
5031,2.6381097,7896.1274
5032,2.6418157,7898.769
5033,2.6492932,7901.4185
5034,2.6565423,7904.075
5035,2.6645992,7906.7397
5036,2.671971,7909.4116
5037,2.679298,7912.091
5038,2.6844714,7914.7754
5039,2.688581,7917.464
5040,2.6895666,7920.1533
5041,2.6898253,7922.8433
5042,2.6905124,7925.5337
5043,2.691363,7928.225
5044,2.6905549,7930.9155
5045,2.6876428,7933.603
5046,2.6844409,7936.2876
5047,2.6817162,7938.969
5048,2.6786046,7941.648
5049,2.6743398,7944.3223
5050,2.673423,7946.9956
5051,2.674843,7949.6704
5052,2.6790295,7952.3496
5053,2.6844156,7955.034
5054,2.6886666,7957.7227
5055,2.692101,7960.4146
5056,2.6944346,7963.109
5057,2.6965902,7965.8057
5058,2.697579,7968.5034
5059,2.698896,7971.202
5060,2.698764,7973.901
5061,2.6971927,7976.598
5062,2.695115,7979.2935
5063,2.6926339,7981.9863
5064,2.6909108,7984.6772
5065,2.6896002,7987.3667
5066,2.6879058,7990.0547
5067,2.6867125,7992.741
5068,2.6874886,7995.4287
5069,2.6853673,7998.1143
5070,2.679027,8000.7935
5071,2.6734097,8003.467
5072,2.6718247,8006.1387
5073,2.6714334,8008.81
5074,2.6708472,8011.481
5075,2.6720433,8014.153
5076,2.6754482,8016.828
5077,2.6792483,8019.5073
5078,2.6810617,8022.1885
5079,2.6828618,8024.8716
5080,2.6849353,8027.5566
5081,2.6876187,8030.244
5082,2.689902,8032.934
5083,2.6932724,8035.6274
5084,2.694289,8038.322
5085,2.6940248,8041.0156
5086,2.6924844,8043.708
5087,2.690068,8046.398
5088,2.688113,8049.086
5089,2.6872618,8051.7734
5090,2.6886635,8054.462
5091,2.6909647,8057.153
5092,2.6894536,8059.8423
5093,2.6876209,8062.53
5094,2.6847844,8065.2144
5095,2.6816373,8067.896
5096,2.6796083,8070.5757
5097,2.6776648,8073.2534
5098,2.6785445,8075.932
5099,2.6802163,8078.6123
5100,2.6831372,8081.2954
5101,2.6836786,8083.979
5102,2.6811156,8086.66
5103,2.677533,8089.338
5104,2.6753342,8092.013
5105,2.673753,8094.687
5106,2.6733313,8097.3604
5107,2.675403,8100.0356
5108,2.6763458,8102.712
5109,2.6788013,8105.3906
5110,2.6778955,8108.0684
5111,2.6770644,8110.7456
5112,2.6759784,8113.4214
5113,2.672729,8116.094
5114,2.6696038,8118.7637
5115,2.6674328,8121.431
5116,2.6648977,8124.096
5117,2.6614382,8126.758
5118,2.6576257,8129.4155
5119,2.6533458,8132.069
5120,2.6501384,8134.7188
5121,2.646646,8137.365
5122,2.6441965,8140.0093
5123,2.6427867,8142.652
5124,2.6437771,8145.2954
5125,2.6462662,8147.942
5126,2.6488168,8150.591
5127,2.6513736,8153.242
5128,2.6543634,8155.8965
5129,2.6573687,8158.5537
5130,2.659108,8161.213
5131,2.6614375,8163.8745
5132,2.6632423,8166.5376
5133,2.6648564,8169.2026
5134,2.6663337,8171.869
5135,2.6684532,8174.5376
5136,2.6696885,8177.2075
5137,2.6719375,8179.8794
5138,2.6764965,8182.5557
5139,2.682875,8185.239
5140,2.6868587,8187.926
5141,2.6905968,8190.616
5142,2.6937232,8193.31
5143,2.6961641,8196.006
5144,2.6959567,8198.702
5145,2.6960614,8201.398
5146,2.6967597,8204.095
5147,2.6973312,8206.792
5148,2.6969135,8209.489
5149,2.6953995,8212.185
5150,2.6943605,8214.879
5151,2.6947057,8217.573
5152,2.6964428,8220.27
5153,2.698063,8222.968
5154,2.6960073,8225.664
5155,2.6910791,8228.355
5156,2.685463,8231.041
5157,2.6820896,8233.723
5158,2.6786363,8236.401
5159,2.676092,8239.077
5160,2.6740832,8241.751
5161,2.671013,8244.422
5162,2.6689572,8247.091
5163,2.6664882,8249.757
5164,2.6627853,8252.42
5165,2.656765,8255.077
5166,2.652586,8257.7295
5167,2.6495953,8260.379
5168,2.648923,8263.027
5169,2.6483538,8265.676
5170,2.6479409,8268.323
5171,2.6479833,8270.972
5172,2.6460876,8273.618
5173,2.6440244,8276.262
5174,2.641604,8278.903
5175,2.6419144,8281.545
5176,2.641447,8284.187
5177,2.6416204,8286.828
5178,2.6410165,8289.469
5179,2.6396544,8292.108
5180,2.639801,8294.748
5181,2.641117,8297.39
5182,2.6434212,8300.033
5183,2.6456432,8302.679
5184,2.6454132,8305.324
5185,2.6434925,8307.968
5186,2.6408036,8310.608
5187,2.6380303,8313.246
5188,2.6357117,8315.882
5189,2.6338732,8318.516
5190,2.6343253,8321.15
5191,2.6351144,8323.785
5192,2.6351752,8326.42
5193,2.6341574,8329.054
5194,2.6367128,8331.69
5195,2.6424282,8334.333
5196,2.6455607,8336.979
5197,2.6476686,8339.626
5198,2.6500857,8342.276
5199,2.6544728,8344.931
5200,2.6594763,8347.59
5201,2.6648476,8350.255
5202,2.6673675,8352.922
5203,2.6670864,8355.589
5204,2.6630251,8358.252
5205,2.6576319,8360.909
5206,2.6516595,8363.561
5207,2.6472979,8366.208
5208,2.645694,8368.854
5209,2.6452663,8371.499
5210,2.6475692,8374.146
5211,2.650282,8376.797
5212,2.651049,8379.448
5213,2.649811,8382.098
5214,2.6470904,8384.745
5215,2.6415105,8387.387
5216,2.6354525,8390.022
5217,2.6304398,8392.653
5218,2.6279058,8395.281
5219,2.627254,8397.908
5220,2.6291652,8400.537
5221,2.6293275,8403.166
5222,2.6288707,8405.795
5223,2.6298735,8408.425
5224,2.6341226,8411.059
5225,2.6376684,8413.696
5226,2.6406658,8416.337
5227,2.64405,8418.981
5228,2.6492813,8421.631
5229,2.6551828,8424.286
5230,2.659705,8426.946
5231,2.663337,8429.609
5232,2.664547,8432.273
5233,2.6652627,8434.938
5234,2.6673431,8437.605
5235,2.6704307,8440.276
5236,2.673153,8442.949
5237,2.6744137,8445.624
5238,2.6739922,8448.298
5239,2.6712897,8450.969
5240,2.6711507,8453.64
5241,2.6738183,8456.313
5242,2.6801476,8458.993
5243,2.6885836,8461.682
5244,2.697156,8464.379
5245,2.7042522,8467.083
5246,2.710751,8469.794
5247,2.7164397,8472.511
5248,2.720336,8475.231
5249,2.7215035,8477.953
5250,2.721283,8480.675
5251,2.7205532,8483.3955
5252,2.7187457,8486.114
5253,2.7188814,8488.833
5254,2.720514,8491.554
5255,2.723098,8494.276
5256,2.72426,8497.001
5257,2.7256384,8499.727
5258,2.7259796,8502.452
5259,2.7263389,8505.179
5260,2.725065,8507.903
5261,2.7232034,8510.627
5262,2.7236943,8513.351
5263,2.7244895,8516.075
5264,2.7270443,8518.802
5265,2.728449,8521.53
5266,2.7294078,8524.26
5267,2.7305675,8526.99
5268,2.731454,8529.722
5269,2.7316802,8532.453
5270,2.732809,8535.186
5271,2.7346401,8537.92
5272,2.7363565,8540.656
5273,2.7386806,8543.395
5274,2.738656,8546.133
5275,2.7370598,8548.87
5276,2.7350426,8551.605
5277,2.7340767,8554.34
5278,2.7333558,8557.073
5279,2.7345188,8559.808
5280,2.7350001,8562.543
5281,2.7334867,8565.276
5282,2.732633,8568.009
5283,2.7325094,8570.741
5284,2.731596,8573.473
5285,2.7290008,8576.201
5286,2.7255259,8578.927
5287,2.7226005,8581.649
5288,2.721567,8584.371
5289,2.7225542,8587.094
5290,2.7233565,8589.817
5291,2.724939,8592.542
5292,2.7270837,8595.27
5293,2.730155,8598.0
5294,2.730657,8600.73
5295,2.7288747,8603.459
5296,2.7254937,8606.185
5297,2.7227407,8608.907
5298,2.7179325,8611.625
5299,2.7123783,8614.337
5300,2.7095325,8617.047
5301,2.709154,8619.756
5302,2.7078261,8622.464
5303,2.7046943,8625.169
5304,2.6990764,8627.868
5305,2.6928856,8630.562
5306,2.6887157,8633.25
5307,2.687111,8635.9375
5308,2.690759,8638.628
5309,2.6973379,8641.325
5310,2.70367,8644.029
5311,2.708505,8646.738
5312,2.7111588,8649.449
5313,2.7150216,8652.164
5314,2.7170324,8654.881
5315,2.7178998,8657.599
5316,2.7165086,8660.315
5317,2.7143939,8663.03
5318,2.712472,8665.743
5319,2.7106109,8668.454
5320,2.7089531,8671.163
5321,2.7075968,8673.871
5322,2.7060485,8676.577
5323,2.7048419,8679.282
5324,2.7069058,8681.989
5325,2.710073,8684.699
5326,2.713685,8687.413
5327,2.7146077,8690.128
5328,2.7155554,8692.844
5329,2.71544,8695.56
5330,2.7137303,8698.273
5331,2.7115123,8700.985
5332,2.7076886,8703.693
5333,2.7033727,8706.396
5334,2.7008975,8709.098
5335,2.6988647,8711.797
5336,2.6969955,8714.494
5337,2.695745,8717.189
5338,2.696459,8719.886
5339,2.6975796,8722.583
5340,2.69767,8725.28
5341,2.69869,8727.979
5342,2.698468,8730.677
5343,2.6964865,8733.373
5344,2.6943834,8736.067
5345,2.692628,8738.76
5346,2.6931643,8741.453
5347,2.6953943,8744.148
5348,2.699064,8746.848
5349,2.7039447,8749.552
5350,2.7069006,8752.259
5351,2.705401,8754.964
5352,2.7021203,8757.666
5353,2.6965058,8760.362
5354,2.6901975,8763.053
5355,2.6852276,8765.738
5356,2.684708,8768.423
5357,2.6848345,8771.107
5358,2.6827948,8773.79
5359,2.6816418,8776.472
5360,2.6820037,8779.153
5361,2.683254,8781.837
5362,2.6807442,8784.518
5363,2.676694,8787.194
5364,2.676111,8789.87
5365,2.6782699,8792.549
5366,2.682193,8795.231
5367,2.6847942,8797.916
5368,2.6858716,8800.602
5369,2.6861567,8803.288
5370,2.686627,8805.975
5371,2.6879535,8808.662
5372,2.6917331,8811.354
5373,2.6988416,8814.053
5374,2.705491,8816.758
5375,2.7070384,8819.465
5376,2.7031708,8822.168
5377,2.6949916,8824.863
5378,2.6850743,8827.549
5379,2.6750743,8830.224
5380,2.6695468,8832.894
5381,2.666116,8835.56
5382,2.6680672,8838.228
5383,2.6708844,8840.898
5384,2.6755083,8843.574
5385,2.6810625,8846.255
5386,2.6905258,8848.945
5387,2.703143,8851.648
5388,2.7195451,8854.368
5389,2.7366183,8857.1045
5390,2.7544441,8859.859
5391,2.7709353,8862.63
5392,2.7866788,8865.417
5393,2.80136,8868.219
5394,2.8150747,8871.034
5395,2.8254018,8873.859
5396,2.833017,8876.692
5397,2.8393037,8879.531
5398,2.8446736,8882.376
5399,2.8492389,8885.226
5400,2.8530307,8888.079
5401,2.85564,8890.935
5402,2.856258,8893.791
5403,2.8557205,8896.646
5404,2.8541677,8899.501
5405,2.8514178,8902.353
5406,2.8464606,8905.199
5407,2.84125,8908.04
5408,2.836899,8910.877
5409,2.8343685,8913.711
5410,2.8330405,8916.544
5411,2.833285,8919.377
5412,2.8343453,8922.211
5413,2.8369112,8925.048
5414,2.840509,8927.889
5415,2.8470895,8930.735
5416,2.857539,8933.593
5417,2.8691685,8936.462
5418,2.8759224,8939.338
5419,2.8809545,8942.219
5420,2.8835583,8945.103
5421,2.8852746,8947.988
5422,2.8844802,8950.873
5423,2.8822513,8953.755
5424,2.8779407,8956.633
5425,2.872739,8959.506
5426,2.865994,8962.372
5427,2.8589184,8965.231
5428,2.8502629,8968.082
5429,2.8415277,8970.924
5430,2.8323898,8973.756
5431,2.8257358,8976.582
5432,2.827903,8979.41
5433,2.8440826,8982.254
5434,2.8587117,8985.112
5435,2.8634386,8987.976
5436,2.8647559,8990.841
5437,2.8649313,8993.706
5438,2.8643985,8996.57
5439,2.8631427,8999.434
5440,2.861348,9002.295
5441,2.8589342,9005.154
5442,2.856536,9008.011
5443,2.854146,9010.865
5444,2.8523076,9013.718
5445,2.8505492,9016.568
5446,2.8484447,9019.417
5447,2.8459864,9022.263
5448,2.8437092,9025.106
5449,2.8413692,9027.948
5450,2.8390868,9030.787
5451,2.836799,9033.624
5452,2.835384,9036.459
5453,2.834883,9039.294
5454,2.834899,9042.129
5455,2.8360257,9044.965
5456,2.8372195,9047.802
5457,2.8401957,9050.642
5458,2.8435795,9053.485
5459,2.848412,9056.334
5460,2.8526273,9059.187
5461,2.857042,9062.044
5462,2.8602548,9064.904
5463,2.8627684,9067.767
5464,2.8642616,9070.631
5465,2.8655868,9073.496
5466,2.866561,9076.362
5467,2.8674653,9079.2295
5468,2.867664,9082.097
5469,2.8678768,9084.965
5470,2.867032,9087.832
5471,2.8663073,9090.698
5472,2.8654535,9093.563
5473,2.8654666,9096.429
5474,2.865493,9099.294
5475,2.8658214,9102.16
5476,2.8658388,9105.026
5477,2.8652492,9107.892
5478,2.864079,9110.756
5479,2.8627074,9113.618
5480,2.8615634,9116.4795
5481,2.8609488,9119.341
5482,2.8597422,9122.2
5483,2.8581407,9125.059
5484,2.856037,9127.915
5485,2.8537128,9130.769
5486,2.8515615,9133.62
5487,2.849883,9136.47
5488,2.8488696,9139.318
5489,2.851897,9142.17
5490,2.856269,9145.026
5491,2.8634002,9147.89
5492,2.8706768,9150.761
5493,2.8788228,9153.64
5494,2.886158,9156.525
5495,2.8915095,9159.417
5496,2.8832796,9162.3
5497,2.8786569,9165.179
5498,2.8640466,9168.043
5499,2.869491,9170.912
5500,2.8716452,9173.784
5501,2.8804343,9176.665
5502,2.887133,9179.552
5503,2.8963668,9182.448
5504,2.9069073,9185.355
5505,2.9235308,9188.279
5506,2.9415035,9191.221
5507,2.962091,9194.183
5508,2.9801285,9197.163
5509,2.9976974,9200.161
5510,3.011685,9203.173
5511,3.0250103,9206.198
5512,3.0353885,9209.233
5513,3.0456538,9212.279
5514,3.0537121,9215.333
5515,3.0622602,9218.3955
5516,3.0688055,9221.464
5517,3.0767617,9224.541
5518,3.0839758,9227.625
5519,3.0926218,9230.718
5520,3.1003358,9233.818
5521,3.1084328,9236.927
5522,3.115655,9240.042
5523,3.1232257,9243.165
5524,3.129118,9246.294
5525,3.1341698,9249.428
5526,3.1365957,9252.564
5527,3.1383343,9255.703
5528,3.1383255,9258.842
5529,3.137806,9261.9795
5530,3.1354268,9265.115
5531,3.1325104,9268.248
5532,3.1294005,9271.378
5533,3.1271265,9274.505
5534,3.125736,9277.631
5535,3.1255004,9280.757
5536,3.125555,9283.883
5537,3.1230366,9287.006
5538,3.1167083,9290.123
5539,3.1088545,9293.231
5540,3.1000345,9296.331
5541,3.089417,9299.421
5542,3.0778,9302.499
5543,3.0673437,9305.566
5544,3.0587695,9308.625
5545,3.0530713,9311.678
5546,3.0482256,9314.726
5547,3.043937,9317.77
5548,3.0405436,9320.811
5549,3.040851,9323.852
5550,3.0435154,9326.8955
5551,3.0484958,9329.944
5552,3.05265,9332.997
5553,3.0572407,9336.055
5554,3.0607967,9339.115
5555,3.0650449,9342.181
5556,3.066683,9345.247
5557,3.0683408,9348.315
5558,3.0701969,9351.386
5559,3.0742161,9354.46
5560,3.0778637,9357.538
5561,3.0744805,9360.612
5562,3.0652933,9363.678
5563,3.0574582,9366.735
5564,3.050552,9369.786
5565,3.0454226,9372.832
5566,3.0404909,9375.872
5567,3.0363333,9378.908
5568,3.0327115,9381.94
5569,3.0298061,9384.971
5570,3.0272074,9387.998
5571,3.0247805,9391.022
5572,3.021669,9394.044
5573,3.0188591,9397.0625
5574,3.0161622,9400.079
5575,3.0136566,9403.093
5576,3.0106921,9406.104
5577,3.0080767,9409.111
5578,3.0051973,9412.116
5579,3.0025234,9415.119
5580,2.999318,9418.118
5581,2.9961483,9421.114
5582,2.9927926,9424.107
5583,2.9900198,9427.098
5584,2.9869554,9430.085
5585,2.9836185,9433.068
5586,2.9797902,9436.048
5587,2.9763272,9439.024
5588,2.9731662,9441.998
5589,2.9703023,9444.969
5590,2.966956,9447.936
5591,2.9635735,9450.899
5592,2.9599218,9453.859
5593,2.956919,9456.816
5594,2.954367,9459.7705
5595,2.9522784,9462.723
5596,2.9502535,9465.673
5597,2.9487734,9468.622
5598,2.9470358,9471.569
5599,2.9457664,9474.515
5600,2.944483,9477.459
5601,2.943445,9480.402
5602,2.942137,9483.345
5603,2.941437,9486.286
5604,2.9410112,9489.228
5605,2.941655,9492.169
5606,2.9425457,9495.111
5607,2.9440365,9498.056
5608,2.944867,9501.001
5609,2.9457774,9503.946
5610,2.9464023,9506.893
5611,2.9473464,9509.84
5612,2.947899,9512.788
5613,2.9489908,9515.737
5614,2.9500015,9518.6875
5615,2.9517148,9521.64
5616,2.953617,9524.594
5617,2.9558597,9527.55
5618,2.9577188,9530.508
5619,2.9593308,9533.467
5620,2.9608247,9536.428
5621,2.9628792,9539.391
5622,2.9647782,9542.355
5623,2.9670694,9545.322
5624,2.968914,9548.291
5625,2.9707522,9551.262
5626,2.9716766,9554.233
5627,2.972617,9557.206
5628,2.9731677,9560.18
5629,2.974155,9563.154
5630,2.974856,9566.129
5631,2.9757416,9569.1045
5632,2.9763088,9572.081
5633,2.977119,9575.059
5634,2.9773881,9578.036
5635,2.9776127,9581.014
5636,2.977223,9583.991
5637,2.9768243,9586.968
5638,2.9766674,9589.944
5639,2.976861,9592.921
5640,2.9772127,9595.898
5641,2.9776452,9598.876
5642,2.977678,9601.854
5643,2.9776363,9604.831
5644,2.9776263,9607.809
5645,2.9779294,9610.786
5646,2.9782383,9613.765
5647,2.978456,9616.743
5648,2.9782944,9619.722
5649,2.9782944,9622.7
5650,2.9784179,9625.679
5651,2.9786725,9628.657
5652,2.9786198,9631.636
5653,2.9785025,9634.614
5654,2.9780512,9637.593
5655,2.977464,9640.57
5656,2.9767566,9643.547
5657,2.9762392,9646.523
5658,2.975583,9649.499
5659,2.9752579,9652.475
5660,2.9750905,9655.449
5661,2.975001,9658.424
5662,2.9744828,9661.398
5663,2.9741597,9664.373
5664,2.973677,9667.347
5665,2.9734278,9670.32
5666,2.9731557,9673.294
5667,2.973056,9676.267
5668,2.972861,9679.239
5669,2.9729595,9682.212
5670,2.9728246,9685.185
5671,2.972474,9688.157
5672,2.97217,9691.13
5673,2.9720964,9694.102
5674,2.9719887,9697.073
5675,2.9717853,9700.045
5676,2.9713871,9703.017
5677,2.9709227,9705.987
5678,2.9700491,9708.957
5679,2.9692862,9711.927
5680,2.9688814,9714.8955
5681,2.9690132,9717.864
5682,2.96952,9720.834
5683,2.9703271,9723.805
5684,2.9708602,9726.775
5685,2.971137,9729.746
5686,2.9709685,9732.717
5687,2.9708545,9735.6875
5688,2.970664,9738.658
5689,2.9707837,9741.629
5690,2.9715183,9744.601
5691,2.9726992,9747.573
5692,2.9751008,9750.549
5693,2.9771492,9753.526
5694,2.980462,9756.507
5695,2.9828546,9759.489
5696,2.986467,9762.476
5697,2.9892669,9765.465
5698,2.9937859,9768.459
5699,2.9991121,9771.458
5700,3.0076485,9774.466
5701,3.0169573,9777.482
5702,3.0285811,9780.511
5703,3.0403845,9783.551
5704,3.0534801,9786.6045
5705,3.0660384,9789.671
5706,3.0788577,9792.75
5707,3.0904412,9795.841
5708,3.1012087,9798.942
5709,3.1104238,9802.053
5710,3.1190286,9805.172
5711,3.1264741,9808.299
5712,3.1332097,9811.432
5713,3.1389556,9814.57
5714,3.14501,9817.715
5715,3.1508782,9820.865
5716,3.1571138,9824.022
5717,3.1627023,9827.186
5718,3.169053,9830.3545
5719,3.17456,9833.529
5720,3.1808212,9836.71
5721,3.1860225,9839.8955
5722,3.1915314,9843.087
5723,3.1961608,9846.283
5724,3.20127,9849.484
5725,3.2056863,9852.69
5726,3.2096496,9855.9
5727,3.2127852,9859.113
5728,3.2156801,9862.329
5729,3.2176864,9865.547
5730,3.2194285,9868.767
5731,3.219986,9871.986
5732,3.220648,9875.207
5733,3.2203765,9878.428
5734,3.220977,9881.648
5735,3.2204993,9884.869
5736,3.2206237,9888.09
5737,3.2193596,9891.31
5738,3.2179198,9894.527
5739,3.2139516,9897.741
5740,3.2098804,9900.951
5741,3.2042766,9904.155
5742,3.1994002,9907.3545
5743,3.193485,9910.548
5744,3.1894586,9913.737
5745,3.1851583,9916.923
5746,3.1828985,9920.105
5747,3.1800334,9923.285
5748,3.1795573,9926.465
5749,3.1785452,9929.644
5750,3.1793692,9932.823
5751,3.178711,9936.002
5752,3.1796463,9939.182
5753,3.179542,9942.361
5754,3.1801312,9945.541
5755,3.1802042,9948.722
5756,3.1791003,9951.9
5757,3.1771035,9955.077
5758,3.1746032,9958.252
5759,3.1724417,9961.425
5760,3.1704152,9964.596
5761,3.1679802,9967.764
5762,3.165725,9970.93
5763,3.1628308,9974.093
5764,3.1610458,9977.254
5765,3.1597764,9980.414
5766,3.1591709,9983.573
5767,3.1620553,9986.735
5768,3.1576881,9989.893
5769,3.1539285,9993.047
5770,3.150292,9996.197
5771,3.1508305,9999.348
5772,3.1442597,10002.492
5773,3.1391022,10005.631
5774,3.135691,10008.767
5775,3.1329293,10011.899
5776,3.1298285,10015.029
5777,3.126831,10018.156
5778,3.1243746,10021.28
5779,3.1224697,10024.402
5780,3.1204348,10027.522
5781,3.1184564,10030.641
5782,3.1166518,10033.757
5783,3.115263,10036.872
5784,3.114363,10039.986
5785,3.1140327,10043.101
5786,3.1143239,10046.215
5787,3.1145885,10049.329
5788,3.1136465,10052.442
5789,3.1121826,10055.555
5790,3.1102762,10058.665
5791,3.1087642,10061.773
5792,3.1078615,10064.881
5793,3.106934,10067.988
5794,3.1057577,10071.094
5795,3.1048415,10074.198
5796,3.1037695,10077.302
5797,3.103106,10080.405
5798,3.1020715,10083.508
5799,3.1013207,10086.609
5800,3.1069174,10089.716
5801,3.1145546,10092.83
5802,3.123723,10095.954
5803,3.133431,10099.088
5804,3.1436718,10102.231
5805,3.1540155,10105.386
5806,3.164298,10108.55
5807,3.1755023,10111.726
5808,3.1870449,10114.913
5809,3.198731,10118.112
5810,3.2102385,10121.322
5811,3.2230825,10124.545
5812,3.2347553,10127.779
5813,3.2462306,10131.025
5814,3.254434,10134.28
5815,3.2617505,10137.542
5816,3.265279,10140.808
5817,3.2706409,10144.078
5818,3.2733927,10147.352
5819,3.2780783,10150.63
5820,3.278297,10153.908
5821,3.2801645,10157.188
5822,3.2795444,10160.468
5823,3.2796795,10163.747
5824,3.2781231,10167.025
5825,3.2759116,10170.302
5826,3.271863,10173.573
5827,3.2692137,10176.843
5828,3.2654676,10180.108
5829,3.2629874,10183.371
5830,3.2597504,10186.631
5831,3.2570224,10189.888
5832,3.2536151,10193.142
5833,3.251282,10196.393
5834,3.2485063,10199.641
5835,3.2458916,10202.887
5836,3.2422237,10206.129
5837,3.238223,10209.367
5838,3.2328596,10212.6
5839,3.227619,10215.827
5840,3.222143,10219.049
5841,3.2175877,10222.267
5842,3.2124074,10225.4795
5843,3.20798,10228.6875
5844,3.2028477,10231.891
5845,3.1972325,10235.088
5846,3.1911294,10238.279
5847,3.184762,10241.464
5848,3.1788375,10244.643
5849,3.1736042,10247.816
5850,3.1681583,10250.984
5851,3.1623375,10254.146
5852,3.1556613,10257.302
5853,3.1496902,10260.451
5854,3.142099,10263.594
5855,3.1351755,10266.729
5856,3.128521,10269.857
5857,3.124063,10272.981
5858,3.118321,10276.1
5859,3.112248,10279.212
5860,3.1058955,10282.317
5861,3.1010854,10285.419
5862,3.0921614,10288.511
5863,3.0813217,10291.592
5864,3.0658376,10294.657
5865,3.0452957,10297.702
5866,3.0271225,10300.7295
5867,3.0151153,10303.744
5868,3.0032518,10306.747
5869,2.987037,10309.734
5870,2.9746883,10312.709
5871,2.9646695,10315.674
5872,2.9559329,10318.63
5873,2.9493937,10321.579
5874,2.9389813,10324.519
5875,2.9253328,10327.444
5876,2.914442,10330.358
5877,2.9056113,10333.264
5878,2.8987308,10336.162
5879,2.8928537,10339.055
5880,2.8879516,10341.942
5881,2.8836873,10344.826
5882,2.881483,10347.708
5883,2.8804789,10350.589
5884,2.8798,10353.469
5885,2.8791177,10356.348
5886,2.878308,10359.226
5887,2.8768702,10362.103
5888,2.8766494,10364.9795
5889,2.8760974,10367.855
5890,2.876343,10370.731
5891,2.8759422,10373.607
5892,2.875978,10376.483
5893,2.8758614,10379.359
5894,2.8752964,10382.234
5895,2.8749597,10385.109
5896,2.8748941,10387.984
5897,2.8750393,10390.859
5898,2.8755724,10393.735
5899,2.8758998,10396.611
5900,2.875983,10399.487
5901,2.8754275,10402.362
5902,2.8757586,10405.238
5903,2.8758948,10408.114
5904,2.8768194,10410.991
5905,2.877798,10413.869
5906,2.8788898,10416.748
5907,2.8796563,10419.628
5908,2.8802176,10422.508
5909,2.8803115,10425.388
5910,2.8807125,10428.269
5911,2.881099,10431.149
5912,2.8819466,10434.031
5913,2.8820148,10436.913
5914,2.8822482,10439.795
5915,2.8821046,10442.677
5916,2.8831503,10445.56
5917,2.8848572,10448.444
5918,2.8860881,10451.33
5919,2.886317,10454.217
5920,2.8871274,10457.104
5921,2.8874753,10459.991
5922,2.8881316,10462.879
5923,2.8882806,10465.768
5924,2.889034,10468.656
5925,2.8897464,10471.546
5926,2.890668,10474.437
5927,2.8911717,10477.328
5928,2.8917632,10480.22
5929,2.8920484,10483.111
5930,2.8919966,10486.003
5931,2.8909824,10488.894
5932,2.8907177,10491.784
5933,2.8909686,10494.675
5934,2.8915362,10497.566
5935,2.891541,10500.458
5936,2.891382,10503.35
5937,2.8903463,10506.24
5938,2.8899527,10509.13
5939,2.8896291,10512.02
5940,2.8904195,10514.91
5941,2.8914871,10517.802
5942,2.8925667,10520.694
5943,2.8936124,10523.588
5944,2.8939137,10526.481
5945,2.8941176,10529.376
5946,2.8941946,10532.2705
5947,2.8938274,10535.164
5948,2.8939342,10538.058
5949,2.893469,10540.951
5950,2.8931234,10543.845
5951,2.8921192,10546.737
5952,2.891279,10549.629
5953,2.8907547,10552.52
5954,2.8904762,10555.41
5955,2.890164,10558.301
5956,2.890302,10561.191
5957,2.890041,10564.081
5958,2.8905632,10566.972
5959,2.890777,10569.862
5960,2.8912652,10572.754
5961,2.8915722,10575.6455
5962,2.8915982,10578.537
5963,2.890841,10581.428
5964,2.8904836,10584.318
5965,2.89037,10587.209
5966,2.8906891,10590.1
5967,2.8912401,10592.991
5968,2.8922927,10595.884
5969,2.8932488,10598.777
5970,2.8940845,10601.672
5971,2.8950777,10604.567
5972,2.8963764,10607.464
5973,2.8977692,10610.361
5974,2.8986897,10613.26
5975,2.8988054,10616.158
5976,2.8992376,10619.058
5977,2.9005017,10621.958
5978,2.9020374,10624.86
5979,2.9025924,10627.763
5980,2.90318,10630.666
5981,2.903428,10633.569
5982,2.9037127,10636.473
5983,2.9037392,10639.376
5984,2.9038916,10642.28
5985,2.9035487,10645.184
5986,2.903679,10648.087
5987,2.903779,10650.99
5988,2.9045842,10653.895
5989,2.905689,10656.8
5990,2.9070256,10659.707
5991,2.9084399,10662.615
5992,2.9095418,10665.524
5993,2.9102504,10668.435
5994,2.910454,10671.345
5995,2.9097905,10674.255
5996,2.9100494,10677.165
5997,2.910541,10680.075
5998,2.91147,10682.986
5999,2.9121087,10685.898
6000,2.9124203,10688.811
6001,2.9128723,10691.724
6002,2.913459,10694.637
6003,2.9139574,10697.551
6004,2.9141183,10700.465
6005,2.9137175,10703.379
6006,2.9129333,10706.292
6007,2.9118454,10709.204
6008,2.9112911,10712.115
6009,2.9111698,10715.026
6010,2.911728,10717.938
6011,2.9117746,10720.851
6012,2.9117088,10723.763
6013,2.9113543,10726.674
6014,2.9107394,10729.585
6015,2.9096966,10732.495
6016,2.9092922,10735.404
6017,2.9091735,10738.313
6018,2.9093804,10741.223
6019,2.9094539,10744.132
6020,2.9092853,10747.041
6021,2.9090111,10749.95
6022,2.909593,10752.859
6023,2.9100664,10755.77
6024,2.9107487,10758.681
6025,2.9110596,10761.592
6026,2.9113693,10764.503
6027,2.9117787,10767.415
6028,2.911556,10770.326
6029,2.9114883,10773.237
6030,2.9118576,10776.149
6031,2.912347,10779.062
6032,2.91283,10781.975
6033,2.9132073,10784.888
6034,2.9136727,10787.802
6035,2.9145532,10790.717
6036,2.9155283,10793.633
6037,2.9163027,10796.549
6038,2.9170556,10799.466
6039,2.9179153,10802.384
6040,2.9187021,10805.303
6041,2.919726,10808.223
6042,2.9206643,10811.144
6043,2.921263,10814.064
6044,2.9213486,10816.985
6045,2.920982,10819.906
6046,2.921146,10822.827
6047,2.9210503,10825.748
6048,2.921185,10828.669
6049,2.9215484,10831.591
6050,2.921857,10834.513
6051,2.9222963,10837.435
6052,2.9224718,10840.357
6053,2.922652,10843.28
6054,2.9224799,10846.203
6055,2.9225261,10849.126
6056,2.92214,10852.048
6057,2.9221208,10854.97
6058,2.9227917,10857.893
6059,2.924246,10860.816
6060,2.925243,10863.741
6061,2.9259179,10866.667
6062,2.9263654,10869.594
6063,2.9264681,10872.5205
6064,2.926988,10875.447
6065,2.9274437,10878.375
6066,2.9281707,10881.303
6067,2.9293141,10884.232
6068,2.929999,10887.162
6069,2.930112,10890.092
6070,2.9297419,10893.021
6071,2.929314,10895.951
6072,2.9288287,10898.88
6073,2.9287972,10901.809
6074,2.9292357,10904.738
6075,2.929868,10907.668
6076,2.9297934,10910.598
6077,2.9291801,10913.526
6078,2.928386,10916.455
6079,2.927776,10919.383
6080,2.9271874,10922.31
6081,2.925944,10925.235
6082,2.9244614,10928.16
6083,2.922893,10931.083
6084,2.9217067,10934.005
6085,2.9203298,10936.925
6086,2.9193618,10939.844
6087,2.9192445,10942.763
6088,2.9194138,10945.682
6089,2.9189773,10948.601
6090,2.917669,10951.519
6091,2.9170883,10954.436
6092,2.9167192,10957.353
6093,2.9170227,10960.27
6094,2.9174912,10963.1875
6095,2.9180405,10966.105
6096,2.9183407,10969.023
6097,2.9186034,10971.942
6098,2.918857,10974.861
6099,2.9195802,10977.781
6100,2.9195623,10980.701
6101,2.91883,10983.62
6102,2.9177144,10986.538
6103,2.9163625,10989.454
6104,2.9156733,10992.37
6105,2.9149814,10995.285
6106,2.9143245,10998.199
6107,2.913795,11001.113
6108,2.9133031,11004.026
6109,2.9129,11006.939
6110,2.912591,11009.852
6111,2.9121797,11012.764
6112,2.9122515,11015.676
6113,2.912941,11018.589
6114,2.9134586,11021.502
6115,2.9146953,11024.417
6116,2.9161203,11027.333
6117,2.9177713,11030.251
6118,2.918276,11033.169
6119,2.9184475,11036.087
6120,2.9187741,11039.006
6121,2.9192095,11041.925
6122,2.9204776,11044.846
6123,2.9216588,11047.768
6124,2.923071,11050.69
6125,2.9252794,11053.615
6126,2.9268897,11056.542
6127,2.9287026,11059.471
6128,2.929494,11062.4
6129,2.930425,11065.331
6130,2.9310193,11068.262
6131,2.9316902,11071.193
6132,2.932084,11074.125
6133,2.932768,11077.058
6134,2.933167,11079.991
6135,2.9334502,11082.925
6136,2.9337425,11085.858
6137,2.934186,11088.793
6138,2.9348776,11091.728
6139,2.9354687,11094.663
6140,2.936185,11097.6
6141,2.9364867,11100.536
6142,2.9362767,11103.473
6143,2.9351628,11106.408
6144,2.9348354,11109.343
6145,2.9355462,11112.278
6146,2.9362216,11115.215
6147,2.9358864,11118.15
6148,2.9355834,11121.086
6149,2.9350595,11124.021
6150,2.9349015,11126.956
6151,2.9347758,11129.891
6152,2.9344604,11132.825
6153,2.9342852,11135.76
6154,2.9339745,11138.693
6155,2.9340928,11141.628
6156,2.934337,11144.5625
6157,2.9343326,11147.497
6158,2.9341605,11150.432
6159,2.933493,11153.365
6160,2.9330246,11156.298
6161,2.9320922,11159.2295
6162,2.9317465,11162.161
6163,2.9311223,11165.092
6164,2.9300966,11168.021
6165,2.9290862,11170.95
6166,2.928469,11173.879
6167,2.9281464,11176.807
6168,2.9276476,11179.734
6169,2.9272823,11182.662
6170,2.9261065,11185.588
6171,2.9243503,11188.513
6172,2.9234574,11191.437
6173,2.9233563,11194.36
6174,2.9242108,11197.284
6175,2.9258163,11200.21
6176,2.9270885,11203.137
6177,2.9279144,11206.064
6178,2.9286184,11208.993
6179,2.9288232,11211.922
6180,2.9292822,11214.852
6181,2.929999,11217.781
6182,2.930758,11220.712
6183,2.9314144,11223.644
6184,2.9317389,11226.575
6185,2.9319985,11229.507
6186,2.932356,11232.439
6187,2.93278,11235.372
6188,2.9333246,11238.306
6189,2.9338574,11241.239
6190,2.9342391,11244.174
6191,2.9343233,11247.108
6192,2.9348903,11250.043
6193,2.935446,11252.979
6194,2.9360552,11255.915
6195,2.9357636,11258.851
6196,2.9356024,11261.786
6197,2.9356456,11264.722
6198,2.9355812,11267.657
6199,2.9358838,11270.593
6200,2.9359176,11273.528
6201,2.9350305,11276.463
6202,2.9335938,11279.396
6203,2.9320047,11282.328
6204,2.9315376,11285.26
6205,2.9312673,11288.191
6206,2.9309251,11291.122
6207,2.9308405,11294.053
6208,2.9305072,11296.983
6209,2.9302902,11299.914
6210,2.9297304,11302.844
6211,2.9291072,11305.772
6212,2.928676,11308.701
6213,2.9271917,11311.628
6214,2.9265032,11314.555
6215,2.9258435,11317.48
6216,2.9260247,11320.406
6217,2.9266927,11323.333
6218,2.9272182,11326.26
6219,2.9270701,11329.187
6220,2.926607,11332.113
6221,2.9262261,11335.039
6222,2.9253845,11337.965
6223,2.9249976,11340.89
6224,2.9238548,11343.813
6225,2.922347,11346.735
6226,2.921278,11349.656
6227,2.920226,11352.576
6228,2.919497,11355.496
6229,2.9187362,11358.415
6230,2.9185715,11361.334
6231,2.9183135,11364.252
6232,2.9184406,11367.17
6233,2.9193034,11370.089
6234,2.9204192,11373.01
6235,2.921706,11375.932
6236,2.9216046,11378.854
6237,2.9215374,11381.775
6238,2.9210901,11384.696
6239,2.9202113,11387.616
6240,2.9189475,11390.535
6241,2.9169586,11393.452
6242,2.9146662,11396.367
6243,2.9124591,11399.279
6244,2.9112875,11402.19
6245,2.9113634,11405.102
6246,2.911874,11408.014
6247,2.912524,11410.926
6248,2.9129786,11413.839
6249,2.9134233,11416.752
6250,2.9135768,11419.666
6251,2.9136987,11422.58
6252,2.9139678,11425.494
6253,2.9144664,11428.408
6254,2.915232,11431.323
6255,2.915458,11434.238
6256,2.9150925,11437.153
6257,2.9145555,11440.068
6258,2.9143229,11442.982
6259,2.9141476,11445.896
6260,2.9137304,11448.811
6261,2.9131823,11451.724
6262,2.9133828,11454.637
6263,2.914051,11457.551
6264,2.914465,11460.465
6265,2.915255,11463.38
6266,2.9153757,11466.295
6267,2.915751,11469.211
6268,2.9161105,11472.127
6269,2.9165585,11475.044
6270,2.9173567,11477.961
6271,2.9184413,11480.879
6272,2.9193583,11483.798
6273,2.9203491,11486.718
6274,2.9211283,11489.639
6275,2.9222925,11492.561
6276,2.922752,11495.483
6277,2.9230914,11498.406
6278,2.9225724,11501.329
6279,2.9222972,11504.251
6280,2.9219835,11507.173
6281,2.9218073,11510.095
6282,2.9223938,11513.018
6283,2.922493,11515.94
6284,2.9222305,11518.862
6285,2.9216924,11521.784
6286,2.9211965,11524.705
6287,2.9211304,11527.626
6288,2.920621,11530.547
6289,2.920167,11533.467
6290,2.9193215,11536.386
6291,2.918268,11539.304
6292,2.918115,11542.222
6293,2.9178364,11545.14
6294,2.9172304,11548.057
6295,2.9166553,11550.974
6296,2.917181,11553.891
6297,2.9173815,11556.808
6298,2.9174771,11559.725
6299,2.9175155,11562.643
6300,2.9173465,11565.56
6301,2.916385,11568.476
6302,2.9149566,11571.391
6303,2.913648,11574.305
6304,2.9132714,11577.218
6305,2.913318,11580.131
6306,2.9137542,11583.045
6307,2.9143364,11585.959
6308,2.914676,11588.874
6309,2.9150393,11591.789
6310,2.9154751,11594.704
6311,2.916051,11597.62
6312,2.9161215,11600.536
6313,2.9153965,11603.451
6314,2.914903,11606.366
6315,2.9144516,11609.28
6316,2.9142504,11612.194
6317,2.9141119,11615.108
6318,2.9144444,11618.022
6319,2.9153688,11620.9375
6320,2.9164395,11623.854
6321,2.9176724,11626.771
6322,2.9181063,11629.689
6323,2.918549,11632.608
6324,2.9184837,11635.527
6325,2.9188123,11638.446
6326,2.9192178,11641.365
6327,2.919265,11644.284
6328,2.9195473,11647.204
6329,2.9202487,11650.124
6330,2.9213562,11653.045
6331,2.922489,11655.968
6332,2.9234936,11658.892
6333,2.9246447,11661.816
6334,2.925874,11664.742
6335,2.9271014,11667.669
6336,2.9282372,11670.598
6337,2.9295254,11673.527
6338,2.9299676,11676.457
6339,2.9304738,11679.388
6340,2.9301093,11682.317
6341,2.9292452,11685.247
6342,2.9281871,11688.175
6343,2.927058,11691.102
6344,2.926622,11694.028
6345,2.9269824,11696.955
6346,2.9278598,11699.883
6347,2.9291196,11702.812
6348,2.9298177,11705.741
6349,2.9302084,11708.672
6350,2.92991,11711.602
6351,2.9292474,11714.531
6352,2.9287636,11717.46
6353,2.9285502,11720.389
6354,2.9284694,11723.317
6355,2.9292092,11726.247
6356,2.9300973,11729.177
6357,2.9302096,11732.107
6358,2.9297423,11735.037
6359,2.9278226,11737.965
6360,2.9268308,11740.892
6361,2.9257305,11743.817
6362,2.9246907,11746.742
6363,2.9234622,11749.666
6364,2.922395,11752.589
6365,2.9216366,11755.511
6366,2.921922,11758.433
6367,2.9221768,11761.3545
6368,2.921971,11764.276
6369,2.9210827,11767.197
6370,2.9208984,11770.118
6371,2.920561,11773.039
6372,2.920128,11775.959
6373,2.919264,11778.878
6374,2.9182973,11781.796
6375,2.9171767,11784.713
6376,2.916671,11787.63
6377,2.916636,11790.547
6378,2.9168353,11793.464
6379,2.9164257,11796.38
6380,2.9161463,11799.296
6381,2.9159055,11802.212
6382,2.916161,11805.128
6383,2.917149,11808.045
6384,2.9180095,11810.963
6385,2.9188213,11813.882
6386,2.918828,11816.801
6387,2.9187777,11819.72
6388,2.9190283,11822.639
6389,2.918983,11825.558
6390,2.9183261,11828.476
6391,2.9175398,11831.394
6392,2.9165337,11834.311
6393,2.9157033,11837.227
6394,2.9148798,11840.142
6395,2.9150095,11843.057
6396,2.9153168,11845.972
6397,2.9156222,11848.888
6398,2.9159036,11851.804
6399,2.915668,11854.72
6400,2.9147055,11857.635
6401,2.9133906,11860.548
6402,2.9122865,11863.46
6403,2.9114985,11866.371
6404,2.9108849,11869.282
6405,2.9106553,11872.193
6406,2.9107568,11875.1045
6407,2.9110367,11878.016
6408,2.9120681,11880.928
6409,2.9136708,11883.842
6410,2.9147751,11886.757
6411,2.9154255,11889.672
6412,2.9162009,11892.588
6413,2.916663,11895.505
6414,2.9172843,11898.422
6415,2.9175909,11901.34
6416,2.9170775,11904.257
6417,2.9166777,11907.174
6418,2.9161575,11910.09
6419,2.9153488,11913.005
6420,2.9150553,11915.92
6421,2.9152267,11918.835
6422,2.9152932,11921.75
6423,2.9148757,11924.665
6424,2.9137564,11927.579
6425,2.912899,11930.492
6426,2.9123952,11933.404
6427,2.9122968,11936.316
6428,2.912356,11939.229
6429,2.911956,11942.141
6430,2.9119177,11945.053
6431,2.9125595,11947.965
6432,2.9132624,11950.878
6433,2.913728,11953.792
6434,2.9141748,11956.706
6435,2.9142244,11959.62
6436,2.9150047,11962.535
6437,2.9155242,11965.45
6438,2.9158819,11968.366
6439,2.9165447,11971.283
6440,2.9169478,11974.2
6441,2.9170644,11977.117
6442,2.916459,11980.033
6443,2.9159482,11982.949
6444,2.915638,11985.865
6445,2.9154077,11988.78
6446,2.9145813,11991.695
6447,2.9137387,11994.609
6448,2.914058,11997.523
6449,2.9145508,12000.4375
6450,2.9152827,12003.353
6451,2.9159977,12006.269
6452,2.9168482,12009.186
6453,2.9175813,12012.104
6454,2.917823,12015.021
6455,2.9184926,12017.94
6456,2.9185247,12020.859
6457,2.9192538,12023.778
6458,2.9190857,12026.697
6459,2.9182048,12029.615
6460,2.9177403,12032.533
6461,2.9180734,12035.451
6462,2.9186342,12038.37
6463,2.918621,12041.289
6464,2.9177883,12044.207
6465,2.9164412,12047.123
6466,2.9150937,12050.038
6467,2.913459,12052.951
6468,2.9127383,12055.864
6469,2.91273,12058.777
6470,2.912373,12061.689
6471,2.911874,12064.602
6472,2.911494,12067.513
6473,2.9112456,12070.424
6474,2.91123,12073.335
6475,2.9113252,12076.246
6476,2.911544,12079.157
6477,2.910936,12082.068
6478,2.9097989,12084.979
6479,2.9088843,12087.888
6480,2.9080126,12090.796
6481,2.9075615,12093.703
6482,2.9073052,12096.61
6483,2.9070342,12099.518
6484,2.9066231,12102.424
6485,2.9073596,12105.331
6486,2.9077728,12108.239
6487,2.9080064,12111.147
6488,2.90822,12114.056
6489,2.9082525,12116.964
6490,2.908257,12119.872
6491,2.9072366,12122.779
6492,2.9069433,12125.687
6493,2.9066298,12128.593
6494,2.9067614,12131.5
6495,2.906696,12134.406
6496,2.9064987,12137.3125
6497,2.9066393,12140.219
6498,2.907119,12143.126
6499,2.9082632,12146.034
6500,2.9091177,12148.943
6501,2.9096472,12151.853
6502,2.9097793,12154.763
6503,2.9100606,12157.673
6504,2.9103978,12160.583
6505,2.9115865,12163.494
6506,2.9123363,12166.406
6507,2.9130795,12169.319
6508,2.9135993,12172.233
6509,2.9142694,12175.147
6510,2.9148965,12178.0625
6511,2.915644,12180.979
6512,2.915869,12183.895
6513,2.9158697,12186.811
6514,2.915784,12189.727
6515,2.915764,12192.643
6516,2.9162936,12195.559
6517,2.9173355,12198.476
6518,2.9183342,12201.394
6519,2.918984,12204.3125
6520,2.9197605,12207.232
6521,2.9205606,12210.153
6522,2.9216685,12213.075
6523,2.9226806,12215.998
6524,2.9232247,12218.921
6525,2.92344,12221.845
6526,2.9233005,12224.768
6527,2.9220397,12227.689
6528,2.9213927,12230.611
6529,2.9214945,12233.533
6530,2.922491,12236.456
6531,2.9236376,12239.38
6532,2.924408,12242.305
6533,2.9254763,12245.23
6534,2.92574,12248.156
6535,2.9253683,12251.082
6536,2.9257028,12254.008
6537,2.9257967,12256.934
6538,2.9262044,12259.859
6539,2.9264183,12262.786
6540,2.9265041,12265.713
6541,2.9264193,12268.64
6542,2.9266143,12271.566
6543,2.9268482,12274.493
6544,2.927475,12277.421
6545,2.9280386,12280.349
6546,2.92901,12283.277
6547,2.9300537,12286.207
6548,2.9310122,12289.138
6549,2.93167,12292.069
6550,2.9322429,12295.002
6551,2.932574,12297.935
6552,2.932383,12300.867
6553,2.9314244,12303.799
6554,2.930949,12306.7295
6555,2.9307811,12309.66
6556,2.9311152,12312.591
6557,2.9312027,12315.522
6558,2.9307406,12318.453
6559,2.9290814,12321.382
6560,2.9275136,12324.31
6561,2.9257812,12327.235
6562,2.924519,12330.16
6563,2.9234,12333.084
6564,2.9226098,12336.007
6565,2.9222455,12338.929
6566,2.9222808,12341.851
6567,2.922973,12344.773
6568,2.923936,12347.697
6569,2.9238007,12350.621
6570,2.9229782,12353.544
6571,2.9228823,12356.467
6572,2.9234593,12359.391
6573,2.9238243,12362.314
6574,2.923827,12365.238
6575,2.9235399,12368.162
6576,2.9235642,12371.086
6577,2.9230871,12374.009
6578,2.9227579,12376.932
6579,2.9221904,12379.854
6580,2.921208,12382.774
6581,2.9198923,12385.694
6582,2.9188898,12388.613
6583,2.9181488,12391.531
6584,2.9183273,12394.449
6585,2.9190001,12397.368
6586,2.919242,12400.287
6587,2.9194195,12403.206
6588,2.9194946,12406.126
6589,2.9192615,12409.045
6590,2.9190178,12411.964
6591,2.918625,12414.883
6592,2.918081,12417.801
6593,2.9178178,12420.719
6594,2.9167309,12423.636
6595,2.9158797,12426.552
6596,2.915271,12429.467
6597,2.9149578,12432.382
6598,2.9148715,12435.297
6599,2.9153686,12438.212
6600,2.9153118,12441.127
6601,2.9153142,12444.042
6602,2.9152536,12446.957
6603,2.915028,12449.872
6604,2.9141927,12452.786
6605,2.9125235,12455.698
6606,2.9114678,12458.609
6607,2.9107676,12461.5205
6608,2.9102426,12464.431
6609,2.9095364,12467.34
6610,2.9091175,12470.249
6611,2.9085355,12473.157
6612,2.908468,12476.065
6613,2.90913,12478.975
6614,2.9097328,12481.885
6615,2.9101863,12484.795
6616,2.9101512,12487.705
6617,2.9096813,12490.615
6618,2.9100683,12493.525
6619,2.9112978,12496.437
6620,2.9123197,12499.349
6621,2.9126327,12502.262
6622,2.9130776,12505.175
6623,2.913378,12508.088
6624,2.9133885,12511.001
6625,2.9139137,12513.915
6626,2.9137585,12516.829
6627,2.913196,12519.742
6628,2.9124203,12522.654
6629,2.9115715,12525.565
6630,2.9108958,12528.477
6631,2.9098713,12531.387
6632,2.9086335,12534.295
6633,2.9080617,12537.203
6634,2.9079943,12540.111
6635,2.9079273,12543.02
6636,2.9075384,12545.927
6637,2.9072309,12548.834
6638,2.9073753,12551.741
6639,2.9075043,12554.648
6640,2.9078648,12557.557
6641,2.9089792,12560.466
6642,2.9102368,12563.376
6643,2.9116554,12566.288
6644,2.911966,12569.2
6645,2.9114587,12572.111
6646,2.9112933,12575.022
6647,2.9121754,12577.935
6648,2.9127634,12580.848
6649,2.9131818,12583.761
6650,2.9135494,12586.674
6651,2.9139996,12589.588
6652,2.9145424,12592.502
6653,2.914596,12595.417
6654,2.9146664,12598.332
6655,2.9145067,12601.246
6656,2.9146416,12604.161
6657,2.9142914,12607.075
6658,2.9144564,12609.989
6659,2.9145226,12612.903
6660,2.914839,12615.818
6661,2.9148648,12618.733
6662,2.914639,12621.648
6663,2.9146302,12624.563
6664,2.9150517,12627.479
6665,2.9158673,12630.395
6666,2.9164345,12633.311
6667,2.91733,12636.228
6668,2.9177468,12639.1455
6669,2.918622,12642.064
6670,2.919693,12644.984
6671,2.921062,12647.905
6672,2.9218557,12650.827
6673,2.9224658,12653.75
6674,2.9227579,12656.673
6675,2.9234629,12659.597
6676,2.9239352,12662.5205
6677,2.9243197,12665.445
6678,2.9245458,12668.37
6679,2.9243224,12671.295
6680,2.9245121,12674.22
6681,2.9246461,12677.145
6682,2.9248247,12680.069
6683,2.9243648,12682.994
6684,2.9241655,12685.918
6685,2.9236135,12688.842
6686,2.9231038,12691.765
6687,2.9228168,12694.6875
6688,2.923085,12697.61
6689,2.9234192,12700.534
6690,2.9242175,12703.458
6691,2.9253738,12706.384
6692,2.9263768,12709.311
6693,2.9272587,12712.238
6694,2.92755,12715.166
6695,2.9267294,12718.093
6696,2.9258847,12721.019
6697,2.9250913,12723.943
6698,2.9251854,12726.868
6699,2.92528,12729.793
6700,2.9249988,12732.718
6701,2.9247305,12735.643
6702,2.9244769,12738.567
6703,2.9243157,12741.491
6704,2.924249,12744.415
6705,2.9245577,12747.34
6706,2.9247985,12750.265
6707,2.9256089,12753.19
6708,2.9262428,12756.116
6709,2.9267724,12759.043
6710,2.9270203,12761.97
6711,2.926831,12764.896
6712,2.9268746,12767.823
6713,2.926574,12770.75
6714,2.926391,12773.677
6715,2.926505,12776.604
6716,2.925943,12779.529
6717,2.9248312,12782.454
6718,2.9239483,12785.378
6719,2.9238098,12788.302
6720,2.9239693,12791.226
6721,2.9239748,12794.149
6722,2.923414,12797.073
6723,2.9222906,12799.995
6724,2.9213846,12802.916
6725,2.9205737,12805.837
6726,2.9203439,12808.757
6727,2.9205892,12811.678
6728,2.920795,12814.599
6729,2.921408,12817.5205
6730,2.9214983,12820.442
6731,2.9212682,12823.363
6732,2.920734,12826.284
6733,2.9196198,12829.204
6734,2.9187472,12832.123
6735,2.9179392,12835.041
6736,2.917327,12837.958
6737,2.9162154,12840.874
6738,2.9149492,12843.789
6739,2.9134827,12846.702
6740,2.9121857,12849.614
6741,2.9114501,12852.525
6742,2.9112158,12855.437
6743,2.9109085,12858.348
6744,2.9110458,12861.259
6745,2.9113293,12864.17
6746,2.911302,12867.081
6747,2.9112995,12869.992
6748,2.911258,12872.903
6749,2.9116662,12875.815
6750,2.912282,12878.728
6751,2.9123394,12881.64
6752,2.9112773,12884.551
6753,2.9097574,12887.461
6754,2.9095495,12890.37
6755,2.910454,12893.28
6756,2.9113147,12896.191
6757,2.9119585,12899.104
6758,2.9118402,12902.016
6759,2.911691,12904.928
6760,2.9115548,12907.839
6761,2.9116237,12910.751
6762,2.9116018,12913.662
6763,2.9116817,12916.574
6764,2.9111602,12919.485
6765,2.9105382,12922.3955
6766,2.9101558,12925.306
6767,2.9101436,12928.216
6768,2.910328,12931.126
6769,2.910552,12934.036
6770,2.9117413,12936.948
6771,2.9134264,12939.861
6772,2.9147475,12942.776
6773,2.915899,12945.692
6774,2.9161708,12948.608
6775,2.9162989,12951.524
6776,2.916792,12954.441
6777,2.9179022,12957.359
6778,2.918071,12960.277
6779,2.9176598,12963.195
6780,2.9171495,12966.112
6781,2.9165182,12969.029
6782,2.9162467,12971.945
6783,2.9159496,12974.861
6784,2.9159482,12977.777
6785,2.9156184,12980.693
6786,2.915062,12983.608
6787,2.915608,12986.524
6788,2.9163523,12989.44
6789,2.917083,12992.357
6790,2.9174793,12995.274
6791,2.9178002,12998.192
6792,2.9178128,13001.11
6793,2.917625,13004.028
6794,2.9175093,13006.946
6795,2.9174023,13009.863
6796,2.9172804,13012.78
6797,2.9175143,13015.698
6798,2.9179485,13018.616
6799,2.9186444,13021.535
6800,2.9187076,13024.454
6801,2.9189339,13027.373
6802,2.91941,13030.292
6803,2.920091,13033.212
6804,2.920328,13036.132
6805,2.9213455,13039.053
6806,2.9226034,13041.976
6807,2.9234045,13044.899
6808,2.9236903,13047.823
6809,2.9237328,13050.747
6810,2.9238708,13053.671
6811,2.9242308,13056.595
6812,2.9244394,13059.52
6813,2.9247217,13062.444
6814,2.9245915,13065.369
6815,2.9247131,13068.294
6816,2.924497,13071.219
6817,2.9235003,13074.143
6818,2.9225972,13077.065
6819,2.9210806,13079.986
6820,2.9198859,13082.906
6821,2.9188762,13085.825
6822,2.9180217,13088.743
6823,2.9178612,13091.661
6824,2.917668,13094.579
6825,2.9181447,13097.497
6826,2.9182773,13100.415
6827,2.918397,13103.333
6828,2.9182832,13106.251
6829,2.9187846,13109.17
6830,2.9192336,13112.089
6831,2.9196825,13115.009
6832,2.9194415,13117.929
6833,2.9185097,13120.848
6834,2.9173107,13123.765
6835,2.9161355,13126.681
6836,2.9146085,13129.596
6837,2.9128027,13132.509
6838,2.912151,13135.421
6839,2.9123464,13138.333
6840,2.9126384,13141.246
6841,2.9126701,13144.159
6842,2.9128194,13147.072
6843,2.913283,13149.985
6844,2.914317,13152.899
6845,2.915674,13155.815
6846,2.9173038,13158.732
6847,2.9187884,13161.651
6848,2.9192061,13164.57
6849,2.9206107,13167.491
6850,2.922283,13170.413
6851,2.923183,13173.336
6852,2.9240074,13176.26
6853,2.9267142,13179.187
6854,2.933131,13182.12
6855,2.9431162,13185.063
6856,2.9518423,13188.016
6857,2.9610488,13190.977
6858,2.9729962,13193.949
6859,2.986173,13196.936
6860,3.000682,13199.937
6861,3.0131698,13202.949
6862,3.0236614,13205.973
6863,3.0328767,13209.006
6864,3.0388381,13212.045
6865,3.0445275,13215.09
6866,3.0496628,13218.14
6867,3.055375,13221.195
6868,3.060257,13224.256
6869,3.0644832,13227.32
6870,3.0682352,13230.389
6871,3.0713627,13233.46
6872,3.0732002,13236.533
6873,3.0748732,13239.608
6874,3.0763524,13242.685
6875,3.077866,13245.763
6876,3.0794153,13248.842
6877,3.0812094,13251.923
6878,3.0827692,13255.006
6879,3.085022,13258.091
6880,3.0866766,13261.178
6881,3.0881512,13264.266
6882,3.0896454,13267.355
6883,3.0917935,13270.447
6884,3.0943065,13273.542
6885,3.096732,13276.639
6886,3.099147,13279.738
6887,3.102659,13282.841
6888,3.1062353,13285.947
6889,3.111067,13289.059
6890,3.1167157,13292.176
6891,3.1212947,13295.297
6892,3.124635,13298.422
6893,3.1329536,13301.555
6894,3.1346483,13304.689
6895,3.1339514,13307.823
6896,3.133178,13310.956
6897,3.132889,13314.089
6898,3.1340356,13317.223
6899,3.135547,13320.358
6900,3.1372411,13323.496
6901,3.138265,13326.635
6902,3.139116,13329.773
6903,3.139382,13332.913
6904,3.1397715,13336.053
6905,3.1396594,13339.192
6906,3.13923,13342.332
6907,3.1385086,13345.471
6908,3.138331,13348.609
6909,3.1376278,13351.747
6910,3.1362057,13354.883
6911,3.1342812,13358.018
6912,3.1329415,13361.15
6913,3.1324828,13364.283
6914,3.1330867,13367.416
6915,3.1338916,13370.55
6916,3.1339023,13373.684
6917,3.1338458,13376.817
6918,3.1328545,13379.95
6919,3.1327431,13383.083
6920,3.1330292,13386.216
6921,3.1338425,13389.35
6922,3.134772,13392.484
6923,3.135705,13395.62
6924,3.1364708,13398.757
6925,3.1366122,13401.894
6926,3.1366632,13405.03
6927,3.1365862,13408.167
6928,3.1374295,13411.305
6929,3.1409981,13414.445
6930,3.1450546,13417.591
6931,3.150291,13420.741
6932,3.1556904,13423.896
6933,3.1621969,13427.059
6934,3.1677241,13430.227
6935,3.1731606,13433.399
6936,3.1770384,13436.576
6937,3.1808121,13439.757
6938,3.184219,13442.941
6939,3.1876798,13446.129
6940,3.1905608,13449.319
6941,3.19338,13452.513
6942,3.1959708,13455.709
6943,3.1982708,13458.907
6944,3.1993487,13462.106
6945,3.199567,13465.306
6946,3.198992,13468.505
6947,3.1986096,13471.703
6948,3.1992047,13474.902
6949,3.199995,13478.103
6950,3.2013288,13481.304
6951,3.2020628,13484.506
6952,3.202286,13487.708
6953,3.202018,13490.91
6954,3.20213,13494.112
6955,3.2021759,13497.314
6956,3.2026134,13500.517
6957,3.20214,13503.719
6958,3.201548,13506.92
6959,3.200288,13510.12
6960,3.199778,13513.32
6961,3.1994095,13516.52
6962,3.2002258,13519.72
6963,3.200769,13522.921
6964,3.2009661,13526.122
6965,3.199533,13529.321
6966,3.1980734,13532.52
6967,3.195599,13535.715
6968,3.192702,13538.907
6969,3.1882222,13542.096
6970,3.184586,13545.28
6971,3.1801214,13548.46
6972,3.1760402,13551.636
6973,3.171578,13554.808
6974,3.168021,13557.976
6975,3.1639583,13561.14
6976,3.1610153,13564.301
6977,3.1554947,13567.456
6978,3.148937,13570.605
6979,3.1401021,13573.745
6980,3.1301994,13576.875
6981,3.1187823,13579.994
6982,3.1075127,13583.102
6983,3.0948892,13586.196
6984,3.083767,13589.28
6985,3.0758967,13592.356
6986,3.0683563,13595.425
6987,3.0627675,13598.487
6988,3.057791,13601.545
6989,3.053536,13604.599
6990,3.0499654,13607.648
6991,3.0468044,13610.695
6992,3.0438454,13613.739
6993,3.0406322,13616.78
6994,3.0372574,13619.817
6995,3.033313,13622.851
6996,3.0298226,13625.881
6997,3.0260088,13628.907
6998,3.02191,13631.929
6999,3.016947,13634.945
7000,3.011103,13637.956
7001,3.004903,13640.961
7002,2.9992797,13643.96
7003,2.9937255,13646.954
7004,2.9892948,13649.943
7005,2.9857652,13652.929
7006,2.982789,13655.911
7007,2.979627,13658.891
7008,2.977029,13661.867
7009,2.97498,13664.842
7010,2.9732473,13667.815
7011,2.972723,13670.788
7012,2.974843,13673.763
7013,2.9790585,13676.742
7014,2.983815,13679.726
7015,2.9891098,13682.715
7016,2.9933994,13685.708
7017,2.996425,13688.704
7018,2.9987102,13691.703
7019,3.000757,13694.704
7020,3.0028405,13697.707
7021,3.006038,13700.713
7022,3.009679,13703.723
7023,3.0139303,13706.736
7024,3.0174584,13709.754
7025,3.0211313,13712.775
7026,3.0242224,13715.8
7027,3.0272136,13718.827
7028,3.0292554,13721.856
7029,3.0311818,13724.888
7030,3.0333934,13727.921
7031,3.0356536,13730.957
7032,3.0378966,13733.995
7033,3.039257,13737.034
7034,3.040194,13740.074
7035,3.040706,13743.115
7036,3.0411856,13746.156
7037,3.0411901,13749.197
7038,3.0409355,13752.238
7039,3.0406563,13755.279
7040,3.0411,13758.32
7041,3.0414658,13761.361
7042,3.0420828,13764.403
7043,3.0423858,13767.445
7044,3.0425506,13770.488
7045,3.0426114,13773.531
7046,3.0429657,13776.574
7047,3.0432818,13779.617
7048,3.0437605,13782.661
7049,3.0438485,13785.705
7050,3.0436163,13788.749
7051,3.0428429,13791.792
7052,3.0419612,13794.834
7053,3.0408516,13797.875
7054,3.0397835,13800.915
7055,3.0386124,13803.954
7056,3.0379086,13806.992
7057,3.0370839,13810.029
7058,3.03622,13813.065
7059,3.0353963,13816.101
7060,3.0344102,13819.135
7061,3.0330298,13822.168
7062,3.0315542,13825.199
7063,3.030183,13828.2295
7064,3.0286937,13831.258
7065,3.0268264,13834.284
7066,3.0255198,13837.31
7067,3.0242026,13840.334
7068,3.023248,13843.357
7069,3.0223358,13846.38
7070,3.0214615,13849.401
7071,3.02066,13852.422
7072,3.0201168,13855.442
7073,3.0194998,13858.462
7074,3.0189564,13861.48
7075,3.018079,13864.499
7076,3.0166888,13867.516
7077,3.0152903,13870.531
7078,3.0143955,13873.546
7079,3.0135481,13876.56
7080,3.0130703,13879.572
7081,3.0126119,13882.585
7082,3.0123808,13885.598
7083,3.0118148,13888.609
7084,3.0112267,13891.62
7085,3.0106845,13894.631
7086,3.010175,13897.641
7087,3.0094316,13900.65
7088,3.0087574,13903.659
7089,3.0079458,13906.667
7090,3.0071902,13909.674
7091,3.0064983,13912.681
7092,3.0060592,13915.687
7093,3.0055716,13918.692
7094,3.0051792,13921.697
7095,3.0046673,13924.702
7096,3.0043645,13927.706
7097,3.004212,13930.71
7098,3.0043733,13933.714
7099,3.0045137,13936.719
7100,3.004434,13939.724
7101,3.0041475,13942.728
7102,3.0038157,13945.731
7103,3.003321,13948.734
7104,3.0028667,13951.737
7105,3.0025003,13954.74
7106,3.002058,13957.742
7107,3.0016894,13960.744
7108,3.0014648,13963.746
7109,3.0013003,13966.747
7110,3.004262,13969.751
7111,3.007925,13972.759
7112,3.0119731,13975.7705
7113,3.0151372,13978.786
7114,3.018299,13981.805
7115,3.0197299,13984.824
7116,3.0205166,13987.845
7117,3.0203357,13990.865
7118,3.022192,13993.888
7119,3.0284226,13996.916
7120,3.0404544,13999.956
7121,3.059103,14003.016
7122,3.0868666,14006.103
7123,3.118243,14009.221
7124,3.1451037,14012.366
7125,3.1647909,14015.531
7126,3.179694,14018.711
7127,3.1918766,14021.902
7128,3.2011888,14025.104
7129,3.209835,14028.313
7130,3.2174773,14031.531
7131,3.2247648,14034.756
7132,3.2305853,14037.986
7133,3.2345173,14041.221
7134,3.2362378,14044.457
7135,3.2372382,14047.694
7136,3.2382405,14050.933
7137,3.2402508,14054.173
7138,3.2426038,14057.415
7139,3.2453053,14060.66
7140,3.2467752,14063.907
7141,3.247807,14067.155
7142,3.2478945,14070.403
7143,3.2484004,14073.651
7144,3.2489324,14076.9
7145,3.250213,14080.15
7146,3.2508116,14083.401
7147,3.250808,14086.652
7148,3.249306,14089.901
7149,3.2477136,14093.149
7150,3.2458105,14096.3955
7151,3.244296,14099.64
7152,3.2435637,14102.883
7153,3.2431448,14106.126
7154,3.2435372,14109.369
7155,3.2446117,14112.613
7156,3.2453563,14115.858
7157,3.2457,14119.1045
7158,3.2450576,14122.35
7159,3.243341,14125.593
7160,3.2426956,14128.836
7161,3.2418664,14132.078
7162,3.2415407,14135.319
7163,3.2404485,14138.56
7164,3.2400515,14141.8
7165,3.238482,14145.038
7166,3.2373302,14148.275
7167,3.2344327,14151.51
7168,3.2306607,14154.74
7169,3.2255602,14157.966
7170,3.2217278,14161.1875
7171,3.2183237,14164.406
7172,3.2159765,14167.622
7173,3.2128952,14170.835
7174,3.2106838,14174.046
7175,3.20899,14177.255
7176,3.207574,14180.463
7177,3.2057364,14183.669
7178,3.2034686,14186.872
7179,3.2011592,14190.073
7180,3.1992497,14193.272
7181,3.197639,14196.47
7182,3.196043,14199.666
7183,3.1943605,14202.86
7184,3.1924298,14206.053
7185,3.190478,14209.243
7186,3.18904,14212.433
7187,3.1886282,14215.621
7188,3.1882434,14218.81
7189,3.1871457,14221.997
7190,3.1850946,14225.183
7191,3.1835632,14228.366
7192,3.1820312,14231.548
7193,3.1807327,14234.729
7194,3.1794848,14237.908
7195,3.1784158,14241.087
7196,3.1778264,14244.265
7197,3.176104,14247.44
7198,3.1738403,14250.614
7199,3.1707091,14253.785
7200,3.1668086,14256.952
7201,3.1636608,14260.116
7202,3.1616888,14263.278
7203,3.1599398,14266.438
7204,3.157617,14269.596
7205,3.1550558,14272.751
7206,3.1530752,14275.904
7207,3.1508138,14279.055
7208,3.148249,14282.203
7209,3.1451905,14285.349
7210,3.1435258,14288.492
7211,3.1417608,14291.634
7212,3.1396084,14294.773
7213,3.136333,14297.91
7214,3.1327417,14301.043
7215,3.129141,14304.172
7216,3.1264904,14307.299
7217,3.1235182,14310.422
7218,3.1213229,14313.543
7219,3.1187193,14316.662
7220,3.115825,14319.778
7221,3.1131256,14322.892
7222,3.1106937,14326.002
7223,3.1085978,14329.11
7224,3.1077251,14332.218
7225,3.1064258,14335.324
7226,3.10503,14338.43
7227,3.1029506,14341.532
7228,3.1005585,14344.633
7229,3.0981305,14347.73
7230,3.0956485,14350.826
7231,3.0934906,14353.92
7232,3.092477,14357.013
7233,3.091625,14360.1045
7234,3.0910797,14363.195
7235,3.0899434,14366.285
7236,3.0879335,14369.373
7237,3.0855966,14372.459
7238,3.0839388,14375.543
7239,3.0825255,14378.626
7240,3.0817935,14381.708
7241,3.0810113,14384.789
7242,3.0801504,14387.869
7243,3.0789325,14390.948
7244,3.077724,14394.026
7245,3.0767865,14397.104
7246,3.075702,14400.18
7247,3.0746994,14403.254
7248,3.0737512,14406.328
7249,3.0729074,14409.401
7250,3.0720773,14412.474
7251,3.0711403,14415.545
7252,3.0700188,14418.615
7253,3.0689223,14421.685
7254,3.0683415,14424.753
7255,3.068332,14427.821
7256,3.068595,14430.89
7257,3.069344,14433.959
7258,3.071626,14437.03
7259,3.0763521,14440.106
7260,3.0830777,14443.189
7261,3.092634,14446.282
7262,3.1052442,14449.388
7263,3.121454,14452.509
7264,3.142899,14455.651
7265,3.1682794,14458.819
7266,3.193742,14462.013
7267,3.2149763,14465.228
7268,3.2317004,14468.459
7269,3.2455902,14471.704
7270,3.2577014,14474.962
7271,3.268231,14478.23
7272,3.2767684,14481.507
7273,3.2840981,14484.791
7274,3.2904642,14488.081
7275,3.2959282,14491.377
7276,3.3005471,14494.678
7277,3.3055327,14497.983
7278,3.3106947,14501.294
7279,3.3157067,14504.609
7280,3.319932,14507.93
7281,3.3238018,14511.254
7282,3.3271434,14514.581
7283,3.330111,14517.911
7284,3.3324654,14521.243
7285,3.3347986,14524.578
7286,3.3370683,14527.915
7287,3.3393545,14531.254
7288,3.3417783,14534.596
7289,3.3438601,14537.939
7290,3.3473773,14541.287
7291,3.3507674,14544.638
7292,3.3548372,14547.992
7293,3.3576968,14551.35
7294,3.3611693,14554.711
7295,3.3625662,14558.073
7296,3.3634863,14561.437
7297,3.3634725,14564.8
7298,3.3635402,14568.163
7299,3.3627946,14571.526
7300,3.3613815,14574.888
7301,3.3597171,14578.247
7302,3.3585863,14581.605
7303,3.3572893,14584.963
7304,3.3557143,14588.318
7305,3.3539004,14591.672
7306,3.3517613,14595.023
7307,3.3489676,14598.372
7308,3.3453925,14601.718
7309,3.341731,14605.06
7310,3.339053,14608.398
7311,3.3363485,14611.734
7312,3.3347473,14615.069
7313,3.3329158,14618.402
7314,3.332279,14621.734
7315,3.330836,14625.065
7316,3.3296697,14628.3955
7317,3.3251135,14631.721
7318,3.3208053,14635.042
7319,3.3154461,14638.357
7320,3.3116753,14641.669
7321,3.3080003,14644.977
7322,3.3059075,14648.282
7323,3.302887,14651.585
7324,3.2998793,14654.885
7325,3.2969518,14658.182
7326,3.29413,14661.476
7327,3.2905974,14664.767
7328,3.2879765,14668.055
7329,3.2851162,14671.34
7330,3.2824152,14674.622
7331,3.2798839,14677.902
7332,3.2778573,14681.181
7333,3.2752151,14684.456
7334,3.273,14687.7295
7335,3.2711325,14691.001
7336,3.2693045,14694.2705
7337,3.2664936,14697.537
7338,3.2658556,14700.803
7339,3.2667537,14704.069
7340,3.2689831,14707.338
7341,3.268995,14710.606
7342,3.2671978,14713.874
7343,3.2659545,14717.14
7344,3.2643237,14720.404
7345,3.2634223,14723.668
7346,3.2629907,14726.931
7347,3.2619586,14730.192
7348,3.2619708,14733.454
7349,3.2609503,14736.715
7350,3.2599192,14739.975
7351,3.2591872,14743.233
7352,3.2606368,14746.494
7353,3.2684176,14749.763
7354,3.2724342,14753.035
7355,3.2776837,14756.3125
7356,3.2824278,14759.595
7357,3.288286,14762.883
7358,3.2942867,14766.177
7359,3.3007565,14769.478
7360,3.3069975,14772.784
7361,3.31194,14776.096
7362,3.3165016,14779.412
7363,3.3202689,14782.732
7364,3.322547,14786.055
7365,3.3219867,14789.377
7366,3.3181179,14792.695
7367,3.3112302,14796.007
7368,3.3003805,14799.308
7369,3.284985,14802.593
7370,3.26814,14805.861
7371,3.2549245,14809.116
7372,3.2491128,14812.365
7373,3.2519708,14815.617
7374,3.261902,14818.879
7375,3.2779214,14822.157
7376,3.2945027,14825.452
7377,3.3118277,14828.764
7378,3.330464,14832.094
7379,3.3488579,14835.442
7380,3.3678415,14838.811
7381,3.3815503,14842.192
7382,3.3918872,14845.584
7383,3.3992648,14848.983
7384,3.4044573,14852.388
7385,3.4071188,14855.795
7386,3.4102056,14859.205
7387,3.4116466,14862.617
7388,3.4144075,14866.031
7389,3.415761,14869.447
7390,3.4170215,14872.864
7391,3.4166238,14876.281
7392,3.416428,14879.697
7393,3.4176662,14883.115
7394,3.4203033,14886.535
7395,3.4218466,14889.957
7396,3.4233017,14893.38
7397,3.4240084,14896.804
7398,3.4229267,14900.227
7399,3.4201589,14903.646
7400,3.4183931,14907.064
7401,3.4163904,14910.48
7402,3.4148464,14913.8955
7403,3.4128087,14917.309
7404,3.4097028,14920.719
7405,3.4043012,14924.123
7406,3.3977597,14927.5205
7407,3.390019,14930.91
7408,3.3826878,14934.293
7409,3.375777,14937.669
7410,3.3708336,14941.04
7411,3.3655531,14944.405
7412,3.3616931,14947.767
7413,3.3585553,14951.125
7414,3.3572826,14954.482
7415,3.360715,14957.843
7416,3.3653243,14961.208
7417,3.370026,14964.578
7418,3.3757417,14967.954
7419,3.3803766,14971.335
7420,3.3832822,14974.718
7421,3.3860822,14978.104
7422,3.390914,14981.494
7423,3.3972967,14984.892
7424,3.40444,14988.296
7425,3.4104025,14991.706
7426,3.4157307,14995.122
7427,3.4186382,14998.541
7428,3.4205465,15001.962
7429,3.4228637,15005.385
7430,3.425565,15008.811
7431,3.428153,15012.238
7432,3.4315736,15015.67
7433,3.4351015,15019.105
7434,3.4385364,15022.544
7435,3.4417953,15025.985
7436,3.4445186,15029.43
7437,3.4466934,15032.876
7438,3.448503,15036.324
7439,3.4494023,15039.773
7440,3.4480693,15043.222
7441,3.4470196,15046.669
7442,3.4469786,15050.116
7443,3.448592,15053.564
7444,3.4499438,15057.015
7445,3.4513714,15060.466
7446,3.4511592,15063.917
7447,3.4514127,15067.368
7448,3.4510608,15070.819
7449,3.4520278,15074.271
7450,3.4524703,15077.724
7451,3.4539871,15081.178
7452,3.4548662,15084.633
7453,3.456343,15088.089
7454,3.4575198,15091.547
7455,3.4595373,15095.007
7456,3.4616632,15098.469
7457,3.4636564,15101.933
7458,3.4648166,15105.397
7459,3.4647958,15108.862
7460,3.4634438,15112.326
7461,3.4624507,15115.789
7462,3.4605086,15119.25
7463,3.4588516,15122.709
7464,3.4565291,15126.165
7465,3.45427,15129.619
7466,3.4515452,15133.07
7467,3.4485283,15136.519
7468,3.4441228,15139.963
7469,3.4383047,15143.401
7470,3.4335654,15146.835
7471,3.4306788,15150.266
7472,3.4288561,15153.694
7473,3.4282057,15157.122
7474,3.4273293,15160.55
7475,3.4269934,15163.977
7476,3.4263551,15167.403
7477,3.4253924,15170.829
7478,3.424464,15174.254
7479,3.422384,15177.677
7480,3.4204652,15181.098
7481,3.4193196,15184.517
7482,3.416968,15187.934
7483,3.414295,15191.348
7484,3.4117427,15194.76
7485,3.4098144,15198.17
7486,3.4102113,15201.58
7487,3.4104779,15204.99
7488,3.4095862,15208.399
7489,3.4088533,15211.809
7490,3.4075398,15215.216
7491,3.406404,15218.622
7492,3.406211,15222.028
7493,3.406474,15225.435
7494,3.4056246,15228.84
7495,3.405913,15232.246
7496,3.4070413,15235.653
7497,3.409177,15239.0625
7498,3.4117758,15242.475
7499,3.4131818,15245.888
7500,3.4132342,15249.301
7501,3.4133034,15252.714
7502,3.411459,15256.125
7503,3.409946,15259.535
7504,3.4088635,15262.944
7505,3.407745,15266.353
7506,3.4069057,15269.76
7507,3.4060292,15273.166
7508,3.4050405,15276.571
7509,3.4043138,15279.976
7510,3.4043624,15283.38
7511,3.4051647,15286.785
7512,3.4033117,15290.188
7513,3.4016125,15293.59
7514,3.4077935,15296.998
7515,3.416345,15300.414
7516,3.4244847,15303.839
7517,3.4334025,15307.272
7518,3.442838,15310.715
7519,3.452827,15314.168
7520,3.4635532,15317.632
7521,3.4739177,15321.105
7522,3.483882,15324.589
7523,3.4929106,15328.082
7524,3.5015306,15331.584
7525,3.5079033,15335.092
7526,3.5129595,15338.6045
7527,3.5159829,15342.12
7528,3.5169113,15345.637
7529,3.5163598,15349.153
7530,3.512643,15352.666
7531,3.5065038,15356.173
7532,3.4968004,15359.67
7533,3.4830108,15363.153
7534,3.465778,15366.619
7535,3.4492884,15370.068
7536,3.4260488,15373.494
7537,3.3981035,15376.893
7538,3.376065,15380.269
7539,3.3612013,15383.63
7540,3.3507845,15386.98
7541,3.3432012,15390.323
7542,3.3369222,15393.66
7543,3.3322182,15396.992
7544,3.3271954,15400.319
7545,3.3233416,15403.643
7546,3.3192806,15406.962
7547,3.3155894,15410.277
7548,3.3128314,15413.59
7549,3.3117218,15416.901
7550,3.311729,15420.213
7551,3.308595,15423.521
7552,3.3039434,15426.825
7553,3.2975717,15430.123
7554,3.2892368,15433.412
7555,3.2808354,15436.693
7556,3.269311,15439.963
7557,3.2554705,15443.219
7558,3.2406356,15446.459
7559,3.2280836,15449.6875
7560,3.2171075,15452.904
7561,3.2104535,15456.115
7562,3.2075436,15459.323
7563,3.2067783,15462.53
7564,3.2050316,15465.735
7565,3.2066176,15468.942
7566,3.2090275,15472.151
7567,3.2099986,15475.361
7568,3.2075298,15478.569
7569,3.1985562,15481.768
7570,3.15478,15484.922
7571,3.0973713,15488.02
7572,3.0839958,15491.104
7573,3.0774088,15494.181
7574,3.0743833,15497.255
7575,3.0722518,15500.327
7576,3.071288,15503.398
7577,3.0697434,15506.468
7578,3.0704064,15509.538
7579,3.070131,15512.608
7580,3.0696192,15515.678
7581,3.0700552,15518.748
7582,3.0719006,15521.82
7583,3.0737524,15524.895
7584,3.075111,15527.97
7585,3.0755868,15531.045
7586,3.07554,15534.12
7587,3.0757992,15537.196
7588,3.076028,15540.272
7589,3.0770154,15543.35
7590,3.0778923,15546.428
7591,3.078404,15549.506
7592,3.0791652,15552.585
7593,3.0795708,15555.664
7594,3.0801177,15558.744
7595,3.0805774,15561.825
7596,3.081217,15564.906
7597,3.0823627,15567.988
7598,3.0839968,15571.072
7599,3.0858145,15574.158
7600,3.0876813,15577.246
7601,3.0902157,15580.336
7602,3.0930014,15583.429
7603,3.0943127,15586.523
7604,3.0956554,15589.619
7605,3.097445,15592.717
7606,3.0996518,15595.816
7607,3.1011596,15598.918
7608,3.1018405,15602.02
7609,3.1024983,15605.122
7610,3.1035678,15608.226
7611,3.105785,15611.331
7612,3.10807,15614.439
7613,3.1109512,15617.551
7614,3.113683,15620.664
7615,3.1160867,15623.78
7616,3.1176643,15626.897
7617,3.1197906,15630.018
7618,3.122536,15633.14
7619,3.1248684,15636.265
7620,3.1269085,15639.392
7621,3.1273687,15642.519
7622,3.1275454,15645.646
7623,3.1282349,15648.774
7624,3.1290762,15651.903
7625,3.1300097,15655.033
7626,3.1312606,15658.164
7627,3.1335244,15661.298
7628,3.1355374,15664.434
7629,3.136123,15667.569
7630,3.1381946,15670.708
7631,3.1402676,15673.849
7632,3.1424978,15676.991
7633,3.1424844,15680.134
7634,3.1430557,15683.276
7635,3.1441529,15686.421
7636,3.145187,15689.566
7637,3.1474657,15692.714
7638,3.1496718,15695.863
7639,3.151889,15699.016
7640,3.1529915,15702.169
7641,3.1523426,15705.321
7642,3.152457,15708.474
7643,3.1532598,15711.627
7644,3.1541917,15714.781
7645,3.1544063,15717.936
7646,3.1567006,15721.092
7647,3.1646004,15724.257
7648,3.1698265,15727.427
7649,3.174302,15730.601
7650,3.1833365,15733.784
7651,3.1998956,15736.984
7652,3.220952,15740.205
7653,3.2495275,15743.455
7654,3.278926,15746.734
7655,3.322767,15750.058
7656,3.3493717,15753.407
7657,3.357234,15756.765
7658,3.3696249,15760.134
7659,3.3874006,15763.521
7660,3.3950877,15766.917
7661,3.3944674,15770.312
7662,3.3874755,15773.699
7663,3.379193,15777.078
7664,3.3730373,15780.451
7665,3.3698437,15783.821
7666,3.3707433,15787.192
7667,3.373008,15790.565
7668,3.3751802,15793.94
7669,3.381381,15797.322
7670,3.389359,15800.712
7671,3.3978543,15804.109
7672,3.4033513,15807.513
7673,3.4097366,15810.923
7674,3.415445,15814.338
7675,3.416682,15817.755
7676,3.4161158,15821.171
7677,3.4136279,15824.585
7678,3.4097688,15827.995
7679,3.4071186,15831.402
7680,3.4060616,15834.809
7681,3.403009,15838.212
7682,3.4010043,15841.613
7683,3.4002678,15845.014
7684,3.4006402,15848.414
7685,3.4034529,15851.817
7686,3.4060233,15855.224
7687,3.4052238,15858.629
7688,3.4045327,15862.033
7689,3.4034874,15865.437
7690,3.4032025,15868.84
7691,3.4037943,15872.243
7692,3.4054034,15875.648
7693,3.4090009,15879.058
7694,3.4118533,15882.47
7695,3.4137125,15885.884
7696,3.4137769,15889.298
7697,3.4122677,15892.71
7698,3.4127235,15896.123
7699,3.411532,15899.534
7700,3.4095378,15902.943
7701,3.4079976,15906.352
7702,3.406998,15909.759
7703,3.4084716,15913.167
7704,3.4122782,15916.579
7705,3.4194238,15919.998
7706,3.425294,15923.424
7707,3.4271224,15926.851
7708,3.427926,15930.278
7709,3.4313147,15933.71
7710,3.4350054,15937.145
7711,3.4389956,15940.584
7712,3.4391272,15944.023
7713,3.4384952,15947.462
7714,3.436833,15950.898
7715,3.4348116,15954.333
7716,3.4341836,15957.768
7717,3.4344509,15961.202
7718,3.4351723,15964.638
7719,3.4338214,15968.071
7720,3.4325848,15971.504
7721,3.431179,15974.936
7722,3.429287,15978.365
7723,3.4279225,15981.793
7724,3.4264235,15985.22
7725,3.4245481,15988.645
7726,3.4250197,15992.069
7727,3.4287846,15995.498
7728,3.432518,15998.931
7729,3.4367824,16002.367
7730,3.441045,16005.809
7731,3.444768,16009.253
7732,3.4491918,16012.702
7733,3.454626,16016.157
7734,3.4562786,16019.613
7735,3.456845,16023.07
7736,3.4570107,16026.527
7737,3.4591289,16029.986
7738,3.46178,16033.448
7739,3.464965,16036.913
7740,3.4668496,16040.38
7741,3.4671152,16043.847
7742,3.466841,16047.313
7743,3.4660356,16050.779
7744,3.465079,16054.244
7745,3.4634368,16057.708
7746,3.462793,16061.171
7747,3.4632506,16064.634
7748,3.4651163,16068.099
7749,3.4697626,16071.568
7750,3.4745903,16075.043
7751,3.4793549,16078.522
7752,3.4807467,16082.003
7753,3.478538,16085.481
7754,3.4760134,16088.957
7755,3.4737167,16092.431
7756,3.4735034,16095.904
7757,3.4735973,16099.378
7758,3.47253,16102.851
7759,3.4721718,16106.323
7760,3.4724448,16109.796
7761,3.4728262,16113.269
7762,3.4733083,16116.742
7763,3.4729853,16120.215
7764,3.4721951,16123.6875
7765,3.4703684,16127.158
7766,3.469995,16130.628
7767,3.4695907,16134.098
7768,3.4710858,16137.568
7769,3.4730814,16141.041
7770,3.4762878,16144.518
7771,3.4797356,16147.997
7772,3.483298,16151.48
7773,3.4860895,16154.967
7774,3.4866848,16158.453
7775,3.485935,16161.939
7776,3.4851553,16165.425
7777,3.485333,16168.91
7778,3.486356,16172.396
7779,3.4878438,16175.885
7780,3.488533,16179.373
7781,3.4884996,16182.861
7782,3.487676,16186.349
7783,3.48651,16189.835
7784,3.4859707,16193.321
7785,3.4855938,16196.807
7786,3.4837723,16200.29
7787,3.4822514,16203.772
7788,3.4825683,16207.255
7789,3.4829473,16210.738
7790,3.4824672,16214.221
7791,3.4799926,16217.701
7792,3.4794543,16221.181
7793,3.4801178,16224.661
7794,3.4815142,16228.143
7795,3.4844687,16231.627
7796,3.485801,16235.112
7797,3.4856114,16238.598
7798,3.4841025,16242.082
7799,3.4805903,16245.5625
7800,3.4788678,16249.041
7801,3.4754856,16252.517
7802,3.472774,16255.989
7803,3.4732106,16259.463
7804,3.4753036,16262.938
7805,3.478685,16266.417
7806,3.4785936,16269.8955
7807,3.4780374,16273.374
7808,3.4760883,16276.851
7809,3.4735875,16280.324
7810,3.4707441,16283.795
7811,3.4662921,16287.261
7812,3.4618707,16290.723
7813,3.454659,16294.178
7814,3.4475756,16297.625
7815,3.439599,16301.064
7816,3.4375253,16304.502
7817,3.4340832,16307.937
7818,3.430313,16311.367
7819,3.4256036,16314.793
7820,3.4255748,16318.219
7821,3.4252434,16321.644
7822,3.4271157,16325.07
7823,3.4315405,16328.502
7824,3.435992,16331.9375
7825,3.4390836,16335.377
7826,3.4411113,16338.818
7827,3.443133,16342.262
7828,3.4461257,16345.708
7829,3.4498281,16349.158
7830,3.4534492,16352.611
7831,3.4563417,16356.067
7832,3.4557652,16359.523
7833,3.4520726,16362.976
7834,3.4513888,16366.427
7835,3.4533725,16369.88
7836,3.454226,16373.334
7837,3.45303,16376.787
7838,3.453316,16380.24
7839,3.4537902,16383.694
7840,3.4528909,16387.146
7841,3.451948,16390.598
7842,3.453961,16394.05
7843,3.459183,16397.51
7844,3.46275,16400.973
7845,3.4663696,16404.44
7846,3.4689355,16407.908
7847,3.4711556,16411.379
7848,3.472338,16414.852
7849,3.4733672,16418.324
7850,3.4758737,16421.8
7851,3.4791968,16425.28
7852,3.4833646,16428.762
7853,3.4879138,16432.25
7854,3.491454,16435.742
7855,3.494005,16439.236
7856,3.4948468,16442.73
7857,3.4950597,16446.225
7858,3.4945374,16449.719
7859,3.4946115,16453.213
7860,3.494855,16456.707
7861,3.4963193,16460.203
7862,3.4964616,16463.7
7863,3.496601,16467.195
7864,3.4962943,16470.691
7865,3.4963346,16474.188
7866,3.4947155,16477.682
7867,3.4912481,16481.174
7868,3.4877348,16484.662
7869,3.4846992,16488.146
7870,3.4822216,16491.629
7871,3.478957,16495.107
7872,3.474191,16498.582
7873,3.4693096,16502.05
7874,3.4689496,16505.52
7875,3.4704225,16508.99
7876,3.4695625,16512.459
7877,3.4660678,16515.926
7878,3.4602573,16519.387
7879,3.4500036,16522.836
7880,3.4463484,16526.283
7881,3.4491823,16529.732
7882,3.4497256,16533.182
7883,3.4516168,16536.633
7884,3.4518857,16540.084
7885,3.4563406,16543.541
7886,3.458338,16547.0
7887,3.4584575,16550.459
7888,3.4554937,16553.914
7889,3.4507155,16557.365
7890,3.4467692,16560.812
7891,3.4427729,16564.256
7892,3.4420907,16567.697
7893,3.441852,16571.139
7894,3.4434884,16574.582
7895,3.4420943,16578.023
7896,3.442247,16581.465
7897,3.4443715,16584.91
7898,3.4482348,16588.357
7899,3.4525259,16591.81
7900,3.4561644,16595.268
7901,3.4594853,16598.727
7902,3.4635162,16602.19
7903,3.4645398,16605.654
7904,3.4653265,16609.12
7905,3.4656088,16612.584
7906,3.4684398,16616.053
7907,3.4725804,16619.525
7908,3.4747696,16623.0
7909,3.4774086,16626.477
7910,3.478349,16629.955
7911,3.4796605,16633.436
7912,3.479688,16636.916
7913,3.479616,16640.396
7914,3.4805725,16643.877
7915,3.4834085,16647.361
7916,3.484369,16650.846
7917,3.4844182,16654.33
7918,3.4857008,16657.816
7919,3.4885998,16661.305
7920,3.491004,16664.795
7921,3.4921656,16668.287
7922,3.4914694,16671.78
7923,3.4900005,16675.27
7924,3.4892497,16678.758
7925,3.4889014,16682.246
7926,3.4887662,16685.734
7927,3.4883435,16689.223
7928,3.488294,16692.71
7929,3.4888933,16696.2
7930,3.4907396,16699.69
7931,3.493209,16703.184
7932,3.4950426,16706.678
7933,3.496625,16710.174
7934,3.4979951,16713.672
7935,3.4980397,16717.17
7936,3.4973085,16720.668
7937,3.49623,16724.164
7938,3.496376,16727.66
7939,3.497343,16731.158
7940,3.4979105,16734.656
7941,3.4975195,16738.154
7942,3.49501,16741.648
7943,3.4911425,16745.139
7944,3.4893684,16748.629
7945,3.4876854,16752.117
7946,3.486275,16755.604
7947,3.4836338,16759.088
7948,3.4822183,16762.57
7949,3.4822574,16766.053
7950,3.4820454,16769.535
7951,3.4827876,16773.018
7952,3.4816353,16776.5
7953,3.4788156,16779.979
7954,3.4746845,16783.453
7955,3.469945,16786.924
7956,3.469186,16790.393
7957,3.470614,16793.863
7958,3.4720235,16797.336
7959,3.4714093,16800.807
7960,3.4650807,16804.271
7961,3.4597137,16807.73
7962,3.460697,16811.191
7963,3.4601562,16814.652
7964,3.4549835,16818.107
7965,3.444432,16821.553
7966,3.4401224,16824.992
7967,3.4382653,16828.43
7968,3.4356124,16831.865
7969,3.4327831,16835.299
7970,3.4253879,16838.725
7971,3.4174032,16842.143
7972,3.416051,16845.559
7973,3.418279,16848.977
7974,3.4214056,16852.398
7975,3.4248161,16855.824
7976,3.4260464,16859.25
7977,3.4277074,16862.678
7978,3.42559,16866.104
7979,3.4237366,16869.527
7980,3.4236672,16872.951
7981,3.421556,16876.373
7982,3.4214258,16879.795
7983,3.4229136,16883.219
7984,3.4233785,16886.643
7985,3.421051,16890.064
7986,3.4167438,16893.48
7987,3.4138575,16896.895
7988,3.4105794,16900.305
7989,3.4091084,16903.713
7990,3.4099069,16907.123
7991,3.41303,16910.535
7992,3.4187453,16913.953
7993,3.4236574,16917.377
7994,3.426778,16920.805
7995,3.4279747,16924.232
7996,3.4291089,16927.662
7997,3.4299533,16931.092
7998,3.4300554,16934.521
7999,3.4317627,16937.953
8000,3.4301085,16941.383
8001,3.4270532,16944.81
8002,3.4255311,16948.236
8003,3.4245872,16951.66
8004,3.4200907,16955.08
8005,3.41684,16958.496
8006,3.4191606,16961.916
8007,3.42242,16965.338
8008,3.4253895,16968.764
8009,3.4246633,16972.188
8010,3.422622,16975.61
8011,3.419799,16979.03
8012,3.416762,16982.445
8013,3.4111984,16985.857
8014,3.404279,16989.262
8015,3.3966222,16992.658
8016,3.390475,16996.049
8017,3.3850086,16999.434
8018,3.3833418,17002.816
8019,3.382693,17006.2
8020,3.3822508,17009.582
8021,3.3815591,17012.963
8022,3.3760705,17016.34
8023,3.370295,17019.71
8024,3.371118,17023.082
8025,3.3766158,17026.459
8026,3.3834915,17029.842
8027,3.3887224,17033.23
8028,3.3909252,17036.621
8029,3.3921,17040.014
8030,3.3941946,17043.408
8031,3.3974535,17046.805
8032,3.3998609,17050.205
8033,3.4052126,17053.61
8034,3.4109654,17057.02
8035,3.4178553,17060.438
8036,3.4227033,17063.86
8037,3.4255474,17067.285
8038,3.4258611,17070.71
8039,3.4248762,17074.137
8040,3.4242501,17077.56
8041,3.4223657,17080.982
8042,3.4210632,17084.404
8043,3.4209125,17087.826
8044,3.4238362,17091.25
8045,3.4309564,17094.682
8046,3.4357126,17098.117
8047,3.4409175,17101.559
8048,3.442621,17105.002
8049,3.4440234,17108.445
8050,3.4449944,17111.89
8051,3.4471428,17115.338
8052,3.4505725,17118.79
8053,3.4545233,17122.244
8054,3.4581134,17125.703
8055,3.4610794,17129.164
8056,3.4635732,17132.627
8057,3.4640498,17136.092
8058,3.4643307,17139.557
8059,3.4662497,17143.023
8060,3.4675589,17146.49
8061,3.4697337,17149.96
8062,3.4701521,17153.432
8063,3.4689798,17156.9
8064,3.4676619,17160.367
8065,3.4679742,17163.836
8066,3.468265,17167.305
8067,3.4691875,17170.773
8068,3.4691997,17174.242
8069,3.4683843,17177.71
8070,3.4676716,17181.178
8071,3.4672537,17184.645
8072,3.467471,17188.111
8073,3.4687557,17191.58
8074,3.4701943,17195.05
8075,3.470967,17198.521
8076,3.472106,17201.994
8077,3.4744842,17205.469
8078,3.4758546,17208.945
8079,3.4776514,17212.424
8080,3.4795256,17215.904
8081,3.4800653,17219.385
8082,3.4796417,17222.865
8083,3.477337,17226.342
8084,3.4760122,17229.818
8085,3.4751325,17233.293
8086,3.4748003,17236.768
8087,3.4767709,17240.244
8088,3.476093,17243.72
8089,3.475419,17247.195
8090,3.473932,17250.67
8091,3.472315,17254.143
8092,3.4712536,17257.613
8093,3.4713554,17261.084
8094,3.4724562,17264.557
8095,3.4734213,17268.03
8096,3.4738107,17271.504
8097,3.472442,17274.977
8098,3.4718573,17278.45
8099,3.470393,17281.92
8100,3.4706202,17285.39
8101,3.4714732,17288.861
8102,3.472114,17292.334
8103,3.4707472,17295.805
8104,3.4704647,17299.275
8105,3.471291,17302.746
8106,3.4735782,17306.219
8107,3.477545,17309.697
8108,3.4783032,17313.176
8109,3.4773784,17316.652
8110,3.476215,17320.129
8111,3.475053,17323.604
8112,3.475959,17327.08
8113,3.4774926,17330.557
8114,3.4786174,17334.035
8115,3.4790926,17337.514
8116,3.4786131,17340.992
8117,3.4774568,17344.469
8118,3.4772618,17347.945
8119,3.4773877,17351.422
8120,3.4767456,17354.898
8121,3.4754903,17358.373
8122,3.4740722,17361.848
8123,3.4725218,17365.32
8124,3.4712274,17368.791
8125,3.4700704,17372.262
8126,3.4682736,17375.73
8127,3.4660556,17379.197
8128,3.4640083,17382.662
8129,3.463968,17386.127
8130,3.4654186,17389.592
8131,3.4678226,17393.06
8132,3.4708517,17396.531
8133,3.474097,17400.006
8134,3.4775732,17403.484
8135,3.4808788,17406.965
8136,3.4840155,17410.45
8137,3.4860864,17413.936
8138,3.487592,17417.424
8139,3.4884138,17420.912
8140,3.4893289,17424.402
8141,3.490339,17427.893
8142,3.4905505,17431.383
8143,3.4903522,17434.873
8144,3.4898372,17438.363
8145,3.4895945,17441.854
8146,3.4890437,17445.342
8147,3.488892,17448.83
8148,3.4883037,17452.318
8149,3.4877791,17455.807
8150,3.4874642,17459.295
8151,3.486818,17462.781
8152,3.4868014,17466.268
8153,3.4871564,17469.754
8154,3.4872065,17473.24
8155,3.4873638,17476.729
8156,3.4866195,17480.215
8157,3.485938,17483.701
8158,3.4854002,17487.188
8159,3.4844089,17490.672
8160,3.4838967,17494.156
8161,3.4827776,17497.639
8162,3.480668,17501.12
8163,3.4791653,17504.598
8164,3.477622,17508.076
8165,3.476089,17511.553
8166,3.4750109,17515.027
8167,3.4731703,17518.5
8168,3.470985,17521.97
8169,3.4687994,17525.44
8170,3.4653494,17528.904
8171,3.46082,17532.365
8172,3.4567087,17535.822
8173,3.4500177,17539.271
8174,3.4359472,17542.707
8175,3.4070292,17546.113
8176,3.3921542,17549.506
8177,3.3870928,17552.893
8178,3.3860104,17556.28
8179,3.3808815,17559.66
8180,3.3745663,17563.035
8181,3.3697574,17566.404
8182,3.3673894,17569.771
8183,3.3658614,17573.137
8184,3.367205,17576.504
8185,3.3691454,17579.873
8186,3.3708572,17583.244
8187,3.3732913,17586.617
8188,3.3763983,17589.994
8189,3.3832555,17593.377
8190,3.391956,17596.77
8191,3.3989818,17600.168
8192,3.4040675,17603.572
8193,3.4108822,17606.982
8194,3.4169927,17610.4
8195,3.420207,17613.82
8196,3.421061,17617.242
8197,3.420719,17620.662
8198,3.4199104,17624.082
8199,3.4208188,17627.502
8200,3.423543,17630.926
8201,3.4280114,17634.354
8202,3.4314945,17637.785
8203,3.4329588,17641.219
8204,3.4345245,17644.652
8205,3.4353304,17648.088
8206,3.4368298,17651.525
8207,3.4388323,17654.965
8208,3.441764,17658.406
8209,3.4460177,17661.852
8210,3.4488854,17665.3
8211,3.4527926,17668.754
8212,3.4543867,17672.209
8213,3.4549403,17675.664
8214,3.4547505,17679.12
8215,3.4558911,17682.574
8216,3.4580133,17686.033
8217,3.4618056,17689.494
8218,3.4658382,17692.96
8219,3.4694202,17696.43
8220,3.4715254,17699.9
8221,3.4725475,17703.373
8222,3.472624,17706.846
8223,3.4724169,17710.318
8224,3.4728708,17713.791
8225,3.472358,17717.264
8226,3.4713366,17720.734
8227,3.4703724,17724.205
8228,3.469804,17727.676
8229,3.4690747,17731.145
8230,3.4670055,17734.611
8231,3.4645839,17738.076
8232,3.4646819,17741.541
8233,3.4666045,17745.008
8234,3.4687064,17748.477
8235,3.4714372,17751.947
8236,3.4726067,17755.42
8237,3.4728785,17758.893
8238,3.470373,17762.363
8239,3.4688845,17765.832
8240,3.468677,17769.3
8241,3.4667053,17772.768
8242,3.4641669,17776.232
8243,3.461071,17779.693
8244,3.4614055,17783.154
8245,3.4645257,17786.62
8246,3.4664247,17790.086
8247,3.4678586,17793.555
8248,3.469005,17797.023
8249,3.4686217,17800.492
8250,3.4692376,17803.96
8251,3.4699147,17807.432
8252,3.471963,17810.904
8253,3.4745903,17814.379
8254,3.4765286,17817.855
8255,3.4778001,17821.334
8256,3.4780345,17824.812
8257,3.4804654,17828.293
8258,3.483047,17831.775
8259,3.4857323,17835.262
8260,3.4856284,17838.748
8261,3.4860635,17842.234
8262,3.486932,17845.72
8263,3.485841,17849.207
8264,3.4840448,17852.691
8265,3.4789674,17856.17
8266,3.4752462,17859.645
8267,3.469132,17863.113
8268,3.4637327,17866.576
8269,3.4574294,17870.033
8270,3.4539952,17873.486
8271,3.4505224,17876.938
8272,3.447998,17880.385
8273,3.4436095,17883.828
8274,3.4426117,17887.271
8275,3.4438555,17890.715
8276,3.4460077,17894.16
8277,3.4515734,17897.611
8278,3.4533212,17901.064
8279,3.453368,17904.518
8280,3.4485877,17907.967
8281,3.4440608,17911.41
8282,3.4425592,17914.854
8283,3.445688,17918.299
8284,3.4462729,17921.744
8285,3.4438357,17925.188
8286,3.4473987,17928.635
8287,3.4568832,17932.092
8288,3.4612002,17935.553
8289,3.4616556,17939.014
8290,3.4599414,17942.473
8291,3.459793,17945.932
8292,3.4635973,17949.395
8293,3.469475,17952.863
8294,3.4709647,17956.334
8295,3.4684699,17959.803
8296,3.4633822,17963.266
8297,3.4568858,17966.723
8298,3.4523547,17970.176
8299,3.4490597,17973.625
8300,3.445529,17977.07
8301,3.4398718,17980.51
8302,3.4355807,17983.945
8303,3.4342778,17987.379
8304,3.4349852,17990.814
8305,3.434948,17994.25
8306,3.4341037,17997.684
8307,3.4343796,18001.117
8308,3.4344792,18004.55
8309,3.4351718,18007.986
8310,3.432893,18011.42
8311,3.426401,18014.846
8312,3.4219992,18018.268
8313,3.4170964,18021.686
8314,3.4129038,18025.098
8315,3.408201,18028.506
8316,3.4078474,18031.914
8317,3.4082167,18035.322
8318,3.411165,18038.734
8319,3.41408,18042.148
8320,3.4127483,18045.56
8321,3.4101906,18048.97
8322,3.408051,18052.379
8323,3.4068735,18055.785
8324,3.4062023,18059.191
8325,3.405479,18062.598
8326,3.4044576,18066.002
8327,3.401942,18069.404
8328,3.399006,18072.803
8329,3.3948421,18076.197
8330,3.3922894,18079.59
8331,3.3899298,18082.98
8332,3.388597,18086.37
8333,3.3890712,18089.758
8334,3.391511,18093.148
8335,3.3937325,18096.543
8336,3.3971376,18099.94
8337,3.4039886,18103.344
8338,3.4107459,18106.754
8339,3.4167523,18110.17
8340,3.4189725,18113.59
8341,3.4207747,18117.01
8342,3.4225824,18120.432
8343,3.4252715,18123.857
8344,3.4261317,18127.283
8345,3.4273703,18130.71
8346,3.4291818,18134.14
8347,3.4321458,18137.572
8348,3.434827,18141.008
8349,3.435984,18144.443
8350,3.4378705,18147.88
8351,3.443097,18151.324
8352,3.4488745,18154.773
8353,3.4535077,18158.227
8354,3.4551175,18161.682
8355,3.455439,18165.137
8356,3.4555523,18168.592
8357,3.4537835,18172.045
8358,3.4534047,18175.498
8359,3.4514086,18178.95
8360,3.4514139,18182.4
8361,3.451179,18185.852
8362,3.450646,18189.303
8363,3.4502478,18192.754
8364,3.4526455,18196.207
8365,3.4566634,18199.664
8366,3.4582076,18203.123
8367,3.4587233,18206.582
8368,3.4591427,18210.041
8369,3.4606056,18213.502
8370,3.4630718,18216.965
8371,3.465772,18220.43
8372,3.468044,18223.898
8373,3.4685075,18227.367
8374,3.468615,18230.836
8375,3.4692087,18234.305
8376,3.4703631,18237.775
8377,3.4724102,18241.248
8378,3.4735858,18244.72
8379,3.475398,18248.195
8380,3.4765031,18251.672
8381,3.4770982,18255.148
8382,3.476173,18258.625
8383,3.474882,18262.1
8384,3.4746356,18265.574
8385,3.474743,18269.049
8386,3.4747744,18272.523
8387,3.4753714,18275.998
8388,3.4751427,18279.473
8389,3.476315,18282.95
8390,3.476206,18286.426
8391,3.4750795,18289.9
8392,3.47299,18293.373
8393,3.4712236,18296.844
8394,3.4692059,18300.312
8395,3.4648232,18303.777
8396,3.4589226,18307.236
8397,3.4536572,18310.69
8398,3.450054,18314.139
8399,3.4450557,18317.584
8400,3.4406338,18321.025
8401,3.438551,18324.465
8402,3.4387178,18327.904
8403,3.4392705,18331.344
8404,3.43624,18334.78
8405,3.4305105,18338.209
8406,3.4299798,18341.639
8407,3.4300706,18345.068
8408,3.4307294,18348.5
8409,3.4330645,18351.934
8410,3.4354784,18355.37
8411,3.4373577,18358.807
8412,3.4372168,18362.244
8413,3.4370425,18365.682
8414,3.4408627,18369.123
8415,3.4445183,18372.568
8416,3.4452178,18376.014
8417,3.4437718,18379.457
8418,3.443531,18382.9
8419,3.4441075,18386.344
8420,3.4462905,18389.791
8421,3.4460187,18393.236
8422,3.4476428,18396.684
8423,3.4515352,18400.135
8424,3.4551065,18403.59
8425,3.4585118,18407.049
8426,3.4610302,18410.51
8427,3.4637845,18413.973
8428,3.4644952,18417.438
8429,3.4645395,18420.902
8430,3.4637434,18424.365
8431,3.4626667,18427.828
8432,3.4640393,18431.293
8433,3.4657707,18434.758
8434,3.4657428,18438.223
8435,3.466286,18441.69
8436,3.466454,18445.156
8437,3.4657733,18448.621
8438,3.4653943,18452.086
8439,3.465379,18455.55
8440,3.4653807,18459.016
8441,3.4648514,18462.48
8442,3.4647892,18465.945
8443,3.4642034,18469.41
8444,3.4650578,18472.875
8445,3.4659996,18476.342
8446,3.4674249,18479.809
8447,3.4697134,18483.277
8448,3.4723184,18486.75
8449,3.4757915,18490.227
8450,3.4780045,18493.705
8451,3.4802976,18497.186
8452,3.4814837,18500.668
8453,3.4830368,18504.15
8454,3.4830873,18507.633
8455,3.4817085,18511.115
8456,3.4785335,18514.594
8457,3.4742758,18518.068
8458,3.471852,18521.541
8459,3.4687264,18525.01
8460,3.467899,18528.479
8461,3.467893,18531.947
8462,3.468892,18535.416
8463,3.4712672,18538.887
8464,3.4730725,18542.36
8465,3.4753976,18545.834
8466,3.475313,18549.309
8467,3.4740324,18552.783
8468,3.472575,18556.256
8469,3.4676874,18559.723
8470,3.4624786,18563.186
8471,3.4578447,18566.643
8472,3.4519246,18570.094
8473,3.440687,18573.535
8474,3.432283,18576.967
8475,3.4298098,18580.396
8476,3.4327514,18583.83
8477,3.4404516,18587.271
8478,3.4404967,18590.713
8479,3.4356923,18594.148
8480,3.4287088,18597.576
8481,3.4211073,18600.998
8482,3.4182215,18604.416
8483,3.4216952,18607.838
8484,3.4245431,18611.262
8485,3.4242742,18614.686
8486,3.4225664,18618.107
8487,3.4207225,18621.527
8488,3.4207668,18624.947
8489,3.419379,18628.367
8490,3.4135857,18631.781
8491,3.4045074,18635.186
8492,3.399515,18638.586
8493,3.3967807,18641.982
8494,3.3987012,18645.38
8495,3.4016519,18648.783
8496,3.4065104,18652.19
8497,3.4126992,18655.602
8498,3.4171,18659.02
8499,3.4204237,18662.44
8500,3.4207253,18665.86
8501,3.4210262,18669.281
8502,3.4253278,18672.707
8503,3.4322553,18676.139
8504,3.439363,18679.578
8505,3.4440017,18683.021
8506,3.4452593,18686.467
8507,3.4465916,18689.914
8508,3.4489436,18693.363
8509,3.449991,18696.812
8510,3.4513423,18700.264
8511,3.4518023,18703.715
8512,3.4504862,18707.166
8513,3.449231,18710.615
8514,3.4500134,18714.064
8515,3.4527266,18717.518
8516,3.4538307,18720.97
8517,3.4518378,18724.422
8518,3.450173,18727.871
8519,3.4495091,18731.32
8520,3.4502842,18734.771
8521,3.4520836,18738.223
8522,3.452221,18741.676
8523,3.4502313,18745.127
8524,3.4466777,18748.574
8525,3.4443533,18752.02
8526,3.4450064,18755.465
8527,3.4461966,18758.91
8528,3.4495332,18762.36
8529,3.4528887,18765.812
8530,3.4564264,18769.27
8531,3.4585752,18772.729
8532,3.4599855,18776.19
8533,3.4620628,18779.652
8534,3.4635577,18783.115
8535,3.4662476,18786.582
8536,3.4664922,18790.049
8537,3.4656665,18793.514
8538,3.4652781,18796.979
8539,3.4657931,18800.443
8540,3.4670556,18803.91
8541,3.4668975,18807.377
8542,3.4664931,18810.844
8543,3.4658785,18814.31
8544,3.4650588,18817.775
8545,3.4622793,18821.238
8546,3.4596899,18824.697
8547,3.4583845,18828.156
8548,3.4588723,18831.615
8549,3.4579756,18835.072
8550,3.456975,18838.53
8551,3.454058,18841.982
8552,3.451578,18845.434
8553,3.4526472,18848.887
8554,3.456337,18852.344
8555,3.4627242,18855.807
8556,3.4658918,18859.273
8557,3.4679554,18862.742
8558,3.4686913,18866.21
8559,3.4679701,18869.68
8560,3.4689095,18873.148
8561,3.4727328,18876.621
8562,3.4753487,18880.096
8563,3.4778557,18883.574
8564,3.4801335,18887.055
8565,3.4826405,18890.537
8566,3.48437,18894.021
8567,3.485552,18897.508
8568,3.4865253,18900.994
8569,3.4873931,18904.482
8570,3.488738,18907.97
8571,3.489892,18911.46
8572,3.4901285,18914.951
8573,3.490031,18918.441
8574,3.489583,18921.932
8575,3.4885702,18925.42
8576,3.4862447,18928.906
8577,3.4834187,18932.39
8578,3.4808388,18935.871
8579,3.47865,18939.35
8580,3.4777522,18942.828
8581,3.4773102,18946.305
8582,3.4766743,18949.781
8583,3.4762073,18953.258
8584,3.4760242,18956.734
8585,3.476761,18960.21
8586,3.477728,18963.69
8587,3.4777765,18967.168
8588,3.4771461,18970.645
8589,3.4762719,18974.121
8590,3.4758248,18977.598
8591,3.4741821,18981.072
8592,3.4713771,18984.543
8593,3.4666533,18988.01
8594,3.4655397,18991.475
8595,3.466452,18994.941
8596,3.4665544,18998.408
8597,3.4676907,19001.875
8598,3.4677877,19005.344
8599,3.467684,19008.81
8600,3.4681494,19012.28
8601,3.4705234,19015.75
8602,3.4713354,19019.22
8603,3.4717355,19022.693
8604,3.471236,19026.164
8605,3.471082,19029.635
8606,3.4713855,19033.105
8607,3.4711275,19036.576
8608,3.4701083,19040.047
8609,3.4684389,19043.516
8610,3.467461,19046.982
8611,3.4686165,19050.451
8612,3.4697125,19053.92
8613,3.469765,19057.39
8614,3.469689,19060.86
8615,3.4695919,19064.328
8616,3.4695244,19067.797
8617,3.469674,19071.266
8618,3.470321,19074.736
8619,3.4711134,19078.207
8620,3.4714987,19081.678
8621,3.4714296,19085.148
8622,3.4711108,19088.62
8623,3.471349,19092.09
8624,3.4705899,19095.56
8625,3.4700427,19099.031
8626,3.470274,19102.502
8627,3.4714377,19105.973
8628,3.4733992,19109.445
8629,3.4754725,19112.92
8630,3.4767218,19116.396
8631,3.4780867,19119.875
8632,3.478889,19123.354
8633,3.479195,19126.832
8634,3.4787474,19130.31
8635,3.4788177,19133.79
8636,3.478906,19137.268
8637,3.4786928,19140.746
8638,3.4787667,19144.225
8639,3.477774,19147.703
8640,3.4782617,19151.182
8641,3.4794998,19154.662
8642,3.4804122,19158.143
8643,3.4815805,19161.625
8644,3.4825463,19165.107
8645,3.484534,19168.592
8646,3.4861403,19172.078
8647,3.487291,19175.564
8648,3.4881449,19179.053
8649,3.4892187,19182.541
8650,3.490425,19186.031
8651,3.4911203,19189.521
8652,3.492082,19193.014
8653,3.4905977,19196.504
8654,3.488992,19199.992
8655,3.4872339,19203.479
8656,3.4875166,19206.967
8657,3.4881482,19210.455
8658,3.4879265,19213.943
8659,3.4873269,19217.432
8660,3.4850147,19220.916
8661,3.4822905,19224.398
8662,3.4804506,19227.879
8663,3.476422,19231.355
8664,3.4720798,19234.828
8665,3.4669616,19238.295
8666,3.464361,19241.76
8667,3.4641762,19245.225
8668,3.4646947,19248.69
8669,3.465967,19252.156
8670,3.4656527,19255.621
8671,3.4641488,19259.086
8672,3.4632962,19262.549
8673,3.4666293,19266.016
8674,3.4714763,19269.486
8675,3.4766023,19272.963
8676,3.4773428,19276.44
8677,3.4758856,19279.916
8678,3.472253,19283.389
8679,3.4697301,19286.86
8680,3.4693727,19290.328
8681,3.4697552,19293.799
8682,3.46978,19297.27
8683,3.4680796,19300.738
8684,3.4664412,19304.205
8685,3.463616,19307.668
8686,3.4606664,19311.129
8687,3.457526,19314.586
8688,3.4567096,19318.043
8689,3.4585488,19321.502
8690,3.46195,19324.965
8691,3.4650574,19328.43
8692,3.4666235,19331.896
8693,3.4671993,19335.363
8694,3.4677103,19338.83
8695,3.4679132,19342.299
8696,3.4684193,19345.768
8697,3.469813,19349.238
8698,3.4714665,19352.709
8699,3.4722054,19356.182
8700,3.4715893,19359.652
8701,3.4710217,19363.123
8702,3.4725268,19366.596
8703,3.4765477,19370.072
8704,3.4796941,19373.553
8705,3.4828312,19377.035
8706,3.4835482,19380.52
8707,3.4829648,19384.002
8708,3.483185,19387.484
8709,3.4836512,19390.969
8710,3.4841576,19394.453
8711,3.4836845,19397.938
8712,3.4821587,19401.42
8713,3.4809604,19404.9
8714,3.4802008,19408.38
8715,3.4802284,19411.861
8716,3.4783528,19415.34
8717,3.4738562,19418.814
8718,3.4686296,19422.283
8719,3.4627786,19425.746
8720,3.4582598,19429.205
8721,3.4531658,19432.658
8722,3.4487789,19436.107
8723,3.44294,19439.55
8724,3.4378903,19442.988
8725,3.4446406,19446.434
8726,3.4485822,19449.883
8727,3.4530938,19453.336
8728,3.4548767,19456.791
8729,3.4558296,19460.246
8730,3.4531593,19463.7
8731,3.4483795,19467.148
8732,3.4426732,19470.592
8733,3.4317572,19474.023
8734,3.4233665,19477.447
8735,3.4178314,19480.865
8736,3.4149837,19484.28
8737,3.4145718,19487.693
8738,3.4179833,19491.111
8739,3.4217324,19494.533
8740,3.4266503,19497.959
8741,3.4299643,19501.389
8742,3.4336967,19504.822
8743,3.439723,19508.262
8744,3.444622,19511.707
8745,3.447631,19515.154
8746,3.4462428,19518.6
8747,3.4411688,19522.041
8748,3.4401045,19525.48
8749,3.4430315,19528.924
8750,3.447684,19532.371
8751,3.4513092,19535.822
8752,3.4513137,19539.273
8753,3.4510036,19542.725
8754,3.4530241,19546.178
8755,3.455751,19549.633
8756,3.4578264,19553.09
8757,3.4572814,19556.547
8758,3.456406,19560.004
8759,3.4552975,19563.459
8760,3.452905,19566.912
8761,3.4484744,19570.361
8762,3.4465883,19573.809
8763,3.4492288,19577.258
8764,3.45112,19580.709
8765,3.4554377,19584.164
8766,3.4555285,19587.62
8767,3.4525871,19591.072
8768,3.4466174,19594.52
8769,3.439543,19597.959
8770,3.4369967,19601.396
8771,3.4349816,19604.832
8772,3.4332814,19608.266
8773,3.427403,19611.693
8774,3.4196684,19615.113
8775,3.4129198,19618.525
8776,3.4085803,19621.934
8777,3.4036999,19625.338
8778,3.3984938,19628.736
8779,3.394684,19632.13
8780,3.3898175,19635.521
8781,3.3856618,19638.906
8782,3.3813183,19642.287
8783,3.3748782,19645.662
8784,3.3724828,19649.035
8785,3.372819,19652.408
8786,3.373642,19655.781
8787,3.3742352,19659.156
8788,3.3760996,19662.533
8789,3.3773563,19665.91
8790,3.376898,19669.287
8791,3.3727489,19672.66
8792,3.3675494,19676.027
8793,3.3660824,19679.393
8794,3.3673763,19682.76
8795,3.3697255,19686.129
8796,3.3743343,19689.504
8797,3.3796692,19692.883
8798,3.382417,19696.266
8799,3.3820975,19699.648
8800,3.379085,19703.027
8801,3.377866,19706.404
8802,3.3745613,19709.78
8803,3.3675256,19713.146
8804,3.3609412,19716.508
8805,3.356617,19719.865
8806,3.358659,19723.225
8807,3.3628905,19726.588
8808,3.3719018,19729.959
8809,3.382316,19733.342
8810,3.3882992,19736.73
8811,3.3924747,19740.123
8812,3.3948793,19743.518
8813,3.3987331,19746.916
8814,3.4005926,19750.316
8815,3.4006708,19753.717
8816,3.4031253,19757.12
8817,3.4055345,19760.525
8818,3.4110239,19763.936
8819,3.416821,19767.352
8820,3.4216998,19770.773
8821,3.4247818,19774.197
8822,3.4278328,19777.625
8823,3.4319677,19781.057
8824,3.436029,19784.492
8825,3.4406319,19787.934
8826,3.4459133,19791.379
8827,3.4518247,19794.83
8828,3.4555035,19798.285
8829,3.458021,19801.744
8830,3.4585385,19805.203
8831,3.4579155,19808.66
8832,3.456523,19812.117
8833,3.4560497,19815.572
8834,3.455826,19819.027
8835,3.4563646,19822.484
8836,3.4558465,19825.94
8837,3.4535973,19829.393
8838,3.4504168,19832.844
8839,3.4487503,19836.293
8840,3.449171,19839.742
8841,3.4488034,19843.191
8842,3.4479244,19846.639
8843,3.4454737,19850.084
8844,3.4450762,19853.53
8845,3.4441795,19856.973
8846,3.4432411,19860.416
8847,3.4471734,19863.863
8848,3.4522347,19867.316
8849,3.457947,19870.773
8850,3.4598687,19874.232
8851,3.463653,19877.695
8852,3.4659708,19881.162
8853,3.466163,19884.629
8854,3.4624984,19888.092
8855,3.4561636,19891.549
8856,3.4522045,19895.002
8857,3.4517796,19898.453
8858,3.4518776,19901.904
8859,3.4498785,19905.354
8860,3.4474287,19908.8
8861,3.4468198,19912.248
8862,3.4487631,19915.697
8863,3.4504278,19919.148
8864,3.4522145,19922.602
8865,3.4548585,19926.057
8866,3.4564466,19929.514
8867,3.4557142,19932.969
8868,3.456046,19936.424
8869,3.456686,19939.88
8870,3.4577096,19943.338
8871,3.4601858,19946.799
8872,3.4624546,19950.262
8873,3.4646096,19953.727
8874,3.4665768,19957.193
8875,3.4678078,19960.662
8876,3.4686162,19964.13
8877,3.4704962,19967.602
8878,3.4720495,19971.074
8879,3.4749684,19974.549
8880,3.4757748,19978.025
8881,3.4752624,19981.5
8882,3.4749784,19984.975
8883,3.4754314,19988.45
8884,3.4764452,19991.926
8885,3.4770007,19995.402
8886,3.478047,19998.88
8887,3.4784973,20002.36
8888,3.47825,20005.838
8889,3.4773984,20009.314
8890,3.476925,20012.791
8891,3.4769657,20016.268
8892,3.478133,20019.746
8893,3.4793422,20023.225
8894,3.4811766,20026.705
8895,3.4837987,20030.19
8896,3.485449,20033.676
8897,3.486702,20037.162
8898,3.4866524,20040.648
8899,3.4868965,20044.135
8900,3.4873924,20047.623
8901,3.4891534,20051.111
8902,3.4912496,20054.604
8903,3.4937885,20058.098
8904,3.4963222,20061.594
8905,3.4977202,20065.092
8906,3.4982588,20068.59
8907,3.4977527,20072.088
8908,3.4961321,20075.584
8909,3.4944932,20079.078
8910,3.492346,20082.57
8911,3.4901097,20086.06
8912,3.488977,20089.549
8913,3.4887106,20093.037
8914,3.4890707,20096.525
8915,3.4902759,20100.016
8916,3.491477,20103.508
8917,3.4915996,20107.0
8918,3.4910104,20110.49
8919,3.4887471,20113.979
8920,3.4873998,20117.467
8921,3.4877005,20120.955
8922,3.488298,20124.443
8923,3.4889188,20127.932
8924,3.4893203,20131.422
8925,3.4873922,20134.91
8926,3.4857168,20138.396
8927,3.4856658,20141.883
8928,3.4859362,20145.37
8929,3.4868116,20148.855
8930,3.4873755,20152.344
8931,3.488362,20155.832
8932,3.4886017,20159.32
8933,3.4867554,20162.807
8934,3.4855738,20166.293
8935,3.4828901,20169.775
8936,3.4815571,20173.258
8937,3.4813194,20176.738
8938,3.4820168,20180.22
8939,3.4826534,20183.703
8940,3.4818153,20187.186
8941,3.4810805,20190.666
8942,3.4809673,20194.146
8943,3.4806125,20197.627
8944,3.4781017,20201.105
8945,3.4762094,20204.582
8946,3.475365,20208.057
8947,3.4735174,20211.53
8948,3.4727015,20215.002
8949,3.4736338,20218.477
8950,3.4738672,20221.951
8951,3.4726877,20225.424
8952,3.4709044,20228.895
8953,3.4663734,20232.361
8954,3.4608989,20235.822
8955,3.457362,20239.28
8956,3.4591773,20242.738
8957,3.4658008,20246.203
8958,3.4701445,20249.674
8959,3.4737084,20253.148
8960,3.4736032,20256.621
8961,3.472057,20260.094
8962,3.4679396,20263.562
8963,3.4599533,20267.021
8964,3.4544673,20270.477
8965,3.4499865,20273.926
8966,3.446843,20277.373
8967,3.4435678,20280.816
8968,3.4431288,20284.26
8969,3.4459882,20287.705
8970,3.4470816,20291.152
8971,3.44708,20294.6
8972,3.446493,20298.047
8973,3.447745,20301.494
8974,3.4509764,20304.945
8975,3.4572513,20308.402
8976,3.4626076,20311.865
8977,3.467354,20315.332
8978,3.4692626,20318.8
8979,3.4694915,20322.27
8980,3.4695833,20325.738
8981,3.4680128,20329.207
8982,3.46614,20332.674
8983,3.4634926,20336.137
8984,3.46165,20339.598
8985,3.4609442,20343.059
8986,3.4604745,20346.52
8987,3.4598694,20349.979
8988,3.4599156,20353.438
8989,3.4607532,20356.898
8990,3.462189,20360.361
8991,3.466865,20363.828
8992,3.4689965,20367.297
8993,3.4715316,20370.768
8994,3.4732382,20374.24
8995,3.4745631,20377.715
8996,3.4754982,20381.19
8997,3.4763494,20384.666
8998,3.4772778,20388.143
8999,3.4782379,20391.621
9000,3.4782197,20395.1
9001,3.4770117,20398.576
9002,3.4752278,20402.05
9003,3.4733179,20405.523
9004,3.4720654,20408.996
9005,3.4720356,20412.469
9006,3.4712834,20415.94
9007,3.469952,20419.41
9008,3.4687064,20422.879
9009,3.4698584,20426.35
9010,3.4711425,20429.82
9011,3.4712095,20433.291
9012,3.4716418,20436.762
9013,3.4712143,20440.232
9014,3.4727066,20443.705
9015,3.4751728,20447.18
9016,3.477499,20450.656
9017,3.4796224,20454.137
9018,3.4830654,20457.62
9019,3.4871166,20461.105
9020,3.4880114,20464.594
9021,3.4870565,20468.08
9022,3.485524,20471.566
9023,3.4829657,20475.049
9024,3.4829357,20478.531
9025,3.4819288,20482.014
9026,3.4811385,20485.494
9027,3.478907,20488.973
9028,3.4773686,20492.45
9029,3.4763753,20495.926
9030,3.4763095,20499.402
9031,3.477448,20502.879
9032,3.478327,20506.357
9033,3.4790068,20509.836
9034,3.4790618,20513.314
9035,3.4804082,20516.795
9036,3.4822862,20520.277
9037,3.4844556,20523.762
9038,3.486429,20527.248
9039,3.4890683,20530.736
9040,3.489636,20534.227
9041,3.487669,20537.715
9042,3.4834318,20541.2
9043,3.4770205,20544.676
9044,3.4694202,20548.145
9045,3.4593515,20551.604
9046,3.4487994,20555.053
9047,3.4380968,20558.49
9048,3.4286468,20561.918
9049,3.4193206,20565.338
9050,3.4140935,20568.752
9051,3.4132824,20572.166
9052,3.403412,20575.57
9053,3.3837767,20578.953
9054,3.3714948,20582.324
9055,3.3679962,20585.691
9056,3.373175,20589.064
9057,3.3852491,20592.45
9058,3.3934033,20595.842
9059,3.3978624,20599.24
9060,3.4018598,20602.643
9061,3.4037426,20606.047
9062,3.407279,20609.455
9063,3.4102788,20612.865
9064,3.414213,20616.28
9065,3.4159744,20619.695
9066,3.4170883,20623.113
9067,3.418162,20626.531
9068,3.4175222,20629.95
9069,3.415022,20633.363
9070,3.4093359,20636.773
9071,3.4008386,20640.174
9072,3.3953464,20643.568
9073,3.3955705,20646.965
9074,3.4026206,20650.367
9075,3.407709,20653.775
9076,3.4081316,20657.184
9077,3.408584,20660.592
9078,3.4076095,20664.0
9079,3.4033136,20667.402
9080,3.398284,20670.8
9081,3.3953352,20674.195
9082,3.3967133,20677.592
9083,3.3983037,20680.99
9084,3.3968859,20684.387
9085,3.393871,20687.781
9086,3.3897715,20691.172
9087,3.3853858,20694.557
9088,3.382428,20697.94
9089,3.3824027,20701.322
9090,3.3786414,20704.701
9091,3.377541,20708.078
9092,3.3708928,20711.45
9093,3.3633578,20714.812
9094,3.3497517,20718.162
9095,3.3338537,20721.496
9096,3.3214035,20724.818
9097,3.3202581,20728.139
9098,3.3348262,20731.473
9099,3.3549216,20734.828
9100,3.368973,20738.197
9101,3.3792922,20741.576
9102,3.387552,20744.963
9103,3.3930156,20748.355
9104,3.3975537,20751.754
9105,3.4009368,20755.154
9106,3.403982,20758.559
9107,3.4055703,20761.965
9108,3.4066625,20765.371
9109,3.4045928,20768.775
9110,3.3996859,20772.176
9111,3.392203,20775.568
9112,3.386923,20778.955
9113,3.3828773,20782.338
9114,3.3792956,20785.717
9115,3.3778462,20789.094
9116,3.37937,20792.473
9117,3.3847995,20795.857
9118,3.3886049,20799.246
9119,3.3897161,20802.637
9120,3.3812342,20806.018
9121,3.3656268,20809.383
9122,3.3525436,20812.736
9123,3.3387494,20816.074
9124,3.3305426,20819.404
9125,3.3284988,20822.732
9126,3.3302858,20826.062
9127,3.3355396,20829.398
9128,3.3436294,20832.742
9129,3.3511682,20836.094
9130,3.3592248,20839.453
9131,3.3666606,20842.82
9132,3.3727345,20846.193
9133,3.3759058,20849.568
9134,3.3768477,20852.945
9135,3.3779016,20856.322
9136,3.378993,20859.701
9137,3.383155,20863.084
9138,3.3863275,20866.47
9139,3.3914032,20869.861
9140,3.3970075,20873.258
9141,3.4040303,20876.662
9142,3.4096844,20880.072
9143,3.414657,20883.486
9144,3.4172304,20886.904
9145,3.4190626,20890.324
9146,3.4209416,20893.746
9147,3.4231036,20897.17
9148,3.424367,20900.594
9149,3.425639,20904.02
9150,3.4248836,20907.445
9151,3.4236073,20910.87
9152,3.4219189,20914.291
9153,3.4187927,20917.709
9154,3.4165823,20921.125
9155,3.4148574,20924.54
9156,3.4145262,20927.953
9157,3.4153252,20931.37
9158,3.415541,20934.785
9159,3.4155982,20938.201
9160,3.4149387,20941.615
9161,3.4141936,20945.03
9162,3.413772,20948.443
9163,3.4135542,20951.857
9164,3.4125774,20955.27
9165,3.4112697,20958.682
9166,3.4101105,20962.092
9167,3.4091709,20965.5
9168,3.4079878,20968.908
9169,3.407069,20972.314
9170,3.4063923,20975.72
9171,3.4069998,20979.127
9172,3.407747,20982.535
9173,3.408179,20985.943
9174,3.4079595,20989.352
9175,3.4074957,20992.76
9176,3.4072104,20996.166
9177,3.4069257,20999.572
9178,3.4060643,21002.979
9179,3.404741,21006.383
9180,3.4034467,21009.787
9181,3.4041052,21013.191
9182,3.4064682,21016.598
9183,3.4087765,21020.006
9184,3.4103417,21023.416
9185,3.412042,21026.828
9186,3.413189,21030.242
9187,3.4135582,21033.656
9188,3.4132278,21037.07
9189,3.4125686,21040.482
9190,3.4107113,21043.893
9191,3.4097872,21047.303
9192,3.4088867,21050.71
9193,3.408189,21054.12
9194,3.4089062,21057.527
9195,3.4096506,21060.938
9196,3.4107454,21064.348
9197,3.411314,21067.76
9198,3.4103117,21071.17
9199,3.4099767,21074.58
9200,3.4101286,21077.99
9201,3.4099746,21081.4
9202,3.4100184,21084.81
9203,3.4096997,21088.22
9204,3.4085531,21091.629
9205,3.4078505,21095.037
9206,3.4080017,21098.445
9207,3.4079618,21101.854
9208,3.4072218,21105.26
9209,3.4068942,21108.666
9210,3.4068308,21112.072
9211,3.406902,21115.479
9212,3.4074545,21118.887
9213,3.4069138,21122.293
9214,3.4061038,21125.7
9215,3.4047759,21129.104
9216,3.4041457,21132.508
9217,3.403228,21135.91
9218,3.4047208,21139.314
9219,3.405766,21142.72
9220,3.4057257,21146.127
9221,3.4053457,21149.533
9222,3.402417,21152.936
9223,3.4034264,21156.34
9224,3.403205,21159.742
9225,3.4053235,21163.148
9226,3.4059095,21166.555
9227,3.408188,21169.963
9228,3.409348,21173.373
9229,3.4112585,21176.785
9230,3.412549,21180.197
9231,3.4142897,21183.611
9232,3.414013,21187.025
9233,3.4141119,21190.44
9234,3.4135873,21193.854
9235,3.4133437,21197.268
9236,3.4144773,21200.682
9237,3.4168973,21204.098
9238,3.4188347,21207.516
9239,3.4213235,21210.938
9240,3.42259,21214.36
9241,3.4232028,21217.783
9242,3.4231992,21221.207
9243,3.4239113,21224.63
9244,3.4257965,21228.057
9245,3.4268367,21231.484
9246,3.4261262,21234.91
9247,3.4255643,21238.336
9248,3.424875,21241.762
9249,3.423581,21245.186
9250,3.423768,21248.61
9251,3.4225764,21252.031
9252,3.4225378,21255.453
9253,3.4218225,21258.875
9254,3.4203844,21262.295
9255,3.420325,21265.715
9256,3.4203215,21269.135
9257,3.419566,21272.555
9258,3.418742,21275.973
9259,3.4181323,21279.39
9260,3.4155407,21282.807
9261,3.413147,21286.22
9262,3.4108522,21289.63
9263,3.4082994,21293.04
9264,3.4079344,21296.447
9265,3.4069645,21299.854
9266,3.4068468,21303.26
9267,3.4040637,21306.664
9268,3.4025586,21310.066
9269,3.402272,21313.469
9270,3.4023645,21316.871
9271,3.4037924,21320.275
9272,3.4042325,21323.68
9273,3.4039888,21327.084
9274,3.4017522,21330.486
9275,3.3998544,21333.887
9276,3.3986783,21337.285
9277,3.396578,21340.682
9278,3.39517,21344.076
9279,3.3930862,21347.469
9280,3.3903158,21350.86
9281,3.3863568,21354.246
9282,3.382382,21357.629
9283,3.3777938,21361.006
9284,3.374745,21364.38
9285,3.3716443,21367.752
9286,3.3677785,21371.12
9287,3.3635664,21374.482
9288,3.3595073,21377.842
9289,3.355617,21381.197
9290,3.3527021,21384.55
9291,3.3499565,21387.9
9292,3.3481255,21391.248
9293,3.3474255,21394.596
9294,3.3478122,21397.943
9295,3.3473196,21401.291
9296,3.3472028,21404.639
9297,3.3451126,21407.984
9298,3.341375,21411.326
9299,3.3380094,21414.664
9300,3.3343887,21417.998
9301,3.331067,21421.33
9302,3.3276803,21424.658
9303,3.3245616,21427.982
9304,3.3220863,21431.305
9305,3.3202388,21434.625
9306,3.3187037,21437.943
9307,3.3178487,21441.262
9308,3.3176699,21444.58
9309,3.3164682,21447.896
9310,3.3146772,21451.21
9311,3.313646,21454.525
9312,3.313697,21457.84
9313,3.313321,21461.152
9314,3.3131437,21464.465
9315,3.3124232,21467.777
9316,3.3118427,21471.09
9317,3.3115375,21474.402
9318,3.3125436,21477.715
9319,3.3133843,21481.027
9320,3.3159575,21484.344
9321,3.317767,21487.662
9322,3.319918,21490.982
9323,3.3209474,21494.303
9324,3.32108,21497.623
9325,3.3204892,21500.943
9326,3.3192656,21504.262
9327,3.3176992,21507.58
9328,3.3158846,21510.896
9329,3.3139877,21514.21
9330,3.3129888,21517.523
9331,3.3115492,21520.836
9332,3.3108003,21524.146
9333,3.309761,21527.457
9334,3.3099327,21530.768
9335,3.3090155,21534.076
9336,3.3082616,21537.385
9337,3.3074155,21540.691
9338,3.3062155,21543.998
9339,3.3035872,21547.3
9340,3.301675,21550.602
9341,3.2993977,21553.9
9342,3.2978837,21557.2
9343,3.2963457,21560.496
9344,3.2961133,21563.793
9345,3.2965207,21567.09
9346,3.2969158,21570.387
9347,3.2957315,21573.682
9348,3.2950943,21576.977
9349,3.294825,21580.271
9350,3.2955837,21583.566
9351,3.2959125,21586.863
9352,3.2964528,21590.16
9353,3.2962205,21593.457
9354,3.2959604,21596.754
9355,3.295127,21600.049
9356,3.2942443,21603.344
9357,3.2928207,21606.637
9358,3.2916002,21609.928
9359,3.2903295,21613.219
9360,3.2903762,21616.51
9361,3.291133,21619.8
9362,3.292614,21623.094
9363,3.2934222,21626.387
9364,3.2945952,21629.682
9365,3.2965083,21632.979
9366,3.2992342,21636.277
9367,3.3009918,21639.578
9368,3.3015096,21642.879
9369,3.3015518,21646.18
9370,3.302244,21649.482
9371,3.303014,21652.785
9372,3.3036873,21656.088
9373,3.3040795,21659.393
9374,3.3043456,21662.697
9375,3.3049643,21666.002
9376,3.30707,21669.309
9377,3.309013,21672.617
9378,3.3098319,21675.928
9379,3.3104587,21679.238
9380,3.311357,21682.549
9381,3.312305,21685.861
9382,3.3131647,21689.174
9383,3.3136117,21692.488
9384,3.3130102,21695.8
9385,3.312211,21699.113
9386,3.3115966,21702.426
9387,3.311312,21705.736
9388,3.3117156,21709.049
9389,3.3115814,21712.361
9390,3.3106954,21715.672
9391,3.3098638,21718.982
9392,3.3090725,21722.291
9393,3.312245,21725.604
9394,3.3225882,21728.926
9395,3.3296041,21732.256
9396,3.3333251,21735.59
9397,3.3357928,21738.926
9398,3.3384485,21742.264
9399,3.3415723,21745.605
9400,3.3457859,21748.951
9401,3.349811,21752.3
9402,3.3556533,21755.656
9403,3.361703,21759.018
9404,3.3694983,21762.387
9405,3.3761337,21765.764
9406,3.3822446,21769.146
9407,3.38686,21772.533
9408,3.390061,21775.924
9409,3.3920615,21779.316
9410,3.3937788,21782.71
9411,3.3957753,21786.107
9412,3.3983884,21789.506
9413,3.4013393,21792.906
9414,3.4047635,21796.31
9415,3.4083142,21799.719
9416,3.4121306,21803.13
9417,3.4154882,21806.547
9418,3.4182978,21809.965
9419,3.4209652,21813.387
9420,3.4233203,21816.81
9421,3.4255483,21820.236
9422,3.4279604,21823.664
9423,3.4304366,21827.094
9424,3.4337473,21830.527
9425,3.4371417,21833.965
9426,3.4401186,21837.404
9427,3.4433467,21840.848
9428,3.4463801,21844.295
9429,3.4493237,21847.744
9430,3.451907,21851.195
9431,3.4543633,21854.65
9432,3.4568596,21858.107
9433,3.459084,21861.566
9434,3.461401,21865.027
9435,3.463974,21868.492
9436,3.4661126,21871.959
9437,3.4683952,21875.428
9438,3.4708905,21878.898
9439,3.4735136,21882.371
9440,3.4758863,21885.848
9441,3.4782693,21889.326
9442,3.480299,21892.807
9443,3.482932,21896.29
9444,3.4849582,21899.773
9445,3.4882052,21903.262
9446,3.4906936,21906.752
9447,3.494237,21910.246
9448,3.4976232,21913.744
9449,3.5014172,21917.246
9450,3.5043879,21920.75
9451,3.5074806,21924.258
9452,3.509269,21927.768
9453,3.5106542,21931.277
9454,3.5111647,21934.79
9455,3.512444,21938.3
9456,3.5140033,21941.814
9457,3.5165884,21945.33
9458,3.5189705,21948.85
9459,3.5200543,21952.37
9460,3.5207787,21955.89
9461,3.5214934,21959.412
9462,3.521538,21962.934
9463,3.5219162,21966.455
9464,3.5216503,21969.977
9465,3.5215302,21973.498
9466,3.5214996,21977.02
9467,3.521926,21980.541
9468,3.5221841,21984.062
9469,3.5222652,21987.584
9470,3.5218217,21991.105
9471,3.520775,21994.627
9472,3.519524,21998.146
9473,3.5182216,22001.664
9474,3.5170474,22005.182
9475,3.515587,22008.697
9476,3.5148582,22012.213
9477,3.514227,22015.727
9478,3.513841,22019.24
9479,3.5136764,22022.754
9480,3.512483,22026.266
9481,3.5110106,22029.777
9482,3.5089672,22033.287
9483,3.507607,22036.795
9484,3.5059218,22040.3
9485,3.5042257,22043.805
9486,3.5029433,22047.309
9487,3.5015783,22050.81
9488,3.500563,22054.31
9489,3.4998703,22057.81
9490,3.498482,22061.309
9491,3.4971762,22064.807
9492,3.495641,22068.303
9493,3.4945025,22071.797
9494,3.49371,22075.291
9495,3.4931674,22078.785
9496,3.4932408,22082.28
9497,3.4931042,22085.771
9498,3.49306,22089.264
9499,3.4921308,22092.756
9500,3.4900653,22096.246
9501,3.4872077,22099.732
9502,3.4844668,22103.217
9503,3.4821591,22106.7
9504,3.4797616,22110.18
9505,3.4778562,22113.658
9506,3.4761896,22117.135
9507,3.4744258,22120.61
9508,3.4730806,22124.082
9509,3.4720128,22127.555
9510,3.4713068,22131.025
9511,3.471119,22134.496
9512,3.4710176,22137.967
9513,3.4711218,22141.438
9514,3.4714956,22144.908
9515,3.4714096,22148.379
9516,3.4718235,22151.852
9517,3.4715106,22155.322
9518,3.4708624,22158.793
9519,3.469896,22162.264
9520,3.4692788,22165.732
9521,3.4685054,22169.201
9522,3.4683528,22172.67
9523,3.468119,22176.139
9524,3.4675887,22179.605
9525,3.4667864,22183.072
9526,3.4664774,22186.54
9527,3.4668164,22190.006
9528,3.4673114,22193.473
9529,3.4671113,22196.94
9530,3.4667175,22200.406
9531,3.466097,22203.873
9532,3.464967,22207.338
9533,3.4633248,22210.8
9534,3.4585178,22214.26
9535,3.4550302,22217.715
9536,3.452342,22221.168
9537,3.449765,22224.617
9538,3.4462109,22228.062
9539,3.4427886,22231.506
9540,3.4385054,22234.945
9541,3.431641,22238.377
9542,3.4199405,22241.797
9543,3.4022045,22245.2
9544,3.381338,22248.58
9545,3.3579493,22251.938
9546,3.3333328,22255.271
9547,3.3106418,22258.582
9548,3.2883518,22261.871
9549,3.269875,22265.14
9550,3.2586617,22268.398
9551,3.2539053,22271.652
9552,3.2538774,22274.906
9553,3.2546937,22278.16
9554,3.2554562,22281.416
9555,3.2555704,22284.672
9556,3.255744,22287.928
9557,3.2574704,22291.186
9558,3.262203,22294.447
9559,3.271104,22297.719
9560,3.284896,22301.004
9561,3.3051817,22304.309
9562,3.33822,22307.646
9563,3.3845973,22311.031
9564,3.4340014,22314.465
9565,3.4699461,22317.936
9566,3.491241,22321.428
9567,3.5046465,22324.932
9568,3.513999,22328.445
9569,3.5216153,22331.967
9570,3.5289922,22335.496
9571,3.5353546,22339.031
9572,3.5414314,22342.572
9573,3.5458322,22346.117
9574,3.5479746,22349.666
9575,3.5479424,22353.215
9576,3.546531,22356.762
9577,3.5444646,22360.307
9578,3.5430813,22363.85
9579,3.5412343,22367.39
9580,3.5395231,22370.93
9581,3.5378783,22374.467
9582,3.5373428,22378.004
9583,3.5367537,22381.541
9584,3.5348024,22385.076
9585,3.5321887,22388.607
9586,3.5284853,22392.137
9587,3.5253782,22395.662
9588,3.522651,22399.186
9589,3.5208037,22402.707
9590,3.519975,22406.227
9591,3.5190444,22409.746
9592,3.51716,22413.264
9593,3.5144186,22416.777
9594,3.5116513,22420.29
9595,3.5094578,22423.799
9596,3.5086505,22427.307
9597,3.5085204,22430.814
9598,3.511535,22434.326
9599,3.5133607,22437.84
9600,3.5170457,22441.357
9601,3.5184844,22444.875
9602,3.5208292,22448.396
9603,3.5222816,22451.918
9604,3.524238,22455.441
9605,3.5243144,22458.965
9606,3.5254147,22462.49
9607,3.5253713,22466.016
9608,3.5269148,22469.543
9609,3.5270572,22473.07
9610,3.5274923,22476.598
9611,3.5269353,22480.125
9612,3.5277345,22483.652
9613,3.5283651,22487.182
9614,3.530957,22490.713
9615,3.5329626,22494.246
9616,3.5345793,22497.781
9617,3.534626,22501.316
9618,3.5331566,22504.85
9619,3.5316863,22508.38
9620,3.5306253,22511.912
9621,3.5297444,22515.441
9622,3.5289488,22518.97
9623,3.5283763,22522.5
9624,3.5286303,22526.03
9625,3.5285027,22529.559
9626,3.52897,22533.088
9627,3.5300064,22536.617
9628,3.5311482,22540.148
9629,3.5323648,22543.682
9630,3.5326777,22547.215
9631,3.532831,22550.748
9632,3.5325744,22554.281
9633,3.5326602,22557.814
9634,3.532492,22561.348
9635,3.533171,22564.88
9636,3.5348277,22568.416
9637,3.5363686,22571.953
9638,3.5378277,22575.49
9639,3.5396647,22579.03
9640,3.541334,22582.57
9641,3.5429626,22586.113
9642,3.5441349,22589.658
9643,3.546468,22593.205
9644,3.549139,22596.754
9645,3.5511293,22600.305
9646,3.551236,22603.855
9647,3.5513296,22607.406
9648,3.5505562,22610.957
9649,3.5513134,22614.508
9650,3.5526235,22618.06
9651,3.553905,22621.615
9652,3.5552163,22625.17
9653,3.5569317,22628.727
9654,3.558589,22632.285
9655,3.560084,22635.846
9656,3.5610237,22639.406
9657,3.5624456,22642.969
9658,3.5631213,22646.531
9659,3.5641174,22650.096
9660,3.565321,22653.66
9661,3.566911,22657.227
9662,3.5675473,22660.795
9663,3.5670934,22664.361
9664,3.5658572,22667.928
9665,3.5658083,22671.494
9666,3.5656304,22675.06
9667,3.565784,22678.627
9668,3.5658557,22682.193
9669,3.5657506,22685.76
9670,3.565094,22689.324
9671,3.5646944,22692.889
9672,3.5648046,22696.453
9673,3.5649874,22700.018
9674,3.5646548,22703.582
9675,3.563832,22707.146
9676,3.5626001,22710.709
9677,3.5621715,22714.271
9678,3.5619826,22717.834
9679,3.5616553,22721.396
9680,3.559907,22724.957
9681,3.5580602,22728.516
9682,3.5559285,22732.072
9683,3.5548582,22735.627
9684,3.5538423,22739.182
9685,3.5530765,22742.734
9686,3.5523891,22746.287
9687,3.5528157,22749.84
9688,3.5541751,22753.395
9689,3.55449,22756.95
9690,3.5538685,22760.504
9691,3.5540338,22764.059
9692,3.5562963,22767.615
9693,3.5584521,22771.174
9694,3.5615966,22774.736
9695,3.5643632,22778.3
9696,3.5679553,22781.87
9697,3.5707333,22785.44
9698,3.5737338,22789.014
9699,3.5760198,22792.59
9700,3.5781903,22796.168
9701,3.5803092,22799.748
9702,3.5823007,22803.33
9703,3.5842497,22806.914
9704,3.5847003,22810.498
9705,3.5846145,22814.082
9706,3.5842633,22817.666
9707,3.5839033,22821.25
9708,3.5820563,22824.832
9709,3.5809119,22828.412
9710,3.5797145,22831.992
9711,3.5836794,22835.576
9712,3.59298,22839.17
9713,3.6024306,22842.771
9714,3.6080906,22846.379
9715,3.6104448,22849.99
9716,3.6108007,22853.602
9717,3.6113915,22857.213
9718,3.6115603,22860.824
9719,3.6108336,22864.436
9720,3.6104813,22868.047
9721,3.6108704,22871.658
9722,3.6105917,22875.27
9723,3.6100345,22878.879
9724,3.6100662,22882.488
9725,3.6108081,22886.1
9726,3.6124797,22889.713
9727,3.612984,22893.326
9728,3.6110017,22896.938
9729,3.6055963,22900.543
9730,3.5965967,22904.139
9731,3.5881863,22907.727
9732,3.5809832,22911.307
9733,3.5738766,22914.88
9734,3.5688896,22918.45
9735,3.5663397,22922.016
9736,3.5678616,22925.584
9737,3.570629,22929.154
9738,3.5710406,22932.725
9739,3.5684733,22936.293
9740,3.5654452,22939.86
9741,3.5650887,22943.424
9742,3.5653768,22946.988
9743,3.5665154,22950.555
9744,3.566279,22954.121
9745,3.564016,22957.686
9746,3.5563705,22961.242
9747,3.5456963,22964.787
9748,3.53482,22968.322
9749,3.5287762,22971.852
9750,3.529271,22975.38
9751,3.533947,22978.914
9752,3.5387013,22982.453
9753,3.5396457,22985.992
9754,3.5396483,22989.531
9755,3.540923,22993.072
9756,3.5412679,22996.613
9757,3.5373025,23000.15
9758,3.53657,23003.688
9759,3.5348408,23007.223
9760,3.5300233,23010.752
9761,3.521203,23014.273
9762,3.5124495,23017.785
9763,3.5062861,23021.291
9764,3.5031538,23024.795
9765,3.500679,23028.295
9766,3.5010614,23031.797
9767,3.5043182,23035.3
9768,3.5078425,23038.809
9769,3.5101116,23042.318
9770,3.5098357,23045.828
9771,3.505842,23049.334
9772,3.5036464,23052.838
9773,3.5069678,23056.346
9774,3.5144482,23059.86
9775,3.5213041,23063.38
9776,3.5209496,23066.902
9777,3.5124056,23070.414
9778,3.4974182,23073.912
9779,3.4885445,23077.4
9780,3.4959042,23080.896
9781,3.5083084,23084.404
9782,3.5174341,23087.922
9783,3.5245676,23091.447
9784,3.5369008,23094.984
9785,3.5526984,23098.537
9786,3.5647194,23102.102
9787,3.5706122,23105.672
9788,3.5767422,23109.248
9789,3.5859642,23112.834
9790,3.599955,23116.434
9791,3.611302,23120.045
9792,3.619921,23123.664
9793,3.6253917,23127.29
9794,3.6306474,23130.92
9795,3.632306,23134.553
9796,3.6342843,23138.188
9797,3.6346524,23141.822
9798,3.6327507,23145.455
9799,3.63122,23149.086
9800,3.63294,23152.719
9801,3.6369905,23156.355
9802,3.642031,23159.998
9803,3.6455793,23163.645
9804,3.6467984,23167.291
9805,3.6462986,23170.938
9806,3.6454024,23174.582
9807,3.647031,23178.229
9808,3.6518161,23181.88
9809,3.6553493,23185.537
9810,3.6564684,23189.193
9811,3.6535962,23192.848
9812,3.649874,23196.498
9813,3.6473088,23200.145
9814,3.64753,23203.793
9815,3.6497188,23207.443
9816,3.6553392,23211.1
9817,3.6606174,23214.76
9818,3.6635,23218.424
9819,3.662209,23222.086
9820,3.660189,23225.746
9821,3.6586752,23229.404
9822,3.658088,23233.062
9823,3.6545575,23236.717
9824,3.6480615,23240.365
9825,3.6384192,23244.004
9826,3.624658,23247.629
9827,3.6065707,23251.236
9828,3.585976,23254.822
9829,3.56925,23258.39
9830,3.5618613,23261.953
9831,3.562124,23265.516
9832,3.5740304,23269.09
9833,3.592144,23272.682
9834,3.6062999,23276.287
9835,3.6148388,23279.902
9836,3.6177545,23283.52
9837,3.6186984,23287.139
9838,3.6203144,23290.76
9839,3.622929,23294.383
9840,3.6246457,23298.008
9841,3.6273553,23301.635
9842,3.6280255,23305.264
9843,3.626994,23308.89
9844,3.6228557,23312.514
9845,3.6168852,23316.13
9846,3.6100302,23319.74
9847,3.6028464,23323.344
9848,3.5962029,23326.94
9849,3.5941796,23330.533
9850,3.5980926,23334.13
9851,3.6054373,23337.736
9852,3.6114495,23341.348
9853,3.614087,23344.96
9854,3.6144924,23348.576
9855,3.6140146,23352.19
9856,3.6140924,23355.803
9857,3.6172092,23359.42
9858,3.6216452,23363.041
9859,3.6269367,23366.668
9860,3.6327426,23370.3
9861,3.641429,23373.941
9862,3.651412,23377.594
9863,3.6598833,23381.254
9864,3.6634097,23384.918
9865,3.665542,23388.584
9866,3.668235,23392.252
9867,3.6711493,23395.924
9868,3.6727254,23399.596
9869,3.67357,23403.27
9870,3.6733446,23406.943
9871,3.6736958,23410.617
9872,3.6744072,23414.291
9873,3.6741805,23417.965
9874,3.6720595,23421.637
9875,3.6695497,23425.307
9876,3.6668532,23428.973
9877,3.6644692,23432.637
9878,3.6647863,23436.3
9879,3.6656735,23439.967
9880,3.6680548,23443.635
9881,3.6708188,23447.305
9882,3.6743426,23450.979
9883,3.6776085,23454.656
9884,3.679669,23458.336
9885,3.6804953,23462.016
9886,3.678987,23465.695
9887,3.677556,23469.373
9888,3.6762593,23473.049
9889,3.6762228,23476.725
9890,3.6753497,23480.4
9891,3.6748717,23484.076
9892,3.6750011,23487.752
9893,3.676869,23491.43
9894,3.6802492,23495.11
9895,3.6838324,23498.793
9896,3.6859024,23502.479
9897,3.6865492,23506.166
9898,3.6873236,23509.854
9899,3.6877663,23513.541
9900,3.6880913,23517.229
9901,3.6869438,23520.916
9902,3.686733,23524.604
9903,3.6869814,23528.291
9904,3.6874228,23531.979
9905,3.6866782,23535.666
9906,3.6851115,23539.352
9907,3.6842916,23543.035
9908,3.6824641,23546.717
9909,3.680344,23550.396
9910,3.6781094,23554.074
9911,3.6759496,23557.75
9912,3.6727328,23561.422
9913,3.6695383,23565.092
9914,3.6676965,23568.76
9915,3.6669161,23572.426
9916,3.6661282,23576.092
9917,3.6652725,23579.758
9918,3.6657279,23583.424
9919,3.6688004,23587.092
9920,3.6745903,23590.766
9921,3.6785893,23594.443
9922,3.6809206,23598.125
9923,3.681372,23601.807
9924,3.6798956,23605.486
9925,3.6785161,23609.164
9926,3.6771498,23612.842
9927,3.6749187,23616.518
9928,3.6730056,23620.191
9929,3.671121,23623.863
9930,3.6674492,23627.531
9931,3.6632864,23631.195
9932,3.6603215,23634.855
9933,3.6575305,23638.514
9934,3.653752,23642.168
9935,3.650778,23645.818
9936,3.6500888,23649.469
9937,3.6526287,23653.121
9938,3.6586576,23656.78
9939,3.6636171,23660.443
9940,3.6673641,23664.111
9941,3.6702306,23667.781
9942,3.674816,23671.457
9943,3.678551,23675.135
9944,3.68159,23678.816
9945,3.6817932,23682.498
9946,3.6781209,23686.176
9947,3.6741328,23689.85
9948,3.6699796,23693.52
9949,3.667536,23697.188
9950,3.6653838,23700.854
9951,3.665366,23704.52
9952,3.668949,23708.19
9953,3.673038,23711.863
9954,3.67757,23715.541
9955,3.678312,23719.219
9956,3.6747284,23722.893
9957,3.6705089,23726.562
9958,3.6656985,23730.229
9959,3.6620336,23733.89
9960,3.658831,23737.549
9961,3.6569242,23741.205
9962,3.6562371,23744.861
9963,3.654694,23748.516
9964,3.6522343,23752.168
9965,3.6493173,23755.816
9966,3.648214,23759.465
9967,3.649607,23763.115
9968,3.6532066,23766.768
9969,3.6573923,23770.426
9970,3.6617253,23774.088
9971,3.6640472,23777.752
9972,3.6635594,23781.416
9973,3.6633902,23785.08
9974,3.6628172,23788.742
9975,3.6612396,23792.404
9976,3.662513,23796.066
9977,3.6665423,23799.732
9978,3.6734838,23803.406
9979,3.678536,23807.084
9980,3.681162,23810.766
9981,3.6827056,23814.45
9982,3.6822517,23818.13
9983,3.679469,23821.81
9984,3.6744006,23825.484
9985,3.670389,23829.154
9986,3.6685846,23832.822
9987,3.6684723,23836.49
9988,3.669775,23840.16
9989,3.6713917,23843.832
9990,3.6736028,23847.506
9991,3.6739342,23851.18
9992,3.676369,23854.855
9993,3.6795409,23858.535
9994,3.6832488,23862.219
9995,3.6843076,23865.902
9996,3.6826074,23869.584
9997,3.679654,23873.264
9998,3.6755328,23876.94
9999,3.672188,23880.611
10000,3.6714935,23884.283
10001,3.6699078,23887.953
10002,3.6681042,23891.621
10003,3.6659994,23895.287
10004,3.662951,23898.95
10005,3.6607122,23902.61
10006,3.6571124,23906.266
10007,3.6513777,23909.918
10008,3.644305,23913.562
10009,3.640064,23917.203
10010,3.639785,23920.844
10011,3.6419833,23924.486
10012,3.644988,23928.13
10013,3.647752,23931.78
10014,3.651774,23935.432
10015,3.6539526,23939.086
10016,3.6551216,23942.74
10017,3.653225,23946.393
10018,3.65067,23950.043
10019,3.6475997,23953.691
10020,3.645058,23957.336
10021,3.639717,23960.977
10022,3.6320195,23964.61
10023,3.6220691,23968.23
10024,3.6125076,23971.844
10025,3.603433,23975.447
10026,3.6030338,23979.05
10027,3.6090658,23982.66
10028,3.6135325,23986.273
10029,3.6170247,23989.89
10030,3.6207461,23993.512
10031,3.6243825,23997.137
10032,3.6267507,24000.764
10033,3.6281402,24004.393
10034,3.6307628,24008.023
10035,3.6345315,24011.658
10036,3.6370392,24015.295
10037,3.6390944,24018.934
10038,3.63679,24022.57
10039,3.6337216,24026.203
10040,3.6310453,24029.834
10041,3.6306653,24033.465
10042,3.6323345,24037.098
10043,3.6361003,24040.734
10044,3.6388142,24044.373
10045,3.6407917,24048.014
10046,3.6425977,24051.656
10047,3.6427913,24055.299
10048,3.6432498,24058.941
10049,3.6456475,24062.588
10050,3.6498892,24066.238
10051,3.653661,24069.893
10052,3.6555026,24073.549
10053,3.658953,24077.207
10054,3.6638455,24080.871
10055,3.6654701,24084.537
10056,3.6635582,24088.201
10057,3.6568582,24091.857
10058,3.6501083,24095.508
10059,3.644644,24099.152
10060,3.6438522,24102.797
10061,3.643738,24106.441
10062,3.6431236,24110.084
10063,3.643399,24113.727
10064,3.6439645,24117.371
10065,3.6442184,24121.016
10066,3.6454308,24124.66
10067,3.6472785,24128.307
10068,3.6499193,24131.957
10069,3.6533258,24135.611
10070,3.6551266,24139.266
10071,3.656874,24142.922
10072,3.65915,24146.58
10073,3.6608331,24150.24
10074,3.661511,24153.902
10075,3.662094,24157.564
10076,3.660632,24161.225
10077,3.6597104,24164.885
10078,3.6581872,24168.543
10079,3.657578,24172.201
10080,3.6567538,24175.857
10081,3.6558723,24179.514
10082,3.6563098,24183.17
10083,3.6569393,24186.826
10084,3.6586392,24190.484
10085,3.659086,24194.143
10086,3.6596086,24197.803
10087,3.6598535,24201.463
10088,3.6612062,24205.125
10089,3.6628559,24208.787
10090,3.6665804,24212.453
10091,3.669499,24216.123
10092,3.6716082,24219.795
10093,3.6726422,24223.467
10094,3.6732526,24227.14
10095,3.6738906,24230.814
10096,3.6741066,24234.488
10097,3.675173,24238.164
10098,3.676588,24241.84
10099,3.6779342,24245.518
10100,3.6783926,24249.195
10101,3.6776793,24252.873
10102,3.676578,24256.549
10103,3.6742592,24260.223
10104,3.6730504,24263.896
10105,3.672465,24267.568
10106,3.6722581,24271.24
10107,3.6732414,24274.914
10108,3.6745765,24278.588
10109,3.6746829,24282.262
10110,3.6723287,24285.934
10111,3.6705205,24289.604
10112,3.668861,24293.271
10113,3.66667,24296.938
10114,3.664754,24300.602
10115,3.663993,24304.266
10116,3.6634772,24307.93
10117,3.6630003,24311.592
10118,3.662268,24315.254
10119,3.6625817,24318.916
10120,3.6649556,24322.58
10121,3.6668766,24326.246
10122,3.6675625,24329.914
10123,3.6671472,24333.582
10124,3.664008,24337.246
10125,3.6599014,24340.906
10126,3.6549478,24344.56
10127,3.6510725,24348.21
10128,3.6477993,24351.86
10129,3.645336,24355.504
10130,3.6441917,24359.148
10131,3.644488,24362.793
10132,3.6452303,24366.438
10133,3.6449974,24370.082
10134,3.6432185,24373.725
10135,3.6398885,24377.365
10136,3.6381814,24381.004
10137,3.638078,24384.643
10138,3.642186,24388.285
10139,3.646984,24391.932
10140,3.6475317,24395.58
10141,3.6481512,24399.229
10142,3.6489491,24402.877
10143,3.6498168,24406.527
10144,3.6506906,24410.178
10145,3.6513968,24413.83
10146,3.65125,24417.48
10147,3.6518002,24421.133
10148,3.6528902,24424.785
10149,3.6531942,24428.438
10150,3.6509712,24432.088
10151,3.6504397,24435.738
10152,3.6511648,24439.389
10153,3.6504683,24443.04
10154,3.648671,24446.688
10155,3.6480618,24450.336
10156,3.6491377,24453.984
10157,3.6502895,24457.635
10158,3.6513634,24461.285
10159,3.6517847,24464.938
10160,3.6534708,24468.592
10161,3.6559114,24472.248
10162,3.658644,24475.906
10163,3.6607556,24479.566
10164,3.6627235,24483.229
10165,3.6642838,24486.893
10166,3.6654549,24490.559
10167,3.668744,24494.227
10168,3.672662,24497.898
10169,3.6758008,24501.574
10170,3.677571,24505.252
10171,3.6784625,24508.93
10172,3.677052,24512.607
10173,3.675324,24516.283
10174,3.6735854,24519.957
10175,3.6724768,24523.629
10176,3.6716592,24527.3
10177,3.6704144,24530.97
10178,3.6701987,24534.64
10179,3.6720047,24538.312
10180,3.6734993,24541.986
10181,3.673385,24545.66
10182,3.6719604,24549.332
10183,3.6715198,24553.004
10184,3.670323,24556.674
10185,3.6693513,24560.344
10186,3.6677868,24564.012
10187,3.6663036,24567.678
10188,3.6648114,24571.342
10189,3.6654146,24575.008
10190,3.6685176,24578.676
10191,3.6711917,24582.348
10192,3.673025,24586.021
10193,3.6744595,24589.695
10194,3.676609,24593.371
10195,3.6779702,24597.049
10196,3.6774015,24600.727
10197,3.6753726,24604.402
10198,3.6721444,24608.074
10199,3.6696625,24611.744
10200,3.669728,24615.414
10201,3.6705813,24619.084
10202,3.6719043,24622.756
10203,3.6727545,24626.428
10204,3.6743615,24630.102
10205,3.676224,24633.777
10206,3.6770504,24637.455
10207,3.6757073,24641.13
10208,3.67286,24644.805
10209,3.671339,24648.477
10210,3.6708581,24652.146
10211,3.6707416,24655.816
10212,3.6706455,24659.486
10213,3.6703267,24663.156
10214,3.6707127,24666.826
10215,3.6704233,24670.496
10216,3.6708038,24674.166
10217,3.6718621,24677.838
10218,3.6744533,24681.512
10219,3.6773126,24685.19
10220,3.678854,24688.87
10221,3.6791258,24692.549
10222,3.6783113,24696.227
10223,3.67733,24699.904
10224,3.677051,24703.582
10225,3.6769686,24707.26
10226,3.6779506,24710.938
10227,3.6773794,24714.615
10228,3.6742709,24718.29
10229,3.670766,24721.959
10230,3.6661627,24725.625
10231,3.6616733,24729.287
10232,3.6569862,24732.943
10233,3.652426,24736.596
10234,3.648084,24740.244
10235,3.645899,24743.89
10236,3.646213,24747.537
10237,3.6478949,24751.186
10238,3.6492805,24754.834
10239,3.6488607,24758.482
10240,3.646273,24762.129
10241,3.6457617,24765.775
10242,3.6467776,24769.422
10243,3.6493077,24773.07
10244,3.6506157,24776.72
10245,3.6505194,24780.371
10246,3.6512008,24784.021
10247,3.6524663,24787.674
10248,3.6565564,24791.33
10249,3.6602223,24794.99
10250,3.6618195,24798.652
10251,3.6615407,24802.314
10252,3.6583188,24805.973
10253,3.654254,24809.627
10254,3.6504452,24813.277
10255,3.6462243,24816.924
10256,3.643552,24820.566
10257,3.6405642,24824.207
10258,3.6391726,24827.846
10259,3.6378667,24831.484
10260,3.6380033,24835.123
10261,3.6373153,24838.76
10262,3.6342862,24842.395
10263,3.6319275,24846.027
10264,3.6289241,24849.656
10265,3.6259816,24853.283
10266,3.6236217,24856.906
10267,3.6235964,24860.53
10268,3.625248,24864.154
10269,3.6261542,24867.781
10270,3.626038,24871.408
10271,3.625008,24875.033
10272,3.6234841,24878.656
10273,3.6231334,24882.28
10274,3.624576,24885.904
10275,3.6271684,24889.531
10276,3.630413,24893.162
10277,3.6355488,24896.797
10278,3.639273,24900.436
10279,3.6413472,24904.076
10280,3.643767,24907.72
10281,3.6464357,24911.367
10282,3.648197,24915.016
10283,3.6481905,24918.664
10284,3.64986,24922.314
10285,3.651291,24925.965
10286,3.6534982,24929.62
10287,3.6554723,24933.275
10288,3.6547189,24936.93
10289,3.6508205,24940.58
10290,3.6473737,24944.227
10291,3.6470587,24947.873
10292,3.6492755,24951.521
10293,3.651251,24955.172
10294,3.6520898,24958.824
10295,3.6534224,24962.479
10296,3.6560538,24966.135
10297,3.658574,24969.793
10298,3.6582115,24973.451
10299,3.6577613,24977.11
10300,3.6595006,24980.77
10301,3.6620872,24984.432
10302,3.662465,24988.094
10303,3.6604698,24991.754
10304,3.6591406,24995.412
10305,3.6603127,24999.072
10306,3.6622756,25002.734
10307,3.6639473,25006.398
10308,3.6655703,25010.064
10309,3.6670613,25013.732
10310,3.6691601,25017.402
10311,3.670203,25021.072
10312,3.6700227,25024.742
10313,3.669241,25028.412
10314,3.6667845,25032.078
10315,3.6639278,25035.742
10316,3.6601543,25039.402
10317,3.6569498,25043.059
10318,3.6539266,25046.713
10319,3.650472,25050.363
10320,3.6479983,25054.012
10321,3.6465468,25057.658
10322,3.6467502,25061.305
10323,3.6480098,25064.953
10324,3.651605,25068.605
10325,3.6560762,25072.262
10326,3.6602542,25075.922
10327,3.6629949,25079.584
10328,3.6659963,25083.25
10329,3.6690228,25086.92
10330,3.6709082,25090.592
10331,3.671105,25094.264
10332,3.669546,25097.934
10333,3.6673093,25101.602
10334,3.6652226,25105.268
10335,3.6634088,25108.932
10336,3.663451,25112.596
10337,3.6655078,25116.262
10338,3.6677241,25119.93
10339,3.6681983,25123.598
10340,3.665857,25127.264
10341,3.6626437,25130.926
10342,3.6593533,25134.586
10343,3.6582968,25138.244
10344,3.6600676,25141.904
10345,3.6628575,25145.566
10346,3.6643114,25149.23
10347,3.6634493,25152.895
10348,3.6606839,25156.555
10349,3.6584773,25160.213
10350,3.657518,25163.871
10351,3.6577783,25167.53
10352,3.6587834,25171.188
10353,3.660874,25174.848
10354,3.6621304,25178.51
10355,3.6619515,25182.172
10356,3.6601002,25185.832
10357,3.6595547,25189.492
10358,3.662056,25193.154
10359,3.664645,25196.818
10360,3.6659389,25200.484
10361,3.666474,25204.15
10362,3.664635,25207.814
10363,3.663497,25211.479
10364,3.6592414,25215.139
10365,3.6547089,25218.793
10366,3.6504216,25222.443
10367,3.646934,25226.09
10368,3.6457384,25229.736
10369,3.645741,25233.383
10370,3.646463,25237.03
10371,3.6458025,25240.676
10372,3.643926,25244.32
10373,3.643508,25247.963
10374,3.645435,25251.607
10375,3.6496618,25255.258
10376,3.6554677,25258.914
10377,3.6589751,25262.572
10378,3.6616354,25266.234
10379,3.6625078,25269.896
10380,3.6621761,25273.559
10381,3.6604445,25277.219
10382,3.6548834,25280.873
10383,3.6501021,25284.523
10384,3.646673,25288.17
10385,3.6443198,25291.814
10386,3.6434307,25295.457
10387,3.6421535,25299.1
10388,3.6441424,25302.744
10389,3.6448674,25306.389
10390,3.6462255,25310.035
10391,3.6474044,25313.682
10392,3.6483896,25317.33
10393,3.6503105,25320.98
10394,3.6524332,25324.633
10395,3.6549492,25328.287
10396,3.656965,25331.943
10397,3.6594303,25335.604
10398,3.6612182,25339.266
10399,3.661515,25342.928
10400,3.6608315,25346.588
10401,3.662062,25350.25
10402,3.6630266,25353.912
10403,3.6646013,25357.576
10404,3.6662385,25361.242
10405,3.6673427,25364.91
10406,3.6680658,25368.578
10407,3.6683629,25372.246
10408,3.6690462,25375.916
10409,3.6699252,25379.586
10410,3.6717784,25383.258
10411,3.6736095,25386.932
10412,3.6736543,25390.605
10413,3.672882,25394.28
10414,3.6727302,25397.951
10415,3.6730654,25401.625
10416,3.672434,25405.297
10417,3.6714714,25408.969
10418,3.6716037,25412.64
10419,3.674033,25416.314
10420,3.6774435,25419.992
10421,3.678861,25423.672
10422,3.6788974,25427.352
10423,3.6787686,25431.031
10424,3.6795037,25434.71
10425,3.679463,25438.39
10426,3.6780336,25442.068
10427,3.6760662,25445.744
10428,3.6726308,25449.416
10429,3.6691778,25453.086
10430,3.6659317,25456.752
10431,3.662504,25460.414
10432,3.6603055,25464.074
10433,3.6591244,25467.732
10434,3.6585448,25471.39
10435,3.6583655,25475.049
10436,3.6579363,25478.707
10437,3.6573606,25482.365
10438,3.656474,25486.021
10439,3.6547158,25489.676
10440,3.6521246,25493.328
10441,3.6507378,25496.979
10442,3.6508858,25500.629
10443,3.6513672,25504.281
10444,3.652885,25507.934
10445,3.6533809,25511.588
10446,3.6525214,25515.24
10447,3.6521242,25518.893
10448,3.6521175,25522.545
10449,3.6512294,25526.195
10450,3.6511786,25529.846
10451,3.6501126,25533.496
10452,3.6477907,25537.145
10453,3.6470308,25540.791
10454,3.6474917,25544.44
10455,3.6477275,25548.088
10456,3.6465538,25551.734
10457,3.6462414,25555.38
10458,3.6479702,25559.03
10459,3.6493847,25562.678
10460,3.6508496,25566.328
10461,3.651076,25569.979
10462,3.6512651,25573.629
10463,3.6524713,25577.281
10464,3.654493,25580.936
10465,3.65613,25584.592
10466,3.658165,25588.25
10467,3.6597054,25591.91
10468,3.6618385,25595.572
10469,3.6634543,25599.236
10470,3.665275,25602.902
10471,3.668396,25606.57
10472,3.6717863,25610.242
10473,3.6740723,25613.916
10474,3.6749945,25617.592
10475,3.6773922,25621.27
10476,3.6812162,25624.951
10477,3.6843944,25628.635
10478,3.6872585,25632.322
10479,3.6888561,25636.012
10480,3.6884434,25639.7
10481,3.6878004,25643.387
10482,3.6880276,25647.074
10483,3.6870015,25650.762
10484,3.685957,25654.447
10485,3.6847699,25658.133
10486,3.6856017,25661.818
10487,3.6858163,25665.504
10488,3.685561,25669.19
10489,3.6837227,25672.873
10490,3.6795256,25676.553
10491,3.6748607,25680.229
10492,3.6712117,25683.9
10493,3.6687002,25687.568
10494,3.6671877,25691.236
10495,3.6663063,25694.902
10496,3.6662848,25698.568
10497,3.6664038,25702.234
10498,3.6650393,25705.9
10499,3.6631105,25709.564
10500,3.6590087,25713.223
10501,3.6542666,25716.877
10502,3.6497622,25720.527
10503,3.6490004,25724.176
10504,3.650947,25727.826
10505,3.6531284,25731.479
10506,3.654235,25735.133
10507,3.652924,25738.785
10508,3.6504614,25742.436
10509,3.6481776,25746.084
10510,3.6460545,25749.73
10511,3.6447258,25753.375
10512,3.6453831,25757.02
10513,3.646073,25760.666
10514,3.6462872,25764.312
10515,3.6459606,25767.959
10516,3.6423922,25771.602
10517,3.637701,25775.24
10518,3.6336906,25778.873
10519,3.6326296,25782.506
10520,3.6350186,25786.14
10521,3.6376083,25789.777
10522,3.6398342,25793.418
10523,3.6423626,25797.06
10524,3.644218,25800.705
10525,3.645443,25804.35
10526,3.6458108,25807.996
10527,3.646383,25811.643
10528,3.6449013,25815.287
10529,3.6447182,25818.932
10530,3.6460571,25822.578
10531,3.6488283,25826.227
10532,3.6496162,25829.877
10533,3.6504512,25833.527
10534,3.6514907,25837.18
10535,3.6512053,25840.83
10536,3.6514678,25844.482
10537,3.652578,25848.135
10538,3.6529655,25851.787
10539,3.6525667,25855.44
10540,3.6516883,25859.092
10541,3.6512408,25862.742
10542,3.6511126,25866.393
10543,3.6516726,25870.045
10544,3.653194,25873.697
10545,3.6555667,25877.354
10546,3.658877,25881.012
10547,3.6616864,25884.674
10548,3.6646185,25888.338
10549,3.6671393,25892.006
10550,3.668577,25895.674
10551,3.670271,25899.344
10552,3.6710408,25903.016
10553,3.6703715,25906.686
10554,3.66976,25910.355
10555,3.6699224,25914.025
10556,3.671423,25917.697
10557,3.67099,25921.37
10558,3.6688004,25925.037
10559,3.6661596,25928.703
10560,3.6636548,25932.367
10561,3.6626232,25936.03
10562,3.6631322,25939.693
10563,3.6662576,25943.36
10564,3.670194,25947.03
10565,3.6720853,25950.701
10566,3.6717205,25954.373
10567,3.6705568,25958.043
10568,3.670876,25961.713
10569,3.6711318,25965.385
10570,3.6705477,25969.055
10571,3.6717305,25972.727
10572,3.6740751,25976.4
10573,3.6745381,25980.074
10574,3.6742187,25983.748
10575,3.6733034,25987.422
10576,3.6708744,25991.092
10577,3.6708465,25994.762
10578,3.6737392,25998.436
10579,3.6757638,26002.111
10580,3.676963,26005.79
10581,3.6762283,26009.465
10582,3.6752603,26013.14
10583,3.6745687,26016.814
10584,3.673926,26020.488
10585,3.6747854,26024.162
10586,3.676745,26027.838
10587,3.6768522,26031.516
10588,3.6748824,26035.191
10589,3.672844,26038.863
10590,3.6717148,26042.535
10591,3.66953,26046.205
10592,3.6680996,26049.873
10593,3.6676528,26053.541
10594,3.668042,26057.209
10595,3.6686811,26060.877
10596,3.6677217,26064.545
10597,3.6664617,26068.21
10598,3.6647692,26071.875
10599,3.6623495,26075.537
10600,3.6613896,26079.2
10601,3.6605468,26082.86
10602,3.659483,26086.52
10603,3.6587625,26090.178
10604,3.6567447,26093.834
10605,3.6546881,26097.488
10606,3.6531734,26101.14
10607,3.652412,26104.793
10608,3.6519594,26108.445
10609,3.652233,26112.098
10610,3.653765,26115.752
10611,3.6545553,26119.406
10612,3.6569164,26123.062
10613,3.6571596,26126.719
10614,3.6540616,26130.373
10615,3.649541,26134.023
10616,3.64517,26137.668
10617,3.6408567,26141.309
10618,3.6367395,26144.945
10619,3.6335788,26148.578
10620,3.631967,26152.21
10621,3.6322992,26155.844
10622,3.6336544,26159.477
10623,3.6335704,26163.11
10624,3.6300294,26166.74
10625,3.6270974,26170.367
10626,3.628582,26173.996
10627,3.6327918,26177.629
10628,3.639193,26181.268
10629,3.646537,26184.914
10630,3.6505263,26188.564
10631,3.6536071,26192.219
10632,3.654698,26195.873
10633,3.6561182,26199.53
10634,3.6582026,26203.188
10635,3.6598206,26206.848
10636,3.6609068,26210.508
10637,3.6603782,26214.168
10638,3.6593595,26217.828
10639,3.657503,26221.486
10640,3.6547735,26225.14
10641,3.6531918,26228.793
10642,3.6522973,26232.445
10643,3.6512976,26236.096
10644,3.651251,26239.746
10645,3.652878,26243.398
10646,3.6558654,26247.055
10647,3.6592479,26250.715
10648,3.65942,26254.375
10649,3.6580985,26258.033
10650,3.6560192,26261.69
10651,3.6541317,26265.344
10652,3.654052,26268.998
10653,3.6540868,26272.652
10654,3.6556594,26276.309
10655,3.655932,26279.965
10656,3.6562939,26283.621
10657,3.656644,26287.277
10658,3.6554878,26290.934
10659,3.6529043,26294.586
10660,3.6515186,26298.238
10661,3.6505923,26301.889
10662,3.6512494,26305.54
10663,3.6515245,26309.191
10664,3.6517694,26312.844
10665,3.652815,26316.496
10666,3.6553195,26320.152
10667,3.6576428,26323.81
10668,3.6581752,26327.469
10669,3.6581182,26331.127
10670,3.6580174,26334.785
10671,3.6570387,26338.441
10672,3.6577084,26342.1
10673,3.657812,26345.758
10674,3.6596897,26349.418
10675,3.6622145,26353.08
10676,3.6630554,26356.742
10677,3.6628573,26360.404
10678,3.6630812,26364.066
10679,3.6628141,26367.729
10680,3.663066,26371.39
10681,3.6630633,26375.053
10682,3.6623938,26378.715
10683,3.659109,26382.373
10684,3.6539385,26386.027
10685,3.6498022,26389.678
10686,3.6478112,26393.326
10687,3.6479907,26396.975
10688,3.647944,26400.623
10689,3.6480997,26404.271
10690,3.6453686,26407.916
10691,3.642554,26411.559
10692,3.639884,26415.2
10693,3.6380801,26418.838
10694,3.6369655,26422.475
10695,3.6377206,26426.113
10696,3.6386878,26429.752
10697,3.6399722,26433.393
10698,3.6409154,26437.033
10699,3.6405754,26440.674
10700,3.6408374,26444.314
10701,3.638973,26447.953
10702,3.6336718,26451.586
10703,3.6258044,26455.21
10704,3.619369,26458.83
10705,3.6193593,26462.45
10706,3.6225314,26466.072
10707,3.6264977,26469.7
10708,3.6327803,26473.332
10709,3.6392224,26476.97
10710,3.643461,26480.613
10711,3.6460378,26484.26
10712,3.646205,26487.906
10713,3.6462457,26491.553
10714,3.6484702,26495.201
10715,3.6504767,26498.852
10716,3.6529129,26502.504
10717,3.6540723,26506.158
10718,3.654675,26509.812
10719,3.6564548,26513.469
10720,3.6600766,26517.129
10721,3.6634314,26520.793
10722,3.6639247,26524.457
10723,3.663917,26528.121
10724,3.6620433,26531.783
10725,3.6607513,26535.443
10726,3.6610186,26539.104
10727,3.6622417,26542.766
10728,3.6635427,26546.43
10729,3.6646762,26550.094
10730,3.664652,26553.758
10731,3.6635644,26557.422
10732,3.6627455,26561.084
10733,3.6624951,26564.746
10734,3.6605315,26568.406
10735,3.6576233,26572.064
10736,3.6546242,26575.719
10737,3.6539867,26579.373
10738,3.6547487,26583.027
10739,3.6552336,26586.682
10740,3.6540825,26590.336
10741,3.6512413,26593.986
10742,3.6481884,26597.635
10743,3.645786,26601.281
10744,3.6444626,26604.926
10745,3.6441684,26608.57
10746,3.6457257,26612.217
10747,3.648272,26615.865
10748,3.6487334,26619.514
10749,3.6495607,26623.164
10750,3.6508276,26626.814
10751,3.6518798,26630.467
10752,3.6535628,26634.121
10753,3.6545177,26637.775
10754,3.6562514,26641.432
10755,3.658708,26645.09
10756,3.659493,26648.75
10757,3.6586165,26652.408
10758,3.6547756,26656.062
10759,3.6515453,26659.715
10760,3.650282,26663.365
10761,3.649774,26667.016
10762,3.6505466,26670.666
10763,3.6522481,26674.318
10764,3.6531994,26677.97
10765,3.6536214,26681.625
10766,3.6537435,26685.28
10767,3.6549084,26688.934
10768,3.6537912,26692.588
10769,3.652803,26696.24
10770,3.652024,26699.893
10771,3.651432,26703.545
10772,3.6526527,26707.197
10773,3.6534224,26710.852
10774,3.6537173,26714.506
10775,3.655069,26718.16
10776,3.6572196,26721.816
10777,3.6603725,26725.477
10778,3.6630821,26729.139
10779,3.6637073,26732.803
10780,3.6615372,26736.465
10781,3.659098,26740.123
10782,3.656926,26743.78
10783,3.6551332,26747.434
10784,3.655267,26751.088
10785,3.656536,26754.744
10786,3.6591725,26758.402
10787,3.6618428,26762.064
10788,3.665816,26765.73
10789,3.6673367,26769.398
10790,3.6668258,26773.064
10791,3.6640465,26776.729
10792,3.6597946,26780.389
10793,3.6546853,26784.043
10794,3.651473,26787.695
10795,3.650867,26791.346
10796,3.648966,26794.994
10797,3.6466362,26798.64
10798,3.6475475,26802.29
10799,3.6493657,26805.938
10800,3.650516,26809.588
10801,3.6511695,26813.238
10802,3.6534295,26816.893
10803,3.657409,26820.55
10804,3.662251,26824.213
10805,3.6656322,26827.879
10806,3.6661673,26831.545
10807,3.6667545,26835.21
10808,3.6669073,26838.877
10809,3.667285,26842.545
10810,3.6684806,26846.213
10811,3.670406,26849.883
10812,3.6730688,26853.557
10813,3.6742098,26857.23
10814,3.6752646,26860.906
10815,3.6768951,26864.584
10816,3.6769881,26868.262
10817,3.6757753,26871.938
10818,3.6744926,26875.611
10819,3.672746,26879.283
10820,3.6707585,26882.953
10821,3.6677737,26886.621
10822,3.6643791,26890.285
10823,3.6632,26893.95
10824,3.66331,26897.613
10825,3.6631048,26901.277
10826,3.6648097,26904.941
10827,3.6673236,26908.61
10828,3.6699374,26912.28
10829,3.6720839,26915.951
10830,3.6725485,26919.623
10831,3.6732213,26923.297
10832,3.6747198,26926.97
10833,3.6752124,26930.646
10834,3.6745782,26934.32
10835,3.6746495,26937.994
10836,3.675323,26941.67
10837,3.6765218,26945.346
10838,3.6770372,26949.023
10839,3.6770346,26952.701
10840,3.6776235,26956.379
10841,3.6789193,26960.059
10842,3.6806688,26963.74
10843,3.6822774,26967.422
10844,3.6837664,26971.105
10845,3.684355,26974.79
10846,3.6837692,26978.473
10847,3.6815734,26982.154
10848,3.677568,26985.832
10849,3.6746602,26989.506
10850,3.6720314,26993.178
10851,3.66888,26996.846
10852,3.6645336,27000.51
10853,3.6601949,27004.17
10854,3.657749,27007.828
10855,3.657304,27011.486
10856,3.6572824,27015.145
10857,3.6553304,27018.8
10858,3.650917,27022.451
10859,3.646279,27026.098
10860,3.6429706,27029.74
10861,3.6428933,27033.383
10862,3.6460824,27037.03
10863,3.649547,27040.68
10864,3.6510746,27044.33
10865,3.6524527,27047.982
10866,3.6555636,27051.639
10867,3.6586134,27055.297
10868,3.6608932,27058.957
10869,3.6624658,27062.62
10870,3.6649768,27066.283
10871,3.6665816,27069.95
10872,3.6675203,27073.617
10873,3.6687229,27077.285
10874,3.6698031,27080.955
10875,3.669374,27084.625
10876,3.6661825,27088.291
10877,3.6632488,27091.955
10878,3.6604705,27095.615
10879,3.6590855,27099.273
10880,3.6619132,27102.936
10881,3.6652288,27106.602
10882,3.669216,27110.271
10883,3.6709116,27113.943
10884,3.6702063,27117.613
10885,3.6685965,27121.281
10886,3.6653507,27124.947
10887,3.663612,27128.611
10888,3.6631756,27132.275
10889,3.6651938,27135.941
10890,3.6669664,27139.607
10891,3.6677694,27143.275
10892,3.6678407,27146.943
10893,3.6676724,27150.611
10894,3.6669314,27154.277
10895,3.6656113,27157.943
10896,3.6639607,27161.607
10897,3.6641357,27165.271
10898,3.6659439,27168.938
10899,3.6676998,27172.605
10900,3.670425,27176.275
10901,3.6718357,27179.947
10902,3.6726909,27183.62
10903,3.6714153,27187.291
10904,3.6694458,27190.96
10905,3.667989,27194.629
10906,3.6663978,27198.295
10907,3.6668282,27201.96
10908,3.668075,27205.629
10909,3.6683218,27209.297
10910,3.668778,27212.965
10911,3.6682513,27216.633
10912,3.6675005,27220.3
10913,3.6670516,27223.969
10914,3.6681104,27227.637
10915,3.6686542,27231.305
10916,3.6676407,27234.973
10917,3.6657438,27238.639
10918,3.6644855,27242.303
10919,3.6642194,27245.967
10920,3.6640542,27249.63
10921,3.663238,27253.295
10922,3.663559,27256.959
10923,3.664066,27260.623
10924,3.6625998,27264.285
10925,3.6598392,27267.945
10926,3.6569319,27271.602
10927,3.6537797,27275.256
10928,3.6522555,27278.908
10929,3.6520042,27282.56
10930,3.6520975,27286.213
10931,3.65351,27289.867
10932,3.6550097,27293.521
10933,3.6544452,27297.176
10934,3.6533477,27300.83
10935,3.652805,27304.482
10936,3.651664,27308.135
10937,3.6510067,27311.785
10938,3.6519306,27315.438
10939,3.6541421,27319.092
10940,3.657117,27322.748
10941,3.657872,27326.406
10942,3.6577382,27330.064
10943,3.657123,27333.72
10944,3.65559,27337.377
10945,3.6531694,27341.03
10946,3.650973,27344.68
10947,3.6481595,27348.328
10948,3.6445632,27351.973
10949,3.640402,27355.613
10950,3.6360967,27359.25
10951,3.6320379,27362.883
10952,3.6317427,27366.514
10953,3.634975,27370.148
10954,3.6414468,27373.79
10955,3.6482494,27377.438
10956,3.6539366,27381.092
10957,3.6585138,27384.75
10958,3.6604369,27388.41
10959,3.6604378,27392.07
10960,3.6570306,27395.727
10961,3.6537628,27399.38
10962,3.6512172,27403.031
10963,3.6523557,27406.684
10964,3.6549904,27410.338
10965,3.657365,27413.996
10966,3.6589446,27417.654
10967,3.6591423,27421.312
10968,3.6588118,27424.97
10969,3.657896,27428.629
10970,3.6577663,27432.287
10971,3.6562889,27435.943
10972,3.6539564,27439.598
10973,3.6529663,27443.25
10974,3.6524642,27446.902
10975,3.651628,27450.555
10976,3.648466,27454.203
10977,3.6456347,27457.85
10978,3.6428204,27461.492
10979,3.6385493,27465.13
10980,3.6360652,27468.768
10981,3.635721,27472.402
10982,3.6378646,27476.041
10983,3.6413445,27479.682
10984,3.6463466,27483.328
10985,3.649515,27486.979
10986,3.6512876,27490.629
10987,3.6530468,27494.281
10988,3.6544409,27497.936
10989,3.6546695,27501.59
10990,3.654222,27505.244
10991,3.6523514,27508.896
10992,3.6498086,27512.547
10993,3.6482089,27516.195
10994,3.6472197,27519.842
10995,3.6452277,27523.486
10996,3.6410794,27527.127
10997,3.636176,27530.764
10998,3.6335766,27534.396
10999,3.6313465,27538.027
11000,3.6324956,27541.66
11001,3.6350017,27545.295
11002,3.639812,27548.936
11003,3.645273,27552.58
11004,3.6507614,27556.23
11005,3.6564488,27559.887
11006,3.6589742,27563.545
11007,3.6600826,27567.205
11008,3.659304,27570.865
11009,3.6590152,27574.523
11010,3.658924,27578.182
11011,3.6587362,27581.84
11012,3.6598592,27585.5
11013,3.660533,27589.16
11014,3.6609619,27592.82
11015,3.6606326,27596.48
11016,3.6590927,27600.139
11017,3.6582954,27603.797
11018,3.6574721,27607.455
11019,3.6556964,27611.111
11020,3.6517465,27614.764
11021,3.6467607,27618.41
11022,3.644242,27622.055
11023,3.6427813,27625.697
11024,3.6392615,27629.336
11025,3.6327293,27632.969
11026,3.626864,27636.596
11027,3.6222398,27640.219
11028,3.6172562,27643.836
11029,3.6111047,27647.447
11030,3.6101866,27651.057
11031,3.6123238,27654.67
11032,3.6114366,27658.281
11033,3.6111696,27661.893
11034,3.6116939,27665.504
11035,3.6111257,27669.115
11036,3.6106439,27672.727
11037,3.6074152,27676.334
11038,3.6053166,27679.94
11039,3.6039507,27683.543
11040,3.6058874,27687.148
11041,3.6092808,27690.758
11042,3.6136534,27694.371
11043,3.6178918,27697.988
11044,3.6189566,27701.607
11045,3.615625,27705.223
11046,3.608123,27708.83
11047,3.6049807,27712.436
11048,3.606216,27716.041
11049,3.6071606,27719.648
11050,3.6093273,27723.258
11051,3.6121917,27726.87
11052,3.6173868,27730.486
11053,3.624521,27734.111
11054,3.6298566,27737.74
11055,3.6341174,27741.375
11056,3.6367624,27745.012
11057,3.6385145,27748.65
11058,3.6419194,27752.293
11059,3.6458745,27755.94
11060,3.647987,27759.588
11061,3.652196,27763.24
11062,3.6580937,27766.898
11063,3.6646273,27770.562
11064,3.6685064,27774.23
11065,3.669665,27777.9
11066,3.6675186,27781.568
11067,3.6635997,27785.232
11068,3.6580684,27788.89
11069,3.6526005,27792.543
11070,3.6493044,27796.191
11071,3.6466753,27799.838
11072,3.6456404,27803.484
11073,3.6448836,27807.129
11074,3.6473737,27810.775
11075,3.6526027,27814.428
11076,3.6569521,27818.084
11077,3.660831,27821.744
11078,3.6624322,27825.406
11079,3.663668,27829.07
11080,3.6642544,27832.734
11081,3.6640348,27836.398
11082,3.6646786,27840.062
11083,3.6661944,27843.729
11084,3.666551,27847.395
11085,3.6664107,27851.06
11086,3.6656134,27854.727
11087,3.6644042,27858.39
11088,3.663619,27862.055
11089,3.6625087,27865.717
11090,3.6607704,27869.377
11091,3.6580977,27873.035
11092,3.6563876,27876.691
11093,3.6549792,27880.346
11094,3.6539047,27884.0
11095,3.6532063,27887.652
11096,3.652232,27891.305
11097,3.6506233,27894.955
11098,3.6476245,27898.604
11099,3.6457813,27902.25
11100,3.6453283,27905.895
11101,3.645899,27909.541
11102,3.647955,27913.19
11103,3.6498668,27916.84
11104,3.650812,27920.49
11105,3.6517177,27924.143
11106,3.6559684,27927.799
11107,3.6612618,27931.46
11108,3.664831,27935.125
11109,3.6681814,27938.793
11110,3.670444,27942.463
11111,3.6712832,27946.135
11112,3.6726625,27949.807
11113,3.673765,27953.48
11114,3.6738484,27957.154
11115,3.6739447,27960.828
11116,3.6731606,27964.502
11117,3.6733336,27968.176
11118,3.675777,27971.852
11119,3.6768496,27975.53
11120,3.676364,27979.205
11121,3.673779,27982.879
11122,3.669011,27986.549
11123,3.665529,27990.215
11124,3.6632051,27993.879
11125,3.6608086,27997.54
11126,3.6582897,28001.197
11127,3.657533,28004.855
11128,3.6598806,28008.516
11129,3.6636837,28012.18
11130,3.6666317,28015.846
11131,3.668269,28019.514
11132,3.6687944,28023.182
11133,3.6687038,28026.85
11134,3.6678252,28030.518
11135,3.6672478,28034.186
11136,3.6689153,28037.854
11137,3.6707714,28041.523
11138,3.6730294,28045.197
11139,3.6741912,28048.871
11140,3.674404,28052.545
11141,3.6749656,28056.22
11142,3.677921,28059.898
11143,3.680731,28063.58
11144,3.6830761,28067.264
11145,3.6814337,28070.945
11146,3.6778553,28074.623
11147,3.6762195,28078.299
11148,3.6763191,28081.975
11149,3.6767142,28085.65
11150,3.676574,28089.326
11151,3.6771414,28093.004
11152,3.6764214,28096.68
11153,3.676372,28100.355
11154,3.6765447,28104.031
11155,3.6759975,28107.707
11156,3.6768255,28111.385
11157,3.6785502,28115.062
11158,3.6814644,28118.744
11159,3.6841972,28122.428
11160,3.6856985,28126.113
11161,3.685194,28129.799
11162,3.6839163,28133.482
11163,3.6844008,28137.166
11164,3.6847973,28140.852
11165,3.6833754,28144.535
11166,3.681363,28148.217
11167,3.6795275,28151.896
11168,3.6761622,28155.572
11169,3.6735127,28159.246
11170,3.671694,28162.918
11171,3.6721284,28166.59
11172,3.6743317,28170.264
11173,3.6759713,28173.94
11174,3.6767921,28177.617
11175,3.675897,28181.293
11176,3.6730602,28184.967
11177,3.6699731,28188.637
11178,3.6679385,28192.305
11179,3.6671374,28195.973
11180,3.6653671,28199.639
11181,3.664646,28203.303
11182,3.6647234,28206.967
11183,3.665237,28210.633
11184,3.667092,28214.3
11185,3.6681094,28217.969
11186,3.666479,28221.635
11187,3.6642816,28225.299
11188,3.663009,28228.96
11189,3.6625838,28232.623
11190,3.663539,28236.287
11191,3.664796,28239.951
11192,3.6644228,28243.615
11193,3.66308,28247.277
11194,3.6616232,28250.94
11195,3.659862,28254.6
11196,3.6589787,28258.258
11197,3.659376,28261.918
11198,3.6611633,28265.58
11199,3.6628668,28269.242
11200,3.6638129,28272.906
11201,3.6641083,28276.57
11202,3.6641045,28280.234
11203,3.6644967,28283.898
11204,3.665774,28287.564
11205,3.6678724,28291.232
11206,3.671555,28294.904
11207,3.6745327,28298.578
11208,3.6759067,28302.254
11209,3.6759105,28305.93
11210,3.674662,28309.604
11211,3.673239,28313.277
11212,3.6727746,28316.95
11213,3.6726744,28320.621
11214,3.6727638,28324.293
11215,3.6730478,28327.967
11216,3.6721387,28331.639
11217,3.6702945,28335.309
11218,3.6671157,28338.977
11219,3.665291,28342.643
11220,3.6650581,28346.309
11221,3.665364,28349.975
11222,3.6649914,28353.639
11223,3.6632576,28357.303
11224,3.6613197,28360.965
11225,3.660116,28364.625
11226,3.660241,28368.285
11227,3.6618652,28371.947
11228,3.6642146,28375.611
11229,3.6644876,28379.275
11230,3.6623714,28382.938
11231,3.6591866,28386.598
11232,3.6563728,28390.254
11233,3.6568625,28393.91
11234,3.6593492,28397.57
11235,3.66162,28401.232
11236,3.6617515,28404.895
11237,3.6609714,28408.555
11238,3.6589775,28412.213
11239,3.6583676,28415.871
11240,3.659225,28419.531
11241,3.6608484,28423.191
11242,3.662705,28426.854
11243,3.662242,28430.516
11244,3.660494,28434.176
11245,3.658973,28437.834
11246,3.6599493,28441.494
11247,3.6618488,28445.156
11248,3.6630218,28448.818
11249,3.6641972,28452.482
11250,3.6645405,28456.146
11251,3.6638796,28459.81
11252,3.663202,28463.475
11253,3.6630867,28467.139
11254,3.6629956,28470.8
11255,3.6633546,28474.465
11256,3.6638055,28478.129
11257,3.6645248,28481.793
11258,3.6652575,28485.459
11259,3.6655288,28489.125
11260,3.6655266,28492.791
11261,3.6661174,28496.457
11262,3.6669579,28500.123
11263,3.6676507,28503.791
11264,3.6688137,28507.459
11265,3.6692815,28511.129
11266,3.6706164,28514.799
11267,3.6717544,28518.47
11268,3.6722152,28522.143
11269,3.6726444,28525.814
11270,3.671549,28529.486
11271,3.6691995,28533.156
11272,3.6672366,28536.824
11273,3.6663234,28540.49
11274,3.6645496,28544.154
11275,3.6630468,28547.816
11276,3.662017,28551.479
11277,3.6631987,28555.143
11278,3.665533,28558.809
11279,3.6673577,28562.477
11280,3.668515,28566.145
11281,3.6677217,28569.812
11282,3.667396,28573.48
11283,3.6666865,28577.146
11284,3.6650329,28580.81
11285,3.6647263,28584.475
11286,3.6663313,28588.14
11287,3.6691,28591.81
11288,3.6697283,28595.48
11289,3.6679204,28599.148
11290,3.6663764,28602.814
11291,3.6662319,28606.48
11292,3.667268,28610.148
11293,3.6682544,28613.816
11294,3.6687636,28617.484
11295,3.6685457,28621.152
11296,3.6664712,28624.818
11297,3.6638262,28628.482
11298,3.66152,28632.145
11299,3.6606724,28635.805
11300,3.6599057,28639.465
11301,3.6584704,28643.123
11302,3.656915,28646.78
11303,3.6558402,28650.436
11304,3.6545002,28654.09
11305,3.6524673,28657.742
11306,3.6519012,28661.395
11307,3.6530101,28665.047
11308,3.6558342,28668.703
11309,3.6579285,28672.361
11310,3.6606522,28676.021
11311,3.6627083,28679.684
11312,3.6636336,28683.348
11313,3.6641133,28687.012
11314,3.664222,28690.676
11315,3.6637356,28694.34
11316,3.663135,28698.004
11317,3.6643584,28701.668
11318,3.6652386,28705.334
11319,3.6670637,28709.002
11320,3.6700246,28712.672
11321,3.6732583,28716.346
11322,3.6762462,28720.021
11323,3.677468,28723.7
11324,3.6790154,28727.379
11325,3.678233,28731.057
11326,3.6752477,28734.732
11327,3.6738892,28738.406
11328,3.673432,28742.08
11329,3.6742,28745.754
11330,3.6763175,28749.43
11331,3.6786482,28753.107
11332,3.6809084,28756.79
11333,3.682326,28760.47
11334,3.6835985,28764.154
11335,3.6847005,28767.84
11336,3.6860297,28771.525
11337,3.6863055,28775.21
11338,3.6857748,28778.896
11339,3.6844738,28782.58
11340,3.6848853,28786.266
11341,3.6857488,28789.951
11342,3.6855254,28793.637
11343,3.6850197,28797.322
11344,3.6843112,28801.006
11345,3.6821725,28804.688
11346,3.6788795,28808.367
11347,3.6757536,28812.043
11348,3.6721404,28815.715
11349,3.6689796,28819.385
11350,3.6666896,28823.05
11351,3.6654167,28826.717
11352,3.666346,28830.383
11353,3.6681044,28834.05
11354,3.669802,28837.72
11355,3.6695087,28841.39
11356,3.6683977,28845.059
11357,3.6673377,28848.727
11358,3.6677415,28852.395
11359,3.66696,28856.06
11360,3.6649218,28859.725
11361,3.6629307,28863.387
11362,3.6612396,28867.049
11363,3.659364,28870.709
11364,3.6563768,28874.365
11365,3.653287,28878.018
11366,3.6498013,28881.668
11367,3.6481972,28885.316
11368,3.6482697,28888.965
11369,3.6497273,28892.615
11370,3.6506627,28896.266
11371,3.650674,28899.916
11372,3.6485875,28903.564
11373,3.6454303,28907.209
11374,3.6426628,28910.852
11375,3.6421053,28914.494
11376,3.6448658,28918.139
11377,3.6488957,28921.787
11378,3.6529708,28925.44
11379,3.6571581,28929.096
11380,3.6613164,28932.758
11381,3.6642244,28936.422
11382,3.6660767,28940.088
11383,3.6676822,28943.756
11384,3.668211,28947.424
11385,3.668797,28951.092
11386,3.668984,28954.762
11387,3.6684685,28958.43
11388,3.6679182,28962.098
11389,3.669192,28965.768
11390,3.6699736,28969.438
11391,3.6705163,28973.107
11392,3.6717954,28976.78
11393,3.6727242,28980.451
11394,3.6738973,28984.125
11395,3.6744998,28987.799
11396,3.6754394,28991.475
11397,3.677391,28995.152
11398,3.6777163,28998.83
11399,3.676415,29002.506
11400,3.6739454,29006.18
11401,3.6728337,29009.852
11402,3.6725514,29013.523
11403,3.6724114,29017.195
11404,3.671544,29020.867
11405,3.6703808,29024.537
11406,3.6714134,29028.209
11407,3.6722186,29031.88
11408,3.6721356,29035.553
11409,3.6705804,29039.223
11410,3.6690605,29042.893
11411,3.668658,29046.56
11412,3.6675541,29050.229
11413,3.6657743,29053.895
11414,3.6633344,29057.559
11415,3.661642,29061.22
11416,3.6610768,29064.88
11417,3.6607192,29068.541
11418,3.6599658,29072.201
11419,3.6578128,29075.86
11420,3.6561606,29079.516
11421,3.6560822,29083.172
11422,3.65699,29086.828
11423,3.657044,29090.484
11424,3.657483,29094.143
11425,3.6571693,29097.799
11426,3.6579278,29101.457
11427,3.6580784,29105.115
11428,3.6583307,29108.773
11429,3.658196,29112.432
11430,3.6584003,29116.09
11431,3.6599374,29119.75
11432,3.6611452,29123.412
11433,3.663069,29127.074
11434,3.6660054,29130.74
11435,3.667996,29134.408
11436,3.669846,29138.078
11437,3.6709914,29141.75
11438,3.6701205,29145.42
11439,3.6677544,29149.088
11440,3.6643143,29152.752
11441,3.6633666,29156.416
11442,3.6643212,29160.08
11443,3.6644795,29163.744
11444,3.6638594,29167.408
11445,3.6636112,29171.072
11446,3.6652915,29174.738
11447,3.6684518,29178.406
11448,3.6711073,29182.078
11449,3.6739447,29185.752
11450,3.6735873,29189.426
11451,3.6724522,29193.098
11452,3.6708584,29196.768
11453,3.6705742,29200.438
11454,3.6694677,29204.107
11455,3.6670852,29207.775
11456,3.6654558,29211.441
11457,3.6638772,29215.105
11458,3.6645923,29218.77
11459,3.6659994,29222.436
11460,3.6684184,29226.104
11461,3.6695356,29229.773
11462,3.6677182,29233.441
11463,3.6652277,29237.107
11464,3.662707,29240.77
11465,3.6603208,29244.43
11466,3.6579776,29248.088
11467,3.6567433,29251.744
11468,3.6544712,29255.398
11469,3.6507046,29259.049
11470,3.6487622,29262.697
11471,3.6461148,29266.344
11472,3.6435063,29269.986
11473,3.6404052,29273.627
11474,3.6381993,29277.266
11475,3.634971,29280.9
11476,3.6338835,29284.535
11477,3.6342785,29288.17
11478,3.6322224,29291.803
11479,3.6280632,29295.432
11480,3.6240463,29299.057
11481,3.6214592,29302.678
11482,3.6200175,29306.297
11483,3.6217515,29309.918
11484,3.6236162,29313.541
11485,3.6273305,29317.168
11486,3.6280172,29320.797
11487,3.623253,29324.42
11488,3.6148982,29328.035
11489,3.6074955,29331.643
11490,3.6101713,29335.252
11491,3.6160073,29338.867
11492,3.6221719,29342.49
11493,3.6277466,29346.117
11494,3.63264,29349.75
11495,3.636317,29353.387
11496,3.6384933,29357.025
11497,3.640644,29360.666
11498,3.6427298,29364.309
11499,3.6437204,29367.953
11500,3.6456609,29371.6
11501,3.6489177,29375.248
11502,3.650741,29378.898
11503,3.6507568,29382.549
11504,3.6487215,29386.197
11505,3.6463063,29389.844
11506,3.6434186,29393.486
11507,3.6413293,29397.127
11508,3.6411908,29400.768
11509,3.6412854,29404.408
11510,3.6401424,29408.049
11511,3.6382573,29411.688
11512,3.638796,29415.326
11513,3.6396086,29418.965
11514,3.6377313,29422.604
11515,3.6354158,29426.238
11516,3.6354632,29429.873
11517,3.6364686,29433.51
11518,3.6386714,29437.148
11519,3.640908,29440.79
11520,3.6421838,29444.432
11521,3.6425533,29448.074
11522,3.6423895,29451.717
11523,3.6423805,29455.36
11524,3.6426246,29459.002
11525,3.644079,29462.646
11526,3.644378,29466.291
11527,3.6425145,29469.934
11528,3.6411726,29473.574
11529,3.6401248,29477.215
11530,3.641192,29480.855
11531,3.6426952,29484.498
11532,3.6410065,29488.139
11533,3.6378047,29491.777
11534,3.637407,29495.414
11535,3.6380343,29499.053
11536,3.638602,29502.691
11537,3.6380782,29506.33
11538,3.6392484,29509.969
11539,3.64006,29513.61
11540,3.6403394,29517.25
11541,3.640888,29520.89
11542,3.640909,29524.531
11543,3.6413348,29528.172
11544,3.6432774,29531.814
11545,3.6449587,29535.459
11546,3.6451995,29539.104
11547,3.6450393,29542.748
11548,3.6443856,29546.393
11549,3.6434758,29550.035
11550,3.641558,29553.676
11551,3.6396608,29557.316
11552,3.6379895,29560.955
11553,3.6385787,29564.594
11554,3.6407635,29568.234
11555,3.6418405,29571.877
11556,3.6430244,29575.52
11557,3.6451576,29579.164
11558,3.6454637,29582.809
11559,3.645158,29586.453
11560,3.6435728,29590.098
11561,3.643929,29593.742
11562,3.6435006,29597.385
11563,3.643837,29601.03
11564,3.6451313,29604.674
11565,3.6454725,29608.318
11566,3.6463485,29611.965
11567,3.6466806,29615.611
11568,3.6486735,29619.26
11569,3.6506467,29622.91
11570,3.6520157,29626.562
11571,3.6525586,29630.215
11572,3.6523862,29633.867
11573,3.6515114,29637.52
11574,3.6503148,29641.17
11575,3.648279,29644.818
11576,3.6475952,29648.467
11577,3.648574,29652.115
11578,3.6527073,29655.768
11579,3.6564867,29659.424
11580,3.6585605,29663.082
11581,3.6591346,29666.74
11582,3.6603003,29670.4
11583,3.6619594,29674.062
11584,3.6629703,29677.725
11585,3.6632237,29681.389
11586,3.6619372,29685.05
11587,3.6621938,29688.713
11588,3.6622856,29692.375
11589,3.6623938,29696.037
11590,3.6624997,29699.7
11591,3.663349,29703.363
11592,3.665589,29707.03
11593,3.6659164,29710.695
11594,3.6642942,29714.36
11595,3.6618395,29718.021
11596,3.6597717,29721.682
11597,3.6594796,29725.342
11598,3.661293,29729.004
11599,3.6626408,29732.666
11600,3.6642673,29736.33
11601,3.663861,29739.994
11602,3.6637657,29743.658
11603,3.662791,29747.32
11604,3.6617172,29750.982
11605,3.6592402,29754.643
11606,3.6598341,29758.303
11607,3.6605346,29761.963
11608,3.660597,29765.623
11609,3.6589606,29769.281
11610,3.6569366,29772.938
11611,3.6568222,29776.594
11612,3.659556,29780.254
11613,3.6637478,29783.918
11614,3.664153,29787.582
11615,3.6629896,29791.244
11616,3.6610937,29794.904
11617,3.6595526,29798.564
11618,3.658328,29802.223
11619,3.6551998,29805.877
11620,3.649022,29809.525
11621,3.6426601,29813.168
11622,3.6390262,29816.807
11623,3.6370635,29820.443
11624,3.638448,29824.082
11625,3.643002,29827.725
11626,3.647158,29831.371
11627,3.649716,29835.021
11628,3.6499133,29838.672
11629,3.6492505,29842.32
11630,3.6487775,29845.969
11631,3.6504378,29849.62
11632,3.6533449,29853.273
11633,3.6549,29856.928
11634,3.6542153,29860.582
11635,3.6526809,29864.234
11636,3.6510723,29867.885
11637,3.6484647,29871.533
11638,3.645773,29875.18
11639,3.643656,29878.824
11640,3.6444511,29882.469
11641,3.6479878,29886.117
11642,3.652454,29889.77
11643,3.6562145,29893.426
11644,3.6577752,29897.084
11645,3.6580167,29900.742
11646,3.657644,29904.4
11647,3.6574907,29908.059
11648,3.6565545,29911.715
11649,3.6567543,29915.371
11650,3.6575003,29919.03
11651,3.6588967,29922.688
11652,3.6601355,29926.348
11653,3.6617138,29930.01
11654,3.662704,29933.672
11655,3.6638725,29937.336
11656,3.6635203,29941.0
11657,3.661667,29944.662
11658,3.6589944,29948.32
11659,3.6578429,29951.979
11660,3.6594288,29955.639
11661,3.6615846,29959.3
11662,3.6622365,29962.963
11663,3.662672,29966.625
11664,3.6636953,29970.29
11665,3.6654108,29973.955
11666,3.6673696,29977.623
11667,3.668651,29981.291
11668,3.6701632,29984.96
11669,3.6722565,29988.633
11670,3.674202,29992.307
11671,3.6760397,29995.982
11672,3.678042,29999.66
11673,3.6791232,30003.34
11674,3.6797872,30007.02
11675,3.678814,30010.7
11676,3.6763308,30014.375
11677,3.6751382,30018.05
11678,3.6755683,30021.727
11679,3.6761997,30025.402
11680,3.6765277,30029.078
11681,3.6757553,30032.754
11682,3.6743875,30036.428
11683,3.6734512,30040.102
11684,3.6742113,30043.775
11685,3.674741,30047.45
11686,3.6745238,30051.123
11687,3.673684,30054.797
11688,3.6719258,30058.469
11689,3.6700537,30062.139
11690,3.6693573,30065.809
11691,3.669615,30069.479
11692,3.6727133,30073.15
11693,3.6747382,30076.824
11694,3.677554,30080.502
11695,3.680394,30084.182
11696,3.6835518,30087.865
11697,3.6851394,30091.55
11698,3.6841204,30095.234
11699,3.6835873,30098.918
11700,3.684368,30102.602
11701,3.6852348,30106.287
11702,3.6852093,30109.973
11703,3.6849139,30113.658
11704,3.6846807,30117.344
11705,3.6832068,30121.027
11706,3.679302,30124.707
11707,3.674571,30128.38
11708,3.6717932,30132.053
11709,3.6699328,30135.723
11710,3.6670272,30139.39
11711,3.662917,30143.053
11712,3.6600287,30146.713
11713,3.658788,30150.371
11714,3.659027,30154.03
11715,3.6584282,30157.688
11716,3.6589377,30161.346
11717,3.659583,30165.006
11718,3.6612337,30168.668
11719,3.6639256,30172.332
11720,3.6646059,30175.996
11721,3.6664958,30179.662
11722,3.6664345,30183.328
11723,3.6659207,30186.994
11724,3.6647673,30190.658
11725,3.6640453,30194.322
11726,3.662297,30197.984
11727,3.6602829,30201.645
11728,3.659144,30205.303
11729,3.6585934,30208.96
11730,3.6577559,30212.62
11731,3.6560833,30216.275
11732,3.656376,30219.932
11733,3.6578374,30223.59
11734,3.660709,30227.25
11735,3.6636355,30230.914
11736,3.6635826,30234.578
11737,3.6619627,30238.24
11738,3.6602228,30241.9
11739,3.6581357,30245.559
11740,3.6565502,30249.215
11741,3.6567366,30252.871
11742,3.656133,30256.527
11743,3.6545503,30260.182
11744,3.6520996,30263.834
11745,3.651129,30267.484
11746,3.6488812,30271.133
11747,3.6473665,30274.78
11748,3.6467483,30278.426
11749,3.6471236,30282.072
11750,3.6477184,30285.72
11751,3.6482735,30289.37
11752,3.6496487,30293.02
11753,3.6510797,30296.67
11754,3.6516066,30300.322
11755,3.6498477,30303.973
11756,3.6475575,30307.621
11757,3.6460004,30311.268
11758,3.6435058,30314.91
11759,3.640984,30318.55
11760,3.6415434,30322.191
11761,3.6435823,30325.836
11762,3.6486065,30329.484
11763,3.6535387,30333.139
11764,3.657194,30336.795
11765,3.6575975,30340.453
11766,3.656464,30344.11
11767,3.6547754,30347.764
11768,3.6539385,30351.418
11769,3.6533427,30355.072
11770,3.6542478,30358.727
11771,3.6551352,30362.38
11772,3.6559896,30366.037
11773,3.6585436,30369.695
11774,3.6633773,30373.36
11775,3.667895,30377.027
11776,3.6708379,30380.697
11777,3.6718876,30384.37
11778,3.670041,30388.04
11779,3.6683078,30391.707
11780,3.6673372,30395.375
11781,3.666864,30399.041
11782,3.6667345,30402.707
11783,3.6669142,30406.373
11784,3.6654212,30410.04
11785,3.6624854,30413.701
11786,3.6594088,30417.361
11787,3.6576407,30421.02
11788,3.6554277,30424.676
11789,3.6540947,30428.33
11790,3.6554174,30431.986
11791,3.6562786,30435.643
11792,3.657104,30439.299
11793,3.6561973,30442.955
11794,3.65571,30446.611
11795,3.6541798,30450.266
11796,3.65385,30453.92
11797,3.655017,30457.574
11798,3.6567779,30461.23
11799,3.6574397,30464.889
11800,3.6592686,30468.549
11801,3.661945,30472.21
11802,3.6639879,30475.875
11803,3.6654184,30479.541
11804,3.6662686,30483.207
11805,3.6656792,30486.873
11806,3.6627362,30490.535
11807,3.6572871,30494.193
11808,3.6535404,30497.848
11809,3.6514244,30501.5
11810,3.6501155,30505.15
11811,3.6469235,30508.797
11812,3.6442785,30512.441
11813,3.6451569,30516.086
11814,3.649096,30519.734
11815,3.654612,30523.389
11816,3.6581123,30527.047
11817,3.6589274,30530.705
11818,3.6579168,30534.363
11819,3.6578488,30538.021
11820,3.6590958,30541.68
11821,3.6594927,30545.34
11822,3.6593754,30549.0
11823,3.6599913,30552.66
11824,3.6608868,30556.32
11825,3.661323,30559.982
11826,3.660661,30563.643
11827,3.6612964,30567.305
11828,3.6622045,30570.967
11829,3.6623504,30574.629
11830,3.6624084,30578.291
11831,3.6621263,30581.953
11832,3.662434,30585.615
11833,3.6630883,30589.28
11834,3.6619442,30592.941
11835,3.6613019,30596.604
11836,3.6602077,30600.264
11837,3.6604235,30603.924
11838,3.661922,30607.586
11839,3.6627474,30611.248
11840,3.6634321,30614.912
11841,3.6635582,30618.576
11842,3.664492,30622.24
11843,3.665198,30625.906
11844,3.6645172,30629.57
11845,3.6638143,30633.234
11846,3.662851,30636.896
11847,3.6623237,30640.559
11848,3.661693,30644.22
11849,3.662113,30647.883
11850,3.6611645,30651.545
11851,3.6598492,30655.205
11852,3.6586752,30658.863
11853,3.658897,30662.521
11854,3.6590393,30666.18
11855,3.6607757,30669.84
11856,3.6638598,30673.504
11857,3.6663654,30677.17
11858,3.667377,30680.838
11859,3.6686583,30684.506
11860,3.6700733,30688.176
11861,3.6708958,30691.846
11862,3.6708395,30695.516
11863,3.670642,30699.186
11864,3.6711557,30702.857
11865,3.6723132,30706.53
11866,3.6728566,30710.203
11867,3.6729674,30713.877
11868,3.6716292,30717.549
11869,3.670646,30721.219
11870,3.6704748,30724.889
11871,3.6719155,30728.56
11872,3.6745522,30732.234
11873,3.6759632,30735.91
11874,3.6756477,30739.586
11875,3.6749158,30743.262
11876,3.6747437,30746.936
11877,3.676688,30750.611
11878,3.6783266,30754.29
11879,3.6778054,30757.967
11880,3.6763628,30761.643
11881,3.6756985,30765.318
11882,3.6760411,30768.994
11883,3.6776402,30772.672
11884,3.6798646,30776.352
11885,3.6806612,30780.031
11886,3.6799548,30783.71
11887,3.678514,30787.389
11888,3.6775541,30791.066
11889,3.676712,30794.742
11890,3.6752858,30798.418
11891,3.67408,30802.092
11892,3.673097,30805.766
11893,3.6725848,30809.438
11894,3.670903,30813.11
11895,3.669329,30816.78
11896,3.667365,30820.447
11897,3.6659997,30824.113
11898,3.6646047,30827.777
11899,3.6617606,30831.44
11900,3.6584575,30835.098
11901,3.6560397,30838.754
11902,3.6567059,30842.41
11903,3.6573257,30846.068
11904,3.6597562,30849.729
11905,3.6621742,30853.39
11906,3.6652093,30857.057
11907,3.667622,30860.725
11908,3.669663,30864.395
11909,3.6702287,30868.064
11910,3.6703265,30871.734
11911,3.6687949,30875.402
11912,3.6666622,30879.068
11913,3.6660106,30882.734
11914,3.6649704,30886.398
11915,3.6635125,30890.062
11916,3.6614769,30893.725
11917,3.6601121,30897.385
11918,3.6571982,30901.041
11919,3.6551135,30904.695
11920,3.6544485,30908.35
11921,3.6550066,30912.004
11922,3.6561663,30915.66
11923,3.6568592,30919.316
11924,3.6566052,30922.973
11925,3.6567376,30926.629
11926,3.6568007,30930.285
11927,3.6555662,30933.941
11928,3.652554,30937.594
11929,3.6499052,30941.244
11930,3.647022,30944.89
11931,3.6456857,30948.537
11932,3.645629,30952.184
11933,3.6461706,30955.83
11934,3.6456587,30959.477
11935,3.6443498,30963.121
11936,3.6413674,30966.762
11937,3.6397455,30970.402
11938,3.6392305,30974.041
11939,3.6400197,30977.682
11940,3.6400778,30981.322
11941,3.6389668,30984.96
11942,3.639115,30988.6
11943,3.6407604,30992.24
11944,3.6422627,30995.883
11945,3.6426725,30999.525
11946,3.6423714,31003.168
11947,3.6420906,31006.81
11948,3.643455,31010.453
11949,3.644486,31014.098
11950,3.6442688,31017.742
11951,3.6428573,31021.385
11952,3.643121,31025.027
11953,3.6453552,31028.672
11954,3.6495047,31032.322
11955,3.6520083,31035.975
11956,3.6514916,31039.627
11957,3.650413,31043.277
11958,3.6465843,31046.924
11959,3.642672,31050.566
11960,3.6395812,31054.205
11961,3.6383104,31057.844
11962,3.6378896,31061.482
11963,3.6376684,31065.12
11964,3.6377788,31068.758
11965,3.6385875,31072.396
11966,3.6400816,31076.037
11967,3.6410246,31079.678
11968,3.641571,31083.318
11969,3.6413198,31086.959
11970,3.6401145,31090.6
11971,3.6386304,31094.238
11972,3.6375046,31097.875
11973,3.6374023,31101.512
11974,3.6383681,31105.15
11975,3.6382692,31108.79
11976,3.6369097,31112.426
11977,3.6359484,31116.062
11978,3.6347444,31119.697
11979,3.6339712,31123.332
11980,3.6344955,31126.967
11981,3.6348572,31130.602
11982,3.6343343,31134.236
11983,3.632859,31137.87
11984,3.631252,31141.5
11985,3.6303496,31145.13
11986,3.6309426,31148.762
11987,3.633096,31152.395
11988,3.636728,31156.031
11989,3.6379464,31159.67
11990,3.6369543,31163.307
11991,3.635058,31166.941
11992,3.63176,31170.572
11993,3.628368,31174.201
11994,3.624705,31177.826
11995,3.6214733,31181.447
11996,3.6185706,31185.066
11997,3.6171036,31188.684
11998,3.61657,31192.3
11999,3.615695,31195.916
12000,3.613784,31199.53
12001,3.6137795,31203.143
12002,3.615472,31206.758
12003,3.6175973,31210.375
12004,3.6191201,31213.994
12005,3.6203418,31217.615
12006,3.62302,31221.238
12007,3.6254208,31224.863
12008,3.6284773,31228.492
12009,3.6292105,31232.121
12010,3.6275027,31235.748
12011,3.6251464,31239.373
12012,3.623244,31242.996
12013,3.6215024,31246.617
12014,3.6197374,31250.236
12015,3.619249,31253.855
12016,3.619679,31257.475
12017,3.6208315,31261.096
12018,3.6214519,31264.717
12019,3.6203618,31268.338
12020,3.6185389,31271.957
12021,3.6164064,31275.574
12022,3.6136608,31279.188
12023,3.6112924,31282.799
12024,3.6085708,31286.408
12025,3.606898,31290.016
12026,3.6062627,31293.621
12027,3.6067903,31297.229
12028,3.6074977,31300.836
12029,3.6077738,31304.443
12030,3.596945,31308.041
12031,3.5877864,31311.629
12032,3.5798311,31315.209
12033,3.5745635,31318.783
12034,3.5687647,31322.352
12035,3.5651226,31325.916
12036,3.5614865,31329.477
12037,3.558834,31333.035
12038,3.5563083,31336.592
12039,3.5543838,31340.146
12040,3.550627,31343.697
12041,3.546534,31347.244
12042,3.540031,31350.783
12043,3.5346594,31354.318
12044,3.5290594,31357.848
12045,3.5248055,31361.373
12046,3.5220625,31364.895
12047,3.520053,31368.414
12048,3.5175683,31371.932
12049,3.5170407,31375.45
12050,3.5195858,31378.969
12051,3.5255055,31382.494
12052,3.5307405,31386.025
12053,3.5349483,31389.56
12054,3.5378158,31393.098
12055,3.5414975,31396.639
12056,3.544787,31400.184
12057,3.5485559,31403.732
12058,3.5531867,31407.285
12059,3.5572536,31410.842
12060,3.561147,31414.402
12061,3.5649698,31417.967
12062,3.5682232,31421.535
12063,3.5714743,31425.107
12064,3.5746868,31428.682
12065,3.5763714,31432.258
12066,3.577338,31435.836
12067,3.578763,31439.414
12068,3.579093,31442.992
12069,3.578227,31446.57
12070,3.5779235,31450.148
12071,3.5779433,31453.727
12072,3.579942,31457.307
12073,3.5810971,31460.889
12074,3.5809839,31464.469
12075,3.580245,31468.049
12076,3.5787363,31471.627
12077,3.5775404,31475.205
12078,3.576658,31478.781
12079,3.5736923,31482.355
12080,3.5694623,31485.926
12081,3.5648522,31489.49
12082,3.560373,31493.05
12083,3.5526397,31496.604
12084,3.5450084,31500.148
12085,3.5344336,31503.684
12086,3.5282586,31507.21
12087,3.5219717,31510.732
12088,3.52036,31514.252
12089,3.518036,31517.77
12090,3.5165477,31521.285
12091,3.5138574,31524.799
12092,3.5121052,31528.31
12093,3.508955,31531.82
12094,3.509293,31535.33
12095,3.5105736,31538.84
12096,3.513463,31542.354
12097,3.5148582,31545.87
12098,3.5163145,31549.385
12099,3.5172513,31552.902
12100,3.5180252,31556.42
12101,3.5192575,31559.94
12102,3.5209024,31563.46
12103,3.5229404,31566.984
12104,3.525491,31570.51
12105,3.5279357,31574.037
12106,3.5305943,31577.568
12107,3.5350723,31581.104
12108,3.5400894,31584.645
12109,3.5458028,31588.19
12110,3.5481648,31591.738
12111,3.5491824,31595.287
12112,3.5479863,31598.836
12113,3.5474815,31602.383
12114,3.5478003,31605.93
12115,3.5468473,31609.477
12116,3.545189,31613.021
12117,3.5413942,31616.562
12118,3.5383704,31620.102
12119,3.5364134,31623.639
12120,3.5372272,31627.176
12121,3.5395894,31630.715
12122,3.5429747,31634.258
12123,3.5456893,31637.803
12124,3.545299,31641.348
12125,3.5438817,31644.89
12126,3.5424218,31648.434
12127,3.5402555,31651.975
12128,3.539659,31655.514
12129,3.5380065,31659.05
12130,3.5353508,31662.586
12131,3.531925,31666.117
12132,3.5323415,31669.65
12133,3.532943,31673.184
12134,3.5358016,31676.719
12135,3.540628,31680.26
12136,3.5451553,31683.805
12137,3.5503838,31687.355
12138,3.5554254,31690.91
12139,3.5599356,31694.47
12140,3.562869,31698.033
12141,3.5655468,31701.6
12142,3.5679498,31705.168
12143,3.569942,31708.738
12144,3.57091,31712.309
12145,3.5705316,31715.879
12146,3.5700672,31719.45
12147,3.5696194,31723.02
12148,3.5690713,31726.588
12149,3.5692134,31730.156
12150,3.5713494,31733.729
12151,3.573755,31737.303
12152,3.5762804,31740.879
12153,3.57842,31744.457
12154,3.580675,31748.037
12155,3.5821362,31751.62
12156,3.5821948,31755.201
12157,3.5814333,31758.783
12158,3.580801,31762.363
12159,3.579912,31765.943
12160,3.5794477,31769.523
12161,3.5791433,31773.104
12162,3.5786114,31776.682
12163,3.5772252,31780.26
12164,3.575674,31783.836
12165,3.5746176,31787.41
12166,3.5742867,31790.984
12167,3.5732958,31794.559
12168,3.5712316,31798.129
12169,3.5689437,31801.697
12170,3.5675192,31805.266
12171,3.5669937,31808.832
12172,3.5674746,31812.4
12173,3.5673475,31815.967
12174,3.5675595,31819.535
12175,3.567125,31823.102
12176,3.5664525,31826.668
12177,3.5649984,31830.232
12178,3.5632448,31833.795
12179,3.5617316,31837.357
12180,3.5616295,31840.92
12181,3.5623925,31844.482
12182,3.5647335,31848.047
12183,3.5666318,31851.613
12184,3.5676632,31855.182
12185,3.5670474,31858.748
12186,3.5662057,31862.314
12187,3.5654325,31865.88
12188,3.5654306,31869.447
12189,3.5656545,31873.014
12190,3.5652428,31876.578
12191,3.5638824,31880.143
12192,3.5622182,31883.705
12193,3.5611873,31887.266
12194,3.5607717,31890.826
12195,3.5606608,31894.387
12196,3.5607464,31897.947
12197,3.561028,31901.508
12198,3.5626793,31905.07
12199,3.5647388,31908.635
12200,3.5664535,31912.201
12201,3.5675073,31915.77
12202,3.5684466,31919.338
12203,3.5690775,31922.906
12204,3.569664,31926.477
12205,3.5706778,31930.047
12206,3.572391,31933.62
12207,3.5739865,31937.193
12208,3.5743659,31940.768
12209,3.5738955,31944.342
12210,3.5733614,31947.916
12211,3.5730333,31951.488
12212,3.5724208,31955.06
12213,3.5713565,31958.633
12214,3.571023,31962.203
12215,3.5707288,31965.773
12216,3.5708709,31969.344
12217,3.5706387,31972.914
12218,3.5696785,31976.484
12219,3.5680113,31980.053
12220,3.5658765,31983.62
12221,3.5641708,31987.184
12222,3.5629654,31990.746
12223,3.5623224,31994.309
12224,3.561362,31997.87
12225,3.5597644,32001.43
12226,3.5587447,32004.988
12227,3.5584164,32008.547
12228,3.5599048,32012.107
12229,3.5608542,32015.668
12230,3.560523,32019.229
12231,3.5605025,32022.79
12232,3.5605748,32026.35
12233,3.5606787,32029.91
12234,3.5615933,32033.473
12235,3.56299,32037.035
12236,3.5646303,32040.6
12237,3.5655475,32044.166
12238,3.5658884,32047.732
12239,3.5653691,32051.297
12240,3.5640852,32054.861
12241,3.563302,32058.424
12242,3.5634422,32061.986
12243,3.5645938,32065.55
12244,3.5668356,32069.117
12245,3.5688567,32072.686
12246,3.5705523,32076.256
12247,3.5707448,32079.826
12248,3.570924,32083.396
12249,3.571435,32086.969
12250,3.5727246,32090.541
12251,3.5742128,32094.115
12252,3.5772533,32097.693
12253,3.57601,32101.27
12254,3.5771494,32104.848
12255,3.5764647,32108.424
12256,3.5811946,32112.006
12257,3.5857284,32115.592
12258,3.5953913,32119.188
12259,3.6019225,32122.79
12260,3.6108713,32126.4
12261,3.6184316,32130.02
12262,3.6295798,32133.648
12263,3.6365938,32137.285
12264,3.6448452,32140.93
12265,3.6511443,32144.58
12266,3.6602032,32148.24
12267,3.665511,32151.906
12268,3.6699157,32155.576
12269,3.6702957,32159.246
12270,3.6755753,32162.922
12271,3.682033,32166.604
12272,3.6936903,32170.297
12273,3.7021976,32174.0
12274,3.7083142,32177.709
12275,3.7113662,32181.42
12276,3.7127306,32185.133
12277,3.7110548,32188.844
12278,3.7105138,32192.555
12279,3.70871,32196.264
12280,3.7080612,32199.973
12281,3.7067518,32203.68
12282,3.7075362,32207.387
12283,3.7069662,32211.094
12284,3.703144,32214.797
12285,3.6947925,32218.492
12286,3.6817183,32222.174
12287,3.6649706,32225.838
12288,3.646017,32229.484
12289,3.6289945,32233.113
12290,3.6254506,32236.738
12291,3.6366842,32240.375
12292,3.6559346,32244.031
12293,3.665362,32247.697
12294,3.6544597,32251.352
12295,3.6358047,32254.988
12296,3.6270485,32258.615
12297,3.6325362,32262.248
12298,3.6469243,32265.895
12299,3.6564407,32269.55
12300,3.6506445,32273.201
12301,3.641035,32276.842
12302,3.6385226,32280.48
12303,3.6438615,32284.125
12304,3.6459374,32287.771
12305,3.6423407,32291.414
12306,3.6379924,32295.053
12307,3.6361885,32298.69
12308,3.6330783,32302.322
12309,3.6298573,32305.951
12310,3.6277456,32309.578
12311,3.6285238,32313.207
12312,3.6295037,32316.836
12313,3.632198,32320.469
12314,3.634709,32324.104
12315,3.6414733,32327.744
12316,3.6502306,32331.395
12317,3.6623006,32335.057
12318,3.6725109,32338.729
12319,3.6809933,32342.41
12320,3.6843817,32346.094
12321,3.6846683,32349.78
12322,3.6824424,32353.46
12323,3.6798327,32357.14
12324,3.6788228,32360.82
12325,3.6818795,32364.502
12326,3.6846142,32368.188
12327,3.6871843,32371.875
12328,3.6868346,32375.562
12329,3.6860528,32379.248
12330,3.6850128,32382.934
12331,3.6868184,32386.621
12332,3.6898189,32390.31
12333,3.6936548,32394.004
12334,3.695387,32397.7
12335,3.6994686,32401.398
12336,3.7043164,32405.104
12337,3.7103364,32408.814
12338,3.7147276,32412.53
12339,3.7134008,32416.242
12340,3.708115,32419.951
12341,3.7010937,32423.652
12342,3.6968794,32427.35
12343,3.6963112,32431.047
12344,3.6967623,32434.744
12345,3.6958961,32438.44
12346,3.6923523,32442.13
12347,3.6868954,32445.818
12348,3.6815367,32449.5
12349,3.6781456,32453.178
12350,3.6726713,32456.85
12351,3.6675985,32460.518
12352,3.6655066,32464.184
12353,3.6691582,32467.854
12354,3.673706,32471.527
12355,3.6732686,32475.201
12356,3.6687365,32478.87
12357,3.6648922,32482.533
12358,3.667043,32486.201
12359,3.6730623,32489.875
12360,3.675834,32493.55
12361,3.6768844,32497.229
12362,3.6768463,32500.906
12363,3.6767602,32504.584
12364,3.6733615,32508.258
12365,3.6661975,32511.924
12366,3.6582034,32515.582
12367,3.6502674,32519.232
12368,3.6463604,32522.879
12369,3.6449783,32526.523
12370,3.6460884,32530.17
12371,3.648312,32533.818
12372,3.6481853,32537.467
12373,3.6446257,32541.111
12374,3.639436,32544.75
12375,3.6390734,32548.389
12376,3.6459494,32552.035
12377,3.652571,32555.688
12378,3.6491106,32559.336
12379,3.6392753,32562.975
12380,3.6339998,32566.61
12381,3.6380093,32570.248
12382,3.649367,32573.896
12383,3.6612363,32577.559
12384,3.6684456,32581.227
12385,3.668151,32584.895
12386,3.661225,32588.557
12387,3.6545644,32592.21
12388,3.6510098,32595.861
12389,3.6522503,32599.514
12390,3.654208,32603.168
12391,3.6544454,32606.822
12392,3.65541,32610.479
12393,3.6595986,32614.139
12394,3.662697,32617.8
12395,3.6633296,32621.465
12396,3.6628115,32625.127
12397,3.6636105,32628.791
12398,3.6645758,32632.455
12399,3.6640875,32636.12
12400,3.6636271,32639.783
12401,3.6635396,32643.447
12402,3.6653237,32647.113
12403,3.6677444,32650.781
12404,3.6722775,32654.453
12405,3.6792598,32658.133
12406,3.685583,32661.818
12407,3.6859474,32665.504
12408,3.6801405,32669.184
12409,3.6750696,32672.86
12410,3.6755435,32676.535
12411,3.6833806,32680.219
12412,3.693202,32683.912
12413,3.7002897,32687.613
12414,3.7006795,32691.314
12415,3.6975343,32695.012
12416,3.6948097,32698.707
12417,3.695873,32702.402
12418,3.702383,32706.105
12419,3.7070754,32709.812
12420,3.7044003,32713.518
12421,3.6982055,32717.215
12422,3.6937575,32720.908
12423,3.6913128,32724.6
12424,3.689159,32728.29
12425,3.6863666,32731.975
12426,3.6809545,32735.656
12427,3.675574,32739.332
12428,3.674129,32743.006
12429,3.6758428,32746.682
12430,3.6792538,32750.361
12431,3.684062,32754.045
12432,3.689164,32757.734
12433,3.6935225,32761.428
12434,3.696892,32765.125
12435,3.698342,32768.824
12436,3.6952605,32772.52
12437,3.6895149,32776.21
12438,3.687753,32779.9
12439,3.691365,32783.59
12440,3.6972492,32787.285
12441,3.7017882,32790.99
12442,3.7035766,32794.69
12443,3.7040918,32798.395
12444,3.7047653,32802.098
12445,3.706641,32805.805
12446,3.7081115,32809.51
12447,3.7062857,32813.22
12448,3.6970065,32816.914
12449,3.6819797,32820.598
12450,3.677122,32824.273
12451,3.685056,32827.957
12452,3.6988254,32831.656
12453,3.7017813,32835.36
12454,3.6898854,32839.05
12455,3.67224,32842.723
12456,3.6623712,32846.387
12457,3.6624904,32850.05
12458,3.6693826,32853.72
12459,3.6755362,32857.395
12460,3.679851,32861.074
12461,3.6795037,32864.754
12462,3.6752932,32868.43
12463,3.6689339,32872.098
12464,3.6621075,32875.758
12465,3.6544795,32879.414
12466,3.6460109,32883.06
12467,3.6402555,32886.7
12468,3.6409595,32890.34
12469,3.6457798,32893.984
12470,3.6503115,32897.633
12471,3.6532803,32901.285
12472,3.6540105,32904.938
12473,3.6541297,32908.59
12474,3.656335,32912.246
12475,3.66028,32915.906
12476,3.6622674,32919.57
12477,3.6626024,32923.234
12478,3.6619346,32926.895
12479,3.6623943,32930.56
12480,3.6666455,32934.227
12481,3.6729326,32937.9
12482,3.6785617,32941.58
12483,3.6808617,32945.258
12484,3.681899,32948.94
12485,3.6831534,32952.625
12486,3.6828878,32956.31
12487,3.6813884,32959.99
12488,3.678607,32963.668
12489,3.674689,32967.344
12490,3.6700006,32971.016
12491,3.6668189,32974.684
12492,3.66331,32978.348
12493,3.6597128,32982.008
12494,3.6578853,32985.664
12495,3.6625965,32989.33
12496,3.6715991,32993.0
12497,3.6826928,32996.684
12498,3.6911502,33000.375
12499,3.697322,33004.074
12500,3.702792,33007.777
12501,3.7066655,33011.484
12502,3.706556,33015.19
12503,3.704851,33018.895
12504,3.7026958,33022.598
12505,3.702041,33026.3
12506,3.70173,33030.004
12507,3.701392,33033.707
12508,3.7007358,33037.406
12509,3.7017498,33041.11
12510,3.7024357,33044.812
12511,3.7040129,33048.516
12512,3.70596,33052.223
12513,3.7093313,33055.934
12514,3.7129574,33059.65
12515,3.7165325,33063.363
12516,3.7186072,33067.082
12517,3.719685,33070.8
12518,3.7212105,33074.523
12519,3.7236092,33078.246
12520,3.7248285,33081.973
12521,3.7263176,33085.7
12522,3.7264116,33089.426
12523,3.72654,33093.152
12524,3.7260997,33096.88
12525,3.7266524,33100.605
12526,3.7283554,33104.332
12527,3.7311702,33108.062
12528,3.7316647,33111.793
12529,3.730581,33115.523
12530,3.7295723,33119.254
12531,3.7293987,33122.984
12532,3.7315707,33126.715
12533,3.7346306,33130.45
12534,3.7380033,33134.188
12535,3.7404459,33137.93
12536,3.74155,33141.67
12537,3.7454686,33145.418
12538,3.758328,33149.176
12539,3.776497,33152.953
12540,3.7931395,33156.746
12541,3.800499,33160.547
12542,3.7993915,33164.348
12543,3.7945929,33168.14
12544,3.7899415,33171.93
12545,3.7835317,33175.715
12546,3.7763717,33179.492
12547,3.7693343,33183.26
12548,3.7646773,33187.027
12549,3.7626643,33190.79
12550,3.7628505,33194.55
12551,3.7618306,33198.312
12552,3.758756,33202.07
12553,3.7545145,33205.824
12554,3.7499022,33209.574
12555,3.7469206,33213.32
12556,3.7450259,33217.066
12557,3.745547,33220.812
12558,3.7502182,33224.562
12559,3.75434,33228.316
12560,3.7530518,33232.07
12561,3.7465787,33235.816
12562,3.73648,33239.555
12563,3.72865,33243.285
12564,3.7239215,33247.008
12565,3.7226598,33250.73
12566,3.72352,33254.453
12567,3.7249184,33258.18
12568,3.72871,33261.91
12569,3.7320988,33265.64
12570,3.732842,33269.375
12571,3.7312236,33273.105
12572,3.7286296,33276.836
12573,3.7269137,33280.562
12574,3.7260578,33284.29
12575,3.7249174,33288.016
12576,3.724889,33291.742
12577,3.724383,33295.465
12578,3.7205575,33299.184
12579,3.716031,33302.9
12580,3.7112432,33306.61
12581,3.7078807,33310.316
12582,3.7037632,33314.02
12583,3.7006712,33317.72
12584,3.7000606,33321.418
12585,3.7016082,33325.12
12586,3.7011614,33328.82
12587,3.6974418,33332.52
12588,3.6931446,33336.21
12589,3.690902,33339.902
12590,3.687301,33343.59
12591,3.6859756,33347.277
12592,3.684753,33350.96
12593,3.6844995,33354.645
12594,3.681953,33358.33
12595,3.6798646,33362.008
12596,3.6768494,33365.684
12597,3.675679,33369.36
12598,3.6752434,33373.035
12599,3.676595,33376.71
12600,3.677447,33380.387
12601,3.6781006,33384.066
12602,3.677011,33387.742
12603,3.6762285,33391.418
12604,3.6749828,33395.094
12605,3.676293,33398.77
12606,3.67951,33402.45
12607,3.6827621,33406.133
12608,3.684481,33409.816
12609,3.6859577,33413.504
12610,3.687217,33417.19
12611,3.6898053,33420.883
12612,3.6926727,33424.574
12613,3.6950052,33428.27
12614,3.6949005,33431.965
12615,3.6942906,33435.66
12616,3.6923735,33439.35
12617,3.690225,33443.043
12618,3.6874425,33446.73
12619,3.6852598,33450.414
12620,3.6837888,33454.098
12621,3.6836536,33457.78
12622,3.6835349,33461.465
12623,3.6839066,33465.15
12624,3.685153,33468.832
12625,3.6875951,33472.52
12626,3.6881828,33476.207
12627,3.6878917,33479.895
12628,3.685773,33483.582
12629,3.6830876,33487.266
12630,3.6798894,33490.945
12631,3.6788287,33494.625
12632,3.6794403,33498.305
12633,3.681379,33501.984
12634,3.683503,33505.668
12635,3.6855874,33509.355
12636,3.685952,33513.043
12637,3.6867247,33516.73
12638,3.6892648,33520.418
12639,3.6931012,33524.11
12640,3.6976612,33527.81
12641,3.7007124,33531.508
12642,3.7010229,33535.207
12643,3.6995447,33538.906
12644,3.6974685,33542.605
12645,3.6958318,33546.3
12646,3.695121,33549.996
12647,3.6955657,33553.69
12648,3.695671,33557.387
12649,3.6942391,33561.082
12650,3.6900854,33564.773
12651,3.686523,33568.46
12652,3.6850874,33572.145
12653,3.685167,33575.83
12654,3.6859252,33579.516
12655,3.686271,33583.203
12656,3.6866658,33586.89
12657,3.68667,33590.58
12658,3.6866078,33594.266
12659,3.6862059,33597.953
12660,3.6856189,33601.64
12661,3.6846669,33605.324
12662,3.6827514,33609.008
12663,3.682451,33612.69
12664,3.6835437,33616.375
12665,3.6865804,33620.062
12666,3.6911318,33623.754
12667,3.6951659,33627.45
12668,3.6970012,33631.145
12669,3.6978428,33634.844
12670,3.6963003,33638.54
12671,3.694674,33642.234
12672,3.694273,33645.93
12673,3.6946046,33649.625
12674,3.6957245,33653.32
12675,3.6966228,33657.016
12676,3.6987014,33660.715
12677,3.7003374,33664.414
12678,3.7021432,33668.117
12679,3.7033226,33671.82
12680,3.7038739,33675.523
12681,3.7030647,33679.227
12682,3.702404,33682.93
12683,3.7024496,33686.633
12684,3.7033837,33690.336
12685,3.7034914,33694.04
12686,3.7026846,33697.742
12687,3.7010658,33701.44
12688,3.7002504,33705.14
12689,3.7002962,33708.84
12690,3.7012024,33712.543
12691,3.7025938,33716.246
12692,3.7027206,33719.95
12693,3.7012248,33723.652
12694,3.6993415,33727.35
12695,3.698132,33731.05
12696,3.6976867,33734.75
12697,3.6976235,33738.45
12698,3.6968696,33742.145
12699,3.6966789,33745.84
12700,3.6944745,33749.535
12701,3.692475,33753.227
12702,3.6908214,33756.918
12703,3.6904914,33760.61
12704,3.691516,33764.3
12705,3.6919136,33767.992
12706,3.6917982,33771.684
12707,3.692076,33775.375
12708,3.6918154,33779.066
12709,3.6907861,33782.758
12710,3.689105,33786.445
12711,3.6875064,33790.133
12712,3.6847851,33793.816
12713,3.6823807,33797.5
12714,3.682211,33801.184
12715,3.6830542,33804.867
12716,3.6847653,33808.55
12717,3.6867886,33812.24
12718,3.6896925,33815.93
12719,3.6932187,33819.62
12720,3.695823,33823.316
12721,3.697266,33827.016
12722,3.6979408,33830.715
12723,3.6984758,33834.414
12724,3.6993349,33838.113
12725,3.6992688,33841.812
12726,3.6978884,33845.51
12727,3.6954274,33849.207
12728,3.6941314,33852.902
12729,3.694841,33856.598
12730,3.6969326,33860.293
12731,3.6979434,33863.992
12732,3.6971152,33867.688
12733,3.6956184,33871.383
12734,3.695085,33875.08
12735,3.6951916,33878.773
12736,3.696178,33882.47
12737,3.6968877,33886.164
12738,3.6972396,33889.86
12739,3.6973178,33893.56
12740,3.6979928,33897.258
12741,3.6991572,33900.957
12742,3.701263,33904.66
12743,3.702557,33908.363
12744,3.7035375,33912.066
12745,3.7039282,33915.77
12746,3.7030656,33919.473
12747,3.7027447,33923.176
12748,3.7041094,33926.88
12749,3.706094,33930.586
12750,3.7086852,33934.293
12751,3.711001,33938.004
12752,3.714959,33941.72
12753,3.7171013,33945.438
12754,3.7184026,33949.156
12755,3.7185838,33952.875
12756,3.7176158,33956.594
12757,3.7160945,33960.31
12758,3.714392,33964.023
12759,3.7136781,33967.74
12760,3.7145762,33971.453
12761,3.7164998,33975.168
12762,3.7172399,33978.887
12763,3.7172623,33982.605
12764,3.7173297,33986.324
12765,3.7158988,33990.04
12766,3.711985,33993.75
12767,3.7065904,33997.457
12768,3.7012901,34001.16
12769,3.6986198,34004.86
12770,3.6978493,34008.56
12771,3.6981986,34012.258
12772,3.6997306,34015.957
12773,3.7009828,34019.656
12774,3.7004411,34023.355
12775,3.6994388,34027.055
12776,3.6978695,34030.754
12777,3.6968918,34034.45
12778,3.6957543,34038.145
12779,3.6947155,34041.84
12780,3.6947258,34045.535
12781,3.6960492,34049.23
12782,3.6977942,34052.93
12783,3.6989639,34056.63
12784,3.6998014,34060.33
12785,3.6996045,34064.027
12786,3.700205,34067.727
12787,3.7012897,34071.43
12788,3.7023344,34075.133
12789,3.7021997,34078.836
12790,3.7003348,34082.535
12791,3.6977289,34086.234
12792,3.696102,34089.93
12793,3.696039,34093.625
12794,3.6976554,34097.324
12795,3.6995645,34101.023
12796,3.7012362,34104.727
12797,3.702136,34108.43
12798,3.7027853,34112.133
12799,3.702239,34115.836
12800,3.7007763,34119.535
12801,3.6981444,34123.234
12802,3.6964216,34126.93
12803,3.6965823,34130.625
12804,3.6976974,34134.324
12805,3.699053,34138.023
12806,3.7004213,34141.723
12807,3.7009215,34145.42
12808,3.7003376,34149.12
12809,3.6991928,34152.82
12810,3.698405,34156.52
12811,3.699412,34160.22
12812,3.6999774,34163.918
12813,3.6998184,34167.617
12814,3.6988928,34171.316
12815,3.6976292,34175.016
12816,3.694293,34178.71
12817,3.6921124,34182.402
12818,3.6913927,34186.094
12819,3.6915894,34189.785
12820,3.6924481,34193.477
12821,3.6921527,34197.168
12822,3.6923184,34200.86
12823,3.6929,34204.55
12824,3.6930325,34208.242
12825,3.6943152,34211.938
12826,3.6966045,34215.633
12827,3.7000234,34219.332
12828,3.7033465,34223.035
12829,3.7047453,34226.74
12830,3.7036614,34230.44
12831,3.7022743,34234.145
12832,3.7014227,34237.848
12833,3.701385,34241.55
12834,3.7016082,34245.254
12835,3.7014415,34248.957
12836,3.6994574,34252.656
12837,3.696019,34256.35
12838,3.6921532,34260.043
12839,3.6887987,34263.73
12840,3.686676,34267.418
12841,3.6866763,34271.105
12842,3.6875563,34274.793
12843,3.6879315,34278.48
12844,3.6871214,34282.168
12845,3.6857262,34285.855
12846,3.6844945,34289.54
12847,3.684561,34293.223
12848,3.6867015,34296.91
12849,3.6888237,34300.598
12850,3.6896205,34304.29
12851,3.6906881,34307.98
12852,3.6897724,34311.67
12853,3.6875503,34315.36
12854,3.6845405,34319.043
12855,3.6823878,34322.727
12856,3.6825616,34326.41
12857,3.6831894,34330.094
12858,3.683192,34333.777
12859,3.6830556,34337.46
12860,3.6839323,34341.145
12861,3.6858914,34344.832
12862,3.688935,34348.52
12863,3.6931646,34352.21
12864,3.6968822,34355.906
12865,3.6993356,34359.605
12866,3.6992571,34363.305
12867,3.6976361,34367.004
12868,3.6964564,34370.7
12869,3.6961915,34374.395
12870,3.6979954,34378.094
12871,3.6989174,34381.793
12872,3.6995351,34385.492
12873,3.6994264,34389.19
12874,3.6991086,34392.89
12875,3.6986244,34396.59
12876,3.6983054,34400.29
12877,3.697329,34403.99
12878,3.6973617,34407.688
12879,3.6981037,34411.387
12880,3.6981702,34415.086
12881,3.697655,34418.785
12882,3.697908,34422.484
12883,3.698895,34426.184
12884,3.7006733,34429.883
12885,3.7026284,34433.586
12886,3.704135,34437.29
12887,3.7047112,34440.992
12888,3.7054534,34444.7
12889,3.706561,34448.406
12890,3.7079434,34452.113
12891,3.7090807,34455.824
12892,3.71032,34459.535
12893,3.7105742,34463.246
12894,3.7085233,34466.953
12895,3.7066367,34470.66
12896,3.704789,34474.363
12897,3.703809,34478.066
12898,3.7031696,34481.77
12899,3.702058,34485.473
12900,3.7002792,34489.17
12901,3.6990898,34492.87
12902,3.6982777,34496.57
12903,3.6980934,34500.27
12904,3.6982396,34503.97
12905,3.6979246,34507.668
12906,3.698588,34511.367
12907,3.6992462,34515.066
12908,3.6994624,34518.766
12909,3.6983116,34522.465
12910,3.6949227,34526.16
12911,3.689486,34529.85
12912,3.684243,34533.535
12913,3.6814647,34537.215
12914,3.6821525,34540.9
12915,3.6847808,34544.582
12916,3.6871767,34548.27
12917,3.6890068,34551.957
12918,3.6910179,34555.65
12919,3.693216,34559.34
12920,3.6966174,34563.035
12921,3.6995604,34566.734
12922,3.701385,34570.438
12923,3.7023017,34574.14
12924,3.7032826,34577.844
12925,3.7046695,34581.547
12926,3.7064705,34585.254
12927,3.707404,34588.96
12928,3.7072728,34592.668
12929,3.7070253,34596.375
12930,3.706896,34600.082
12931,3.7061086,34603.79
12932,3.7061903,34607.496
12933,3.706761,34611.203
12934,3.7089381,34614.91
12935,3.7113419,34618.62
12936,3.7145238,34622.336
12937,3.7163877,34626.05
12938,3.7175612,34629.77
12939,3.7171957,34633.49
12940,3.7150803,34637.203
12941,3.7120104,34640.914
12942,3.7095964,34644.625
12943,3.7093508,34648.336
12944,3.7103765,34652.047
12945,3.7123244,34655.758
12946,3.7135205,34659.473
12947,3.7141554,34663.188
12948,3.7138958,34666.902
12949,3.7130678,34670.617
12950,3.712186,34674.33
12951,3.7122743,34678.04
12952,3.712261,34681.75
12953,3.7121015,34685.46
12954,3.7131908,34689.176
12955,3.714258,34692.89
12956,3.7157893,34696.605
12957,3.7164907,34700.32
12958,3.7172585,34704.04
12959,3.718748,34707.758
12960,3.7194455,34711.477
12961,3.719392,34715.195
12962,3.7184553,34718.914
12963,3.7164035,34722.63
12964,3.7127166,34726.34
12965,3.7097325,34730.05
12966,3.7081702,34733.758
12967,3.7075887,34737.465
12968,3.705984,34741.17
12969,3.7050831,34744.88
12970,3.706453,34748.586
12971,3.7080252,34752.293
12972,3.7077475,34756.0
12973,3.705846,34759.707
12974,3.703233,34763.41
12975,3.6995277,34767.11
12976,3.6951506,34770.805
12977,3.6916049,34774.496
12978,3.6903436,34778.188
12979,3.6914074,34781.88
12980,3.6931262,34785.57
12981,3.6937997,34789.266
12982,3.6916637,34792.957
12983,3.6889508,34796.645
12984,3.6866915,34800.332
12985,3.68518,34804.016
12986,3.6829557,34807.7
12987,3.6818597,34811.383
12988,3.6817815,34815.066
12989,3.682997,34818.75
12990,3.6828954,34822.434
12991,3.6815276,34826.113
12992,3.6795754,34829.793
12993,3.6788952,34833.473
12994,3.6789677,34837.152
12995,3.6800792,34840.832
12996,3.6809368,34844.51
12997,3.6819997,34848.195
12998,3.6818707,34851.88
12999,3.6816852,34855.562
13000,3.6816113,34859.242
13001,3.682785,34862.926
13002,3.6842916,34866.61
13003,3.6842868,34870.293
13004,3.6831062,34873.977
13005,3.682173,34877.66
13006,3.6823397,34881.344
13007,3.6831765,34885.027
13008,3.6840768,34888.71
13009,3.685293,34892.395
13010,3.6865683,34896.082
13011,3.6865218,34899.77
13012,3.6861975,34903.457
13013,3.6865044,34907.145
13014,3.687131,34910.832
13015,3.6868052,34914.52
13016,3.6863472,34918.207
13017,3.6860423,34921.895
13018,3.6862895,34925.582
13019,3.686442,34929.27
13020,3.688355,34932.957
13021,3.6901946,34936.65
13022,3.6901596,34940.34
13023,3.688711,34944.027
13024,3.6873546,34947.715
13025,3.6877213,34951.402
13026,3.6881948,34955.09
13027,3.6870117,34958.777
13028,3.684725,34962.46
13029,3.6835527,34966.145
13030,3.685034,34969.83
13031,3.6885839,34973.516
13032,3.6938765,34977.21
13033,3.6990373,34980.91
13034,3.7057202,34984.617
13035,3.7116306,34988.33
13036,3.714904,34992.043
13037,3.71505,34995.758
13038,3.715176,34999.473
13039,3.7157216,35003.188
13040,3.7156737,35006.902
13041,3.7142613,35010.617
13042,3.7129054,35014.332
13043,3.7133696,35018.047
13044,3.7165477,35021.76
13045,3.7203102,35025.48
13046,3.7233431,35029.203
13047,3.7248695,35032.93
13048,3.723357,35036.652
13049,3.7208877,35040.375
13050,3.7172601,35044.094
13051,3.7143452,35047.81
13052,3.7127492,35051.52
13053,3.7123277,35055.23
13054,3.7105553,35058.94
13055,3.706697,35062.65
13056,3.7026336,35066.35
13057,3.699496,35070.05
13058,3.6974764,35073.75
13059,3.696894,35077.445
13060,3.6973968,35081.145
13061,3.698666,35084.844
13062,3.7001748,35088.543
13063,3.7009459,35092.242
13064,3.7019238,35095.945
13065,3.7041037,35099.65
13066,3.708309,35103.355
13067,3.7128322,35107.066
13068,3.7163572,35110.78
13069,3.7170892,35114.5
13070,3.7164736,35118.215
13071,3.7173436,35121.934
13072,3.7191234,35125.652
13073,3.719947,35129.37
13074,3.718868,35133.09
13075,3.7170706,35136.81
13076,3.7166195,35140.523
13077,3.7161782,35144.24
13078,3.7138832,35147.953
13079,3.710665,35151.664
13080,3.70803,35155.37
13081,3.704659,35159.074
13082,3.702528,35162.777
13083,3.7008183,35166.477
13084,3.7026548,35170.18
13085,3.7055492,35173.887
13086,3.708931,35177.594
13087,3.7098606,35181.305
13088,3.7086525,35185.01
13089,3.7070472,35188.72
13090,3.7059326,35192.426
13091,3.705191,35196.133
13092,3.704044,35199.836
13093,3.7029674,35203.54
13094,3.7037594,35207.242
13095,3.7036445,35210.945
13096,3.7028496,35214.65
13097,3.7025077,35218.35
13098,3.7018807,35222.055
13099,3.7021968,35225.758
13100,3.7023802,35229.46
13101,3.7034352,35233.164
13102,3.705198,35236.87
13103,3.708402,35240.58
13104,3.7117136,35244.29
13105,3.7136517,35248.004
13106,3.7119315,35251.715
13107,3.7093136,35255.426
13108,3.7064412,35259.133
13109,3.7053685,35262.84
13110,3.7046955,35266.543
13111,3.7038383,35270.246
13112,3.7029662,35273.95
13113,3.7025452,35277.652
13114,3.7036266,35281.355
13115,3.7048895,35285.06
13116,3.7055786,35288.766
13117,3.7053375,35292.473
13118,3.7062721,35296.18
13119,3.7072198,35299.887
13120,3.708289,35303.594
13121,3.7087245,35307.3
13122,3.7100613,35311.01
13123,3.7116756,35314.723
13124,3.7134914,35318.438
13125,3.7137609,35322.152
13126,3.7147772,35325.867
13127,3.716112,35329.582
13128,3.71644,35333.297
13129,3.7143753,35337.01
13130,3.7097769,35340.723
13131,3.70618,35344.43
13132,3.7045698,35348.133
13133,3.7031426,35351.836
13134,3.7005596,35355.535
13135,3.6976593,35359.234
13136,3.69596,35362.93
13137,3.696072,35366.625
13138,3.6980052,35370.324
13139,3.6994498,35374.023
13140,3.7007232,35377.723
13141,3.7011468,35381.42
13142,3.700081,35385.12
13143,3.6988668,35388.82
13144,3.6995628,35392.52
13145,3.7006843,35396.22
13146,3.7009764,35399.918
13147,3.7010472,35403.617
13148,3.702392,35407.32
13149,3.7041342,35411.023
13150,3.7051842,35414.73
13151,3.704296,35418.434
13152,3.701646,35422.137
13153,3.6986172,35425.836
13154,3.696003,35429.53
13155,3.6948388,35433.227
13156,3.6944816,35436.92
13157,3.6946952,35440.617
13158,3.695616,35444.312
13159,3.697002,35448.008
13160,3.6986759,35451.707
13161,3.7000434,35455.406
13162,3.7014174,35459.11
13163,3.7028387,35462.812
13164,3.7041795,35466.516
13165,3.7047822,35470.22
13166,3.7051165,35473.926
13167,3.705048,35477.63
13168,3.7052333,35481.336
13169,3.7048986,35485.04
13170,3.7038302,35488.742
13171,3.701861,35492.445
13172,3.7002187,35496.145
13173,3.6986406,35499.844
13174,3.698184,35503.543
13175,3.6975992,35507.242
13176,3.6972597,35510.938
13177,3.6971529,35514.633
13178,3.695548,35518.33
13179,3.694699,35522.023
13180,3.6932757,35525.715
13181,3.693088,35529.406
13182,3.6933856,35533.1
13183,3.6940377,35536.797
13184,3.693114,35540.49
13185,3.6925685,35544.18
13186,3.6905694,35547.87
13187,3.6892183,35551.56
13188,3.6896455,35555.25
13189,3.6921582,35558.94
13190,3.6959386,35562.637
13191,3.6982543,35566.336
13192,3.6987348,35570.035
13193,3.6984758,35573.734
13194,3.6980717,35577.434
13195,3.6998868,35581.133
13196,3.703731,35584.836
13197,3.7074938,35588.543
13198,3.7110503,35592.254
13199,3.7137825,35595.97
13200,3.7161148,35599.684
13201,3.7176275,35603.402
13202,3.7181299,35607.12
13203,3.7184417,35610.84
13204,3.7183688,35614.56
13205,3.7174747,35618.277
13206,3.717077,35621.996
13207,3.716258,35625.71
13208,3.7156808,35629.426
13209,3.7150433,35633.14
13210,3.714533,35636.855
13211,3.7144644,35640.57
13212,3.7151244,35644.285
13213,3.7164268,35648.0
13214,3.7156487,35651.715
13215,3.7127757,35655.426
13216,3.7099783,35659.137
13217,3.7092824,35662.848
13218,3.710269,35666.56
13219,3.711906,35670.27
13220,3.7116265,35673.98
13221,3.7109237,35677.69
13222,3.7084358,35681.4
13223,3.7053027,35685.105
13224,3.7024984,35688.81
13225,3.701691,35692.51
13226,3.7035275,35696.215
13227,3.707157,35699.92
13228,3.7100515,35703.633
13229,3.7130482,35707.348
13230,3.7158077,35711.062
13231,3.717887,35714.78
13232,3.7162483,35718.496
13233,3.714161,35722.21
13234,3.711277,35725.92
13235,3.7103696,35729.633
13236,3.710359,35733.344
13237,3.7116249,35737.055
13238,3.7133608,35740.77
13239,3.7153006,35744.484
13240,3.7170227,35748.203
13241,3.7170432,35751.92
13242,3.7143788,35755.637
13243,3.7104058,35759.348
13244,3.7067654,35763.055
13245,3.7040746,35766.758
13246,3.7031493,35770.46
13247,3.703902,35774.164
13248,3.7056317,35777.87
13249,3.7076356,35781.58
13250,3.7107065,35785.29
13251,3.7131593,35789.004
13252,3.7135892,35792.72
13253,3.71258,35796.43
13254,3.711064,35800.14
13255,3.7098901,35803.85
13256,3.7097015,35807.562
13257,3.7089775,35811.27
13258,3.7081506,35814.977
13259,3.7080734,35818.684
13260,3.7077491,35822.39
13261,3.7075524,35826.098
13262,3.7074482,35829.805
13263,3.7087102,35833.51
13264,3.7098987,35837.223
13265,3.7109058,35840.934
13266,3.7113326,35844.645
13267,3.7115197,35848.355
13268,3.7114086,35852.066
13269,3.7123961,35855.777
13270,3.714588,35859.492
13271,3.7154007,35863.207
13272,3.7142966,35866.92
13273,3.7131147,35870.637
13274,3.7120764,35874.348
13275,3.7115238,35878.06
13276,3.7112803,35881.77
13277,3.7110927,35885.48
13278,3.7109926,35889.19
13279,3.7097523,35892.902
13280,3.7093306,35896.613
13281,3.709117,35900.324
13282,3.707863,35904.03
13283,3.7064517,35907.74
13284,3.7046413,35911.44
13285,3.7043388,35915.145
13286,3.7056189,35918.85
13287,3.7058377,35922.56
13288,3.704759,35926.26
13289,3.7036996,35929.965
13290,3.703876,35933.668
13291,3.704034,35937.37
13292,3.7034967,35941.074
13293,3.7008922,35944.773
13294,3.698331,35948.473
13295,3.6968353,35952.168
13296,3.6959155,35955.863
13297,3.6950352,35959.56
13298,3.6957414,35963.254
13299,3.6962445,35966.95
13300,3.6957784,35970.645
13301,3.6952558,35974.34
13302,3.6938922,35978.035
13303,3.6910644,35981.727
13304,3.6865256,35985.414
13305,3.6823688,35989.098
13306,3.681859,35992.78
13307,3.6840036,35996.465
13308,3.6883702,36000.152
13309,3.6928988,36003.844
13310,3.6966743,36007.54
13311,3.6992843,36011.24
13312,3.7008934,36014.938
13313,3.7011518,36018.637
13314,3.701344,36022.34
13315,3.6997533,36026.04
13316,3.6964722,36029.734
13317,3.6933818,36033.43
13318,3.6913702,36037.12
13319,3.6902568,36040.812
13320,3.690553,36044.504
13321,3.6911778,36048.195
13322,3.6933281,36051.887
13323,3.6964517,36055.582
13324,3.7002537,36059.28
13325,3.7033224,36062.984
13326,3.705112,36066.69
13327,3.7041295,36070.395
13328,3.701824,36074.098
13329,3.699085,36077.797
13330,3.6982803,36081.496
13331,3.698998,36085.195
13332,3.699216,36088.895
13333,3.6988835,36092.594
13334,3.6972647,36096.29
13335,3.6972961,36099.99
13336,3.698204,36103.688
13337,3.700203,36107.387
13338,3.701841,36111.09
13339,3.702713,36114.793
13340,3.702881,36118.496
13341,3.7024693,36122.2
13342,3.7023592,36125.902
13343,3.7034009,36129.605
13344,3.7057817,36133.312
13345,3.709014,36137.023
13346,3.711755,36140.734
13347,3.7132165,36144.45
13348,3.71397,36148.164
13349,3.7143,36151.88
13350,3.7135663,36155.594
13351,3.7129018,36159.31
13352,3.7129877,36163.023
13353,3.7133832,36166.74
13354,3.7131417,36170.453
13355,3.7120695,36174.164
13356,3.710197,36177.875
13357,3.707549,36181.582
13358,3.7069201,36185.29
13359,3.707838,36188.996
13360,3.7106733,36192.707
13361,3.7136362,36196.42
13362,3.716566,36200.137
13363,3.717331,36203.855
13364,3.717066,36207.574
13365,3.7160265,36211.29
13366,3.7122762,36215.0
13367,3.7080626,36218.707
13368,3.7034261,36222.41
13369,3.7009523,36226.11
13370,3.7020779,36229.812
13371,3.7041004,36233.516
13372,3.7073562,36237.223
13373,3.7098296,36240.934
13374,3.711131,36244.645
13375,3.7125509,36248.355
13376,3.7141867,36252.07
13377,3.7159917,36255.785
13378,3.7173314,36259.504
13379,3.7170792,36263.223
13380,3.7140799,36266.938
13381,3.7117205,36270.65
13382,3.7096834,36274.36
13383,3.7105746,36278.07
13384,3.713294,36281.785
13385,3.7166784,36285.5
13386,3.7175758,36289.22
13387,3.7159534,36292.934
13388,3.7133472,36296.65
13389,3.7102635,36300.36
13390,3.7081535,36304.066
13391,3.7064023,36307.773
13392,3.7038357,36311.477
13393,3.7008035,36315.176
13394,3.6989088,36318.875
13395,3.6974068,36322.574
13396,3.6960263,36326.27
13397,3.6948779,36329.965
13398,3.6944754,36333.66
13399,3.6965473,36337.355
13400,3.7005937,36341.055
13401,3.7047834,36344.758
13402,3.7089903,36348.47
13403,3.7122304,36352.18
13404,3.7141147,36355.895
13405,3.715059,36359.61
13406,3.7158759,36363.324
13407,3.7160347,36367.04
13408,3.714916,36370.754
13409,3.7119796,36374.465
13410,3.7101219,36378.176
13411,3.7095068,36381.887
13412,3.7105746,36385.598
13413,3.7117279,36389.31
13414,3.7123137,36393.02
13415,3.712565,36396.73
13416,3.7122564,36400.44
13417,3.7118576,36404.152
13418,3.710396,36407.863
13419,3.708565,36411.57
13420,3.7085497,36415.277
13421,3.708006,36418.984
13422,3.707416,36422.69
13423,3.705529,36426.4
13424,3.7037764,36430.1
13425,3.7028434,36433.805
13426,3.7034576,36437.508
13427,3.7042687,36441.21
13428,3.7051632,36444.918
13429,3.7051709,36448.625
13430,3.7051506,36452.332
13431,3.706066,36456.04
13432,3.7076743,36459.746
13433,3.7084963,36463.453
13434,3.70918,36467.164
13435,3.709809,36470.875
13436,3.7101686,36474.586
13437,3.7109659,36478.297
13438,3.712098,36482.008
13439,3.7133517,36485.723
13440,3.7149312,36489.438
13441,3.716017,36493.152
13442,3.716017,36496.867
13443,3.7150445,36500.582
13444,3.713409,36504.297
13445,3.7122662,36508.008
13446,3.712805,36511.72
13447,3.7133865,36515.434
13448,3.7132683,36519.15
13449,3.712096,36522.86
13450,3.7109149,36526.57
13451,3.708179,36530.277
13452,3.704818,36533.98
13453,3.7015853,36537.684
13454,3.6998305,36541.383
13455,3.698286,36545.082
13456,3.6964896,36548.777
13457,3.6957238,36552.473
13458,3.6938775,36556.168
13459,3.6916847,36559.86
13460,3.6902106,36563.55
13461,3.6907604,36567.242
13462,3.6937335,36570.938
13463,3.6982155,36574.637
13464,3.7022152,36578.34
13465,3.7048306,36582.043
13466,3.7058644,36585.75
13467,3.7075152,36589.457
13468,3.709921,36593.168
13469,3.7116268,36596.88
13470,3.7115834,36600.59
13471,3.7108517,36604.3
13472,3.709396,36608.01
13473,3.7095594,36611.723
13474,3.7114697,36615.434
13475,3.7135205,36619.15
13476,3.7151752,36622.863
13477,3.7161644,36626.58
13478,3.717131,36630.297
13479,3.7179797,36634.016
13480,3.7172458,36637.734
13481,3.7155468,36641.45
13482,3.712597,36645.16
13483,3.7094922,36648.87
13484,3.7064059,36652.58
13485,3.704973,36656.28
13486,3.7043445,36659.984
13487,3.7034955,36663.688
13488,3.7024684,36667.39
13489,3.7018247,36671.094
13490,3.7015252,36674.797
13491,3.7011178,36678.496
13492,3.7016199,36682.2
13493,3.7028508,36685.902
13494,3.704732,36689.605
13495,3.705232,36693.312
13496,3.7043166,36697.016
13497,3.703571,36700.72
13498,3.703809,36704.42
13499,3.7033584,36708.125
13500,3.700817,36711.824
13501,3.699996,36715.523
13502,3.699741,36719.223
13503,3.699827,36722.92
13504,3.7004864,36726.62
13505,3.7022262,36730.324
13506,3.7040975,36734.027
13507,3.7066066,36737.734
13508,3.7081878,36741.44
13509,3.7088606,36745.15
13510,3.7078238,36748.855
13511,3.705483,36752.562
13512,3.7027333,36756.266
13513,3.700748,36759.965
13514,3.70083,36763.664
13515,3.7011926,36767.367
13516,3.7021332,36771.07
13517,3.70276,36774.773
13518,3.7029436,36778.477
13519,3.7029426,36782.18
13520,3.70276,36785.883
13521,3.7024925,36789.586
13522,3.7016475,36793.29
13523,3.699952,36796.99
13524,3.6984649,36800.688
13525,3.6969457,36804.383
13526,3.6966705,36808.08
13527,3.6956847,36811.773
13528,3.694599,36815.47
13529,3.693314,36819.16
13530,3.690783,36822.85
13531,3.688235,36826.54
13532,3.6868293,36830.227
13533,3.686806,36833.914
13534,3.6888692,36837.6
13535,3.691644,36841.293
13536,3.6959627,36844.99
13537,3.6994522,36848.688
13538,3.7013087,36852.39
13539,3.7014377,36856.094
13540,3.7006853,36859.793
13541,3.6996734,36863.492
13542,3.6984234,36867.19
13543,3.6976593,36870.89
13544,3.6979148,36874.59
13545,3.700295,36878.29
13546,3.703139,36881.992
13547,3.7044826,36885.695
13548,3.7052386,36889.402
13549,3.705277,36893.11
13550,3.7050962,36896.816
13551,3.7050722,36900.52
13552,3.7064083,36904.227
13553,3.7069106,36907.934
13554,3.706921,36911.64
13555,3.7055583,36915.348
13556,3.7036335,36919.05
13557,3.7021968,36922.754
13558,3.7028172,36926.457
13559,3.7036319,36930.16
13560,3.7042565,36933.863
13561,3.7046776,36937.566
13562,3.7058911,36941.273
13563,3.7055976,36944.98
13564,3.7046018,36948.684
13565,3.7033894,36952.387
13566,3.7034705,36956.09
13567,3.7046785,36959.793
13568,3.7051067,36963.5
13569,3.705432,36967.207
13570,3.705026,36970.91
13571,3.7052333,36974.617
13572,3.7047136,36978.32
13573,3.702888,36982.023
13574,3.6989872,36985.723
13575,3.6949084,36989.418
13576,3.6945448,36993.113
13577,3.69635,36996.81
13578,3.6973403,37000.508
13579,3.6973085,37004.207
13580,3.6982574,37007.906
13581,3.6998,37011.605
13582,3.7026083,37015.31
13583,3.704368,37019.01
13584,3.705714,37022.72
13585,3.705013,37026.42
13586,3.7038326,37030.125
13587,3.702128,37033.83
13588,3.7024634,37037.53
13589,3.703052,37041.234
13590,3.7021806,37044.938
13591,3.7011893,37048.64
13592,3.6999831,37052.34
13593,3.6989336,37056.04
13594,3.6978233,37059.74
13595,3.6977684,37063.438
13596,3.69995,37067.137
13597,3.701943,37070.84
13598,3.7038612,37074.543
13599,3.7037218,37078.246
13600,3.7035437,37081.95
13601,3.7028232,37085.652
13602,3.703132,37089.355
13603,3.7034595,37093.06
13604,3.702858,37096.76
13605,3.7021248,37100.465
13606,3.7011044,37104.164
13607,3.6994421,37107.863
13608,3.6972477,37111.56
13609,3.6948237,37115.254
13610,3.6927583,37118.945
13611,3.6913888,37122.637
13612,3.69127,37126.33
13613,3.6932454,37130.02
13614,3.6946568,37133.715
13615,3.694221,37137.41
13616,3.693812,37141.105
13617,3.6945932,37144.8
13618,3.6959414,37148.496
13619,3.6975493,37152.195
13620,3.699948,37155.895
13621,3.7032073,37159.598
13622,3.7076943,37163.305
13623,3.7117825,37167.016
13624,3.7134378,37170.73
13625,3.7130404,37174.445
13626,3.713157,37178.16
13627,3.7140625,37181.875
13628,3.7142491,37185.59
13629,3.7129953,37189.305
13630,3.7108462,37193.016
13631,3.708474,37196.723
13632,3.7051015,37200.43
13633,3.7014284,37204.133
13634,3.6976385,37207.832
13635,3.6950781,37211.527
13636,3.6920931,37215.22
13637,3.6908517,37218.91
13638,3.6918952,37222.6
13639,3.6946003,37226.297
13640,3.6974785,37229.996
13641,3.700614,37233.695
13642,3.7039027,37237.4
13643,3.706613,37241.105
13644,3.7084856,37244.812
13645,3.7096384,37248.523
13646,3.7104623,37252.234
13647,3.7101803,37255.945
13648,3.708329,37259.652
13649,3.706137,37263.36
13650,3.7049344,37267.062
13651,3.7037466,37270.766
13652,3.7039506,37274.47
13653,3.7062519,37278.176
13654,3.7090728,37281.887
13655,3.7112575,37285.598
13656,3.712149,37289.31
13657,3.7122118,37293.02
13658,3.710652,37296.73
13659,3.7083406,37300.438
13660,3.7049146,37304.14
13661,3.7019658,37307.844
13662,3.7007751,37311.543
13663,3.7009811,37315.242
13664,3.7016191,37318.945
13665,3.7022998,37322.65
13666,3.7016494,37326.35
13667,3.7015333,37330.055
13668,3.7015417,37333.758
13669,3.7011428,37337.457
13670,3.6999526,37341.156
13671,3.697788,37344.855
13672,3.6965914,37348.55
13673,3.6965117,37352.246
13674,3.6971254,37355.94
13675,3.697328,37359.64
13676,3.696888,37363.336
13677,3.6965618,37367.03
13678,3.6964123,37370.727
13679,3.6960576,37374.42
13680,3.694747,37378.117
13681,3.694224,37381.812
13682,3.6952379,37385.508
13683,3.6968935,37389.203
13684,3.6995397,37392.902
13685,3.703155,37396.605
13686,3.7073088,37400.312
13687,3.7109814,37404.023
13688,3.7146358,37407.74
13689,3.7167299,37411.453
13690,3.7178333,37415.17
13691,3.7171855,37418.89
13692,3.7162192,37422.605
13693,3.7144191,37426.32
13694,3.7121813,37430.03
13695,3.7102559,37433.742
13696,3.7096224,37437.453
13697,3.71044,37441.164
13698,3.710712,37444.875
13699,3.7108395,37448.586
13700,3.7116055,37452.297
13701,3.71234,37456.008
13702,3.7126112,37459.72
13703,3.711462,37463.43
13704,3.7096713,37467.14
13705,3.7080548,37470.848
13706,3.7074957,37474.555
13707,3.7087305,37478.26
13708,3.711582,37481.973
13709,3.7151473,37485.688
13710,3.7183044,37489.406
13711,3.719707,37493.125
13712,3.7193964,37496.844
13713,3.7179058,37500.562
13714,3.7152715,37504.277
13715,3.7138312,37507.992
13716,3.7125955,37511.703
13717,3.7110796,37515.414
13718,3.7080321,37519.12
13719,3.705567,37522.83
13720,3.7034874,37526.53
13721,3.7023382,37530.234
13722,3.701532,37533.938
13723,3.7028732,37537.64
13724,3.706435,37541.348
13725,3.7109065,37545.06
13726,3.7136536,37548.773
13727,3.7146144,37552.49
13728,3.715029,37556.203
13729,3.71595,37559.918
13730,3.7166228,37563.633
13731,3.7164466,37567.348
13732,3.716375,37571.062
13733,3.7153738,37574.777
13734,3.7138584,37578.492
13735,3.7115746,37582.203
13736,3.7098172,37585.914
13737,3.7084975,37589.62
13738,3.7082667,37593.33
13739,3.7082603,37597.035
13740,3.7079065,37600.742
13741,3.706658,37604.45
13742,3.7046726,37608.152
13743,3.702791,37611.855
13744,3.70134,37615.56
13745,3.7006907,37619.258
13746,3.7004383,37622.957
13747,3.6994252,37626.656
13748,3.697578,37630.355
13749,3.6963203,37634.05
13750,3.6977594,37637.75
13751,3.7014163,37641.453
13752,3.7069805,37645.16
13753,3.7123137,37648.87
13754,3.7164702,37652.586
13755,3.7178502,37656.305
13756,3.716265,37660.02
13757,3.7125628,37663.73
13758,3.708877,37667.438
13759,3.7055507,37671.145
13760,3.7045696,37674.848
13761,3.7044826,37678.55
13762,3.7040474,37682.254
13763,3.704161,37685.957
13764,3.7049332,37689.66
13765,3.7059822,37693.367
13766,3.7066772,37697.074
13767,3.7067115,37700.78
13768,3.706603,37704.49
13769,3.7071688,37708.195
13770,3.7083735,37711.902
13771,3.7077267,37715.61
13772,3.7042499,37719.312
13773,3.6991823,37723.01
13774,3.695765,37726.707
13775,3.695761,37730.402
13776,3.697925,37734.1
13777,3.699195,37737.8
13778,3.6992974,37741.5
13779,3.6997135,37745.2
13780,3.7011592,37748.9
13781,3.7032912,37752.6
13782,3.705099,37756.31
13783,3.706939,37760.016
13784,3.7092826,37763.727
13785,3.7112386,37767.438
13786,3.7120836,37771.15
13787,3.7117627,37774.86
13788,3.7111845,37778.57
13789,3.7109973,37782.28
13790,3.7120385,37785.992
13791,3.7130568,37789.707
13792,3.7139347,37793.42
13793,3.7133374,37797.137
13794,3.7116604,37800.848
13795,3.7090752,37804.56
13796,3.7064934,37808.266
13797,3.703868,37811.97
13798,3.700454,37815.668
13799,3.6976988,37819.367
13800,3.696101,37823.062
13801,3.6943047,37826.758
13802,3.6934187,37830.453
13803,3.6940117,37834.15
13804,3.6972797,37837.848
13805,3.7013996,37841.55
13806,3.7043257,37845.254
13807,3.7062118,37848.96
13808,3.7068655,37852.668
13809,3.7065408,37856.375
13810,3.705922,37860.082
13811,3.7052596,37863.79
13812,3.703875,37867.492
13813,3.702494,37871.195
13814,3.7021348,37874.9
13815,3.702101,37878.6
13816,3.7021725,37882.305
13817,3.7022405,37886.008
13818,3.701038,37889.707
13819,3.6985266,37893.406
13820,3.6953454,37897.1
13821,3.6946614,37900.797
13822,3.6955698,37904.492
13823,3.6974392,37908.19
13824,3.6991744,37911.89
13825,3.7001202,37915.59
13826,3.7019222,37919.293
13827,3.70325,37922.996
13828,3.7036612,37926.7
13829,3.7034557,37930.402
13830,3.7031894,37934.105
13831,3.7035973,37937.81
13832,3.7043958,37941.51
13833,3.7052255,37945.22
13834,3.706119,37948.926
13835,3.7069008,37952.633
13836,3.7083404,37956.34
13837,3.7093523,37960.05
13838,3.7087307,37963.758
13839,3.707607,37967.465
13840,3.706002,37971.17
13841,3.7052345,37974.88
13842,3.7042341,37978.582
13843,3.7043786,37982.285
13844,3.7050927,37985.992
13845,3.7070487,37989.7
13846,3.707692,37993.406
13847,3.7090843,37997.117
13848,3.7093441,38000.83
13849,3.7102895,38004.54
13850,3.7117376,38008.25
13851,3.7126803,38011.96
13852,3.711792,38015.67
13853,3.7089913,38019.383
13854,3.707039,38023.09
13855,3.7061486,38026.797
13856,3.7055404,38030.504
13857,3.7057388,38034.21
13858,3.7068431,38037.918
13859,3.708337,38041.625
13860,3.7089374,38045.332
13861,3.7099113,38049.043
13862,3.7112682,38052.754
13863,3.7144964,38056.47
13864,3.7203777,38060.188
13865,3.7252069,38063.914
13866,3.7269115,38067.64
13867,3.7270215,38071.367
13868,3.727054,38075.094
13869,3.7286072,38078.824
13870,3.730314,38082.555
13871,3.731798,38086.285
13872,3.7331765,38090.02
13873,3.7326565,38093.754
13874,3.7318957,38097.484
13875,3.7292497,38101.215
13876,3.7270913,38104.94
13877,3.7264829,38108.668
13878,3.726415,38112.395
13879,3.7269683,38116.12
13880,3.726882,38119.848
13881,3.7252111,38123.574
13882,3.7229388,38127.297
13883,3.7209637,38131.02
13884,3.7214155,38134.742
13885,3.7221422,38138.465
13886,3.7218847,38142.188
13887,3.719677,38145.906
13888,3.7159255,38149.62
13889,3.7131088,38153.336
13890,3.711729,38157.047
13891,3.7111006,38160.758
13892,3.7088919,38164.465
13893,3.7051785,38168.17
13894,3.7011201,38171.87
13895,3.6994636,38175.57
13896,3.7000968,38179.27
13897,3.702041,38182.973
13898,3.7037313,38186.676
13899,3.7057827,38190.383
13900,3.7091963,38194.094
13901,3.7129123,38197.81
13902,3.716044,38201.523
13903,3.7160082,38205.24
13904,3.7122958,38208.95
13905,3.7074206,38212.656
13906,3.7012105,38216.36
13907,3.696387,38220.055
13908,3.694054,38223.75
13909,3.6925502,38227.44
13910,3.6916215,38231.133
13911,3.6904118,38234.824
13912,3.6888745,38238.51
13913,3.687043,38242.2
13914,3.6851034,38245.883
13915,3.6844008,38249.566
13916,3.6840816,38253.25
13917,3.685295,38256.934
13918,3.6868029,38260.62
13919,3.6872935,38264.31
13920,3.6854634,38267.992
13921,3.68319,38271.676
13922,3.681594,38275.355
13923,3.6814582,38279.035
13924,3.6830144,38282.72
13925,3.6849034,38286.402
13926,3.687546,38290.09
13927,3.6895187,38293.78
13928,3.69056,38297.473
13929,3.6909933,38301.164
13930,3.6900504,38304.855
13931,3.6894271,38308.543
13932,3.6899416,38312.234
13933,3.6904783,38315.926
13934,3.691194,38319.617
13935,3.6910276,38323.31
13936,3.6892347,38326.996
13937,3.6887386,38330.684
13938,3.6908484,38334.375
13939,3.694628,38338.07
13940,3.698732,38341.77
13941,3.702032,38345.473
13942,3.704166,38349.176
13943,3.7055287,38352.883
13944,3.705802,38356.59
13945,3.7046313,38360.293
13946,3.7039926,38363.996
13947,3.70346,38367.7
13948,3.703462,38371.402
13949,3.7023559,38375.105
13950,3.7009015,38378.805
13951,3.6997647,38382.504
13952,3.6993322,38386.203
13953,3.7005281,38389.902
13954,3.7022228,38393.605
13955,3.704035,38397.31
13956,3.7035701,38401.01
13957,3.7017212,38404.715
13958,3.7000089,38408.414
13959,3.698297,38412.113
13960,3.6968226,38415.81
13961,3.6966772,38419.504
13962,3.6969573,38423.2
13963,3.6980777,38426.9
13964,3.6973546,38430.598
13965,3.6950793,38434.293
13966,3.6919258,38437.984
13967,3.6898773,38441.676
13968,3.6895,38445.367
13969,3.6903484,38449.06
13970,3.690294,38452.75
13971,3.68963,38456.44
13972,3.6871524,38460.13
13973,3.6852024,38463.812
13974,3.6850307,38467.496
13975,3.6870074,38471.184
13976,3.6895108,38474.875
13977,3.691812,38478.566
13978,3.693233,38482.258
13979,3.6939213,38485.953
13980,3.69322,38489.645
13981,3.6909778,38493.336
13982,3.6884356,38497.023
13983,3.6858542,38500.71
13984,3.6836505,38504.395
13985,3.6827629,38508.08
13986,3.6828766,38511.76
13987,3.682367,38515.445
13988,3.6826236,38519.13
13989,3.6825845,38522.812
13990,3.68244,38526.496
13991,3.6825008,38530.18
13992,3.6833556,38533.863
13993,3.68502,38537.547
13994,3.6879766,38541.234
13995,3.6906025,38544.926
13996,3.6919534,38548.617
13997,3.6916277,38552.31
13998,3.689797,38556.0
13999,3.6889975,38559.688
14000,3.6883461,38563.375
14001,3.6878843,38567.062
14002,3.6872094,38570.75
14003,3.6865468,38574.438
14004,3.6871035,38578.125
14005,3.6883605,38581.812
14006,3.6893325,38585.5
14007,3.6894782,38589.19
14008,3.6905837,38592.883
14009,3.6927242,38596.574
14010,3.6948433,38600.27
14011,3.6966624,38603.965
14012,3.6974502,38607.664
14013,3.6970205,38611.36
14014,3.6952808,38615.055
14015,3.6937637,38618.75
14016,3.6925578,38622.44
14017,3.6922612,38626.133
14018,3.6926963,38629.824
14019,3.6939678,38633.52
14020,3.6962523,38637.215
14021,3.6990535,38640.914
14022,3.7017076,38644.617
14023,3.7021475,38648.32
14024,3.7025168,38652.023
14025,3.7027845,38655.727
14026,3.7050815,38659.434
14027,3.7071464,38663.14
14028,3.7092896,38666.85
14029,3.7111783,38670.562
14030,3.7136204,38674.277
14031,3.7169905,38677.996
14032,3.719749,38681.715
14033,3.720262,38685.434
14034,3.718163,38689.152
14035,3.715023,38692.867
14036,3.712454,38696.58
14037,3.7097938,38700.29
14038,3.7084622,38703.996
14039,3.708438,38707.703
14040,3.7092116,38711.414
14041,3.7099712,38715.125
14042,3.7111897,38718.836
14043,3.7119565,38722.547
14044,3.7123528,38726.258
14045,3.7113483,38729.97
14046,3.7099352,38733.68
14047,3.7092319,38737.39
14048,3.7100768,38741.1
14049,3.7110257,38744.812
14050,3.7102892,38748.523
14051,3.7080188,38752.23
14052,3.7050862,38755.938
14053,3.7032945,38759.64
14054,3.7012045,38763.344
14055,3.6980875,38767.043
14056,3.694772,38770.74
14057,3.6917982,38774.43
14058,3.6902797,38778.12
14059,3.6891937,38781.81
14060,3.688857,38785.496
14061,3.6891997,38789.184
14062,3.6910284,38792.875
14063,3.6935363,38796.57
14064,3.695121,38800.266
14065,3.6963794,38803.96
14066,3.6965027,38807.656
14067,3.6964962,38811.35
14068,3.695296,38815.047
14069,3.693802,38818.742
14070,3.6937814,38822.438
14071,3.6945724,38826.133
14072,3.6956728,38829.83
14073,3.6968453,38833.523
14074,3.6974142,38837.223
14075,3.697447,38840.92
14076,3.69705,38844.617
14077,3.6959481,38848.312
14078,3.6941633,38852.008
14079,3.6935275,38855.703
14080,3.694586,38859.4
14081,3.696488,38863.094
14082,3.6983395,38866.793
14083,3.6991584,38870.492
14084,3.6994438,38874.19
14085,3.6995046,38877.89
14086,3.7002378,38881.59
14087,3.7004995,38885.29
14088,3.7001817,38888.99
14089,3.6992292,38892.688
14090,3.6998029,38896.387
14091,3.7003973,38900.086
14092,3.7005484,38903.785
14093,3.7002063,38907.484
14094,3.6995318,38911.184
14095,3.6994336,38914.883
14096,3.7009299,38918.582
14097,3.7014046,38922.285
14098,3.7009072,38925.984
14099,3.700396,38929.684
14100,3.7009737,38933.383
14101,3.7006915,38937.082
14102,3.7002227,38940.78
14103,3.6996548,38944.48
14104,3.6991336,38948.18
14105,3.6990488,38951.88
14106,3.6991093,38955.58
14107,3.6989763,38959.277
14108,3.6970806,38962.973
14109,3.6947186,38966.668
14110,3.6931295,38970.36
14111,3.69221,38974.05
14112,3.6924849,38977.742
14113,3.6921926,38981.434
14114,3.6918044,38985.125
14115,3.6924996,38988.816
14116,3.6937304,38992.51
14117,3.69494,38996.207
14118,3.6950393,38999.902
14119,3.6943953,39003.598
14120,3.694708,39007.293
14121,3.6944768,39010.99
14122,3.6948705,39014.684
14123,3.696616,39018.38
14124,3.6993935,39022.08
14125,3.7017052,39025.78
14126,3.7033455,39029.484
14127,3.703818,39033.188
14128,3.703378,39036.89
14129,3.701534,39040.594
14130,3.699849,39044.293
14131,3.6995146,39047.992
14132,3.700657,39051.69
14133,3.700923,39055.39
14134,3.7002301,39059.09
14135,3.6983721,39062.79
14136,3.696867,39066.484
14137,3.6951435,39070.18
14138,3.6934402,39073.875
14139,3.6923027,39077.566
14140,3.6931856,39081.258
14141,3.6946456,39084.953
14142,3.6939297,39088.65
14143,3.693426,39092.344
14144,3.692962,39096.035
14145,3.6927443,39099.727
14146,3.692092,39103.418
14147,3.692512,39107.11
14148,3.6933138,39110.8
14149,3.6945426,39114.496
14150,3.694697,39118.19
14151,3.6951795,39121.887
14152,3.696417,39125.582
14153,3.698596,39129.28
14154,3.699058,39132.98
14155,3.6994858,39136.68
14156,3.699955,39140.38
14157,3.7021782,39144.082
14158,3.7057137,39147.79
14159,3.7098515,39151.5
14160,3.7135527,39155.215
14161,3.7143557,39158.93
14162,3.7118373,39162.64
14163,3.707372,39166.348
14164,3.7027385,39170.05
14165,3.69899,39173.75
14166,3.6969028,39177.445
14167,3.6953964,39181.14
14168,3.6945586,39184.836
14169,3.6924713,39188.527
14170,3.6913917,39192.22
14171,3.6913915,39195.91
14172,3.692804,39199.6
14173,3.694694,39203.297
14174,3.697495,39206.996
14175,3.6998641,39210.695
14176,3.7026937,39214.4
14177,3.7033074,39218.1
14178,3.7021976,39221.805
14179,3.7015014,39225.508
14180,3.7017677,39229.21
14181,3.703682,39232.914
14182,3.7052715,39236.62
14183,3.7069433,39240.33
14184,3.7065113,39244.035
14185,3.7040994,39247.74
14186,3.7008574,39251.438
14187,3.69961,39255.137
14188,3.698973,39258.836
14189,3.6976216,39262.535
14190,3.6965084,39266.23
14191,3.6958523,39269.926
14192,3.6959612,39273.62
14193,3.696791,39277.316
14194,3.6971893,39281.01
14195,3.6972868,39284.71
14196,3.6975958,39288.41
14197,3.6980581,39292.11
14198,3.700129,39295.81
14199,3.702247,39299.51
14200,3.7045422,39303.215
14201,3.705046,39306.918
14202,3.7050054,39310.62
14203,3.704684,39314.324
14204,3.7039192,39318.027
14205,3.701892,39321.73
14206,3.699864,39325.43
14207,3.6977751,39329.13
14208,3.6965277,39332.824
14209,3.6958416,39336.52
14210,3.69612,39340.215
14211,3.6978903,39343.914
14212,3.6997097,39347.613
14213,3.7004454,39351.312
14214,3.7001913,39355.01
14215,3.6999316,39358.71
14216,3.700896,39362.41
14217,3.701766,39366.113
14218,3.7017388,39369.816
14219,3.7003944,39373.516
14220,3.6982815,39377.215
14221,3.6975834,39380.914
14222,3.6991627,39384.613
14223,3.7006645,39388.312
14224,3.7016778,39392.016
14225,3.7009408,39395.715
14226,3.6997948,39399.414
14227,3.6993878,39403.113
14228,3.7007403,39406.812
14229,3.7028317,39410.516
14230,3.7047534,39414.22
14231,3.7050369,39417.92
14232,3.7050693,39421.625
14233,3.7046556,39425.33
14234,3.7053375,39429.035
14235,3.7053845,39432.742
14236,3.7053587,39436.45
14237,3.7042336,39440.152
14238,3.7040558,39443.855
14239,3.70403,39447.56
14240,3.7042668,39451.26
14241,3.7035296,39454.965
14242,3.7033217,39458.668
14243,3.703427,39462.37
14244,3.7043943,39466.074
14245,3.705457,39469.78
14246,3.706465,39473.49
14247,3.7057827,39477.195
14248,3.7043805,39480.9
14249,3.7021267,39484.6
14250,3.7010007,39488.3
14251,3.7007864,39492.0
14252,3.702116,39495.703
14253,3.7043025,39499.406
14254,3.7051823,39503.113
14255,3.7055588,39506.82
14256,3.7058468,39510.527
14257,3.7076526,39514.234
14258,3.7097826,39517.945
14259,3.7111278,39521.656
14260,3.7109234,39525.367
14261,3.7096357,39529.08
14262,3.7078178,39532.785
14263,3.7059753,39536.492
14264,3.7033184,39540.195
14265,3.7009234,39543.895
14266,3.6977077,39547.594
14267,3.695327,39551.29
14268,3.6924095,39554.98
14269,3.6914296,39558.67
14270,3.6917622,39562.363
14271,3.6930826,39566.055
14272,3.6956964,39569.75
14273,3.6988962,39573.45
14274,3.7023494,39577.152
14275,3.7050743,39580.855
14276,3.7054312,39584.562
14277,3.7041256,39588.266
14278,3.702616,39591.97
14279,3.7012367,39595.67
14280,3.69958,39599.37
14281,3.699044,39603.07
14282,3.699814,39606.77
14283,3.7008278,39610.47
14284,3.7013447,39614.17
14285,3.7013566,39617.875
14286,3.7001626,39621.574
14287,3.6995893,39625.273
14288,3.701639,39628.977
14289,3.705652,39632.684
14290,3.7108178,39636.395
14291,3.7144012,39640.11
14292,3.7163713,39643.824
14293,3.716142,39647.54
14294,3.7151935,39651.254
14295,3.7144048,39654.97
14296,3.712831,39658.68
14297,3.7107463,39662.39
14298,3.7075698,39666.098
14299,3.7056987,39669.805
14300,3.7059605,39673.51
14301,3.7066567,39677.22
14302,3.707069,39680.926
14303,3.706838,39684.633
14304,3.706033,39688.34
14305,3.705808,39692.047
14306,3.7046773,39695.75
14307,3.7030334,39699.453
14308,3.7012072,39703.156
14309,3.6999938,39706.855
14310,3.6985273,39710.555
14311,3.6974478,39714.254
14312,3.6964297,39717.95
14313,3.6972914,39721.65
14314,3.7002246,39725.348
14315,3.7043316,39729.05
14316,3.7072332,39732.758
14317,3.7081976,39736.465
14318,3.707297,39740.17
14319,3.7058856,39743.88
14320,3.7049196,39747.582
14321,3.7032366,39751.285
14322,3.701179,39754.99
14323,3.6984158,39758.688
14324,3.6965446,39762.383
14325,3.6972003,39766.08
14326,3.7001483,39769.777
14327,3.7029877,39773.48
14328,3.7051115,39777.188
14329,3.7078066,39780.895
14330,3.7100563,39784.605
14331,3.7110717,39788.316
14332,3.7111278,39792.027
14333,3.7107074,39795.74
14334,3.7102377,39799.45
14335,3.710938,39803.16
14336,3.7117784,39806.87
14337,3.711711,39810.582
14338,3.7111824,39814.293
14339,3.7098567,39818.004
14340,3.7080302,39821.71
14341,3.7069268,39825.418
14342,3.7068825,39829.125
14343,3.7078133,39832.832
14344,3.70842,39836.54
14345,3.709712,39840.25
14346,3.7109103,39843.96
14347,3.7123165,39847.67
14348,3.7106795,39851.383
14349,3.7075806,39855.09
14350,3.7055962,39858.797
14351,3.706724,39862.504
14352,3.7098045,39866.215
14353,3.712245,39869.926
14354,3.712098,39873.637
14355,3.711678,39877.348
14356,3.7100885,39881.06
14357,3.7099075,39884.77
14358,3.7104492,39888.48
14359,3.7119994,39892.19
14360,3.7134874,39895.906
14361,3.7154088,39899.62
14362,3.7183537,39903.34
14363,3.7208498,39907.062
14364,3.722954,39910.785
14365,3.7238138,39914.508
14366,3.7234302,39918.23
14367,3.7213767,39921.953
14368,3.7182796,39925.67
14369,3.7156224,39929.387
14370,3.7121284,39933.098
14371,3.710439,39936.81
14372,3.709948,39940.52
14373,3.7107515,39944.23
14374,3.711909,39947.94
14375,3.7118435,39951.652
14376,3.7123027,39955.363
14377,3.7125232,39959.074
14378,3.7119145,39962.785
14379,3.711073,39966.496
14380,3.7137604,39970.21
14381,3.7170973,39973.93
14382,3.718453,39977.65
14383,3.716435,39981.363
14384,3.7131243,39985.08
14385,3.7099485,39988.79
14386,3.7097595,39992.5
14387,3.711035,39996.21
14388,3.71433,39999.926
14389,3.716131,40003.64
14390,3.716512,40007.355
14391,3.7167652,40011.07
14392,3.7186491,40014.79
14393,3.718714,40018.508
14394,3.7162268,40022.223
14395,3.7138567,40025.938
14396,3.7134345,40029.652
14397,3.7140155,40033.367
14398,3.7138917,40037.082
14399,3.712822,40040.793
14400,3.7119799,40044.504
14401,3.7114685,40048.215
14402,3.7120867,40051.926
14403,3.712306,40055.637
14404,3.712252,40059.348
14405,3.7131577,40063.062
14406,3.7131703,40066.777
14407,3.7125926,40070.49
14408,3.7114894,40074.2
14409,3.7101717,40077.91
14410,3.7085648,40081.617
14411,3.707238,40085.324
14412,3.7082849,40089.03
14413,3.710647,40092.742
14414,3.712416,40096.453
14415,3.7125244,40100.164
14416,3.7107995,40103.875
14417,3.7088373,40107.582
14418,3.7076383,40111.29
14419,3.7092493,40115.0
14420,3.7129161,40118.715
14421,3.7164443,40122.43
14422,3.7198977,40126.15
14423,3.7212648,40129.87
14424,3.7216668,40133.594
14425,3.720359,40137.312
14426,3.718708,40141.03
14427,3.7177026,40144.75
14428,3.7174542,40148.47
14429,3.7161324,40152.184
14430,3.716516,40155.9
14431,3.7172737,40159.617
14432,3.7171354,40163.336
14433,3.7168164,40167.055
14434,3.7157214,40170.77
14435,3.7155218,40174.484
14436,3.717181,40178.203
14437,3.7193582,40181.92
14438,3.7226105,40185.645
14439,3.725204,40189.37
14440,3.7264051,40193.098
14441,3.7268999,40196.824
14442,3.7278705,40200.55
14443,3.7285423,40204.28
14444,3.725394,40208.008
14445,3.7208889,40211.73
14446,3.716116,40215.445
14447,3.7141893,40219.16
14448,3.714404,40222.875
14449,3.7152205,40226.59
14450,3.714687,40230.305
14451,3.7126029,40234.016
14452,3.711095,40237.727
14453,3.7109988,40241.438
14454,3.7120712,40245.15
14455,3.712968,40248.863
14456,3.713045,40252.58
14457,3.7126217,40256.29
14458,3.7137756,40260.004
14459,3.715946,40263.72
14460,3.7180345,40267.438
14461,3.7175102,40271.156
14462,3.715966,40274.87
14463,3.715424,40278.586
14464,3.7167943,40282.3
14465,3.7182126,40286.02
14466,3.716624,40289.734
14467,3.7140248,40293.45
14468,3.7115862,40297.16
14469,3.7102587,40300.87
14470,3.7118747,40304.582
14471,3.7132661,40308.297
14472,3.7140222,40312.01
14473,3.7140932,40315.727
14474,3.7146282,40319.44
14475,3.7160876,40323.156
14476,3.7166753,40326.87
14477,3.7164397,40330.586
14478,3.7161257,40334.3
14479,3.715342,40338.016
14480,3.7126684,40341.727
14481,3.7095,40345.438
14482,3.7060812,40349.145
14483,3.7046542,40352.848
14484,3.7040622,40356.55
14485,3.7035315,40360.254
14486,3.7020895,40363.957
14487,3.7015471,40367.66
14488,3.7027035,40371.363
14489,3.7039208,40375.066
14490,3.7054079,40378.773
14491,3.706835,40382.48
14492,3.7095087,40386.19
14493,3.7115626,40389.902
14494,3.711301,40393.613
14495,3.710174,40397.324
14496,3.7070827,40401.03
14497,3.7053747,40404.74
14498,3.704902,40408.44
14499,3.7054107,40412.15
14500,3.707386,40415.855
14501,3.709048,40419.566
14502,3.7084386,40423.273
14503,3.70695,40426.98
14504,3.7060192,40430.688
14505,3.7068279,40434.395
14506,3.7090971,40438.105
14507,3.711002,40441.816
14508,3.712089,40445.527
14509,3.7126575,40449.24
14510,3.7133596,40452.953
14511,3.7139964,40456.668
14512,3.7134066,40460.383
14513,3.7121887,40464.094
14514,3.7094443,40467.805
14515,3.7065341,40471.51
14516,3.703272,40475.215
14517,3.7008827,40478.914
14518,3.7005203,40482.613
14519,3.7012928,40486.316
14520,3.7038312,40490.02
14521,3.7057574,40493.727
14522,3.7063448,40497.434
14523,3.7063174,40501.14
14524,3.7054336,40504.848
14525,3.7062035,40508.555
14526,3.7075744,40512.26
14527,3.708223,40515.97
14528,3.7063785,40519.676
14529,3.7038774,40523.38
14530,3.7003653,40527.08
14531,3.6974177,40530.777
14532,3.6949368,40534.473
14533,3.692524,40538.164
14534,3.6897032,40541.855
14535,3.6883714,40545.543
14536,3.6875253,40549.23
14537,3.6888525,40552.918
14538,3.6929872,40556.61
14539,3.6977386,40560.31
14540,3.7013822,40564.01
14541,3.702637,40567.715
14542,3.702141,40571.418
14543,3.7011228,40575.117
14544,3.7024093,40578.82
14545,3.704972,40582.523
14546,3.7069745,40586.23
14547,3.7076118,40589.938
14548,3.7081153,40593.645
14549,3.7089055,40597.35
14550,3.710588,40601.062
14551,3.7126575,40604.773
14552,3.7130203,40608.49
14553,3.7108386,40612.2
14554,3.7070684,40615.906
14555,3.702907,40619.61
14556,3.6999788,40623.31
14557,3.6988406,40627.008
14558,3.6992216,40630.707
14559,3.7001433,40634.406
14560,3.7022498,40638.11
14561,3.7049618,40641.812
14562,3.7080028,40645.52
14563,3.709866,40649.23
14564,3.7087,40652.938
14565,3.7061758,40656.645
14566,3.7048879,40660.348
14567,3.7053773,40664.055
14568,3.7063708,40667.76
14569,3.7049463,40671.465
14570,3.701585,40675.168
14571,3.6987584,40678.867
14572,3.6969554,40682.562
14573,3.6970434,40686.258
14574,3.6972082,40689.953
14575,3.6970305,40693.65
14576,3.6972713,40697.348
14577,3.6991136,40701.047
14578,3.701118,40704.746
14579,3.702894,40708.45
14580,3.7042089,40712.152
14581,3.7055821,40715.86
14582,3.706768,40719.566
14583,3.707861,40723.273
14584,3.7084768,40726.98
14585,3.7081146,40730.688
14586,3.7062283,40734.395
14587,3.7039752,40738.098
14588,3.7044232,40741.8
14589,3.7065063,40745.508
14590,3.7106292,40749.22
14591,3.7131457,40752.934
14592,3.714519,40756.65
14593,3.7127852,40760.36
14594,3.7086504,40764.066
14595,3.7028472,40767.77
14596,3.6966069,40771.465
14597,3.691507,40775.156
14598,3.6894906,40778.848
14599,3.6903195,40782.54
14600,3.6934566,40786.234
14601,3.6966982,40789.93
14602,3.6989331,40793.63
14603,3.6991262,40797.33
14604,3.698156,40801.027
14605,3.696627,40804.723
14606,3.6959426,40808.418
14607,3.6946988,40812.113
14608,3.6932757,40815.805
14609,3.6904387,40819.496
14610,3.6874092,40823.184
14611,3.6849594,40826.867
14612,3.685038,40830.55
14613,3.6870632,40834.24
14614,3.6909926,40837.93
14615,3.6928794,40841.62
14616,3.6927006,40845.312
14617,3.6914842,40849.004
14618,3.6915383,40852.695
14619,3.6916542,40856.387
14620,3.6904922,40860.08
14621,3.6888602,40863.766
14622,3.6881378,40867.453
14623,3.6878204,40871.14
14624,3.6885478,40874.83
14625,3.6898031,40878.52
14626,3.6920345,40882.21
14627,3.694282,40885.906
14628,3.6966698,40889.6
14629,3.6971252,40893.297
14630,3.6964495,40896.992
14631,3.6950238,40900.688
14632,3.6931725,40904.38
14633,3.6917706,40908.07
14634,3.6909344,40911.76
14635,3.691026,40915.453
14636,3.6908083,40919.145
14637,3.6903036,40922.836
14638,3.6904101,40926.527
14639,3.690395,40930.22
14640,3.6914058,40933.91
14641,3.6915405,40937.6
14642,3.690962,40941.293
14643,3.6907213,40944.984
14644,3.6919732,40948.676
14645,3.6940956,40952.37
14646,3.6951823,40956.066
14647,3.695306,40959.76
14648,3.695045,40963.457
14649,3.6940901,40967.152
14650,3.693384,40970.848
14651,3.6926534,40974.54
14652,3.6918163,40978.23
14653,3.6915524,40981.92
14654,3.691708,40985.613
14655,3.6925092,40989.305
14656,3.69344,40993.0
14657,3.6946688,40996.695
14658,3.695708,41000.39
14659,3.6975405,41004.09
14660,3.6999588,41007.79
14661,3.7023556,41011.492
14662,3.7036734,41015.195
14663,3.7031155,41018.9
14664,3.7016537,41022.6
14665,3.6998339,41026.3
14666,3.6981268,41030.0
14667,3.69812,41033.7
14668,3.6988325,41037.4
14669,3.6983392,41041.098
14670,3.6969175,41044.793
14671,3.696357,41048.49
14672,3.697598,41052.188
14673,3.6987963,41055.887
14674,3.7019112,41059.59
14675,3.7041922,41063.293
14676,3.7047877,41066.996
14677,3.704891,41070.7
14678,3.705869,41074.406
14679,3.7054672,41078.113
14680,3.7026563,41081.816
14681,3.699932,41085.516
14682,3.697219,41089.21
14683,3.6944673,41092.906
14684,3.6917865,41096.598
14685,3.6895483,41100.29
14686,3.685874,41103.977
14687,3.6819396,41107.66
14688,3.676573,41111.336
14689,3.6733916,41115.008
14690,3.672403,41118.68
14691,3.6751463,41122.355
14692,3.680094,41126.035
14693,3.6839113,41129.72
14694,3.686215,41133.406
14695,3.687302,41137.094
14696,3.6884885,41140.78
14697,3.6901398,41144.473
14698,3.6921422,41148.164
14699,3.6934526,41151.86
14700,3.6926043,41155.55
14701,3.690807,41159.242
14702,3.6881218,41162.93
14703,3.6863856,41166.617
14704,3.6871786,41170.305
14705,3.6892972,41173.992
14706,3.690871,41177.684
14707,3.6917086,41181.375
14708,3.6918101,41185.066
14709,3.6912508,41188.758
14710,3.6908653,41192.45
14711,3.6901796,41196.14
14712,3.6893818,41199.83
14713,3.689587,41203.52
14714,3.6904166,41207.21
14715,3.6912138,41210.902
14716,3.6920574,41214.594
14717,3.6932006,41218.285
14718,3.6942651,41221.98
14719,3.6950462,41225.676
14720,3.6950328,41229.37
14721,3.6952274,41233.066
14722,3.6959133,41236.76
14723,3.696676,41240.457
14724,3.6990635,41244.156
14725,3.7018762,41247.86
14726,3.7046907,41251.562
14727,3.7065332,41255.27
14728,3.7079582,41258.977
14729,3.7088215,41262.684
14730,3.7083743,41266.39
14731,3.7077043,41270.098
14732,3.707135,41273.805
14733,3.7082329,41277.51
14734,3.7115479,41281.223
14735,3.715752,41284.938
14736,3.7202716,41288.656
14737,3.7246344,41292.383
14738,3.7267547,41296.11
14739,3.7255764,41299.836
14740,3.7228165,41303.56
14741,3.717773,41307.277
14742,3.7134247,41310.992
14743,3.708157,41314.7
14744,3.7047012,41318.402
14745,3.702663,41322.105
14746,3.7022972,41325.81
14747,3.702613,41329.51
14748,3.705803,41333.22
14749,3.709597,41336.93
14750,3.7124398,41340.64
14751,3.7145069,41344.355
14752,3.7153225,41348.07
14753,3.71398,41351.785
14754,3.7121441,41355.496
14755,3.7102566,41359.207
14756,3.7077692,41362.914
14757,3.7047033,41366.617
14758,3.7024615,41370.32
14759,3.7014143,41374.023
14760,3.701403,41377.727
14761,3.7015197,41381.43
14762,3.7010036,41385.13
14763,3.7000225,41388.83
14764,3.7004132,41392.527
14765,3.7013044,41396.23
14766,3.7021475,41399.934
14767,3.7013595,41403.637
14768,3.6986966,41407.336
14769,3.695411,41411.03
14770,3.692781,41414.723
14771,3.6910403,41418.414
14772,3.6899505,41422.105
14773,3.6892636,41425.793
14774,3.6902928,41429.484
14775,3.6921527,41433.176
14776,3.6955156,41436.87
14777,3.699178,41440.57
14778,3.7017043,41444.273
14779,3.7036357,41447.977
14780,3.7025688,41451.68
14781,3.701731,41455.383
14782,3.7017555,41459.086
14783,3.7026742,41462.79
14784,3.7036126,41466.492
14785,3.7032309,41470.195
14786,3.7021835,41473.9
14787,3.7020025,41477.6
14788,3.701378,41481.305
14789,3.7017665,41485.008
14790,3.7020779,41488.71
14791,3.7027998,41492.414
14792,3.70195,41496.117
14793,3.6994622,41499.816
14794,3.6965904,41503.51
14795,3.6956494,41507.207
14796,3.696512,41510.902
14797,3.6974251,41514.6
14798,3.6997693,41518.3
14799,3.7012405,41522.004
14800,3.7016265,41525.707
14801,3.701385,41529.41
14802,3.7010357,41533.11
14803,3.7016144,41536.812
14804,3.7042148,41540.516
14805,3.7077987,41544.223
14806,3.7101355,41547.934
14807,3.7105,41551.645
14808,3.7112248,41555.355
14809,3.7127068,41559.066
14810,3.7146628,41562.78
14811,3.7160003,41566.496
14812,3.716896,41570.215
14813,3.716521,41573.93
14814,3.7142475,41577.645
14815,3.7127547,41581.355
14816,3.7131329,41585.07
14817,3.71541,41588.785
14818,3.7171562,41592.504
14819,3.716676,41596.22
14820,3.7136302,41599.934
14821,3.7104366,41603.645
14822,3.7089117,41607.35
14823,3.7097542,41611.062
14824,3.7112136,41614.773
14825,3.711645,41618.484
14826,3.7126186,41622.195
14827,3.712618,41625.906
14828,3.7125282,41629.617
14829,3.7126334,41633.33
14830,3.7124116,41637.04
14831,3.7111113,41640.75
14832,3.7093344,41644.46
14833,3.7073948,41648.168
14834,3.7069182,41651.875
14835,3.7072287,41655.582
14836,3.7095668,41659.293
14837,3.712916,41663.008
14838,3.7152789,41666.723
14839,3.7166371,41670.438
14840,3.7169335,41674.156
14841,3.7170587,41677.875
14842,3.7173016,41681.594
14843,3.7196205,41685.312
14844,3.7233849,41689.035
14845,3.7253072,41692.76
14846,3.7246406,41696.49
14847,3.72344,41700.21
14848,3.723538,41703.934
14849,3.7256627,41707.66
14850,3.7279153,41711.387
14851,3.7295904,41715.117
14852,3.731556,41718.848
14853,3.732844,41722.582
14854,3.733932,41726.316
14855,3.7332814,41730.05
14856,3.7306116,41733.78
14857,3.726494,41737.508
14858,3.7220073,41741.23
14859,3.7173386,41744.95
14860,3.7131863,41748.664
14861,3.7101867,41752.375
14862,3.7085261,41756.082
14863,3.7088437,41759.79
14864,3.7089486,41763.496
14865,3.7099152,41767.207
14866,3.7126284,41770.918
14867,3.7157598,41774.633
14868,3.7177417,41778.35
14869,3.7186449,41782.07
14870,3.718432,41785.79
14871,3.7171059,41789.508
14872,3.7158837,41793.223
14873,3.7156727,41796.938
14874,3.7169108,41800.656
14875,3.718026,41804.375
14876,3.7189834,41808.094
14877,3.7192254,41811.812
14878,3.718628,41815.53
14879,3.718216,41819.25
14880,3.7182968,41822.97
14881,3.7183387,41826.688
14882,3.717551,41830.406
14883,3.7172275,41834.125
14884,3.7170978,41837.844
14885,3.7155647,41841.56
14886,3.7134151,41845.273
14887,3.7124124,41848.984
14888,3.7125723,41852.695
14889,3.712321,41856.406
14890,3.711095,41860.117
14891,3.7090826,41863.83
14892,3.7057648,41867.535
14893,3.702546,41871.24
14894,3.6991813,41874.938
14895,3.6954854,41878.633
14896,3.6910043,41882.324
14897,3.6874306,41886.01
14898,3.6868184,41889.7
14899,3.6872377,41893.387
14900,3.689197,41897.074
14901,3.6912677,41900.766
14902,3.6942556,41904.46
14903,3.6973698,41908.16
14904,3.700942,41911.86
14905,3.7044506,41915.562
14906,3.7058444,41919.27
14907,3.7074182,41922.977
14908,3.7091765,41926.688
14909,3.7106872,41930.4
14910,3.710622,41934.11
14911,3.709374,41937.82
14912,3.7072377,41941.527
14913,3.7055256,41945.234
14914,3.7037878,41948.938
14915,3.7009447,41952.637
14916,3.6991835,41956.336
14917,3.6989644,41960.035
14918,3.6996222,41963.734
14919,3.6993976,41967.434
14920,3.6977644,41971.133
14921,3.6954598,41974.83
14922,3.6927342,41978.52
14923,3.6900775,41982.21
14924,3.6885915,41985.9
14925,3.6897225,41989.59
14926,3.692474,41993.28
14927,3.6952407,41996.977
14928,3.6958683,42000.67
14929,3.6966512,42004.367
14930,3.6988618,42008.066
14931,3.7025306,42011.77
14932,3.7054164,42015.477
14933,3.7070498,42019.184
14934,3.7074509,42022.89
14935,3.7078056,42026.598
14936,3.7070699,42030.305
14937,3.704773,42034.008
14938,3.7028363,42037.71
14939,3.7026608,42041.414
14940,3.704295,42045.117
14941,3.706771,42048.824
14942,3.7089756,42052.53
14943,3.7100172,42056.242
14944,3.706823,42059.95
14945,3.7032614,42063.652
14946,3.6989338,42067.35
14947,3.6959083,42071.047
14948,3.6956725,42074.742
14949,3.697173,42078.438
14950,3.6995962,42082.137
14951,3.7004244,42085.836
14952,3.700925,42089.535
14953,3.6995888,42093.234
14954,3.6981103,42096.934
14955,3.697642,42100.633
14956,3.696986,42104.33
14957,3.6954849,42108.023
14958,3.6939917,42111.72
14959,3.6940713,42115.414
14960,3.6958873,42119.11
14961,3.699,42122.81
14962,3.7022939,42126.51
14963,3.704229,42130.215
14964,3.7040803,42133.918
14965,3.7041793,42137.62
14966,3.7041218,42141.324
14967,3.7048788,42145.027
14968,3.7059252,42148.734
14969,3.7082167,42152.44
14970,3.7114265,42156.152
14971,3.71558,42159.867
14972,3.7191327,42163.586
14973,3.7225778,42167.31
14974,3.7248187,42171.035
14975,3.7258148,42174.76
14976,3.726209,42178.49
14977,3.7254295,42182.215
14978,3.7227778,42185.938
14979,3.718942,42189.656
14980,3.7165937,42193.37
14981,3.7159746,42197.086
14982,3.717951,42200.805
14983,3.719889,42204.523
14984,3.7202492,42208.242
14985,3.7184858,42211.96
14986,3.7163005,42215.676
14987,3.7147107,42219.39
14988,3.714197,42223.105
14989,3.714193,42226.82
14990,3.7140825,42230.535
14991,3.7127056,42234.246
14992,3.7124352,42237.957
14993,3.7142818,42241.67
14994,3.7152972,42245.387
14995,3.7161305,42249.1
14996,3.7155483,42252.816
14997,3.7139354,42256.53
14998,3.7130754,42260.246
14999,3.7126946,42263.957
15000,3.7128575,42267.668
15001,3.7125695,42271.38
15002,3.7129784,42275.094
15003,3.7144384,42278.81
15004,3.7163336,42282.523
15005,3.7179577,42286.242
15006,3.7192354,42289.96
15007,3.718794,42293.68
15008,3.7172055,42297.4
15009,3.7148688,42301.113
15010,3.7131755,42304.83
15011,3.7108757,42308.54
15012,3.7098067,42312.25
15013,3.7100859,42315.96
15014,3.7116504,42319.67
15015,3.7143474,42323.387
15016,3.716769,42327.1
15017,3.716932,42330.82
15018,3.7158837,42334.535
15019,3.7139025,42338.25
15020,3.7123964,42341.96
15021,3.7095788,42345.67
15022,3.7063427,42349.38
15023,3.7036364,42353.082
15024,3.7027316,42356.785
15025,3.702518,42360.49
15026,3.7036085,42364.19
15027,3.7054644,42367.9
15028,3.707147,42371.605
15029,3.7068377,42375.312
15030,3.7055864,42379.02
15031,3.7046883,42382.723
15032,3.7054656,42386.43
15033,3.706874,42390.137
15034,3.7084694,42393.844
15035,3.7089183,42397.55
15036,3.7082067,42401.258
15037,3.7071512,42404.965
15038,3.70666,42408.67
15039,3.7063081,42412.38
15040,3.7071846,42416.086
15041,3.707908,42419.793
15042,3.7078874,42423.5
15043,3.7079387,42427.207
15044,3.708205,42430.914
15045,3.7096167,42434.625
15046,3.7104466,42438.336
15047,3.7094352,42442.047
15048,3.7079,42445.754
15049,3.7063491,42449.46
15050,3.705525,42453.168
15051,3.7061162,42456.875
15052,3.707244,42460.582
15053,3.7071767,42464.29
15054,3.7051983,42467.996
15055,3.703023,42471.7
15056,3.7020528,42475.402
15057,3.7028089,42479.105
15058,3.703246,42482.81
15059,3.7015145,42486.51
15060,3.6979408,42490.21
15061,3.6939123,42493.906
15062,3.6912565,42497.598
15063,3.6891153,42501.285
15064,3.689803,42504.977
15065,3.6917856,42508.668
15066,3.6967409,42512.363
15067,3.7008212,42516.062
15068,3.704573,42519.766
15069,3.7073553,42523.473
15070,3.7104552,42527.184
15071,3.7120125,42530.895
15072,3.711023,42534.605
15073,3.7085726,42538.312
15074,3.7068563,42542.02
15075,3.7050781,42545.727
15076,3.7019272,42549.43
15077,3.699571,42553.13
15078,3.697678,42556.83
15079,3.6974623,42560.527
15080,3.6972122,42564.223
15081,3.6978686,42567.92
15082,3.6999834,42571.62
15083,3.7035463,42575.324
15084,3.70764,42579.03
15085,3.710628,42582.742
15086,3.712218,42586.453
15087,3.7134788,42590.168
15088,3.7146294,42593.883
15089,3.7154682,42597.598
15090,3.716458,42601.312
15091,3.7177114,42605.03
15092,3.7195997,42608.75
15093,3.7195854,42612.47
15094,3.7162704,42616.184
15095,3.7127273,42619.895
15096,3.7098837,42623.605
15097,3.7078612,42627.312
15098,3.7061343,42631.02
15099,3.7050502,42634.723
15100,3.7042305,42638.426
15101,3.7047915,42642.13
15102,3.705324,42645.836
15103,3.7066193,42649.543
15104,3.7079885,42653.25
15105,3.7105443,42656.96
15106,3.7135954,42660.676
15107,3.7173052,42664.395
15108,3.7220814,42668.117
15109,3.7255602,42671.844
15110,3.725106,42675.57
15111,3.7217302,42679.293
15112,3.7158022,42683.008
15113,3.711607,42686.72
15114,3.7108846,42690.43
15115,3.710539,42694.14
15116,3.7094467,42697.85
15117,3.706404,42701.56
15118,3.700755,42705.258
15119,3.6958098,42708.953
15120,3.6951323,42712.65
15121,3.697881,42716.348
15122,3.7014272,42720.05
15123,3.7033968,42723.754
15124,3.7022502,42727.457
15125,3.7000668,42731.156
15126,3.6983612,42734.855
15127,3.6988401,42738.555
15128,3.7005298,42742.254
15129,3.7021673,42745.957
15130,3.7031126,42749.66
15131,3.7036793,42753.363
15132,3.7061348,42757.07
15133,3.7087317,42760.777
15134,3.7131517,42764.492
15135,3.716431,42768.207
15136,3.7186296,42771.926
15137,3.7189374,42775.645
15138,3.7182548,42779.363
15139,3.7161434,42783.08
15140,3.713236,42786.793
15141,3.7102928,42790.504
15142,3.7093418,42794.215
15143,3.7104805,42797.926
15144,3.713117,42801.64
15145,3.715913,42805.355
15146,3.7185724,42809.074
15147,3.718955,42812.793
15148,3.7172134,42816.51
15149,3.7161477,42820.227
15150,3.7160168,42823.94
15151,3.7168472,42827.66
15152,3.7160006,42831.375
15153,3.7141495,42835.09
15154,3.7124636,42838.8
15155,3.7120378,42842.51
15156,3.7127926,42846.223
15157,3.714647,42849.938
15158,3.717333,42853.656
15159,3.7195663,42857.375
15160,3.7209103,42861.098
15161,3.722582,42864.82
15162,3.723086,42868.543
15163,3.7225924,42872.266
15164,3.723077,42875.99
15165,3.7232256,42879.71
15166,3.7219064,42883.434
15167,3.7210972,42887.156
15168,3.7202864,42890.875
15169,3.717282,42894.594
15170,3.7123165,42898.305
15171,3.7073402,42902.01
15172,3.7040753,42905.715
15173,3.7032769,42909.418
15174,3.7043371,42913.12
15175,3.706362,42916.83
15176,3.7097104,42920.54
15177,3.7131577,42924.254
15178,3.7156346,42927.97
15179,3.7161665,42931.684
15180,3.7144637,42935.4
15181,3.7111893,42939.11
15182,3.7069268,42942.816
15183,3.7015219,42946.52
15184,3.6965735,42950.215
15185,3.693198,42953.906
15186,3.6914077,42957.598
15187,3.6908004,42961.29
15188,3.6912603,42964.98
15189,3.693023,42968.67
15190,3.6949315,42972.367
15191,3.6972811,42976.066
15192,3.6997194,42979.766
15193,3.7011747,42983.47
15194,3.7014532,42987.17
15195,3.6997447,42990.87
15196,3.6993604,42994.57
15197,3.7014973,42998.273
15198,3.7055914,43001.98
15199,3.7091572,43005.69
15200,3.7095435,43009.402
15201,3.7081692,43013.11
15202,3.7061868,43016.816
15203,3.7059374,43020.523
15204,3.7066214,43024.23
15205,3.7076712,43027.938
15206,3.7071939,43031.645
15207,3.7054062,43035.35
15208,3.7037647,43039.055
15209,3.7018874,43042.758
15210,3.7003348,43046.457
15211,3.6991162,43050.156
15212,3.6979315,43053.855
15213,3.6972537,43057.55
15214,3.6963937,43061.246
15215,3.6967254,43064.94
15216,3.696381,43068.637
15217,3.6972268,43072.332
15218,3.6989925,43076.03
15219,3.70199,43079.734
15220,3.7037904,43083.438
15221,3.7052574,43087.145
15222,3.7047043,43090.848
15223,3.7022738,43094.55
15224,3.6995306,43098.25
15225,3.6976264,43101.95
15226,3.697694,43105.65
15227,3.697409,43109.348
15228,3.6976526,43113.047
15229,3.6984596,43116.746
15230,3.701372,43120.45
15231,3.7054007,43124.156
15232,3.7083728,43127.863
15233,3.7102072,43131.574
15234,3.7103014,43135.285
15235,3.7096128,43138.996
15236,3.707548,43142.703
15237,3.705123,43146.41
15238,3.7018619,43150.113
15239,3.698965,43153.812
15240,3.6968524,43157.508
15241,3.695523,43161.203
15242,3.6960266,43164.9
15243,3.6965954,43168.594
15244,3.6983998,43172.293
15245,3.699729,43175.992
15246,3.7015731,43179.695
15247,3.7031233,43183.4
15248,3.7045317,43187.1
15249,3.7057216,43190.81
15250,3.707898,43194.516
15251,3.7098007,43198.227
15252,3.709519,43201.938
15253,3.7081828,43205.645
15254,3.7067416,43209.35
15255,3.7068527,43213.06
15256,3.7077403,43216.766
15257,3.708949,43220.473
15258,3.7083893,43224.18
15259,3.7065682,43227.887
15260,3.705412,43231.594
15261,3.7050793,43235.3
15262,3.7045376,43239.004
15263,3.70424,43242.707
15264,3.701751,43246.41
15265,3.6984434,43250.11
15266,3.6938097,43253.805
15267,3.691303,43257.496
15268,3.6916304,43261.188
15269,3.6939638,43264.883
15270,3.695566,43268.58
15271,3.6972027,43272.273
15272,3.6984081,43275.973
15273,3.6991806,43279.67
15274,3.6984787,43283.37
15275,3.696378,43287.066
15276,3.6953576,43290.76
15277,3.695195,43294.457
15278,3.6962857,43298.152
15279,3.6955469,43301.848
15280,3.6950839,43305.543
15281,3.6943057,43309.24
15282,3.6943245,43312.934
15283,3.6949856,43316.63
15284,3.6952038,43320.324
15285,3.6949947,43324.02
15286,3.694645,43327.715
15287,3.696312,43331.41
15288,3.6994128,43335.11
15289,3.7023942,43338.812
15290,3.703446,43342.516
15291,3.7023425,43346.22
15292,3.7003295,43349.918
15293,3.6981926,43353.617
15294,3.6973004,43357.316
15295,3.6963031,43361.01
15296,3.6951015,43364.707
15297,3.6938412,43368.402
15298,3.6935225,43372.098
15299,3.6930416,43375.79
15300,3.6909451,43379.48
15301,3.6884084,43383.168
15302,3.6872041,43386.855
15303,3.6872587,43390.543
15304,3.6886868,43394.23
15305,3.689716,43397.92
15306,3.6907036,43401.613
15307,3.6910067,43405.305
15308,3.688632,43408.992
15309,3.6867642,43412.68
15310,3.6848495,43416.363
15311,3.6847332,43420.047
15312,3.6857033,43423.734
15313,3.6875296,43427.42
15314,3.6872478,43431.11
15315,3.6871002,43434.797
15316,3.686769,43438.484
15317,3.687046,43442.17
15318,3.6877356,43445.86
15319,3.6896675,43449.55
15320,3.6932304,43453.242
15321,3.6972518,43456.938
15322,3.7009535,43460.637
15323,3.7045157,43464.34
15324,3.7062926,43468.047
15325,3.7056684,43471.754
15326,3.7038825,43475.457
15327,3.7021976,43479.16
15328,3.7019649,43482.863
15329,3.7018096,43486.566
15330,3.7013257,43490.27
15331,3.7009227,43493.97
15332,3.7004635,43497.668
15333,3.6999757,43501.367
15334,3.6985278,43505.066
15335,3.696308,43508.76
15336,3.6942985,43512.457
15337,3.6931465,43516.15
15338,3.6938667,43519.844
15339,3.6955664,43523.54
15340,3.6975002,43527.24
15341,3.6991642,43530.938
15342,3.6995573,43534.637
15343,3.700245,43538.336
15344,3.701486,43542.04
15345,3.7028017,43545.742
15346,3.705385,43549.45
15347,3.7093377,43553.16
15348,3.715801,43556.875
15349,3.7209802,43560.598
15350,3.72117,43564.32
15351,3.7177005,43568.04
15352,3.7119687,43571.75
15353,3.705724,43575.457
15354,3.7014499,43579.16
15355,3.6993508,43582.86
15356,3.6973422,43586.56
15357,3.697373,43590.258
15358,3.6963406,43593.953
15359,3.6967409,43597.65
15360,3.6967747,43601.344
15361,3.6967168,43605.04
15362,3.6983168,43608.74
15363,3.7003653,43612.438
15364,3.7018728,43616.14
15365,3.7019298,43619.844
15366,3.7002287,43623.543
15367,3.6973453,43627.242
15368,3.6938124,43630.938
15369,3.6908922,43634.63
15370,3.689793,43638.32
15371,3.6892679,43642.008
15372,3.6906054,43645.7
15373,3.6946287,43649.395
15374,3.700464,43653.094
15375,3.7062786,43656.8
15376,3.7056518,43660.508
15377,3.7017791,43664.21
15378,3.6954794,43667.906
15379,3.6902208,43671.598
15380,3.6830738,43675.28
15381,3.6778526,43678.96
15382,3.6736984,43682.633
15383,3.671631,43686.305
15384,3.670619,43689.977
15385,3.6727235,43693.65
15386,3.6767545,43697.324
15387,3.680251,43701.004
15388,3.6814272,43704.684
15389,3.6810262,43708.363
15390,3.6797585,43712.043
15391,3.6785808,43715.723
15392,3.676975,43719.4
15393,3.6760504,43723.074
15394,3.6752346,43726.75
15395,3.6740658,43730.426
15396,3.6705291,43734.098
15397,3.6668744,43737.766
15398,3.663263,43741.43
15399,3.6620398,43745.09
15400,3.6634393,43748.754
15401,3.667004,43752.42
15402,3.6700444,43756.094
15403,3.673278,43759.766
15404,3.6757567,43763.44
15405,3.6777935,43767.12
15406,3.679533,43770.8
15407,3.6815126,43774.48
15408,3.6838894,43778.164
15409,3.685682,43781.85
15410,3.6854262,43785.535
15411,3.6820192,43789.22
15412,3.6781747,43792.9
15413,3.6760247,43796.574
15414,3.6754174,43800.25
15415,3.6760814,43803.926
15416,3.6772137,43807.6
15417,3.6794107,43811.28
15418,3.6820896,43814.965
15419,3.683807,43818.65
15420,3.685246,43822.332
15421,3.6871397,43826.02
15422,3.692015,43829.71
15423,3.6948757,43833.406
15424,3.6967545,43837.1
15425,3.697925,43840.8
15426,3.6988127,43844.5
15427,3.6990547,43848.2
15428,3.6977584,43851.9
15429,3.6966064,43855.594
15430,3.693331,43859.285
15431,3.6910317,43862.977
15432,3.6893606,43866.664
15433,3.6897378,43870.355
15434,3.691117,43874.047
15435,3.6931617,43877.74
15436,3.6951864,43881.434
15437,3.6965158,43885.13
15438,3.6980116,43888.83
15439,3.6993957,43892.527
15440,3.699887,43896.227
15441,3.6997304,43899.926
15442,3.6981804,43903.625
15443,3.6963387,43907.32
15444,3.6941364,43911.016
15445,3.6928074,43914.707
15446,3.6924276,43918.4
15447,3.6935167,43922.094
15448,3.694611,43925.79
15449,3.6939948,43929.484
15450,3.6939058,43933.18
15451,3.6943927,43936.875
15452,3.6964302,43940.57
15453,3.6976836,43944.27
15454,3.6986938,43947.97
15455,3.6980038,43951.668
15456,3.6975698,43955.367
15457,3.6959105,43959.062
15458,3.6944788,43962.758
15459,3.6926486,43966.45
15460,3.6927311,43970.14
15461,3.692256,43973.832
15462,3.6929533,43977.523
15463,3.6940017,43981.22
15464,3.6953979,43984.914
15465,3.6950524,43988.61
15466,3.6917567,43992.3
15467,3.6862369,43995.99
15468,3.6820984,43999.67
15469,3.6784782,44003.35
15470,3.675462,44007.027
15471,3.6724803,44010.7
15472,3.6704671,44014.37
15473,3.6676805,44018.04
15474,3.6655169,44021.703
15475,3.6627853,44025.367
15476,3.662353,44029.03
15477,3.6621366,44032.695
15478,3.659469,44036.355
15479,3.6563702,44040.01
15480,3.6555233,44043.668
15481,3.656456,44047.324
15482,3.6581533,44050.98
15483,3.6595967,44054.64
15484,3.664612,44058.305
15485,3.6728961,44061.977
15486,3.6827762,44065.66
15487,3.6891353,44069.348
15488,3.6897433,44073.04
15489,3.6860793,44076.727
15490,3.6833065,44080.41
15491,3.6822252,44084.094
15492,3.6820922,44087.777
15493,3.6803317,44091.457
15494,3.6795506,44095.137
15495,3.680785,44098.816
15496,3.6839638,44102.5
15497,3.6851113,44106.184
15498,3.6831894,44109.867
15499,3.6825216,44113.55
15500,3.6848438,44117.234
15501,3.688975,44120.92
15502,3.6923282,44124.613
15503,3.6933851,44128.31
15504,3.6933367,44132.0
15505,3.693113,44135.69
15506,3.6947305,44139.387
15507,3.6963246,44143.082
15508,3.6964781,44146.777
15509,3.6971266,44150.473
15510,3.6982868,44154.17
15511,3.7008824,44157.87
15512,3.7030106,44161.574
15513,3.704342,44165.277
15514,3.704771,44168.98
15515,3.7031577,44172.684
15516,3.7003865,44176.383
15517,3.6975887,44180.082
15518,3.6971533,44183.777
15519,3.6999228,44187.477
15520,3.7035906,44191.18
15521,3.7020319,44194.883
15522,3.6956441,44198.58
15523,3.6882265,44202.266
15524,3.6833901,44205.95
15525,3.6805184,44209.63
15526,3.679095,44213.31
15527,3.6788287,44216.99
15528,3.6793182,44220.668
15529,3.6811986,44224.348
15530,3.686128,44228.035
15531,3.6933017,44231.727
15532,3.6989083,44235.426
15533,3.7024515,44239.13
15534,3.705132,44242.836
15535,3.7073135,44246.543
15536,3.709793,44250.254
15537,3.7117012,44253.965
15538,3.7159317,44257.68
15539,3.7194328,44261.4
15540,3.722683,44265.12
15541,3.7242439,44268.844
15542,3.7272668,44272.57
15543,3.7294154,44276.3
15544,3.7321148,44280.03
15545,3.7339816,44283.766
15546,3.7366028,44287.504
15547,3.7367918,44291.242
15548,3.7362416,44294.977
15549,3.7334623,44298.71
15550,3.7312415,44302.44
15551,3.7288241,44306.17
15552,3.7274716,44309.9
15553,3.72532,44313.625
15554,3.7231896,44317.348
15555,3.721012,44321.07
15556,3.7194786,44324.79
15557,3.718954,44328.508
15558,3.7221298,44332.23
15559,3.7262316,44335.957
15560,3.7282412,44339.684
15561,3.7282605,44343.41
15562,3.729599,44347.14
15563,3.7316723,44350.87
15564,3.7350528,44354.605
15565,3.7377234,44358.344
15566,3.7391522,44362.082
15567,3.7398725,44365.82
15568,3.7408617,44369.562
15569,3.7415383,44373.305
15570,3.7417662,44377.047
15571,3.7407968,44380.79
15572,3.741778,44384.53
15573,3.7435155,44388.273
15574,3.74491,44392.02
15575,3.7435477,44395.76
15576,3.7400203,44399.5
15577,3.7372768,44403.24
15578,3.7367811,44406.977
15579,3.736384,44410.715
15580,3.7336493,44414.45
15581,3.7286947,44418.18
15582,3.720798,44421.902
15583,3.7083693,44425.61
15584,3.6904888,44429.3
15585,3.6701343,44432.973
15586,3.6484473,44436.62
15587,3.6279662,44440.25
15588,3.6110601,44443.86
15589,3.6051428,44447.465
15590,3.6054592,44451.07
15591,3.6091254,44454.68
15592,3.6158094,44458.297
15593,3.6221435,44461.918
15594,3.6261392,44465.543
15595,3.6288989,44469.17
15596,3.6309156,44472.805
15597,3.633567,44476.438
15598,3.6349132,44480.074
15599,3.636116,44483.71
15600,3.6370442,44487.348
15601,3.638752,44490.99
15602,3.6400557,44494.63
15603,3.6419914,44498.27
15604,3.6426797,44501.914
15605,3.643996,44505.56
15606,3.6451247,44509.203
15607,3.645813,44512.848
15608,3.6457949,44516.492
15609,3.6463737,44520.137
15610,3.6463616,44523.78
15611,3.6474404,44527.43
15612,3.6503818,44531.08
15613,3.6543682,44534.734
15614,3.6590304,44538.395
15615,3.6633918,44542.06
15616,3.666759,44545.727
15617,3.6693082,44549.395
15618,3.6712751,44553.066
15619,3.6724467,44556.74
15620,3.6716466,44560.41
15621,3.6693423,44564.08
15622,3.665275,44567.742
15623,3.663023,44571.406
15624,3.6636798,44575.07
15625,3.6665502,44578.74
15626,3.6697361,44582.406
15627,3.6775277,44586.082
15628,3.682602,44589.766
15629,3.688151,44593.453
15630,3.6919277,44597.145
15631,3.6979544,44600.844
15632,3.7053401,44604.55
15633,3.715284,44608.266
15634,3.7224495,44611.99
15635,3.7292147,44615.72
15636,3.7302291,44619.45
15637,3.7318099,44623.18
15638,3.7318478,44626.91
15639,3.7344775,44630.645
15640,3.7359319,44634.38
15641,3.7390978,44638.117
15642,3.742312,44641.86
15643,3.7488377,44645.61
15644,3.7564251,44649.367
15645,3.7632473,44653.13
15646,3.7680125,44656.9
15647,3.7734005,44660.67
15648,3.7774944,44664.45
15649,3.7805717,44668.23
15650,3.7770069,44672.008
15651,3.7705162,44675.777
15652,3.7637343,44679.543
15653,3.7616754,44683.305
15654,3.7631068,44687.066
15655,3.7663078,44690.832
15656,3.7668338,44694.598
15657,3.7647262,44698.363
15658,3.7603412,44702.125
15659,3.7598827,44705.887
15660,3.763355,44709.65
15661,3.7688842,44713.418
15662,3.7738113,44717.19
15663,3.7754352,44720.97
15664,3.7727973,44724.742
15665,3.7686012,44728.51
15666,3.7662196,44732.277
15667,3.765788,44736.043
15668,3.7658072,44739.81
15669,3.7651396,44743.574
15670,3.7632058,44747.336
15671,3.7642267,44751.1
15672,3.7691257,44754.87
15673,3.7748358,44758.645
15674,3.779563,44762.426
15675,3.7809398,44766.207
15676,3.778859,44769.984
15677,3.775464,44773.76
15678,3.7733376,44777.535
15679,3.773499,44781.31
15680,3.774398,44785.082
15681,3.7746477,44788.855
15682,3.7746413,44792.63
15683,3.774434,44796.402
15684,3.7729957,44800.176
15685,3.7710114,44803.945
15686,3.7677712,44807.715
15687,3.7648456,44811.48
15688,3.7626317,44815.242
15689,3.7615569,44819.004
15690,3.760241,44822.766
15691,3.7598796,44826.527
15692,3.7615132,44830.29
15693,3.76327,44834.05
15694,3.7650828,44837.816
15695,3.764737,44841.582
15696,3.7637367,44845.348
15697,3.7617357,44849.11
15698,3.761653,44852.87
15699,3.7646284,44856.637
15700,3.7700396,44860.406
15701,3.7759573,44864.184
15702,3.7802794,44867.965
15703,3.7815459,44871.746
15704,3.7828963,44875.527
15705,3.7850692,44879.312
15706,3.7879958,44883.1
15707,3.7902422,44886.89
15708,3.7899563,44890.68
15709,3.786627,44894.465
15710,3.7835793,44898.25
15711,3.781633,44902.03
15712,3.7833018,44905.816
15713,3.7873924,44909.605
15714,3.7899687,44913.395
15715,3.7907665,44917.184
15716,3.7924063,44920.977
15717,3.7937803,44924.77
15718,3.794232,44928.562
15719,3.7949548,44932.36
15720,3.7937114,44936.152
15721,3.7910602,44939.945
15722,3.7887628,44943.734
15723,3.7878635,44947.523
15724,3.789188,44951.312
15725,3.7910333,44955.105
15726,3.791318,44958.9
15727,3.7887914,44962.688
15728,3.7852004,44966.473
15729,3.7817028,44970.254
15730,3.779315,44974.035
15731,3.777893,44977.812
15732,3.7784386,44981.59
15733,3.7797236,44985.37
15734,3.7791774,44989.15
15735,3.7769713,44992.926
15736,3.7745543,44996.7
15737,3.772227,45000.473
15738,3.7729712,45004.246
15739,3.77807,45008.023
15740,3.783296,45011.81
15741,3.7871864,45015.598
15742,3.7890277,45019.387
15743,3.7912831,45023.18
15744,3.7945912,45026.973
15745,3.8011653,45030.773
15746,3.808221,45034.582
15747,3.813872,45038.395
15748,3.8152785,45042.21
15749,3.8152206,45046.027
15750,3.8149462,45049.844
15751,3.8152666,45053.66
15752,3.814739,45057.477
15753,3.81399,45061.29
15754,3.8102806,45065.098
15755,3.8075356,45068.906
15756,3.8066368,45072.71
15757,3.8079252,45076.52
15758,3.8118482,45080.332
15759,3.8173897,45084.15
15760,3.822389,45087.973
15761,3.824991,45091.797
15762,3.8238842,45095.62
15763,3.821237,45099.44
15764,3.8165567,45103.258
15765,3.811271,45107.07
15766,3.8059578,45110.875
15767,3.8014095,45114.676
15768,3.7987192,45118.473
15769,3.7988298,45122.273
15770,3.8012874,45126.074
15771,3.8065555,45129.88
15772,3.8127217,45133.69
15773,3.817754,45137.508
15774,3.8213751,45141.33
15775,3.8229475,45145.152
15776,3.8219693,45148.973
15777,3.8208447,45152.793
15778,3.8204107,45156.613
15779,3.8198776,45160.434
15780,3.8179216,45164.25
15781,3.8144665,45168.066
15782,3.810777,45171.88
15783,3.809345,45175.688
15784,3.810233,45179.496
15785,3.813167,45183.31
15786,3.8190472,45187.13
15787,3.8254178,45190.953
15788,3.833114,45194.785
15789,3.83875,45198.625
15790,3.8426614,45202.47
15791,3.8434877,45206.312
15792,3.8437462,45210.156
15793,3.8436413,45214.0
15794,3.8431945,45217.844
15795,3.8424437,45221.688
15796,3.8406296,45225.527
15797,3.8400922,45229.367
15798,3.8401096,45233.207
15799,3.83999,45237.047
15800,3.8379428,45240.887
15801,3.8362095,45244.723
15802,3.8351946,45248.56
15803,3.8350909,45252.395
15804,3.834207,45256.23
15805,3.8327463,45260.062
15806,3.8314562,45263.895
15807,3.8294842,45267.723
15808,3.8271549,45271.55
15809,3.8249447,45275.375
15810,3.8254287,45279.2
15811,3.826134,45283.023
15812,3.826369,45286.85
15813,3.8264716,45290.68
15814,3.8279498,45294.508
15815,3.8301272,45298.34
15816,3.8309462,45302.17
15817,3.831629,45306.004
15818,3.832918,45309.836
15819,3.8371725,45313.67
15820,3.8436587,45317.516
15821,3.8469245,45321.363
15822,3.8459475,45325.21
15823,3.8428938,45329.055
15824,3.8400056,45332.895
15825,3.8383315,45336.734
15826,3.8366137,45340.57
15827,3.8366528,45344.406
15828,3.8371184,45348.242
15829,3.8368862,45352.08
15830,3.8358116,45355.914
15831,3.836546,45359.75
15832,3.8394492,45363.59
15833,3.8438277,45367.434
15834,3.8488317,45371.28
15835,3.851975,45375.133
15836,3.8524551,45378.984
15837,3.8495908,45382.832
15838,3.8463137,45386.68
15839,3.8430777,45390.523
15840,3.8400655,45394.363
15841,3.83754,45398.2
15842,3.8369615,45402.035
15843,3.836718,45405.87
15844,3.8365035,45409.707
15845,3.8361719,45413.543
15846,3.8343925,45417.38
15847,3.8389776,45421.22
15848,3.855646,45425.074
15849,3.8749783,45428.95
15850,3.8919694,45432.84
15851,3.9047513,45436.746
15852,3.9140954,45440.66
15853,3.9217522,45444.582
15854,3.9270785,45448.508
15855,3.9317682,45452.44
15856,3.9352367,45456.375
15857,3.9398947,45460.316
15858,3.9443882,45464.26
15859,3.9488623,45468.21
15860,3.9527307,45472.164
15861,3.9557004,45476.12
15862,3.956426,45480.08
15863,3.9561152,45484.035
15864,3.9553134,45487.992
15865,3.9579022,45491.95
15866,3.961293,45495.91
15867,3.964659,45499.875
15868,3.9660048,45503.84
15869,3.9662805,45507.805
15870,3.9689505,45511.773
15871,3.972187,45515.746
15872,3.9736629,45519.72
15873,3.9770398,45523.695
15874,3.9821846,45527.676
15875,3.9900517,45531.664
15876,3.9976625,45535.66
15877,4.005154,45539.664
15878,4.0102177,45543.676
15879,4.013218,45547.688
15880,4.012583,45551.7
15881,4.011482,45555.71
15882,4.0076604,45559.72
15883,4.0045357,45563.723
15884,4.002146,45567.727
15885,4.0030384,45571.73
15886,4.0080523,45575.74
15887,4.012706,45579.75
15888,4.0167933,45583.766
15889,4.018907,45587.785
15890,4.0206857,45591.805
15891,4.022888,45595.83
15892,4.025431,45599.855
15893,4.02531,45603.88
15894,4.024364,45607.902
15895,4.0238442,45611.926
15896,4.0183825,45615.945
15897,4.0111966,45619.957
15898,4.009035,45623.965
15899,4.0075583,45627.973
15900,4.0051475,45631.977
15901,4.0034695,45635.98
15902,4.0007043,45639.98
15903,3.999831,45643.98
15904,3.9982977,45647.98
15905,3.9972203,45651.977
15906,3.9928153,45655.97
15907,3.987047,45659.957
15908,3.978408,45663.934
15909,3.9724414,45667.906
15910,3.9688416,45671.875
15911,3.9682512,45675.844
15912,3.9675853,45679.812
15913,3.9685767,45683.78
15914,3.9676232,45687.75
15915,3.9683146,45691.72
15916,3.9698875,45695.688
15917,3.9720929,45699.66
15918,3.9729664,45703.633
15919,3.974513,45707.605
15920,3.976628,45711.582
15921,3.9783266,45715.56
15922,3.9737976,45719.53
15923,3.970805,45723.504
15924,3.9683273,45727.473
15925,3.96732,45731.44
15926,3.9673793,45735.41
15927,3.9679408,45739.38
15928,3.9675107,45743.348
15929,3.9694002,45747.316
15930,3.9738314,45751.29
15931,3.9789038,45755.27
15932,3.9816408,45759.25
15933,3.9829757,45763.234
15934,3.9797168,45767.215
15935,3.9765694,45771.19
15936,3.9756832,45775.168
15937,3.976651,45779.145
15938,3.9791121,45783.125
15939,3.981405,45787.105
15940,3.983356,45791.09
15941,3.9839811,45795.074
15942,3.9832523,45799.06
15943,3.9821994,45803.04
15944,3.9813054,45807.02
15945,3.981692,45811.0
15946,3.9833417,45814.984
15947,3.9845603,45818.97
15948,3.9888132,45822.957
15949,3.9921904,45826.95
15950,3.993293,45830.94
15951,3.9941041,45834.934
15952,3.9950173,45838.93
15953,3.995423,45842.926
15954,3.9959915,45846.92
15955,3.9990985,45850.92
15956,4.0017457,45854.92
15957,4.004436,45858.926
15958,4.003482,45862.93
15959,4.002127,45866.934
15960,4.001035,45870.934
15961,4.0008082,45874.934
15962,4.001805,45878.934
15963,4.0022597,45882.938
15964,4.002084,45886.94
15965,4.0023603,45890.945
15966,4.0036335,45894.95
15967,4.006508,45898.957
15968,4.0104885,45902.97
15969,4.0130115,45906.98
15970,4.0150766,45910.996
15971,4.0178943,45915.016
15972,4.020686,45919.035
15973,4.024431,45923.06
15974,4.0291243,45927.086
15975,4.031752,45931.117
15976,4.0335093,45935.152
15977,4.0351233,45939.188
15978,4.0363846,45943.223
15979,4.035711,45947.258
15980,4.0352507,45951.293
15981,4.035573,45955.33
15982,4.0374126,45959.367
15983,4.0403137,45963.406
15984,4.0415993,45967.45
15985,4.0414624,45971.492
15986,4.0409703,45975.53
15987,4.040247,45979.57
15988,4.041047,45983.613
15989,4.042455,45987.656
15990,4.045334,45991.703
15991,4.04672,45995.75
15992,4.0458264,45999.797
15993,4.0431604,46003.84
15994,4.0418754,46007.883
15995,4.0407453,46011.92
15996,4.0396776,46015.96
15997,4.0365915,46019.996
15998,4.0341554,46024.03
15999,4.0324593,46028.062
16000,4.0301695,46032.094
16001,4.0285335,46036.12
16002,4.030128,46040.152
16003,4.033511,46044.188
16004,4.0364094,46048.223
16005,4.039049,46052.26
16006,4.0421314,46056.305
16007,4.0468903,46060.35
16008,4.051446,46064.402
16009,4.054762,46068.457
16010,4.056205,46072.51
16011,4.057116,46076.57
16012,4.0577087,46080.63
16013,4.0589967,46084.688
16014,4.0608907,46088.75
16015,4.0622,46092.812
16016,4.0637674,46096.875
16017,4.0637574,46100.938
16018,4.062752,46105.0
16019,4.0608096,46109.062
16020,4.058109,46113.12
16021,4.0561447,46117.176
16022,4.056931,46121.234
16023,4.058147,46125.293
16024,4.060624,46129.355
16025,4.0617714,46133.418
16026,4.063337,46137.48
16027,4.0633774,46141.543
16028,4.0615926,46145.605
16029,4.058957,46149.664
16030,4.0559645,46153.72
16031,4.0525804,46157.77
16032,4.0504045,46161.82
16033,4.0486073,46165.867
16034,4.047543,46169.914
16035,4.0478044,46173.96
16036,4.0490623,46178.01
16037,4.0498405,46182.062
16038,4.0499744,46186.113
16039,4.0499496,46190.164
16040,4.051148,46194.215
16041,4.0527663,46198.27
16042,4.0535254,46202.324
16043,4.053485,46206.38
16044,4.0538874,46210.434
16045,4.0547833,46214.49
16046,4.0569253,46218.547
16047,4.058783,46222.605
16048,4.060259,46226.664
16049,4.0617857,46230.727
16050,4.0614676,46234.79
16051,4.058354,46238.848
16052,4.053934,46242.902
16053,4.0500627,46246.953
16054,4.047961,46251.0
16055,4.045955,46255.047
16056,4.04497,46259.094
16057,4.045669,46263.14
16058,4.048913,46267.19
16059,4.0516224,46271.242
16060,4.0519457,46275.293
16061,4.050866,46279.344
16062,4.0497193,46283.395
16063,4.0475097,46287.44
16064,4.0454187,46291.49
16065,4.0428977,46295.53
16066,4.0414295,46299.574
16067,4.0421405,46303.617
16068,4.0425754,46307.66
16069,4.0422273,46311.703
16070,4.039975,46315.742
16071,4.037991,46319.78
16072,4.036684,46323.816
16073,4.035143,46327.85
16074,4.0332236,46331.887
16075,4.0308256,46335.918
16076,4.0304193,46339.95
16077,4.0314612,46343.98
16078,4.0310793,46348.01
16079,4.0303597,46352.043
16080,4.0296607,46356.074
16081,4.028502,46360.1
16082,4.0283127,46364.13
16083,4.0290155,46368.156
16084,4.029787,46372.188
16085,4.030137,46376.22
16086,4.0308895,46380.25
16087,4.032411,46384.28
16088,4.032925,46388.312
16089,4.03241,46392.344
16090,4.0310473,46396.375
16091,4.0297465,46400.406
16092,4.028195,46404.434
16093,4.027274,46408.46
16094,4.026027,46412.49
16095,4.023059,46416.51
16096,4.0199804,46420.53
16097,4.0181794,46424.55
16098,4.0186157,46428.57
16099,4.02001,46432.59
16100,4.02186,46436.613
16101,4.022846,46440.637
16102,4.0232596,46444.66
16103,4.0228357,46448.684
16104,4.0216837,46452.707
16105,4.0212836,46456.727
16106,4.0208387,46460.746
16107,4.0184855,46464.766
16108,4.0174417,46468.78
16109,4.0190167,46472.8
16110,4.021542,46476.824
16111,4.0238056,46480.848
16112,4.028199,46484.875
16113,4.0318475,46488.906
16114,4.035641,46492.94
16115,4.0384345,46496.98
16116,4.038259,46501.02
16117,4.036213,46505.055
16118,4.0330215,46509.086
16119,4.029918,46513.117
16120,4.0272593,46517.145
16121,4.02696,46521.17
16122,4.0307026,46525.203
16123,4.034109,46529.24
16124,4.036539,46533.273
16125,4.037224,46537.312
16126,4.036373,46541.348
16127,4.034771,46545.383
16128,4.03226,46549.414
16129,4.029702,46553.445
16130,4.027809,46557.473
16131,4.0256124,46561.5
16132,4.021888,46565.523
16133,4.018044,46569.543
16134,4.0172615,46573.56
16135,4.017107,46577.574
16136,4.0163975,46581.59
16137,4.015701,46585.605
16138,4.0165915,46589.62
16139,4.017948,46593.64
16140,4.0192785,46597.66
16141,4.0193257,46601.68
16142,4.0163217,46605.695
16143,4.0114627,46609.707
16144,4.0054436,46613.71
16145,4.0006723,46617.71
16146,3.9955916,46621.707
16147,3.9918425,46625.7
16148,3.992105,46629.69
16149,3.9941483,46633.688
16150,3.9979353,46637.684
16151,3.9992726,46641.684
16152,3.9998496,46645.684
16153,3.9992921,46649.684
16154,3.9960103,46653.68
16155,3.9919646,46657.67
16156,3.9869962,46661.66
16157,3.9829516,46665.645
16158,3.9785817,46669.625
16159,3.9737477,46673.598
16160,3.9687278,46677.566
16161,3.9625843,46681.527
16162,3.9592743,46685.49
16163,3.9578304,46689.445
16164,3.9605596,46693.406
16165,3.965458,46697.37
16166,3.9707963,46701.344
16167,3.9759767,46705.32
16168,3.980032,46709.3
16169,3.9808462,46713.28
16170,3.977995,46717.258
16171,3.9722497,46721.23
16172,3.971546,46725.203
16173,3.9707115,46729.176
16174,3.973442,46733.15
16175,3.9756832,46737.125
16176,3.978997,46741.105
16177,3.98229,46745.086
16178,3.9863765,46749.074
16179,3.9904644,46753.066
16180,3.9948926,46757.062
16181,3.99955,46761.062
16182,4.0007796,46765.062
16183,3.9993553,46769.062
16184,3.9997206,46773.062
16185,4.0025005,46777.066
16186,4.0067177,46781.074
16187,4.010854,46785.086
16188,4.0141416,46789.1
16189,4.0147414,46793.117
16190,4.0156317,46797.133
16191,4.017997,46801.152
16192,4.019814,46805.17
16193,4.022248,46809.195
16194,4.023965,46813.22
16195,4.0255637,46817.246
16196,4.0246644,46821.27
16197,4.022827,46825.293
16198,4.019988,46829.312
16199,4.0163803,46833.33
16200,4.011515,46837.34
16201,4.0071273,46841.348
16202,4.006852,46845.355
16203,4.009505,46849.363
16204,4.011352,46853.375
16205,4.0132017,46857.387
16206,4.0159736,46861.402
16207,4.0197783,46865.42
16208,4.0214343,46869.44
16209,4.022276,46873.465
16210,4.0217,46877.49
16211,4.0210795,46881.508
16212,4.0191593,46885.527
16213,4.016526,46889.543
16214,4.0151224,46893.56
16215,4.0117154,46897.57
16216,4.009807,46901.582
16217,4.009045,46905.59
16218,4.008269,46909.598
16219,4.006285,46913.605
16220,4.005104,46917.61
16221,4.002101,46921.613
16222,3.9972394,46925.61
16223,3.990819,46929.6
16224,3.9862926,46933.586
16225,3.9831152,46937.57
16226,3.9808323,46941.55
16227,3.9766967,46945.527
16228,3.9736013,46949.5
16229,3.9720752,46953.473
16230,3.9733047,46957.445
16231,3.9770389,46961.42
16232,3.9814801,46965.402
16233,3.9837704,46969.387
16234,3.9831972,46973.37
16235,3.9820518,46977.35
16236,3.9813745,46981.332
16237,3.982833,46985.316
16238,3.9854267,46989.3
16239,3.9877431,46993.29
16240,3.9894795,46997.277
16241,3.9913032,47001.27
16242,3.992449,47005.26
16243,3.9915462,47009.254
16244,3.9906034,47013.246
16245,3.9899645,47017.234
16246,3.9908955,47021.227
16247,3.9919686,47025.22
16248,3.9904525,47029.21
16249,3.9894834,47033.2
16250,3.986109,47037.184
16251,3.9816062,47041.164
16252,3.9786437,47045.145
16253,3.9786904,47049.125
16254,3.9807558,47053.105
16255,3.980369,47057.086
16256,3.980467,47061.066
16257,3.9807615,47065.047
16258,3.98297,47069.03
16259,3.9877944,47073.02
16260,3.99044,47077.01
16261,3.9915826,47081.004
16262,3.9905019,47084.996
16263,3.986913,47088.984
16264,3.9835918,47092.97
16265,3.9821737,47096.95
16266,3.9822035,47100.93
16267,3.9810934,47104.91
16268,3.977302,47108.887
16269,3.974241,47112.86
16270,3.974804,47116.836
16271,3.9809787,47120.816
16272,3.985803,47124.8
16273,3.9874132,47128.79
16274,3.9851425,47132.773
16275,3.979731,47136.754
16276,3.9737403,47140.727
16277,3.9690878,47144.695
16278,3.96294,47148.66
16279,3.9574132,47152.617
16280,3.9540122,47156.57
16281,3.9516869,47160.523
16282,3.9534976,47164.477
16283,3.958882,47168.434
16284,3.9666655,47172.4
16285,3.9738665,47176.37
16286,3.9797604,47180.35
16287,3.982418,47184.332
16288,3.9831245,47188.316
16289,3.9824324,47192.3
16290,3.9820123,47196.28
16291,3.9825773,47200.266
16292,3.9815545,47204.246
16293,3.9804404,47208.227
16294,3.9785848,47212.207
16295,3.9779031,47216.184
16296,3.9784665,47220.16
16297,3.9814034,47224.14
16298,3.986772,47228.13
16299,3.9921253,47232.12
16300,3.9941573,47236.117
16301,3.9932806,47240.11
16302,3.9895113,47244.098
16303,3.985129,47248.082
16304,3.981187,47252.062
16305,3.9781997,47256.04
16306,3.976718,47260.016
16307,3.9778688,47263.992
16308,3.9798563,47267.973
16309,3.9843068,47271.957
16310,3.986348,47275.945
16311,3.9883418,47279.934
16312,3.9911978,47283.926
16313,3.9939973,47287.918
16314,3.9954686,47291.914
16315,3.9966295,47295.91
16316,3.9993496,47299.91
16317,4.0049863,47303.914
16318,4.010999,47307.926
16319,4.0154953,47311.94
16320,4.0183797,47315.96
16321,4.0205226,47319.98
16322,4.0222807,47324.004
16323,4.023683,47328.027
16324,4.0238795,47332.05
16325,4.023698,47336.074
16326,4.022438,47340.098
16327,4.022144,47344.12
16328,4.019135,47348.14
16329,4.0152225,47352.156
16330,4.0114174,47356.168
16331,4.0070353,47360.176
16332,4.003033,47364.18
16333,3.9994411,47368.18
16334,3.9979482,47372.176
16335,3.9963903,47376.17
16336,3.9950879,47380.168
16337,3.9937017,47384.16
16338,3.9941463,47388.156
16339,3.9948928,47392.152
16340,3.996615,47396.15
16341,3.9988403,47400.15
16342,4.003999,47404.152
16343,4.0074115,47408.16
16344,4.008233,47412.168
16345,4.0080433,47416.176
16346,4.004533,47420.18
16347,3.9993062,47424.18
16348,3.9962497,47428.176
16349,3.9928513,47432.168
16350,3.992272,47436.16
16351,3.9961243,47440.156
16352,3.9986465,47444.156
16353,4.0004926,47448.156
16354,4.0023046,47452.16
16355,4.004281,47456.164
16356,4.004567,47460.168
16357,4.004714,47464.17
16358,4.00379,47468.176
16359,4.0010633,47472.176
16360,3.9958878,47476.17
16361,3.9908283,47480.164
16362,3.9868028,47484.152
16363,3.9840703,47488.137
16364,3.9821336,47492.117
16365,3.982449,47496.1
16366,3.9838066,47500.086
16367,3.9849021,47504.07
16368,3.9861882,47508.055
16369,3.9864078,47512.043
16370,3.9871337,47516.03
16371,3.989101,47520.02
16372,3.990006,47524.008
16373,3.9897232,47527.996
16374,3.9897308,47531.984
16375,3.9904299,47535.977
16376,3.992628,47539.97
16377,3.997219,47543.965
16378,4.003326,47547.97
16379,4.0086493,47551.977
16380,4.0115614,47555.99
16381,4.0115767,47560.0
16382,4.009505,47564.008
16383,4.009183,47568.016
16384,4.0100718,47572.027
16385,4.012326,47576.04
16386,4.0139756,47580.055
16387,4.0146427,47584.07
16388,4.0143104,47588.086
16389,4.0130963,47592.098
16390,4.009823,47596.11
16391,4.0050535,47600.113
16392,4.003339,47604.117
16393,4.0044394,47608.12
16394,4.0068355,47612.13
16395,4.009957,47616.14
16396,4.0107336,47620.152
16397,4.0101776,47624.164
16398,4.0091968,47628.17
16399,4.0094028,47632.18
16400,4.0106535,47636.19
16401,4.012959,47640.203
16402,4.0150504,47644.22
16403,4.015891,47648.234
16404,4.0171385,47652.25
16405,4.0188656,47656.27
16406,4.0194316,47660.29
16407,4.018463,47664.31
16408,4.016727,47668.324
16409,4.0160728,47672.34
16410,4.015704,47676.355
16411,4.01609,47680.37
16412,4.0166526,47684.387
16413,4.0176797,47688.406
16414,4.0177064,47692.426
16415,4.0163283,47696.44
16416,4.0173783,47700.457
16417,4.0177255,47704.477
16418,4.020338,47708.496
16419,4.0213714,47712.516
16420,4.0213165,47716.535
16421,4.021278,47720.555
16422,4.0205436,47724.574
16423,4.0200014,47728.594
16424,4.019871,47732.613
16425,4.018519,47736.633
16426,4.0170646,47740.65
16427,4.013158,47744.66
16428,4.00793,47748.668
16429,4.002948,47752.67
16430,3.9999676,47756.67
16431,3.9996245,47760.67
16432,4.001048,47764.67
16433,4.0015554,47768.67
16434,4.000761,47772.67
16435,3.9980853,47776.67
16436,3.9955046,47780.668
16437,3.9942675,47784.664
16438,3.9921331,47788.656
16439,3.9912133,47792.65
16440,3.9906166,47796.64
16441,3.991845,47800.633
16442,3.9937966,47804.625
16443,3.9940116,47808.617
16444,3.993468,47812.61
16445,3.9927053,47816.6
16446,3.9898694,47820.59
16447,3.986743,47824.58
16448,3.9838169,47828.562
16449,3.981,47832.543
16450,3.9783723,47836.52
16451,3.9762218,47840.496
16452,3.9741275,47844.47
16453,3.97026,47848.438
16454,3.9678962,47852.406
16455,3.9666104,47856.37
16456,3.9685338,47860.34
16457,3.9705493,47864.31
16458,3.9698224,47868.277
16459,3.969802,47872.246
16460,3.9708116,47876.22
16461,3.9714863,47880.19
16462,3.9718204,47884.164
16463,3.972106,47888.137
16464,3.9687603,47892.105
16465,3.9636176,47896.07
16466,3.9599414,47900.03
16467,3.958793,47903.99
16468,3.9615426,47907.95
16469,3.9667456,47911.914
16470,3.972907,47915.887
16471,3.9801517,47919.867
16472,3.9851773,47923.85
16473,3.9867907,47927.84
16474,3.9859352,47931.824
16475,3.9845588,47935.81
16476,3.9848125,47939.793
16477,3.9871511,47943.78
16478,3.988532,47947.77
16479,3.9919372,47951.76
16480,3.9913363,47955.754
16481,3.9885519,47959.742
16482,3.9872866,47963.73
16483,3.9896703,47967.72
16484,3.9943097,47971.715
16485,3.997604,47975.71
16486,3.9978707,47979.707
16487,3.997985,47983.703
16488,3.996785,47987.7
16489,3.9956415,47991.695
16490,3.9928496,47995.688
16491,3.988961,47999.676
16492,3.987442,48003.664
16493,3.9868503,48007.652
16494,3.9889324,48011.64
16495,3.9928389,48015.633
16496,3.9943633,48019.63
16497,3.9953744,48023.625
16498,3.9944594,48027.62
16499,3.994287,48031.617
16500,3.995544,48035.613
16501,3.9972446,48039.61
16502,3.999775,48043.61
16503,4.00328,48047.613
16504,4.0077724,48051.62
16505,4.0095377,48055.63
16506,4.0089564,48059.637
16507,4.005858,48063.64
16508,4.0006495,48067.64
16509,3.996555,48071.637
16510,3.9950464,48075.633
16511,3.9963658,48079.63
16512,3.9984415,48083.63
16513,4.0004115,48087.63
16514,4.001468,48091.63
16515,4.0036635,48095.633
16516,4.003751,48099.637
16517,4.001742,48103.637
16518,3.99967,48107.637
16519,3.9969814,48111.633
16520,3.9954696,48115.63
16521,3.9932156,48119.62
16522,3.9930775,48123.613
16523,3.9932,48127.605
16524,3.9909358,48131.598
16525,3.9860861,48135.582
16526,3.9820204,48139.562
16527,3.9811559,48143.543
16528,3.983447,48147.527
16529,3.9884524,48151.516
16530,3.992627,48155.508
16531,3.9941902,48159.504
16532,3.994397,48163.5
16533,3.9947588,48167.496
16534,3.9986496,48171.496
16535,4.003906,48175.5
16536,4.0104485,48179.51
16537,4.015894,48183.527
16538,4.017541,48187.543
16539,4.0181036,48191.562
16540,4.017696,48195.582
16541,4.0166874,48199.598
16542,4.01366,48203.61
16543,4.0116467,48207.62
16544,4.0114956,48211.633
16545,4.012876,48215.645
16546,4.012748,48219.656
16547,4.011452,48223.668
16548,4.0111046,48227.68
16549,4.0121026,48231.69
16550,4.014532,48235.707
16551,4.0156894,48239.723
16552,4.0147924,48243.74
16553,4.012243,48247.75
16554,4.0107937,48251.76
16555,4.0127897,48255.773
16556,4.0145664,48259.79
16557,4.0158486,48263.805
16558,4.0146656,48267.82
16559,4.0126357,48271.832
16560,4.011992,48275.844
16561,4.0138526,48279.86
16562,4.016574,48283.875
16563,4.018251,48287.895
16564,4.018438,48291.914
16565,4.018931,48295.934
16566,4.019428,48299.953
16567,4.019181,48303.973
16568,4.0185337,48307.992
16569,4.0174136,48312.008
16570,4.0178056,48316.027
16571,4.02028,48320.047
16572,4.0231605,48324.07
16573,4.0250454,48328.094
16574,4.0274215,48332.12
16575,4.029826,48336.152
16576,4.03257,48340.184
16577,4.034037,48344.22
16578,4.0344615,48348.254
16579,4.033992,48352.29
16580,4.0334077,48356.324
16581,4.031416,48360.355
16582,4.0289035,48364.383
16583,4.0245204,48368.406
16584,4.0199995,48372.426
16585,4.013676,48376.44
16586,4.0088553,48380.45
16587,4.0055118,48384.453
16588,4.002184,48388.457
16589,4.0001736,48392.457
16590,3.999364,48396.457
16591,4.0015883,48400.457
16592,4.002269,48404.46
16593,4.0029397,48408.465
16594,4.005129,48412.47
16595,4.0089846,48416.477
16596,4.011587,48420.49
16597,4.0108795,48424.5
16598,4.0087705,48428.508
16599,4.0063424,48432.516
16600,4.0030093,48436.52
16601,4.0002065,48440.52
16602,3.9968736,48444.516
16603,3.9943547,48448.51
16604,3.9942336,48452.508
16605,3.9958122,48456.504
16606,3.9995427,48460.504
16607,4.00349,48464.508
16608,4.0043287,48468.51
16609,4.0030713,48472.516
16610,4.0000076,48476.516
16611,3.9975157,48480.51
16612,3.9945607,48484.508
16613,3.9928246,48488.5
16614,3.990771,48492.492
16615,3.989671,48496.48
16616,3.9872668,48500.47
16617,3.9851665,48504.453
16618,3.986236,48508.438
16619,3.9891133,48512.426
16620,3.9905887,48516.418
16621,3.9896638,48520.406
16622,3.9870443,48524.395
16623,3.9818513,48528.375
16624,3.9761496,48532.35
16625,3.969339,48536.32
16626,3.9658175,48540.285
16627,3.9644449,48544.25
16628,3.9672627,48548.22
16629,3.9722393,48552.19
16630,3.9764636,48556.168
16631,3.9789348,48560.15
16632,3.9780834,48564.125
16633,3.9773202,48568.1
16634,3.975267,48572.08
16635,3.972647,48576.05
16636,3.972528,48580.023
16637,3.9751067,48584.0
16638,3.9807975,48587.98
16639,3.984824,48591.965
16640,3.9875011,48595.953
16641,3.9875424,48599.94
16642,3.985984,48603.926
16643,3.9827108,48607.91
16644,3.9826422,48611.895
16645,3.9836233,48615.88
16646,3.9860861,48619.863
16647,3.989211,48623.85
16648,3.9895935,48627.84
16649,3.9921799,48631.832
16650,3.9944067,48635.83
16651,3.9990017,48639.83
16652,4.000112,48643.83
16653,3.9968219,48647.824
16654,3.9920442,48651.816
16655,3.9881802,48655.805
16656,3.9843557,48659.79
16657,3.9827237,48663.773
16658,3.9821074,48667.754
16659,3.9836383,48671.74
16660,3.9860024,48675.723
16661,3.989279,48679.71
16662,3.9927557,48683.703
16663,3.995945,48687.7
16664,3.9979713,48691.695
16665,4.001132,48695.695
16666,4.0034027,48699.7
16667,4.0036464,48703.703
16668,4.0034246,48707.707
16669,4.004452,48711.71
16670,4.0060134,48715.72
16671,4.007857,48719.727
16672,4.009432,48723.734
16673,4.0114074,48727.746
16674,4.010731,48731.758
16675,4.00834,48735.766
16676,4.0069118,48739.773
16677,4.00494,48743.777
16678,4.003664,48747.78
16679,4.002135,48751.785
16680,4.0025916,48755.79
16681,4.0010824,48759.79
16682,3.9969015,48763.785
16683,3.993472,48767.777
16684,3.989899,48771.766
16685,3.9870577,48775.754
16686,3.988102,48779.742
16687,3.988532,48783.73
16688,3.9909413,48787.723
16689,3.991754,48791.715
16690,3.989631,48795.703
16691,3.9859114,48799.688
16692,3.9824972,48803.67
16693,3.9784899,48807.65
16694,3.9759932,48811.625
16695,3.9737158,48815.598
16696,3.9711468,48819.57
16697,3.9715328,48823.543
16698,3.973685,48827.516
16699,3.9770663,48831.492
16700,3.9799776,48835.473
16701,3.9799526,48839.453
16702,3.9783316,48843.43
16703,3.978748,48847.41
16704,3.9789276,48851.39
16705,3.9805696,48855.37
16706,3.983029,48859.355
16707,3.986238,48863.34
16708,3.9882092,48867.33
16709,3.9880176,48871.316
16710,3.9871898,48875.305
16711,3.9849072,48879.29
16712,3.982747,48883.273
16713,3.9814086,48887.254
16714,3.9798105,48891.234
16715,3.9765277,48895.21
16716,3.9726667,48899.184
16717,3.9699907,48903.152
16718,3.9676259,48907.12
16719,3.9635735,48911.086
16720,3.9608269,48915.047
16721,3.9612176,48919.008
16722,3.964543,48922.973
16723,3.9704998,48926.94
16724,3.976267,48930.918
16725,3.9798994,48934.9
16726,3.9818056,48938.88
16727,3.983857,48942.863
16728,3.987051,48946.85
16729,3.9873016,48950.84
16730,3.9873788,48954.83
16731,3.9880726,48958.816
16732,3.9901886,48962.805
16733,3.9935,48966.797
16734,3.995928,48970.793
16735,3.9961805,48974.79
16736,3.9940028,48978.78
16737,3.990224,48982.77
16738,3.9905841,48986.76
16739,3.9940417,48990.754
16740,3.9957983,48994.75
16741,3.9964519,48998.746
16742,3.9982648,49002.746
16743,4.0017195,49006.746
16744,4.003843,49010.75
16745,4.006246,49014.758
16746,4.0063257,49018.766
16747,4.003517,49022.77
16748,4.0025835,49026.773
16749,4.003522,49030.777
16750,4.0052047,49034.78
16751,4.0095167,49038.79
16752,4.0135293,49042.8
16753,4.017839,49046.82
16754,4.021321,49050.84
16755,4.02315,49054.863
16756,4.023618,49058.887
16757,4.0232387,49062.91
16758,4.020329,49066.93
16759,4.014526,49070.945
16760,4.009345,49074.953
16761,4.006453,49078.96
16762,4.0030637,49082.965
16763,4.000945,49086.965
16764,4.0000024,49090.965
16765,4.001862,49094.965
16766,4.001411,49098.965
16767,4.0003986,49102.965
16768,3.9999394,49106.965
16769,3.998647,49110.965
16770,3.9966846,49114.96
16771,3.9946334,49118.957
16772,3.9952374,49122.953
16773,3.99458,49126.95
16774,3.9919012,49130.94
16775,3.986657,49134.93
16776,3.9799843,49138.91
16777,3.974794,49142.887
16778,3.9723012,49146.86
16779,3.9732919,49150.832
16780,3.9742897,49154.805
16781,3.9744601,49158.777
16782,3.9737785,49162.75
16783,3.9714534,49166.723
16784,3.9693642,49170.69
16785,3.969393,49174.66
16786,3.9717996,49178.633
16787,3.972273,49182.605
16788,3.9727118,49186.58
16789,3.9730835,49190.55
16790,3.9705112,49194.52
16791,3.9662006,49198.484
16792,3.9631429,49202.45
16793,3.9641638,49206.414
16794,3.9648318,49210.38
16795,3.9646268,49214.344
16796,3.9659004,49218.31
16797,3.9684644,49222.277
16798,3.9755113,49226.254
16799,3.9845123,49230.24
16800,3.9912274,49234.23
16801,3.9953156,49238.227
16802,3.9952235,49242.223
16803,3.9916883,49246.215
16804,3.9896853,49250.203
16805,3.9889493,49254.19
16806,3.9882703,49258.18
16807,3.986385,49262.168
16808,3.9854784,49266.152
16809,3.9860146,49270.137
16810,3.986159,49274.12
16811,3.9890556,49278.11
16812,3.9914424,49282.1
16813,3.9928284,49286.094
16814,3.9958606,49290.09
16815,3.9984982,49294.09
16816,3.9993026,49298.09
16817,3.9987814,49302.09
16818,4.000269,49306.09
16819,4.001745,49310.09
16820,4.004562,49314.094
16821,4.00664,49318.1
16822,4.0099683,49322.113
16823,4.0138817,49326.13
16824,4.016773,49330.145
16825,4.020086,49334.164
16826,4.020946,49338.184
16827,4.020705,49342.203
16828,4.018574,49346.223
16829,4.017445,49350.24
16830,4.01733,49354.254
16831,4.0193253,49358.273
16832,4.02079,49362.293
16833,4.022115,49366.316
16834,4.0198483,49370.336
16835,4.017414,49374.35
16836,4.0177655,49378.37
16837,4.0179467,49382.39
16838,4.019033,49386.41
16839,4.0202484,49390.43
16840,4.020101,49394.45
16841,4.019489,49398.47
16842,4.0182633,49402.49
16843,4.0170264,49406.504
16844,4.0164843,49410.52
16845,4.015621,49414.535
16846,4.0149164,49418.55
16847,4.012691,49422.562
16848,4.0108457,49426.574
16849,4.009131,49430.582
16850,4.0086665,49434.59
16851,4.0114927,49438.6
16852,4.015046,49442.617
16853,4.016792,49446.633
16854,4.0153613,49450.65
16855,4.012845,49454.66
16856,4.010483,49458.67
16857,4.0081177,49462.68
16858,4.006841,49466.688
16859,4.006999,49470.695
16860,4.007658,49474.703
16861,4.008342,49478.71
16862,4.007648,49482.72
16863,4.0055737,49486.723
16864,4.003886,49490.727
16865,4.00186,49494.727
16866,3.9970315,49498.723
16867,3.992128,49502.715
16868,3.9876873,49506.703
16869,3.9845586,49510.688
16870,3.984992,49514.67
16871,3.988491,49518.66
16872,3.9932585,49522.652
16873,3.9981616,49526.652
16874,4.0016828,49530.652
16875,4.0031953,49534.656
16876,4.004103,49538.66
16877,4.004916,49542.664
16878,4.0051246,49546.668
16879,4.003915,49550.67
16880,4.0000315,49554.67
16881,3.9980974,49558.67
16882,3.9985802,49562.67
16883,4.0032935,49566.676
16884,4.0064716,49570.684
16885,4.0071316,49574.69
16886,4.0076423,49578.7
16887,4.0071,49582.707
16888,4.0060806,49586.715
16889,4.0047684,49590.72
16890,4.00235,49594.723
16891,4.0004253,49598.723
16892,3.9992998,49602.723
16893,3.9989347,49606.723
16894,3.9982412,49610.723
16895,3.9973607,49614.72
16896,3.9976544,49618.715
16897,3.999339,49622.715
16898,4.000598,49626.715
16899,4.0004435,49630.715
16900,4.0000443,49634.715
16901,3.998391,49638.715
16902,4.000132,49642.715
16903,4.004076,49646.72
16904,4.007265,49650.727
16905,4.0075135,49654.734
16906,4.003578,49658.74
16907,3.9982924,49662.74
16908,3.9936452,49666.73
16909,3.9909053,49670.723
16910,3.9890954,49674.71
16911,3.987642,49678.7
16912,3.9861476,49682.684
16913,3.986101,49686.668
16914,3.987235,49690.656
16915,3.9886262,49694.645
16916,3.986987,49698.633
16917,3.9845572,49702.617
16918,3.9835591,49706.6
16919,3.9840462,49710.586
16920,3.9835925,49714.57
16921,3.9815755,49718.55
16922,3.9803114,49722.53
16923,3.9785695,49726.51
16924,3.9778082,49730.49
16925,3.978019,49734.465
16926,3.9786062,49738.445
16927,3.980529,49742.426
16928,3.9865618,49746.414
16929,3.9930098,49750.406
16930,3.9945433,49754.402
16931,3.9954398,49758.4
16932,3.9946759,49762.395
16933,3.9943728,49766.39
16934,3.9935777,49770.383
16935,3.9908192,49774.375
16936,3.9894269,49778.363
16937,3.9907596,49782.355
16938,3.9946773,49786.35
16939,3.999017,49790.35
16940,4.002255,49794.355
16941,4.0041957,49798.36
16942,4.005545,49802.363
16943,4.0056977,49806.367
16944,4.0062037,49810.375
16945,4.006937,49814.383
16946,4.00859,49818.39
16947,4.011706,49822.402
16948,4.0145206,49826.418
16949,4.016365,49830.434
16950,4.0156455,49834.45
16951,4.014329,49838.465
16952,4.0122232,49842.477
16953,4.009895,49846.49
16954,4.0100975,49850.5
16955,4.0118294,49854.51
16956,4.011525,49858.523
16957,4.00933,49862.53
16958,4.0081115,49866.54
16959,4.0088673,49870.547
16960,4.0104074,49874.56
16961,4.011652,49878.57
16962,4.0110483,49882.582
16963,4.011137,49886.594
16964,4.0131483,49890.605
16965,4.015569,49894.62
16966,4.0164027,49898.637
16967,4.0153613,49902.652
16968,4.0136256,49906.664
16969,4.0108027,49910.676
16970,4.0087323,49914.684
16971,4.0068407,49918.69
16972,4.0058985,49922.7
16973,4.005863,49926.707
16974,4.006386,49930.715
16975,4.006497,49934.723
16976,4.002464,49938.727
16977,3.9949036,49942.723
16978,3.9893963,49946.71
16979,3.987619,49950.7
16980,3.9864056,49954.688
16981,3.984398,49958.67
16982,3.9830105,49962.656
16983,3.982447,49966.64
16984,3.9830837,49970.625
16985,3.9823177,49974.605
16986,3.9787033,49978.586
16987,3.9733188,49982.56
16988,3.9680724,49986.527
16989,3.9659636,49990.492
16990,3.9661186,49994.457
16991,3.9674559,49998.426
16992,3.9709365,50002.4
16993,3.9724975,50006.37
16994,3.9718816,50010.344
16995,3.9698858,50014.312
16996,3.9704144,50018.28
16997,3.972476,50022.254
16998,3.9741693,50026.227
16999,3.97694,50030.203
17000,3.9774165,50034.18
17001,3.9754846,50038.156
17002,3.9705946,50042.125
17003,3.9638002,50046.09
17004,3.9618912,50050.05
17005,3.9632342,50054.016
17006,3.9644928,50057.98
17007,3.963205,50061.945
17008,3.9607337,50065.906
17009,3.9636846,50069.87
17010,3.966755,50073.836
17011,3.970027,50077.805
17012,3.9750738,50081.78
17013,3.9782634,50085.758
17014,3.979316,50089.74
17015,3.9788623,50093.72
17016,3.9800687,50097.7
17017,3.9810493,50101.68
17018,3.9821618,50105.66
17019,3.9856942,50109.645
17020,3.9905367,50113.637
17021,3.9967422,50117.633
17022,4.0026426,50121.637
17023,4.0074177,50125.645
17024,4.012246,50129.656
17025,4.015484,50133.67
17026,4.015984,50137.688
17027,4.015903,50141.703
17028,4.016678,50145.72
17029,4.016779,50149.734
17030,4.016679,50153.75
17031,4.0158114,50157.766
17032,4.0144677,50161.78
17033,4.0131288,50165.793
17034,4.0123205,50169.805
17035,4.012792,50173.816
17036,4.013531,50177.83
17037,4.014273,50181.844
17038,4.015335,50185.86
17039,4.015723,50189.875
17040,4.0146914,50193.89
17041,4.0128965,50197.902
17042,4.014183,50201.918
17043,4.017175,50205.934
17044,4.0189657,50209.953
17045,4.0181823,50213.973
17046,4.016589,50217.99
17047,4.015018,50222.004
17048,4.014437,50226.02
17049,4.015214,50230.035
17050,4.0163364,50234.05
17051,4.016509,50238.066
17052,4.0156074,50242.082
17053,4.0138626,50246.098
17054,4.012831,50250.11
17055,4.014132,50254.125
17056,4.0160446,50258.14
17057,4.0164165,50262.156
17058,4.0130796,50266.168
17059,4.009814,50270.18
17060,4.005751,50274.184
17061,3.9998333,50278.184
17062,3.9971611,50282.18
17063,3.9975135,50286.176
17064,3.9994595,50290.176
17065,4.001175,50294.176
17066,4.0023527,50298.18
17067,4.0012827,50302.18
17068,3.9991374,50306.18
17069,3.9957876,50310.176
17070,3.9936414,50314.168
17071,3.9910347,50318.16
17072,3.990287,50322.152
17073,3.991164,50326.145
17074,3.9935458,50330.137
17075,3.998171,50334.137
17076,4.0004883,50338.137
17077,3.9997537,50342.137
17078,3.997765,50346.133
17079,3.9960387,50350.13
17080,3.9950874,50354.125
17081,3.997185,50358.12
17082,4.0008683,50362.12
17083,4.0049796,50366.125
17084,4.006548,50370.133
17085,4.008497,50374.14
17086,4.0103006,50378.152
17087,4.010086,50382.164
17088,4.0106025,50386.176
17089,4.0092926,50390.184
17090,4.0079618,50394.19
17091,4.006274,50398.2
17092,4.004852,50402.203
17093,4.0041084,50406.207
17094,4.0041885,50410.21
17095,4.004865,50414.215
17096,4.0061374,50418.223
17097,4.0087028,50422.23
17098,4.009255,50426.24
17099,4.009906,50430.25
17100,4.00932,50434.258
17101,4.008876,50438.266
17102,4.0061846,50442.273
17103,4.0021887,50446.277
17104,3.999454,50450.277
17105,3.999125,50454.277
17106,4.001996,50458.28
17107,4.004699,50462.285
17108,4.0042143,50466.29
17109,4.0026093,50470.293
17110,3.9985366,50474.293
17111,3.9930272,50478.285
17112,3.9863667,50482.273
17113,3.9790826,50486.254
17114,3.975305,50490.23
17115,3.973442,50494.203
17116,3.9737875,50498.176
17117,3.9746447,50502.152
17118,3.9733055,50506.125
17119,3.9694893,50510.094
17120,3.9660537,50514.06
17121,3.9637175,50518.023
17122,3.9642766,50521.99
17123,3.9645944,50525.953
17124,3.9641094,50529.918
17125,3.9608114,50533.88
17126,3.9584682,50537.836
17127,3.9557443,50541.793
17128,3.9537044,50545.746
17129,3.9521818,50549.7
17130,3.9514782,50553.652
17131,3.9543972,50557.605
17132,3.9601681,50561.566
17133,3.9696846,50565.535
17134,3.975947,50569.51
17135,3.9790053,50573.492
17136,3.9779654,50577.47
17137,3.9748561,50581.445
17138,3.974706,50585.42
17139,3.9745724,50589.395
17140,3.9727275,50593.367
17141,3.9704912,50597.336
17142,3.96814,50601.305
17143,3.966317,50605.27
17144,3.9646034,50609.234
17145,3.9629283,50613.2
17146,3.963113,50617.164
17147,3.9651232,50621.13
17148,3.9670968,50625.098
17149,3.9694424,50629.066
17150,3.971729,50633.04
17151,3.9735925,50637.01
17152,3.9733853,50640.984
17153,3.9711833,50644.957
17154,3.968744,50648.926
17155,3.9664633,50652.89
17156,3.9690194,50656.86
17157,3.9724562,50660.832
17158,3.9739132,50664.805
17159,3.9745736,50668.777
17160,3.9751306,50672.754
17161,3.9795341,50676.734
17162,3.9835277,50680.72
17163,3.9879248,50684.707
17164,3.990612,50688.7
17165,3.9933004,50692.69
17166,3.9955478,50696.688
17167,3.9959097,50700.684
17168,3.9980612,50704.684
17169,4.000563,50708.684
17170,4.0026584,50712.688
17171,4.003496,50716.69
17172,4.005807,50720.695
17173,4.008014,50724.703
17174,4.0091195,50728.71
17175,4.0095305,50732.72
17176,4.0092235,50736.727
17177,4.0086794,50740.734
17178,4.008838,50744.742
17179,4.0082645,50748.75
17180,4.0055494,50752.754
17181,4.003145,50756.758
17182,4.001668,50760.758
17183,4.000705,50764.758
17184,4.001193,50768.758
17185,4.0027795,50772.76
17186,4.00323,50776.766
17187,4.0016675,50780.766
17188,4.0009055,50784.766
17189,4.0017123,50788.766
17190,4.000889,50792.766
17191,3.99907,50796.766
17192,3.994519,50800.76
17193,3.9899297,50804.75
17194,3.9875424,50808.74
17195,3.9876683,50812.727
17196,3.9874609,50816.715
17197,3.9856658,50820.7
17198,3.9835088,50824.684
17199,3.9829736,50828.668
17200,3.9829237,50832.652
17201,3.985137,50836.637
17202,3.9874763,50840.625
17203,3.9897265,50844.613
17204,3.990813,50848.605
17205,3.9918666,50852.598
17206,3.9927654,50856.59
17207,3.992524,50860.582
17208,3.9921453,50864.574
17209,3.9927852,50868.566
17210,3.9937406,50872.56
17211,3.9935098,50876.55
17212,3.9933832,50880.543
17213,3.993531,50884.535
17214,3.992683,50888.527
17215,3.9919374,50892.52
17216,3.9921591,50896.51
17217,3.9907916,50900.504
17218,3.989208,50904.492
17219,3.9892373,50908.48
17220,3.9891717,50912.47
17221,3.9894097,50916.457
17222,3.9902432,50920.45
17223,3.9920897,50924.44
17224,3.9952621,50928.438
17225,3.9974089,50932.434
17226,3.9987252,50936.434
17227,3.997669,50940.43
17228,3.9982076,50944.43
17229,4.000037,50948.43
17230,4.000642,50952.43
17231,4.000654,50956.43
17232,4.0017095,50960.43
17233,4.0024414,50964.434
17234,4.002246,50968.438
17235,4.001543,50972.438
17236,3.9985738,50976.438
17237,3.993504,50980.43
17238,3.9895964,50984.418
17239,3.9895153,50988.406
17240,3.9924452,50992.4
17241,3.9967806,50996.395
17242,4.000951,51000.395
17243,4.0039783,51004.4
17244,4.004891,51008.402
17245,4.0046215,51012.406
17246,4.005868,51016.414
17247,4.0064754,51020.42
17248,4.0069103,51024.43
17249,4.006979,51028.438
17250,4.0061173,51032.445
17251,4.003915,51036.45
17252,4.0044203,51040.453
17253,4.006042,51044.46
17254,4.0081277,51048.47
17255,4.0100436,51052.48
17256,4.0113683,51056.492
17257,4.0118613,51060.504
17258,4.010344,51064.516
17259,4.0074964,51068.523
17260,4.0039825,51072.527
17261,4.0018725,51076.527
17262,4.0034657,51080.53
17263,4.0066385,51084.54
17264,4.009799,51088.55
17265,4.0126324,51092.562
17266,4.0155516,51096.58
17267,4.0183063,51100.598
17268,4.019229,51104.617
17269,4.019808,51108.637
17270,4.017791,51112.656
17271,4.01567,51116.67
17272,4.015062,51120.688
17273,4.0147223,51124.703
17274,4.0155997,51128.72
17275,4.015357,51132.734
17276,4.01294,51136.746
17277,4.009531,51140.754
17278,4.005527,51144.758
17279,4.00347,51148.76
17280,4.0049624,51152.766
17281,4.0065317,51156.773
17282,4.0094132,51160.78
17283,4.0122614,51164.793
17284,4.0142303,51168.81
17285,4.0160837,51172.824
17286,4.016439,51176.84
17287,4.0154953,51180.855
17288,4.014953,51184.87
17289,4.01375,51188.887
17290,4.011145,51192.9
17291,4.008499,51196.906
17292,4.0045686,51200.91
17293,4.000793,51204.91
17294,3.996304,51208.906
17295,3.9917173,51212.9
17296,3.9912617,51216.89
17297,3.9932792,51220.883
17298,3.9971542,51224.88
17299,4.000177,51228.88
17300,4.002015,51232.883
17301,4.0005517,51236.883
17302,3.996964,51240.88
17303,3.9934292,51244.87
17304,3.9915264,51248.863
17305,3.9916446,51252.855
17306,3.992566,51256.848
17307,3.9936883,51260.84
17308,3.992642,51264.832
17309,3.991818,51268.824
17310,3.989023,51272.812
17311,3.9840267,51276.797
17312,3.9803479,51280.777
17313,3.978605,51284.758
17314,3.9817607,51288.74
17315,3.984533,51292.723
17316,3.9886022,51296.71
17317,3.9923995,51300.703
17318,3.9949434,51304.7
17319,3.9976115,51308.695
17320,3.997963,51312.69
17321,3.9970474,51316.688
17322,3.9965672,51320.684
17323,3.9961653,51324.68
17324,3.9981902,51328.68
17325,4.002638,51332.684
17326,4.0063815,51336.69
17327,4.0091763,51340.7
17328,4.0067096,51344.707
17329,4.002337,51348.71
17330,3.9981642,51352.71
17331,3.9968295,51356.707
17332,3.9965897,51360.703
17333,3.9967022,51364.7
17334,3.9974296,51368.695
17335,3.9977558,51372.69
17336,3.9972174,51376.688
17337,3.9950218,51380.684
17338,3.9959543,51384.68
17339,3.9994333,51388.68
17340,4.003124,51392.684
17341,4.006037,51396.69
17342,4.0051317,51400.695
17343,4.002233,51404.7
17344,3.9988792,51408.7
17345,3.9959688,51412.695
17346,3.9936502,51416.688
17347,3.990389,51420.68
17348,3.9878032,51424.668
17349,3.9855397,51428.652
17350,3.9872355,51432.64
17351,3.9918585,51436.633
17352,3.9927151,51440.625
17353,3.9897733,51444.613
17354,3.98818,51448.6
17355,3.9868987,51452.59
17356,3.9893901,51456.58
17357,3.9933193,51460.57
17358,3.9963903,51464.566
17359,3.9983122,51468.566
17360,3.9956658,51472.562
17361,3.9921205,51476.555
17362,3.9895415,51480.543
17363,3.9874334,51484.53
17364,3.984046,51488.516
17365,3.9798694,51492.496
17366,3.976392,51496.473
17367,3.9764726,51500.45
17368,3.9788146,51504.43
17369,3.982919,51508.414
17370,3.9873369,51512.402
17371,3.9911406,51516.395
17372,3.993704,51520.387
17373,3.995122,51524.383
17374,3.995248,51528.38
17375,3.991714,51532.37
17376,3.9883008,51536.36
17377,3.988017,51540.348
17378,3.9886,51544.336
17379,3.9899778,51548.324
17380,3.988839,51552.312
17381,3.9877627,51556.3
17382,3.9900208,51560.29
17383,3.9908926,51564.28
17384,3.9918826,51568.273
17385,3.9902914,51572.266
17386,3.9866252,51576.254
17387,3.981002,51580.234
17388,3.9783058,51584.21
17389,3.9787776,51588.19
17390,3.9820452,51592.17
17391,3.9864295,51596.16
17392,3.990857,51600.152
17393,3.9941485,51604.15
17394,3.995104,51608.145
17395,3.9965649,51612.14
17396,3.997581,51616.137
17397,3.9993517,51620.137
17398,3.9987946,51624.137
17399,3.994933,51628.133
17400,3.9913313,51632.125
17401,3.9903164,51636.117
17402,3.9913573,51640.11
17403,3.991592,51644.1
17404,3.9905543,51648.094
17405,3.9891253,51652.082
17406,3.9874718,51656.07
17407,3.9851635,51660.055
17408,3.9816742,51664.035
17409,3.9807909,51668.016
17410,3.9802234,51671.996
17411,3.9816196,51675.977
17412,3.9860222,51679.96
17413,3.992976,51683.953
17414,3.997416,51687.95
17415,4.000653,51691.95
17416,4.003418,51695.953
17417,4.0036697,51699.957
17418,4.0039716,51703.96
17419,4.0048437,51707.965
17420,4.006063,51711.973
17421,4.0063353,51715.98
17422,4.0067377,51719.99
17423,4.0070047,51723.996
17424,4.009165,51728.004
17425,4.01203,51732.016
17426,4.015398,51736.03
17427,4.018938,51740.05
17428,4.021717,51744.074
17429,4.0237837,51748.098
17430,4.024575,51752.12
17431,4.02205,51756.145
17432,4.0189962,51760.164
17433,4.0147314,51764.18
17434,4.011013,51768.19
17435,4.010325,51772.203
17436,4.01008,51776.215
17437,4.0081153,51780.223
17438,4.003353,51784.227
17439,3.9970474,51788.223
17440,3.993053,51792.215
17441,3.990396,51796.207
17442,3.989307,51800.195
17443,3.990589,51804.188
17444,3.9908037,51808.18
17445,3.9922066,51812.17
17446,3.993615,51816.164
17447,3.9954543,51820.16
17448,3.9951556,51824.156
17449,3.99463,51828.152
17450,3.9952044,51832.15
17451,3.9954412,51836.145
17452,3.9967327,51840.14
17453,3.9981172,51844.14
17454,3.9980474,51848.14
17455,3.9959166,51852.137
17456,3.9942105,51856.133
17457,3.9933383,51860.125
17458,3.9936748,51864.117
17459,3.9957476,51868.113
17460,3.9944649,51872.11
17461,3.9919777,51876.1
17462,3.9890797,51880.09
17463,3.9848683,51884.074
17464,3.9794421,51888.055
17465,3.974392,51892.027
17466,3.971878,51896.0
17467,3.9707077,51899.973
17468,3.9714696,51903.945
17469,3.9728394,51907.918
17470,3.975402,51911.895
17471,3.9767723,51915.87
17472,3.979533,51919.85
17473,3.9827254,51923.836
17474,3.9853673,51927.82
17475,3.9861498,51931.805
17476,3.98671,51935.793
17477,3.9873605,51939.78
17478,3.987875,51943.77
17479,3.987194,51947.758
17480,3.9864888,51951.746
17481,3.9852123,51955.73
17482,3.9849288,51959.715
17483,3.9854813,51963.7
17484,3.9849708,51967.684
17485,3.984864,51971.668
17486,3.9853973,51975.652
17487,3.9886975,51979.64
17488,3.9920459,51983.633
17489,3.9959037,51987.63
17490,3.9997408,51991.63
17491,4.0029764,51995.633
17492,4.0068073,51999.64
17493,4.009352,52003.65
17494,4.009585,52007.656
17495,4.009895,52011.668
17496,4.011031,52015.68
17497,4.01258,52019.69
17498,4.013091,52023.703
17499,4.0117083,52027.715
17500,4.0104017,52031.727
17501,4.0085998,52035.734
17502,4.0089536,52039.742
17503,4.010663,52043.754
17504,4.0113177,52047.766
17505,4.010951,52051.777
17506,4.0110292,52055.79
17507,4.011386,52059.8
17508,4.0115156,52063.812
17509,4.0131607,52067.824
17510,4.0148954,52071.84
17511,4.0170455,52075.855
17512,4.0190177,52079.875
17513,4.019928,52083.895
17514,4.020311,52087.914
17515,4.0214744,52091.934
17516,4.0222964,52095.957
17517,4.0206823,52099.977
17518,4.0177345,52103.996
17519,4.013996,52108.01
17520,4.011152,52112.023
17521,4.0092554,52116.03
17522,4.008928,52120.04
17523,4.0094333,52124.047
17524,4.009887,52128.06
17525,4.008923,52132.066
17526,4.00711,52136.074
17527,4.0042863,52140.08
17528,4.0018787,52144.08
17529,4.00048,52148.08
17530,4.0016265,52152.08
17531,4.0038004,52156.082
17532,4.0056243,52160.086
17533,4.0083356,52164.094
17534,4.0117173,52168.105
17535,4.0150166,52172.12
17536,4.017144,52176.137
17537,4.0162916,52180.152
17538,4.014929,52184.168
17539,4.012797,52188.18
17540,4.011676,52192.19
17541,4.0092745,52196.2
17542,4.0076613,52200.207
17543,4.006964,52204.215
17544,4.0053067,52208.22
17545,4.0035534,52212.223
17546,4.00181,52216.223
17547,4.002112,52220.227
17548,4.0020685,52224.23
17549,4.000015,52228.23
17550,3.9980419,52232.227
17551,3.9961867,52236.223
17552,3.996929,52240.22
17553,3.999788,52244.22
17554,4.002151,52248.223
17555,4.003828,52252.227
17556,4.00387,52256.23
17557,4.003151,52260.234
17558,3.9998271,52264.234
17559,3.9956508,52268.23
17560,3.9944885,52272.227
17561,3.9940915,52276.22
17562,3.992253,52280.21
17563,3.9896104,52284.2
17564,3.9870372,52288.188
17565,3.985102,52292.17
17566,3.9858425,52296.156
17567,3.9882095,52300.145
17568,3.9900692,52304.133
17569,3.9921126,52308.125
17570,3.99242,52312.117
17571,3.992917,52316.11
17572,3.9950366,52320.105
17573,3.9962785,52324.1
17574,3.99489,52328.098
17575,3.9936407,52332.09
17576,3.996226,52336.086
17577,3.9999962,52340.086
17578,4.0034494,52344.09
17579,4.005009,52348.094
17580,4.005053,52352.098
17581,4.0052114,52356.1
17582,4.005911,52360.11
17583,4.0054283,52364.113
17584,4.004925,52368.117
17585,4.0046883,52372.12
17586,4.0047255,52376.125
17587,4.002212,52380.13
17588,3.9982212,52384.13
17589,3.9951348,52388.125
17590,3.995318,52392.12
17591,3.9978468,52396.117
17592,4.000989,52400.117
17593,4.0027075,52404.12
17594,4.0012875,52408.12
17595,3.9975183,52412.117
17596,3.9939904,52416.11
17597,3.9928734,52420.1
17598,3.9955664,52424.098
17599,4.001674,52428.098
17600,4.0069475,52432.105
17601,4.0098634,52436.117
17602,4.010694,52440.13
17603,4.010115,52444.14
17604,4.0099516,52448.152
17605,4.01011,52452.164
17606,4.010469,52456.176
17607,4.0121455,52460.188
17608,4.011956,52464.2
17609,4.0102158,52468.21
17610,4.0087996,52472.22
17611,4.0095944,52476.227
17612,4.0088964,52480.234
17613,4.007906,52484.242
17614,4.0068126,52488.25
17615,4.00468,52492.254
17616,4.0027804,52496.258
17617,4.0002346,52500.258
17618,3.9981143,52504.258
17619,3.995648,52508.254
17620,3.9942822,52512.25
17621,3.991847,52516.242
17622,3.9910665,52520.234
17623,3.9915946,52524.227
17624,3.9903708,52528.22
17625,3.9872992,52532.207
17626,3.9850028,52536.19
17627,3.9832647,52540.176
17628,3.9840395,52544.16
17629,3.9858465,52548.145
17630,3.9853714,52552.13
17631,3.9810154,52556.11
17632,3.9757977,52560.086
17633,3.9710414,52564.06
17634,3.966773,52568.023
17635,3.9636986,52571.99
17636,3.9627154,52575.95
17637,3.9627635,52579.91
17638,3.9614737,52583.87
17639,3.9589846,52587.832
17640,3.9553301,52591.79
17641,3.9505692,52595.74
17642,3.9470916,52599.684
17643,3.944725,52603.63
17644,3.9482393,52607.58
17645,3.9538786,52611.53
17646,3.9567528,52615.49
17647,3.9590404,52619.45
17648,3.9589496,52623.406
17649,3.9572854,52627.363
17650,3.956331,52631.32
17651,3.9565158,52635.277
17652,3.9597538,52639.24
17653,3.9605386,52643.2
17654,3.959653,52647.16
17655,3.958516,52651.117
17656,3.9582696,52655.074
17657,3.9607878,52659.035
17658,3.9617145,52662.996
17659,3.962917,52666.96
17660,3.9624743,52670.92
17661,3.962166,52674.883
17662,3.9617414,52678.844
17663,3.9639657,52682.81
17664,3.967829,52686.777
17665,3.9731412,52690.75
17666,3.977496,52694.727
17667,3.9794292,52698.707
17668,3.979235,52702.688
17669,3.9788241,52706.668
17670,3.9811592,52710.65
17671,3.985423,52714.633
17672,3.9905841,52718.625
17673,3.9923756,52722.617
17674,3.992448,52726.61
17675,3.9925597,52730.6
17676,3.9933748,52734.594
17677,3.9926577,52738.586
17678,3.9926994,52742.58
17679,3.9938312,52746.57
17680,3.9973352,52750.566
17681,4.000324,52754.566
17682,4.0013227,52758.566
17683,4.0035477,52762.57
17684,4.0058365,52766.574
17685,4.0072002,52770.582
17686,4.008941,52774.59
17687,4.009856,52778.6
17688,4.011724,52782.613
17689,4.013611,52786.625
17690,4.014389,52790.64
17691,4.015131,52794.656
17692,4.013543,52798.668
17693,4.009613,52802.676
17694,4.0083723,52806.684
17695,4.008753,52810.69
17696,4.009635,52814.7
17697,4.0103154,52818.71
17698,4.008559,52822.72
17699,4.0068398,52826.727
17700,4.006472,52830.734
17701,4.0055666,52834.74
17702,4.007355,52838.746
17703,4.0096564,52842.754
17704,4.013321,52846.766
17705,4.017874,52850.785
17706,4.0198755,52854.805
17707,4.019376,52858.824
17708,4.017241,52862.84
17709,4.014857,52866.855
17710,4.01302,52870.867
17711,4.0132313,52874.88
17712,4.0142994,52878.895
17713,4.0150123,52882.91
17714,4.016067,52886.926
17715,4.0165644,52890.94
17716,4.0159616,52894.957
17717,4.015169,52898.973
17718,4.01434,52902.99
17719,4.0123005,52907.0
17720,4.006959,52911.008
17721,4.0029235,52915.01
17722,4.0007515,52919.01
17723,4.0019917,52923.016
17724,4.0017915,52927.016
17725,4.001254,52931.016
17726,4.0012507,52935.016
17727,4.0024548,52939.02
17728,4.002111,52943.023
17729,4.0012794,52947.023
17730,4.0025024,52951.027
17731,4.0041275,52955.03
17732,4.005145,52959.035
17733,4.006358,52963.043
17734,4.0082116,52967.05
17735,4.0111713,52971.062
17736,4.0146546,52975.08
17737,4.0159073,52979.094
17738,4.0161004,52983.11
17739,4.01609,52987.125
17740,4.016377,52991.14
17741,4.0171003,52995.156
17742,4.016463,52999.17
17743,4.01475,53003.188
17744,4.01429,53007.203
17745,4.0157533,53011.22
17746,4.0181766,53015.24
17747,4.020872,53019.258
17748,4.0230746,53023.28
17749,4.022895,53027.305
17750,4.020963,53031.324
17751,4.0189643,53035.344
17752,4.0192413,53039.363
17753,4.018365,53043.383
17754,4.0204997,53047.402
17755,4.0221567,53051.426
17756,4.0215025,53055.45
17757,4.0202856,53059.47
17758,4.016962,53063.484
17759,4.013237,53067.496
17760,4.009701,53071.504
17761,4.007066,53075.51
17762,4.00496,53079.516
17763,4.0025597,53083.52
17764,4.002076,53087.523
17765,4.003212,53091.527
17766,4.004222,53095.53
17767,4.0062504,53099.54
17768,4.0080023,53103.547
17769,4.0121193,53107.56
17770,4.0147057,53111.574
17771,4.016009,53115.59
17772,4.0168552,53119.605
17773,4.0179276,53123.625
17774,4.01759,53127.645
17775,4.0158362,53131.66
17776,4.0120616,53135.67
17777,4.0082273,53139.68
17778,4.0027266,53143.684
17779,3.9984698,53147.684
17780,3.9980497,53151.684
17781,3.9991512,53155.684
17782,4.001353,53159.684
17783,4.002343,53163.688
17784,4.0003324,53167.688
17785,3.9953692,53171.684
17786,3.992674,53175.676
17787,3.9909642,53179.668
17788,3.9869857,53183.656
17789,3.983511,53187.64
17790,3.9814086,53191.62
17791,3.9806,53195.6
17792,3.9807284,53199.582
17793,3.9811397,53203.562
17794,3.981375,53207.543
17795,3.9823463,53211.523
17796,3.9850454,53215.508
17797,3.9864337,53219.496
17798,3.9896414,53223.484
17799,3.9923048,53227.477
17800,3.9929245,53231.47
17801,3.991232,53235.46
17802,3.9892635,53239.45
17803,3.9846373,53243.434
17804,3.9850075,53247.418
17805,3.9899004,53251.406
17806,3.995666,53255.402
17807,4.002087,53259.406
17808,4.0039296,53263.41
17809,4.0040746,53267.414
17810,4.002244,53271.418
17811,4.001867,53275.418
17812,4.0026116,53279.42
17813,4.0024695,53283.426
17814,4.00134,53287.426
17815,4.0007076,53291.426
17816,3.9997182,53295.426
17817,4.0002537,53299.426
17818,4.0033298,53303.43
17819,4.0045433,53307.434
17820,4.0055103,53311.438
17821,4.0068727,53315.445
17822,4.008508,53319.453
17823,4.010582,53323.465
17824,4.0122437,53327.477
17825,4.015453,53331.492
17826,4.0180717,53335.51
17827,4.0204606,53339.53
17828,4.019247,53343.55
17829,4.016924,53347.566
17830,4.01442,53351.582
17831,4.0126004,53355.594
17832,4.014542,53359.61
17833,4.018257,53363.63
17834,4.0214953,53367.652
17835,4.02248,53371.676
17836,4.024273,53375.7
17837,4.026816,53379.727
17838,4.0286813,53383.754
17839,4.02856,53387.78
17840,4.027595,53391.81
17841,4.0255804,53395.836
17842,4.021869,53399.86
17843,4.016417,53403.875
17844,4.010709,53407.887
17845,4.005762,53411.89
17846,4.004067,53415.895
17847,4.003011,53419.9
17848,4.0023236,53423.902
17849,4.0005765,53427.902
17850,3.9995923,53431.902
17851,4.001296,53435.902
17852,4.0043693,53439.906
17853,4.005237,53443.91
17854,4.004266,53447.914
17855,4.0028534,53451.918
17856,4.002446,53455.92
17857,4.002311,53459.926
17858,4.001021,53463.926
17859,3.9981115,53467.926
17860,3.9925954,53471.918
17861,3.9893963,53475.906
17862,3.9898446,53479.895
17863,3.9925704,53483.887
17864,3.9918764,53487.88
17865,3.9901686,53491.867
17866,3.9868147,53495.855
17867,3.9841359,53499.84
17868,3.9845457,53503.824
17869,3.9864497,53507.812
17870,3.9858274,53511.797
17871,3.983023,53515.78
17872,3.981987,53519.76
17873,3.983876,53523.746
17874,3.9862828,53527.73
17875,3.9887304,53531.72
17876,3.990989,53535.71
17877,3.9937618,53539.703
17878,3.997196,53543.7
17879,4.0016174,53547.7
17880,4.0054035,53551.703
17881,4.007091,53555.71
17882,4.0090218,53559.72
17883,4.0095167,53563.727
17884,4.009213,53567.734
17885,4.008367,53571.742
17886,4.007866,53575.75
17887,4.0074396,53579.758
17888,4.008209,53583.766
17889,4.00861,53587.773
17890,4.0092664,53591.78
17891,4.0122414,53595.793
17892,4.0145183,53599.81
17893,4.016287,53603.824
17894,4.016353,53607.84
17895,4.013668,53611.85
17896,4.009447,53615.86
17897,4.008259,53619.867
17898,4.011726,53623.88
17899,4.0157533,53627.895
17900,4.0167475,53631.91
17901,4.014874,53635.926
17902,4.0140257,53639.94
17903,4.0133286,53643.953
17904,4.011262,53647.965
17905,4.0095844,53651.973
17906,4.010299,53655.984
17907,4.0120955,53659.996
17908,4.01425,53664.01
17909,4.0158916,53668.027
17910,4.014831,53672.043
17911,4.0130715,53676.055
17912,4.0130663,53680.066
17913,4.0147758,53684.082
17914,4.015009,53688.098
17915,4.014621,53692.113
17916,4.0145936,53696.13
17917,4.0131407,53700.14
17918,4.0124617,53704.152
17919,4.0119214,53708.164
17920,4.0107336,53712.176
17921,4.0079355,53716.184
17922,4.0047994,53720.188
17923,4.0027742,53724.19
17924,4.000743,53728.19
17925,3.9975524,53732.188
17926,3.9942775,53736.184
17927,3.9898136,53740.17
17928,3.985585,53744.156
17929,3.983979,53748.14
17930,3.985616,53752.125
17931,3.9859078,53756.11
17932,3.9873254,53760.098
17933,3.9899783,53764.086
17934,3.9920175,53768.08
17935,3.9922955,53772.07
17936,3.990639,53776.062
17937,3.98733,53780.05
17938,3.9837637,53784.035
17939,3.9822927,53788.016
17940,3.9797573,53791.996
17941,3.9774623,53795.973
17942,3.975066,53799.95
17943,3.9717283,53803.92
17944,3.9701357,53807.89
17945,3.9687517,53811.86
17946,3.9624712,53815.82
17947,3.9541862,53819.773
17948,3.9486566,53823.723
17949,3.9462502,53827.668
17950,3.9456189,53831.613
17951,3.9461544,53835.56
17952,3.9481938,53839.508
17953,3.9508822,53843.457
17954,3.956264,53847.414
17955,3.9603667,53851.375
17956,3.9638448,53855.34
17957,3.9653761,53859.305
17958,3.9675188,53863.273
17959,3.970847,53867.246
17960,3.9739153,53871.22
17961,3.9786437,53875.2
17962,3.9842236,53879.184
17963,3.990133,53883.17
17964,3.994178,53887.168
17965,3.996229,53891.164
17966,4.0005927,53895.164
17967,4.0047293,53899.168
17968,4.008755,53903.176
17969,4.0100355,53907.188
17970,4.011695,53911.2
17971,4.0126405,53915.21
17972,4.0115705,53919.223
17973,4.010031,53923.234
17974,4.0099587,53927.246
17975,4.010666,53931.258
17976,4.0128326,53935.27
17977,4.0143485,53939.285
17978,4.0110354,53943.297
17979,4.006208,53947.305
17980,4.0029373,53951.31
17981,4.000708,53955.31
17982,3.9987636,53959.31
17983,3.997803,53963.305
17984,3.9974837,53967.3
17985,3.9986546,53971.3
17986,3.997826,53975.297
17987,3.9966633,53979.293
17988,3.994142,53983.29
17989,3.9916937,53987.28
17990,3.991845,53991.273
17991,3.993346,53995.266
17992,3.9950666,53999.26
17993,3.9968028,54003.258
17994,3.9996116,54007.258
17995,4.004248,54011.26
17996,4.0055866,54015.266
17997,4.0058265,54019.27
17998,4.005009,54023.273
17999,4.005357,54027.277
18000,4.004209,54031.28
18001,4.0022964,54035.285
18002,3.9975777,54039.28
18003,3.9901602,54043.27
18004,3.9818935,54047.25
18005,3.9742439,54051.223
18006,3.9693599,54055.19
18007,3.9677534,54059.16
18008,3.9683037,54063.13
18009,3.9706235,54067.098
18010,3.9730523,54071.07
18011,3.9731662,54075.043
18012,3.974399,54079.016
18013,3.9768414,54082.992
18014,3.977629,54086.97
18015,3.9758055,54090.945
18016,3.971353,54094.918
18017,3.967004,54098.887
18018,3.9646697,54102.85
18019,3.9634407,54106.816
18020,3.9629855,54110.78
18021,3.9631822,54114.746
18022,3.9645946,54118.71
18023,3.9653728,54122.676
18024,3.962633,54126.637
18025,3.9561327,54130.594
18026,3.9516437,54134.547
18027,3.951975,54138.5
18028,3.9539075,54142.453
18029,3.9547439,54146.406
18030,3.9562392,54150.363
18031,3.958469,54154.32
18032,3.9630458,54158.285
18033,3.9685147,54162.254
18034,3.9752212,54166.23
18035,3.9821932,54170.21
18036,3.9860244,54174.195
18037,3.9858325,54178.18
18038,3.9841084,54182.164
18039,3.982102,54186.145
18040,3.980129,54190.125
18041,3.97715,54194.1
18042,3.9740705,54198.074
18043,3.9700344,54202.043
18044,3.9691827,54206.01
18045,3.9702532,54209.98
18046,3.9722023,54213.953
18047,3.972841,54217.926
18048,3.9749956,54221.902
18049,3.9789822,54225.883
18050,3.9833217,54229.867
18051,3.9870164,54233.855
18052,3.9894,54237.844
18053,3.9930522,54241.836
18054,3.9982796,54245.836
18055,4.003755,54249.84
18056,4.007964,54253.848
18057,4.0092096,54257.855
18058,4.009738,54261.863
18059,4.0074883,54265.87
18060,4.0054703,54269.875
18061,4.0032544,54273.88
18062,4.0037827,54277.883
18063,4.0065646,54281.89
18064,4.0101695,54285.902
18065,4.013928,54289.918
18066,4.0182066,54293.938
18067,4.0202975,54297.957
18068,4.0214176,54301.977
18069,4.02282,54306.0
18070,4.023015,54310.023
18071,4.02136,54314.043
18072,4.020586,54318.062
18073,4.021781,54322.086
18074,4.0202847,54326.105
18075,4.0197144,54330.125
18076,4.017933,54334.145
18077,4.015786,54338.16
18078,4.0142865,54342.176
18079,4.0120106,54346.188
18080,4.0102386,54350.2
18081,4.0085597,54354.207
18082,4.0093536,54358.215
18083,4.010921,54362.227
18084,4.0139933,54366.242
18085,4.0146585,54370.258
18086,4.012672,54374.27
18087,4.011059,54378.28
18088,4.0082364,54382.29
18089,4.0055766,54386.293
18090,4.00302,54390.297
18091,4.001706,54394.297
18092,3.999921,54398.297
18093,3.9968708,54402.293
18094,3.9911847,54406.285
18095,3.9886034,54410.273
18096,3.9871461,54414.26
18097,3.982443,54418.246
18098,3.974654,54422.223
18099,3.9684227,54426.19
18100,3.964065,54430.156
18101,3.9620955,54434.117
18102,3.9583685,54438.074
18103,3.9548268,54442.027
18104,3.9530363,54445.98
18105,3.9522858,54449.934
18106,3.9498937,54453.883
18107,3.9461823,54457.83
18108,3.9421284,54461.77
18109,3.9383743,54465.707
18110,3.9363496,54469.645
18111,3.937859,54473.582
18112,3.941931,54477.523
18113,3.9456542,54481.47
18114,3.94748,54485.418
18115,3.9451644,54489.363
18116,3.9458706,54493.31
18117,3.9450057,54497.254
18118,3.9443169,54501.2
18119,3.9427984,54505.14
18120,3.9425087,54509.082
18121,3.9440863,54513.027
18122,3.9465096,54516.973
18123,3.95099,54520.92
18124,3.954092,54524.875
18125,3.9564006,54528.832
18126,3.9551973,54532.79
18127,3.9533408,54536.742
18128,3.9525998,54540.695
18129,3.9515424,54544.65
18130,3.9495993,54548.598
18131,3.9480808,54552.547
18132,3.947487,54556.496
18133,3.9486673,54560.445
18134,3.9532616,54564.4
18135,3.959681,54568.36
18136,3.9658394,54572.324
18137,3.9726958,54576.297
18138,3.97772,54580.273
18139,3.9799423,54584.254
18140,3.9823217,54588.234
18141,3.9815335,54592.215
18142,3.9819195,54596.195
18143,3.9847033,54600.18
18144,3.9863386,54604.168
18145,3.989089,54608.156
18146,3.9938838,54612.15
18147,3.998093,54616.15
18148,3.998629,54620.15
18149,3.999242,54624.15
18150,3.9990928,54628.15
18151,3.9989166,54632.15
18152,3.9976919,54636.145
18153,3.995477,54640.14
18154,3.9941452,54644.137
18155,3.9913657,54648.13
18156,3.9874284,54652.117
18157,3.985041,54656.1
18158,3.9809134,54660.082
18159,3.976969,54664.06
18160,3.9708726,54668.03
18161,3.9667075,54671.996
18162,3.9641237,54675.96
18163,3.961678,54679.92
18164,3.9627538,54683.883
18165,3.963969,54687.848
18166,3.9678307,54691.816
18167,3.970235,54695.785
18168,3.9740026,54699.758
18169,3.9789681,54703.74
18170,3.9801776,54707.72
18171,3.9772985,54711.695
18172,3.9739645,54715.668
18173,3.9714541,54719.64
18174,3.9702823,54723.61
18175,3.9694402,54727.58
18176,3.9694471,54731.547
18177,3.970301,54735.516
18178,3.972674,54739.49
18179,3.9759002,54743.465
18180,3.978907,54747.445
18181,3.9810524,54751.426
18182,3.982202,54755.406
18183,3.9817584,54759.387
18184,3.981677,54763.367
18185,3.9828715,54767.35
18186,3.9836676,54771.336
18187,3.9832265,54775.32
18188,3.981057,54779.3
18189,3.9797585,54783.28
18190,3.9821475,54787.26
18191,3.9869003,54791.25
18192,3.9915197,54795.242
18193,3.99501,54799.24
18194,3.9988327,54803.24
18195,4.002956,54807.242
18196,4.0086102,54811.25
18197,4.0130696,54815.26
18198,4.015587,54819.277
18199,4.019245,54823.297
18200,4.021594,54827.32
18201,4.0228314,54831.344
18202,4.0226264,54835.367
18203,4.0199056,54839.387
18204,4.0163035,54843.402
18205,4.0159097,54847.418
18206,4.0155907,54851.434
18207,4.0159135,54855.45
18208,4.0148444,54859.465
18209,4.0163093,54863.48
18210,4.017782,54867.5
18211,4.018755,54871.52
18212,4.019997,54875.54
18213,4.0207825,54879.56
18214,4.020068,54883.58
18215,4.0179605,54887.598
18216,4.016598,54891.613
18217,4.0139174,54895.63
18218,4.010528,54899.64
18219,4.009067,54903.65
18220,4.007676,54907.656
18221,4.00798,54911.664
18222,4.0089707,54915.67
18223,4.011108,54919.684
18224,4.0148025,54923.7
18225,4.019448,54927.72
18226,4.021281,54931.74
18227,4.019597,54935.758
18228,4.015593,54939.773
18229,4.011897,54943.785
18230,4.010724,54947.797
18231,4.0091376,54951.805
18232,4.0064087,54955.812
18233,4.002928,54959.816
18234,4.0001426,54963.816
18235,3.9972131,54967.812
18236,3.9968255,54971.81
18237,3.9970465,54975.805
18238,3.995416,54979.8
18239,3.9925795,54983.793
18240,3.990999,54987.785
18241,3.9903858,54991.777
18242,3.9926314,54995.77
18243,3.9939601,54999.76
18244,3.9950366,55003.758
18245,3.9948502,55007.754
18246,3.9938245,55011.746
18247,3.9937978,55015.74
18248,3.9916754,55019.73
18249,3.9895957,55023.72
18250,3.9869225,55027.707
18251,3.983745,55031.69
18252,3.980468,55035.67
18253,3.977914,55039.65
18254,3.9771974,55043.625
18255,3.9791493,55047.605
18256,3.981186,55051.586
18257,3.9840486,55055.57
18258,3.984737,55059.555
18259,3.98448,55063.54
18260,3.9862726,55067.523
18261,3.9876091,55071.51
18262,3.9897695,55075.5
18263,3.9901433,55079.49
18264,3.990174,55083.477
18265,3.9900005,55087.465
18266,3.9901607,55091.453
18267,3.9917212,55095.445
18268,3.9934943,55099.438
18269,3.9959686,55103.434
18270,3.996078,55107.43
18271,3.996193,55111.426
18272,3.9978893,55115.42
18273,3.9985075,55119.42
18274,3.9997268,55123.42
18275,4.0018854,55127.42
18276,4.005979,55131.43
18277,4.008761,55135.438
18278,4.0075297,55139.445
18279,4.006292,55143.453
18280,4.00627,55147.46
18281,4.007538,55151.47
18282,4.008108,55155.477
18283,4.009411,55159.484
18284,4.0097885,55163.496
18285,4.00967,55167.504
18286,4.0088234,55171.51
18287,4.008672,55175.52
18288,4.008076,55179.527
18289,4.0075727,55183.535
18290,4.0065207,55187.543
18291,4.0071487,55191.55
18292,4.0084534,55195.56
18293,4.0079026,55199.566
18294,4.0074835,55203.574
18295,4.0092983,55207.582
18296,4.011458,55211.594
18297,4.0126953,55215.605
18298,4.010934,55219.617
18299,4.007861,55223.625
18300,4.0061536,55227.633
18301,4.0065694,55231.64
18302,4.0077133,55235.65
18303,4.0087743,55239.656
18304,4.012058,55243.668
18305,4.0135536,55247.68
18306,4.0122213,55251.69
18307,4.0104804,55255.703
18308,4.007568,55259.71
18309,4.0031543,55263.715
18310,3.997895,55267.71
18311,3.9926586,55271.703
18312,3.9916546,55275.695
18313,3.9937487,55279.688
18314,3.9968066,55283.684
18315,4.000267,55287.684
18316,4.0031343,55291.688
18317,4.005204,55295.69
18318,4.0074797,55299.7
18319,4.00863,55303.707
18320,4.007563,55307.715
18321,4.0063224,55311.723
18322,4.006545,55315.73
18323,4.0057373,55319.734
18324,4.005334,55323.74
18325,4.006944,55327.746
18326,4.0104694,55331.758
18327,4.0143027,55335.773
18328,4.01591,55339.79
18329,4.0158744,55343.805
18330,4.0154996,55347.82
18331,4.0132704,55351.832
18332,4.010562,55355.844
18333,4.008883,55359.85
18334,4.008148,55363.86
18335,4.0091047,55367.867
18336,4.010246,55371.88
18337,4.0118747,55375.89
18338,4.011215,55379.902
18339,4.0091834,55383.91
18340,4.0063233,55387.918
18341,4.0020685,55391.92
18342,3.9981925,55395.92
18343,3.9960933,55399.918
18344,3.9952853,55403.914
18345,3.9946983,55407.91
18346,3.996273,55411.906
18347,3.9979818,55415.902
18348,3.9986365,55419.902
18349,3.998533,55423.902
18350,3.9977562,55427.9
18351,3.9938138,55431.89
18352,3.9887931,55435.88
18353,3.982833,55439.863
18354,3.9819963,55443.844
18355,3.984153,55447.83
18356,3.9859412,55451.812
18357,3.9863586,55455.8
18358,3.9866583,55459.79
18359,3.9871511,55463.777
18360,3.9854627,55467.76
18361,3.9844759,55471.746
18362,3.9852786,55475.73
18363,3.9863288,55479.72
18364,3.9862208,55483.703
18365,3.9855938,55487.688
18366,3.9854836,55491.67
18367,3.9829018,55495.656
18368,3.9813821,55499.637
18369,3.9809473,55503.617
18370,3.979655,55507.598
18371,3.9782972,55511.574
18372,3.9777868,55515.55
18373,3.9775493,55519.527
18374,3.9758947,55523.504
18375,3.9754076,55527.48
18376,3.976725,55531.457
18377,3.9791832,55535.438
18378,3.9808986,55539.418
18379,3.9803913,55543.4
18380,3.981096,55547.38
18381,3.9836323,55551.363
18382,3.9857674,55555.348
18383,3.9889264,55559.336
18384,3.9914966,55563.33
18385,3.9945693,55567.324
18386,3.9957936,55571.32
18387,3.9942055,55575.316
18388,3.9927962,55579.31
18389,3.9915962,55583.3
18390,3.9926703,55587.293
18391,3.9952588,55591.29
18392,3.997717,55595.285
18393,3.999551,55599.285
18394,4.001987,55603.29
18395,4.0046186,55607.293
18396,4.007274,55611.3
18397,4.0100665,55615.312
18398,4.0131845,55619.324
18399,4.0161233,55623.34
18400,4.017803,55627.36
18401,4.017341,55631.375
18402,4.015265,55635.39
18403,4.01288,55639.402
18404,4.0108585,55643.414
18405,4.009932,55647.426
18406,4.009152,55651.434
18407,4.0086513,55655.44
18408,4.0071235,55659.45
18409,4.005592,55663.453
18410,4.002501,55667.457
18411,4.0008006,55671.457
18412,4.0001864,55675.457
18413,4.000084,55679.457
18414,4.0005326,55683.457
18415,4.002038,55687.46
18416,4.0062833,55691.47
18417,4.0084386,55695.477
18418,4.009482,55699.484
18419,4.0098057,55703.496
18420,4.010035,55707.508
18421,4.009773,55711.52
18422,4.0101,55715.53
18423,4.0127707,55719.543
18424,4.0137367,55723.56
18425,4.013763,55727.574
18426,4.0140147,55731.59
18427,4.012476,55735.6
18428,4.006102,55739.61
18429,3.9963853,55743.605
18430,3.989136,55747.594
18431,3.9864175,55751.582
18432,3.987072,55755.57
18433,3.9892092,55759.56
18434,3.9914455,55763.55
18435,3.9940922,55767.543
18436,3.9966173,55771.54
18437,3.996939,55775.535
18438,3.9952748,55779.53
18439,3.9928775,55783.523
18440,3.9897156,55787.51
18441,3.986262,55791.496
18442,3.983866,55795.48
18443,3.984071,55799.465
18444,3.9894726,55803.453
18445,3.99503,55807.45
18446,3.9981372,55811.45
18447,3.9985127,55815.45
18448,3.996679,55819.445
18449,3.9944143,55823.44
18450,3.9915597,55827.434
18451,3.988659,55831.42
18452,3.984165,55835.406
18453,3.9805965,55839.387
18454,3.9778972,55843.363
18455,3.9754665,55847.34
18456,3.9735403,55851.312
18457,3.9724143,55855.285
18458,3.9702003,55859.254
18459,3.969039,55863.223
18460,3.9690099,55867.19
18461,3.9716296,55871.164
18462,3.9761178,55875.14
18463,3.9799526,55879.12
18464,3.9801385,55883.1
18465,3.9779086,55887.08
18466,3.979413,55891.06
18467,3.9835272,55895.043
18468,3.9872832,55899.03
18469,3.990169,55903.02
18470,3.994059,55907.01
18471,3.998,55911.008
18472,4.0008655,55915.008
18473,4.0033855,55919.01
18474,4.006436,55923.02
18475,4.007774,55927.027
18476,4.0088286,55931.035
18477,4.0106015,55935.047
18478,4.0101624,55939.06
18479,4.008539,55943.066
18480,4.0041065,55947.07
18481,4.0009217,55951.07
18482,3.9994783,55955.07
18483,3.9993773,55959.07
18484,3.9990294,55963.07
18485,3.9975457,55967.066
18486,3.9972847,55971.062
18487,3.9977627,55975.06
18488,3.9991832,55979.06
18489,4.001493,55983.06
18490,4.0036736,55987.062
18491,4.0056915,55991.066
18492,4.0078564,55995.074
18493,4.009502,55999.082
18494,4.0115523,56003.094
18495,4.012442,56007.105
18496,4.0147624,56011.12
18497,4.018836,56015.14
18498,4.022023,56019.164
18499,4.0227203,56023.188
18500,4.0225663,56027.21
18501,4.0224853,56031.234
18502,4.021175,56035.254
18503,4.019214,56039.273
18504,4.0157504,56043.29
18505,4.011619,56047.3
18506,4.0099277,56051.312
18507,4.011043,56055.324
18508,4.009773,56059.336
18509,4.0066447,56063.344
18510,4.0023627,56067.348
18511,3.9984636,56071.348
18512,3.9964285,56075.344
18513,3.9957776,56079.34
18514,3.996526,56083.336
18515,3.9969296,56087.332
18516,3.9966497,56091.33
18517,3.995668,56095.324
18518,3.992868,56099.316
18519,3.9885488,56103.305
18520,3.9856963,56107.29
18521,3.9845645,56111.273
18522,3.9847531,56115.258
18523,3.9816258,56119.24
18524,3.975914,56123.215
18525,3.9695997,56127.184
18526,3.9662127,56131.15
18527,3.9670694,56135.117
18528,3.9673333,56139.086
18529,3.9712846,56143.06
18530,3.9731874,56147.03
18531,3.9740095,56151.004
18532,3.9741292,56154.977
18533,3.9722042,56158.95
18534,3.972035,56162.92
18535,3.9727528,56166.895
18536,3.9746382,56170.87
18537,3.9754834,56174.848
18538,3.9766357,56178.824
18539,3.9782443,56182.8
18540,3.97854,56186.78
18541,3.9749749,56190.758
18542,3.9721923,56194.73
18543,3.969816,56198.7
18544,3.9688485,56202.668
18545,3.9693508,56206.637
18546,3.9699948,56210.605
18547,3.969944,56214.574
18548,3.9729605,56218.547
18549,3.9757621,56222.523
18550,3.97604,56226.5
18551,3.9736204,56230.473
18552,3.9706054,56234.44
18553,3.9693234,56238.41
18554,3.968867,56242.38
18555,3.9686308,56246.348
18556,3.9697094,56250.316
18557,3.971806,56254.29
18558,3.9737413,56258.26
18559,3.9739058,56262.234
18560,3.9728394,56266.207
18561,3.971003,56270.18
18562,3.970011,56274.15
18563,3.969402,56278.117
18564,3.9708412,56282.09
18565,3.9728847,56286.062
18566,3.975161,56290.04
18567,3.9772592,56294.016
18568,3.9783964,56297.992
18569,3.979435,56301.973
18570,3.9804583,56305.953
18571,3.9801543,56309.934
18572,3.9815052,56313.914
18573,3.9863641,56317.902
18574,3.9916036,56321.895
18575,3.993682,56325.887
18576,3.9933202,56329.88
18577,3.9949923,56333.875
18578,3.9972527,56337.87
18579,3.9992692,56341.87
18580,4.0009327,56345.87
18581,4.001653,56349.87
18582,4.0019984,56353.875
18583,4.0014195,56357.875
18584,3.9986207,56361.875
18585,3.9946659,56365.87
18586,3.992894,56369.863
18587,3.9943135,56373.86
18588,3.9952419,56377.855
18589,3.995254,56381.85
18590,3.996442,56385.848
18591,3.998037,56389.844
18592,3.9988286,56393.844
18593,4.000159,56397.844
18594,4.001278,56401.844
18595,4.0026546,56405.848
18596,4.0030646,56409.85
18597,4.002431,56413.855
18598,4.000703,56417.855
18599,4.0006804,56421.855
18600,4.003864,56425.86
18601,4.0080705,56429.867
18602,4.0123997,56433.88
18603,4.0159473,56437.895
18604,4.018499,56441.914
18605,4.019132,56445.934
18606,4.019884,56449.953
18607,4.0208507,56453.973
18608,4.0211196,56457.992
18609,4.020073,56462.01
18610,4.0175853,56466.03
18611,4.0138745,56470.047
18612,4.0071764,56474.055
18613,4.001264,56478.055
18614,3.9974792,56482.05
18615,3.9968398,56486.047
18616,3.9981909,56490.047
18617,4.000864,56494.047
18618,4.0018578,56498.047
18619,4.00237,56502.05
18620,4.0015855,56506.05
18621,3.9993453,56510.05
18622,3.9941678,56514.047
18623,3.9909484,56518.04
18624,3.9921489,56522.03
18625,3.9956844,56526.027
18626,3.998067,56530.027
18627,3.9996474,56534.027
18628,3.9998097,56538.027
18629,3.9993062,56542.027
18630,4.0003066,56546.027
18631,3.9992638,56550.027
18632,3.9954858,56554.023
18633,3.9899123,56558.01
18634,3.985892,56561.996
18635,3.9833736,56565.98
18636,3.9826083,56569.965
18637,3.9851701,56573.95
18638,3.9893308,56577.938
18639,3.9890916,56581.926
18640,3.9846466,56585.91
18641,3.9789076,56589.89
18642,3.9725473,56593.863
18643,3.9655974,56597.83
18644,3.9625432,56601.79
18645,3.9628487,56605.75
18646,3.9659064,56609.715
18647,3.970465,56613.684
18648,3.972078,56617.656
18649,3.971897,56621.63
18650,3.9685707,56625.598
18651,3.9635286,56629.562
18652,3.9581258,56633.52
18653,3.9531255,56637.473
18654,3.9517498,56641.426
18655,3.9513683,56645.38
18656,3.950512,56649.33
18657,3.9495904,56653.277
18658,3.951874,56657.23
18659,3.956274,56661.188
18660,3.9605343,56665.15
18661,3.9657347,56669.113
18662,3.9684181,56673.082
18663,3.9699147,56677.05
18664,3.969095,56681.02
18665,3.9666698,56684.984
18666,3.9634163,56688.95
18667,3.959427,56692.91
18668,3.9585702,56696.867
18669,3.9568453,56700.824
18670,3.95444,56704.777
18671,3.9551558,56708.734
18672,3.955584,56712.69
18673,3.9587266,56716.65
18674,3.9610553,56720.61
18675,3.964038,56724.574
18676,3.9662657,56728.54
18677,3.9666493,56732.504
18678,3.964288,56736.47
18679,3.9591854,56740.43
18680,3.956524,56744.387
18681,3.9585683,56748.344
18682,3.9636803,56752.31
18683,3.9709542,56756.28
18684,3.9755223,56760.258
18685,3.9767346,56764.234
18686,3.974839,56768.21
18687,3.97144,56772.184
18688,3.9729607,56776.156
18689,3.9766471,56780.133
18690,3.9786813,56784.113
18691,3.9794545,56788.094
18692,3.9789207,56792.074
18693,3.977316,56796.05
18694,3.977229,56800.027
18695,3.9753108,56804.004
18696,3.9759097,56807.98
18697,3.9770367,56811.957
18698,3.9814296,56815.938
18699,3.9868279,56819.926
18700,3.9897833,56823.914
18701,3.990736,56827.906
18702,3.9919302,56831.9
18703,3.9934435,56835.89
18704,3.9966457,56839.887
18705,4.00014,56843.887
18706,4.001968,56847.89
18707,4.0017276,56851.89
18708,3.9991117,56855.89
18709,3.9955013,56859.887
18710,3.9920573,56863.88
18711,3.988843,56867.867
18712,3.9881053,56871.855
18713,3.9900777,56875.844
18714,3.9934447,56879.836
18715,3.9962375,56883.832
18716,3.9952192,56887.83
18717,3.994418,56891.824
18718,3.9956045,56895.82
18719,3.9993575,56899.82
18720,4.0016427,56903.82
18721,4.002608,56907.824
18722,4.002257,56911.83
18723,4.001444,56915.83
18724,4.000753,56919.83
18725,4.000009,56923.83
18726,4.001296,56927.83
18727,4.0025434,56931.832
18728,4.003333,56935.836
18729,4.0037823,56939.84
18730,4.001847,56943.84
18731,3.9965856,56947.836
18732,3.992722,56951.83
18733,3.9919875,56955.82
18734,3.9943752,56959.816
18735,3.9991052,56963.816
18736,4.0018053,56967.816
18737,4.0036654,56971.82
18738,4.0045753,56975.824
18739,4.004374,56979.83
18740,4.004562,56983.832
18741,4.004068,56987.836
18742,4.0041246,56991.84
18743,4.0046525,56995.844
18744,4.004262,56999.848
18745,4.0041428,57003.85
18746,4.0054965,57007.855
18747,4.007422,57011.863
18748,4.0077353,57015.87
18749,4.009385,57019.88
18750,4.0107594,57023.89
18751,4.009847,57027.902
18752,4.007787,57031.91
18753,4.0049,57035.914
18754,4.002584,57039.918
18755,4.0022917,57043.92
18756,4.0021305,57047.926
18757,4.0034437,57051.93
18758,4.00393,57055.934
18759,4.00507,57059.938
18760,4.0038266,57063.94
18761,4.0016174,57067.94
18762,3.9997303,57071.94
18763,3.9994512,57075.94
18764,4.0009184,57079.94
18765,4.0040736,57083.945
18766,4.0073285,57087.953
18767,4.0095353,57091.96
18768,4.009253,57095.97
18769,4.0076375,57099.977
18770,4.0073857,57103.984
18771,4.0075865,57107.992
18772,4.0057244,57111.996
18773,4.0033097,57116.0
18774,4.0017214,57120.0
18775,3.999986,57124.0
18776,3.9987926,57128.0
18777,3.9972289,57131.996
18778,3.9969573,57135.992
18779,3.9980066,57139.99
18780,3.99986,57143.99
18781,4.0024314,57147.992
18782,4.0059266,57152.0
18783,4.0071454,57156.008
18784,4.0071664,57160.016
18785,4.006467,57164.023
18786,4.006758,57168.03
18787,4.0052643,57172.035
18788,4.0034065,57176.04
18789,4.000166,57180.04
18790,4.0000243,57184.04
18791,4.0022035,57188.043
18792,4.0043974,57192.047
18793,4.0066013,57196.055
18794,4.007084,57200.062
18795,4.0055428,57204.066
18796,4.004404,57208.07
18797,4.0047827,57212.074
18798,4.0022473,57216.08
18799,3.996479,57220.074
18800,3.9917476,57224.066
18801,3.9905286,57228.06
18802,3.9927979,57232.05
18803,3.9953878,57236.047
18804,3.9959762,57240.043
18805,3.9968648,57244.04
18806,3.9977047,57248.035
18807,3.9969893,57252.03
18808,3.994901,57256.027
18809,3.993695,57260.02
18810,3.9920723,57264.01
18811,3.989289,57268.0
18812,3.986225,57271.984
18813,3.9846904,57275.97
18814,3.9843295,57279.953
18815,3.9829817,57283.938
18816,3.982711,57287.92
18817,3.9828274,57291.906
18818,3.9812646,57295.887
18819,3.9775794,57299.863
18820,3.9745867,57303.836
18821,3.9754002,57307.812
18822,3.9781854,57311.79
18823,3.980097,57315.77
18824,3.9814186,57319.75
18825,3.982491,57323.734
18826,3.980917,57327.715
18827,3.9790175,57331.695
18828,3.9757223,57335.67
18829,3.9739907,57339.645
18830,3.9752996,57343.62
18831,3.9788778,57347.6
18832,3.9839118,57351.586
18833,3.985894,57355.57
18834,3.9849749,57359.555
18835,3.983937,57363.54
18836,3.9839807,57367.523
18837,3.9821985,57371.504
18838,3.9807935,57375.484
18839,3.9787712,57379.465
18840,3.9749389,57383.44
18841,3.9709938,57387.414
18842,3.9718204,57391.387
18843,3.9753835,57395.363
18844,3.9803708,57399.344
18845,3.983996,57403.33
18846,3.9879062,57407.316
18847,3.994479,57411.312
18848,4.0002866,57415.312
18849,4.003324,57419.316
18850,4.002803,57423.32
18851,3.9997027,57427.32
18852,3.9981375,57431.32
18853,3.997775,57435.316
18854,3.996249,57439.312
18855,3.9952831,57443.31
18856,3.9948738,57447.305
18857,3.995539,57451.3
18858,3.9964142,57455.297
18859,4.0001583,57459.297
18860,4.003696,57463.3
18861,4.0058384,57467.305
18862,4.005946,57471.312
18863,4.006184,57475.32
18864,4.005599,57479.324
18865,4.0047407,57483.33
18866,4.0046167,57487.332
18867,4.005805,57491.336
18868,4.008352,57495.344
18869,4.0101976,57499.355
18870,4.010283,57503.367
18871,4.0095997,57507.375
18872,4.0103946,57511.387
18873,4.0130267,57515.4
18874,4.0169277,57519.414
18875,4.021068,57523.434
18876,4.022209,57527.457
18877,4.022431,57531.48
18878,4.020396,57535.5
18879,4.0160336,57539.516
18880,4.010817,57543.527
18881,4.0058317,57547.53
18882,4.00442,57551.535
18883,4.005887,57555.543
18884,4.0083256,57559.55
18885,4.0101204,57563.562
18886,4.011981,57567.574
18887,4.013274,57571.586
18888,4.015176,57575.6
18889,4.017299,57579.617
18890,4.017819,57583.637
18891,4.0155363,57587.652
18892,4.0133777,57591.664
18893,4.0119004,57595.676
18894,4.011892,57599.688
18895,4.012354,57603.7
18896,4.0129023,57607.71
18897,4.0131564,57611.723
18898,4.0145617,57615.74
18899,4.0151496,57619.754
18900,4.0151935,57623.77
18901,4.0162096,57627.785
18902,4.0184455,57631.805
18903,4.01924,57635.824
18904,4.0190797,57639.844
18905,4.017503,57643.86
18906,4.01494,57647.875
18907,4.011264,57651.887
18908,4.006452,57655.895
18909,4.002806,57659.9
18910,4.001513,57663.9
18911,4.0005436,57667.9
18912,3.9998024,57671.9
18913,4.0008426,57675.9
18914,4.0015388,57679.9
18915,4.002191,57683.902
18916,4.001245,57687.902
18917,4.000029,57691.902
18918,3.9998055,57695.902
18919,3.999436,57699.902
18920,3.997689,57703.9
18921,3.9943502,57707.895
18922,3.9912431,57711.887
18923,3.9900973,57715.875
18924,3.991375,57719.867
18925,3.9918814,57723.86
18926,3.989435,57727.848
18927,3.9860175,57731.832
18928,3.9848197,57735.816
18929,3.9867215,57739.805
18930,3.9900181,57743.793
18931,3.994598,57747.79
18932,3.9963596,57751.785
18933,3.995255,57755.78
18934,3.9919984,57759.773
18935,3.9897277,57763.76
18936,3.9907243,57767.754
18937,3.991011,57771.746
18938,3.989471,57775.734
18939,3.9868317,57779.723
18940,3.9854796,57783.707
18941,3.9834764,57787.69
18942,3.9794893,57791.67
18943,3.9772735,57795.65
18944,3.9776454,57799.625
18945,3.976961,57803.6
18946,3.9789891,57807.582
18947,3.9807053,57811.562
18948,3.9838262,57815.547
18949,3.9869037,57819.535
18950,3.9889648,57823.523
18951,3.9891841,57827.51
18952,3.9894218,57831.5
18953,3.9908545,57835.492
18954,3.9944944,57839.49
18955,3.9971611,57843.484
18956,3.997656,57847.48
18957,3.9981084,57851.48
18958,3.998485,57855.48
18959,3.9992888,57859.48
18960,4.0005383,57863.48
18961,4.0020123,57867.484
18962,4.0033894,57871.49
18963,4.0038333,57875.492
18964,4.0038185,57879.496
18965,4.004643,57883.5
18966,4.0066,57887.508
18967,4.009033,57891.516
18968,4.0129423,57895.527
18969,4.017196,57899.543
18970,4.0180616,57903.562
18971,4.0177393,57907.582
18972,4.0159845,57911.598
18973,4.0149784,57915.613
18974,4.0155826,57919.63
18975,4.0175853,57923.65
18976,4.018474,57927.668
18977,4.0183387,57931.688
18978,4.015451,57935.703
18979,4.0125985,57939.715
18980,4.0120935,57943.727
18981,4.0117316,57947.74
18982,4.0104246,57951.75
18983,4.0096292,57955.758
18984,4.0070515,57959.766
18985,4.0043902,57963.77
18986,4.002791,57967.773
18987,4.002003,57971.777
18988,4.0014143,57975.777
18989,4.0024657,57979.78
18990,4.0035334,57983.785
18991,4.00519,57987.79
18992,4.0029535,57991.793
18993,4.000045,57995.793
18994,3.998082,57999.793
18995,3.9984667,58003.793
18996,3.9983156,58007.793
18997,3.996092,58011.79
18998,3.9925683,58015.78
18999,3.9887013,58019.77
19000,3.9858685,58023.754
19001,3.984303,58027.74
19002,3.9833016,58031.723
19003,3.9817965,58035.703
19004,3.9823256,58039.684
19005,3.9830773,58043.668
19006,3.9837465,58047.652
19007,3.9852242,58051.637
19008,3.9884517,58055.625
19009,3.9917085,58059.617
19010,3.993887,58063.61
19011,3.995111,58067.605
19012,3.9973266,58071.6
19013,3.9995675,58075.6
19014,3.999478,58079.6
19015,3.9978049,58083.598
19016,3.9974964,58087.594
19017,3.995509,58091.59
19018,3.993,58095.582
19019,3.991586,58099.574
19020,3.991315,58103.566
19021,3.9905694,58107.56
19022,3.987488,58111.547
19023,3.984634,58115.53
19024,3.9822693,58119.51
19025,3.9805245,58123.492
19026,3.9804916,58127.473
19027,3.9826283,58131.457
19028,3.983653,58135.44
19029,3.9836135,58139.426
19030,3.982909,58143.41
19031,3.9842987,58147.395
19032,3.9853032,58151.38
19033,3.9859872,58155.363
19034,3.9865246,58159.35
19035,3.9859707,58163.336
19036,3.985609,58167.32
19037,3.9843848,58171.305
19038,3.9824061,58175.285
19039,3.9781392,58179.26
19040,3.975277,58183.24
19041,3.97341,58187.21
19042,3.9708712,58191.184
19043,3.9701815,58195.152
19044,3.9711285,58199.125
19045,3.9732757,58203.098
19046,3.9747412,58207.074
19047,3.975108,58211.05
19048,3.9764397,58215.027
19049,3.977191,58219.004
19050,3.9768298,58222.98
19051,3.970553,58226.95
19052,3.9623332,58230.91
19053,3.9547598,58234.863
19054,3.9515655,58238.816
19055,3.951797,58242.77
19056,3.9519374,58246.723
19057,3.9513087,58250.676
19058,3.9483953,58254.625
19059,3.943269,58258.566
19060,3.9386623,58262.504
19061,3.9346404,58266.438
19062,3.9332304,58270.37
19063,3.9331396,58274.305
19064,3.9337497,58278.24
19065,3.936076,58282.176
19066,3.9399316,58286.117
19067,3.9445279,58290.062
19068,3.9473348,58294.01
19069,3.9467561,58297.957
19070,3.94456,58301.902
19071,3.9428482,58305.844
19072,3.9424355,58309.785
19073,3.942684,58313.727
19074,3.9420593,58317.668
19075,3.9400122,58321.61
19076,3.938815,58325.547
19077,3.937776,58329.484
19078,3.9364412,58333.42
19079,3.9374404,58337.36
19080,3.938254,58341.297
19081,3.9380252,58345.234
19082,3.936401,58349.17
19083,3.9334073,58353.105
19084,3.9306,58357.035
19085,3.9265404,58360.96
19086,3.9231613,58364.883
19087,3.9194393,58368.8
19088,3.9176097,58372.72
19089,3.9163437,58376.637
19090,3.91803,58380.555
19091,3.9200265,58384.477
19092,3.9192986,58388.395
19093,3.9168057,58392.312
19094,3.917118,58396.23
19095,3.9175634,58400.15
19096,3.9186163,58404.066
19097,3.916234,58407.984
19098,3.9153714,58411.9
19099,3.9143384,58415.812
19100,3.916105,58419.73
19101,3.9190326,58423.65
19102,3.921507,58427.57
19103,3.9239328,58431.496
19104,3.926542,58435.42
19105,3.928831,58439.35
19106,3.9304702,58443.28
19107,3.9320798,58447.215
19108,3.935836,58451.152
19109,3.9376416,58455.09
19110,3.9363427,58459.027
19111,3.9358084,58462.965
19112,3.9357784,58466.902
19113,3.9338467,58470.836
19114,3.9313939,58474.766
19115,3.9281383,58478.695
19116,3.9261706,58482.62
19117,3.9242332,58486.547
19118,3.9237933,58490.47
19119,3.9243462,58494.395
19120,3.923996,58498.32
19121,3.9230864,58502.242
19122,3.9218826,58506.164
19123,3.9189613,58510.082
19124,3.9157925,58513.996
19125,3.9107068,58517.906
19126,3.9078445,58521.812
19127,3.9057698,58525.72
19128,3.904655,58529.625
19129,3.904315,58533.53
19130,3.90524,58537.438
19131,3.9062576,58541.344
19132,3.906882,58545.25
19133,3.9063253,58549.156
19134,3.9052773,58553.062
19135,3.9031913,58556.965
19136,3.9017982,58560.867
19137,3.901293,58564.77
19138,3.9012468,58568.67
19139,3.900175,58572.57
19140,3.9006848,58576.473
19141,3.8985925,58580.37
19142,3.8959656,58584.266
19143,3.8947313,58588.16
19144,3.8984392,58592.06
19145,3.9021046,58595.96
19146,3.9029236,58599.863
19147,3.900831,58603.766
19148,3.8970003,58607.664
19149,3.8961732,58611.56
19150,3.8971226,58615.457
19151,3.8979955,58619.355
19152,3.8986788,58623.254
19153,3.8989937,58627.152
19154,3.8995917,58631.05
19155,3.8981085,58634.95
19156,3.893486,58638.844
19157,3.8878987,58642.73
19158,3.8854809,58646.617
19159,3.8880236,58650.504
19160,3.89255,58654.395
19161,3.8971834,58658.293
19162,3.8999376,58662.19
19163,3.9013655,58666.094
19164,3.904571,58670.0
19165,3.9069922,58673.906
19166,3.9080136,58677.812
19167,3.9078946,58681.72
19168,3.9033868,58685.62
19169,3.8996646,58689.52
19170,3.8979204,58693.418
19171,3.9011202,58697.32
19172,3.903545,58701.223
19173,3.907505,58705.13
19174,3.9122276,58709.043
19175,3.917432,58712.96
19176,3.9195876,58716.88
19177,3.9233336,58720.8
19178,3.9265487,58724.727
19179,3.930494,58728.656
19180,3.9347966,58732.59
19181,3.9391525,58736.527
19182,3.9429333,58740.47
19183,3.9461803,58744.414
19184,3.9485805,58748.363
19185,3.9520843,58752.316
19186,3.955819,58756.273
19187,3.9585295,58760.23
19188,3.9604585,58764.19
19189,3.9639103,58768.156
19190,3.968619,58772.125
19191,3.972028,58776.098
19192,3.9748552,58780.074
19193,3.9747295,58784.05
19194,3.9765155,58788.027
19195,3.9796033,58792.008
19196,3.9829643,58795.992
19197,3.9866993,58799.98
19198,3.9904258,58803.973
19199,3.9926674,58807.965
19200,3.993716,58811.957
19201,3.992412,58815.95
19202,3.9904976,58819.94
19203,3.9886217,58823.93
19204,3.9880362,58827.918
19205,3.9866486,58831.906
19206,3.9828198,58835.89
19207,3.9773042,58839.867
19208,3.9704711,58843.836
19209,3.9637966,58847.8
19210,3.9584677,58851.758
19211,3.9532418,58855.71
19212,3.948361,58859.66
19213,3.9426095,58863.6
19214,3.9373622,58867.54
19215,3.9307144,58871.47
19216,3.922077,58875.39
19217,3.915458,58879.305
19218,3.9084206,58883.215
19219,3.9025874,58887.117
19220,3.8951168,58891.01
19221,3.890842,58894.902
19222,3.8849826,58898.79
19223,3.8804162,58902.668
19224,3.875485,58906.543
19225,3.87306,58910.418
19226,3.8689024,58914.285
19227,3.8648121,58918.15
19228,3.8594513,58922.008
19229,3.8528976,58925.86
19230,3.8468556,58929.707
19231,3.8429866,58933.55
19232,3.841699,58937.39
19233,3.838449,58941.23
19234,3.8317416,58945.062
19235,3.823064,58948.887
19236,3.815144,58952.703
19237,3.8057146,58956.508
19238,3.7956076,58960.305
19239,3.782316,58964.086
19240,3.7695415,58967.855
19241,3.7550871,58971.61
19242,3.746304,58975.355
19243,3.7400231,58979.094
19244,3.734372,58982.83
19245,3.7262726,58986.555
19246,3.7176845,58990.273
19247,3.711559,58993.984
19248,3.712087,58997.695
19249,3.7147207,59001.41
19250,3.7168605,59005.13
19251,3.7195044,59008.848
19252,3.723725,59012.57
19253,3.7264392,59016.297
19254,3.7258978,59020.023
19255,3.7238252,59023.746
19256,3.7205577,59027.465
19257,3.7162864,59031.18
19258,3.7145495,59034.895
19259,3.7130802,59038.61
19260,3.7109194,59042.32
19261,3.7073212,59046.027
19262,3.7052524,59049.734
19263,3.7039156,59053.438
19264,3.7033703,59057.14
19265,3.7014394,59060.844
19266,3.7003682,59064.543
19267,3.699554,59068.242
19268,3.7004423,59071.94
19269,3.7000911,59075.64
19270,3.6989496,59079.34
19271,3.6970792,59083.035
19272,3.6950173,59086.73
19273,3.6913748,59090.42
19274,3.688114,59094.11
19275,3.6847446,59097.793
19276,3.6824532,59101.477
19277,3.6802087,59105.156
19278,3.6765108,59108.832
19279,3.6719441,59112.504
19280,3.668721,59116.17
19281,3.6673584,59119.84
19282,3.665685,59123.504
19283,3.6627896,59127.168
19284,3.6597588,59130.83
19285,3.6575735,59134.484
19286,3.65585,59138.14
19287,3.6537118,59141.793
19288,3.6509545,59145.445
19289,3.6476114,59149.094
19290,3.6445317,59152.74
19291,3.6418982,59156.38
19292,3.6397865,59160.02
19293,3.6367934,59163.656
19294,3.6340172,59167.29
19295,3.6305392,59170.918
19296,3.6269426,59174.543
19297,3.6239605,59178.168
19298,3.6220334,59181.79
19299,3.619564,59185.41
19300,3.6165655,59189.027
19301,3.6131155,59192.64
19302,3.6095924,59196.25
19303,3.6054895,59199.855
19304,3.6106842,59203.465
19305,3.6202931,59207.086
19306,3.633881,59210.72
19307,3.6451147,59214.363
19308,3.660183,59218.023
19309,3.674735,59221.7
19310,3.6926727,59225.39
19311,3.7087789,59229.098
19312,3.725794,59232.824
19313,3.7396462,59236.562
19314,3.753769,59240.316
19315,3.7652318,59244.082
19316,3.776366,59247.86
19317,3.7849007,59251.645
19318,3.791985,59255.438
19319,3.7966638,59259.234
19320,3.8002908,59263.035
19321,3.80253,59266.836
19322,3.806413,59270.64
19323,3.8096993,59274.45
19324,3.813886,59278.26
19325,3.8171048,59282.08
19326,3.8192742,59285.9
19327,3.8202863,59289.72
19328,3.8212504,59293.54
19329,3.8205743,59297.36
19330,3.8182743,59301.176
19331,3.8152895,59304.992
19332,3.81305,59308.805
19333,3.810568,59312.617
19334,3.8080711,59316.426
19335,3.8052135,59320.23
19336,3.8021965,59324.03
19337,3.798717,59327.83
19338,3.7960167,59331.625
19339,3.7937822,59335.418
19340,3.7914681,59339.21
19341,3.7893872,59343.0
19342,3.7874417,59346.79
19343,3.785877,59350.574
19344,3.7849407,59354.36
19345,3.783914,59358.145
19346,3.7827785,59361.926
19347,3.781844,59365.707
19348,3.7811766,59369.49
19349,3.779914,59373.27
19350,3.7790234,59377.047
19351,3.77681,59380.824
19352,3.7719057,59384.598
19353,3.7698653,59388.367
19354,3.767806,59392.137
19355,3.7671697,59395.902
19356,3.7639675,59399.668
19357,3.7624986,59403.43
19358,3.7600899,59407.19
19359,3.7607963,59410.953
19360,3.7621973,59414.715
19361,3.7660253,59418.48
19362,3.7687807,59422.25
19363,3.7705355,59426.02
19364,3.769347,59429.79
19365,3.766376,59433.555
19366,3.7582996,59437.312
19367,3.7461703,59441.06
19368,3.731546,59444.79
19369,3.7175906,59448.508
19370,3.7106671,59452.22
19371,3.711614,59455.93
19372,3.7171142,59459.65
19373,3.7259586,59463.375
19374,3.730394,59467.105
19375,3.7319689,59470.836
19376,3.731655,59474.566
19377,3.731196,59478.297
19378,3.7353606,59482.03
19379,3.7427814,59485.773
19380,3.7502768,59489.523
19381,3.7533069,59493.277
19382,3.7559023,59497.035
19383,3.7614992,59500.797
19384,3.7677193,59504.566
19385,3.7710714,59508.336
19386,3.7730913,59512.11
19387,3.776507,59515.887
19388,3.7812283,59519.668
19389,3.7846293,59523.453
19390,3.7866805,59527.24
19391,3.785344,59531.023
19392,3.7820778,59534.805
19393,3.778044,59538.582
19394,3.7768626,59542.36
19395,3.7760055,59546.137
19396,3.7750552,59549.91
19397,3.7733488,59553.684
19398,3.771441,59557.453
19399,3.7688384,59561.223
19400,3.7662444,59564.99
19401,3.76287,59568.75
19402,3.759098,59572.508
19403,3.7574413,59576.266
19404,3.7591796,59580.023
19405,3.7634618,59583.785
19406,3.7677944,59587.555
19407,3.7712736,59591.324
19408,3.7722378,59595.098
19409,3.7709148,59598.867
19410,3.7678552,59602.637
19411,3.7641516,59606.402
19412,3.7629442,59610.164
19413,3.7627165,59613.926
19414,3.7648747,59617.69
19415,3.766727,59621.457
19416,3.767706,59625.227
19417,3.767169,59628.992
19418,3.7642434,59632.758
19419,3.7614162,59636.52
19420,3.7604365,59640.28
19421,3.7589312,59644.04
19422,3.7566648,59647.797
19423,3.753315,59651.55
19424,3.74933,59655.3
19425,3.746134,59659.047
19426,3.7454104,59662.793
19427,3.7447348,59666.54
19428,3.7425563,59670.28
19429,3.7391973,59674.02
19430,3.7370403,59677.758
19431,3.7360516,59681.492
19432,3.7369897,59685.23
19433,3.7374377,59688.97
19434,3.7372887,59692.707
19435,3.7371545,59696.445
19436,3.737463,59700.184
19437,3.7374775,59703.92
19438,3.734561,59707.656
19439,3.7319806,59711.387
19440,3.7305157,59715.117
19441,3.729026,59718.848
19442,3.7277396,59722.574
19443,3.725949,59726.3
19444,3.724142,59730.023
19445,3.7223,59733.746
19446,3.721487,59737.47
19447,3.720829,59741.19
19448,3.7186315,59744.91
19449,3.7152383,59748.625
19450,3.710799,59752.336
19451,3.7055507,59756.043
19452,3.7016919,59759.746
19453,3.6984282,59763.445
19454,3.6973982,59767.145
19455,3.6962602,59770.84
19456,3.6950197,59774.535
19457,3.6935658,59778.23
19458,3.69084,59781.92
19459,3.687851,59785.61
19460,3.6857677,59789.297
19461,3.6838636,59792.98
19462,3.6834295,59796.664
19463,3.6825824,59800.348
19464,3.6810896,59804.027
19465,3.6790948,59807.707
19466,3.6755307,59811.383
19467,3.6717827,59815.055
19468,3.66804,59818.723
19469,3.6633313,59822.387
19470,3.6601918,59826.047
19471,3.6563866,59829.703
19472,3.6537054,59833.355
19473,3.6514452,59837.008
19474,3.6501427,59840.656
19475,3.6495585,59844.305
19476,3.649252,59847.953
19477,3.6481934,59851.6
19478,3.64616,59855.246
19479,3.6437063,59858.89
19480,3.6416976,59862.53
19481,3.639327,59866.17
19482,3.6351016,59869.81
19483,3.6329277,59873.44
19484,3.6321764,59877.074
19485,3.631842,59880.707
19486,3.6304877,59884.336
19487,3.6292226,59887.965
19488,3.6281915,59891.594
19489,3.6277683,59895.223
19490,3.628512,59898.85
19491,3.6298394,59902.48
19492,3.6293662,59906.11
19493,3.629272,59909.74
19494,3.6274168,59913.367
19495,3.6262472,59916.992
19496,3.6259375,59920.617
19497,3.6270578,59924.246
19498,3.6284637,59927.875
19499,3.6299553,59931.504
19500,3.6310356,59935.137
19501,3.6319628,59938.77
19502,3.6316822,59942.402
19503,3.6318529,59946.035
19504,3.6334233,59949.668
19505,3.6351845,59953.305
19506,3.6266887,59956.93
19507,3.6247625,59960.555
19508,3.623855,59964.18
19509,3.6238184,59967.805
19510,3.616698,59971.42
19511,3.6105242,59975.03
19512,3.5936365,59978.625
19513,3.5688689,59982.195
19514,3.5206978,59985.715
19515,3.4652982,59989.18
19516,3.4295473,59992.61
19517,3.4172215,59996.027
19518,3.4211342,59999.45
19519,3.4171386,60002.867
19520,3.422742,60006.29
19521,3.4232996,60009.71
19522,3.434692,60013.145
19523,3.433529,60016.58
19524,3.4461687,60020.023
19525,3.4463358,60023.47
19526,3.4602292,60026.93
19527,3.4607794,60030.39
19528,3.4720442,60033.863
19529,3.4712927,60037.336
19530,3.4816148,60040.816
19531,3.485937,60044.3
19532,3.4967697,60047.797
19533,3.5013754,60051.297
19534,3.509154,60054.805
19535,3.5128274,60058.316
19536,3.5179543,60061.836
19537,3.5223722,60065.36
19538,3.5281122,60068.887
19539,3.531699,60072.418
19540,3.5347009,60075.953
19541,3.5371377,60079.492
19542,3.5357823,60083.027
19543,3.536385,60086.562
19544,3.5394049,60090.1
19545,3.541462,60093.645
19546,3.5447328,60097.188
19547,3.5544176,60100.742
19548,3.5620935,60104.305
19549,3.5620842,60107.867
19550,3.5589633,60111.426
19551,3.5612612,60114.99
19552,3.567663,60118.555
19553,3.5714972,60122.125
19554,3.5705602,60125.695
19555,3.5854132,60129.28
19556,3.592368,60132.875
19557,3.609109,60136.484
19558,3.6276546,60140.113
19559,3.6552901,60143.77
19560,3.6763067,60147.445
19561,3.6961565,60151.14
19562,3.7155867,60154.855
19563,3.7420895,60158.598
19564,3.7598982,60162.36
19565,3.769912,60166.13
19566,3.7725313,60169.902
19567,3.7756984,60173.68
19568,3.776169,60177.457
19569,3.77595,60181.234
19570,3.7755759,60185.01
19571,3.7742836,60188.785
19572,3.7664566,60192.55
19573,3.7565634,60196.31
19574,3.7485783,60200.06
19575,3.7415347,60203.8
19576,3.7321858,60207.53
19577,3.7237837,60211.254
19578,3.7211013,60214.977
19579,3.7256706,60218.703
19580,3.7324727,60222.438
19581,3.737628,60226.176
19582,3.739407,60229.914
19583,3.7368789,60233.652
19584,3.7342618,60237.387
19585,3.7281156,60241.113
19586,3.7223434,60244.836
19587,3.7195125,60248.555
19588,3.7187057,60252.273
19589,3.7119036,60255.984
19590,3.7049625,60259.688
19591,3.6972623,60263.383
19592,3.6919265,60267.074
19593,3.6848855,60270.758
19594,3.6816225,60274.438
19595,3.6800866,60278.117
19596,3.6855636,60281.805
19597,3.697004,60285.5
19598,3.7113593,60289.21
19599,3.727358,60292.938
19600,3.7506857,60296.688
19601,3.7765236,60300.465
19602,3.805349,60304.27
19603,3.8298814,60308.098
19604,3.8473995,60311.945
19605,3.8637383,60315.81
19606,3.876377,60319.684
19607,3.8827398,60323.566
19608,3.8839822,60327.45
19609,3.8829963,60331.332
19610,3.882941,60335.215
19611,3.8824377,60339.098
19612,3.879956,60342.977
19613,3.8769941,60346.855
19614,3.876716,60350.73
19615,3.8771904,60354.61
19616,3.8789175,60358.49
19617,3.878968,60362.367
19618,3.8786976,60366.246
19619,3.8793643,60370.125
19620,3.8822255,60374.008
19621,3.8837316,60377.89
19622,3.885451,60381.777
19623,3.8850255,60385.664
19624,3.8839366,60389.547
19625,3.8826833,60393.43
19626,3.8811886,60397.312
19627,3.8775046,60401.19
19628,3.8738036,60405.066
19629,3.8688335,60408.934
19630,3.8657184,60412.8
19631,3.861528,60416.664
19632,3.8599827,60420.523
19633,3.8593228,60424.383
19634,3.8576126,60428.242
19635,3.8541927,60432.098
19636,3.8552272,60435.953
19637,3.8595467,60439.812
19638,3.8658073,60443.68
19639,3.870138,60447.55
19640,3.8738604,60451.426
19641,3.8760185,60455.3
19642,3.8803623,60459.18
19643,3.882756,60463.062
19644,3.8830037,60466.945
19645,3.881214,60470.83
19646,3.8809183,60474.71
19647,3.87926,60478.59
19648,3.87604,60482.465
19649,3.8723576,60486.336
19650,3.8686056,60490.203
19651,3.863158,60494.066
19652,3.8555746,60497.92
19653,3.8413863,60501.76
19654,3.8209457,60505.582
19655,3.7990935,60509.383
19656,3.7849274,60513.168
19657,3.7736385,60516.94
19658,3.759423,60520.7
19659,3.739522,60524.438
19660,3.717801,60528.156
19661,3.690856,60531.848
19662,3.6770992,60535.523
19663,3.6734297,60539.195
19664,3.6736157,60542.867
19665,3.6741076,60546.543
19666,3.6712806,60550.215
19667,3.6676297,60553.883
19668,3.664003,60557.547
19669,3.6597905,60561.207
19670,3.6583192,60564.867
19671,3.660369,60568.527
19672,3.6656823,60572.19
19673,3.6706634,60575.863
19674,3.670638,60579.535
19675,3.665446,60583.2
19676,3.655711,60586.855
19677,3.6463602,60590.5
19678,3.6415105,60594.14
19679,3.638949,60597.78
19680,3.6385684,60601.418
19681,3.6375034,60605.055
19682,3.6378798,60608.69
19683,3.6387913,60612.332
19684,3.6384432,60615.97
19685,3.63781,60619.605
19686,3.6346784,60623.24
19687,3.6311615,60626.87
19688,3.6276038,60630.5
19689,3.6224737,60634.12
19690,3.6185958,60637.74
19691,3.6145477,60641.35
19692,3.612863,60644.965
19693,3.6126416,60648.58
19694,3.6127694,60652.19
19695,3.613567,60655.805
19696,3.6162775,60659.42
19697,3.620235,60663.043
19698,3.6217904,60666.664
19699,3.6223056,60670.285
19700,3.6209579,60673.906
19701,3.6203935,60677.527
19702,3.619493,60681.15
19703,3.6186817,60684.766
19704,3.617397,60688.383
19705,3.6154482,60692.0
19706,3.612755,60695.613
19707,3.6084554,60699.223
19708,3.6035624,60702.83
19709,3.5992322,60706.426
19710,3.600659,60710.027
19711,3.602062,60713.63
19712,3.6073084,60717.234
19713,3.6121306,60720.848
19714,3.6138,60724.46
19715,3.615891,60728.08
19716,3.6148946,60731.69
19717,3.6149836,60735.305
19718,3.6150174,60738.918
19719,3.6145277,60742.53
19720,3.6150882,60746.145
19721,3.6177468,60749.76
19722,3.6262949,60753.387
19723,3.6352022,60757.023
19724,3.6370282,60760.66
19725,3.6426098,60764.305
19726,3.6427178,60767.95
19727,3.6420753,60771.59
19728,3.644221,60775.234
19729,3.6499133,60778.883
19730,3.6523623,60782.535
19731,3.6537077,60786.188
19732,3.6556125,60789.844
19733,3.6578245,60793.5
19734,3.6589906,60797.16
19735,3.661473,60800.82
19736,3.6638122,60804.484
19737,3.6674206,60808.152
19738,3.6716566,60811.824
19739,3.67531,60815.5
19740,3.6765769,60819.176
19741,3.6767647,60822.85
19742,3.674347,60826.527
19743,3.672552,60830.2
19744,3.6711586,60833.87
19745,3.667838,60837.54
19746,3.6632824,60841.203
19747,3.6578708,60844.86
19748,3.6535964,60848.51
19749,3.6501465,60852.16
19750,3.6476443,60855.81
19751,3.6454406,60859.453
19752,3.640673,60863.094
19753,3.635533,60866.73
19754,3.6327176,60870.363
19755,3.6331267,60873.996
19756,3.6357694,60877.633
19757,3.6391902,60881.273
19758,3.6426256,60884.918
19759,3.6451397,60888.562
19760,3.6460495,60892.207
19761,3.646345,60895.85
19762,3.6460314,60899.496
19763,3.6445544,60903.14
19764,3.6430538,60906.785
19765,3.6436508,60910.43
19766,3.6444411,60914.074
19767,3.6431346,60917.72
19768,3.6391618,60921.36
19769,3.6356616,60924.996
19770,3.6313972,60928.63
19771,3.6262627,60932.254
19772,3.624041,60935.88
19773,3.6187031,60939.496
19774,3.6115842,60943.11
19775,3.6044054,60946.715
19776,3.601842,60950.316
19777,3.6019678,60953.918
19778,3.6046777,60957.523
19779,3.6068382,60961.13
19780,3.605376,60964.734
19781,3.6016302,60968.336
19782,3.5987723,60971.934
19783,3.5973287,60975.53
19784,3.5987659,60979.13
19785,3.6001706,60982.73
19786,3.6011152,60986.332
19787,3.6023512,60989.934
19788,3.604256,60993.54
19789,3.6048858,60997.145
19790,3.604873,61000.75
19791,3.6055205,61004.355
19792,3.607091,61007.96
19793,3.6101274,61011.57
19794,3.6141787,61015.184
19795,3.6197908,61018.805
19796,3.62709,61022.434
19797,3.6321187,61026.066
19798,3.6321182,61029.7
19799,3.6310341,61033.332
19800,3.6312077,61036.965
19801,3.6352725,61040.6
19802,3.6395385,61044.242
19803,3.641671,61047.883
19804,3.6434224,61051.527
19805,3.6458015,61055.17
19806,3.648727,61058.82
19807,3.651581,61062.473
19808,3.6521142,61066.125
19809,3.6499505,61069.773
19810,3.6478755,61073.42
19811,3.6452858,61077.066
19812,3.6454122,61080.71
19813,3.645707,61084.355
19814,3.6451635,61088.0
19815,3.644706,61091.645
19816,3.6425087,61095.285
19817,3.64225,61098.926
19818,3.6474643,61102.574
19819,3.6550188,61106.23
19820,3.6601732,61109.89
19821,3.6638129,61113.555
19822,3.6681464,61117.223
19823,3.672991,61120.895
19824,3.6778457,61124.574
19825,3.6800954,61128.254
19826,3.6799536,61131.934
19827,3.681029,61135.613
19828,3.6839926,61139.297
19829,3.6856258,61142.984
19830,3.6855304,61146.668
19831,3.6856275,61150.355
19832,3.6829054,61154.04
19833,3.6776867,61157.715
19834,3.6735485,61161.387
19835,3.6706276,61165.06
19836,3.6683342,61168.727
19837,3.6670043,61172.395
19838,3.6688428,61176.062
19839,3.6732051,61179.734
19840,3.6790698,61183.414
19841,3.6861808,61187.1
19842,3.6912308,61190.793
19843,3.694126,61194.49
19844,3.6942053,61198.184
19845,3.6918712,61201.875
19846,3.6880105,61205.562
19847,3.6863253,61209.25
19848,3.6902356,61212.94
19849,3.6970296,61216.637
19850,3.701858,61220.34
19851,3.7033675,61224.043
19852,3.7036955,61227.746
19853,3.7043996,61231.45
19854,3.7039065,61235.152
19855,3.7016733,61238.855
19856,3.699178,61242.555
19857,3.696988,61246.25
19858,3.697107,61249.945
19859,3.6965017,61253.64
19860,3.6929107,61257.332
19861,3.6896725,61261.023
19862,3.6877944,61264.71
19863,3.6891043,61268.4
19864,3.6904933,61272.09
19865,3.6912558,61275.78
19866,3.6928945,61279.473
19867,3.6975772,61283.17
19868,3.7026281,61286.875
19869,3.706506,61290.582
19870,3.7098541,61294.293
19871,3.7132158,61298.008
19872,3.7136977,61301.723
19873,3.7136886,61305.438
19874,3.7162466,61309.152
19875,3.718744,61312.87
19876,3.7202787,61316.59
19877,3.7223222,61320.312
19878,3.7254217,61324.04
19879,3.727311,61327.766
19880,3.7255569,61331.492
19881,3.7222323,61335.215
19882,3.7192104,61338.934
19883,3.7172987,61342.652
19884,3.715577,61346.367
19885,3.7151158,61350.082
19886,3.7120302,61353.793
19887,3.7092314,61357.504
19888,3.7087424,61361.21
19889,3.711607,61364.92
19890,3.7162657,61368.637
19891,3.7196832,61372.355
19892,3.7183337,61376.074
19893,3.715933,61379.79
19894,3.716215,61383.504
19895,3.7191129,61387.223
19896,3.7227144,61390.945
19897,3.725633,61394.67
19898,3.7250743,61398.4
19899,3.7212856,61402.12
19900,3.7152066,61405.836
19901,3.712941,61409.55
19902,3.7145004,61413.266
19903,3.7174437,61416.984
19904,3.7236018,61420.707
19905,3.7320144,61424.438
19906,3.7372048,61428.176
19907,3.7389631,61431.914
19908,3.7403533,61435.656
19909,3.7411034,61439.4
19910,3.7400231,61443.137
19911,3.7349641,61446.87
19912,3.7270956,61450.598
19913,3.7238617,61454.32
19914,3.7248912,61458.047
19915,3.7276747,61461.773
19916,3.7309313,61465.504
19917,3.7311232,61469.234
19918,3.729679,61472.965
19919,3.7325087,61476.7
19920,3.7396278,61480.438
19921,3.7471473,61484.184
19922,3.7496092,61487.934
19923,3.7479858,61491.68
19924,3.7455459,61495.426
19925,3.741485,61499.168
19926,3.7365112,61502.906
19927,3.7320163,61506.637
19928,3.7336519,61510.37
19929,3.7391567,61514.11
19930,3.7448697,61517.855
19931,3.7508426,61521.605
19932,3.756528,61525.363
19933,3.7605758,61529.125
19934,3.7598572,61532.887
19935,3.755903,61536.645
19936,3.7524168,61540.4
19937,3.7477007,61544.145
19938,3.744115,61547.887
19939,3.7417734,61551.63
19940,3.7384036,61555.367
19941,3.7343745,61559.1
19942,3.7282588,61562.83
19943,3.7205758,61566.547
19944,3.712096,61570.258
19945,3.7061772,61573.965
19946,3.706554,61577.67
19947,3.7133505,61581.387
19948,3.7237663,61585.11
19949,3.7341495,61588.844
19950,3.736302,61592.58
19951,3.7330813,61596.312
19952,3.7313366,61600.043
19953,3.7339394,61603.777
19954,3.739319,61607.516
19955,3.74527,61611.26
19956,3.7523549,61615.016
19957,3.7577772,61618.773
19958,3.75957,61622.53
19959,3.7541656,61626.285
19960,3.7474403,61630.03
19961,3.7414174,61633.773
19962,3.737228,61637.51
19963,3.7324986,61641.246
19964,3.7283568,61644.973
19965,3.7275026,61648.7
19966,3.7287614,61652.43
19967,3.7315688,61656.16
19968,3.7349374,61659.895
19969,3.7357137,61663.63
19970,3.733554,61667.363
19971,3.732384,61671.094
19972,3.73391,61674.83
19973,3.7377663,61678.566
19974,3.7403905,61682.31
19975,3.7418582,61686.05
19976,3.7410076,61689.793
19977,3.7362616,61693.527
19978,3.7299583,61697.258
19979,3.723546,61700.98
19980,3.7164352,61704.695
19981,3.7089987,61708.406
19982,3.7037954,61712.11
19983,3.7034748,61715.812
19984,3.7052355,61719.52
19985,3.7080405,61723.227
19986,3.711316,61726.938
19987,3.7134275,61730.652
19988,3.7136035,61734.367
19989,3.7178361,61738.086
19990,3.7234685,61741.81
19991,3.7297707,61745.54
19992,3.7356372,61749.273
19993,3.7391539,61753.01
19994,3.7368972,61756.75
19995,3.7340808,61760.484
19996,3.730456,61764.215
19997,3.7285564,61767.945
19998,3.73086,61771.676
19999,3.7346697,61775.41
20000,3.7379873,61779.15
20001,3.7414997,61782.89
20002,3.7437007,61786.633
20003,3.7422748,61790.375
20004,3.7394786,61794.113
20005,3.7370868,61797.85
20006,3.7368448,61801.59
20007,3.7375786,61805.33
20008,3.7387404,61809.066
20009,3.738739,61812.805
20010,3.7368898,61816.543
20011,3.7320416,61820.273
20012,3.7263136,61824.0
20013,3.7209625,61827.723
20014,3.7197855,61831.44
20015,3.726064,61835.168
20016,3.733378,61838.902
20017,3.7359183,61842.637
20018,3.7353816,61846.37
20019,3.7312071,61850.1
20020,3.7240672,61853.824
20021,3.7171838,61857.543
20022,3.7126074,61861.254
20023,3.711525,61864.965
20024,3.718169,61868.684
20025,3.7273626,61872.41
20026,3.7303932,61876.14
20027,3.7312975,61879.87
20028,3.7346454,61883.605
20029,3.739305,61887.344
20030,3.7388744,61891.082
20031,3.7378774,61894.82
20032,3.7394552,61898.56
20033,3.7384048,61902.297
20034,3.735374,61906.03
20035,3.7377987,61909.77
20036,3.744991,61913.516
20037,3.752144,61917.27
20038,3.7537642,61921.023
20039,3.7503026,61924.773
20040,3.7468035,61928.52
20041,3.7422857,61932.26
20042,3.7390618,61936.0
20043,3.737943,61939.74
20044,3.7378204,61943.477
20045,3.7369106,61947.215
20046,3.7348485,61950.95
20047,3.731708,61954.68
20048,3.7283816,61958.406
20049,3.7251372,61962.133
20050,3.7223754,61965.855
20051,3.722586,61969.58
20052,3.7256427,61973.305
20053,3.7256105,61977.03
20054,3.721537,61980.754
20055,3.7184236,61984.473
20056,3.7205637,61988.19
20057,3.7277203,61991.918
20058,3.7345388,61995.652
20059,3.7405913,61999.395
20060,3.7480633,62003.145
20061,3.7546706,62006.9
20062,3.756437,62010.656
20063,3.7571254,62014.414
20064,3.759491,62018.17
20065,3.7590017,62021.93
20066,3.7575214,62025.688
20067,3.7569983,62029.445
20068,3.7588153,62033.203
20069,3.75717,62036.96
20070,3.7525449,62040.715
20071,3.7453926,62044.46
20072,3.739744,62048.2
20073,3.7366168,62051.938
20074,3.736661,62055.676
20075,3.7378104,62059.414
20076,3.736117,62063.15
20077,3.7302263,62066.88
20078,3.724737,62070.605
20079,3.7222698,62074.33
20080,3.7200592,62078.047
20081,3.7157433,62081.76
20082,3.7123144,62085.473
20083,3.7110438,62089.184
20084,3.709401,62092.895
20085,3.7088249,62096.6
20086,3.7126787,62100.312
20087,3.7192829,62104.03
20088,3.7225788,62107.754
20089,3.7232232,62111.477
20090,3.7249367,62115.203
20091,3.7271054,62118.93
20092,3.7260063,62122.656
20093,3.7208169,62126.38
20094,3.715332,62130.094
20095,3.7097058,62133.805
20096,3.704641,62137.508
20097,3.701611,62141.21
20098,3.701525,62144.914
20099,3.702937,62148.617
20100,3.7050352,62152.32
20101,3.711027,62156.03
20102,3.719205,62159.75
20103,3.7256067,62163.477
20104,3.7269406,62167.203
20105,3.7254448,62170.93
20106,3.7225888,62174.652
20107,3.7212176,62178.375
20108,3.723571,62182.098
20109,3.7243598,62185.82
20110,3.7215972,62189.543
20111,3.7180421,62193.26
20112,3.7172935,62196.98
20113,3.7193782,62200.7
20114,3.7232983,62204.42
20115,3.724748,62208.15
20116,3.7229779,62211.87
20117,3.722226,62215.594
20118,3.7243466,62219.316
20119,3.7314541,62223.047
20120,3.7430391,62226.79
20121,3.7521167,62230.543
20122,3.7571871,62234.3
20123,3.7560856,62238.06
20124,3.7532415,62241.812
20125,3.749079,62245.562
20126,3.7449389,62249.31
20127,3.7386758,62253.047
20128,3.7353609,62256.78
20129,3.7352614,62260.516
20130,3.7344022,62264.25
20131,3.732396,62267.98
20132,3.7270956,62271.707
20133,3.719199,62275.426
20134,3.713039,62279.14
20135,3.7103627,62282.85
20136,3.7117088,62286.562
20137,3.7160962,62290.277
20138,3.7204854,62293.996
20139,3.7203557,62297.715
20140,3.7170534,62301.434
20141,3.716906,62305.152
20142,3.7204003,62308.87
20143,3.725162,62312.598
20144,3.7277768,62316.324
20145,3.7284822,62320.05
20146,3.7309573,62323.78
20147,3.7357156,62327.516
20148,3.7411296,62331.258
20149,3.74743,62335.004
20150,3.7522671,62338.758
20151,3.7530806,62342.51
20152,3.7503996,62346.26
20153,3.7420614,62350.004
20154,3.734681,62353.74
20155,3.730568,62357.47
20156,3.7311223,62361.2
20157,3.732619,62364.934
20158,3.7336974,62368.668
20159,3.733702,62372.402
20160,3.7331026,62376.137
20161,3.7330387,62379.87
20162,3.733969,62383.605
20163,3.733915,62387.34
20164,3.7319233,62391.07
20165,3.7262862,62394.797
20166,3.7200572,62398.516
20167,3.716859,62402.234
20168,3.7159488,62405.95
20169,3.7144575,62409.664
20170,3.7129726,62413.38
20171,3.7110753,62417.09
20172,3.7061336,62420.797
20173,3.6990707,62424.496
20174,3.696916,62428.19
20175,3.698225,62431.89
20176,3.698985,62435.59
20177,3.6996849,62439.29
20178,3.7005575,62442.99
20179,3.6993933,62446.688
20180,3.6950843,62450.383
20181,3.691946,62454.074
20182,3.6899908,62457.766
20183,3.6921077,62461.457
20184,3.7000866,62465.156
20185,3.7120128,62468.867
20186,3.7203884,62472.586
20187,3.723207,62476.31
20188,3.723596,62480.03
20189,3.7222853,62483.754
20190,3.7170546,62487.473
20191,3.7104988,62491.184
20192,3.7086356,62494.89
20193,3.7094007,62498.6
20194,3.708687,62502.31
20195,3.7090662,62506.02
20196,3.7112198,62509.73
20197,3.7134829,62513.445
20198,3.7151754,62517.16
20199,3.7145495,62520.875
20200,3.7116687,62524.586
20201,3.7081945,62528.293
20202,3.709085,62532.004
20203,3.7138374,62535.72
20204,3.7171972,62539.438
20205,3.7179935,62543.156
20206,3.7161453,62546.87
20207,3.7111056,62550.582
20208,3.704937,62554.285
20209,3.6982381,62557.984
20210,3.6935508,62561.68
20211,3.6928754,62565.37
20212,3.6959987,62569.066
20213,3.7023385,62572.77
20214,3.7088406,62576.477
20215,3.7118633,62580.188
20216,3.7098677,62583.9
20217,3.708647,62587.605
20218,3.7098265,62591.316
20219,3.709571,62595.027
20220,3.7087743,62598.734
20221,3.711447,62602.445
20222,3.7141054,62606.16
20223,3.7138054,62609.875
20224,3.713612,62613.59
20225,3.7141345,62617.305
20226,3.7136977,62621.02
20227,3.714891,62624.734
20228,3.717913,62628.453
20229,3.7200844,62632.17
20230,3.7179692,62635.89
20231,3.714143,62639.605
20232,3.7102597,62643.316
20233,3.7082694,62647.023
20234,3.7084613,62650.73
20235,3.709462,62654.44
20236,3.713375,62658.156
20237,3.7169313,62661.875
20238,3.7189991,62665.594
20239,3.7215407,62669.316
20240,3.724291,62673.04
20241,3.7263293,62676.766
20242,3.7260556,62680.492
20243,3.723124,62684.215
20244,3.7194772,62687.934
20245,3.7175128,62691.652
20246,3.716338,62695.367
20247,3.7130969,62699.082
20248,3.7092605,62702.793
20249,3.707725,62706.5
20250,3.708611,62710.207
20251,3.710234,62713.918
20252,3.7110164,62717.63
20253,3.7120786,62721.34
20254,3.7147295,62725.055
20255,3.7182815,62728.773
20256,3.7229927,62732.496
20257,3.72945,62736.227
20258,3.7356274,62739.96
20259,3.7405517,62743.703
20260,3.7424948,62747.445
20261,3.7411315,62751.188
20262,3.7363102,62754.92
20263,3.729945,62758.652
20264,3.725814,62762.38
20265,3.7216203,62766.1
20266,3.7175243,62769.82
20267,3.7157357,62773.535
20268,3.7145386,62777.25
20269,3.7141626,62780.965
20270,3.716746,62784.68
20271,3.718908,62788.4
20272,3.717089,62792.117
20273,3.7165585,62795.832
20274,3.7207637,62799.555
20275,3.7268307,62803.28
20276,3.7325046,62807.016
20277,3.7367063,62810.754
20278,3.7363133,62814.49
20279,3.7329156,62818.223
20280,3.7310216,62821.953
20281,3.7264943,62825.68
20282,3.7207518,62829.402
20283,3.7168033,62833.12
20284,3.7137828,62836.836
20285,3.7130404,62840.55
20286,3.7130656,62844.266
20287,3.7105215,62847.977
20288,3.7033873,62851.68
20289,3.69483,62855.375
20290,3.6904702,62859.066
20291,3.6922033,62862.758
20292,3.6967535,62866.453
20293,3.7020156,62870.156
20294,3.7070513,62873.863
20295,3.7120209,62877.574
20296,3.7136219,62881.29
20297,3.7133436,62885.004
20298,3.7123935,62888.715
20299,3.7117102,62892.426
20300,3.7111642,62896.137
20301,3.7081838,62899.844
20302,3.703925,62903.547
20303,3.702296,62907.25
20304,3.7040298,62910.953
20305,3.7064862,62914.66
20306,3.708277,62918.367
20307,3.7105856,62922.08
20308,3.7122035,62925.79
20309,3.7142923,62929.504
20310,3.7171338,62933.223
20311,3.7177098,62936.94
20312,3.7182195,62940.66
20313,3.7192085,62944.38
20314,3.718979,62948.098
20315,3.7172863,62951.816
20316,3.7165205,62955.53
20317,3.7173247,62959.25
20318,3.7175143,62962.97
20319,3.7185621,62966.688
20320,3.7206955,62970.406
20321,3.7234378,62974.13
20322,3.725136,62977.855
20323,3.721874,62981.58
20324,3.7165914,62985.293
20325,3.7131445,62989.008
20326,3.7104423,62992.72
20327,3.7093456,62996.43
20328,3.7117553,63000.14
20329,3.713841,63003.855
20330,3.716806,63007.574
20331,3.7206028,63011.293
20332,3.7235386,63015.016
20333,3.7249901,63018.742
20334,3.7261248,63022.47
20335,3.7298267,63026.2
20336,3.7381353,63029.938
20337,3.7461617,63033.684
20338,3.7454011,63037.43
20339,3.7401822,63041.168
20340,3.7354066,63044.902
20341,3.7297194,63048.633
20342,3.7298415,63052.363
20343,3.7334416,63056.098
20344,3.7347288,63059.832
20345,3.7331753,63063.566
20346,3.7320302,63067.297
20347,3.7325761,63071.03
20348,3.7345173,63074.766
20349,3.735713,63078.5
20350,3.7344851,63082.234
20351,3.7332678,63085.97
20352,3.7317858,63089.7
20353,3.7289813,63093.43
20354,3.727726,63097.156
20355,3.7284868,63100.883
20356,3.7323384,63104.613
20357,3.735731,63108.348
20358,3.7351997,63112.082
20359,3.7331789,63115.816
20360,3.7330856,63119.55
20361,3.7350368,63123.285
20362,3.7387187,63127.023
20363,3.7391434,63130.76
20364,3.7361531,63134.496
20365,3.7341866,63138.23
20366,3.732629,63141.965
20367,3.7322054,63145.695
20368,3.7333882,63149.43
20369,3.734969,63153.164
20370,3.7360563,63156.9
20371,3.7339056,63160.633
20372,3.728915,63164.363
20373,3.7233887,63168.086
20374,3.7217333,63171.81
20375,3.7236354,63175.53
20376,3.7231512,63179.254
20377,3.72078,63182.977
20378,3.7183444,63186.695
20379,3.7142448,63190.41
20380,3.7088103,63194.117
20381,3.7059839,63197.824
20382,3.7045064,63201.527
20383,3.7037203,63205.23
20384,3.705577,63208.938
20385,3.7097425,63212.65
20386,3.715391,63216.363
20387,3.720323,63220.082
20388,3.722541,63223.805
20389,3.7224035,63227.527
20390,3.7226458,63231.25
20391,3.7238467,63234.973
20392,3.724093,63238.695
20393,3.7242262,63242.418
20394,3.7259624,63246.145
20395,3.7279375,63249.87
20396,3.7273781,63253.598
20397,3.7230537,63257.32
20398,3.7195108,63261.04
20399,3.7194493,63264.758
20400,3.7217598,63268.48
20401,3.7249196,63272.207
20402,3.7281258,63275.934
20403,3.7308662,63279.664
20404,3.7316573,63283.395
20405,3.7281477,63287.12
20406,3.7206655,63290.84
20407,3.7145116,63294.555
20408,3.714916,63298.27
20409,3.7183764,63301.99
20410,3.717999,63305.707
20411,3.7147405,63309.42
20412,3.7119548,63313.133
20413,3.7101648,63316.844
20414,3.7093916,63320.555
20415,3.7087185,63324.26
20416,3.7086294,63327.97
20417,3.7073877,63331.676
20418,3.7027478,63335.38
20419,3.7013834,63339.082
20420,3.7050173,63342.785
20421,3.708211,63346.492
20422,3.7094688,63350.203
20423,3.7115371,63353.914
20424,3.718053,63357.633
20425,3.7250772,63361.36
20426,3.727521,63365.086
20427,3.724236,63368.81
20428,3.7173107,63372.527
20429,3.7128801,63376.24
20430,3.7134433,63379.953
20431,3.7140808,63383.668
20432,3.7123818,63387.38
20433,3.7135034,63391.094
20434,3.7196362,63394.812
20435,3.727091,63398.54
20436,3.7350588,63402.273
20437,3.742792,63406.016
20438,3.7462795,63409.76
20439,3.7429776,63413.504
20440,3.7356899,63417.24
20441,3.7241375,63420.96
20442,3.7140486,63424.676
20443,3.7081227,63428.383
20444,3.7076035,63432.09
20445,3.706917,63435.797
20446,3.7040124,63439.5
20447,3.7034438,63443.203
20448,3.7032063,63446.906
20449,3.7001567,63450.605
20450,3.6990957,63454.305
20451,3.7026722,63458.008
20452,3.7057574,63461.715
20453,3.7088003,63465.42
20454,3.7125564,63469.133
20455,3.7168698,63472.85
20456,3.719181,63476.57
20457,3.7191448,63480.29
20458,3.7191663,63484.008
20459,3.717993,63487.727
20460,3.716152,63491.44
20461,3.7161314,63495.156
20462,3.7188213,63498.875
20463,3.7247152,63502.6
20464,3.730435,63506.332
20465,3.7343738,63510.066
20466,3.7336607,63513.8
20467,3.7290475,63517.53
20468,3.726611,63521.258
20469,3.7261887,63524.984
20470,3.7270076,63528.71
20471,3.7284317,63532.438
20472,3.7284164,63536.164
20473,3.7264247,63539.89
20474,3.7264998,63543.617
20475,3.7282183,63547.344
20476,3.7313912,63551.074
20477,3.7334511,63554.81
20478,3.7354672,63558.543
20479,3.7384286,63562.28
20480,3.7417831,63566.023
20481,3.7459097,63569.77
20482,3.7501247,63573.52
20483,3.749642,63577.27
20484,3.7407286,63581.01
20485,3.7291903,63584.742
20486,3.7216344,63588.465
20487,3.7173986,63592.184
20488,3.7155728,63595.9
20489,3.7143557,63599.613
20490,3.7149582,63603.33
20491,3.7151167,63607.043
20492,3.7140837,63610.758
20493,3.715001,63614.473
20494,3.7143033,63618.188
20495,3.7110066,63621.9
20496,3.7068157,63625.605
20497,3.7055876,63629.312
20498,3.7068532,63633.02
20499,3.7107015,63636.73
20500,3.7172377,63640.45
20501,3.7226036,63644.17
20502,3.7230165,63647.895
20503,3.7194982,63651.613
20504,3.715132,63655.33
20505,3.7112527,63659.04
20506,3.7104168,63662.75
20507,3.7128267,63666.46
20508,3.7187996,63670.18
20509,3.7248662,63673.906
20510,3.724405,63677.63
20511,3.719667,63681.348
20512,3.714753,63685.062
20513,3.7088451,63688.77
20514,3.7051697,63692.477
20515,3.7014084,63696.18
20516,3.697775,63699.88
20517,3.6978176,63703.58
20518,3.7030988,63707.28
20519,3.7095056,63710.992
20520,3.7122734,63714.703
20521,3.7141006,63718.418
20522,3.7149956,63722.133
20523,3.7146566,63725.848
20524,3.712177,63729.56
20525,3.7078075,63733.266
20526,3.7042706,63736.97
20527,3.702374,63740.67
20528,3.703596,63744.375
20529,3.7053137,63748.082
20530,3.7043386,63751.785
20531,3.702463,63755.49
20532,3.7030952,63759.19
20533,3.7055037,63762.9
20534,3.707448,63766.605
20535,3.7068717,63770.312
20536,3.7061095,63774.02
20537,3.7113028,63777.73
20538,3.7205358,63781.45
20539,3.727341,63785.176
20540,3.7278554,63788.902
20541,3.7263684,63792.63
20542,3.7257128,63796.355
20543,3.7247653,63800.082
20544,3.724433,63803.805
20545,3.7219415,63807.527
20546,3.7172067,63811.246
20547,3.7174203,63814.965
20548,3.7206368,63818.684
20549,3.7205,63822.402
20550,3.7186542,63826.12
20551,3.7202318,63829.84
20552,3.7251718,63833.566
20553,3.7316165,63837.297
20554,3.740433,63841.04
20555,3.747345,63844.785
20556,3.7466612,63848.53
20557,3.7418246,63852.273
20558,3.737418,63856.01
20559,3.7346654,63859.746
20560,3.7342393,63863.48
20561,3.731476,63867.21
20562,3.7304683,63870.94
20563,3.7332864,63874.676
20564,3.7359664,63878.41
20565,3.7365537,63882.15
20566,3.7328484,63885.883
20567,3.7277708,63889.61
20568,3.7251875,63893.336
20569,3.7257915,63897.062
20570,3.7293882,63900.793
20571,3.735678,63904.527
20572,3.7369907,63908.266
20573,3.7322936,63911.996
20574,3.724392,63915.72
20575,3.7139277,63919.434
20576,3.702598,63923.137
20577,3.6964986,63926.832
20578,3.6971316,63930.527
20579,3.700735,63934.227
20580,3.7022464,63937.93
20581,3.7038555,63941.633
20582,3.7075305,63945.34
20583,3.7139783,63949.055
20584,3.716758,63952.77
20585,3.7157528,63956.484
20586,3.7158916,63960.2
20587,3.7189178,63963.918
20588,3.7278285,63967.645
20589,3.7378762,63971.383
20590,3.7416418,63975.125
20591,3.7421834,63978.867
20592,3.744615,63982.613
20593,3.747162,63986.36
20594,3.7480724,63990.11
20595,3.7456744,63993.855
20596,3.7411647,63997.598
20597,3.7375636,64001.336
20598,3.7373245,64005.074
20599,3.7358468,64008.81
20600,3.734261,64012.543
20601,3.7333462,64016.277
20602,3.7308965,64020.008
20603,3.7260644,64023.734
20604,3.723216,64027.457
20605,3.7204292,64031.176
20606,3.7160895,64034.89
20607,3.710118,64038.6
20608,3.7078595,64042.31
20609,3.7123294,64046.02
20610,3.7171376,64049.74
20611,3.7209396,64053.46
20612,3.7237933,64057.184
20613,3.7241151,64060.906
20614,3.725661,64064.633
20615,3.7272444,64068.36
20616,3.7268963,64072.086
20617,3.7240841,64075.81
20618,3.7203598,64079.527
20619,3.7169354,64083.246
20620,3.7148602,64086.96
20621,3.7129588,64090.676
20622,3.7101989,64094.387
20623,3.70856,64098.094
20624,3.708782,64101.8
20625,3.7144623,64105.516
20626,3.7219684,64109.24
20627,3.727192,64112.965
20628,3.726195,64116.69
20629,3.7231276,64120.414
20630,3.7208197,64124.137
20631,3.7180336,64127.855
20632,3.7150319,64131.57
20633,3.7111626,64135.28
20634,3.7091951,64138.992
20635,3.7100983,64142.703
20636,3.7103217,64146.414
20637,3.7077377,64150.12
20638,3.7056663,64153.83
20639,3.7036967,64157.53
20640,3.7030563,64161.234
20641,3.7048542,64164.938
20642,3.7056727,64168.645
20643,3.70592,64172.35
20644,3.7102687,64176.062
20645,3.7148738,64179.777
20646,3.7136865,64183.492
20647,3.7092345,64187.203
20648,3.702967,64190.906
20649,3.6954837,64194.6
20650,3.6943972,64198.297
20651,3.7018554,64202.0
20652,3.7132068,64205.715
20653,3.7258003,64209.44
20654,3.7354488,64213.176
20655,3.7387886,64216.914
20656,3.7355855,64220.65
20657,3.7243905,64224.37
20658,3.7135267,64228.086
20659,3.7088482,64231.793
20660,3.709477,64235.504
20661,3.7113378,64239.215
20662,3.713158,64242.93
20663,3.7152739,64246.645
20664,3.7165594,64250.36
20665,3.7163308,64254.074
20666,3.7151928,64257.79
20667,3.7160711,64261.504
20668,3.7192473,64265.223
20669,3.7256143,64268.95
20670,3.730629,64272.68
20671,3.7301407,64276.41
20672,3.7304127,64280.14
20673,3.7296188,64283.87
20674,3.7253551,64287.598
20675,3.723003,64291.32
20676,3.7227,64295.043
20677,3.7194226,64298.76
20678,3.7145402,64302.477
20679,3.711159,64306.188
20680,3.714212,64309.902
20681,3.7219546,64313.625
20682,3.7246678,64317.35
20683,3.722914,64321.074
20684,3.719331,64324.793
20685,3.7128682,64328.504
20686,3.7052853,64332.21
20687,3.7008605,64335.91
20688,3.7023141,64339.613
20689,3.708895,64343.32
20690,3.7150617,64347.035
20691,3.7181094,64350.754
20692,3.7176924,64354.473
20693,3.7179685,64358.19
20694,3.720556,64361.91
20695,3.7232387,64365.633
20696,3.7240834,64369.355
20697,3.721826,64373.08
20698,3.7172945,64376.797
20699,3.7127407,64380.508
20700,3.7079952,64384.215
20701,3.7053638,64387.92
20702,3.705913,64391.63
20703,3.708308,64395.336
20704,3.7111845,64399.047
20705,3.7144935,64402.76
20706,3.7160397,64406.477
20707,3.7151809,64410.19
20708,3.711659,64413.902
20709,3.7104027,64417.613
20710,3.7143133,64421.33
20711,3.7190466,64425.047
20712,3.722508,64428.77
20713,3.7237952,64432.492
20714,3.722163,64436.215
20715,3.7213147,64439.938
20716,3.7223632,64443.66
20717,3.72335,64447.383
20718,3.72299,64451.105
20719,3.723064,64454.83
20720,3.7260215,64458.555
20721,3.7273462,64462.28
20722,3.7276473,64466.008
20723,3.729126,64469.74
20724,3.7265923,64473.465
20725,3.7199028,64477.184
20726,3.717351,64480.902
20727,3.717279,64484.62
20728,3.7182126,64488.34
20729,3.7211337,64492.062
20730,3.723688,64495.785
20731,3.7246883,64499.51
20732,3.725368,64503.24
20733,3.727671,64506.965
20734,3.7321913,64510.695
20735,3.7372284,64514.434
20736,3.7393582,64518.17
20737,3.7390838,64521.91
20738,3.7374508,64525.65
20739,3.7368066,64529.387
20740,3.7373886,64533.125
20741,3.7356765,64536.86
20742,3.7338133,64540.594
20743,3.7343862,64544.33
20744,3.7388735,64548.066
20745,3.742141,64551.81
20746,3.7410214,64555.55
20747,3.7365618,64559.29
20748,3.7343996,64563.023
20749,3.7342427,64566.758
20750,3.7335732,64570.492
20751,3.733499,64574.227
20752,3.7331336,64577.96
20753,3.7298002,64581.69
20754,3.72406,64585.414
20755,3.720544,64589.133
20756,3.7214382,64592.855
20757,3.723931,64596.58
20758,3.725375,64600.305
20759,3.724099,64604.027
20760,3.7240508,64607.75
20761,3.725743,64611.477
20762,3.72712,64615.203
20763,3.7287118,64618.934
20764,3.728255,64622.66
20765,3.7263293,64626.387
20766,3.725216,64630.113
20767,3.7231863,64633.836
20768,3.720125,64637.555
20769,3.7149749,64641.27
20770,3.7079692,64644.977
20771,3.7028775,64648.68
20772,3.702659,64652.383
20773,3.7061496,64656.09
20774,3.711009,64659.8
20775,3.7177935,64663.52
20776,3.7229207,64667.242
20777,3.7244155,64670.965
20778,3.7238567,64674.688
20779,3.7239816,64678.41
20780,3.7265203,64682.137
20781,3.7294438,64685.867
20782,3.7296507,64689.598
20783,3.7261856,64693.324
20784,3.7230368,64697.047
20785,3.7201228,64700.766
20786,3.7200527,64704.484
20787,3.723278,64708.207
20788,3.725134,64711.934
20789,3.7277935,64715.66
20790,3.7331197,64719.395
20791,3.7363498,64723.133
20792,3.7367723,64726.87
20793,3.7359288,64730.605
20794,3.736782,64734.344
20795,3.7371118,64738.082
20796,3.7364144,64741.82
20797,3.734176,64745.555
20798,3.7327163,64749.29
20799,3.73116,64753.02
20800,3.7324831,64756.754
20801,3.7349856,64760.49
20802,3.7360442,64764.223
20803,3.732429,64767.957
20804,3.7263887,64771.684
20805,3.7209861,64775.406
20806,3.7169638,64779.125
20807,3.7154381,64782.84
20808,3.7150671,64786.555
20809,3.715386,64790.27
20810,3.715997,64793.984
20811,3.7164662,64797.7
20812,3.7190547,64801.418
20813,3.7236474,64805.14
20814,3.7301624,64808.87
20815,3.7373345,64812.61
20816,3.740629,64816.35
20817,3.7388577,64820.09
20818,3.737879,64823.83
20819,3.737876,64827.566
20820,3.7321594,64831.297
20821,3.7221737,64835.02
20822,3.7111664,64838.73
20823,3.7002683,64842.43
20824,3.6950874,64846.125
20825,3.6941218,64849.82
20826,3.699969,64853.52
20827,3.7100081,64857.23
20828,3.7168539,64860.95
20829,3.7212956,64864.67
20830,3.7215745,64868.395
20831,3.7177243,64872.113
20832,3.7175663,64875.832
20833,3.7233646,64879.555
20834,3.7282753,64883.28
20835,3.7275777,64887.008
20836,3.725373,64890.734
20837,3.7271206,64894.46
20838,3.7300735,64898.19
20839,3.7300243,64901.92
20840,3.727489,64905.65
20841,3.7236774,64909.37
20842,3.7220092,64913.094
20843,3.7207696,64916.816
20844,3.7194889,64920.535
20845,3.7202065,64924.254
20846,3.7213836,64927.977
20847,3.7239304,64931.7
20848,3.7268324,64935.426
20849,3.728461,64939.152
20850,3.726997,64942.88
20851,3.7217693,64946.6
20852,3.7177856,64950.32
20853,3.71618,64954.035
20854,3.7153633,64957.75
20855,3.715039,64961.465
20856,3.7148373,64965.18
20857,3.7143352,64968.895
20858,3.713597,64972.61
20859,3.7121608,64976.32
20860,3.7082613,64980.027
20861,3.7054439,64983.734
20862,3.7048376,64987.438
20863,3.7030318,64991.14
20864,3.7023382,64994.844
20865,3.7036855,64998.547
20866,3.7052963,65002.254
20867,3.7083867,65005.96
20868,3.7120202,65009.67
20869,3.7132714,65013.387
20870,3.7124736,65017.098
20871,3.7146552,65020.812
20872,3.7178466,65024.53
20873,3.719574,65028.25
20874,3.719986,65031.97
20875,3.7186482,65035.688
20876,3.713524,65039.402
20877,3.7081258,65043.11
20878,3.7068841,65046.816
20879,3.7089486,65050.523
20880,3.7130196,65054.24
20881,3.717,65057.957
20882,3.7185152,65061.676
20883,3.7178285,65065.395
20884,3.7147396,65069.11
20885,3.7139328,65072.824
20886,3.7172458,65076.543
20887,3.720174,65080.26
20888,3.7212155,65083.984
20889,3.7223613,65087.707
20890,3.7244372,65091.43
20891,3.7269614,65095.156
20892,3.7310283,65098.887
20893,3.7346349,65102.62
20894,3.7314022,65106.35
20895,3.7211537,65110.074
20896,3.710707,65113.785
20897,3.7034347,65117.49
20898,3.7024941,65121.19
20899,3.7043743,65124.895
20900,3.7042472,65128.598
20901,3.7038324,65132.3
20902,3.7012897,65136.004
20903,3.6954796,65139.7
20904,3.6888478,65143.387
20905,3.6854804,65147.07
20906,3.6869826,65150.758
20907,3.6918411,65154.45
20908,3.696195,65158.145
20909,3.7014418,65161.848
20910,3.7074392,65165.555
20911,3.7143536,65169.27
20912,3.7195387,65172.99
20913,3.7215354,65176.71
20914,3.720147,65180.43
20915,3.7184923,65184.15
20916,3.7183678,65187.867
20917,3.720561,65191.586
20918,3.723852,65195.31
20919,3.7259839,65199.035
20920,3.7254999,65202.76
20921,3.7252367,65206.49
20922,3.7256584,65210.215
20923,3.7271242,65213.94
20924,3.7292116,65217.67
20925,3.7346148,65221.406
20926,3.7444487,65225.152
20927,3.7523396,65228.906
20928,3.7525356,65232.66
20929,3.7459025,65236.406
20930,3.7406847,65240.15
20931,3.7369957,65243.887
20932,3.7375634,65247.625
20933,3.7387152,65251.363
20934,3.7359548,65255.098
20935,3.732174,65258.83
20936,3.731317,65262.56
20937,3.7311165,65266.29
20938,3.731387,65270.02
20939,3.735955,65273.754
20940,3.7416918,65277.496
20941,3.7471774,65281.242
20942,3.7558615,65285.0
20943,3.7605274,65288.76
20944,3.7579913,65292.52
20945,3.748558,65296.27
20946,3.7386608,65300.008
20947,3.7304406,65303.74
20948,3.7276065,65307.465
20949,3.7295687,65311.195
20950,3.7336552,65314.93
20951,3.7357237,65318.664
20952,3.731144,65322.395
20953,3.7248497,65326.12
20954,3.7215173,65329.844
20955,3.722493,65333.566
20956,3.7282662,65337.293
20957,3.7342231,65341.027
20958,3.736324,65344.76
20959,3.7371168,65348.5
20960,3.7348406,65352.234
20961,3.7304306,65355.965
20962,3.7275238,65359.69
20963,3.7236857,65363.414
20964,3.720238,65367.133
20965,3.721022,65370.855
20966,3.7237215,65374.58
20967,3.727484,65378.305
20968,3.7330453,65382.04
20969,3.735877,65385.773
20970,3.7308419,65389.504
20971,3.7202923,65393.223
20972,3.710127,65396.934
20973,3.7031827,65400.637
20974,3.7009454,65404.336
20975,3.7013106,65408.04
20976,3.7041364,65411.742
20977,3.7108538,65415.453
20978,3.717003,65419.17
20979,3.7199507,65422.89
20980,3.72072,65426.613
20981,3.7193673,65430.332
20982,3.7194023,65434.05
20983,3.72029,65437.77
20984,3.7188046,65441.49
20985,3.7171333,65445.207
20986,3.7169604,65448.926
20987,3.7148242,65452.64
20988,3.7136145,65456.355
20989,3.7149367,65460.07
20990,3.7201009,65463.79
20991,3.7294772,65467.52
20992,3.7411313,65471.26
20993,3.7494442,65475.01
20994,3.7522285,65478.766
20995,3.7484207,65482.516
20996,3.7432468,65486.258
20997,3.7366595,65489.996
20998,3.7313964,65493.727
20999,3.7284923,65497.453
21000,3.7275732,65501.18
21001,3.7266731,65504.906
21002,3.7246673,65508.633
21003,3.7205858,65512.35
21004,3.7182066,65516.07
21005,3.7184963,65519.79
21006,3.7173316,65523.508
21007,3.7130861,65527.223
21008,3.7099798,65530.934
21009,3.7082653,65534.64
21010,3.7047577,65538.34
21011,3.7026827,65542.05
21012,3.7030098,65545.75
21013,3.7057796,65549.45
21014,3.7103407,65553.164
21015,3.7155175,65556.88
21016,3.717889,65560.6
21017,3.7174542,65564.32
21018,3.715063,65568.04
21019,3.7108994,65571.75
21020,3.7084877,65575.46
21021,3.7103517,65579.17
21022,3.7155223,65582.89
21023,3.7227886,65586.62
21024,3.7283916,65590.34
21025,3.7336621,65594.08
21026,3.7367673,65597.81
21027,3.7374961,65601.55
21028,3.7367816,65605.28
21029,3.7339795,65609.016
21030,3.7305632,65612.75
21031,3.7248528,65616.48
21032,3.7181163,65620.195
21033,3.7134032,65623.91
21034,3.7122948,65627.62
21035,3.7147577,65631.33
21036,3.717675,65635.05
21037,3.7210283,65638.766
21038,3.7235866,65642.49
21039,3.724435,65646.22
21040,3.7259674,65649.945
21041,3.725724,65653.67
21042,3.723704,65657.4
21043,3.7205527,65661.12
21044,3.7182262,65664.836
21045,3.7179425,65668.555
21046,3.7184768,65672.27
21047,3.717512,65675.99
21048,3.716444,65679.71
21049,3.7176452,65683.43
21050,3.7208626,65687.15
21051,3.7268872,65690.875
21052,3.7333157,65694.61
21053,3.7367458,65698.34
21054,3.7352247,65702.08
21055,3.732151,65705.81
21056,3.7305737,65709.55
21057,3.7300098,65713.27
21058,3.7328918,65717.01
21059,3.7338758,65720.74
21060,3.7315931,65724.48
21061,3.7315438,65728.21
21062,3.7290065,65731.94
21063,3.7236397,65735.664
21064,3.719341,65739.38
21065,3.7162492,65743.1
21066,3.715364,65746.82
21067,3.714717,65750.53
21068,3.715459,65754.25
21069,3.7211304,65757.97
21070,3.7257574,65761.695
21071,3.7285182,65765.42
21072,3.729752,65769.15
21073,3.7305074,65772.88
21074,3.7315423,65776.62
21075,3.728991,65780.34
21076,3.7224066,65784.06
21077,3.7167284,65787.78
21078,3.7141442,65791.49
21079,3.7142606,65795.2
21080,3.7192907,65798.92
21081,3.724719,65802.65
21082,3.72887,65806.375
21083,3.7340093,65810.11
21084,3.7377462,65813.84
21085,3.737646,65817.58
21086,3.7349353,65821.31
21087,3.7317913,65825.05
21088,3.7278965,65828.77
21089,3.7231755,65832.5
21090,3.7197447,65836.22
21091,3.71761,65839.94
21092,3.7148001,65843.65
21093,3.707687,65847.36
21094,3.7013433,65851.06
21095,3.7018957,65854.766
21096,3.7070777,65858.48
21097,3.7110195,65862.19
21098,3.7103336,65865.9
21099,3.7087157,65869.61
21100,3.7095687,65873.32
21101,3.7119305,65877.03
21102,3.7110176,65880.74
21103,3.7067482,65884.445
21104,3.704592,65888.15
21105,3.7096035,65891.86
21106,3.7224245,65895.58
21107,3.7371254,65899.31
21108,3.749507,65903.06
21109,3.7557247,65906.82
21110,3.756757,65910.58
21111,3.752708,65914.33
21112,3.7490807,65918.08
21113,3.7449217,65921.82
21114,3.739827,65925.56
21115,3.7329936,65929.3
21116,3.7269976,65933.02
21117,3.7234695,65936.75
21118,3.7241664,65940.48
21119,3.7290988,65944.2
21120,3.7343218,65947.94
21121,3.734142,65951.67
21122,3.730395,65955.4
21123,3.72536,65959.125
21124,3.7229726,65962.85
21125,3.7222118,65966.57
21126,3.7213504,65970.29
21127,3.7192693,65974.01
21128,3.718141,65977.73
21129,3.716651,65981.445
21130,3.7148428,65985.16
21131,3.7138314,65988.87
21132,3.714291,65992.58
21133,3.7145782,65996.29
21134,3.713379,66000.0
21135,3.712029,66003.71
21136,3.7126672,66007.42
21137,3.7142336,66011.13
21138,3.7166126,66014.85
21139,3.717834,66018.57
21140,3.7141767,66022.28
21141,3.7113283,66025.99
21142,3.7107277,66029.7
21143,3.7087393,66033.414
21144,3.706525,66037.12
21145,3.7063696,66040.82
21146,3.7069495,66044.52
21147,3.7079887,66048.234
21148,3.7070465,66051.945
21149,3.7058516,66055.65
21150,3.706263,66059.35
21151,3.7071002,66063.06
21152,3.7047648,66066.766
21153,3.7013752,66070.47
21154,3.699128,66074.164
21155,3.6985822,66077.86
21156,3.6989577,66081.555
21157,3.699121,66085.25
21158,3.7002347,66088.95
21159,3.7018404,66092.66
21160,3.701852,66096.36
21161,3.7013042,66100.06
21162,3.7072225,66103.77
21163,3.7173402,66107.49
21164,3.7237484,66111.22
21165,3.724986,66114.945
21166,3.724673,66118.67
21167,3.7247107,66122.4
21168,3.722056,66126.12
21169,3.7161674,66129.836
21170,3.715943,66133.555
21171,3.718803,66137.27
21172,3.7192714,66140.99
21173,3.7188382,66144.71
21174,3.720084,66148.43
21175,3.7235613,66152.16
21176,3.7275932,66155.88
21177,3.7338653,66159.62
21178,3.7412453,66163.36
21179,3.7462685,66167.11
21180,3.7468483,66170.86
21181,3.7420342,66174.6
21182,3.7356472,66178.336
21183,3.7317846,66182.07
21184,3.7323282,66185.805
21185,3.733379,66189.54
21186,3.7362063,66193.27
21187,3.7421787,66197.016
21188,3.7490573,66200.766
21189,3.7529082,66204.516
21190,3.7530398,66208.266
21191,3.749148,66212.016
21192,3.741047,66215.76
21193,3.7310555,66219.49
21194,3.7275274,66223.22
21195,3.7269588,66226.945
21196,3.726926,66230.67
21197,3.7311952,66234.41
21198,3.7408516,66238.15
21199,3.7505276,66241.9
21200,3.7524507,66245.65
21201,3.749341,66249.4
21202,3.741064,66253.14
21203,3.7281563,66256.87
21204,3.721775,66260.586
21205,3.7235353,66264.31
21206,3.7261128,66268.04
21207,3.723823,66271.766
21208,3.718006,66275.484
21209,3.7136812,66279.195
21210,3.709981,66282.91
21211,3.7051628,66286.61
21212,3.698153,66290.305
21213,3.69147,66294.0
21214,3.691145,66297.69
21215,3.6952379,66301.38
21216,3.7012694,66305.086
21217,3.7116034,66308.8
21218,3.720599,66312.516
21219,3.7252743,66316.24
21220,3.7281914,66319.97
21221,3.7303565,66323.695
21222,3.7330425,66327.43
21223,3.7338438,66331.164
21224,3.7303674,66334.89
21225,3.723725,66338.62
21226,3.7187412,66342.336
21227,3.715935,66346.055
21228,3.7159057,66349.77
21229,3.7164407,66353.49
21230,3.7177138,66357.21
21231,3.7205582,66360.93
21232,3.7247949,66364.66
21233,3.7279816,66368.38
21234,3.7292726,66372.11
21235,3.7296512,66375.836
21236,3.726743,66379.56
21237,3.7214024,66383.28
21238,3.7176225,66387.0
21239,3.7137475,66390.71
21240,3.71092,66394.42
21241,3.710778,66398.13
21242,3.7148833,66401.85
21243,3.7207482,66405.57
21244,3.7241216,66409.3
21245,3.7232442,66413.02
21246,3.7187169,66416.74
21247,3.7127438,66420.45
21248,3.7112932,66424.164
21249,3.7157605,66427.88
21250,3.7228143,66431.61
21251,3.726794,66435.336
21252,3.7292645,66439.06
21253,3.731001,66442.8
21254,3.7323918,66446.53
21255,3.732618,66450.266
21256,3.728799,66453.99
21257,3.721411,66457.71
21258,3.7183483,66461.43
21259,3.7213595,66465.15
21260,3.7269728,66468.875
21261,3.7325943,66472.61
21262,3.7339122,66476.34
21263,3.7312553,66480.08
21264,3.7267826,66483.805
21265,3.7222526,66487.52
21266,3.7219274,66491.24
21267,3.7244165,66494.97
21268,3.7239091,66498.695
21269,3.7201886,66502.414
21270,3.7163608,66506.13
21271,3.713373,66509.84
21272,3.7138944,66513.555
21273,3.7182894,66517.27
21274,3.723796,66521.0
21275,3.729258,66524.73
21276,3.7321408,66528.46
21277,3.7305472,66532.195
21278,3.725801,66535.92
21279,3.721608,66539.64
21280,3.7185538,66543.36
21281,3.7145324,66547.07
21282,3.712281,66550.78
21283,3.7115514,66554.49
21284,3.7103653,66558.2
21285,3.7092254,66561.914
21286,3.7104335,66565.625
21287,3.7142265,66569.336
21288,3.7182314,66573.055
21289,3.7224417,66576.77
21290,3.726759,66580.5
21291,3.7296977,66584.23
21292,3.732467,66587.96
21293,3.7356222,66591.695
21294,3.739377,66595.44
21295,3.7413561,66599.18
21296,3.7398765,66602.92
21297,3.735823,66606.66
21298,3.7311194,66610.39
21299,3.7247827,66614.12
21300,3.7211406,66617.836
21301,3.7212203,66621.555
21302,3.725597,66625.28
21303,3.7299201,66629.01
21304,3.7283483,66632.734
21305,3.7213683,66636.45
21306,3.7142704,66640.164
21307,3.708096,66643.875
21308,3.702969,66647.58
21309,3.7007394,66651.28
21310,3.7019243,66654.984
21311,3.7048144,66658.69
21312,3.708926,66662.4
21313,3.7140539,66666.11
21314,3.7169807,66669.83
21315,3.7196987,66673.55
21316,3.722432,66677.266
21317,3.722144,66680.984
21318,3.7198818,66684.7
21319,3.7159262,66688.42
21320,3.711567,66692.13
21321,3.7101574,66695.84
21322,3.7139528,66699.555
21323,3.7203565,66703.27
21324,3.7251637,66707.0
21325,3.729096,66710.73
21326,3.7321205,66714.46
21327,3.7343516,66718.195
21328,3.736407,66721.93
21329,3.7376442,66725.664
21330,3.7397685,66729.41
21331,3.7407548,66733.15
21332,3.7423375,66736.89
21333,3.7426038,66740.63
21334,3.7391768,66744.375
21335,3.735829,66748.11
21336,3.734029,66751.84
21337,3.7301893,66755.57
21338,3.7215424,66759.29
21339,3.711533,66763.0
21340,3.7074368,66766.71
21341,3.7066252,66770.414
21342,3.7056015,66774.12
21343,3.706415,66777.82
21344,3.7103796,66781.53
21345,3.7155304,66785.25
21346,3.7204146,66788.97
21347,3.7250125,66792.695
21348,3.7274067,66796.42
21349,3.7270956,66800.15
21350,3.7215383,66803.87
21351,3.712343,66807.58
21352,3.7065146,66811.28
21353,3.705848,66814.984
21354,3.7097664,66818.695
21355,3.7126079,66822.41
21356,3.7113183,66826.12
21357,3.7103605,66829.83
21358,3.7079492,66833.54
21359,3.70489,66837.24
21360,3.7037423,66840.945
21361,3.7043943,66844.65
21362,3.70713,66848.36
21363,3.7112267,66852.07
21364,3.7141562,66855.78
21365,3.719107,66859.5
21366,3.7253704,66863.23
21367,3.728508,66866.95
21368,3.7289205,66870.68
21369,3.7275481,66874.41
21370,3.7251656,66878.13
21371,3.7207394,66881.85
21372,3.7136455,66885.56
21373,3.705858,66889.266
21374,3.7024975,66892.97
21375,3.7034786,66896.67
21376,3.7063284,66900.375
21377,3.7111483,66904.086
21378,3.716933,66907.805
21379,3.7219615,66911.52
21380,3.7223685,66915.24
21381,3.7182367,66918.96
21382,3.7127776,66922.67
21383,3.7095513,66926.38
21384,3.7103276,66930.09
21385,3.7105026,66933.805
21386,3.707666,66937.516
21387,3.7077408,66941.23
21388,3.710253,66944.94
21389,3.711065,66948.65
21390,3.7060895,66952.35
21391,3.6991613,66956.05
21392,3.6956346,66959.74
21393,3.698511,66963.44
21394,3.7070737,66967.15
21395,3.7148886,66970.87
21396,3.7160263,66974.586
21397,3.7152147,66978.305
21398,3.7134955,66982.016
21399,3.7118425,66985.73
21400,3.7119865,66989.44
21401,3.7137141,66993.15
21402,3.7159758,66996.87
21403,3.7194784,67000.586
21404,3.721472,67004.305
21405,3.7244825,67008.03
21406,3.7308757,67011.766
21407,3.7354627,67015.5
21408,3.7368016,67019.234
21409,3.7383914,67022.98
21410,3.739104,67026.72
21411,3.737005,67030.45
21412,3.7374306,67034.19
21413,3.7362077,67037.92
21414,3.7343001,67041.66
21415,3.735004,67045.39
21416,3.735865,67049.125
21417,3.7327914,67052.86
21418,3.730081,67056.586
21419,3.7276442,67060.31
21420,3.7239296,67064.04
21421,3.7199862,67067.76
21422,3.7183633,67071.48
21423,3.7171164,67075.195
21424,3.7139316,67078.91
21425,3.7110097,67082.62
21426,3.7092147,67086.33
21427,3.7093759,67090.04
21428,3.713665,67093.75
21429,3.7216513,67097.47
21430,3.7319407,67101.2
21431,3.7398496,67104.945
21432,3.7411554,67108.69
21433,3.7382863,67112.43
21434,3.7368615,67116.164
21435,3.73677,67119.9
21436,3.7344744,67123.63
21437,3.729197,67127.36
21438,3.7260368,67131.086
21439,3.725694,67134.81
21440,3.7241447,67138.54
21441,3.7226415,67142.26
21442,3.721222,67145.98
21443,3.7210395,67149.695
21444,3.7250912,67153.42
21445,3.7284496,67157.15
21446,3.7255995,67160.875
21447,3.7239993,67164.6
21448,3.7274055,67168.33
21449,3.7319589,67172.06
21450,3.7334874,67175.8
21451,3.7324626,67179.53
21452,3.7327614,67183.266
21453,3.7347777,67187.0
21454,3.7372806,67190.734
21455,3.7346802,67194.47
21456,3.7312763,67198.2
21457,3.729338,67201.93
21458,3.730371,67205.66
21459,3.7309926,67209.39
21460,3.7247326,67213.12
21461,3.7142673,67216.83
21462,3.7075737,67220.54
21463,3.7083087,67224.25
21464,3.7142665,67227.96
21465,3.7184637,67231.68
21466,3.7179854,67235.4
21467,3.7157834,67239.12
21468,3.7140884,67242.83
21469,3.7151155,67246.55
21470,3.714986,67250.266
21471,3.7127216,67253.98
21472,3.7096627,67257.69
21473,3.708614,67261.4
21474,3.71094,67265.11
21475,3.715617,67268.83
21476,3.718976,67272.55
21477,3.7214043,67276.266
21478,3.7231548,67279.99
21479,3.7201715,67283.71
21480,3.7141738,67287.42
21481,3.7090874,67291.13
21482,3.7089963,67294.84
21483,3.7141204,67298.555
21484,3.7222018,67302.27
21485,3.731236,67306.01
21486,3.7403064,67309.75
21487,3.745976,67313.49
21488,3.7454753,67317.234
21489,3.7424736,67320.98
21490,3.740079,67324.72
21491,3.7383492,67328.46
21492,3.73581,67332.195
21493,3.7317696,67335.93
21494,3.7297943,67339.66
21495,3.729073,67343.38
21496,3.7245715,67347.11
21497,3.716821,67350.83
21498,3.7132201,67354.54
21499,3.7153442,67358.26
21500,3.7185676,67361.98
21501,3.7180767,67365.695
21502,3.7137675,67369.41
21503,3.7118359,67373.12
21504,3.713448,67376.83
21505,3.7181048,67380.55
21506,3.7240546,67384.27
21507,3.728504,67388.0
21508,3.7315862,67391.734
21509,3.7346144,67395.47
21510,3.7344491,67399.2
21511,3.7311153,67402.94
21512,3.7305443,67406.67
21513,3.7327175,67410.41
21514,3.734904,67414.14
21515,3.7364442,67417.875
21516,3.7385817,67421.62
21517,3.7388928,67425.36
21518,3.7349842,67429.09
21519,3.7286382,67432.82
21520,3.725617,67436.55
21521,3.7232976,67440.27
21522,3.7217913,67443.99
21523,3.7216487,67447.71
21524,3.7194543,67451.43
21525,3.717823,67455.15
21526,3.7165697,67458.87
21527,3.7151492,67462.586
21528,3.714431,67466.3
21529,3.715072,67470.016
21530,3.715689,67473.734
21531,3.7144554,67477.445
21532,3.7144809,67481.16
21533,3.7187119,67484.875
21534,3.7253692,67488.6
21535,3.7309093,67492.336
21536,3.733289,67496.07
21537,3.731691,67499.805
21538,3.7272754,67503.53
21539,3.7211764,67507.25
21540,3.7172792,67510.97
21541,3.713243,67514.68
21542,3.7098489,67518.39
21543,3.7099535,67522.1
21544,3.7142076,67525.81
21545,3.7175906,67529.53
21546,3.716804,67533.25
21547,3.7159164,67536.97
21548,3.7165916,67540.69
21549,3.7148845,67544.41
21550,3.70941,67548.12
21551,3.7055156,67551.82
21552,3.7057703,67555.52
21553,3.7086813,67559.234
21554,3.7129076,67562.945
21555,3.714852,67566.664
21556,3.7138228,67570.375
21557,3.7146297,67574.086
21558,3.7179213,67577.805
21559,3.719211,67581.52
21560,3.72043,67585.24
21561,3.7244418,67588.97
21562,3.7255623,67592.695
21563,3.7248178,67596.42
21564,3.7273107,67600.15
21565,3.730151,67603.875
21566,3.7295768,67607.6
21567,3.7255337,67611.33
21568,3.723595,67615.055
21569,3.7245429,67618.78
21570,3.7237244,67622.51
21571,3.7197182,67626.23
21572,3.7149818,67629.945
21573,3.7146297,67633.66
21574,3.7161746,67637.375
21575,3.7141726,67641.086
21576,3.7082646,67644.8
21577,3.7036352,67648.5
21578,3.7036352,67652.2
21579,3.7061512,67655.91
21580,3.7082424,67659.62
21581,3.7093008,67663.33
21582,3.7091284,67667.04
21583,3.708979,67670.75
21584,3.7101772,67674.46
21585,3.7140791,67678.17
21586,3.7201908,67681.89
21587,3.727342,67685.62
21588,3.7312224,67689.35
21589,3.7325563,67693.086
21590,3.7339032,67696.82
21591,3.734733,67700.555
21592,3.7356796,67704.29
21593,3.7383032,67708.03
21594,3.741908,67711.77
21595,3.7416127,67715.516
21596,3.7351375,67719.25
21597,3.726493,67722.98
21598,3.7240279,67726.7
21599,3.726604,67730.43
21600,3.7309453,67734.164
21601,3.7351446,67737.9
21602,3.7370129,67741.63
21603,3.7390532,67745.375
21604,3.7419996,67749.12
21605,3.7445173,67752.86
21606,3.7488647,67756.61
21607,3.754445,67760.37
21608,3.7576044,67764.125
21609,3.757255,67767.88
21610,3.7553399,67771.64
21611,3.7527602,67775.39
21612,3.7502735,67779.14
21613,3.7443013,67782.88
21614,3.7398968,67786.625
21615,3.736023,67790.36
21616,3.7316327,67794.09
21617,3.7242475,67797.82
21618,3.7190487,67801.54
21619,3.7201183,67805.26
21620,3.7215939,67808.98
21621,3.7204354,67812.695
21622,3.7166653,67816.414
21623,3.714637,67820.125
21624,3.7201195,67823.84
21625,3.7302136,67827.57
21626,3.7359743,67831.305
21627,3.737356,67835.04
21628,3.73698,67838.77
21629,3.734122,67842.51
21630,3.7329855,67846.24
21631,3.7362196,67849.98
21632,3.742456,67853.72
21633,3.7458997,67857.46
21634,3.7440355,67861.2
21635,3.733839,67864.94
21636,3.7214828,67868.66
21637,3.708657,67872.37
21638,3.6995075,67876.07
21639,3.6965096,67879.766
21640,3.6985931,67883.46
21641,3.7012808,67887.164
21642,3.702451,67890.87
21643,3.7030182,67894.57
21644,3.7003973,67898.27
21645,3.69499,67901.97
21646,3.691276,67905.66
21647,3.6908886,67909.34
21648,3.6928682,67913.04
21649,3.6990004,67916.734
21650,3.70664,67920.44
21651,3.712721,67924.15
21652,3.7188494,67927.87
21653,3.7249367,67931.59
21654,3.7309396,67935.33
21655,3.7344806,67939.06
21656,3.7348912,67942.8
21657,3.730545,67946.53
21658,3.7244835,67950.26
21659,3.7175953,67953.98
21660,3.70882,67957.69
21661,3.6978896,67961.38
21662,3.6925375,67965.08
21663,3.6961007,67968.77
21664,3.7043471,67972.48
21665,3.7115371,67976.19
21666,3.71276,67979.9
21667,3.7085173,67983.61
21668,3.7005801,67987.31
21669,3.696387,67991.01
21670,3.6985738,67994.7
21671,3.7028387,67998.41
21672,3.7059064,68002.11
21673,3.7069695,68005.81
21674,3.7082129,68009.52
21675,3.7110906,68013.234
21676,3.7146435,68016.945
21677,3.7161791,68020.664
21678,3.714681,68024.375
21679,3.715159,68028.09
21680,3.7188041,68031.81
21681,3.7236383,68035.54
21682,3.7299957,68039.266
21683,3.7333083,68043.0
21684,3.7314482,68046.734
21685,3.727828,68050.46
21686,3.7242708,68054.19
21687,3.7220538,68057.91
21688,3.721052,68061.625
21689,3.7220094,68065.34
21690,3.7257507,68069.07
21691,3.7305267,68072.805
21692,3.7343576,68076.54
21693,3.7366807,68080.27
21694,3.7346509,68084.01
21695,3.7321508,68087.74
21696,3.7313354,68091.48
21697,3.729888,68095.2
21698,3.7294405,68098.93
21699,3.7300518,68102.66
21700,3.7303488,68106.38
21701,3.7303815,68110.11
21702,3.7293248,68113.836
21703,3.7239604,68117.56
21704,3.7181149,68121.28
21705,3.7134295,68124.99
21706,3.7115898,68128.7
21707,3.711775,68132.414
21708,3.7118766,68136.125
21709,3.7148442,68139.84
21710,3.7179983,68143.56
21711,3.7211342,68147.28
21712,3.7254562,68151.01
21713,3.7317603,68154.74
21714,3.7381155,68158.48
21715,3.7414224,68162.22
21716,3.742445,68165.96
21717,3.740419,68169.7
21718,3.7355218,68173.44
21719,3.7314115,68177.17
21720,3.7272604,68180.9
21721,3.7229354,68184.625
21722,3.7206404,68188.34
21723,3.720455,68192.06
21724,3.7232814,68195.79
21725,3.725558,68199.516
21726,3.7242424,68203.24
21727,3.7193522,68206.96
21728,3.7158895,68210.68
21729,3.7126067,68214.39
21730,3.7070198,68218.09
21731,3.703413,68221.8
21732,3.7059286,68225.5
21733,3.7130413,68229.21
21734,3.7191472,68232.93
21735,3.7235882,68236.66
21736,3.7239087,68240.38
21737,3.722008,68244.1
21738,3.7218056,68247.82
21739,3.7222083,68251.54
21740,3.7222927,68255.26
21741,3.721731,68258.98
21742,3.7213025,68262.695
21743,3.721623,68266.414
21744,3.7253027,68270.14
21745,3.7309113,68273.875
21746,3.7338057,68277.61
21747,3.7302415,68281.336
21748,3.7225904,68285.055
21749,3.7158973,68288.77
21750,3.7130642,68292.484
21751,3.7156024,68296.2
21752,3.7221804,68299.92
21753,3.726697,68303.65
21754,3.7256858,68307.375
21755,3.7255375,68311.1
21756,3.7295926,68314.83
21757,3.7312975,68318.56
21758,3.729616,68322.29
21759,3.7270503,68326.016
21760,3.7228267,68329.74
21761,3.7205281,68333.46
21762,3.7227407,68337.19
21763,3.7265103,68340.914
21764,3.7315035,68344.65
21765,3.7367113,68348.38
21766,3.7388287,68352.125
21767,3.7348928,68355.86
21768,3.728272,68359.586
21769,3.725827,68363.31
21770,3.7264175,68367.04
21771,3.7264073,68370.766
21772,3.7252414,68374.49
21773,3.7258377,68378.22
21774,3.7263112,68381.945
21775,3.7265189,68385.67
21776,3.7323349,68389.41
21777,3.7423468,68393.15
21778,3.7491167,68396.9
21779,3.7516055,68400.65
21780,3.7521563,68404.4
21781,3.7482338,68408.15
21782,3.7413683,68411.89
21783,3.7314994,68415.625
21784,3.7191887,68419.34
21785,3.7083187,68423.055
21786,3.7008138,68426.76
21787,3.6954536,68430.45
21788,3.6931581,68434.15
21789,3.6948857,68437.84
21790,3.6978865,68441.54
21791,3.6998894,68445.24
21792,3.7023604,68448.945
21793,3.7062929,68452.65
21794,3.7092059,68456.36
21795,3.711241,68460.07
21796,3.7114785,68463.78
21797,3.7110617,68467.49
21798,3.7129803,68471.2
21799,3.7134395,68474.914
21800,3.7112596,68478.625
21801,3.709859,68482.336
21802,3.7110476,68486.05
21803,3.714979,68489.766
21804,3.7185805,68493.484
21805,3.7215695,68497.2
21806,3.7248569,68500.93
21807,3.7281463,68504.66
21808,3.7283764,68508.38
21809,3.7231433,68512.11
21810,3.713409,68515.82
21811,3.706383,68519.52
21812,3.7080677,68523.234
21813,3.7127035,68526.945
21814,3.7135851,68530.66
21815,3.713598,68534.37
21816,3.7173183,68538.086
21817,3.722388,68541.805
21818,3.7268655,68545.53
21819,3.7300398,68549.26
21820,3.7298286,68552.984
21821,3.727596,68556.71
21822,3.7221973,68560.43
21823,3.7121828,68564.14
21824,3.7048647,68567.84
21825,3.7012856,68571.55
21826,3.6999218,68575.25
21827,3.6994326,68578.95
21828,3.696949,68582.65
21829,3.6947048,68586.34
21830,3.6956723,68590.04
21831,3.6993654,68593.74
21832,3.7053058,68597.445
21833,3.712651,68601.16
21834,3.7179666,68604.875
21835,3.7220223,68608.59
21836,3.7233636,68612.32
21837,3.7241676,68616.05
21838,3.7232397,68619.77
21839,3.7190676,68623.49
21840,3.716824,68627.21
21841,3.7174728,68630.93
21842,3.7184105,68634.65
21843,3.7170804,68638.37
21844,3.7161882,68642.086
21845,3.7180886,68645.805
21846,3.7206066,68649.52
21847,3.7221062,68653.24
21848,3.720626,68656.96
21849,3.7191448,68660.68
21850,3.7228851,68664.41
21851,3.7315834,68668.14
21852,3.7365189,68671.875
21853,3.737231,68675.61
21854,3.7356038,68679.34
21855,3.733583,68683.08
21856,3.734466,68686.81
21857,3.7359946,68690.55
21858,3.7429166,68694.29
21859,3.749719,68698.04
21860,3.7455838,68701.78
21861,3.7339063,68705.516
21862,3.727325,68709.24
21863,3.7247458,68712.97
21864,3.7234814,68716.695
21865,3.7218492,68720.414
21866,3.7196703,68724.13
21867,3.7177377,68727.85
21868,3.7144966,68731.56
21869,3.7117324,68735.27
21870,3.7117145,68738.984
21871,3.714137,68742.695
21872,3.7156508,68746.414
21873,3.71635,68750.13
21874,3.7190826,68753.85
21875,3.7245564,68757.58
21876,3.7310605,68761.31
21877,3.7348254,68765.05
21878,3.7335837,68768.78
21879,3.7306874,68772.516
21880,3.7307892,68776.25
21881,3.7360017,68779.984
21882,3.7411852,68783.73
21883,3.7414665,68787.47
21884,3.7367709,68791.2
21885,3.732843,68794.94
21886,3.733854,68798.67
21887,3.73637,68802.41
21888,3.7375677,68806.14
21889,3.7357063,68809.875
21890,3.7313757,68813.61
21891,3.7259424,68817.336
21892,3.7221682,68821.055
21893,3.7226193,68824.77
21894,3.7279696,68828.5
21895,3.7343962,68832.234
21896,3.7369192,68835.97
21897,3.7346554,68839.7
21898,3.727907,68843.43
21899,3.7206428,68847.15
21900,3.719472,68850.87
21901,3.721236,68854.586
21902,3.7207794,68858.305
21903,3.7174237,68862.02
21904,3.7172596,68865.74
21905,3.7212317,68869.46
21906,3.7211838,68873.18
21907,3.7169092,68876.9
21908,3.713632,68880.61
21909,3.713381,68884.32
21910,3.7141256,68888.03
21911,3.7154882,68891.75
21912,3.7145016,68895.46
21913,3.7124927,68899.17
21914,3.709984,68902.88
21915,3.7088873,68906.59
21916,3.7125561,68910.305
21917,3.7188256,68914.02
21918,3.7236774,68917.75
21919,3.7262306,68921.48
21920,3.7248757,68925.2
21921,3.7208295,68928.92
21922,3.7185643,68932.64
21923,3.7193363,68936.36
21924,3.7217233,68940.08
21925,3.7246518,68943.805
21926,3.7267609,68947.53
21927,3.7256124,68951.26
21928,3.721694,68954.98
21929,3.7144492,68958.69
21930,3.707732,68962.4
21931,3.7042477,68966.1
21932,3.703736,68969.805
21933,3.7081647,68973.516
21934,3.7149565,68977.234
21935,3.7218094,68980.95
21936,3.727311,68984.68
21937,3.7294905,68988.41
21938,3.7297773,68992.13
21939,3.7272823,68995.86
21940,3.7214983,68999.58
21941,3.7160285,69003.3
21942,3.7093098,69007.01
21943,3.702791,69010.71
21944,3.699351,69014.414
21945,3.6969552,69018.11
21946,3.698888,69021.805
21947,3.7066352,69025.51
21948,3.7145357,69029.22
21949,3.719889,69032.94
21950,3.7219243,69036.66
21951,3.7214098,69040.375
21952,3.7197104,69044.09
21953,3.7182548,69047.81
21954,3.717604,69051.53
21955,3.7172656,69055.25
21956,3.717397,69058.97
21957,3.7166646,69062.69
21958,3.7136257,69066.4
21959,3.7111547,69070.11
21960,3.7107413,69073.82
21961,3.710444,69077.53
21962,3.707582,69081.24
21963,3.7047274,69084.945
21964,3.7037659,69088.65
21965,3.7072287,69092.36
21966,3.7125516,69096.07
21967,3.7152627,69099.79
21968,3.717333,69103.51
21969,3.7215054,69107.23
21970,3.7264225,69110.95
21971,3.7305074,69114.69
21972,3.7322264,69118.42
21973,3.730712,69122.16
21974,3.7285228,69125.88
21975,3.7266119,69129.61
21976,3.724403,69133.336
21977,3.7244036,69137.06
21978,3.7273366,69140.79
21979,3.7306201,69144.52
21980,3.731659,69148.26
21981,3.7311428,69151.99
21982,3.7306921,69155.73
21983,3.7288628,69159.45
21984,3.7240279,69163.18
21985,3.7176156,69166.9
21986,3.711895,69170.61
21987,3.7084165,69174.32
21988,3.7086422,69178.03
21989,3.711224,69181.74
21990,3.7208412,69185.46
21991,3.7357473,69189.195
21992,3.7440295,69192.94
21993,3.7477736,69196.69
21994,3.7479446,69200.44
21995,3.7426443,69204.18
21996,3.736206,69207.914
21997,3.728489,69211.64
21998,3.7276394,69215.37
21999,3.7326846,69219.1
22000,3.738409,69222.84
22001,3.74007,69226.586
22002,3.7382944,69230.33
22003,3.7351665,69234.06
22004,3.7340298,69237.8
22005,3.7349005,69241.53
22006,3.7381985,69245.266
22007,3.7409618,69249.01
22008,3.7405858,69252.75
22009,3.7385876,69256.49
22010,3.7349832,69260.23
22011,3.7315624,69263.96
22012,3.7277803,69267.69
22013,3.7237792,69271.414
22014,3.7243187,69275.14
22015,3.7295756,69278.87
22016,3.7347226,69282.6
22017,3.736818,69286.336
22018,3.7329106,69290.07
22019,3.7234793,69293.8
22020,3.7170265,69297.516
22021,3.7143307,69301.23
22022,3.7145092,69304.94
22023,3.7153347,69308.66
22024,3.7141323,69312.37
22025,3.711066,69316.08
22026,3.7055922,69319.78
22027,3.7009048,69323.484
22028,3.7012246,69327.19
22029,3.7044876,69330.89
22030,3.7104812,69334.6
22031,3.7185278,69338.32
22032,3.7273822,69342.05
22033,3.7356365,69345.78
22034,3.7397118,69349.52
22035,3.739526,69353.266
22036,3.7367623,69357.0
22037,3.7327447,69360.734
22038,3.7310576,69364.47
22039,3.729543,69368.195
22040,3.7267547,69371.92
22041,3.722845,69375.65
22042,3.7198377,69379.37
22043,3.7145665,69383.08
22044,3.7106066,69386.79
22045,3.7096078,69390.5
22046,3.7110753,69394.21
22047,3.715763,69397.93
22048,3.721714,69401.65
22049,3.7291002,69405.375
22050,3.7348747,69409.11
22051,3.7346065,69412.84
22052,3.7293007,69416.57
22053,3.7235382,69420.3
22054,3.7220492,69424.016
22055,3.7213576,69427.734
22056,3.7209866,69431.45
22057,3.7203395,69435.17
22058,3.7159097,69438.89
22059,3.7087877,69442.6
22060,3.7062895,69446.305
22061,3.712906,69450.016
22062,3.7195559,69453.734
22063,3.7205822,69457.45
22064,3.7156854,69461.17
22065,3.7091243,69464.88
22066,3.7092597,69468.59
22067,3.715902,69472.31
22068,3.724859,69476.04
22069,3.732071,69479.77
22070,3.734869,69483.51
22071,3.733912,69487.24
22072,3.7319362,69490.98
22073,3.7296066,69494.7
22074,3.7254715,69498.43
22075,3.7184582,69502.15
22076,3.7124927,69505.86
22077,3.7110338,69509.57
22078,3.7142055,69513.28
22079,3.7160223,69517.0
22080,3.7118237,69520.71
22081,3.7073674,69524.42
22082,3.7075827,69528.13
22083,3.7116117,69531.84
22084,3.717956,69535.56
22085,3.724261,69539.29
22086,3.727149,69543.016
22087,3.7264857,69546.74
22088,3.724459,69550.47
22089,3.7228165,69554.195
22090,3.7241206,69557.92
22091,3.72787,69561.65
22092,3.7314138,69565.38
22093,3.7351022,69569.12
22094,3.7361996,69572.85
22095,3.7309258,69576.586
22096,3.720403,69580.305
22097,3.7088804,69584.016
22098,3.7032561,69587.72
22099,3.70145,69591.42
22100,3.7045143,69595.125
22101,3.7104611,69598.836
22102,3.712149,69602.55
22103,3.710919,69606.26
22104,3.7122316,69609.97
22105,3.716495,69613.69
22106,3.7215755,69617.41
22107,3.7252016,69621.13
22108,3.7253654,69624.86
22109,3.7213533,69628.58
22110,3.7148235,69632.29
22111,3.7080836,69636.0
22112,3.707183,69639.71
22113,3.7136154,69643.42
22114,3.7193959,69647.14
22115,3.7213697,69650.86
22116,3.721077,69654.58
22117,3.7180977,69658.3
22118,3.7158372,69662.016
22119,3.7132077,69665.73
22120,3.7086203,69669.44
22121,3.7050269,69673.14
22122,3.7053015,69676.84
22123,3.709616,69680.555
22124,3.7168975,69684.27
22125,3.7268224,69688.0
22126,3.7341933,69691.734
22127,3.7358294,69695.47
22128,3.734349,69699.2
22129,3.732369,69702.94
22130,3.7291327,69706.664
22131,3.7239528,69710.39
22132,3.7177174,69714.11
22133,3.7101789,69717.82
22134,3.7046065,69721.52
22135,3.6999905,69725.23
22136,3.6995523,69728.93
22137,3.7029335,69732.63
22138,3.7056906,69736.336
22139,3.707228,69740.05
22140,3.7092483,69743.76
22141,3.7122273,69747.47
22142,3.7146657,69751.18
22143,3.7192059,69754.9
22144,3.724588,69758.625
22145,3.727017,69762.35
22146,3.7293146,69766.08
22147,3.7347765,69769.81
22148,3.7413006,69773.555
22149,3.7461238,69777.305
22150,3.7475631,69781.055
22151,3.7441063,69784.8
22152,3.735974,69788.53
22153,3.7272103,69792.26
22154,3.7223253,69795.98
22155,3.7190924,69799.695
22156,3.720162,69803.414
22157,3.7234955,69807.14
22158,3.7258635,69810.87
22159,3.7271252,69814.59
22160,3.7262628,69818.32
22161,3.723253,69822.05
22162,3.7168026,69825.766
22163,3.7091734,69829.48
22164,3.7053785,69833.18
22165,3.7038786,69836.88
22166,3.7033453,69840.586
22167,3.704955,69844.29
22168,3.7098556,69848.0
22169,3.7173338,69851.72
22170,3.7233021,69855.445
22171,3.7288997,69859.17
22172,3.732569,69862.91
22173,3.7321692,69866.64
22174,3.7282357,69870.37
22175,3.721858,69874.086
22176,3.72029,69877.805
22177,3.7193048,69881.52
22178,3.7177446,69885.24
22179,3.716468,69888.96
22180,3.7125509,69892.67
22181,3.7095082,69896.38
22182,3.7094994,69900.09
22183,3.712119,69903.805
22184,3.7164094,69907.52
22185,3.7199206,69911.24
22186,3.7186089,69914.96
22187,3.7150443,69918.68
22188,3.714768,69922.39
22189,3.7175775,69926.11
22190,3.7203908,69929.83
22191,3.725279,69933.555
22192,3.7321439,69937.29
22193,3.7365985,69941.02
22194,3.735478,69944.76
22195,3.7285812,69948.484
22196,3.7223024,69952.2
22197,3.7193282,69955.92
22198,3.720672,69959.64
22199,3.7223904,69963.36
22200,3.7254705,69967.086
22201,3.7314382,69970.82
22202,3.738254,69974.555
22203,3.7433271,69978.3
22204,3.747428,69982.05
22205,3.7485645,69985.8
22206,3.746679,69989.55
22207,3.7441344,69993.29
22208,3.7419033,69997.03
22209,3.734364,70000.766
22210,3.7235913,70004.49
22211,3.7156928,70008.21
22212,3.711995,70011.92
22213,3.7110162,70015.63
22214,3.7092848,70019.34
22215,3.7069094,70023.05
22216,3.7055004,70026.75
22217,3.70598,70030.45
22218,3.7079358,70034.164
22219,3.7119827,70037.875
22220,3.7159216,70041.59
22221,3.716791,70045.31
22222,3.7135205,70049.02
22223,3.7076318,70052.734
22224,3.7023802,70056.44
22225,3.7012496,70060.14
22226,3.7031932,70063.84
22227,3.7069147,70067.55
22228,3.708755,70071.26
22229,3.7096853,70074.97
22230,3.710466,70078.68
22231,3.713035,70082.39
22232,3.715206,70086.11
22233,3.7136793,70089.82
22234,3.7122653,70093.53
22235,3.7119691,70097.24
22236,3.7087264,70100.95
22237,3.7053924,70104.66
22238,3.704562,70108.36
22239,3.706831,70112.06
22240,3.712067,70115.77
22241,3.71819,70119.49
22242,3.7210937,70123.21
22243,3.71842,70126.93
22244,3.7128012,70130.64
22245,3.7090328,70134.35
22246,3.709586,70138.06
22247,3.7108192,70141.77
22248,3.7117407,70145.484
22249,3.713254,70149.195
22250,3.717377,70152.914
22251,3.7257526,70156.64
22252,3.732916,70160.375
22253,3.7344213,70164.11
22254,3.7324498,70167.84
22255,3.7289379,70171.57
22256,3.7309635,70175.305
22257,3.7343545,70179.04
22258,3.733556,70182.77
22259,3.7307394,70186.51
22260,3.7302148,70190.234
22261,3.7326384,70193.97
22262,3.7371864,70197.7
22263,3.7411373,70201.445
22264,3.7418485,70205.19
22265,3.7375247,70208.92
22266,3.728934,70212.65
22267,3.7215633,70216.37
22268,3.7210512,70220.086
22269,3.723375,70223.81
22270,3.7282727,70227.54
22271,3.7351892,70231.27
22272,3.7384741,70235.016
22273,3.7368932,70238.75
22274,3.7302346,70242.48
22275,3.7194548,70246.195
22276,3.7150087,70249.914
22277,3.7147195,70253.625
22278,3.7133632,70257.336
22279,3.7134428,70261.05
22280,3.7134585,70264.76
22281,3.7138665,70268.47
22282,3.7151186,70272.19
22283,3.7173586,70275.91
22284,3.7208245,70279.625
22285,3.7232902,70283.35
22286,3.7237456,70287.08
22287,3.7226415,70290.8
22288,3.7201643,70294.516
22289,3.718087,70298.234
22290,3.7149422,70301.95
22291,3.7102084,70305.664
22292,3.705169,70309.37
22293,3.7009597,70313.07
22294,3.6944847,70316.766
22295,3.6890063,70320.45
22296,3.6891234,70324.14
22297,3.6922088,70327.836
22298,3.6945806,70331.53
22299,3.6966798,70335.23
22300,3.7009692,70338.93
22301,3.7075734,70342.64
22302,3.7134163,70346.35
22303,3.7180204,70350.07
22304,3.7212813,70353.79
22305,3.7211,70357.51
22306,3.7196307,70361.23
22307,3.7187698,70364.945
22308,3.7194371,70368.664
22309,3.7223306,70372.38
22310,3.7280998,70376.11
22311,3.7354763,70379.84
22312,3.739338,70383.586
22313,3.7376583,70387.32
22314,3.7330422,70391.055
22315,3.729331,70394.78
22316,3.7295702,70398.51
22317,3.7280736,70402.234
22318,3.7267861,70405.96
22319,3.7269337,70409.69
22320,3.7266452,70413.414
22321,3.7257977,70417.14
22322,3.7264853,70420.87
22323,3.7263296,70424.59
22324,3.7237117,70428.32
22325,3.7204492,70432.04
22326,3.719184,70435.76
22327,3.7221942,70439.48
22328,3.725652,70443.2
22329,3.726505,70446.93
22330,3.7249496,70450.66
22331,3.7232692,70454.38
22332,3.7238412,70458.11
22333,3.725872,70461.836
22334,3.7282588,70465.56
22335,3.7318933,70469.3
22336,3.7365878,70473.03
22337,3.7373924,70476.766
22338,3.7331665,70480.5
22339,3.7276504,70484.23
22340,3.7273374,70487.95
22341,3.7286534,70491.68
22342,3.730579,70495.414
22343,3.7349749,70499.15
22344,3.7389042,70502.89
22345,3.7401268,70506.63
22346,3.7354784,70510.37
22347,3.726054,70514.09
22348,3.7177868,70517.81
22349,3.7119286,70521.52
22350,3.7092285,70525.234
22351,3.7106926,70528.945
22352,3.713415,70532.66
22353,3.7145782,70536.37
22354,3.7149127,70540.086
22355,3.7163057,70543.805
22356,3.7140188,70547.516
22357,3.7089393,70551.23
22358,3.7046301,70554.93
22359,3.7026513,70558.63
22360,3.704755,70562.336
22361,3.7084737,70566.05
22362,3.7101483,70569.76
22363,3.7099571,70573.47
22364,3.7104301,70577.18
22365,3.7136807,70580.89
22366,3.7171233,70584.61
22367,3.7150912,70588.33
22368,3.7102695,70592.04
22369,3.7078454,70595.75
22370,3.7085347,70599.46
22371,3.709923,70603.17
22372,3.710968,70606.88
22373,3.7145832,70610.59
22374,3.7202013,70614.31
22375,3.7259357,70618.04
22376,3.7340243,70621.77
22377,3.7430496,70625.516
22378,3.747633,70629.266
22379,3.7483635,70633.016
22380,3.7486715,70636.766
22381,3.7448528,70640.51
22382,3.7382872,70644.25
22383,3.729912,70647.98
22384,3.7253866,70651.7
22385,3.7243059,70655.43
22386,3.7228346,70659.16
22387,3.719472,70662.875
22388,3.7184625,70666.59
22389,3.72192,70670.31
22390,3.7284443,70674.04
22391,3.7334926,70677.77
22392,3.7346005,70681.51
22393,3.7337527,70685.24
22394,3.7351155,70688.98
22395,3.7346034,70692.71
22396,3.7284274,70696.44
22397,3.71751,70700.16
22398,3.7067401,70703.86
22399,3.7016857,70707.56
22400,3.707256,70711.27
22401,3.716876,70714.99
22402,3.722241,70718.71
22403,3.7269664,70722.44
22404,3.7311199,70726.17
22405,3.7357624,70729.91
22406,3.7392113,70733.65
22407,3.7350519,70737.38
22408,3.7258694,70741.11
22409,3.7168531,70744.83
22410,3.7112608,70748.54
22411,3.7072546,70752.25
22412,3.7061071,70755.95
22413,3.7097664,70759.664
22414,3.717447,70763.38
22415,3.728012,70767.11
22416,3.7348778,70770.84
22417,3.7348988,70774.58
22418,3.7275622,70778.305
22419,3.7166457,70782.02
22420,3.7109768,70785.734
22421,3.710719,70789.445
22422,3.7136874,70793.16
22423,3.717539,70796.875
22424,3.7163348,70800.59
22425,3.7136068,70804.305
22426,3.715204,70808.02
22427,3.7169116,70811.74
22428,3.7181134,70815.46
22429,3.7204113,70819.18
22430,3.7250607,70822.91
22431,3.7320116,70826.64
22432,3.7385805,70830.38
22433,3.7397323,70834.125
22434,3.7360134,70837.86
22435,3.7309234,70841.59
22436,3.730998,70845.33
22437,3.732301,70849.06
22438,3.732277,70852.8
22439,3.7312677,70856.53
22440,3.729756,70860.26
22441,3.7267482,70863.984
22442,3.7245991,70867.71
22443,3.723621,70871.44
22444,3.7270422,70875.164
22445,3.733829,70878.9
22446,3.7357507,70882.63
22447,3.7325656,70886.37
22448,3.7327783,70890.1
22449,3.7367458,70893.836
22450,3.7425423,70897.58
22451,3.7449539,70901.32
22452,3.7403288,70905.06
22453,3.7319458,70908.8
22454,3.7277188,70912.52
22455,3.7307076,70916.26
22456,3.7353163,70919.99
22457,3.7348828,70923.73
22458,3.7288764,70927.45
22459,3.7216191,70931.17
22460,3.71515,70934.89
22461,3.709971,70938.6
22462,3.7074032,70942.31
22463,3.708093,70946.02
22464,3.7083075,70949.734
22465,3.7055776,70953.44
22466,3.70308,70957.14
22467,3.7074776,70960.85
22468,3.7153418,70964.57
22469,3.7212377,70968.29
22470,3.7203338,70972.01
22471,3.7175384,70975.73
22472,3.7176082,70979.445
22473,3.721163,70983.164
22474,3.724252,70986.89
22475,3.7240498,70990.62
22476,3.7221363,70994.336
22477,3.719133,70998.055
22478,3.7165515,71001.77
22479,3.713969,71005.484
22480,3.7114785,71009.195
22481,3.7073157,71012.91
22482,3.7025607,71016.61
22483,3.6992388,71020.31
22484,3.6981835,71024.01
22485,3.7006996,71027.71
22486,3.706676,71031.414
22487,3.7121472,71035.125
22488,3.7152274,71038.84
22489,3.715332,71042.56
22490,3.7091122,71046.27
22491,3.7025256,71049.98
22492,3.6995995,71053.68
22493,3.7017531,71057.38
22494,3.710456,71061.09
22495,3.718749,71064.81
22496,3.7221975,71068.53
22497,3.7245674,71072.26
22498,3.7283504,71075.984
22499,3.7312627,71079.72
22500,3.7310708,71083.45
22501,3.72861,71087.18
22502,3.725343,71090.91
22503,3.719872,71094.625
22504,3.7132149,71098.336
22505,3.707069,71102.05
22506,3.704839,71105.75
22507,3.708591,71109.46
22508,3.7171102,71113.18
22509,3.7264106,71116.91
22510,3.7302413,71120.63
22511,3.7306554,71124.37
22512,3.7308087,71128.1
22513,3.7314093,71131.836
22514,3.7306006,71135.57
22515,3.7241898,71139.3
22516,3.7184572,71143.016
22517,3.7184486,71146.734
22518,3.7210362,71150.45
22519,3.7215297,71154.17
22520,3.7181287,71157.89
22521,3.7145963,71161.6
22522,3.7142203,71165.31
22523,3.7158995,71169.03
22524,3.7197692,71172.75
22525,3.7231338,71176.48
22526,3.7218676,71180.195
22527,3.720724,71183.914
22528,3.724066,71187.64
22529,3.7267423,71191.37
22530,3.7274153,71195.09
22531,3.727085,71198.82
22532,3.7250106,71202.55
22533,3.7225554,71206.266
22534,3.7213829,71209.984
22535,3.7214737,71213.7
22536,3.7215612,71217.42
22537,3.7192562,71221.14
22538,3.7182403,71224.86
22539,3.7190623,71228.58
22540,3.7204251,71232.3
22541,3.7257226,71236.02
22542,3.7321098,71239.76
22543,3.7362576,71243.49
22544,3.738478,71247.234
22545,3.7388997,71250.98
22546,3.7381768,71254.71
22547,3.7362359,71258.445
22548,3.7355134,71262.18
22549,3.736226,71265.914
22550,3.7335598,71269.65
22551,3.7274404,71273.375
22552,3.724602,71277.1
22553,3.7255762,71280.83
22554,3.7297783,71284.555
22555,3.7347162,71288.29
22556,3.7398434,71292.03
22557,3.74516,71295.77
22558,3.746759,71299.52
22559,3.743884,71303.266
22560,3.7417266,71307.01
22561,3.7421749,71310.75
22562,3.7398393,71314.49
22563,3.73234,71318.23
22564,3.725973,71321.95
22565,3.7213829,71325.67
22566,3.7189817,71329.39
22567,3.718076,71333.11
22568,3.7184231,71336.83
22569,3.7174218,71340.55
22570,3.7127528,71344.26
22571,3.707748,71347.97
22572,3.7047646,71351.67
22573,3.7042358,71355.375
22574,3.7054493,71359.08
22575,3.7074955,71362.79
22576,3.7084398,71366.5
22577,3.707664,71370.21
22578,3.7059243,71373.914
22579,3.7050846,71377.62
22580,3.7046864,71381.32
22581,3.7074413,71385.03
22582,3.708508,71388.74
22583,3.7059932,71392.445
22584,3.7048695,71396.15
22585,3.707801,71399.86
22586,3.7117476,71403.57
22587,3.7177575,71407.29
22588,3.7239897,71411.016
22589,3.7261953,71414.74
22590,3.7255156,71418.47
22591,3.7274258,71422.195
22592,3.7322576,71425.93
22593,3.7354784,71429.664
22594,3.7371297,71433.4
22595,3.738225,71437.13
22596,3.735858,71440.87
22597,3.7309778,71444.6
22598,3.7284038,71448.33
22599,3.7274435,71452.055
22600,3.72618,71455.78
22601,3.7239654,71459.51
22602,3.7218976,71463.23
22603,3.7199833,71466.945
22604,3.7188041,71470.664
22605,3.7171881,71474.38
22606,3.7146385,71478.09
22607,3.7129402,71481.805
22608,3.7105708,71485.516
22609,3.7068977,71489.22
22610,3.705509,71492.92
22611,3.7069004,71496.625
22612,3.7100005,71500.336
22613,3.7131507,71504.05
22614,3.7139401,71507.76
22615,3.711896,71511.47
22616,3.7094097,71515.18
22617,3.7107255,71518.89
22618,3.7154531,71522.61
22619,3.7211547,71526.33
22620,3.725038,71530.055
22621,3.7294927,71533.78
22622,3.7348955,71537.516
22623,3.73745,71541.25
22624,3.734356,71544.984
22625,3.7302804,71548.71
22626,3.7280917,71552.44
22627,3.7260878,71556.164
22628,3.7248085,71559.89
22629,3.7233615,71563.62
22630,3.7223778,71567.336
22631,3.722997,71571.06
22632,3.725622,71574.79
22633,3.728952,71578.516
22634,3.7305162,71582.25
22635,3.7297885,71585.98
22636,3.7252133,71589.7
22637,3.721246,71593.42
22638,3.7224536,71597.14
22639,3.7250845,71600.87
22640,3.7263076,71604.59
22641,3.7286992,71608.32
22642,3.7339542,71612.055
22643,3.7388418,71615.8
22644,3.7428355,71619.54
22645,3.7440631,71623.28
22646,3.743423,71627.02
22647,3.7417831,71630.766
22648,3.7374942,71634.5
22649,3.7300975,71638.23
22650,3.7249749,71641.95
22651,3.720579,71645.67
22652,3.7178302,71649.39
22653,3.715093,71653.11
22654,3.71349,71656.82
22655,3.7161453,71660.54
22656,3.7185974,71664.26
22657,3.7201698,71667.98
22658,3.7206328,71671.695
22659,3.72152,71675.414
22660,3.7228215,71679.14
22661,3.7255309,71682.87
22662,3.7298436,71686.59
22663,3.7342587,71690.33
22664,3.7366874,71694.06
22665,3.735284,71697.8
22666,3.7299004,71701.52
22667,3.726359,71705.25
22668,3.727313,71708.98
22669,3.7288332,71712.7
22670,3.7275035,71716.43
22671,3.721938,71720.15
22672,3.7152822,71723.87
22673,3.7098708,71727.58
22674,3.7050314,71731.28
22675,3.7036178,71734.984
22676,3.7047114,71738.69
22677,3.7064807,71742.39
22678,3.7056658,71746.09
22679,3.7038438,71749.8
22680,3.7013664,71753.5
22681,3.6999757,71757.2
22682,3.6991415,71760.9
22683,3.7001333,71764.6
22684,3.7018075,71768.305
22685,3.7027376,71772.01
22686,3.7009764,71775.71
22687,3.6973836,71779.41
22688,3.6933317,71783.1
22689,3.6906052,71786.79
22690,3.6903996,71790.48
22691,3.6910927,71794.164
22692,3.691354,71797.85
22693,3.6925826,71801.55
22694,3.6943746,71805.24
22695,3.6939318,71808.94
22696,3.694656,71812.63
22697,3.700539,71816.336
22698,3.7066884,71820.04
22699,3.7097614,71823.75
22700,3.7100887,71827.46
22701,3.713329,71831.17
22702,3.71659,71834.89
22703,3.7187364,71838.61
22704,3.7225246,71842.33
22705,3.7261453,71846.055
22706,3.7249715,71849.78
22707,3.7202666,71853.5
22708,3.719296,71857.22
22709,3.7213337,71860.94
22710,3.7238,71864.664
22711,3.7269495,71868.39
22712,3.7293444,71872.12
22713,3.727526,71875.84
22714,3.7246618,71879.57
22715,3.7210057,71883.29
22716,3.7182355,71887.01
22717,3.7183907,71890.73
22718,3.718794,71894.445
22719,3.7149582,71898.164
22720,3.711243,71901.875
22721,3.7121224,71905.586
22722,3.7169864,71909.305
22723,3.7253075,71913.03
22724,3.7329018,71916.766
22725,3.7372167,71920.5
22726,3.736588,71924.234
22727,3.7299874,71927.96
22728,3.7227526,71931.69
22729,3.7178335,71935.41
22730,3.7172506,71939.125
22731,3.7216709,71942.84
22732,3.7273543,71946.57
22733,3.732576,71950.305
22734,3.736323,71954.04
22735,3.7376316,71957.77
22736,3.7384071,71961.516
22737,3.7403984,71965.26
22738,3.7436154,71969.0
22739,3.746593,71972.75
22740,3.7476451,71976.5
22741,3.7446544,71980.24
22742,3.7406502,71983.984
22743,3.7370608,71987.72
22744,3.7365446,71991.45
22745,3.7335002,71995.19
22746,3.7284875,71998.914
22747,3.7238698,72002.64
22748,3.721702,72006.36
22749,3.7179725,72010.08
22750,3.7115622,72013.79
22751,3.7068248,72017.49
22752,3.705522,72021.195
22753,3.7064366,72024.9
22754,3.708336,72028.61
22755,3.7117033,72032.32
22756,3.7145355,72036.03
22757,3.7172549,72039.75
22758,3.722228,72043.47
22759,3.7273407,72047.195
22760,3.7299478,72050.92
22761,3.7305286,72054.66
22762,3.7297163,72058.38
22763,3.7259057,72062.11
22764,3.7221096,72065.83
22765,3.7215493,72069.55
22766,3.7255528,72073.27
22767,3.7327826,72077.01
22768,3.7376287,72080.74
22769,3.739461,72084.484
22770,3.7417755,72088.23
22771,3.7420483,72091.97
22772,3.7377782,72095.7
22773,3.7314644,72099.44
22774,3.7287514,72103.164
22775,3.7290652,72106.89
22776,3.7319233,72110.625
22777,3.7319763,72114.36
22778,3.725894,72118.086
22779,3.7193692,72121.805
22780,3.715301,72125.52
22781,3.7134712,72129.234
22782,3.7135959,72132.945
22783,3.716166,72136.664
22784,3.7194653,72140.38
22785,3.7203293,72144.1
22786,3.7171009,72147.82
22787,3.7126389,72151.53
22788,3.7112172,72155.24
22789,3.7102544,72158.95
22790,3.7092907,72162.664
22791,3.711191,72166.375
22792,3.7176268,72170.09
22793,3.725896,72173.82
22794,3.7281477,72177.55
22795,3.7258096,72181.27
22796,3.7223566,72184.99
22797,3.7199118,72188.71
22798,3.7161462,72192.43
22799,3.7130241,72196.14
22800,3.7154076,72199.86
22801,3.7229638,72203.586
22802,3.732708,72207.32
22803,3.7382927,72211.06
22804,3.733936,72214.8
22805,3.7261395,72218.52
22806,3.7202606,72222.24
22807,3.7122684,72225.95
22808,3.7025006,72229.66
22809,3.6974902,72233.35
22810,3.6997612,72237.055
22811,3.705857,72240.76
22812,3.711684,72244.47
22813,3.7158537,72248.19
22814,3.716515,72251.91
22815,3.7164037,72255.625
22816,3.7160678,72259.34
22817,3.714469,72263.055
22818,3.7087774,72266.766
22819,3.700428,72270.47
22820,3.6976955,72274.164
22821,3.7016656,72277.87
22822,3.7046657,72281.57
22823,3.7040954,72285.27
22824,3.7027016,72288.98
22825,3.7042818,72292.68
22826,3.70856,72296.39
22827,3.71215,72300.1
22828,3.71298,72303.81
22829,3.7106771,72307.52
22830,3.7062144,72311.23
22831,3.7047014,72314.93
22832,3.7031155,72318.63
22833,3.7024615,72322.336
22834,3.707907,72326.05
22835,3.7152798,72329.766
22836,3.7168694,72333.484
22837,3.7141218,72337.195
22838,3.7086544,72340.91
22839,3.70424,72344.61
22840,3.7064342,72348.31
22841,3.7154174,72352.03
22842,3.727264,72355.76
22843,3.7379448,72359.49
22844,3.7446594,72363.234
22845,3.7452333,72366.98
22846,3.7423153,72370.72
22847,3.7376869,72374.45
22848,3.7317333,72378.19
22849,3.7243001,72381.914
22850,3.7187614,72385.63
22851,3.7154498,72389.35
22852,3.7154384,72393.07
22853,3.716997,72396.79
22854,3.720187,72400.51
22855,3.7243521,72404.234
22856,3.7246711,72407.96
22857,3.721439,72411.68
22858,3.7185783,72415.4
22859,3.7194295,72419.12
22860,3.720288,72422.836
22861,3.7180083,72426.555
22862,3.7141523,72430.266
22863,3.7103038,72433.98
22864,3.711545,72437.69
22865,3.717416,72441.41
22866,3.721798,72445.125
22867,3.7224388,72448.84
22868,3.722028,72452.56
22869,3.7207012,72456.28
22870,3.716818,72460.0
22871,3.7138526,72463.71
22872,3.715118,72467.43
22873,3.7207842,72471.15
22874,3.7257957,72474.875
22875,3.7269435,72478.6
22876,3.727628,72482.33
22877,3.7298236,72486.055
22878,3.7339864,72489.79
22879,3.7369685,72493.52
22880,3.735768,72497.26
22881,3.732302,72500.99
22882,3.7281194,72504.72
22883,3.7250817,72508.445
22884,3.7275255,72512.17
22885,3.7296994,72515.9
22886,3.7288547,72519.625
22887,3.7279253,72523.35
22888,3.725817,72527.08
22889,3.7209356,72530.8
22890,3.716275,72534.516
22891,3.71396,72538.23
22892,3.7153654,72541.945
22893,3.72009,72545.664
22894,3.7270966,72549.39
22895,3.733378,72553.125
22896,3.737693,72556.86
22897,3.7375777,72560.59
22898,3.7314935,72564.33
22899,3.7210257,72568.05
22900,3.7118623,72571.76
22901,3.7063196,72575.46
22902,3.707887,72579.17
22903,3.7133877,72582.88
22904,3.7197316,72586.6
22905,3.7261508,72590.33
22906,3.7282739,72594.055
22907,3.7256436,72597.78
22908,3.7217932,72601.5
22909,3.7215176,72605.22
22910,3.724525,72608.945
22911,3.7263734,72612.67
22912,3.7297204,72616.4
22913,3.731815,72620.13
22914,3.7323925,72623.87
22915,3.7335446,72627.6
22916,3.7309523,72631.336
22917,3.7266326,72635.06
22918,3.726791,72638.79
22919,3.728687,72642.516
22920,3.7272975,72646.24
22921,3.7255917,72649.97
22922,3.726385,72653.695
22923,3.728217,72657.42
22924,3.7277846,72661.15
22925,3.7260966,72664.875
22926,3.7261229,72668.6
22927,3.7250257,72672.33
22928,3.7246225,72676.055
22929,3.7269664,72679.78
22930,3.7290554,72683.51
22931,3.7286093,72687.234
22932,3.7283542,72690.96
22933,3.7290192,72694.69
22934,3.7270896,72698.414
22935,3.7235024,72702.14
22936,3.7219527,72705.86
22937,3.721839,72709.58
22938,3.7217228,72713.3
22939,3.7222235,72717.016
22940,3.7229533,72720.74
22941,3.7194595,72724.46
22942,3.7136443,72728.17
22943,3.709155,72731.88
22944,3.7079122,72735.59
22945,3.7039948,72739.3
22946,3.6973162,72742.99
22947,3.692006,72746.69
22948,3.690346,72750.375
22949,3.6936805,72754.07
22950,3.6989844,72757.766
22951,3.7060237,72761.47
22952,3.7124233,72765.18
22953,3.7171423,72768.9
22954,3.7232378,72772.625
22955,3.7275357,72776.35
22956,3.7239025,72780.08
22957,3.7165647,72783.8
22958,3.709654,72787.51
22959,3.7043285,72791.21
22960,3.701786,72794.914
22961,3.700027,72798.62
22962,3.700757,72802.32
22963,3.702686,72806.02
22964,3.7018204,72809.73
22965,3.700058,72813.43
22966,3.6987963,72817.125
22967,3.698283,72820.82
22968,3.6987903,72824.516
22969,3.6982791,72828.21
22970,3.692384,72831.91
22971,3.6854675,72835.59
22972,3.6812706,72839.27
22973,3.6781192,72842.95
22974,3.6783035,72846.63
22975,3.6847823,72850.32
22976,3.6934183,72854.016
22977,3.698978,72857.71
22978,3.6995726,72861.414
22979,3.6994002,72865.12
22980,3.6997497,72868.82
22981,3.6965702,72872.516
22982,3.699384,72876.22
22983,3.7087626,72879.93
22984,3.7187285,72883.65
22985,3.7251003,72887.375
22986,3.725682,72891.1
22987,3.724509,72894.83
22988,3.7205014,72898.55
22989,3.7134054,72902.26
22990,3.70629,72905.96
22991,3.7034786,72909.664
22992,3.7049136,72913.37
22993,3.7070494,72917.08
22994,3.7078373,72920.79
22995,3.7069836,72924.49
22996,3.7035184,72928.195
22997,3.6998825,72931.9
22998,3.6973066,72935.59
22999,3.696213,72939.29
23000,3.6966524,72942.984
23001,3.698276,72946.68
23002,3.700992,72950.38
23003,3.7035317,72954.086
23004,3.704762,72957.79
23005,3.7083187,72961.5
23006,3.7163777,72965.22
23007,3.7239761,72968.945
23008,3.723512,72972.67
23009,3.7163548,72976.39
23010,3.70907,72980.1
23011,3.7014432,72983.805
23012,3.6978118,72987.5
23013,3.700762,72991.2
23014,3.7046895,72994.91
23015,3.708602,72998.62
23016,3.7119908,73002.33
23017,3.717317,73006.05
23018,3.7244449,73009.77
23019,3.7311206,73013.51
23020,3.7353795,73017.24
23021,3.7377877,73020.98
23022,3.7407248,73024.72
23023,3.7444246,73028.46
23024,3.7460332,73032.2
23025,3.7455642,73035.945
23026,3.7452385,73039.69
23027,3.743133,73043.43
23028,3.7451785,73047.17
23029,3.7506645,73050.92
23030,3.7535424,73054.67
23031,3.7504447,73058.42
23032,3.7450938,73062.164
23033,3.7396915,73065.91
23034,3.7387786,73069.65
23035,3.7368643,73073.38
23036,3.7338111,73077.12
23037,3.7323031,73080.85
23038,3.7322063,73084.586
23039,3.7321413,73088.32
23040,3.7340617,73092.055
23041,3.7363775,73095.79
23042,3.7356422,73099.52
23043,3.7336185,73103.26
23044,3.7320635,73106.99
23045,3.7297397,73110.72
23046,3.7285573,73114.445
23047,3.727487,73118.17
23048,3.724002,73121.9
23049,3.7174852,73125.62
23050,3.7125485,73129.33
23051,3.7109654,73133.04
23052,3.7118208,73136.75
23053,3.7147212,73140.46
23054,3.7169738,73144.18
23055,3.717281,73147.9
23056,3.720395,73151.62
23057,3.7276785,73155.34
23058,3.7357953,73159.08
23059,3.7379546,73162.81
23060,3.7317865,73166.55
23061,3.721728,73170.266
23062,3.7151587,73173.984
23063,3.713025,73177.695
23064,3.7127762,73181.41
23065,3.7095892,73185.12
23066,3.7041063,73188.82
23067,3.6998153,73192.52
23068,3.6994445,73196.23
23069,3.6991277,73199.92
23070,3.6967735,73203.62
23071,3.6934483,73207.31
23072,3.6865337,73211.0
23073,3.6807559,73214.68
23074,3.6798818,73218.36
23075,3.680007,73222.04
23076,3.6782925,73225.72
23077,3.6778903,73229.4
23078,3.682937,73233.08
23079,3.690478,73236.766
23080,3.6947973,73240.46
23081,3.696796,73244.16
23082,3.6982062,73247.85
23083,3.7007658,73251.555
23084,3.7041137,73255.26
23085,3.7073505,73258.97
23086,3.709958,73262.68
23087,3.7116516,73266.39
23088,3.7140224,73270.1
23089,3.7162466,73273.82
23090,3.7181036,73277.54
23091,3.718298,73281.26
23092,3.7167962,73284.98
23093,3.7132723,73288.69
23094,3.7071385,73292.4
23095,3.6999326,73296.1
23096,3.6958265,73299.8
23097,3.6962328,73303.49
23098,3.7000988,73307.195
23099,3.7062578,73310.9
23100,3.709162,73314.61
23101,3.7072506,73318.32
23102,3.7064373,73322.02
23103,3.7085457,73325.734
23104,3.7092175,73329.445
23105,3.7062292,73333.15
23106,3.7029605,73336.85
23107,3.7000093,73340.555
23108,3.7004778,73344.26
23109,3.7032988,73347.96
23110,3.7056744,73351.664
23111,3.7082891,73355.375
23112,3.712691,73359.086
23113,3.7176418,73362.805
23114,3.7228096,73366.53
23115,3.7282448,73370.26
23116,3.7325282,73373.99
23117,3.733694,73377.73
23118,3.7312994,73381.46
23119,3.7260036,73385.19
23120,3.722251,73388.91
23121,3.7215383,73392.625
23122,3.7216284,73396.34
23123,3.7215316,73400.06
23124,3.7226543,73403.78
23125,3.7279043,73407.51
23126,3.7360737,73411.24
23127,3.7436032,73414.984
23128,3.7478802,73418.734
23129,3.7484362,73422.484
23130,3.749292,73426.234
23131,3.7474432,73429.984
23132,3.7440102,73433.73
23133,3.7404954,73437.47
23134,3.739921,73441.21
23135,3.7397456,73444.95
23136,3.7411163,73448.695
23137,3.7428517,73452.44
23138,3.7429233,73456.18
23139,3.7420616,73459.92
23140,3.7428012,73463.664
23141,3.7406943,73467.41
23142,3.7356896,73471.14
23143,3.7289398,73474.87
23144,3.7240996,73478.59
23145,3.719506,73482.31
23146,3.7142754,73486.02
23147,3.7108319,73489.734
23148,3.7101538,73493.445
23149,3.7120674,73497.16
23150,3.7152472,73500.875
23151,3.7189193,73504.59
23152,3.723181,73508.32
23153,3.7284172,73512.05
23154,3.7311924,73515.78
23155,3.7292159,73519.51
23156,3.7221892,73523.23
23157,3.7135134,73526.94
23158,3.710068,73530.65
23159,3.7128081,73534.36
23160,3.7185054,73538.08
23161,3.7234886,73541.805
23162,3.7238176,73545.53
23163,3.7199266,73549.25
23164,3.7144027,73552.96
23165,3.7049227,73556.664
23166,3.699157,73560.36
23167,3.6999075,73564.06
23168,3.701996,73567.766
23169,3.7037642,73571.47
23170,3.7049816,73575.17
23171,3.7065074,73578.875
23172,3.7079158,73582.586
23173,3.7077472,73586.3
23174,3.707944,73590.01
23175,3.7081816,73593.72
23176,3.7055392,73597.42
23177,3.7004988,73601.125
23178,3.6969092,73604.82
23179,3.6983464,73608.516
23180,3.7036684,73612.22
23181,3.7091043,73615.93
23182,3.712338,73619.64
23183,3.713595,73623.35
23184,3.7108035,73627.06
23185,3.7048857,73630.766
23186,3.698589,73634.46
23187,3.693565,73638.16
23188,3.6913688,73641.84
23189,3.690833,73645.53
23190,3.6928775,73649.23
23191,3.699547,73652.93
23192,3.7049375,73656.63
23193,3.710431,73660.34
23194,3.717887,73664.06
23195,3.7248714,73667.79
23196,3.7280447,73671.516
23197,3.730385,73675.24
23198,3.733038,73678.98
23199,3.7322881,73682.71
23200,3.7298536,73686.44
23201,3.7261386,73690.164
23202,3.725474,73693.89
23203,3.725071,73697.62
23204,3.7260318,73701.34
23205,3.7279155,73705.07
23206,3.7279263,73708.8
23207,3.7265158,73712.52
23208,3.7242885,73716.25
23209,3.7206109,73719.97
23210,3.7181578,73723.69
23211,3.7151272,73727.41
23212,3.7130308,73731.12
23213,3.71716,73734.836
23214,3.7219703,73738.555
23215,3.7240593,73742.28
23216,3.7261214,73746.01
23217,3.7303588,73749.734
23218,3.735111,73753.47
23219,3.7362568,73757.2
23220,3.7339854,73760.94
23221,3.7317407,73764.67
23222,3.7315657,73768.41
23223,3.7297342,73772.13
23224,3.7228546,73775.86
23225,3.716596,73779.58
23226,3.717118,73783.3
23227,3.7235162,73787.02
23228,3.7317207,73790.76
23229,3.737044,73794.49
23230,3.7338827,73798.23
23231,3.7238562,73801.95
23232,3.7170238,73805.67
23233,3.714444,73809.38
23234,3.7150087,73813.1
23235,3.7204604,73816.82
23236,3.7277148,73820.55
23237,3.733121,73824.28
23238,3.7338185,73828.016
23239,3.731496,73831.75
23240,3.7299812,73835.48
23241,3.7297204,73839.2
23242,3.7306402,73842.94
23243,3.7329988,73846.67
23244,3.732139,73850.41
23245,3.7260747,73854.13
23246,3.7194705,73857.85
23247,3.7155423,73861.57
23248,3.7162488,73865.29
23249,3.7217183,73869.01
23250,3.7284846,73872.734
23251,3.7343986,73876.47
23252,3.7372305,73880.2
23253,3.7347252,73883.94
23254,3.7317708,73887.67
23255,3.72954,73891.4
23256,3.7286944,73895.125
23257,3.7293937,73898.85
23258,3.728731,73902.58
23259,3.7245724,73906.305
23260,3.7208557,73910.02
23261,3.7179947,73913.74
23262,3.7151392,73917.46
23263,3.7137628,73921.17
23264,3.7116365,73924.88
23265,3.7071223,73928.59
23266,3.7031207,73932.3
23267,3.7027605,73936.0
23268,3.7045617,73939.7
23269,3.708238,73943.414
23270,3.7096596,73947.125
23271,3.712148,73950.836
23272,3.717995,73954.555
23273,3.7246268,73958.28
23274,3.7299771,73962.01
23275,3.7334356,73965.74
23276,3.73612,73969.48
23277,3.734836,73973.21
23278,3.7326512,73976.945
23279,3.7322674,73980.68
23280,3.7311375,73984.414
23281,3.728696,73988.14
23282,3.7254412,73991.87
23283,3.725728,73995.59
23284,3.7302282,73999.32
23285,3.7361977,74003.055
23286,3.742719,74006.8
23287,3.7469661,74010.55
23288,3.7464645,74014.3
23289,3.7434056,74018.04
23290,3.7413714,74021.78
23291,3.7374656,74025.516
23292,3.7309902,74029.25
23293,3.7248814,74032.98
23294,3.7237537,74036.7
23295,3.7230291,74040.43
23296,3.7198875,74044.15
23297,3.7165978,74047.87
23298,3.7137604,74051.58
23299,3.711425,74055.29
23300,3.7090492,74059.0
23301,3.7077632,74062.71
23302,3.7085211,74066.42
23303,3.7079773,74070.13
23304,3.7048693,74073.836
23305,3.702888,74077.54
23306,3.7050235,74081.24
23307,3.7099724,74084.95
23308,3.7129412,74088.664
23309,3.7146122,74092.375
23310,3.71564,74096.09
23311,3.7178738,74099.81
23312,3.7234318,74103.54
23313,3.7271202,74107.266
23314,3.7260542,74110.99
23315,3.7239928,74114.72
23316,3.7234068,74118.445
23317,3.7263892,74122.17
23318,3.7314246,74125.91
23319,3.734066,74129.64
23320,3.7321897,74133.375
23321,3.726798,74137.1
23322,3.7206624,74140.82
23323,3.7174685,74144.54
23324,3.7188346,74148.26
23325,3.7226262,74151.98
23326,3.7268124,74155.7
23327,3.7283711,74159.43
23328,3.7259843,74163.16
23329,3.7222395,74166.875
23330,3.7196374,74170.59
23331,3.7154071,74174.31
23332,3.7109015,74178.02
23333,3.70656,74181.73
23334,3.7026298,74185.43
23335,3.7024846,74189.13
23336,3.7106056,74192.84
23337,3.7206752,74196.56
23338,3.7261844,74200.29
23339,3.7300537,74204.016
23340,3.7314842,74207.75
23341,3.7288756,74211.48
23342,3.7253432,74215.2
23343,3.722997,74218.93
23344,3.720419,74222.65
23345,3.7170618,74226.37
23346,3.71639,74230.086
23347,3.7165153,74233.805
23348,3.7147746,74237.516
23349,3.7122405,74241.23
23350,3.7089543,74244.94
23351,3.706318,74248.64
23352,3.7075958,74252.35
23353,3.7133331,74256.06
23354,3.7208636,74259.78
23355,3.7287035,74263.51
23356,3.7330508,74267.24
23357,3.7335708,74270.98
23358,3.7309823,74274.71
23359,3.7249413,74278.44
23360,3.7211668,74282.16
23361,3.7217727,74285.875
23362,3.7254155,74289.6
23363,3.7302067,74293.33
23364,3.7330132,74297.06
23365,3.7340572,74300.8
23366,3.7354023,74304.53
23367,3.735108,74308.266
23368,3.7339644,74312.0
23369,3.7321126,74315.734
23370,3.7312047,74319.47
23371,3.7291293,74323.195
23372,3.7253685,74326.92
23373,3.7206335,74330.64
23374,3.7167685,74334.36
23375,3.7141922,74338.07
23376,3.7114465,74341.78
23377,3.7084286,74345.49
23378,3.7091775,74349.2
23379,3.714981,74352.92
23380,3.7187219,74356.64
23381,3.7190115,74360.36
23382,3.7161334,74364.08
23383,3.7124364,74367.79
23384,3.7096364,74371.5
23385,3.7068334,74375.2
23386,3.7049847,74378.91
23387,3.7044897,74382.61
23388,3.706199,74386.31
23389,3.7082415,74390.02
23390,3.7095299,74393.734
23391,3.7097616,74397.445
23392,3.7079833,74401.16
23393,3.7053092,74404.86
23394,3.705547,74408.56
23395,3.7087734,74412.27
23396,3.711229,74415.984
23397,3.7108524,74419.695
23398,3.709006,74423.41
23399,3.706167,74427.11
23400,3.7059755,74430.81
23401,3.7101443,74434.52
23402,3.7142537,74438.234
23403,3.7195218,74441.95
23404,3.7233412,74445.68
23405,3.7248406,74449.41
23406,3.727225,74453.13
23407,3.7287822,74456.86
23408,3.726831,74460.586
23409,3.724035,74464.31
23410,3.723702,74468.04
23411,3.725354,74471.766
23412,3.7266064,74475.49
23413,3.726229,74479.22
23414,3.7224538,74482.94
23415,3.7147264,74486.65
23416,3.7089152,74490.36
23417,3.705899,74494.06
23418,3.7081378,74497.77
23419,3.7175186,74501.49
23420,3.7302065,74505.22
23421,3.7418683,74508.96
23422,3.7513855,74512.71
23423,3.7580638,74516.47
23424,3.7612703,74520.23
23425,3.7573802,74523.984
23426,3.7547789,74527.74
23427,3.7519634,74531.49
23428,3.7475014,74535.24
23429,3.741729,74538.984
23430,3.740025,74542.73
23431,3.7392526,74546.47
23432,3.7389889,74550.21
23433,3.7383132,74553.95
23434,3.7359478,74557.69
23435,3.7303073,74561.414
23436,3.7261047,74565.14
23437,3.725172,74568.87
23438,3.7289174,74572.59
23439,3.7338681,74576.33
23440,3.7317188,74580.06
23441,3.724818,74583.79
23442,3.7233813,74587.516
23443,3.7232487,74591.24
23444,3.717823,74594.96
23445,3.712345,74598.67
23446,3.713482,74602.38
23447,3.7188594,74606.1
23448,3.7224753,74609.82
23449,3.7240655,74613.55
23450,3.7230258,74617.27
23451,3.7229323,74621.0
23452,3.723765,74624.73
23453,3.7214565,74628.445
23454,3.7191613,74632.164
23455,3.7174585,74635.88
23456,3.7177572,74639.6
23457,3.7220616,74643.32
23458,3.7272353,74647.05
23459,3.7286823,74650.77
23460,3.7286565,74654.5
23461,3.7294192,74658.23
23462,3.7302413,74661.95
23463,3.7327642,74665.69
23464,3.7339103,74669.42
23465,3.728683,74673.15
23466,3.7211637,74676.87
23467,3.714347,74680.58
23468,3.7097692,74684.29
23469,3.7069478,74687.99
23470,3.7058165,74691.695
23471,3.7064824,74695.4
23472,3.710817,74699.11
23473,3.7166,74702.83
23474,3.7218533,74706.55
23475,3.7235212,74710.27
23476,3.7208688,74713.99
23477,3.7132494,74717.7
23478,3.7022161,74721.41
23479,3.6919315,74725.1
23480,3.6858623,74728.79
23481,3.681631,74732.47
23482,3.6839628,74736.16
23483,3.6937125,74739.85
23484,3.7029848,74743.555
23485,3.7104702,74747.266
23486,3.7125573,74750.98
23487,3.7098815,74754.69
23488,3.7055526,74758.39
23489,3.6996343,74762.09
23490,3.6967747,74765.79
23491,3.6960433,74769.484
23492,3.6990478,74773.18
23493,3.7065487,74776.88
23494,3.7104475,74780.59
23495,3.7092369,74784.305
23496,3.704403,74788.01
23497,3.7000542,74791.71
23498,3.6998947,74795.414
23499,3.702189,74799.12
23500,3.7046275,74802.82
23501,3.70773,74806.53
23502,3.7115602,74810.24
23503,3.7142632,74813.95
23504,3.7138655,74817.664
23505,3.712684,74821.375
23506,3.7121718,74825.086
23507,3.7127273,74828.8
23508,3.7171054,74832.516
23509,3.7251968,74836.24
23510,3.736109,74839.98
23511,3.7440796,74843.72
23512,3.7467241,74847.47
23513,3.7440784,74851.21
23514,3.7394035,74854.95
23515,3.7329063,74858.69
23516,3.72705,74862.414
23517,3.7238772,74866.14
23518,3.720314,74869.86
23519,3.7128003,74873.57
23520,3.7047086,74877.27
23521,3.6997359,74880.98
23522,3.6950707,74884.67
23523,3.6901174,74888.36
23524,3.68689,74892.05
23525,3.6878695,74895.734
23526,3.6931262,74899.43
23527,3.700721,74903.13
23528,3.705463,74906.836
23529,3.7103906,74910.55
23530,3.7155025,74914.266
23531,3.7189224,74917.984
23532,3.721132,74921.7
23533,3.7229915,74925.43
23534,3.7233758,74929.16
23535,3.7247517,74932.88
23536,3.7255547,74936.61
23537,3.724149,74940.336
23538,3.7210238,74944.055
23539,3.7176049,74947.77
23540,3.7155483,74951.49
23541,3.7146556,74955.2
23542,3.716077,74958.92
23543,3.7183013,74962.64
23544,3.7187283,74966.36
23545,3.7204983,74970.08
23546,3.722521,74973.8
23547,3.7263095,74977.52
23548,3.7306693,74981.26
23549,3.7311525,74984.99
23550,3.725883,74988.72
23551,3.7217734,74992.44
23552,3.7208798,74996.16
23553,3.7223058,74999.875
23554,3.7239723,75003.6
23555,3.7247717,75007.33
23556,3.728142,75011.055
23557,3.733557,75014.79
23558,3.7353897,75018.52
23559,3.7310762,75022.26
23560,3.7255602,75025.984
23561,3.7201052,75029.7
23562,3.7190754,75033.42
23563,3.718927,75037.14
23564,3.7165556,75040.86
23565,3.7155862,75044.58
23566,3.7195778,75048.3
23567,3.723225,75052.02
23568,3.721815,75055.74
23569,3.7196095,75059.46
23570,3.7178743,75063.18
23571,3.7179065,75066.9
23572,3.719959,75070.62
23573,3.7204638,75074.336
23574,3.7164006,75078.055
23575,3.7093236,75081.766
23576,3.7020135,75085.47
23577,3.6967463,75089.164
23578,3.6945007,75092.86
23579,3.6906433,75096.55
23580,3.6862288,75100.234
23581,3.6837401,75103.92
23582,3.6852996,75107.61
23583,3.6872811,75111.3
23584,3.6867735,75114.984
23585,3.6854532,75118.67
23586,3.6857476,75122.36
23587,3.688371,75126.05
23588,3.6909118,75129.734
23589,3.6933498,75133.43
23590,3.692477,75137.125
23591,3.6892052,75140.81
23592,3.6885269,75144.5
23593,3.6903768,75148.19
23594,3.6928935,75151.88
23595,3.6956918,75155.58
23596,3.6959271,75159.27
23597,3.6922717,75162.97
23598,3.6903985,75166.66
23599,3.690587,75170.34
23600,3.6908605,75174.03
23601,3.6918077,75177.73
23602,3.6896536,75181.414
23603,3.6858368,75185.1
23604,3.6813064,75188.78
23605,3.6752374,75192.45
23606,3.671343,75196.125
23607,3.668975,75199.8
23608,3.6664243,75203.46
23609,3.6643465,75207.125
23610,3.662984,75210.79
23611,3.6631932,75214.45
23612,3.6643405,75218.12
23613,3.663498,75221.78
23614,3.6585994,75225.44
23615,3.6554558,75229.09
23616,3.655042,75232.75
23617,3.6548293,75236.41
23618,3.6517851,75240.055
23619,3.6475725,75243.7
23620,3.639819,75247.34
23621,3.6264217,75250.97
23622,3.610505,75254.58
23623,3.6001427,75258.18
23624,3.5994627,75261.78
23625,3.6016219,75265.38
23626,3.6030607,75268.984
23627,3.6075463,75272.59
23628,3.6099572,75276.2
23629,3.6076791,75279.81
23630,3.6045666,75283.414
23631,3.6034784,75287.016
23632,3.6052203,75290.62
23633,3.6073163,75294.23
23634,3.6076524,75297.836
23635,3.6030862,75301.44
23636,3.5937319,75305.03
23637,3.5849202,75308.62
23638,3.5803618,75312.195
23639,3.576913,75315.77
23640,3.57339,75319.34
23641,3.5690725,75322.914
23642,3.5653274,75326.48
23643,3.5642405,75330.04
23644,3.5666907,75333.61
23645,3.5730267,75337.18
23646,3.5871222,75340.766
23647,3.6074688,75344.375
23648,3.6254141,75348.0
23649,3.6381598,75351.64
23650,3.6431112,75355.28
23651,3.6439047,75358.92
23652,3.631842,75362.555
23653,3.607249,75366.164
23654,3.5697272,75369.734
23655,3.5321832,75373.266
23656,3.5021117,75376.766
23657,3.4896169,75380.26
23658,3.4974844,75383.76
23659,3.5079045,75387.266
23660,3.5081165,75390.77
23661,3.5010324,75394.27
23662,3.5023487,75397.77
23663,3.5094573,75401.28
23664,3.5206316,75404.805
23665,3.5305378,75408.336
23666,3.5419035,75411.875
23667,3.5525393,75415.43
23668,3.5621274,75418.99
23669,3.5679462,75422.56
23670,3.5737538,75426.13
23671,3.5766885,75429.71
23672,3.5814552,75433.29
23673,3.5845559,75436.875
23674,3.5854328,75440.46
23675,3.5858045,75444.05
23676,3.5887136,75447.63
23677,3.592983,75451.23
23678,3.5964706,75454.82
23679,3.5987804,75458.42
23680,3.5953054,75462.016
23681,3.586002,75465.6
23682,3.5780227,75469.18
23683,3.5743868,75472.76
23684,3.570331,75476.33
23685,3.563286,75479.89
23686,3.5521743,75483.445
23687,3.5425432,75486.984
23688,3.5384905,75490.52
23689,3.5386744,75494.06
23690,3.5401995,75497.6
23691,3.5442734,75501.15
23692,3.5535936,75504.7
23693,3.5620537,75508.266
23694,3.5691924,75511.836
23695,3.5703835,75515.41
23696,3.568498,75518.98
23697,3.5727339,75522.55
23698,3.5911987,75526.14
23699,3.6115148,75529.75
23700,3.623347,75533.375
23701,3.6217299,75537.0
23702,3.6146147,75540.62
23703,3.601999,75544.22
23704,3.592533,75547.81
23705,3.5429025,75551.35
23706,3.5035076,75554.85
23707,3.4974127,75558.35
23708,3.5003564,75561.85
23709,3.5036507,75565.35
23710,3.50591,75568.86
23711,3.5107045,75572.37
23712,3.5160244,75575.88
23713,3.521371,75579.41
23714,3.5267608,75582.93
23715,3.535027,75586.46
23716,3.5520403,75590.016
23717,3.573806,75593.586
23718,3.6011975,75597.19
23719,3.610524,75600.8
23720,3.612273,75604.41
23721,3.613019,75608.016
23722,3.6159854,75611.63
23723,3.6165948,75615.25
23724,3.6182022,75618.87
23725,3.619921,75622.484
23726,3.6220715,75626.11
23727,3.6211302,75629.734
23728,3.6198483,75633.35
23729,3.618515,75636.97
23730,3.6192522,75640.586
23731,3.6200066,75644.2
23732,3.6215146,75647.83
23733,3.6210103,75651.445
23734,3.6204956,75655.06
23735,3.6191988,75658.68
23736,3.6169348,75662.3
23737,3.6124947,75665.91
23738,3.6080072,75669.516
23739,3.6038756,75673.12
23740,3.6015108,75676.72
23741,3.5995598,75680.32
23742,3.5993474,75683.92
23743,3.5991507,75687.52
23744,3.5992079,75691.125
23745,3.5963173,75694.72
23746,3.5923665,75698.31
23747,3.5881631,75701.9
23748,3.585986,75705.484
23749,3.5842676,75709.07
23750,3.5836983,75712.66
23751,3.5816286,75716.234
23752,3.5792248,75719.81
23753,3.576692,75723.39
23754,3.577136,75726.97
23755,3.5761666,75730.55
23756,3.5725682,75734.12
23757,3.5671816,75737.69
23758,3.5615015,75741.25
23759,3.558384,75744.805
23760,3.5593464,75748.37
23761,3.5599687,75751.93
23762,3.5583596,75755.484
23763,3.555169,75759.04
23764,3.5538113,75762.59
23765,3.5527227,75766.15
23766,3.552422,75769.7
23767,3.551972,75773.26
23768,3.5522623,75776.81
23769,3.5522857,75780.37
23770,3.550557,75783.914
23771,3.5479271,75787.46
23772,3.546052,75791.01
23773,3.5452924,75794.555
23774,3.5463448,75798.1
23775,3.5476894,75801.65
23776,3.5488286,75805.195
23777,3.5475702,75808.74
23778,3.5424273,75812.28
23779,3.5357113,75815.82
23780,3.5290127,75819.35
23781,3.5244513,75822.875
23782,3.5235958,75826.4
23783,3.5254877,75829.92
23784,3.5270085,75833.445
23785,3.525318,75836.97
23786,3.5220816,75840.49
23787,3.5195851,75844.016
23788,3.518202,75847.53
23789,3.5168228,75851.05
23790,3.516156,75854.56
23791,3.516491,75858.08
23792,3.5185091,75861.59
23793,3.5199864,75865.12
23794,3.5207198,75868.64
23795,3.520176,75872.164
23796,3.5187273,75875.68
23797,3.5169618,75879.195
23798,3.5144322,75882.71
23799,3.5110288,75886.22
23800,3.506241,75889.73
23801,3.5011096,75893.23
23802,3.4970949,75896.73
23803,3.4954405,75900.22
23804,3.4945898,75903.71
23805,3.4935458,75907.2
23806,3.492134,75910.695
23807,3.4894423,75914.19
23808,3.485592,75917.67
23809,3.4801867,75921.15
23810,3.4743612,75924.625
23811,3.4686406,75928.09
23812,3.465631,75931.56
23813,3.4631357,75935.02
23814,3.4597378,75938.484
23815,3.455798,75941.94
23816,3.452333,75945.39
23817,3.4495723,75948.84
23818,3.446867,75952.29
23819,3.4440658,75955.734
23820,3.442604,75959.18
23821,3.4421332,75962.625
23822,3.4436169,75966.07
23823,3.4462254,75969.516
23824,3.4492538,75972.97
23825,3.4521432,75976.42
23826,3.4541385,75979.875
23827,3.4545052,75983.33
23828,3.452106,75986.78
23829,3.4475725,75990.23
23830,3.4423342,75993.67
23831,3.43705,75997.11
23832,3.4326358,76000.54
23833,3.4284692,76003.97
23834,3.4241552,76007.39
23835,3.4198833,76010.81
23836,3.4164784,76014.23
23837,3.4159222,76017.64
23838,3.417354,76021.055
23839,3.4186673,76024.48
23840,3.419496,76027.9
23841,3.420747,76031.32
23842,3.4233563,76034.74
23843,3.4259992,76038.17
23844,3.4270885,76041.6
23845,3.4274163,76045.03
23846,3.4265926,76048.46
23847,3.4261475,76051.89
23848,3.4268155,76055.32
23849,3.4279556,76058.75
23850,3.4295583,76062.18
23851,3.4297245,76065.61
23852,3.4284601,76069.04
23853,3.4279447,76072.47
23854,3.4270375,76075.9
23855,3.4443088,76079.34
23856,3.456452,76082.8
23857,3.4744701,76086.27
23858,3.4847991,76089.76
23859,3.4999151,76093.26
23860,3.5057886,76096.766
23861,3.513691,76100.28
23862,3.5144634,76103.8
23863,3.5187247,76107.31
23864,3.5194995,76110.83
23865,3.5218987,76114.35
23866,3.5215445,76117.875
23867,3.5224614,76121.4
23868,3.5195882,76124.92
23869,3.5169132,76128.44
23870,3.510389,76131.945
23871,3.5049877,76135.45
23872,3.4975111,76138.95
23873,3.491064,76142.445
23874,3.485436,76145.93
23875,3.4821365,76149.414
23876,3.4799755,76152.89
23877,3.4766126,76156.37
23878,3.47289,76159.84
23879,3.4675865,76163.31
23880,3.4634957,76166.77
23881,3.4591851,76170.234
23882,3.4563112,76173.69
23883,3.4550464,76177.14
23884,3.4598134,76180.6
23885,3.4680116,76184.07
23886,3.4820604,76187.555
23887,3.4953833,76191.05
23888,3.5082126,76194.555
23889,3.515269,76198.07
23890,3.517879,76201.586
23891,3.5153034,76205.1
23892,3.5115283,76208.61
23893,3.5087752,76212.12
23894,3.5104125,76215.625
23895,3.5136852,76219.14
23896,3.5201352,76222.664
23897,3.5246785,76226.19
23898,3.5295532,76229.72
23899,3.5329323,76233.25
23900,3.5365252,76236.79
23901,3.53876,76240.33
23902,3.5427935,76243.87
23903,3.5414674,76247.41
23904,3.5417562,76250.945
23905,3.5393393,76254.484
23906,3.5404086,76258.02
23907,3.5394824,76261.56
23908,3.542355,76265.1
23909,3.5432956,76268.65
23910,3.547612,76272.195
23911,3.5529845,76275.75
23912,3.5609133,76279.31
23913,3.567724,76282.88
23914,3.5737817,76286.45
23915,3.5777178,76290.03
23916,3.5814636,76293.61
23917,3.5859385,76297.195
23918,3.5913002,76300.79
23919,3.595364,76304.38
23920,3.5992563,76307.984
23921,3.6014917,76311.586
23922,3.604038,76315.19
23923,3.6060786,76318.8
23924,3.6084402,76322.41
23925,3.610221,76326.016
23926,3.6112611,76329.625
23927,3.6111898,76333.234
23928,3.612606,76336.84
23929,3.6134481,76340.46
23930,3.625805,76344.086
23931,3.6376433,76347.73
23932,3.6532586,76351.38
23933,3.667934,76355.05
23934,3.684876,76358.734
23935,3.699961,76362.44
23936,3.7154453,76366.16
23937,3.7293615,76369.88
23938,3.742549,76373.625
23939,3.7538226,76377.375
23940,3.765023,76381.14
23941,3.774603,76384.914
23942,3.7831955,76388.695
23943,3.7903748,76392.484
23944,3.7962902,76396.28
23945,3.800874,76400.086
23946,3.8052669,76403.89
23947,3.8072023,76407.695
23948,3.807299,76411.5
23949,3.8063967,76415.305
23950,3.8044887,76419.11
23951,3.8012724,76422.914
23952,3.7959468,76426.71
23953,3.7895765,76430.5
23954,3.7790456,76434.28
23955,3.7655263,76438.05
23956,3.7445173,76441.79
23957,3.7164056,76445.51
23958,3.6754622,76449.18
23959,3.6272562,76452.805
23960,3.5830746,76456.39
23961,3.5565624,76459.945
23962,3.5397842,76463.484
23963,3.5295117,76467.016
23964,3.5209444,76470.54
23965,3.5160625,76474.055
23966,3.512975,76477.57
23967,3.5125644,76481.086
23968,3.5109434,76484.59
23969,3.5102217,76488.1
23970,3.5088675,76491.61
23971,3.5114114,76495.12
23972,3.5080013,76498.625
23973,3.5014212,76502.125
23974,3.49534,76505.62
23975,3.493873,76509.11
23976,3.4936328,76512.6
23977,3.4903371,76516.09
23978,3.479318,76519.57
23979,3.4521108,76523.02
23980,3.4302967,76526.45
23981,3.4081717,76529.86
23982,3.3941348,76533.25
23983,3.3804214,76536.63
23984,3.36866,76540.0
23985,3.3571348,76543.36
23986,3.348658,76546.71
23987,3.3423755,76550.055
23988,3.343988,76553.4
23989,3.347224,76556.74
23990,3.3592467,76560.1
23991,3.3693247,76563.47
23992,3.3766801,76566.84
23993,3.375263,76570.22
23994,3.3686926,76573.586
23995,3.3618686,76576.945
23996,3.3641808,76580.31
23997,3.3778,76583.69
23998,3.3979716,76587.086
23999,3.4147525,76590.5
24000,3.4171526,76593.914
24001,3.4054668,76597.32
24002,3.387122,76600.71
24003,3.3719482,76604.086
24004,3.3680582,76607.45
24005,3.3728905,76610.83
24006,3.3844807,76614.21
24007,3.4014351,76617.61
24008,3.4135425,76621.02
24009,3.4170222,76624.44
24010,3.4121585,76627.85
24011,3.4061732,76631.26
24012,3.4051561,76634.664
24013,3.407903,76638.07
24014,3.409155,76641.48
24015,3.410076,76644.88
24016,3.4107265,76648.3
24017,3.4121323,76651.71
24018,3.4138653,76655.125
24019,3.4181361,76658.55
24020,3.4235578,76661.97
24021,3.4282134,76665.4
24022,3.4303906,76668.83
24023,3.4315147,76672.26
24024,3.4302402,76675.69
24025,3.4274852,76679.12
24026,3.4193707,76682.54
24027,3.4098167,76685.945
24028,3.3983278,76689.34
24029,3.3901858,76692.734
24030,3.3885188,76696.125
24031,3.3902876,76699.516
24032,3.3915646,76702.91
24033,3.392092,76706.3
24034,3.3907158,76709.69
24035,3.3870811,76713.08
24036,3.3775082,76716.45
24037,3.370733,76719.82
24038,3.369093,76723.19
24039,3.373069,76726.56
24040,3.38123,76729.945
24041,3.390884,76733.336
24042,3.3756108,76736.71
24043,3.3405256,76740.055
24044,3.2859955,76743.34
24045,3.2445917,76746.586
24046,3.2254262,76749.81
24047,3.219837,76753.03
24048,3.2172265,76756.25
24049,3.2172167,76759.47
24050,3.2168343,76762.69
24051,3.2173738,76765.91
24052,3.216882,76769.125
24053,3.2169957,76772.34
24054,3.216512,76775.56
24055,3.216215,76778.78
24056,3.2154336,76782.0
24057,3.2149174,76785.22
24058,3.213594,76788.43
24059,3.2128687,76791.64
24060,3.212458,76794.85
24061,3.2121518,76798.06
24062,3.2112114,76801.27
24063,3.210141,76804.484
24064,3.2090182,76807.695
24065,3.208054,76810.91
24066,3.2073283,76814.12
24067,3.2066061,76817.32
24068,3.2060287,76820.52
24069,3.2056103,76823.73
24070,3.2055135,76826.93
24071,3.2058012,76830.13
24072,3.2059417,76833.336
24073,3.2060695,76836.54
24074,3.206225,76839.74
24075,3.2068372,76842.945
24076,3.2072818,76846.16
24077,3.2080352,76849.37
24078,3.2088723,76852.58
24079,3.209656,76855.79
24080,3.2108502,76859.0
24081,3.211897,76862.21
24082,3.2136252,76865.42
24083,3.215586,76868.64
24084,3.2182086,76871.86
24085,3.2223885,76875.08
24086,3.2285352,76878.305
24087,3.234588,76881.54
24088,3.2396595,76884.78
24089,3.2438872,76888.02
24090,3.2475157,76891.27
24091,3.2533073,76894.52
24092,3.2577865,76897.78
24093,3.2629461,76901.05
24094,3.266362,76904.31
24095,3.269824,76907.586
24096,3.2738163,76910.86
24097,3.2778094,76914.14
24098,3.283185,76917.42
24099,3.2898128,76920.71
24100,3.296197,76924.01
24101,3.3013637,76927.31
24102,3.303439,76930.62
24103,3.3045518,76933.92
24104,3.3052907,76937.23
24105,3.306677,76940.53
24106,3.3079257,76943.836
24107,3.310112,76947.15
24108,3.3117986,76950.46
24109,3.3134608,76953.77
24110,3.317415,76957.09
24111,3.3225987,76960.414
24112,3.3288534,76963.74
24113,3.3357048,76967.08
24114,3.3417828,76970.42
24115,3.3459716,76973.766
24116,3.3487206,76977.12
24117,3.3501325,76980.47
24118,3.351349,76983.82
24119,3.3511617,76987.17
24120,3.3486245,76990.52
24121,3.3449252,76993.87
24122,3.3426437,76997.21
24123,3.342181,77000.555
24124,3.3449626,77003.9
24125,3.349325,77007.25
24126,3.353453,77010.6
24127,3.356925,77013.96
24128,3.3574245,77017.32
24129,3.3567848,77020.68
24130,3.3560889,77024.04
24131,3.3549833,77027.39
24132,3.354835,77030.74
24133,3.3553607,77034.09
24134,3.3547683,77037.445
24135,3.3545754,77040.8
24136,3.354666,77044.15
24137,3.355752,77047.51
24138,3.3554451,77050.86
24139,3.353975,77054.21
24140,3.3508716,77057.56
24141,3.3483102,77060.914
24142,3.3541174,77064.266
24143,3.365616,77067.63
24144,3.3862402,77071.016
24145,3.413269,77074.43
24146,3.4437916,77077.875
24147,3.4652112,77081.34
24148,3.4693825,77084.81
24149,3.4515111,77088.266
24150,3.4279766,77091.695
24151,3.4131186,77095.11
24152,3.4102685,77098.52
24153,3.4116364,77101.94
24154,3.416407,77105.35
24155,3.4206448,77108.77
24156,3.421622,77112.195
24157,3.4177258,77115.61
24158,3.4090197,77119.016
24159,3.4034522,77122.42
24160,3.403808,77125.83
24161,3.4047766,77129.234
24162,3.4036717,77132.64
24163,3.4013815,77136.04
24164,3.398261,77139.44
24165,3.397109,77142.836
24166,3.3963666,77146.234
24167,3.39421,77149.625
24168,3.3914907,77153.016
24169,3.3872278,77156.41
24170,3.3828518,77159.79
24171,3.3778126,77163.164
24172,3.37211,77166.54
24173,3.366988,77169.91
24174,3.3628106,77173.266
24175,3.3585656,77176.625
24176,3.3524346,77179.98
24177,3.3464444,77183.32
24178,3.3396914,77186.66
24179,3.335493,77189.99
24180,3.331524,77193.32
24181,3.3302135,77196.65
24182,3.3307302,77199.98
24183,3.3286629,77203.305
24184,3.3270428,77206.63
24185,3.3241317,77209.95
24186,3.3219848,77213.27
24187,3.3204842,77216.59
24188,3.3187706,77219.914
24189,3.3165834,77223.234
24190,3.3134503,77226.55
24191,3.3058078,77229.85
24192,3.300037,77233.15
24193,3.2924263,77236.44
24194,3.2867656,77239.73
24195,3.2787464,77243.01
24196,3.2710724,77246.28
24197,3.2624452,77249.55
24198,3.2555492,77252.805
24199,3.24869,77256.055
24200,3.2433028,77259.3
24201,3.2375705,77262.53
24202,3.2328377,77265.766
24203,3.2281234,77268.99
24204,3.2241309,77272.22
24205,3.2208407,77275.44
24206,3.2172897,77278.66
24207,3.213282,77281.87
24208,3.2093494,77285.08
24209,3.2058065,77288.28
24210,3.2031877,77291.484
24211,3.2008374,77294.69
24212,3.198641,77297.88
24213,3.1976976,77301.08
24214,3.195421,77304.27
24215,3.19157,77307.47
24216,3.1870198,77310.66
24217,3.1829052,77313.836
24218,3.1804788,77317.016
24219,3.1785486,77320.195
24220,3.1765215,77323.375
24221,3.173753,77326.55
24222,3.1720476,77329.72
24223,3.170826,77332.89
24224,3.1691966,77336.06
24225,3.16596,77339.23
24226,3.1611776,77342.39
24227,3.156391,77345.55
24228,3.1515687,77348.695
24229,3.1473012,77351.84
24230,3.1430304,77354.984
24231,3.1401994,77358.125
24232,3.1375494,77361.266
24233,3.1352115,77364.4
24234,3.1328158,77367.53
24235,3.1290047,77370.664
24236,3.1246176,77373.79
24237,3.1194878,77376.91
24238,3.1137896,77380.02
24239,3.1083224,77383.13
24240,3.1047049,77386.234
24241,3.1028607,77389.336
24242,3.1027877,77392.44
24243,3.1022356,77395.54
24244,3.1018126,77398.64
24245,3.0998974,77401.74
24246,3.097806,77404.84
24247,3.095684,77407.94
24248,3.0930486,77411.03
24249,3.0901325,77414.125
24250,3.0884519,77417.21
24251,3.0882869,77420.3
24252,3.087493,77423.38
24253,3.0866556,77426.47
24254,3.0867126,77429.555
24255,3.087505,77432.64
24256,3.085292,77435.73
24257,3.082072,77438.81
24258,3.0768404,77441.89
24259,3.0711327,77444.96
24260,3.065478,77448.02
24261,3.0611386,77451.086
24262,3.0582254,77454.14
24263,3.0547078,77457.195
24264,3.0492663,77460.24
24265,3.0459077,77463.29
24266,3.0463684,77466.336
24267,3.0492728,77469.38
24268,3.0526958,77472.44
24269,3.054101,77475.49
24270,3.0526428,77478.55
24271,3.0510473,77481.6
24272,3.0500178,77484.65
24273,3.0474224,77487.695
24274,3.0446846,77490.74
24275,3.040931,77493.78
24276,3.0368621,77496.82
24277,3.0343106,77499.85
24278,3.033624,77502.88
24279,3.0341308,77505.914
24280,3.036725,77508.95
24281,3.0408535,77511.99
24282,3.0437014,77515.04
24283,3.043611,77518.086
24284,3.041857,77521.125
24285,3.039457,77524.164
24286,3.037649,77527.2
24287,3.0362072,77530.24
24288,3.0368097,77533.28
24289,3.0404294,77536.32
24290,3.042928,77539.36
24291,3.044764,77542.41
24292,3.0422258,77545.445
24293,3.0391634,77548.484
24294,3.0372274,77551.52
24295,3.036397,77554.56
24296,3.0353024,77557.6
24297,3.0348537,77560.63
24298,3.0312212,77563.664
24299,3.028616,77566.695
24300,3.0286112,77569.73
24301,3.0321436,77572.76
24302,3.0371904,77575.8
24303,3.042194,77578.836
24304,3.0453937,77581.88
24305,3.045692,77584.93
24306,3.0450804,77587.98
24307,3.0427022,77591.016
24308,3.0403378,77594.055
24309,3.037706,77597.09
24310,3.0363564,77600.13
24311,3.0359416,77603.17
24312,3.035033,77606.2
24313,3.0337973,77609.234
24314,3.031841,77612.266
24315,3.030784,77615.3
24316,3.0302744,77618.33
24317,3.0308511,77621.36
24318,3.032009,77624.39
24319,3.0324228,77627.42
24320,3.0312777,77630.45
24321,3.029777,77633.484
24322,3.030098,77636.516
24323,3.033458,77639.55
24324,3.0371125,77642.586
24325,3.0394583,77645.625
24326,3.0386891,77648.664
24327,3.037893,77651.7
24328,3.037639,77654.74
24329,3.0380914,77657.78
24330,3.0386903,77660.82
24331,3.038252,77663.86
24332,3.0373144,77666.9
24333,3.0374413,77669.94
24334,3.0384774,77672.98
24335,3.0398686,77676.016
24336,3.0365813,77679.055
24337,3.032639,77682.086
24338,3.0295107,77685.12
24339,3.0265355,77688.14
24340,3.0255697,77691.164
24341,3.024931,77694.19
24342,3.025249,77697.21
24343,3.026049,77700.234
24344,3.0283065,77703.266
24345,3.0298755,77706.3
24346,3.03061,77709.33
24347,3.0332901,77712.36
24348,3.0375335,77715.4
24349,3.0420341,77718.44
24350,3.0455663,77721.484
24351,3.047752,77724.53
24352,3.0504675,77727.58
24353,3.0553231,77730.63
24354,3.0599651,77733.695
24355,3.0637057,77736.76
24356,3.0645964,77739.82
24357,3.0650673,77742.88
24358,3.065597,77745.945
24359,3.0668893,77749.016
24360,3.068375,77752.086
24361,3.068838,77755.16
24362,3.0682657,77758.23
24363,3.0669267,77761.3
24364,3.065657,77764.36
24365,3.0652292,77767.42
24366,3.067302,77770.49
24367,3.0711017,77773.56
24368,3.07412,77776.63
24369,3.0763521,77779.71
24370,3.0755534,77782.79
24371,3.0730908,77785.86
24372,3.0718465,77788.93
24373,3.0714133,77792.0
24374,3.0707512,77795.07
24375,3.0706682,77798.14
24376,3.0717123,77801.21
24377,3.072926,77804.28
24378,3.0739,77807.35
24379,3.0747294,77810.43
24380,3.0765097,77813.51
24381,3.0777602,77816.586
24382,3.0796297,77819.664
24383,3.0804017,77822.74
24384,3.0812886,77825.82
24385,3.0823598,77828.91
24386,3.082089,77831.99
24387,3.0823977,77835.08
24388,3.0819988,77838.16
24389,3.0823777,77841.24
24390,3.0831418,77844.33
24391,3.0837877,77847.414
24392,3.083866,77850.5
24393,3.0845902,77853.586
24394,3.0852966,77856.67
24395,3.0848358,77859.76
24396,3.08446,77862.84
24397,3.0858169,77865.93
24398,3.0887735,77869.016
24399,3.0906885,77872.11
24400,3.090357,77875.2
24401,3.08992,77878.3
24402,3.091405,77881.39
24403,3.0941706,77884.484
24404,3.096372,77887.58
24405,3.098731,77890.68
24406,3.1006186,77893.78
24407,3.1023605,77896.88
24408,3.1034381,77899.984
24409,3.1047025,77903.086
24410,3.1063402,77906.195
24411,3.107082,77909.305
24412,3.1057565,77912.414
24413,3.1036355,77915.516
24414,3.1020315,77918.62
24415,3.1010447,77921.72
24416,3.0995805,77924.82
24417,3.09827,77927.92
24418,3.0973854,77931.016
24419,3.097171,77934.11
24420,3.0968332,77937.2
24421,3.0968032,77940.3
24422,3.096933,77943.39
24423,3.0982037,77946.49
24424,3.099108,77949.59
24425,3.099974,77952.695
24426,3.0998406,77955.8
24427,3.100013,77958.9
24428,3.1000185,77962.0
24429,3.1000476,77965.1
24430,3.1018486,77968.2
24431,3.104017,77971.305
24432,3.1053946,77974.41
24433,3.1062517,77977.516
24434,3.1082594,77980.625
24435,3.1106384,77983.734
24436,3.1133142,77986.85
24437,3.1164534,77989.97
24438,3.1187565,77993.086
24439,3.120067,77996.2
24440,3.1187775,77999.32
24441,3.116706,78002.44
24442,3.116278,78005.555
24443,3.1159112,78008.67
24444,3.115184,78011.79
24445,3.1140645,78014.91
24446,3.1134446,78018.02
24447,3.11317,78021.13
24448,3.113164,78024.24
24449,3.1129143,78027.35
24450,3.1136937,78030.47
24451,3.1156294,78033.586
24452,3.1168997,78036.7
24453,3.1178014,78039.82
24454,3.118294,78042.94
24455,3.1190646,78046.055
24456,3.1200364,78049.17
24457,3.120746,78052.29
24458,3.121388,78055.414
24459,3.121454,78058.54
24460,3.1208203,78061.66
24461,3.1202404,78064.77
24462,3.1197731,78067.89
24463,3.1197336,78071.01
24464,3.119964,78074.125
24465,3.1202278,78077.24
24466,3.120939,78080.36
24467,3.1212244,78083.484
24468,3.1224778,78086.61
24469,3.1234071,78089.734
24470,3.125377,78092.86
24471,3.1279025,78095.984
24472,3.1294298,78099.12
24473,3.1307635,78102.25
24474,3.1312966,78105.38
24475,3.1313503,78108.516
24476,3.131033,78111.65
24477,3.1319063,78114.78
24478,3.1346219,78117.914
24479,3.138138,78121.055
24480,3.1415622,78124.195
24481,3.1434636,78127.336
24482,3.1435516,78130.48
24483,3.1432679,78133.62
24484,3.1431942,78136.76
24485,3.1431284,78139.9
24486,3.1431427,78143.04
24487,3.1416738,78146.18
24488,3.1391146,78149.32
24489,3.1366932,78152.45
24490,3.1349523,78155.586
24491,3.1341608,78158.72
24492,3.1339543,78161.85
24493,3.1328251,78164.984
24494,3.1315634,78168.12
24495,3.130233,78171.25
24496,3.130668,78174.38
24497,3.1320312,78177.516
24498,3.13448,78180.65
24499,3.137419,78183.79
24500,3.1389406,78186.93
24501,3.1402347,78190.07
24502,3.1404214,78193.21
24503,3.1403782,78196.35
24504,3.1405213,78199.49
24505,3.1409485,78202.63
24506,3.142013,78205.77
24507,3.141591,78208.914
24508,3.1401215,78212.055
24509,3.1386483,78215.195
24510,3.1385486,78218.336
24511,3.138776,78221.48
24512,3.1375299,78224.62
24513,3.1371112,78227.76
24514,3.1376107,78230.9
24515,3.1378174,78234.04
24516,3.137903,78237.18
24517,3.1375546,78240.32
24518,3.1367247,78243.46
24519,3.135313,78246.59
24520,3.1333523,78249.73
24521,3.131273,78252.86
24522,3.1311526,78255.99
24523,3.1311111,78259.125
24524,3.1308587,78262.26
24525,3.131256,78265.39
24526,3.134021,78268.52
24527,3.1366463,78271.66
24528,3.1387439,78274.8
24529,3.1399927,78277.94
24530,3.1393661,78281.08
24531,3.1389148,78284.22
24532,3.1391013,78287.36
24533,3.1389034,78290.5
24534,3.1370513,78293.64
24535,3.1338415,78296.77
24536,3.1310878,78299.91
24537,3.1279254,78303.03
24538,3.1249712,78306.16
24539,3.1226027,78309.28
24540,3.1214938,78312.41
24541,3.1217272,78315.53
24542,3.123848,78318.66
24543,3.1271203,78321.78
24544,3.1298769,78324.914
24545,3.1305182,78328.05
24546,3.13004,78331.18
24547,3.130346,78334.31
24548,3.1319191,78337.445
24549,3.1339862,78340.58
24550,3.1367917,78343.72
24551,3.1396413,78346.86
24552,3.1425197,78350.0
24553,3.1442046,78353.14
24554,3.144631,78356.29
24555,3.1450238,78359.44
24556,3.1453667,78362.586
24557,3.1461334,78365.734
24558,3.1455562,78368.88
24559,3.14405,78372.02
24560,3.142247,78375.164
24561,3.140377,78378.305
24562,3.1384876,78381.445
24563,3.137149,78384.586
24564,3.1357853,78387.72
24565,3.13513,78390.85
24566,3.136089,78393.984
24567,3.1362932,78397.12
24568,3.1357937,78400.25
24569,3.1349149,78403.38
24570,3.1337845,78406.516
24571,3.13341,78409.65
24572,3.1332228,78412.78
24573,3.1332324,78415.914
24574,3.1325948,78419.05
24575,3.1315649,78422.18
24576,3.1296294,78425.31
24577,3.1278796,78428.44
24578,3.1264582,78431.56
24579,3.1246028,78434.69
24580,3.1218746,78437.81
24581,3.121242,78440.94
24582,3.1225014,78444.06
24583,3.1243703,78447.19
24584,3.1252255,78450.31
24585,3.1253095,78453.44
24586,3.1262884,78456.56
24587,3.1269853,78459.69
24588,3.127533,78462.81
24589,3.127886,78465.94
24590,3.1287198,78469.06
24591,3.1298287,78472.195
24592,3.1308184,78475.33
24593,3.1312768,78478.46
24594,3.1311142,78481.59
24595,3.1304116,78484.73
24596,3.1292338,78487.86
24597,3.1290789,78490.99
24598,3.1291645,78494.125
24599,3.1295025,78497.26
24600,3.1295419,78500.39
24601,3.1300464,78503.52
24602,3.1305852,78506.66
24603,3.1301043,78509.79
24604,3.1296484,78512.92
24605,3.129388,78516.055
24606,3.1302936,78519.19
24607,3.1312914,78522.32
24608,3.1310005,78525.45
24609,3.1298344,78528.586
24610,3.129953,78531.72
24611,3.1317163,78534.85
24612,3.1336474,78537.984
24613,3.135363,78541.12
24614,3.136625,78544.25
24615,3.136453,78547.38
24616,3.1356516,78550.516
24617,3.1346066,78553.65
24618,3.134134,78556.78
24619,3.1336396,78559.914
24620,3.132464,78563.05
24621,3.1312203,78566.18
24622,3.129335,78569.31
24623,3.1271317,78572.44
24624,3.1266654,78575.56
24625,3.127083,78578.69
24626,3.128554,78581.81
24627,3.1302752,78584.945
24628,3.130598,78588.08
24629,3.1300783,78591.21
24630,3.1288474,78594.336
24631,3.128109,78597.46
24632,3.1277308,78600.586
24633,3.128148,78603.71
24634,3.1276011,78606.836
24635,3.126794,78609.96
24636,3.126807,78613.086
24637,3.1266382,78616.21
24638,3.126817,78619.336
24639,3.1266572,78622.46
24640,3.1260757,78625.586
24641,3.1271737,78628.71
24642,3.128782,78631.836
24643,3.130588,78634.97
24644,3.1317425,78638.1
24645,3.131252,78641.234
24646,3.1293652,78644.37
24647,3.1273599,78647.49
24648,3.1263187,78650.62
24649,3.1252823,78653.74
24650,3.1248314,78656.87
24651,3.1245584,78659.99
24652,3.125145,78663.12
24653,3.1259365,78666.24
24654,3.1260958,78669.37
24655,3.1261752,78672.49
24656,3.125495,78675.62
24657,3.12486,78678.74
24658,3.124937,78681.87
24659,3.127128,78684.99
24660,3.1309175,78688.125
24661,3.1339169,78691.26
24662,3.1360552,78694.39
24663,3.1372283,78697.53
24664,3.137761,78700.67
24665,3.1370428,78703.81
24666,3.1341884,78706.945
24667,3.131025,78710.08
24668,3.1287048,78713.2
24669,3.1275742,78716.33
24670,3.126827,78719.45
24671,3.1262403,78722.58
24672,3.126388,78725.7
24673,3.1280475,78728.83
24674,3.1299188,78731.96
24675,3.130851,78735.09
24676,3.1314144,78738.23
24677,3.131195,78741.36
24678,3.130865,78744.49
24679,3.1317925,78747.625
24680,3.1326976,78750.76
24681,3.1337214,78753.89
24682,3.1346796,78757.02
24683,3.1355379,78760.16
24684,3.136637,78763.29
24685,3.137521,78766.43
24686,3.1366997,78769.56
24687,3.1357214,78772.695
24688,3.1352527,78775.83
24689,3.1341817,78778.96
24690,3.132563,78782.09
24691,3.1303527,78785.23
24692,3.1276643,78788.35
24693,3.1252227,78791.48
24694,3.1243749,78794.6
24695,3.124533,78797.73
24696,3.1245515,78800.85
24697,3.1243663,78803.98
24698,3.124104,78807.1
24699,3.124812,78810.23
24700,3.1252043,78813.35
24701,3.124861,78816.48
24702,3.1245508,78819.6
24703,3.123953,78822.73
24704,3.124225,78825.85
24705,3.125143,78828.98
24706,3.1274555,78832.1
24707,3.128454,78835.23
24708,3.1283178,78838.35
24709,3.1271398,78841.48
24710,3.125389,78844.6
24711,3.1241894,78847.73
24712,3.1213248,78850.85
24713,3.1172366,78853.97
24714,3.1118157,78857.08
24715,3.1068432,78860.19
24716,3.1038537,78863.29
24717,3.1016986,78866.39
24718,3.1023562,78869.49
24719,3.1048005,78872.59
24720,3.107686,78875.7
24721,3.1099956,78878.81
24722,3.1107445,78881.92
24723,3.1104572,78885.03
24724,3.1094942,78888.14
24725,3.10952,78891.25
24726,3.1104028,78894.36
24727,3.1127896,78897.47
24728,3.115764,78900.586
24729,3.1178114,78903.7
24730,3.1190734,78906.82
24731,3.120187,78909.94
24732,3.1211898,78913.06
24733,3.1225314,78916.19
24734,3.1243005,78919.31
24735,3.124538,78922.44
24736,3.124087,78925.56
24737,3.1233504,78928.69
24738,3.1226254,78931.81
24739,3.121264,78934.94
24740,3.1203728,78938.055
24741,3.120765,78941.17
24742,3.122333,78944.3
24743,3.124067,78947.42
24744,3.1257765,78950.55
24745,3.1279082,78953.67
24746,3.1316524,78956.805
24747,3.1351798,78959.94
24748,3.1366189,78963.07
24749,3.1365914,78966.2
24750,3.1376495,78969.34
24751,3.1395898,78972.484
24752,3.1418602,78975.625
24753,3.1443372,78978.766
24754,3.14575,78981.914
24755,3.1466324,78985.06
24756,3.147231,78988.21
24757,3.1472616,78991.36
24758,3.147193,78994.51
24759,3.1469052,78997.66
24760,3.1459024,79000.805
24761,3.1451662,79003.95
24762,3.1438823,79007.09
24763,3.1424758,79010.234
24764,3.1417663,79013.375
24765,3.1412745,79016.516
24766,3.142004,79019.66
24767,3.1436975,79022.8
24768,3.1449356,79025.945
24769,3.1454387,79029.09
24770,3.1454358,79032.24
24771,3.1462674,79035.39
24772,3.1479082,79038.54
24773,3.1488018,79041.69
24774,3.1491039,79044.836
24775,3.1487546,79047.984
24776,3.148372,79051.13
24777,3.147377,79054.28
24778,3.1479666,79057.43
24779,3.1483421,79060.58
24780,3.147215,79063.73
24781,3.1459982,79066.875
24782,3.144951,79070.02
24783,3.1437347,79073.164
24784,3.1429133,79076.305
24785,3.1429493,79079.445
24786,3.1441817,79082.586
24787,3.1467679,79085.734
24788,3.1490893,79088.88
24789,3.1513338,79092.03
24790,3.152209,79095.18
24791,3.152952,79098.336
24792,3.1532683,79101.49
24793,3.1531007,79104.65
24794,3.1533062,79107.805
24795,3.153994,79110.96
24796,3.1559267,79114.12
24797,3.157603,79117.27
24798,3.1589503,79120.43
24799,3.1603513,79123.59
24800,3.162076,79126.76
24801,3.163244,79129.92
24802,3.163352,79133.086
24803,3.162803,79136.25
24804,3.1631415,79139.414
24805,3.1637826,79142.58
24806,3.1630535,79145.74
24807,3.1610982,79148.91
24808,3.1581922,79152.06
24809,3.1562254,79155.22
24810,3.1557639,79158.375
24811,3.1555948,79161.53
24812,3.1559155,79164.69
24813,3.1559405,79167.84
24814,3.1549172,79171.0
24815,3.1534832,79174.16
24816,3.1519797,79177.305
24817,3.1506343,79180.45
24818,3.1501303,79183.6
24819,3.14956,79186.75
24820,3.1489303,79189.9
24821,3.1480637,79193.05
24822,3.147906,79196.195
24823,3.1480217,79199.34
24824,3.1492248,79202.49
24825,3.1503353,79205.64
24826,3.15128,79208.79
24827,3.1524773,79211.945
24828,3.1533022,79215.1
24829,3.153812,79218.26
24830,3.1532063,79221.414
24831,3.1516554,79224.56
24832,3.1482925,79227.71
24833,3.1441488,79230.85
24834,3.1423743,79233.99
24835,3.1430418,79237.13
24836,3.1450684,79240.28
24837,3.1452584,79243.43
24838,3.1443896,79246.57
24839,3.142802,79249.71
24840,3.139896,79252.85
24841,3.1367166,79255.984
24842,3.1339715,79259.12
24843,3.1322854,79262.25
24844,3.1315396,79265.38
24845,3.131752,79268.516
24846,3.1320736,79271.65
24847,3.133254,79274.78
24848,3.1351106,79277.914
24849,3.1365297,79281.05
24850,3.1370275,79284.19
24851,3.1367967,79287.33
24852,3.1353598,79290.46
24853,3.132842,79293.59
24854,3.1300073,79296.73
24855,3.1269948,79299.85
24856,3.1261513,79302.98
24857,3.1269097,79306.1
24858,3.1285696,79309.23
24859,3.128824,79312.35
24860,3.127683,79315.48
24861,3.1289556,79318.61
24862,3.13123,79321.74
24863,3.1330092,79324.875
24864,3.1340642,79328.01
24865,3.133756,79331.14
24866,3.131563,79334.27
24867,3.1300213,79337.41
24868,3.1311615,79340.54
24869,3.1331208,79343.67
24870,3.1345093,79346.805
24871,3.1350205,79349.94
24872,3.1349938,79353.07
24873,3.134656,79356.2
24874,3.133811,79359.336
24875,3.1326852,79362.47
24876,3.1322112,79365.6
24877,3.13276,79368.734
24878,3.1351535,79371.87
24879,3.1371248,79375.01
24880,3.1385632,79378.15
24881,3.138718,79381.29
24882,3.138875,79384.43
24883,3.139326,79387.57
24884,3.140534,79390.71
24885,3.1416914,79393.85
24886,3.1417344,79396.99
24887,3.1403487,79400.13
24888,3.1391103,79403.27
24889,3.1385806,79406.414
24890,3.1386185,79409.555
24891,3.138099,79412.695
24892,3.137411,79415.836
24893,3.137176,79418.98
24894,3.136957,79422.12
24895,3.1367543,79425.26
24896,3.136839,79428.4
24897,3.1373303,79431.54
24898,3.1363049,79434.67
24899,3.1358478,79437.805
24900,3.136226,79440.94
24901,3.137012,79444.08
24902,3.1376987,79447.22
24903,3.1381035,79450.36
24904,3.138607,79453.5
24905,3.139334,79456.64
24906,3.1401618,79459.78
24907,3.1423886,79462.92
24908,3.1443765,79466.06
24909,3.145748,79469.21
24910,3.1455572,79472.36
24911,3.1457617,79475.51
24912,3.1474,79478.66
24913,3.1502194,79481.805
24914,3.1529436,79484.96
24915,3.1546898,79488.12
24916,3.1546066,79491.27
24917,3.1543527,79494.43
24918,3.154513,79497.586
24919,3.154065,79500.74
24920,3.1527917,79503.9
24921,3.1511123,79507.05
24922,3.1484697,79510.195
24923,3.1456418,79513.34
24924,3.1435862,79516.484
24925,3.1421576,79519.625
24926,3.1427853,79522.766
24927,3.1447344,79525.914
24928,3.1461198,79529.06
24929,3.1462667,79532.21
24930,3.1470165,79535.36
24931,3.1481616,79538.51
24932,3.149638,79541.66
24933,3.1507833,79544.805
24934,3.1522593,79547.95
24935,3.1544902,79551.11
24936,3.1570253,79554.266
24937,3.1584592,79557.42
24938,3.1581903,79560.58
24939,3.1580107,79563.734
24940,3.1581295,79566.89
24941,3.1576123,79570.05
24942,3.155714,79573.2
24943,3.1538365,79576.36
24944,3.154146,79579.516
24945,3.1549633,79582.67
24946,3.1546419,79585.83
24947,3.153374,79588.984
24948,3.152713,79592.14
24949,3.1528177,79595.3
24950,3.1527019,79598.45
24951,3.152062,79601.6
24952,3.1493988,79604.75
24953,3.1461215,79607.9
24954,3.1442626,79611.04
24955,3.144134,79614.18
24956,3.1451857,79617.33
24957,3.1468325,79620.48
24958,3.1479125,79623.625
24959,3.1489525,79626.77
24960,3.1499333,79629.92
24961,3.1511266,79633.07
24962,3.1519527,79636.22
24963,3.1524544,79639.375
24964,3.1511395,79642.52
24965,3.1495485,79645.67
24966,3.1491518,79648.82
24967,3.149312,79651.97
24968,3.1493104,79655.12
24969,3.1482625,79658.266
24970,3.146334,79661.414
24971,3.1443596,79664.555
24972,3.1422405,79667.695
24973,3.1397457,79670.836
24974,3.1376593,79673.98
24975,3.135599,79677.11
24976,3.135352,79680.24
24977,3.1366746,79683.375
24978,3.1395333,79686.516
24979,3.1419091,79689.66
24980,3.1428585,79692.8
24981,3.142574,79695.94
24982,3.1418667,79699.08
24983,3.1411095,79702.22
24984,3.1406891,79705.36
24985,3.1398876,79708.5
24986,3.138768,79711.64
24987,3.1377945,79714.78
24988,3.1384778,79717.92
24989,3.1390216,79721.06
24990,3.1384811,79724.2
24991,3.1374063,79727.34
24992,3.13617,79730.48
24993,3.1353455,79733.61
24994,3.1358263,79736.74
24995,3.1367078,79739.875
24996,3.1367955,79743.016
24997,3.134528,79746.15
24998,3.1299164,79749.28
24999,3.1256127,79752.41
25000,3.1225195,79755.53
25001,3.1202562,79758.65
25002,3.1188622,79761.766
25003,3.1179419,79764.88
25004,3.1168947,79768.0
25005,3.1155975,79771.12
25006,3.1143923,79774.234
25007,3.1142435,79777.35
25008,3.115805,79780.47
25009,3.1185668,79783.586
25010,3.1223733,79786.71
25011,3.1249685,79789.836
25012,3.126456,79792.96
25013,3.1285427,79796.086
25014,3.1288474,79799.21
25015,3.1279607,79802.336
25016,3.1276348,79805.46
25017,3.1277413,79808.586
25018,3.1275258,79811.71
25019,3.1260152,79814.836
25020,3.1240532,79817.96
25021,3.122156,79821.086
25022,3.1218317,79824.21
25023,3.1226866,79827.336
25024,3.1235478,79830.46
25025,3.124497,79833.586
25026,3.1244156,79836.71
25027,3.124448,79839.836
25028,3.124618,79842.96
25029,3.1242502,79846.086
25030,3.1223629,79849.21
25031,3.1210668,79852.33
25032,3.1209123,79855.445
25033,3.1221097,79858.57
25034,3.123567,79861.695
25035,3.1231053,79864.82
25036,3.121411,79867.945
25037,3.1192534,79871.06
25038,3.117588,79874.18
25039,3.1167703,79877.3
25040,3.1177108,79880.414
25041,3.1183996,79883.53
25042,3.1202004,79886.65
25043,3.1223984,79889.77
25044,3.1232324,79892.9
25045,3.1224234,79896.02
25046,3.121516,79899.15
25047,3.1216867,79902.27
25048,3.123034,79905.4
25049,3.1248324,79908.52
25050,3.1271346,79911.65
25051,3.129508,79914.78
25052,3.131898,79917.914
25053,3.1327968,79921.05
25054,3.1320179,79924.18
25055,3.1317856,79927.31
25056,3.1344142,79930.445
25057,3.137845,79933.586
25058,3.1415646,79936.73
25059,3.1450703,79939.875
25060,3.146353,79943.02
25061,3.1465685,79946.17
25062,3.1463122,79949.32
25063,3.1451788,79952.47
25064,3.14293,79955.61
25065,3.1410625,79958.75
25066,3.1384792,79961.89
25067,3.136234,79965.02
25068,3.1336086,79968.16
25069,3.1321273,79971.29
25070,3.1317596,79974.42
25071,3.1338623,79977.555
25072,3.136999,79980.695
25073,3.1389287,79983.836
25074,3.140563,79986.98
25075,3.1411946,79990.12
25076,3.140623,79993.26
25077,3.1402261,79996.4
25078,3.140962,79999.54
25079,3.1412985,80002.68
25080,3.1411717,80005.82
25081,3.140947,80008.96
25082,3.1405308,80012.1
25083,3.138869,80015.24
25084,3.1371737,80018.38
25085,3.1361618,80021.516
25086,3.1369772,80024.66
25087,3.1368005,80027.8
25088,3.1362114,80030.93
25089,3.1355193,80034.06
25090,3.135578,80037.195
25091,3.137154,80040.336
25092,3.1388106,80043.48
25093,3.1405911,80046.62
25094,3.1410437,80049.76
25095,3.1414769,80052.9
25096,3.142759,80056.04
25097,3.1454806,80059.19
25098,3.1480782,80062.336
25099,3.1498291,80065.484
25100,3.1513891,80068.63
25101,3.1524878,80071.79
25102,3.1519253,80074.94
25103,3.1501024,80078.086
25104,3.1490085,80081.234
25105,3.1478882,80084.38
25106,3.1457388,80087.53
25107,3.143514,80090.67
25108,3.1413167,80093.81
25109,3.1390295,80096.95
25110,3.1379366,80100.09
25111,3.1366785,80103.23
25112,3.1356506,80106.36
25113,3.1347034,80109.49
25114,3.1336625,80112.625
25115,3.1315901,80115.76
25116,3.1297839,80118.89
25117,3.1289425,80122.02
25118,3.128366,80125.15
25119,3.128644,80128.27
25120,3.1294463,80131.41
25121,3.1315792,80134.54
25122,3.1344876,80137.67
25123,3.1365197,80140.805
25124,3.1370447,80143.945
25125,3.1368515,80147.086
25126,3.135764,80150.22
25127,3.1338327,80153.35
25128,3.1323419,80156.484
25129,3.1322224,80159.62
25130,3.1344178,80162.75
25131,3.1354342,80165.88
25132,3.1343062,80169.016
25133,3.1322165,80172.15
25134,3.1303558,80175.28
25135,3.129175,80178.414
25136,3.128915,80181.55
25137,3.1291149,80184.68
25138,3.128744,80187.805
25139,3.1284292,80190.93
25140,3.1283197,80194.055
25141,3.128251,80197.18
25142,3.128163,80200.305
25143,3.1279974,80203.43
25144,3.128863,80206.555
25145,3.1299474,80209.69
25146,3.1304715,80212.82
25147,3.131361,80215.95
25148,3.133533,80219.086
25149,3.1363592,80222.22
25150,3.1376092,80225.36
25151,3.1381595,80228.5
25152,3.1388671,80231.64
25153,3.1394947,80234.78
25154,3.1396692,80237.92
25155,3.1387126,80241.06
25156,3.1376414,80244.2
25157,3.1372619,80247.34
25158,3.1376607,80250.484
25159,3.138008,80253.625
25160,3.1376984,80256.766
25161,3.136802,80259.91
25162,3.1359432,80263.04
25163,3.136347,80266.17
25164,3.1371374,80269.31
25165,3.1374185,80272.45
25166,3.1350205,80275.586
25167,3.131964,80278.72
25168,3.1304834,80281.85
25169,3.1310484,80284.984
25170,3.1322753,80288.12
25171,3.1321526,80291.25
25172,3.132668,80294.38
25173,3.13374,80297.516
25174,3.1347067,80300.65
25175,3.135168,80303.78
25176,3.1335585,80306.914
25177,3.1306508,80310.05
25178,3.1277697,80313.17
25179,3.125714,80316.3
25180,3.1250021,80319.42
25181,3.1251855,80322.55
25182,3.1262352,80325.67
25183,3.125787,80328.8
25184,3.124714,80331.92
25185,3.122667,80335.05
25186,3.1195009,80338.164
25187,3.1161013,80341.28
25188,3.1145852,80344.4
25189,3.1158617,80347.516
25190,3.1176572,80350.63
25191,3.1192186,80353.75
25192,3.12161,80356.875
25193,3.1236827,80360.0
25194,3.1258965,80363.125
25195,3.1268327,80366.25
25196,3.1280367,80369.375
25197,3.1296985,80372.51
25198,3.1318984,80375.64
25199,3.1331131,80378.77
25200,3.1343985,80381.91
25201,3.1366448,80385.04
25202,3.1385972,80388.18
25203,3.139475,80391.32
25204,3.1410239,80394.46
25205,3.1425152,80397.6
25206,3.14205,80400.74
25207,3.1409707,80403.88
25208,3.1401043,80407.02
25209,3.1400592,80410.164
25210,3.1411288,80413.305
25211,3.141581,80416.445
25212,3.1427715,80419.586
25213,3.1438713,80422.73
25214,3.1455069,80425.875
25215,3.1477063,80429.02
25216,3.150383,80432.17
25217,3.1515374,80435.32
25218,3.1501207,80438.47
25219,3.1486962,80441.62
25220,3.147649,80444.766
25221,3.1486168,80447.914
25222,3.1485627,80451.06
25223,3.149376,80454.21
25224,3.1508694,80457.36
25225,3.1519623,80460.51
25226,3.1511345,80463.66
25227,3.1504414,80466.805
25228,3.1493423,80469.95
25229,3.1486883,80473.1
25230,3.1471953,80476.25
25231,3.144775,80479.4
25232,3.1420376,80482.54
25233,3.139445,80485.68
25234,3.1372669,80488.82
25235,3.1360717,80491.95
25236,3.1349118,80495.086
25237,3.133422,80498.22
25238,3.131596,80501.35
25239,3.1291711,80504.484
25240,3.127266,80507.61
25241,3.12583,80510.734
25242,3.1247692,80513.86
25243,3.1237948,80516.984
25244,3.1236544,80520.11
25245,3.123533,80523.234
25246,3.1225772,80526.36
25247,3.1210952,80529.484
25248,3.1200974,80532.6
25249,3.1206636,80535.72
25250,3.121289,80538.84
25251,3.1222832,80541.97
25252,3.1238205,80545.09
25253,3.1255932,80548.22
25254,3.1280105,80551.34
25255,3.1292086,80554.48
25256,3.1287441,80557.6
25257,3.1273623,80560.73
25258,3.1265984,80563.85
25259,3.125616,80566.98
25260,3.1243198,80570.1
25261,3.1237917,80573.23
25262,3.1249182,80576.35
25263,3.1264937,80579.48
25264,3.1268125,80582.6
25265,3.1270926,80585.73
25266,3.1287003,80588.85
25267,3.1289306,80591.984
25268,3.1287656,80595.11
25269,3.1287084,80598.234
25270,3.1299357,80601.37
25271,3.1315136,80604.5
25272,3.1336792,80607.63
25273,3.1358752,80610.766
25274,3.1372826,80613.91
25275,3.137063,80617.05
25276,3.135423,80620.18
25277,3.1324868,80623.31
25278,3.129309,80626.445
25279,3.1262326,80629.57
25280,3.1254418,80632.695
25281,3.1248643,80635.82
25282,3.1254163,80638.945
25283,3.1265426,80642.07
25284,3.128536,80645.195
25285,3.130804,80648.33
25286,3.132673,80651.46
25287,3.1337261,80654.59
25288,3.1333237,80657.73
25289,3.1313183,80660.86
25290,3.1302757,80663.99
25291,3.131564,80667.125
25292,3.1344278,80670.26
25293,3.1361275,80673.39
25294,3.1362548,80676.52
25295,3.1361258,80679.66
25296,3.1369445,80682.8
25297,3.138233,80685.94
25298,3.138697,80689.08
25299,3.1381488,80692.22
25300,3.1369476,80695.36
25301,3.1356368,80698.49
25302,3.1347475,80701.625
25303,3.133939,80704.76
25304,3.135387,80707.89
25305,3.136837,80711.03
25306,3.1366777,80714.164
25307,3.1365108,80717.3
25308,3.1367404,80720.44
25309,3.137376,80723.58
25310,3.1399615,80726.72
25311,3.1430812,80729.86
25312,3.1442645,80733.0
25313,3.1441042,80736.14
25314,3.1428967,80739.28
25315,3.1420996,80742.42
25316,3.1423984,80745.56
25317,3.1435895,80748.7
25318,3.1444564,80751.84
25319,3.1458237,80754.99
25320,3.14695,80758.14
25321,3.1482491,80761.29
25322,3.1491375,80764.44
25323,3.1495047,80767.586
25324,3.148633,80770.734
25325,3.1470482,80773.88
25326,3.1458187,80777.03
25327,3.1448042,80780.18
25328,3.1434216,80783.32
25329,3.1426241,80786.46
25330,3.1427739,80789.6
25331,3.143097,80792.74
25332,3.143352,80795.88
25333,3.1426046,80799.02
25334,3.1418223,80802.164
25335,3.1412334,80805.305
25336,3.1416447,80808.445
25337,3.1423883,80811.586
25338,3.1417532,80814.73
25339,3.1416256,80817.87
25340,3.1414387,80821.01
25341,3.1418743,80824.15
25342,3.1416042,80827.29
25343,3.1419692,80830.43
25344,3.1442468,80833.57
25345,3.1464224,80836.72
25346,3.1481273,80839.87
25347,3.1493912,80843.016
25348,3.150068,80846.164
25349,3.151011,80849.31
25350,3.1520298,80852.46
25351,3.153473,80855.62
25352,3.1539745,80858.77
25353,3.1539323,80861.93
25354,3.1534357,80865.086
25355,3.152604,80868.24
25356,3.1518734,80871.39
25357,3.152097,80874.54
25358,3.152358,80877.695
25359,3.152347,80880.85
25360,3.1523952,80884.01
25361,3.1527612,80887.164
25362,3.15387,80890.32
25363,3.155179,80893.48
25364,3.155547,80896.63
25365,3.1541848,80899.79
25366,3.153026,80902.945
25367,3.1528604,80906.1
25368,3.1529062,80909.26
25369,3.1527953,80912.414
25370,3.151966,80915.56
25371,3.150892,80918.71
25372,3.148951,80921.86
25373,3.1462076,80925.01
25374,3.144413,80928.15
25375,3.1426177,80931.29
25376,3.1415284,80934.43
25377,3.1409023,80937.57
25378,3.1407022,80940.71
25379,3.140619,80943.85
25380,3.1401045,80946.99
25381,3.1394525,80950.13
25382,3.1384997,80953.27
25383,3.1381972,80956.414
25384,3.1380289,80959.555
25385,3.1384249,80962.695
25386,3.1397443,80965.836
25387,3.1413982,80968.98
25388,3.142837,80972.12
25389,3.142821,80975.26
25390,3.14087,80978.4
25391,3.1384149,80981.54
25392,3.137627,80984.68
25393,3.1377513,80987.82
25394,3.1379883,80990.96
25395,3.1371615,80994.1
25396,3.1359127,80997.234
25397,3.1358175,81000.37
25398,3.137462,81003.51
25399,3.1399395,81006.65
25400,3.1408148,81009.79
25401,3.1401858,81012.93
25402,3.1391573,81016.07
25403,3.137592,81019.21
25404,3.1374118,81022.35
25405,3.138036,81025.49
25406,3.1399963,81028.63
25407,3.140936,81031.77
25408,3.140912,81034.914
25409,3.1407516,81038.055
25410,3.1408422,81041.195
25411,3.1403635,81044.336
25412,3.1369631,81047.48
25413,3.1315503,81050.61
25414,3.1277018,81053.734
25415,3.12662,81056.86
25416,3.128525,81059.984
25417,3.130225,81063.12
25418,3.1311972,81066.25
25419,3.131238,81069.38
25420,3.1308484,81072.516
25421,3.1308894,81075.65
25422,3.1313174,81078.78
25423,3.131872,81081.914
25424,3.131825,81085.05
25425,3.1321497,81088.18
25426,3.1314409,81091.31
25427,3.1292713,81094.445
25428,3.125896,81097.57
25429,3.1227005,81100.695
25430,3.12166,81103.82
25431,3.1224487,81106.945
25432,3.1253536,81110.07
25433,3.1278186,81113.195
25434,3.1291802,81116.33
25435,3.1291993,81119.46
25436,3.1296859,81122.59
25437,3.1300368,81125.73
25438,3.1309335,81128.86
25439,3.1318772,81131.99
25440,3.132534,81135.125
25441,3.1335819,81138.26
25442,3.135098,81141.39
25443,3.1358478,81144.52
25444,3.1368158,81147.664
25445,3.138299,81150.805
25446,3.1400282,81153.945
25447,3.1415298,81157.086
25448,3.1418085,81160.23
25449,3.1415846,81163.37
25450,3.1416516,81166.51
25451,3.1421819,81169.65
25452,3.1417558,81172.79
25453,3.1412365,81175.93
25454,3.1386626,81179.07
25455,3.1364784,81182.2
25456,3.1346548,81185.336
25457,3.1329956,81188.47
25458,3.1315267,81191.6
25459,3.1288118,81194.73
25460,3.1268146,81197.85
25461,3.1247952,81200.98
25462,3.1234598,81204.1
25463,3.1227036,81207.23
25464,3.1227028,81210.35
25465,3.123156,81213.48
25466,3.123714,81216.6
25467,3.1235576,81219.73
25468,3.1231236,81222.85
25469,3.1224325,81225.98
25470,3.1218698,81229.1
25471,3.1206467,81232.22
25472,3.117456,81235.336
25473,3.1143365,81238.45
25474,3.111755,81241.56
25475,3.1101778,81244.67
25476,3.1107347,81247.78
25477,3.1118813,81250.89
25478,3.1130993,81254.0
25479,3.1144114,81257.12
25480,3.1158276,81260.234
25481,3.1170406,81263.35
25482,3.1182213,81266.47
25483,3.119353,81269.586
25484,3.1198914,81272.7
25485,3.120541,81275.82
25486,3.1217122,81278.945
25487,3.122554,81282.07
25488,3.1229131,81285.195
25489,3.1235561,81288.32
25490,3.1253326,81291.445
25491,3.1276257,81294.57
25492,3.1289315,81297.7
25493,3.1298876,81300.836
25494,3.1313372,81303.97
25495,3.1325314,81307.1
25496,3.1335428,81310.234
25497,3.1342602,81313.37
25498,3.1326926,81316.5
25499,3.1294296,81319.63
25500,3.1274002,81322.76
25501,3.1263525,81325.88
25502,3.1261177,81329.01
25503,3.1266153,81332.13
25504,3.1272128,81335.26
25505,3.127292,81338.38
25506,3.1257565,81341.51
25507,3.1233947,81344.63
25508,3.1224768,81347.76
25509,3.1231725,81350.88
25510,3.1252408,81354.01
25511,3.125965,81357.13
25512,3.127285,81360.26
25513,3.1273303,81363.38
25514,3.1267986,81366.51
25515,3.1268077,81369.63
25516,3.1267004,81372.76
25517,3.1261437,81375.88
25518,3.1254864,81379.01
25519,3.125091,81382.13
25520,3.1261024,81385.26
25521,3.1279106,81388.38
25522,3.1305816,81391.516
25523,3.1322327,81394.65
25524,3.1313307,81397.78
25525,3.1297345,81400.914
25526,3.1279223,81404.04
25527,3.1275465,81407.164
25528,3.128439,81410.29
25529,3.130196,81413.42
25530,3.1324222,81416.555
25531,3.1341226,81419.69
25532,3.1341958,81422.82
25533,3.1350262,81425.95
25534,3.1361907,81429.086
25535,3.1366038,81432.22
25536,3.1351528,81435.35
25537,3.1319492,81438.484
25538,3.1286473,81441.61
25539,3.127221,81444.734
25540,3.1272323,81447.86
25541,3.1275375,81450.984
25542,3.1285744,81454.11
25543,3.1304495,81457.24
25544,3.132272,81460.375
25545,3.133494,81463.51
25546,3.133922,81466.64
25547,3.133639,81469.77
25548,3.132644,81472.91
25549,3.1307287,81476.04
25550,3.1304076,81479.17
25551,3.132394,81482.305
25552,3.1357238,81485.44
25553,3.1388905,81488.58
25554,3.1409981,81491.72
25555,3.1420321,81494.86
25556,3.1429918,81498.0
25557,3.1438441,81501.14
25558,3.1446786,81504.29
25559,3.1458337,81507.44
25560,3.146769,81510.586
25561,3.14714,81513.734
25562,3.1466064,81516.88
25563,3.1461697,81520.03
25564,3.1460161,81523.18
25565,3.1451879,81526.33
25566,3.1451223,81529.48
25567,3.1455736,81532.625
25568,3.1457224,81535.77
25569,3.1445775,81538.92
25570,3.1413968,81542.06
25571,3.1376622,81545.2
25572,3.1355019,81548.336
25573,3.1355498,81551.47
25574,3.1371014,81554.61
25575,3.1385286,81557.75
25576,3.1392627,81560.89
25577,3.1389437,81564.03
25578,3.1381192,81567.17
25579,3.137357,81570.31
25580,3.135662,81573.445
25581,3.1329513,81576.58
25582,3.1293097,81579.71
25583,3.1252387,81582.836
25584,3.1222813,81585.96
25585,3.1203516,81589.08
25586,3.1208107,81592.195
25587,3.1224468,81595.32
25588,3.1248262,81598.445
25589,3.1261551,81601.57
25590,3.1268036,81604.695
25591,3.1256528,81607.82
25592,3.1240866,81610.945
25593,3.1228633,81614.07
25594,3.1229513,81617.195
25595,3.1236868,81620.32
25596,3.1236913,81623.445
25597,3.124382,81626.57
25598,3.1260095,81629.695
25599,3.1289709,81632.83
25600,3.1340353,81635.96
25601,3.1390471,81639.1
25602,3.1430402,81642.24
25603,3.1444926,81645.38
25604,3.141728,81648.52
25605,3.1382892,81651.664
25606,3.134351,81654.8
25607,3.1320424,81657.93
25608,3.1320179,81661.06
25609,3.1316707,81664.195
25610,3.1294973,81667.33
25611,3.127508,81670.45
25612,3.1259365,81673.58
25613,3.1256468,81676.7
25614,3.1276605,81679.83
25615,3.1295955,81682.96
25616,3.129618,81686.09
25617,3.129178,81689.23
25618,3.1295292,81692.36
25619,3.1306136,81695.49
25620,3.1329541,81698.625
25621,3.1352108,81701.76
25622,3.1382396,81704.9
25623,3.1421,81708.04
25624,3.1469522,81711.19
25625,3.1502304,81714.336
25626,3.150563,81717.484
25627,3.1495647,81720.63
25628,3.1485126,81723.78
25629,3.1470337,81726.93
25630,3.1464734,81730.08
25631,3.1461546,81733.23
25632,3.1464646,81736.375
25633,3.1468358,81739.52
25634,3.1454492,81742.67
25635,3.1439295,81745.81
25636,3.1420965,81748.95
25637,3.140331,81752.09
25638,3.1389022,81755.234
25639,3.137532,81758.375
25640,3.1360412,81761.51
25641,3.1367314,81764.65
25642,3.1392388,81767.79
25643,3.1404333,81770.93
25644,3.1415875,81774.07
25645,3.1431394,81777.21
25646,3.1440604,81780.35
25647,3.1453395,81783.5
25648,3.1461847,81786.65
25649,3.1470413,81789.8
25650,3.146961,81792.945
25651,3.1463375,81796.09
25652,3.1449056,81799.24
25653,3.1432931,81802.38
25654,3.142011,81805.52
25655,3.1410284,81808.664
25656,3.1410882,81811.805
25657,3.1416192,81814.945
25658,3.1403651,81818.086
25659,3.1385138,81821.23
25660,3.1371405,81824.37
25661,3.1351526,81827.5
25662,3.1336706,81830.63
25663,3.1319726,81833.766
25664,3.1302109,81836.9
25665,3.1290927,81840.03
25666,3.1278946,81843.16
25667,3.127723,81846.28
25668,3.1280398,81849.41
25669,3.1291223,81852.54
25670,3.1302257,81855.67
25671,3.1321843,81858.805
25672,3.1334627,81861.94
25673,3.1348813,81865.07
25674,3.1359277,81868.2
25675,3.1368937,81871.34
25676,3.1373127,81874.484
25677,3.1373446,81877.625
25678,3.1376076,81880.766
25679,3.137179,81883.91
25680,3.1373172,81887.05
25681,3.1374702,81890.19
25682,3.1384327,81893.33
25683,3.139232,81896.47
25684,3.1402383,81899.61
25685,3.140607,81902.75
25686,3.1402209,81905.89
25687,3.1388583,81909.03
25688,3.1379626,81912.17
25689,3.1370897,81915.31
25690,3.136367,81918.445
25691,3.1357834,81921.58
25692,3.1360686,81924.71
25693,3.137824,81927.85
25694,3.1391687,81930.99
25695,3.1394103,81934.13
25696,3.1379907,81937.27
25697,3.1358557,81940.41
25698,3.134673,81943.54
25699,3.13428,81946.67
25700,3.135813,81949.805
25701,3.1377568,81952.945
25702,3.1399846,81956.086
25703,3.1415155,81959.23
25704,3.1409943,81962.37
25705,3.1405246,81965.51
25706,3.139254,81968.65
25707,3.138757,81971.79
25708,3.1375127,81974.93
25709,3.1367495,81978.07
25710,3.1367865,81981.21
25711,3.136882,81984.35
25712,3.1358101,81987.484
25713,3.1328802,81990.62
25714,3.1287484,81993.74
25715,3.1246428,81996.87
25716,3.122253,81999.99
25717,3.1212857,82003.12
25718,3.121591,82006.24
25719,3.1221285,82009.37
25720,3.122389,82012.49
25721,3.1233056,82015.62
25722,3.12594,82018.74
25723,3.1276367,82021.87
25724,3.1282754,82024.99
25725,3.1283288,82028.12
25726,3.1289613,82031.25
25727,3.1295586,82034.38
25728,3.1302617,82037.516
25729,3.132258,82040.65
25730,3.1340473,82043.78
25731,3.1356945,82046.914
25732,3.1358712,82050.05
25733,3.1358109,82053.18
25734,3.1363857,82056.31
25735,3.1361134,82059.445
25736,3.134224,82062.58
25737,3.1318812,82065.71
25738,3.1292684,82068.84
25739,3.1281595,82071.97
25740,3.1298344,82075.1
25741,3.1326153,82078.234
25742,3.1341982,82081.37
25743,3.134878,82084.5
25744,3.1335678,82087.63
25745,3.1319714,82090.766
25746,3.130989,82093.9
25747,3.1299858,82097.03
25748,3.1300986,82100.164
25749,3.1300302,82103.3
25750,3.1306448,82106.43
25751,3.1317458,82109.56
25752,3.1322339,82112.695
25753,3.133273,82115.83
25754,3.1345966,82118.96
25755,3.1359823,82122.09
25756,3.1361,82125.23
25757,3.135169,82128.36
25758,3.1327856,82131.49
25759,3.1295059,82134.625
25760,3.128294,82137.75
25761,3.12837,82140.875
25762,3.128138,82144.0
25763,3.127774,82147.125
25764,3.1266475,82150.25
25765,3.124504,82153.375
25766,3.1236901,82156.5
25767,3.1234765,82159.625
25768,3.1258178,82162.75
25769,3.1278038,82165.875
25770,3.1307387,82169.01
25771,3.1338816,82172.14
25772,3.1365108,82175.27
25773,3.138163,82178.414
25774,3.1389759,82181.555
25775,3.1393213,82184.695
25776,3.1391864,82187.836
25777,3.1396658,82190.98
25778,3.140527,82194.12
25779,3.1411169,82197.26
25780,3.1409476,82200.4
25781,3.1407797,82203.54
25782,3.139773,82206.68
25783,3.1393578,82209.82
25784,3.1387787,82212.96
25785,3.1380548,82216.1
25786,3.1366878,82219.234
25787,3.1349444,82222.37
25788,3.1342502,82225.5
25789,3.133777,82228.63
25790,3.1352978,82231.766
25791,3.1376512,82234.91
25792,3.1406233,82238.05
25793,3.1429188,82241.19
25794,3.1432815,82244.33
25795,3.1430974,82247.47
25796,3.1425347,82250.61
25797,3.1418123,82253.75
25798,3.1409073,82256.89
25799,3.1411963,82260.03
25800,3.1415668,82263.17
25801,3.1425226,82266.31
25802,3.1422844,82269.45
25803,3.1402903,82272.59
25804,3.137989,82275.734
25805,3.1366322,82278.87
25806,3.1379528,82282.01
25807,3.140886,82285.15
25808,3.1448872,82288.3
25809,3.1474097,82291.445
25810,3.1482873,82294.59
25811,3.147269,82297.74
25812,3.1443644,82300.88
25813,3.141086,82304.02
25814,3.1396856,82307.164
25815,3.1395922,82310.305
25816,3.1409128,82313.445
25817,3.143206,82316.586
25818,3.1456523,82319.734
25819,3.1481698,82322.88
25820,3.1501925,82326.03
25821,3.1512864,82329.18
25822,3.1513133,82332.33
25823,3.1505675,82335.48
25824,3.1495066,82338.625
25825,3.1487505,82341.77
25826,3.1486812,82344.92
25827,3.1485093,82348.07
25828,3.147792,82351.22
25829,3.1463366,82354.37
25830,3.1448026,82357.516
25831,3.1438797,82360.66
25832,3.1444974,82363.8
25833,3.1458304,82366.945
25834,3.1464734,82370.09
25835,3.1459458,82373.24
25836,3.1457236,82376.39
25837,3.146246,82379.54
25838,3.1470752,82382.69
25839,3.14863,82385.836
25840,3.149851,82388.984
25841,3.1515768,82392.13
25842,3.1527297,82395.29
25843,3.153027,82398.445
25844,3.152562,82401.6
25845,3.1523087,82404.75
25846,3.151775,82407.9
25847,3.1514664,82411.05
25848,3.151385,82414.195
25849,3.1512253,82417.34
25850,3.1505969,82420.49
25851,3.1492376,82423.64
25852,3.148258,82426.79
25853,3.1478221,82429.94
25854,3.148917,82433.086
25855,3.150625,82436.234
25856,3.15199,82439.38
25857,3.1526718,82442.54
25858,3.1539307,82445.695
25859,3.1554296,82448.85
25860,3.1566374,82452.01
25861,3.1568506,82455.164
25862,3.1561158,82458.32
25863,3.1545837,82461.48
25864,3.1522756,82464.625
25865,3.1496549,82467.77
25866,3.1474996,82470.92
25867,3.1462512,82474.07
25868,3.146803,82477.22
25869,3.14821,82480.37
25870,3.1500351,82483.516
25871,3.1521535,82486.664
25872,3.1541698,82489.82
25873,3.155803,82492.98
25874,3.1566918,82496.13
25875,3.1572728,82499.29
25876,3.1576395,82502.445
25877,3.1570363,82505.6
25878,3.1549323,82508.76
25879,3.1525497,82511.914
25880,3.1503084,82515.06
25881,3.148522,82518.21
25882,3.1468327,82521.36
25883,3.145496,82524.51
25884,3.1439877,82527.65
25885,3.1419353,82530.79
25886,3.1413085,82533.93
25887,3.142018,82537.07
25888,3.1418664,82540.21
25889,3.1405437,82543.35
25890,3.138874,82546.49
25891,3.1375136,82549.63
25892,3.1369994,82552.77
25893,3.1367657,82555.914
25894,3.136815,82559.055
25895,3.1379807,82562.195
25896,3.138406,82565.336
25897,3.1376839,82568.48
25898,3.1357596,82571.61
25899,3.1337438,82574.74
25900,3.1320522,82577.875
25901,3.1299398,82581.01
25902,3.1283684,82584.13
25903,3.1270468,82587.26
25904,3.1254437,82590.38
25905,3.1230397,82593.51
25906,3.1220894,82596.63
25907,3.122174,82599.76
25908,3.123485,82602.88
25909,3.1244223,82606.01
25910,3.124539,82609.13
25911,3.1246333,82612.26
25912,3.1248338,82615.38
25913,3.1247702,82618.51
25914,3.1249208,82621.63
25915,3.1253047,82624.76
25916,3.1263628,82627.88
25917,3.1277246,82631.01
25918,3.1301863,82634.14
25919,3.132536,82637.27
25920,3.1333177,82640.41
25921,3.133109,82643.54
25922,3.1323237,82646.67
25923,3.1328828,82649.805
25924,3.135091,82652.94
25925,3.1370926,82656.08
25926,3.1376736,82659.22
25927,3.1369972,82662.36
25928,3.1349792,82665.49
25929,3.133438,82668.625
25930,3.1326418,82671.76
25931,3.1331677,82674.89
25932,3.1338108,82678.02
25933,3.134418,82681.16
25934,3.1347182,82684.29
25935,3.1347854,82687.42
25936,3.1351187,82690.555
25937,3.1344407,82693.69
25938,3.1341515,82696.82
25939,3.1346211,82699.95
25940,3.1358006,82703.086
25941,3.137086,82706.23
25942,3.1366386,82709.36
25943,3.1351168,82712.49
25944,3.133835,82715.625
25945,3.1336,82718.76
25946,3.1328914,82721.89
25947,3.1307225,82725.02
25948,3.129826,82728.16
25949,3.1301363,82731.29
25950,3.1305764,82734.42
25951,3.1302996,82737.555
25952,3.1308827,82740.69
25953,3.1321328,82743.82
25954,3.1329973,82746.95
25955,3.1324916,82750.086
25956,3.1290207,82753.22
25957,3.1256628,82756.34
25958,3.1235678,82759.47
25959,3.1244376,82762.59
25960,3.1270907,82765.72
25961,3.1300476,82768.85
25962,3.1319704,82771.984
25963,3.132539,82775.12
25964,3.133169,82778.25
25965,3.1337361,82781.38
25966,3.1339867,82784.516
25967,3.1337328,82787.65
25968,3.132615,82790.78
25969,3.1313121,82793.914
25970,3.131061,82797.05
25971,3.1324651,82800.18
25972,3.1342697,82803.31
25973,3.1358635,82806.445
25974,3.1369002,82809.586
25975,3.1374173,82812.73
25976,3.1379128,82815.87
25977,3.1381247,82819.01
25978,3.137346,82822.15
25979,3.1359973,82825.28
25980,3.1349053,82828.414
25981,3.1334307,82831.55
25982,3.132406,82834.68
25983,3.1317153,82837.81
25984,3.1324706,82840.945
25985,3.134499,82844.08
25986,3.137665,82847.22
25987,3.1408188,82850.36
25988,3.1434326,82853.5
25989,3.1456454,82856.65
25990,3.1464777,82859.8
25991,3.1469471,82862.945
25992,3.1470296,82866.09
25993,3.1474092,82869.24
25994,3.1471112,82872.39
25995,3.1467519,82875.54
25996,3.146174,82878.69
25997,3.1443875,82881.83
25998,3.1422298,82884.97
25999,3.1400638,82888.11
26000,3.1389785,82891.25
26001,3.1382775,82894.39
26002,3.1391,82897.53
26003,3.140116,82900.67
26004,3.1415477,82903.81
26005,3.1416788,82906.95
26006,3.1407633,82910.09
26007,3.1408365,82913.234
26008,3.1429858,82916.375
26009,3.1460924,82919.52
26010,3.1477444,82922.67
26011,3.1480772,82925.82
26012,3.147001,82928.97
26013,3.1446848,82932.12
26014,3.1419454,82935.26
26015,3.1389687,82938.4
26016,3.136708,82941.53
26017,3.1352565,82944.664
26018,3.1348443,82947.8
26019,3.134746,82950.93
26020,3.1346505,82954.06
26021,3.1352522,82957.195
26022,3.1355343,82960.33
26023,3.1353083,82963.46
26024,3.1329563,82966.59
26025,3.1305993,82969.73
26026,3.1292098,82972.86
26027,3.1280792,82975.984
26028,3.128255,82979.11
26029,3.1295292,82982.24
26030,3.131446,82985.375
26031,3.1336424,82988.51
26032,3.1361327,82991.64
26033,3.1376507,82994.78
26034,3.1384478,82997.92
26035,3.1392555,83001.06
26036,3.1395254,83004.2
26037,3.139291,83007.34
26038,3.1380126,83010.484
26039,3.1359966,83013.62
26040,3.1348658,83016.75
26041,3.1332858,83019.88
26042,3.132598,83023.016
26043,3.1318831,83026.15
26044,3.129822,83029.28
26045,3.127237,83032.41
26046,3.1250567,83035.53
26047,3.1243374,83038.66
26048,3.1253242,83041.78
26049,3.1262598,83044.91
26050,3.1279132,83048.03
26051,3.1292086,83051.164
26052,3.1297586,83054.3
26053,3.129826,83057.43
26054,3.1300282,83060.56
26055,3.1297445,83063.695
26056,3.1289775,83066.83
26057,3.129188,83069.96
26058,3.1295059,83073.09
26059,3.1293273,83076.23
26060,3.1290221,83079.36
26061,3.1287246,83082.484
26062,3.1289508,83085.62
26063,3.128259,83088.74
26064,3.1277618,83091.87
26065,3.1278243,83094.99
26066,3.1287978,83098.12
26067,3.1283467,83101.24
26068,3.1275132,83104.37
26069,3.1276357,83107.49
26070,3.128847,83110.62
26071,3.1298113,83113.75
26072,3.1291332,83116.88
26073,3.1270447,83120.01
26074,3.1248088,83123.13
26075,3.123263,83126.26
26076,3.1223192,83129.38
26077,3.1219707,83132.51
26078,3.121474,83135.63
26079,3.121977,83138.76
26080,3.1233745,83141.88
26081,3.1252892,83145.01
26082,3.1267624,83148.13
26083,3.1268802,83151.26
26084,3.127048,83154.38
26085,3.1272,83157.51
26086,3.1268277,83160.63
26087,3.1262014,83163.76
26088,3.126025,83166.88
26089,3.126378,83170.01
26090,3.1256366,83173.13
26091,3.124408,83176.26
26092,3.124078,83179.38
26093,3.123946,83182.51
26094,3.1251495,83185.63
26095,3.126649,83188.76
26096,3.1271493,83191.88
26097,3.1271176,83195.01
26098,3.124324,83198.13
26099,3.1216435,83201.26
26100,3.1200752,83204.375
26101,3.1204586,83207.49
26102,3.1216018,83210.62
26103,3.1219804,83213.74
26104,3.1220582,83216.87
26105,3.1218448,83219.99
26106,3.121371,83223.12
26107,3.1217563,83226.24
26108,3.1235635,83229.37
26109,3.1274893,83232.49
26110,3.1305504,83235.625
26111,3.1323977,83238.76
26112,3.1339633,83241.89
26113,3.1361797,83245.02
26114,3.1374645,83248.164
26115,3.1380522,83251.305
26116,3.1378698,83254.445
26117,3.137788,83257.586
26118,3.138044,83260.73
26119,3.1385748,83263.87
26120,3.1388628,83267.01
26121,3.1383345,83270.15
26122,3.1374733,83273.29
26123,3.137311,83276.43
26124,3.1378734,83279.57
26125,3.1381302,83282.71
26126,3.1366415,83285.84
26127,3.1354637,83288.98
26128,3.136247,83292.11
26129,3.137278,83295.25
26130,3.1385808,83298.39
26131,3.1385689,83301.53
26132,3.1369064,83304.67
26133,3.136069,83307.805
26134,3.1350777,83310.94
26135,3.1331513,83314.07
26136,3.1318731,83317.2
26137,3.132183,83320.336
26138,3.1322908,83323.47
26139,3.1311514,83326.6
26140,3.1284497,83329.73
26141,3.1270657,83332.85
26142,3.12856,83335.98
26143,3.1315281,83339.11
26144,3.1336014,83342.24
26145,3.1353867,83345.375
26146,3.13667,83348.51
26147,3.1367176,83351.64
26148,3.1346118,83354.77
26149,3.1321764,83357.91
26150,3.130866,83361.04
26151,3.13021,83364.17
26152,3.1296246,83367.305
26153,3.1298895,83370.44
26154,3.131025,83373.57
26155,3.13229,83376.7
26156,3.1341884,83379.836
26157,3.136357,83382.97
26158,3.1384795,83386.11
26159,3.1398032,83389.25
26160,3.1410186,83392.39
26161,3.1412091,83395.53
26162,3.1407278,83398.67
26163,3.1405017,83401.81
26164,3.1403742,83404.95
26165,3.1406677,83408.09
26166,3.141486,83411.234
26167,3.1420412,83414.375
26168,3.1404092,83417.516
26169,3.1391082,83420.66
26170,3.139155,83423.8
26171,3.140286,83426.94
26172,3.1425195,83430.08
26173,3.1436293,83433.22
26174,3.1434362,83436.36
26175,3.1430044,83439.5
26176,3.144479,83442.64
26177,3.1475463,83445.79
26178,3.1491897,83448.94
26179,3.149763,83452.086
26180,3.148396,83455.234
26181,3.1460822,83458.38
26182,3.1455019,83461.53
26183,3.1447437,83464.68
26184,3.1448739,83467.83
26185,3.145812,83470.98
26186,3.1459954,83474.125
26187,3.1459439,83477.27
26188,3.145543,83480.42
26189,3.1453667,83483.57
26190,3.145123,83486.72
26191,3.1448755,83489.87
26192,3.143245,83493.01
26193,3.1406665,83496.15
26194,3.1378198,83499.29
26195,3.1353621,83502.42
26196,3.1350627,83505.555
26197,3.1368365,83508.695
26198,3.138523,83511.836
26199,3.1388278,83514.98
26200,3.1376758,83518.12
26201,3.1367753,83521.26
26202,3.1367946,83524.4
26203,3.1374445,83527.54
26204,3.1372519,83530.68
26205,3.1369283,83533.82
26206,3.136936,83536.96
26207,3.1367145,83540.09
26208,3.136813,83543.234
26209,3.1364894,83546.37
26210,3.135642,83549.5
26211,3.1342332,83552.63
26212,3.1332457,83555.766
26213,3.1330178,83558.9
26214,3.1343539,83562.03
26215,3.1351182,83565.164
26216,3.1340134,83568.3
26217,3.1327105,83571.43
26218,3.133117,83574.56
26219,3.133631,83577.695
26220,3.134198,83580.83
26221,3.1345742,83583.96
26222,3.1329882,83587.09
26223,3.1312847,83590.23
26224,3.1308904,83593.36
26225,3.130819,83596.49
26226,3.129994,83599.625
26227,3.1290848,83602.76
26228,3.1280837,83605.88
26229,3.126885,83609.01
26230,3.1261225,83612.13
26231,3.1258142,83615.26
26232,3.1255693,83618.38
26233,3.125505,83621.51
26234,3.127376,83624.63
26235,3.1290438,83627.766
26236,3.130153,83630.9
26237,3.131563,83634.03
26238,3.132612,83637.164
26239,3.1337848,83640.3
26240,3.1334584,83643.43
26241,3.1321013,83646.56
26242,3.130425,83649.695
26243,3.1287067,83652.82
26244,3.1279805,83655.945
26245,3.1283824,83659.07
26246,3.128262,83662.195
26247,3.126575,83665.32
26248,3.1251776,83668.445
26249,3.123558,83671.57
26250,3.122586,83674.695
26251,3.1221476,83677.82
26252,3.1223178,83680.945
26253,3.1237557,83684.07
26254,3.1272876,83687.195
26255,3.1294909,83690.33
26256,3.128805,83693.45
26257,3.1272557,83696.58
26258,3.1268191,83699.7
26259,3.1281142,83702.83
26260,3.1294744,83705.96
26261,3.129141,83709.09
26262,3.1282551,83712.22
26263,3.1274834,83715.34
26264,3.127939,83718.47
26265,3.1290424,83721.6
26266,3.1289816,83724.734
26267,3.1293144,83727.87
26268,3.1302154,83731.0
26269,3.1308246,83734.13
26270,3.131273,83737.266
26271,3.1312072,83740.4
26272,3.1313918,83743.53
26273,3.1313903,83746.664
26274,3.129897,83749.8
26275,3.1280653,83752.92
26276,3.1264818,83756.05
26277,3.1257162,83759.17
26278,3.127262,83762.3
26279,3.1295967,83765.43
26280,3.1318722,83768.56
26281,3.1338332,83771.695
26282,3.1358588,83774.83
26283,3.1379585,83777.97
26284,3.138755,83781.11
26285,3.1382077,83784.25
26286,3.1373641,83787.39
26287,3.1363373,83790.52
26288,3.1348915,83793.66
26289,3.1340477,83796.79
26290,3.13239,83799.92
26291,3.1311498,83803.055
26292,3.129079,83806.19
26293,3.1266308,83809.31
26294,3.1251194,83812.44
26295,3.1258264,83815.56
26296,3.1278625,83818.69
26297,3.1280527,83821.81
26298,3.1270344,83824.94
26299,3.1269333,83828.06
26300,3.1271045,83831.19
26301,3.1274185,83834.31
26302,3.1276774,83837.44
26303,3.1285198,83840.56
26304,3.1299007,83843.695
26305,3.1317134,83846.83
26306,3.1335037,83849.96
26307,3.1354156,83853.09
26308,3.1377137,83856.234
26309,3.1394763,83859.375
26310,3.1399684,83862.516
26311,3.139546,83865.66
26312,3.1394286,83868.8
26313,3.1391156,83871.94
26314,3.1399913,83875.08
26315,3.140032,83878.22
26316,3.139481,83881.36
26317,3.1384463,83884.5
26318,3.137325,83887.64
26319,3.137,83890.78
26320,3.1361837,83893.914
26321,3.1341271,83897.05
26322,3.130704,83900.18
26323,3.128154,83903.305
26324,3.1287324,83906.43
26325,3.1303008,83909.56
26326,3.1331067,83912.695
26327,3.1357055,83915.83
26328,3.137948,83918.97
26329,3.1400163,83922.11
26330,3.1429245,83925.25
26331,3.1458905,83928.4
26332,3.145785,83931.55
26333,3.1439202,83934.69
26334,3.142609,83937.83
26335,3.1409678,83940.97
26336,3.1393006,83944.11
26337,3.1378016,83947.25
26338,3.136472,83950.38
26339,3.1348343,83953.516
26340,3.1339595,83956.65
26341,3.1337204,83959.78
26342,3.1347983,83962.914
26343,3.1368337,83966.055
26344,3.1397936,83969.195
26345,3.142468,83972.336
26346,3.1431744,83975.48
26347,3.1427155,83978.62
26348,3.14078,83981.76
26349,3.1387482,83984.9
26350,3.1373,83988.04
26351,3.137178,83991.18
26352,3.1382787,83994.32
26353,3.1384747,83997.46
26354,3.1379297,84000.6
26355,3.137304,84003.74
26356,3.1355546,84006.875
26357,3.1338363,84010.01
26358,3.1324496,84013.14
26359,3.132524,84016.27
26360,3.1336396,84019.41
26361,3.1349614,84022.54
26362,3.1373618,84025.68
26363,3.1403003,84028.82
26364,3.1418502,84031.96
26365,3.1425228,84035.1
26366,3.142116,84038.24
26367,3.1408312,84041.38
26368,3.13745,84044.52
26369,3.13406,84047.66
26370,3.131502,84050.79
26371,3.1298006,84053.92
26372,3.1282413,84057.05
26373,3.1268868,84060.17
26374,3.126526,84063.3
26375,3.126864,84066.42
26376,3.12797,84069.55
26377,3.128902,84072.67
26378,3.130347,84075.805
26379,3.1321232,84078.94
26380,3.1347237,84082.07
26381,3.1375258,84085.21
26382,3.1395135,84088.35
26383,3.1408837,84091.49
26384,3.141394,84094.63
26385,3.1413834,84097.77
26386,3.1402397,84100.914
26387,3.138452,84104.055
26388,3.1373303,84107.195
26389,3.1371105,84110.336
26390,3.138049,84113.48
26391,3.1387155,84116.62
26392,3.1383622,84119.76
26393,3.1383452,84122.9
26394,3.139147,84126.04
26395,3.1396468,84129.18
26396,3.1391244,84132.32
26397,3.138535,84135.46
26398,3.1376114,84138.6
26399,3.138076,84141.74
26400,3.1390965,84144.88
26401,3.1403956,84148.02
26402,3.14143,84151.164
26403,3.1406827,84154.305
26404,3.1385317,84157.445
26405,3.134516,84160.58
26406,3.1306384,84163.71
26407,3.1271358,84166.836
26408,3.1258736,84169.96
26409,3.12507,84173.086
26410,3.1255019,84176.21
26411,3.1266165,84179.336
26412,3.127346,84182.46
26413,3.127178,84185.586
26414,3.1255596,84188.71
26415,3.1233258,84191.836
26416,3.1221247,84194.96
26417,3.1201174,84198.08
26418,3.1185467,84201.195
26419,3.1170998,84204.31
26420,3.1171465,84207.43
26421,3.1180623,84210.55
26422,3.1191711,84213.664
26423,3.1207147,84216.78
26424,3.121381,84219.91
26425,3.121082,84223.02
26426,3.1206126,84226.14
26427,3.1215398,84229.266
26428,3.124539,84232.39
26429,3.125979,84235.516
26430,3.1254532,84238.64
26431,3.1239674,84241.766
26432,3.1235132,84244.89
26433,3.124064,84248.016
26434,3.1248076,84251.14
26435,3.126376,84254.266
26436,3.1290126,84257.4
26437,3.1327982,84260.53
26438,3.1372316,84263.67
26439,3.13998,84266.81
26440,3.139833,84269.95
26441,3.1366863,84273.086
26442,3.1326644,84276.22
26443,3.1301596,84279.35
26444,3.130394,84282.484
26445,3.1307187,84285.62
26446,3.1312933,84288.75
26447,3.1325896,84291.88
26448,3.1347723,84295.016
26449,3.136921,84298.16
26450,3.1390712,84301.3
26451,3.1400092,84304.44
26452,3.1390502,84307.58
26453,3.1363552,84310.71
26454,3.1340249,84313.84
26455,3.131835,84316.98
26456,3.1296446,84320.11
26457,3.1282141,84323.234
26458,3.1267455,84326.36
26459,3.125723,84329.484
26460,3.126241,84332.61
26461,3.1271963,84335.734
26462,3.1277325,84338.86
26463,3.128582,84341.984
26464,3.128633,84345.11
26465,3.1283863,84348.234
26466,3.1270146,84351.36
26467,3.12433,84354.484
26468,3.1227224,84357.61
26469,3.1217926,84360.734
26470,3.1209285,84363.85
26471,3.1198602,84366.97
26472,3.1212006,84370.09
26473,3.1236684,84373.22
26474,3.1269295,84376.34
26475,3.1294968,84379.48
26476,3.1304672,84382.61
26477,3.1307113,84385.74
26478,3.1306517,84388.875
26479,3.1302047,84392.01
26480,3.130916,84395.14
26481,3.131927,84398.27
26482,3.1330767,84401.41
26483,3.1340065,84404.54
26484,3.134985,84407.67
26485,3.1372044,84410.81
26486,3.138406,84413.95
26487,3.1394243,84417.09
26488,3.1386645,84420.234
26489,3.136364,84423.37
26490,3.1340244,84426.5
26491,3.1322544,84429.63
26492,3.131389,84432.766
26493,3.1308444,84435.9
26494,3.1311593,84439.03
26495,3.132291,84442.164
26496,3.134249,84445.3
26497,3.1368048,84448.44
26498,3.138536,84451.58
26499,3.1392007,84454.72
26500,3.1390536,84457.86
26501,3.1388574,84461.0
26502,3.1393216,84464.14
26503,3.1389153,84467.28
26504,3.1381013,84470.42
26505,3.1386511,84473.56
26506,3.140634,84476.7
26507,3.1435263,84479.84
26508,3.146044,84482.99
26509,3.1478786,84486.14
26510,3.147317,84489.29
26511,3.1459854,84492.44
26512,3.1457293,84495.586
26513,3.1460414,84498.734
26514,3.145386,84501.88
26515,3.144805,84505.03
26516,3.1453762,84508.18
26517,3.1472843,84511.33
26518,3.1491518,84514.48
26519,3.1503055,84517.625
26520,3.1509502,84520.77
26521,3.1520867,84523.92
26522,3.1531222,84527.08
26523,3.152159,84530.23
26524,3.1503558,84533.375
26525,3.1491156,84536.52
26526,3.147905,84539.67
26527,3.146801,84542.82
26528,3.1470845,84545.97
26529,3.1485229,84549.12
26530,3.1485078,84552.266
26531,3.1464062,84555.414
26532,3.1424725,84558.555
26533,3.1383379,84561.695
26534,3.1343331,84564.83
26535,3.129829,84567.96
26536,3.1267874,84571.086
26537,3.124377,84574.21
26538,3.123341,84577.336
26539,3.1215136,84580.46
26540,3.1207635,84583.58
26541,3.1199267,84586.695
26542,3.1205814,84589.81
26543,3.1222491,84592.94
26544,3.1256464,84596.06
26545,3.1288924,84599.19
26546,3.131576,84602.32
26547,3.1342409,84605.45
26548,3.137457,84608.59
26549,3.1393967,84611.734
26550,3.1399426,84614.875
26551,3.140321,84618.016
26552,3.1395497,84621.16
26553,3.1395082,84624.3
26554,3.1403134,84627.44
26555,3.1411803,84630.58
26556,3.1423187,84633.72
26557,3.143098,84636.86
26558,3.14368,84640.0
26559,3.1442394,84643.14
26560,3.1447659,84646.29
26561,3.144977,84649.44
26562,3.1447597,84652.586
26563,3.144172,84655.73
26564,3.1435647,84658.87
26565,3.1436756,84662.01
26566,3.1429863,84665.15
26567,3.142014,84668.29
26568,3.140865,84671.43
26569,3.1406667,84674.57
26570,3.1402493,84677.71
26571,3.1405346,84680.85
26572,3.1407273,84683.99
26573,3.1406348,84687.13
26574,3.1401174,84690.27
26575,3.1395586,84693.414
26576,3.1389728,84696.555
26577,3.1386383,84699.695
26578,3.138817,84702.836
26579,3.1384685,84705.98
26580,3.1381264,84709.12
26581,3.137831,84712.26
26582,3.1368153,84715.4
26583,3.136412,84718.53
26584,3.1366603,84721.664
26585,3.1374896,84724.805
26586,3.13787,84727.945
26587,3.1365185,84731.08
26588,3.1334398,84734.21
26589,3.1303225,84737.34
26590,3.1299136,84740.48
26591,3.1319096,84743.61
26592,3.133788,84746.74
26593,3.134635,84749.875
26594,3.1332467,84753.01
26595,3.1317236,84756.14
26596,3.131413,84759.27
26597,3.13158,84762.41
26598,3.1300695,84765.54
26599,3.1274056,84768.664
26600,3.12536,84771.79
26601,3.1248615,84774.914
26602,3.125276,84778.04
26603,3.1257577,84781.164
26604,3.127654,84784.29
26605,3.1304846,84787.42
26606,3.1325548,84790.555
26607,3.1334515,84793.69
26608,3.1342142,84796.82
26609,3.1347325,84799.95
26610,3.13511,84803.086
26611,3.136345,84806.22
26612,3.1374638,84809.36
26613,3.13825,84812.5
26614,3.1375546,84815.64
26615,3.1362646,84818.77
26616,3.134075,84821.91
26617,3.1328783,84825.04
26618,3.1324475,84828.17
26619,3.1315386,84831.305
26620,3.1299334,84834.44
26621,3.1278446,84837.56
26622,3.1253588,84840.69
26623,3.1236928,84843.81
26624,3.12264,84846.94
26625,3.1213312,84850.06
26626,3.1206937,84853.18
26627,3.120285,84856.3
26628,3.1211245,84859.42
26629,3.1220784,84862.55
26630,3.123226,84865.67
26631,3.123201,84868.8
26632,3.122047,84871.92
26633,3.1217062,84875.05
26634,3.1223156,84878.17
26635,3.1237924,84881.3
26636,3.12662,84884.42
26637,3.1296227,84887.555
26638,3.1318862,84890.69
26639,3.133601,84893.82
26640,3.1341972,84896.95
26641,3.1328545,84900.086
26642,3.1299062,84903.22
26643,3.1277566,84906.34
26644,3.126444,84909.47
26645,3.1255167,84912.59
26646,3.1264386,84915.72
26647,3.1278903,84918.84
26648,3.1289666,84921.98
26649,3.1292944,84925.11
26650,3.1297448,84928.24
26651,3.1307814,84931.375
26652,3.133258,84934.51
26653,3.1354234,84937.64
26654,3.1377425,84940.78
26655,3.139086,84943.92
26656,3.1409295,84947.06
26657,3.1423192,84950.2
26658,3.1429837,84953.34
26659,3.142746,84956.484
26660,3.1415818,84959.625
26661,3.1405644,84962.766
26662,3.1406767,84965.91
26663,3.1407843,84969.05
26664,3.13977,84972.19
26665,3.1377401,84975.33
26666,3.134926,84978.46
26667,3.1337478,84981.59
26668,3.1335912,84984.73
26669,3.134143,84987.86
26670,3.1347704,84990.99
26671,3.1347077,84994.125
26672,3.1342306,84997.26
26673,3.1336505,85000.39
26674,3.1345057,85003.52
26675,3.1356008,85006.66
26676,3.136125,85009.79
26677,3.137287,85012.93
26678,3.1387289,85016.07
26679,3.1399453,85019.21
26680,3.1411853,85022.35
26681,3.1435375,85025.49
26682,3.1463475,85028.64
26683,3.1486104,85031.79
26684,3.1494129,85034.94
26685,3.1500752,85038.086
26686,3.150898,85041.234
26687,3.151812,85044.38
26688,3.1518962,85047.53
26689,3.1512377,85050.68
26690,3.149666,85053.83
26691,3.147828,85056.98
26692,3.1460617,85060.125
26693,3.145401,85063.27
26694,3.1475801,85066.42
26695,3.1502643,85069.57
26696,3.150807,85072.72
26697,3.1502707,85075.87
26698,3.1493657,85079.016
26699,3.149167,85082.164
26700,3.1506293,85085.31
26701,3.1528463,85088.47
26702,3.154118,85091.625
26703,3.1546566,85094.78
26704,3.1549652,85097.94
26705,3.1562288,85101.09
26706,3.1565654,85104.25
26707,3.1564417,85107.41
26708,3.1548085,85110.56
26709,3.1529121,85113.72
26710,3.1513534,85116.87
26711,3.1503422,85120.016
26712,3.149406,85123.164
26713,3.148213,85126.31
26714,3.1450205,85129.46
26715,3.1418529,85132.6
26716,3.141803,85135.74
26717,3.1434076,85138.88
26718,3.1454632,85142.03
26719,3.1468823,85145.18
26720,3.1462896,85148.33
26721,3.145282,85151.48
26722,3.1444812,85154.62
26723,3.1440299,85157.76
26724,3.1439807,85160.9
26725,3.1442173,85164.04
26726,3.1433837,85167.18
26727,3.1415954,85170.32
26728,3.1394567,85173.46
26729,3.1386266,85176.6
26730,3.1396313,85179.74
26731,3.1412537,85182.88
26732,3.1415133,85186.02
26733,3.141042,85189.164
26734,3.142197,85192.305
26735,3.1443558,85195.445
26736,3.1471813,85198.59
26737,3.150038,85201.74
26738,3.1520696,85204.89
26739,3.1537237,85208.05
26740,3.1540358,85211.2
26741,3.153062,85214.36
26742,3.1518972,85217.51
26743,3.1508958,85220.66
26744,3.1497326,85223.805
26745,3.1484354,85226.95
26746,3.1477542,85230.1
26747,3.1479273,85233.25
26748,3.147995,85236.4
26749,3.1481075,85239.55
26750,3.147575,85242.695
26751,3.1463597,85245.84
26752,3.145032,85248.99
26753,3.144614,85252.14
26754,3.1452715,85255.29
26755,3.146414,85258.44
26756,3.1463819,85261.586
26757,3.1451085,85264.734
26758,3.1433482,85267.875
26759,3.140578,85271.016
26760,3.1392167,85274.16
26761,3.1393344,85277.3
26762,3.1401982,85280.44
26763,3.1411939,85283.58
26764,3.1406384,85286.72
26765,3.1400146,85289.86
26766,3.1391518,85293.0
26767,3.138249,85296.14
26768,3.1376815,85299.28
26769,3.13747,85302.42
26770,3.1361923,85305.555
26771,3.1344483,85308.69
26772,3.13326,85311.82
26773,3.1329372,85314.95
26774,3.1333084,85318.086
26775,3.1337254,85321.22
26776,3.13386,85324.35
26777,3.1345656,85327.484
26778,3.1383088,85330.625
26779,3.1418579,85333.766
26780,3.143837,85336.91
26781,3.1443813,85340.05
26782,3.1453981,85343.195
26783,3.1471224,85346.34
26784,3.1471303,85349.49
26785,3.146609,85352.64
26786,3.1459568,85355.79
26787,3.1442986,85358.93
26788,3.1427126,85362.07
26789,3.1418047,85365.21
26790,3.142122,85368.35
26791,3.1423364,85371.49
26792,3.1429198,85374.63
26793,3.1422322,85377.77
26794,3.1418417,85380.914
26795,3.1424224,85384.055
26796,3.1429367,85387.195
26797,3.1435597,85390.336
26798,3.144635,85393.484
26799,3.1434112,85396.625
26800,3.1403573,85399.766
26801,3.1371005,85402.91
26802,3.136013,85406.04
26803,3.1363971,85409.17
26804,3.137748,85412.31
26805,3.1381547,85415.45
26806,3.1392684,85418.59
26807,3.140425,85421.734
26808,3.1416104,85424.875
26809,3.1422174,85428.016
26810,3.1431994,85431.16
26811,3.142951,85434.3
26812,3.1421351,85437.44
26813,3.1400826,85440.58
26814,3.1361759,85443.71
26815,3.1328027,85446.84
26816,3.1306088,85449.98
26817,3.1299753,85453.11
26818,3.131037,85456.24
26819,3.1336377,85459.375
26820,3.1370294,85462.516
26821,3.1387966,85465.66
26822,3.1373415,85468.8
26823,3.1350992,85471.93
26824,3.1332788,85475.06
26825,3.133487,85478.195
26826,3.134673,85481.33
26827,3.1363695,85484.46
26828,3.1357925,85487.59
26829,3.135168,85490.73
26830,3.1348069,85493.86
26831,3.1344771,85496.99
26832,3.1331227,85500.125
26833,3.1305501,85503.26
26834,3.1278446,85506.38
26835,3.1262386,85509.51
26836,3.1270022,85512.63
26837,3.1294963,85515.766
26838,3.1314995,85518.9
26839,3.133422,85522.03
26840,3.1339543,85525.164
26841,3.1339102,85528.3
26842,3.133531,85531.43
26843,3.1343744,85534.56
26844,3.1364582,85537.695
26845,3.1382327,85540.836
26846,3.1398568,85543.98
26847,3.1401012,85547.12
26848,3.1371799,85550.26
26849,3.1339276,85553.39
26850,3.131881,85556.52
26851,3.1306632,85559.66
26852,3.1293054,85562.79
26853,3.1284804,85565.914
26854,3.1287637,85569.04
26855,3.1287942,85572.164
26856,3.1300697,85575.3
26857,3.1309564,85578.43
26858,3.1315885,85581.56
26859,3.1313236,85584.695
26860,3.1297956,85587.83
26861,3.127143,85590.95
26862,3.124221,85594.08
26863,3.120957,85597.195
26864,3.1184878,85600.31
26865,3.1174393,85603.43
26866,3.1175036,85606.55
26867,3.1183116,85609.664
26868,3.1195521,85612.78
26869,3.1210299,85615.9
26870,3.1215618,85619.02
26871,3.1218376,85622.15
26872,3.1216238,85625.27
26873,3.1211607,85628.4
26874,3.1211412,85631.52
26875,3.1216073,85634.65
26876,3.1237197,85637.77
26877,3.1256561,85640.9
26878,3.1283224,85644.02
26879,3.1298997,85647.16
26880,3.1282623,85650.28
26881,3.1257186,85653.41
26882,3.1235573,85656.53
26883,3.1231122,85659.66
26884,3.1229753,85662.78
26885,3.1230974,85665.91
26886,3.1229622,85669.03
26887,3.1222904,85672.16
26888,3.1226895,85675.28
26889,3.123358,85678.41
26890,3.124283,85681.53
26891,3.125068,85684.66
26892,3.1263592,85687.78
26893,3.1280725,85690.91
26894,3.1290867,85694.04
26895,3.1288388,85697.164
26896,3.1280887,85700.29
26897,3.1269166,85703.414
26898,3.1261113,85706.54
26899,3.1255333,85709.664
26900,3.1261535,85712.79
26901,3.1279187,85715.914
26902,3.130151,85719.05
26903,3.1317875,85722.18
26904,3.1329367,85725.31
26905,3.1337218,85728.445
26906,3.1337655,85731.58
26907,3.1325762,85734.71
26908,3.131155,85737.84
26909,3.1304955,85740.98
26910,3.1294696,85744.11
26911,3.1293569,85747.24
26912,3.1285508,85750.37
26913,3.1263275,85753.49
26914,3.1245906,85756.62
26915,3.124364,85759.74
26916,3.127486,85762.87
26917,3.129789,85766.0
26918,3.1311507,85769.13
26919,3.1320891,85772.266
26920,3.1322412,85775.4
26921,3.130929,85778.53
26922,3.1271608,85781.66
26923,3.1227465,85784.78
26924,3.1202774,85787.9
26925,3.1182632,85791.016
26926,3.117461,85794.13
26927,3.1178942,85797.25
26928,3.119334,85800.37
26929,3.1220312,85803.49
26930,3.124404,85806.62
26931,3.126208,85809.74
26932,3.127434,85812.87
26933,3.1291192,85816.0
26934,3.1297276,85819.13
26935,3.1292486,85822.266
26936,3.1285882,85825.39
26937,3.1291406,85828.52
26938,3.1293263,85831.66
26939,3.1289973,85834.79
26940,3.1290014,85837.92
26941,3.1296458,85841.055
26942,3.131397,85844.19
26943,3.1323493,85847.32
26944,3.1312077,85850.45
26945,3.1287713,85853.58
26946,3.1262145,85856.7
26947,3.1238873,85859.83
26948,3.1224258,85862.95
26949,3.122738,85866.08
26950,3.1244707,85869.2
26951,3.1265116,85872.33
26952,3.128741,85875.45
26953,3.1310592,85878.586
26954,3.1325753,85881.72
26955,3.1331367,85884.85
26956,3.1329882,85887.984
26957,3.1320965,85891.12
26958,3.1303267,85894.25
26959,3.128975,85897.38
26960,3.1283433,85900.51
26961,3.1275127,85903.63
26962,3.1262305,85906.76
26963,3.125697,85909.88
26964,3.1260042,85913.01
26965,3.1267703,85916.13
26966,3.1277947,85919.26
26967,3.1281548,85922.38
26968,3.1279557,85925.51
26969,3.1274002,85928.63
26970,3.1293225,85931.766
26971,3.1323354,85934.9
26972,3.1362255,85938.03
26973,3.1390615,85941.17
26974,3.1416311,85944.31
26975,3.143786,85947.45
26976,3.1456695,85950.6
26977,3.1472232,85953.75
26978,3.1471517,85956.9
26979,3.1463625,85960.05
26980,3.145414,85963.195
26981,3.145132,85966.34
26982,3.145348,85969.49
26983,3.1449094,85972.64
26984,3.1431346,85975.78
26985,3.1413095,85978.92
26986,3.1395352,85982.06
26987,3.1382284,85985.2
26988,3.1377947,85988.34
26989,3.138324,85991.484
26990,3.1391585,85994.625
26991,3.139168,85997.766
26992,3.1383574,86000.91
26993,3.1388295,86004.05
26994,3.1405008,86007.19
26995,3.1421182,86010.33
26996,3.1430633,86013.47
26997,3.1440332,86016.61
26998,3.1454544,86019.76
26999,3.1476243,86022.91
27000,3.1489553,86026.055
27001,3.1480932,86029.2
27002,3.1454122,86032.35
27003,3.1431134,86035.49
27004,3.1430027,86038.63
27005,3.1423538,86041.77
27006,3.1431549,86044.914
27007,3.1432755,86048.055
27008,3.1432617,86051.195
27009,3.1433413,86054.336
27010,3.1424258,86057.48
27011,3.1409276,86060.62
27012,3.1398363,86063.76
27013,3.1393192,86066.9
27014,3.139457,86070.04
27015,3.1400054,86073.18
27016,3.1405225,86076.32
27017,3.1409175,86079.46
27018,3.141,86082.6
27019,3.1416159,86085.74
27020,3.1413805,86088.88
27021,3.1411395,86092.02
27022,3.140125,86095.164
27023,3.140232,86098.305
27024,3.1421254,86101.445
27025,3.1442163,86104.586
27026,3.1453903,86107.734
27027,3.145921,86110.88
27028,3.1466684,86114.03
27029,3.1470425,86117.18
27030,3.1453812,86120.33
27031,3.1427624,86123.47
27032,3.1408188,86126.61
27033,3.1397972,86129.75
27034,3.1396348,86132.89
27035,3.140211,86136.03
27036,3.1405663,86139.17
27037,3.1409602,86142.31
27038,3.141216,86145.45
27039,3.142072,86148.59
27040,3.1420867,86151.734
27041,3.1428866,86154.875
27042,3.143785,86158.016
27043,3.1440554,86161.16
27044,3.143637,86164.3
27045,3.1437395,86167.44
27046,3.1445208,86170.58
27047,3.1451209,86173.73
27048,3.1459298,86176.875
27049,3.146776,86180.02
27050,3.145821,86183.17
27051,3.1437197,86186.31
27052,3.1416092,86189.45
27053,3.140487,86192.59
27054,3.1402042,86195.734
27055,3.1393416,86198.875
27056,3.1386144,86202.016
27057,3.138114,86205.16
27058,3.1384249,86208.3
27059,3.1391335,86211.44
27060,3.13946,86214.58
27061,3.1398022,86217.72
27062,3.1404257,86220.86
27063,3.1408846,86224.0
27064,3.141151,86227.14
27065,3.1411128,86230.28
27066,3.1410213,86233.42
27067,3.1409001,86236.56
27068,3.1406784,86239.7
27069,3.1403887,86242.84
27070,3.1406343,86245.984
27071,3.1410534,86249.125
27072,3.1409588,86252.266
27073,3.1395931,86255.41
27074,3.1384723,86258.55
27075,3.1384494,86261.69
27076,3.139822,86264.83
27077,3.140926,86267.97
27078,3.1407876,86271.11
27079,3.1400363,86274.25
27080,3.139471,86277.39
27081,3.13949,86280.53
27082,3.1389685,86283.67
27083,3.137956,86286.81
27084,3.1365807,86289.945
27085,3.135166,86293.08
27086,3.1356082,86296.21
27087,3.13608,86299.34
27088,3.136186,86302.48
27089,3.1363792,86305.61
27090,3.1367157,86308.74
27091,3.1373117,86311.88
27092,3.1362097,86315.016
27093,3.135187,86318.15
27094,3.1347747,86321.28
27095,3.1357203,86324.414
27096,3.1366637,86327.55
27097,3.1376789,86330.69
27098,3.1378753,86333.83
27099,3.1374867,86336.97
27100,3.1375127,86340.11
27101,3.1374972,86343.25
27102,3.1387765,86346.39
27103,3.1409845,86349.53
27104,3.1428552,86352.67
27105,3.1441739,86355.81
27106,3.1447778,86358.96
27107,3.144672,86362.11
27108,3.145583,86365.26
27109,3.146643,86368.41
27110,3.1469958,86371.555
27111,3.1467698,86374.7
27112,3.1456025,86377.85
27113,3.144973,86381.0
27114,3.1438198,86384.14
27115,3.142728,86387.28
27116,3.1425824,86390.42
27117,3.142844,86393.56
27118,3.1427643,86396.7
27119,3.1431472,86399.84
27120,3.1437435,86402.984
27121,3.1439276,86406.125
27122,3.145376,86409.27
27123,3.1469772,86412.42
27124,3.1484277,86415.57
27125,3.1490722,86418.72
27126,3.1495655,86421.87
27127,3.1498184,86425.016
27128,3.1491313,86428.164
27129,3.1481082,86431.31
27130,3.1477013,86434.46
27131,3.1473246,86437.61
27132,3.1461663,86440.76
27133,3.1446888,86443.91
27134,3.14432,86447.05
27135,3.1449533,86450.195
27136,3.1469667,86453.34
27137,3.1491153,86456.49
27138,3.1491802,86459.64
27139,3.1474717,86462.79
27140,3.144221,86465.93
27141,3.141303,86469.07
27142,3.1402113,86472.21
27143,3.1401339,86475.35
27144,3.1405141,86478.49
27145,3.1412246,86481.63
27146,3.1428173,86484.77
27147,3.1437976,86487.914
27148,3.1445105,86491.055
27149,3.1445758,86494.2
27150,3.144512,86497.34
27151,3.1446776,86500.49
27152,3.145599,86503.64
27153,3.1456585,86506.79
27154,3.1441774,86509.93
27155,3.1427443,86513.07
27156,3.1415133,86516.21
27157,3.1411495,86519.35
27158,3.1403906,86522.49
27159,3.140416,86525.63
27160,3.1411908,86528.77
27161,3.1421535,86531.914
27162,3.1424136,86535.055
27163,3.141026,86538.195
27164,3.1389515,86541.336
27165,3.1374993,86544.48
27166,3.1359844,86547.61
27167,3.1347215,86550.74
27168,3.1349065,86553.875
27169,3.1362927,86557.01
27170,3.137572,86560.15
27171,3.138256,86563.29
27172,3.139409,86566.43
27173,3.1406937,86569.57
27174,3.1417902,86572.71
27175,3.1428576,86575.85
27176,3.1434655,86578.99
27177,3.1437824,86582.13
27178,3.142676,86585.27
27179,3.1409118,86588.414
27180,3.1399443,86591.555
27181,3.1396163,86594.695
27182,3.1390507,86597.836
27183,3.137595,86600.98
27184,3.1359372,86604.11
27185,3.1354022,86607.24
27186,3.1368768,86610.38
27187,3.1381505,86613.52
27188,3.1383858,86616.664
27189,3.1370604,86619.805
27190,3.1363313,86622.94
27191,3.1368608,86626.08
27192,3.1389592,86629.22
27193,3.140545,86632.36
27194,3.141531,86635.5
27195,3.1408477,86638.64
27196,3.1403728,86641.78
27197,3.1404479,86644.92
27198,3.140599,86648.06
27199,3.1397893,86651.2
27200,3.1398087,86654.34
27201,3.1403737,86657.484
27202,3.139728,86660.625
27203,3.1381488,86663.766
27204,3.1383014,86666.91
27205,3.1393921,86670.05
27206,3.1403506,86673.19
27207,3.1405542,86676.33
27208,3.1400232,86679.47
27209,3.13977,86682.61
27210,3.138281,86685.75
27211,3.1364086,86688.88
27212,3.1346865,86692.016
27213,3.1328049,86695.15
27214,3.130631,86698.28
27215,3.12872,86701.41
27216,3.1294076,86704.54
27217,3.1304338,86707.67
27218,3.1312993,86710.805
27219,3.1315963,86713.94
27220,3.1321654,86717.07
27221,3.1339133,86720.2
27222,3.1346638,86723.336
27223,3.1340542,86726.47
27224,3.1331646,86729.6
27225,3.1332855,86732.734
27226,3.1323988,86735.87
27227,3.1303997,86739.0
27228,3.127955,86742.125
27229,3.125786,86745.25
27230,3.1249745,86748.375
27231,3.124321,86751.5
27232,3.1247463,86754.625
27233,3.1251504,86757.75
27234,3.1258383,86760.875
27235,3.1263347,86764.0
27236,3.1272328,86767.125
27237,3.1284127,86770.25
27238,3.127647,86773.375
27239,3.1267738,86776.5
27240,3.1269708,86779.625
27241,3.1281695,86782.75
27242,3.1305084,86785.88
27243,3.1324804,86789.016
27244,3.1327572,86792.15
27245,3.1310494,86795.28
27246,3.1283166,86798.41
27247,3.1257536,86801.53
27248,3.1242135,86804.66
27249,3.1239376,86807.78
27250,3.1228664,86810.91
27251,3.1223004,86814.03
27252,3.1240208,86817.16
27253,3.1258676,86820.28
27254,3.1271276,86823.41
27255,3.1282136,86826.53
27256,3.1278582,86829.66
27257,3.1273198,86832.78
27258,3.1268477,86835.91
27259,3.1263063,86839.03
27260,3.125996,86842.16
27261,3.125234,86845.28
27262,3.1225286,86848.41
27263,3.1192923,86851.52
27264,3.1181066,86854.64
27265,3.1192315,86857.76
27266,3.1212173,86860.88
27267,3.12221,86864.01
27268,3.123334,86867.13
27269,3.1253145,86870.26
27270,3.1276872,86873.38
27271,3.1291118,86876.516
27272,3.1310153,86879.65
27273,3.1333022,86882.78
27274,3.1345456,86885.914
27275,3.13427,86889.05
27276,3.1335154,86892.18
27277,3.1327007,86895.31
27278,3.1302886,86898.445
27279,3.127699,86901.57
27280,3.1248505,86904.695
27281,3.123294,86907.82
27282,3.1239083,86910.945
27283,3.12505,86914.07
27284,3.1269472,86917.195
27285,3.1284966,86920.32
27286,3.128938,86923.45
27287,3.1284118,86926.58
27288,3.1289008,86929.7
27289,3.1308796,86932.836
27290,3.1351528,86935.97
27291,3.1392686,86939.11
27292,3.1414797,86942.25
27293,3.143334,86945.39
27294,3.1433172,86948.53
27295,3.1426425,86951.67
27296,3.1419826,86954.81
27297,3.1411357,86957.95
27298,3.141241,86961.09
27299,3.142088,86964.234
27300,3.1429687,86967.375
27301,3.14244,86970.516
27302,3.140828,86973.66
27303,3.1398838,86976.8
27304,3.1405306,86979.94
27305,3.141555,86983.08
27306,3.142116,86986.22
27307,3.1432257,86989.36
27308,3.144135,86992.5
27309,3.1449792,86995.65
27310,3.1442828,86998.79
27311,3.142723,87001.93
27312,3.1413674,87005.07
27313,3.140474,87008.21
27314,3.1393235,87011.35
27315,3.1378493,87014.49
27316,3.137405,87017.63
27317,3.1381514,87020.77
27318,3.1382074,87023.914
27319,3.1388147,87027.055
27320,3.1397874,87030.195
27321,3.140612,87033.336
27322,3.1399672,87036.48
27323,3.1378343,87039.62
27324,3.1357036,87042.75
27325,3.1326525,87045.88
27326,3.1308498,87049.016
27327,3.1301708,87052.15
27328,3.1311953,87055.28
27329,3.1326184,87058.414
27330,3.1345532,87061.55
27331,3.1369197,87064.69
27332,3.1383178,87067.83
27333,3.1388738,87070.97
27334,3.1392715,87074.11
27335,3.141372,87077.25
27336,3.1445858,87080.4
27337,3.1477404,87083.55
27338,3.1491244,87086.695
27339,3.1494777,87089.84
27340,3.1492188,87092.99
27341,3.1501474,87096.14
27342,3.150658,87099.29
27343,3.150476,87102.44
27344,3.1496825,87105.586
27345,3.1491256,87108.734
27346,3.149535,87111.88
27347,3.1500447,87115.03
27348,3.1494374,87118.18
27349,3.1485317,87121.33
27350,3.1473503,87124.48
27351,3.1462526,87127.625
27352,3.1451223,87130.77
27353,3.1443307,87133.914
27354,3.143738,87137.055
27355,3.1442223,87140.195
27356,3.1458304,87143.34
27357,3.147199,87146.49
27358,3.1475208,87149.64
27359,3.1476367,87152.79
27360,3.1470208,87155.94
27361,3.1458502,87159.086
27362,3.144018,87162.23
27363,3.1424956,87165.37
27364,3.1421325,87168.51
27365,3.1421034,87171.65
27366,3.1430774,87174.79
27367,3.142723,87177.93
27368,3.1413224,87181.07
27369,3.1405482,87184.21
27370,3.140271,87187.35
27371,3.1397598,87190.49
27372,3.1394157,87193.63
27373,3.1380334,87196.77
27374,3.1352785,87199.91
27375,3.1329553,87203.04
27376,3.1324778,87206.17
27377,3.1337445,87209.305
27378,3.1340325,87212.44
27379,3.1334805,87215.57
27380,3.1317105,87218.7
27381,3.1293905,87221.836
27382,3.1286342,87224.96
27383,3.1283019,87228.086
27384,3.1288846,87231.21
27385,3.1298168,87234.34
27386,3.1293225,87237.48
27387,3.1282344,87240.6
27388,3.1265926,87243.73
27389,3.125337,87246.85
27390,3.126401,87249.98
27391,3.127285,87253.1
27392,3.128062,87256.23
27393,3.127759,87259.35
27394,3.127486,87262.48
27395,3.1270947,87265.6
27396,3.1284869,87268.73
27397,3.128873,87271.85
27398,3.127193,87274.98
27399,3.1251264,87278.1
27400,3.123204,87281.23
27401,3.1223736,87284.35
27402,3.1233535,87287.48
27403,3.1241362,87290.6
27404,3.1226373,87293.73
27405,3.12072,87296.84
27406,3.1207385,87299.96
27407,3.122085,87303.086
27408,3.1222818,87306.21
27409,3.1227179,87309.336
27410,3.121818,87312.46
27411,3.1208937,87315.58
27412,3.11953,87318.695
27413,3.1189525,87321.81
27414,3.119643,87324.93
27415,3.120661,87328.05
27416,3.120586,87331.164
27417,3.1196594,87334.28
27418,3.1202981,87337.4
27419,3.121349,87340.52
27420,3.1232083,87343.65
27421,3.1243005,87346.77
27422,3.1240964,87349.9
27423,3.1234407,87353.02
27424,3.1236062,87356.15
27425,3.1243265,87359.27
27426,3.1246264,87362.4
27427,3.125254,87365.52
27428,3.1280208,87368.65
27429,3.1317558,87371.78
27430,3.1343045,87374.914
27431,3.1340716,87378.05
27432,3.1325095,87381.18
27433,3.13045,87384.31
27434,3.1295047,87387.445
27435,3.1291003,87390.58
27436,3.1288455,87393.7
27437,3.1281388,87396.83
27438,3.128548,87399.95
27439,3.1290114,87403.086
27440,3.1291888,87406.22
27441,3.1284347,87409.34
27442,3.128649,87412.47
27443,3.1290221,87415.6
27444,3.1291797,87418.734
27445,3.1290178,87421.87
27446,3.1290765,87425.0
27447,3.1302414,87428.13
27448,3.1320322,87431.266
27449,3.1345723,87434.4
27450,3.1363802,87437.53
27451,3.1365478,87440.664
27452,3.1362936,87443.8
27453,3.1354485,87446.93
27454,3.13283,87450.06
27455,3.1306927,87453.195
27456,3.1297984,87456.33
27457,3.1290383,87459.46
27458,3.129626,87462.59
27459,3.1304474,87465.73
27460,3.1308131,87468.86
27461,3.1317093,87471.99
27462,3.132903,87475.125
27463,3.1338274,87478.26
27464,3.1345737,87481.39
27465,3.134852,87484.52
27466,3.134513,87487.66
27467,3.13436,87490.79
27468,3.1343277,87493.92
27469,3.1338928,87497.055
27470,3.1322823,87500.19
27471,3.1311538,87503.32
27472,3.1302598,87506.45
27473,3.1304703,87509.586
27474,3.1324975,87512.72
27475,3.1359491,87515.85
27476,3.1399987,87518.99
27477,3.1437774,87522.13
27478,3.1465087,87525.28
27479,3.1482003,87528.43
27480,3.1486092,87531.58
27481,3.1483676,87534.73
27482,3.1470416,87537.875
27483,3.1454408,87541.02
27484,3.1438053,87544.164
27485,3.1418197,87547.305
27486,3.1411455,87550.445
27487,3.1412456,87553.586
27488,3.1412125,87556.73
27489,3.1402779,87559.87
27490,3.1379747,87563.01
27491,3.1345367,87566.14
27492,3.1300607,87569.27
27493,3.1269896,87572.4
27494,3.1289566,87575.53
27495,3.1335106,87578.664
27496,3.138905,87581.805
27497,3.143323,87584.945
27498,3.1441894,87588.086
27499,3.1433377,87591.23
27500,3.1412392,87594.37
27501,3.1396663,87597.51
27502,3.1371877,87600.65
27503,3.1340878,87603.78
27504,3.132298,87606.914
27505,3.1319222,87610.05
27506,3.1325133,87613.18
27507,3.1322873,87616.31
27508,3.1299732,87619.445
27509,3.1272235,87622.57
27510,3.125119,87625.695
27511,3.1237195,87628.82
27512,3.124429,87631.945
27513,3.1263096,87635.07
27514,3.1292293,87638.2
27515,3.1316826,87641.336
27516,3.134374,87644.47
27517,3.1355515,87647.6
27518,3.1340196,87650.734
27519,3.132,87653.87
27520,3.1309497,87657.0
27521,3.1298037,87660.13
27522,3.1294885,87663.266
27523,3.1298227,87666.4
27524,3.130246,87669.53
27525,3.1301825,87672.664
27526,3.1302059,87675.8
27527,3.1306908,87678.93
27528,3.1321461,87682.06
27529,3.1332982,87685.195
27530,3.1345663,87688.33
27531,3.1353106,87691.46
27532,3.1353798,87694.59
27533,3.1350775,87697.73
27534,3.1355758,87700.86
27535,3.1371639,87704.0
27536,3.1389508,87707.14
27537,3.1405191,87710.28
27538,3.141734,87713.42
27539,3.142221,87716.56
27540,3.1428246,87719.7
27541,3.144075,87722.84
27542,3.1466959,87725.99
27543,3.149892,87729.14
27544,3.1524196,87732.3
27545,3.1537957,87735.45
27546,3.153289,87738.61
27547,3.151256,87741.76
27548,3.149456,87744.91
27549,3.148196,87748.055
27550,3.1468174,87751.2
27551,3.1457956,87754.35
27552,3.145559,87757.5
27553,3.145284,87760.65
27554,3.145906,87763.8
27555,3.146475,87766.945
27556,3.1470308,87770.09
27557,3.1484973,87773.24
27558,3.1506612,87776.39
27559,3.1521053,87779.54
27560,3.1519682,87782.69
27561,3.1510723,87785.836
27562,3.1499214,87788.984
27563,3.1490982,87792.13
27564,3.148202,87795.28
27565,3.1470525,87798.43
27566,3.1476443,87801.58
27567,3.1495519,87804.73
27568,3.1518183,87807.875
27569,3.1539574,87811.03
27570,3.1548376,87814.19
27571,3.1548727,87817.34
27572,3.1543834,87820.5
27573,3.154456,87823.66
27574,3.1559687,87826.81
27575,3.158003,87829.97
27576,3.158803,87833.125
27577,3.1594088,87836.28
27578,3.1593776,87839.44
27579,3.159979,87842.59
27580,3.1603167,87845.76
27581,3.1597643,87848.914
27582,3.1579676,87852.07
27583,3.1570306,87855.23
27584,3.1567705,87858.38
27585,3.1567807,87861.54
27586,3.1571012,87864.695
27587,3.1566837,87867.85
27588,3.1558156,87871.01
27589,3.1556277,87874.164
27590,3.1555226,87877.32
27591,3.1545553,87880.48
27592,3.1536522,87883.63
27593,3.1531785,87886.79
27594,3.153153,87889.945
27595,3.1531727,87893.1
27596,3.152353,87896.26
27597,3.151921,87899.41
27598,3.1521628,87902.555
27599,3.1523066,87905.7
27600,3.1517656,87908.85
27601,3.1512926,87912.0
27602,3.150178,87915.15
27603,3.1490662,87918.3
27604,3.1476302,87921.445
27605,3.1467774,87924.59
27606,3.1468954,87927.74
27607,3.147582,87930.89
27608,3.148385,87934.04
27609,3.1495814,87937.19
27610,3.148683,87940.336
27611,3.1457639,87943.484
27612,3.1411364,87946.625
27613,3.1363978,87949.76
27614,3.1339583,87952.89
27615,3.1333761,87956.02
27616,3.1335154,87959.16
27617,3.1328545,87962.29
27618,3.1331532,87965.42
27619,3.1328146,87968.555
27620,3.1322112,87971.69
27621,3.1316748,87974.82
27622,3.1320052,87977.95
27623,3.133619,87981.086
27624,3.1339908,87984.22
27625,3.133372,87987.35
27626,3.1324017,87990.484
27627,3.1318257,87993.62
27628,3.1316273,87996.75
27629,3.1310968,87999.88
27630,3.13129,88003.016
27631,3.1317198,88006.15
27632,3.1318572,88009.28
27633,3.1312346,88012.414
27634,3.1309242,88015.55
27635,3.13074,88018.68
27636,3.1294131,88021.81
27637,3.1269662,88024.94
27638,3.1247308,88028.06
27639,3.1240087,88031.19
27640,3.1246774,88034.31
27641,3.1246698,88037.44
27642,3.1250405,88040.56
27643,3.1251657,88043.69
27644,3.1261384,88046.81
27645,3.1270268,88049.94
27646,3.1274736,88053.06
27647,3.1276019,88056.19
27648,3.1281402,88059.31
27649,3.1288044,88062.44
27650,3.1287365,88065.56
27651,3.1278927,88068.69
27652,3.1273422,88071.81
27653,3.1273787,88074.94
27654,3.1279826,88078.06
27655,3.128825,88081.19
27656,3.1294005,88084.32
27657,3.1306162,88087.45
27658,3.1312566,88090.586
27659,3.1302915,88093.72
27660,3.1272752,88096.84
27661,3.1239855,88099.97
27662,3.1229258,88103.09
27663,3.121648,88106.22
27664,3.1193182,88109.336
27665,3.1172397,88112.45
27666,3.1170623,88115.57
27667,3.1186457,88118.69
27668,3.1222863,88121.81
27669,3.1255023,88124.94
27670,3.1274438,88128.06
27671,3.1292837,88131.195
27672,3.130247,88134.33
27673,3.1306841,88137.46
27674,3.1300898,88140.59
27675,3.1298697,88143.73
27676,3.129851,88146.86
27677,3.1288872,88149.984
27678,3.1281338,88153.11
27679,3.1280127,88156.234
27680,3.128368,88159.36
27681,3.128084,88162.484
27682,3.1274776,88165.61
27683,3.1273263,88168.734
27684,3.1257586,88171.86
27685,3.1224005,88174.984
27686,3.1178057,88178.1
27687,3.114915,88181.22
27688,3.1143265,88184.336
27689,3.1144633,88187.45
27690,3.1134453,88190.57
27691,3.1133008,88193.69
27692,3.1141686,88196.805
27693,3.1154592,88199.92
27694,3.115867,88203.04
27695,3.1169019,88206.16
27696,3.1180542,88209.27
27697,3.1198223,88212.39
27698,3.1217315,88215.516
27699,3.122521,88218.64
27700,3.1232414,88221.766
27701,3.1244545,88224.89
27702,3.1266975,88228.016
27703,3.1283977,88231.14
27704,3.1285748,88234.266
27705,3.1287968,88237.39
27706,3.129468,88240.52
27707,3.1299126,88243.66
27708,3.1294844,88246.79
27709,3.1269035,88249.914
27710,3.1244566,88253.04
27711,3.1223576,88256.164
27712,3.1215932,88259.29
27713,3.1216488,88262.414
27714,3.1214895,88265.54
27715,3.1209643,88268.66
27716,3.1212938,88271.78
27717,3.1220505,88274.91
27718,3.1234584,88278.03
27719,3.1241944,88281.16
27720,3.124703,88284.28
27721,3.124501,88287.41
27722,3.124088,88290.53
27723,3.124291,88293.66
27724,3.1249318,88296.78
27725,3.126412,88299.91
27726,3.129285,88303.04
27727,3.131842,88306.17
27728,3.1319766,88309.305
27729,3.1309276,88312.44
27730,3.1303365,88315.57
27731,3.1312168,88318.7
27732,3.1326866,88321.836
27733,3.1333323,88324.97
27734,3.132585,88328.1
27735,3.1305578,88331.234
27736,3.1278198,88334.36
27737,3.1249132,88337.484
27738,3.122188,88340.61
27739,3.1198633,88343.73
27740,3.1188736,88346.84
27741,3.1197555,88349.96
27742,3.121327,88353.086
27743,3.1232696,88356.21
27744,3.1232588,88359.336
27745,3.1225793,88362.46
27746,3.1219397,88365.586
27747,3.1209338,88368.7
27748,3.1211646,88371.83
27749,3.1221356,88374.95
27750,3.126357,88378.08
27751,3.131144,88381.21
27752,3.1351492,88384.34
27753,3.1377046,88387.484
27754,3.1396105,88390.625
27755,3.141196,88393.766
27756,3.1408103,88396.91
27757,3.1402175,88400.05
27758,3.1404135,88403.19
27759,3.1414287,88406.33
27760,3.143492,88409.47
27761,3.1448238,88412.62
27762,3.1443286,88415.76
27763,3.1430278,88418.9
27764,3.1425543,88422.04
27765,3.1432047,88425.18
27766,3.1440363,88428.32
27767,3.144078,88431.46
27768,3.1428447,88434.6
27769,3.1415563,88437.74
27770,3.1401546,88440.88
27771,3.1386452,88444.02
27772,3.1378648,88447.164
27773,3.138196,88450.305
27774,3.139654,88453.445
27775,3.1405983,88456.586
27776,3.140056,88459.73
27777,3.1392832,88462.87
27778,3.139279,88466.01
27779,3.1400952,88469.15
27780,3.141506,88472.29
27781,3.1427572,88475.43
27782,3.14337,88478.57
27783,3.1422873,88481.71
27784,3.1402707,88484.85
27785,3.1371858,88487.99
27786,3.1346273,88491.125
27787,3.1327376,88494.26
27788,3.129929,88497.39
27789,3.127364,88500.516
27790,3.1264331,88503.64
27791,3.126766,88506.766
27792,3.1275702,88509.89
27793,3.1289873,88513.02
27794,3.1310515,88516.16
27795,3.1327884,88519.29
27796,3.1337478,88522.42
27797,3.1349068,88525.555
27798,3.1365902,88528.69
27799,3.1387343,88531.83
27800,3.1410184,88534.97
27801,3.1431534,88538.11
27802,3.1457803,88541.26
27803,3.14718,88544.41
27804,3.1471941,88547.555
27805,3.147471,88550.7
27806,3.1474564,88553.85
27807,3.1463063,88557.0
27808,3.1440332,88560.14
27809,3.14077,88563.28
27810,3.138188,88566.42
27811,3.136582,88569.555
27812,3.135313,88572.69
27813,3.135693,88575.82
27814,3.1360004,88578.95
27815,3.135625,88582.086
27816,3.134256,88585.22
27817,3.1328213,88588.35
27818,3.133096,88591.484
27819,3.1345656,88594.62
27820,3.1358733,88597.75
27821,3.1355846,88600.88
27822,3.132367,88604.016
27823,3.1277654,88607.14
27824,3.1250033,88610.266
27825,3.1249251,88613.39
27826,3.1276,88616.516
27827,3.1308632,88619.65
27828,3.1325977,88622.78
27829,3.1335866,88625.914
27830,3.1337729,88629.05
27831,3.1341002,88632.18
27832,3.1346092,88635.31
27833,3.1335094,88638.445
27834,3.1311517,88641.58
27835,3.1289372,88644.71
27836,3.12576,88647.836
27837,3.123338,88650.96
27838,3.1238828,88654.086
27839,3.1258688,88657.21
27840,3.129849,88660.34
27841,3.134331,88663.48
27842,3.1391826,88666.62
27843,3.1429064,88669.76
27844,3.1438158,88672.9
27845,3.144066,88676.04
27846,3.14468,88679.19
27847,3.145624,88682.336
27848,3.1452668,88685.484
27849,3.143742,88688.625
27850,3.1413524,88691.766
27851,3.139371,88694.91
27852,3.1379898,88698.05
27853,3.137015,88701.19
27854,3.1365914,88704.32
27855,3.137272,88707.46
27856,3.1382031,88710.6
27857,3.137502,88713.74
27858,3.1358714,88716.875
27859,3.1341476,88720.01
27860,3.1341329,88723.14
27861,3.133544,88726.27
27862,3.1336792,88729.41
27863,3.133749,88732.54
27864,3.1348784,88735.67
27865,3.13723,88738.81
27866,3.1390674,88741.95
27867,3.1401494,88745.09
27868,3.1399257,88748.234
27869,3.1390605,88751.375
27870,3.1381252,88754.516
27871,3.1367395,88757.66
27872,3.1358178,88760.79
27873,3.134644,88763.92
27874,3.1334677,88767.055
27875,3.1313236,88770.19
27876,3.1298904,88773.32
27877,3.1295288,88776.45
27878,3.129812,88779.586
27879,3.1306114,88782.72
27880,3.13174,88785.85
27881,3.1331906,88788.984
27882,3.13415,88792.12
27883,3.1341755,88795.25
27884,3.134173,88798.38
27885,3.1334035,88801.516
27886,3.132585,88804.65
27887,3.1327636,88807.78
27888,3.132758,88810.914
27889,3.1342201,88814.05
27890,3.1364691,88817.18
27891,3.1394544,88820.32
27892,3.1410472,88823.46
27893,3.1415896,88826.6
27894,3.1417403,88829.74
27895,3.142332,88832.88
27896,3.1424782,88836.02
27897,3.1427462,88839.164
27898,3.1436784,88842.305
27899,3.1443033,88845.445
27900,3.1439943,88848.586
27901,3.142698,88851.73
27902,3.1420202,88854.87
27903,3.1411572,88858.01
27904,3.1399608,88861.15
27905,3.1375332,88864.29
27906,3.135541,88867.42
27907,3.1329608,88870.555
27908,3.1327927,88873.69
27909,3.1351693,88876.82
27910,3.1383517,88879.96
27911,3.1410265,88883.1
27912,3.1428173,88886.24
27913,3.144626,88889.39
27914,3.1452947,88892.54
27915,3.1447463,88895.69
27916,3.1421425,88898.83
27917,3.1394022,88901.97
27918,3.1370854,88905.11
27919,3.1348062,88908.24
27920,3.133147,88911.375
27921,3.132171,88914.51
27922,3.132934,88917.64
27923,3.1343088,88920.77
27924,3.1362886,88923.91
27925,3.1380208,88927.05
27926,3.137706,88930.19
27927,3.1370146,88933.33
27928,3.1355102,88936.46
27929,3.1346228,88939.59
27930,3.133908,88942.73
27931,3.1337607,88945.86
27932,3.1341248,88948.99
27933,3.1354187,88952.125
27934,3.1367714,88955.266
27935,3.137738,88958.41
27936,3.137914,88961.55
27937,3.1374538,88964.69
27938,3.138055,88967.83
27939,3.139467,88970.97
27940,3.1404095,88974.11
27941,3.1414382,88977.25
27942,3.1418262,88980.39
27943,3.1420717,88983.53
27944,3.1421444,88986.67
27945,3.143102,88989.81
27946,3.1443295,88992.95
27947,3.1444812,88996.09
27948,3.1444886,88999.234
27949,3.1444256,89002.375
27950,3.1435008,89005.516
27951,3.1417654,89008.66
27952,3.1399634,89011.8
27953,3.1383586,89014.94
27954,3.1374927,89018.08
27955,3.1362808,89021.21
27956,3.1358445,89024.34
27957,3.1358645,89027.48
27958,3.1370003,89030.62
27959,3.138294,89033.76
27960,3.1400294,89036.9
27961,3.1409554,89040.04
27962,3.1400807,89043.18
27963,3.1387286,89046.32
27964,3.1375322,89049.46
27965,3.136963,89052.6
27966,3.1375988,89055.74
27967,3.1391864,89058.88
27968,3.1401944,89062.02
27969,3.141435,89065.164
27970,3.143781,89068.305
27971,3.1461751,89071.45
27972,3.147652,89074.6
27973,3.148489,89077.75
27974,3.148254,89080.9
27975,3.1481361,89084.05
27976,3.1482413,89087.195
27977,3.1482303,89090.34
27978,3.148051,89093.49
27979,3.148152,89096.64
27980,3.1479952,89099.79
27981,3.147443,89102.94
27982,3.1467564,89106.086
27983,3.1453981,89109.234
27984,3.1449144,89112.38
27985,3.1455343,89115.53
27986,3.14617,89118.68
27987,3.146848,89121.83
27988,3.1463778,89124.98
27989,3.1455998,89128.125
27990,3.1440141,89131.266
27991,3.1421921,89134.41
27992,3.1402638,89137.55
27993,3.137919,89140.69
27994,3.1361272,89143.82
27995,3.1358097,89146.95
27996,3.1354282,89150.086
27997,3.1346273,89153.22
27998,3.1333575,89156.35
27999,3.1314647,89159.484
28000,3.1304586,89162.62
28001,3.1299279,89165.75
28002,3.1304207,89168.88
28003,3.130619,89172.016
28004,3.1301885,89175.15
28005,3.129047,89178.28
28006,3.127361,89181.41
28007,3.1268704,89184.53
28008,3.1267474,89187.66
28009,3.1268141,89190.78
28010,3.1256313,89193.91
28011,3.1251848,89197.03
28012,3.1268158,89200.16
28013,3.1292908,89203.29
28014,3.1322277,89206.42
28015,3.1348517,89209.555
28016,3.1367452,89212.695
28017,3.1378534,89215.836
28018,3.1383982,89218.98
28019,3.1385238,89222.12
28020,3.1378984,89225.26
28021,3.1368484,89228.4
28022,3.1354353,89231.53
28023,3.1348114,89234.664
28024,3.134758,89237.8
28025,3.1344948,89240.93
28026,3.1339962,89244.06
28027,3.1326413,89247.195
28028,3.131408,89250.33
28029,3.1305785,89253.46
28030,3.1304877,89256.59
28031,3.130862,89259.73
28032,3.1312542,89262.86
28033,3.1316857,89265.99
28034,3.133109,89269.125
28035,3.135032,89272.26
28036,3.1356556,89275.39
28037,3.1361072,89278.52
28038,3.1364598,89281.66
28039,3.136968,89284.8
28040,3.13757,89287.94
28041,3.1373618,89291.08
28042,3.1354947,89294.21
28043,3.132574,89297.34
28044,3.1294606,89300.48
28045,3.126997,89303.6
28046,3.1279328,89306.73
28047,3.1302638,89309.86
28048,3.1332805,89312.99
28049,3.1355035,89316.125
28050,3.1362267,89319.26
28051,3.135714,89322.39
28052,3.1346178,89325.52
28053,3.1335666,89328.66
28054,3.1323655,89331.79
28055,3.1313925,89334.92
28056,3.130778,89338.055
28057,3.1294224,89341.19
28058,3.1283865,89344.31
28059,3.1277232,89347.44
28060,3.1269045,89350.56
28061,3.1276422,89353.69
28062,3.1289327,89356.82
28063,3.1307383,89359.95
28064,3.1297402,89363.086
28065,3.1280675,89366.21
28066,3.1265483,89369.336
28067,3.1258698,89372.46
28068,3.1268666,89375.586
28069,3.1279328,89378.71
28070,3.129863,89381.84
28071,3.131491,89384.98
28072,3.132488,89388.11
28073,3.133631,89391.24
28074,3.1357632,89394.375
28075,3.1365972,89397.51
28076,3.1361918,89400.64
28077,3.1359046,89403.77
28078,3.1371744,89406.914
28079,3.1396534,89410.055
28080,3.1418984,89413.195
28081,3.1438823,89416.336
28082,3.1450992,89419.484
28083,3.146158,89422.63
28084,3.145627,89425.78
28085,3.144766,89428.93
28086,3.1435072,89432.07
28087,3.143243,89435.21
28088,3.1440566,89438.35
28089,3.1451645,89441.5
28090,3.1463597,89444.65
28091,3.1466265,89447.8
28092,3.1468103,89450.945
28093,3.1475728,89454.09
28094,3.147522,89457.24
28095,3.1480932,89460.39
28096,3.1487362,89463.54
28097,3.1497655,89466.69
28098,3.1502964,89469.836
28099,3.1506886,89472.984
28100,3.1506402,89476.13
28101,3.1507218,89479.28
28102,3.1513252,89482.43
28103,3.1512008,89485.58
28104,3.150032,89488.73
28105,3.1484096,89491.875
28106,3.1478066,89495.02
28107,3.146961,89498.17
28108,3.1462831,89501.32
28109,3.1454525,89504.47
28110,3.1449785,89507.62
28111,3.1445317,89510.766
28112,3.1448987,89513.914
28113,3.145402,89517.06
28114,3.1450875,89520.21
28115,3.145176,89523.36
28116,3.1462893,89526.51
28117,3.1471364,89529.66
28118,3.1465838,89532.805
28119,3.145874,89535.95
28120,3.146194,89539.1
28121,3.1471462,89542.25
28122,3.1491125,89545.4
28123,3.151382,89548.55
28124,3.1532016,89551.7
28125,3.1552396,89554.86
28126,3.1562405,89558.016
28127,3.155245,89561.17
28128,3.1517928,89564.32
28129,3.1483147,89567.47
28130,3.1458058,89570.62
28131,3.145406,89573.766
28132,3.1453812,89576.914
28133,3.144486,89580.055
28134,3.1414537,89583.195
28135,3.137384,89586.336
28136,3.1362898,89589.47
28137,3.1369133,89592.61
28138,3.138259,89595.75
28139,3.1385617,89598.89
28140,3.139205,89602.03
28141,3.1394348,89605.17
28142,3.1392028,89608.31
28143,3.1386168,89611.45
28144,3.1376817,89614.59
28145,3.1366103,89617.73
28146,3.1350653,89620.86
28147,3.1324728,89623.99
28148,3.1295888,89627.125
28149,3.1272037,89630.25
28150,3.1263728,89633.375
28151,3.1261208,89636.5
28152,3.1249661,89639.625
28153,3.1246178,89642.75
28154,3.12484,89645.875
28155,3.1250827,89649.0
28156,3.1242664,89652.125
28157,3.1215231,89655.25
28158,3.1184936,89658.37
28159,3.1159952,89661.484
28160,3.1157446,89664.6
28161,3.1166916,89667.72
28162,3.1204746,89670.836
28163,3.1241293,89673.96
28164,3.1267104,89677.086
28165,3.128417,89680.21
28166,3.129288,89683.34
28167,3.1285083,89686.47
28168,3.1258621,89689.59
28169,3.1242645,89692.72
28170,3.1244066,89695.84
28171,3.1249428,89698.97
28172,3.126686,89702.09
28173,3.1290994,89705.23
28174,3.1307998,89708.36
28175,3.1310875,89711.49
28176,3.1292226,89714.625
28177,3.1262896,89717.75
28178,3.1240125,89720.875
28179,3.123204,89724.0
28180,3.1254497,89727.125
28181,3.1276586,89730.25
28182,3.12883,89733.375
28183,3.1285298,89736.5
28184,3.12844,89739.625
28185,3.1287699,89742.75
28186,3.1291924,89745.88
28187,3.1288195,89749.01
28188,3.1275094,89752.13
28189,3.1267166,89755.26
28190,3.1255667,89758.38
28191,3.1244082,89761.51
28192,3.1207771,89764.625
28193,3.1163707,89767.74
28194,3.1134503,89770.86
28195,3.1108086,89773.97
28196,3.107174,89777.08
28197,3.1027615,89780.18
28198,3.101907,89783.28
28199,3.103921,89786.38
28200,3.1082408,89789.49
28201,3.112414,89792.6
28202,3.115079,89795.72
28203,3.116422,89798.836
28204,3.1163583,89801.95
28205,3.11594,89805.07
28206,3.115671,89808.19
28207,3.115835,89811.305
28208,3.1159651,89814.42
28209,3.115916,89817.54
28210,3.116514,89820.66
28211,3.1173868,89823.77
28212,3.117855,89826.89
28213,3.1185567,89830.01
28214,3.1186895,89833.125
28215,3.1186254,89836.24
28216,3.1171062,89839.36
28217,3.1154058,89842.48
28218,3.1167226,89845.59
28219,3.1208463,89848.71
28220,3.1245973,89851.836
28221,3.1277127,89854.96
28222,3.1297672,89858.09
28223,3.1316235,89861.23
28224,3.1316762,89864.36
28225,3.1318855,89867.49
28226,3.1317198,89870.625
28227,3.1315691,89873.76
28228,3.132913,89876.89
28229,3.134802,89880.02
28230,3.1358647,89883.16
28231,3.1375139,89886.3
28232,3.1390347,89889.44
28233,3.139401,89892.58
28234,3.138953,89895.72
28235,3.1387756,89898.86
28236,3.1385424,89902.0
28237,3.1371932,89905.14
28238,3.1359527,89908.27
28239,3.134215,89911.41
28240,3.132088,89914.54
28241,3.1279519,89917.664
28242,3.1237755,89920.79
28243,3.1216393,89923.914
28244,3.1217923,89927.04
28245,3.12273,89930.164
28246,3.1226468,89933.29
28247,3.1223614,89936.414
28248,3.1225107,89939.54
28249,3.1244824,89942.664
28250,3.12724,89945.79
28251,3.129158,89948.92
28252,3.1272163,89952.05
28253,3.1244824,89955.17
28254,3.1233144,89958.3
28255,3.1236691,89961.42
28256,3.1250055,89964.55
28257,3.1257086,89967.67
28258,3.1259263,89970.8
28259,3.1258507,89973.92
28260,3.1265447,89977.05
28261,3.127015,89980.17
28262,3.1281304,89983.3
28263,3.1299615,89986.43
28264,3.1324213,89989.56
28265,3.1348572,89992.695
28266,3.1364915,89995.83
28267,3.1379657,89998.97
28268,3.1400323,90002.11
28269,3.1422806,90005.25
28270,3.1438186,90008.39
28271,3.1436548,90011.53
28272,3.1427023,90014.67
28273,3.1416008,90017.81
28274,3.140958,90020.95
28275,3.140765,90024.09
28276,3.1416042,90027.234
28277,3.141716,90030.375
28278,3.141454,90033.516
28279,3.1414838,90036.66
28280,3.1415884,90039.8
28281,3.1411645,90042.94
28282,3.139153,90046.08
28283,3.1358535,90049.21
28284,3.1312952,90052.34
28285,3.1274328,90055.47
28286,3.1231732,90058.59
28287,3.1210425,90061.71
28288,3.1216257,90064.836
28289,3.1233969,90067.96
28290,3.1255944,90071.086
28291,3.1267824,90074.21
28292,3.1278436,90077.336
28293,3.1292784,90080.47
28294,3.1299877,90083.6
28295,3.1305416,90086.734
28296,3.130127,90089.87
28297,3.1300182,90093.0
28298,3.13018,90096.13
28299,3.1296618,90099.266
28300,3.128366,90102.39
28301,3.1271548,90105.516
28302,3.1265395,90108.64
28303,3.1269631,90111.766
28304,3.1278546,90114.89
28305,3.1299455,90118.02
28306,3.1313019,90121.16
28307,3.132291,90124.29
28308,3.1318579,90127.42
28309,3.1313603,90130.555
28310,3.129784,90133.69
28311,3.1284814,90136.81
28312,3.1277938,90139.94
28313,3.1260467,90143.06
28314,3.1233513,90146.19
28315,3.1203508,90149.305
28316,3.1192381,90152.42
28317,3.1195428,90155.54
28318,3.1205285,90158.66
28319,3.1221755,90161.78
28320,3.1240132,90164.91
28321,3.1249733,90168.03
28322,3.126111,90171.16
28323,3.1272314,90174.28
28324,3.1272044,90177.41
28325,3.1272404,90180.53
28326,3.1276457,90183.66
28327,3.1270998,90186.78
28328,3.125192,90189.91
28329,3.1230981,90193.03
28330,3.1214342,90196.16
28331,3.1200604,90199.27
28332,3.120006,90202.39
28333,3.1197684,90205.51
28334,3.1207113,90208.625
28335,3.1233108,90211.75
28336,3.126332,90214.875
28337,3.129011,90218.01
28338,3.1298802,90221.14
28339,3.1300683,90224.27
28340,3.1303473,90227.41
28341,3.1299393,90230.54
28342,3.1284337,90233.664
28343,3.1262639,90236.79
28344,3.124467,90239.914
28345,3.1234505,90243.04
28346,3.123381,90246.164
28347,3.1236603,90249.29
28348,3.124496,90252.414
28349,3.124756,90255.54
28350,3.126506,90258.664
28351,3.1287851,90261.79
28352,3.130584,90264.92
28353,3.1309743,90268.055
28354,3.1311548,90271.19
28355,3.1309407,90274.32
28356,3.130897,90277.45
28357,3.1313477,90280.586
28358,3.1314025,90283.72
28359,3.1309526,90286.85
28360,3.129837,90289.984
28361,3.128195,90293.11
28362,3.1253214,90296.234
28363,3.122402,90299.36
28364,3.122246,90302.484
28365,3.123843,90305.61
28366,3.1259456,90308.734
28367,3.1272988,90311.86
28368,3.1285825,90314.984
28369,3.1301458,90318.12
28370,3.1305218,90321.25
28371,3.1302798,90324.38
28372,3.1300595,90327.516
28373,3.130339,90330.65
28374,3.1302001,90333.78
28375,3.1299214,90336.914
28376,3.1300266,90340.05
28377,3.1301436,90343.18
28378,3.1309814,90346.31
28379,3.1316447,90349.445
28380,3.132525,90352.58
28381,3.1327171,90355.71
28382,3.132958,90358.84
28383,3.1330779,90361.98
28384,3.1315627,90365.11
28385,3.1295505,90368.24
28386,3.1278222,90371.37
28387,3.125908,90374.49
28388,3.1237435,90377.62
28389,3.1212456,90380.74
28390,3.1203048,90383.86
28391,3.1209068,90386.98
28392,3.123516,90390.1
28393,3.125988,90393.23
28394,3.1283987,90396.35
28395,3.130524,90399.484
28396,3.1320305,90402.62
28397,3.1335855,90405.75
28398,3.136381,90408.88
28399,3.1401753,90412.02
28400,3.1431868,90415.164
28401,3.1445067,90418.305
28402,3.1447,90421.45
28403,3.1459868,90424.6
28404,3.1471498,90427.75
28405,3.1490326,90430.9
28406,3.1502504,90434.05
28407,3.1514819,90437.195
28408,3.152124,90440.34
28409,3.1528246,90443.5
28410,3.153241,90446.66
28411,3.1534152,90449.81
28412,3.1525106,90452.97
28413,3.1505175,90456.12
28414,3.1493623,90459.266
28415,3.1487029,90462.414
28416,3.1475682,90465.56
28417,3.1479743,90468.71
28418,3.1497583,90471.86
28419,3.1517742,90475.01
28420,3.1530657,90478.164
28421,3.1536977,90481.32
28422,3.1532204,90484.48
28423,3.1527114,90487.63
28424,3.15236,90490.79
28425,3.151932,90493.94
28426,3.1497917,90497.086
28427,3.146842,90500.234
28428,3.1444628,90503.375
28429,3.1422544,90506.516
28430,3.1408799,90509.66
28431,3.1403139,90512.8
28432,3.1401055,90515.94
28433,3.1392424,90519.08
28434,3.137772,90522.22
28435,3.1360266,90525.35
28436,3.1329641,90528.484
28437,3.1298342,90531.62
28438,3.1292222,90534.75
28439,3.1301014,90537.88
28440,3.1303322,90541.016
28441,3.129859,90544.15
28442,3.129487,90547.28
28443,3.1297042,90550.414
28444,3.1299813,90553.55
28445,3.1299002,90556.68
28446,3.1293068,90559.81
28447,3.1291814,90562.945
28448,3.1290305,90566.08
28449,3.1283596,90569.2
28450,3.127792,90572.33
28451,3.1280816,90575.45
28452,3.1287339,90578.58
28453,3.1298816,90581.71
28454,3.1321275,90584.84
28455,3.1343865,90587.98
28456,3.135504,90591.11
28457,3.1363165,90594.24
28458,3.1364396,90597.375
28459,3.1361024,90600.51
28460,3.1354198,90603.64
28461,3.1354504,90606.77
28462,3.136574,90609.91
28463,3.1368966,90613.05
28464,3.1374066,90616.19
28465,3.1369154,90619.33
28466,3.1376464,90622.47
28467,3.139061,90625.61
28468,3.140393,90628.75
28469,3.1419463,90631.89
28470,3.1437783,90635.03
28471,3.1455722,90638.18
28472,3.146407,90641.33
28473,3.1458728,90644.48
28474,3.1439672,90647.62
28475,3.142504,90650.76
28476,3.142074,90653.9
28477,3.1419237,90657.04
28478,3.1415699,90660.18
28479,3.1407619,90663.32
28480,3.1393013,90666.46
28481,3.1369433,90669.6
28482,3.1343396,90672.734
28483,3.1316996,90675.87
28484,3.1292028,90679.0
28485,3.125691,90682.125
28486,3.1230328,90685.25
28487,3.1199002,90688.37
28488,3.1178486,90691.484
28489,3.1164262,90694.6
28490,3.114573,90697.72
28491,3.113251,90700.83
28492,3.1123486,90703.94
28493,3.1121984,90707.05
28494,3.1122649,90710.16
28495,3.1114485,90713.266
28496,3.1112487,90716.375
28497,3.1125,90719.484
28498,3.114226,90722.6
28499,3.1152446,90725.72
28500,3.116526,90728.836
28501,3.1182265,90731.95
28502,3.11953,90735.07
28503,3.1205447,90738.19
28504,3.1206796,90741.305
28505,3.1208928,90744.42
28506,3.120551,90747.54
28507,3.1208162,90750.66
28508,3.1224759,90753.78
28509,3.1258223,90756.91
28510,3.1281564,90760.03
28511,3.129123,90763.164
28512,3.1281216,90766.29
28513,3.1265717,90769.414
28514,3.1255627,90772.54
28515,3.1252806,90775.664
28516,3.1254218,90778.79
28517,3.1261544,90781.914
28518,3.1285727,90785.04
28519,3.1317728,90788.17
28520,3.1344986,90791.305
28521,3.1356237,90794.44
28522,3.1358175,90797.57
28523,3.1347563,90800.7
28524,3.1340396,90803.836
28525,3.1338992,90806.97
28526,3.13364,90810.1
28527,3.133475,90813.234
28528,3.1317856,90816.37
28529,3.1293995,90819.5
28530,3.1272023,90822.625
28531,3.1253235,90825.75
28532,3.124849,90828.875
28533,3.1253784,90832.0
28534,3.1265712,90835.125
28535,3.1274319,90838.25
28536,3.1280065,90841.375
28537,3.1280491,90844.5
28538,3.127909,90847.625
28539,3.1280527,90850.75
28540,3.1278627,90853.875
28541,3.127954,90857.0
28542,3.129285,90860.13
28543,3.1311738,90863.266
28544,3.1325138,90866.4
28545,3.133897,90869.53
28546,3.1359437,90872.664
28547,3.1381884,90875.805
28548,3.1402898,90878.945
28549,3.1420085,90882.086
28550,3.1435473,90885.23
28551,3.14396,90888.37
28552,3.1431613,90891.51
28553,3.1425836,90894.65
28554,3.1410975,90897.79
28555,3.1385875,90900.93
28556,3.1361215,90904.06
28557,3.1339116,90907.195
28558,3.1342297,90910.33
28559,3.1349065,90913.46
28560,3.135273,90916.59
28561,3.1353514,90919.73
28562,3.1347852,90922.86
28563,3.1346986,90925.99
28564,3.135964,90929.125
28565,3.138215,90932.266
28566,3.139678,90935.41
28567,3.1405787,90938.55
28568,3.1404054,90941.69
28569,3.14014,90944.83
28570,3.140033,90947.97
28571,3.1399865,90951.11
28572,3.140093,90954.25
28573,3.139747,90957.39
28574,3.1404717,90960.53
28575,3.1411078,90963.67
28576,3.1407568,90966.81
28577,3.1402516,90969.95
28578,3.140452,90973.09
28579,3.1408434,90976.234
28580,3.1409957,90979.375
28581,3.1417155,90982.516
28582,3.1423361,90985.66
28583,3.1419754,90988.8
28584,3.1401358,90991.94
28585,3.1391444,90995.08
28586,3.1409154,90998.22
28587,3.1445403,91001.37
28588,3.1473944,91004.516
28589,3.147967,91007.664
28590,3.147919,91010.81
28591,3.1481624,91013.96
28592,3.1484246,91017.11
28593,3.1483226,91020.26
28594,3.1479547,91023.41
28595,3.1457362,91026.555
28596,3.1418152,91029.695
28597,3.1372702,91032.836
28598,3.134098,91035.97
28599,3.1334393,91039.1
28600,3.1344268,91042.234
28601,3.135766,91045.37
28602,3.137846,91048.51
28603,3.1405275,91051.65
28604,3.1428485,91054.79
28605,3.1437557,91057.93
28606,3.143824,91061.07
28607,3.1430807,91064.21
28608,3.1416,91067.35
28609,3.1405602,91070.49
28610,3.1409721,91073.63
28611,3.1426,91076.77
28612,3.144347,91079.914
28613,3.146194,91083.06
28614,3.1468523,91086.21
28615,3.1463537,91089.36
28616,3.1454,91092.51
28617,3.144893,91095.66
28618,3.1455877,91098.805
28619,3.1468709,91101.95
28620,3.1480691,91105.1
28621,3.1503122,91108.25
28622,3.152301,91111.4
28623,3.1539273,91114.555
28624,3.154426,91117.71
28625,3.1542394,91120.87
28626,3.152964,91124.02
28627,3.1511984,91127.17
28628,3.1487284,91130.32
28629,3.1459956,91133.47
28630,3.1434891,91136.61
28631,3.1412814,91139.75
28632,3.1391993,91142.89
28633,3.1383913,91146.03
28634,3.1386867,91149.17
28635,3.1399648,91152.31
28636,3.1408105,91155.45
28637,3.14154,91158.59
28638,3.1419277,91161.734
28639,3.1422865,91164.875
28640,3.1415668,91168.016
28641,3.140453,91171.16
28642,3.139696,91174.3
28643,3.1395476,91177.44
28644,3.1402745,91180.58
28645,3.1410713,91183.72
28646,3.1418123,91186.86
28647,3.142303,91190.0
28648,3.1416552,91193.14
28649,3.1404052,91196.28
28650,3.1392553,91199.42
28651,3.1379268,91202.56
28652,3.1377435,91205.7
28653,3.138324,91208.84
28654,3.1390777,91211.984
28655,3.1396668,91215.125
28656,3.1399462,91218.266
28657,3.1404157,91221.41
28658,3.1412084,91224.55
28659,3.142221,91227.69
28660,3.1436021,91230.83
28661,3.1456134,91233.98
28662,3.148053,91237.125
28663,3.150499,91240.27
28664,3.1522384,91243.42
28665,3.1541638,91246.58
28666,3.1560428,91249.734
28667,3.1587977,91252.89
28668,3.1607785,91256.055
28669,3.161959,91259.22
28670,3.1618664,91262.38
28671,3.1611192,91265.55
28672,3.1594634,91268.7
28673,3.1580577,91271.86
28674,3.1578197,91275.016
28675,3.1584613,91278.17
28676,3.1590924,91281.33
28677,3.1600726,91284.484
28678,3.1615582,91287.65
28679,3.162924,91290.81
28680,3.1633942,91293.98
28681,3.1648533,91297.14
28682,3.1651483,91300.305
28683,3.1582308,91303.46
28684,3.1573758,91306.62
28685,3.159378,91309.77
28686,3.1604395,91312.94
28687,3.1620843,91316.1
28688,3.1620083,91319.266
28689,3.1615539,91322.43
28690,3.1610622,91325.59
28691,3.161202,91328.76
28692,3.1611226,91331.92
28693,3.1607702,91335.086
28694,3.1601613,91338.25
28695,3.1598117,91341.41
28696,3.1595225,91344.56
28697,3.1594548,91347.72
28698,3.1598794,91350.875
28699,3.160923,91354.04
28700,3.1623828,91357.2
28701,3.1638262,91360.37
28702,3.165475,91363.53
28703,3.1666458,91366.695
28704,3.1673088,91369.86
28705,3.167148,91373.02
28706,3.1674585,91376.19
28707,3.1671047,91379.35
28708,3.1670806,91382.516
28709,3.1662786,91385.68
28710,3.1657398,91388.84
28711,3.1651928,91392.01
28712,3.1651666,91395.17
28713,3.1653976,91398.336
28714,3.1655345,91401.5
28715,3.1655092,91404.664
28716,3.165488,91407.83
28717,3.1653492,91410.99
28718,3.1660388,91414.16
28719,3.1663992,91417.32
28720,3.1671414,91420.484
28721,3.1668248,91423.65
28722,3.1664455,91426.81
28723,3.1652477,91429.98
28724,3.1644027,91433.14
28725,3.1635633,91436.305
28726,3.1626089,91439.47
28727,3.161208,91442.63
28728,3.1600032,91445.79
28729,3.1587481,91448.945
28730,3.1577256,91452.1
28731,3.157342,91455.26
28732,3.159027,91458.414
28733,3.1639168,91461.58
28734,3.1715703,91464.75
28735,3.1811032,91467.93
28736,3.1925964,91471.125
28737,3.2026606,91474.33
28738,3.2111669,91477.54
28739,3.2159152,91480.76
28740,3.2179668,91483.98
28741,3.2165942,91487.195
28742,3.2154148,91490.414
28743,3.212508,91493.625
28744,3.211971,91496.836
28745,3.2134306,91500.05
28746,3.2189844,91503.266
28747,3.2248383,91506.49
28748,3.2317212,91509.73
28749,3.2364306,91512.96
28750,3.244285,91516.2
28751,3.2507918,91519.45
28752,3.2562265,91522.71
28753,3.2578037,91525.97
28754,3.2574303,91529.23
28755,3.2563963,91532.484
28756,3.260888,91535.74
28757,3.2656982,91539.01
28758,3.2727976,91542.28
28759,3.2766933,91545.555
28760,3.2788942,91548.836
28761,3.27905,91552.12
28762,3.2791815,91555.4
28763,3.2779722,91558.68
28764,3.2749572,91561.95
28765,3.2693496,91565.22
28766,3.262065,91568.484
28767,3.2525978,91571.734
28768,3.243153,91574.98
28769,3.2337224,91578.21
28770,3.2259398,91581.44
28771,3.2175808,91584.66
28772,3.209438,91587.87
28773,3.201028,91591.07
28774,3.1930058,91594.266
28775,3.1856227,91597.45
28776,3.1785119,91600.63
28777,3.1718132,91603.805
28778,3.1658163,91606.97
28779,3.1596453,91610.125
28780,3.1544068,91613.28
28781,3.1489317,91616.43
28782,3.144768,91619.58
28783,3.1408188,91622.72
28784,3.137662,91625.86
28785,3.1349907,91628.99
28786,3.1334374,91632.125
28787,3.1315417,91635.26
28788,3.129281,91638.39
28789,3.1264727,91641.516
28790,3.123704,91644.64
28791,3.1204948,91647.76
28792,3.116498,91650.875
28793,3.1126919,91653.984
28794,3.10852,91657.09
28795,3.104403,91660.195
28796,3.1004176,91663.3
28797,3.097461,91666.39
28798,3.0951104,91669.484
28799,3.0931745,91672.58
28800,3.0910983,91675.67
28801,3.0893724,91678.76
28802,3.0876956,91681.84
28803,3.0863323,91684.93
28804,3.0848994,91688.016
28805,3.0830712,91691.1
28806,3.0804656,91694.18
28807,3.0775237,91697.26
28808,3.074829,91700.336
28809,3.0722036,91703.41
28810,3.070216,91706.48
28811,3.0694215,91709.55
28812,3.0702143,91712.62
28813,3.071079,91715.69
28814,3.0726154,91718.76
28815,3.073702,91721.83
28816,3.074985,91724.91
28817,3.0755332,91727.984
28818,3.0750835,91731.06
28819,3.0735948,91734.13
28820,3.0704195,91737.2
28821,3.0665462,91740.27
28822,3.063006,91743.336
28823,3.0605195,91746.4
28824,3.05943,91749.46
28825,3.0587773,91752.52
28826,3.058325,91755.58
28827,3.0576055,91758.63
28828,3.0569336,91761.69
28829,3.0566628,91764.74
28830,3.0570743,91767.8
28831,3.0571625,91770.85
28832,3.0560863,91773.91
28833,3.0551436,91776.96
28834,3.0539246,91780.016
28835,3.0526626,91783.07
28836,3.0516162,91786.125
28837,3.0504925,91789.17
28838,3.0494282,91792.22
28839,3.048275,91795.266
28840,3.0469453,91798.31
28841,3.0456429,91801.36
28842,3.0442245,91804.41
28843,3.0424554,91807.445
28844,3.0407605,91810.484
28845,3.0392716,91813.52
28846,3.0375094,91816.56
28847,3.0357223,91819.6
28848,3.0342321,91822.63
28849,3.0336354,91825.664
28850,3.0333965,91828.695
28851,3.0330162,91831.73
28852,3.031925,91834.76
28853,3.0306408,91837.79
28854,3.0289574,91840.82
28855,3.027582,91843.85
28856,3.0267742,91846.875
28857,3.0258138,91849.9
28858,3.0246425,91852.92
28859,3.023997,91855.945
28860,3.023017,91858.97
28861,3.02171,91861.99
28862,3.02059,91865.016
28863,3.0190184,91868.03
28864,3.0173986,91871.05
28865,3.0157366,91874.06
28866,3.014314,91877.08
28867,3.0133739,91880.09
28868,3.0129695,91883.11
28869,3.0131671,91886.125
28870,3.0138948,91889.14
28871,3.014142,91892.16
28872,3.0135741,91895.17
28873,3.0125601,91898.19
28874,3.0111635,91901.195
28875,3.0097854,91904.2
28876,3.0087564,91907.21
28877,3.007365,91910.22
28878,3.0058146,91913.23
28879,3.0049977,91916.234
28880,3.006086,91919.24
28881,3.0075302,91922.25
28882,3.0088048,91925.26
28883,3.009873,91928.266
28884,3.0104287,91931.27
28885,3.0104477,91934.28
28886,3.010011,91937.29
28887,3.0090249,91940.3
28888,3.0103607,91943.305
28889,3.015473,91946.32
28890,3.0235357,91949.34
28891,3.0347857,91952.375
28892,3.047752,91955.42
28893,3.063928,91958.484
28894,3.0794234,91961.56
28895,3.0973935,91964.66
28896,3.113724,91967.77
28897,3.1316357,91970.91
28898,3.1446207,91974.055
28899,3.1591787,91977.21
28900,3.1708877,91980.38
28901,3.1856058,91983.57
28902,3.1959743,91986.766
28903,3.2080684,91989.98
28904,3.217055,91993.195
28905,3.2281358,91996.42
28906,3.2381735,91999.66
28907,3.250382,92002.91
28908,3.2608202,92006.164
28909,3.2721033,92009.44
28910,3.2799525,92012.72
28911,3.2881,92016.01
28912,3.2940326,92019.305
28913,3.3001812,92022.6
28914,3.304543,92025.91
28915,3.308824,92029.22
28916,3.3117473,92032.53
28917,3.3133452,92035.84
28918,3.3116622,92039.16
28919,3.3070729,92042.46
28920,3.2998734,92045.76
28921,3.2882605,92049.05
28922,3.2685428,92052.31
28923,3.2340622,92055.55
28924,3.1865554,92058.734
28925,3.1392806,92061.875
28926,3.112402,92064.984
28927,3.1035852,92068.086
28928,3.1017015,92071.19
28929,3.1014552,92074.29
28930,3.1020665,92077.39
28931,3.1023896,92080.49
28932,3.1026256,92083.59
28933,3.102393,92086.695
28934,3.1021016,92089.8
28935,3.1017244,92092.9
28936,3.1010687,92096.0
28937,3.098729,92099.1
28938,3.0854845,92102.19
28939,3.0710204,92105.26
28940,3.0620117,92108.32
28941,3.0529225,92111.375
28942,3.0458221,92114.42
28943,3.0382864,92117.46
28944,3.0314586,92120.49
28945,3.0240903,92123.516
28946,3.0174747,92126.53
28947,3.0107098,92129.54
28948,3.0039656,92132.55
28949,2.996072,92135.54
28950,2.9895232,92138.53
28951,2.9833574,92141.516
28952,2.9788187,92144.49
28953,2.9740493,92147.47
28954,2.970144,92150.44
28955,2.9659152,92153.41
28956,2.9624171,92156.37
28957,2.9588437,92159.33
28958,2.9560578,92162.28
28959,2.9532654,92165.234
28960,2.9518852,92168.19
28961,2.95065,92171.14
28962,2.9494028,92174.09
28963,2.947603,92177.04
28964,2.9464855,92179.984
28965,2.9442503,92182.93
28966,2.942323,92185.875
28967,2.9403844,92188.81
28968,2.9382436,92191.75
28969,2.9356415,92194.69
28970,2.9343014,92197.625
28971,2.9334033,92200.555
28972,2.9319744,92203.484
28973,2.9290068,92206.414
28974,2.9259136,92209.34
28975,2.9232144,92212.266
28976,2.9226363,92215.19
28977,2.9228106,92218.11
28978,2.9234746,92221.03
28979,2.9242818,92223.95
28980,2.9255447,92226.875
28981,2.9263659,92229.805
28982,2.929955,92232.734
28983,2.9466665,92235.68
28984,2.9931319,92238.67
28985,3.0060816,92241.68
28986,2.9993877,92244.68
28987,2.9937212,92247.67
28988,2.9907765,92250.664
28989,2.9883883,92253.66
28990,2.9863636,92256.64
28991,2.9859667,92259.625
28992,2.987406,92262.61
28993,2.9902928,92265.6
28994,2.995466,92268.59
28995,3.0033197,92271.59
28996,3.0127254,92274.61
28997,3.0230658,92277.63
28998,3.0308895,92280.664
28999,3.0365973,92283.7
29000,3.0395274,92286.74
29001,3.0422184,92289.78
29002,3.0437732,92292.83
29003,3.044245,92295.875
29004,3.0443583,92298.92
29005,3.0484238,92301.97
29006,3.0636601,92305.03
29007,3.0729382,92308.1
29008,3.0707905,92311.17
29009,3.0689645,92314.24
29010,3.0664108,92317.31
29011,3.0635757,92320.375
29012,3.0604882,92323.44
29013,3.058319,92326.49
29014,3.0576763,92329.55
29015,3.057527,92332.6
29016,3.057564,92335.66
29017,3.056935,92338.71
29018,3.0553777,92341.766
29019,3.0530581,92344.82
29020,3.0499172,92347.87
29021,3.0467746,92350.914
29022,3.043647,92353.96
29023,3.0410104,92357.0
29024,3.0389512,92360.04
29025,3.0368648,92363.08
29026,3.0349255,92366.11
29027,3.0324218,92369.14
29028,3.0305824,92372.17
29029,3.0291626,92375.2
29030,3.030415,92378.234
29031,3.0339584,92381.266
29032,3.0404134,92384.305
29033,3.0483837,92387.35
29034,3.0584595,92390.41
29035,3.0700588,92393.48
29036,3.0819867,92396.555
29037,3.0964577,92399.65
29038,3.1104739,92402.76
29039,3.1261446,92405.88
29040,3.1397078,92409.02
29041,3.1529183,92412.18
29042,3.1630015,92415.34
29043,3.1700528,92418.516
29044,3.172227,92421.69
29045,3.1690218,92424.86
29046,3.159604,92428.016
29047,3.1442938,92431.16
29048,3.1198676,92434.27
29049,3.0885065,92437.36
29050,3.0601206,92440.42
29051,3.0446408,92443.47
29052,3.0376086,92446.51
29053,3.0347323,92449.54
29054,3.0332005,92452.57
29055,3.0324063,92455.6
29056,3.0312026,92458.63
29057,3.0295835,92461.664
29058,3.02794,92464.695
29059,3.0265965,92467.72
29060,3.0252492,92470.74
29061,3.0236197,92473.766
29062,3.0218806,92476.79
29063,3.0202422,92479.81
29064,3.019243,92482.83
29065,3.018457,92485.84
29066,3.0178628,92488.86
29067,3.0166204,92491.875
29068,3.014688,92494.89
29069,3.012322,92497.91
29070,3.0095012,92500.914
29071,3.0065122,92503.92
29072,3.0033584,92506.92
29073,3.0005531,92509.92
29074,2.9969766,92512.92
29075,2.9929657,92515.914
29076,2.986526,92518.9
29077,2.9778209,92521.875
29078,2.9681497,92524.84
29079,2.9554324,92527.8
29080,2.9428887,92530.74
29081,2.9299757,92533.67
29082,2.9176428,92536.586
29083,2.904563,92539.49
29084,2.8935769,92542.38
29085,2.883842,92545.266
29086,2.87902,92548.15
29087,2.8763077,92551.02
29088,2.8743954,92553.9
29089,2.8718812,92556.77
29090,2.869788,92559.64
29091,2.866829,92562.51
29092,2.8631165,92565.37
29093,2.8593445,92568.23
29094,2.8570983,92571.086
29095,2.856513,92573.945
29096,2.8584201,92576.805
29097,2.8606246,92579.664
29098,2.862835,92582.52
29099,2.8646917,92585.39
29100,2.8664262,92588.26
29101,2.8679225,92591.125
29102,2.8701117,92593.99
29103,2.8726168,92596.87
29104,2.874334,92599.74
29105,2.875411,92602.62
29106,2.8754354,92605.49
29107,2.8750558,92608.37
29108,2.8739522,92611.24
29109,2.8723505,92614.12
29110,2.870038,92616.984
29111,2.866976,92619.85
29112,2.8630176,92622.71
29113,2.8595998,92625.57
29114,2.8562233,92628.43
29115,2.8537722,92631.28
29116,2.8513339,92634.13
29117,2.848509,92636.984
29118,2.8440464,92639.83
29119,2.8398235,92642.664
29120,2.834756,92645.5
29121,2.8307867,92648.33
29122,2.8254628,92651.16
29123,2.8193085,92653.98
29124,2.8113928,92656.79
29125,2.80196,92659.59
29126,2.7927463,92662.38
29127,2.7843108,92665.164
29128,2.774996,92667.94
29129,2.7654073,92670.7
29130,2.7526467,92673.45
29131,2.7388425,92676.195
29132,2.7259927,92678.92
29133,2.7150855,92681.64
29134,2.7028286,92684.34
29135,2.688761,92687.03
29136,2.6738641,92689.7
29137,2.6589828,92692.36
29138,2.6413002,92695.0
29139,2.6193056,92697.62
29140,2.598928,92700.22
29141,2.5787003,92702.8
29142,2.5621598,92705.36
29143,2.546373,92707.91
29144,2.5357833,92710.445
29145,2.527604,92712.98
29146,2.5222282,92715.5
29147,2.5216973,92718.02
29148,2.519598,92720.55
29149,2.517456,92723.06
29150,2.514595,92725.58
29151,2.5115242,92728.086
29152,2.5082016,92730.59
29153,2.5041454,92733.1
29154,2.500457,92735.6
29155,2.4976575,92738.1
29156,2.4966855,92740.6
29157,2.495232,92743.09
29158,2.4942663,92745.586
29159,2.4913218,92748.08
29160,2.490473,92750.57
29161,2.4886482,92753.06
29162,2.4869487,92755.55
29163,2.4840207,92758.03
29164,2.4855113,92760.516
29165,2.4890525,92763.01
29166,2.4889874,92765.5
29167,2.484577,92767.984
29168,2.4767523,92770.46
29169,2.4693062,92772.93
29170,2.4688997,92775.4
29171,2.471745,92777.87
29172,2.4749796,92780.34
29173,2.477804,92782.82
29174,2.4808326,92785.305
29175,2.484351,92787.79
29176,2.487011,92790.27
29177,2.4872055,92792.76
29178,2.4878511,92795.24
29179,2.4891694,92797.734
29180,2.4956987,92800.23
29181,2.5030763,92802.73
29182,2.5090053,92805.234
29183,2.5123224,92807.75
29184,2.5155878,92810.266
29185,2.5199683,92812.79
29186,2.5251753,92815.31
29187,2.5280828,92817.84
29188,2.5332978,92820.375
29189,2.539876,92822.914
29190,2.5473833,92825.46
29191,2.5528817,92828.016
29192,2.5588727,92830.58
29193,2.566367,92833.14
29194,2.5718956,92835.71
29195,2.5763147,92838.29
29196,2.5821414,92840.875
29197,2.5873263,92843.46
29198,2.5885596,92846.05
29199,2.5881512,92848.63
29200,2.5911298,92851.23
29201,2.5958397,92853.82
29202,2.6016226,92856.42
29203,2.6051812,92859.02
29204,2.6083102,92861.63
29205,2.611182,92864.24
29206,2.61667,92866.86
29207,2.6224194,92869.484
29208,2.628319,92872.11
29209,2.635434,92874.74
29210,2.6425645,92877.38
29211,2.649323,92880.03
29212,2.653252,92882.69
29213,2.6538308,92885.34
29214,2.6532092,92888.0
29215,2.651772,92890.65
29216,2.6538644,92893.305
29217,2.6556942,92895.96
29218,2.6588364,92898.62
29219,2.6611748,92901.28
29220,2.6634836,92903.945
29221,2.6675675,92906.61
29222,2.6729033,92909.28
29223,2.6798944,92911.96
29224,2.6833313,92914.64
29225,2.6833453,92917.32
29226,2.680337,92920.0
29227,2.6776574,92922.68
29228,2.6768594,92925.36
29229,2.6781104,92928.04
29230,2.6822784,92930.72
29231,2.6874754,92933.41
29232,2.6919322,92936.1
29233,2.695281,92938.8
29234,2.6990595,92941.49
29235,2.7035046,92944.195
29236,2.7061224,92946.9
29237,2.7085562,92949.61
29238,2.7109554,92952.32
29239,2.7130334,92955.03
29240,2.7178268,92957.75
29241,2.726132,92960.48
29242,2.7337477,92963.21
29243,2.7401483,92965.95
29244,2.74413,92968.695
29245,2.7465105,92971.445
29246,2.746602,92974.195
29247,2.7448456,92976.94
29248,2.7440126,92979.68
29249,2.7437756,92982.42
29250,2.7451363,92985.164
29251,2.7466333,92987.914
29252,2.7452579,92990.66
29253,2.7422795,92993.4
29254,2.7414904,92996.14
29255,2.7433753,92998.88
29256,2.7457342,93001.625
29257,2.745936,93004.37
29258,2.7448463,93007.11
29259,2.7441597,93009.85
29260,2.7457025,93012.59
29261,2.7488003,93015.34
29262,2.752265,93018.09
29263,2.7552974,93020.85
29264,2.759244,93023.61
29265,2.7634478,93026.375
29266,2.766807,93029.14
29267,2.769949,93031.914
29268,2.7708113,93034.69
29269,2.7714782,93037.46
29270,2.7712963,93040.234
29271,2.7713497,93043.01
29272,2.7711303,93045.78
29273,2.7702396,93048.555
29274,2.7687068,93051.32
29275,2.7676833,93054.086
29276,2.766786,93056.85
29277,2.764667,93059.62
29278,2.762753,93062.38
29279,2.7628133,93065.15
29280,2.7659116,93067.914
29281,2.7691686,93070.68
29282,2.772486,93073.45
29283,2.7762496,93076.23
29284,2.7795053,93079.01
29285,2.7810814,93081.79
29286,2.7819154,93084.57
29287,2.7830212,93087.35
29288,2.7836099,93090.13
29289,2.7840798,93092.914
29290,2.7852843,93095.7
29291,2.7873406,93098.49
29292,2.7904894,93101.28
29293,2.793382,93104.08
29294,2.794721,93106.875
29295,2.7963312,93109.67
29296,2.7967513,93112.47
29297,2.7961512,93115.266
29298,2.7956884,93118.06
29299,2.7943833,93120.86
29300,2.7937644,93123.66
29301,2.7939913,93126.45
29302,2.7950277,93129.25
29303,2.797543,93132.05
29304,2.8007882,93134.85
29305,2.8050625,93137.66
29306,2.8087306,93140.47
29307,2.8111773,93143.28
29308,2.8121016,93146.09
29309,2.8130968,93148.91
29310,2.8147397,93151.72
29311,2.8164182,93154.54
29312,2.8165224,93157.36
29313,2.8165317,93160.18
29314,2.8178277,93163.0
29315,2.8203833,93165.82
29316,2.8229976,93168.64
29317,2.8254306,93171.47
29318,2.8269985,93174.3
29319,2.8280034,93177.125
29320,2.828592,93179.95
29321,2.829013,93182.78
29322,2.8296623,93185.61
29323,2.8309326,93188.44
29324,2.8311436,93191.266
29325,2.830822,93194.09
29326,2.8293293,93196.92
29327,2.8272333,93199.75
29328,2.8275762,93202.58
29329,2.8297815,93205.41
29330,2.8316891,93208.234
29331,2.8327713,93211.07
29332,2.8335097,93213.91
29333,2.8335347,93216.74
29334,2.832694,93219.58
29335,2.830922,93222.41
29336,2.828837,93225.234
29337,2.8261034,93228.06
29338,2.8243134,93230.89
29339,2.8234112,93233.71
29340,2.8250399,93236.54
29341,2.828366,93239.37
29342,2.831043,93242.195
29343,2.8322582,93245.03
29344,2.8319476,93247.86
29345,2.8322659,93250.695
29346,2.833723,93253.53
29347,2.8350835,93256.37
29348,2.8361542,93259.2
29349,2.8365438,93262.04
29350,2.836923,93264.875
29351,2.837408,93267.71
29352,2.8387084,93270.55
29353,2.8396103,93273.38
29354,2.8397467,93276.22
29355,2.8394234,93279.055
29356,2.8388927,93281.89
29357,2.8388162,93284.73
29358,2.8384492,93287.56
29359,2.8379672,93290.4
29360,2.8374312,93293.234
29361,2.8370428,93296.07
29362,2.836859,93298.91
29363,2.836912,93301.74
29364,2.8365903,93304.58
29365,2.8360643,93307.414
29366,2.8352132,93310.25
29367,2.8342998,93313.086
29368,2.833825,93315.92
29369,2.8333063,93318.76
29370,2.833318,93321.59
29371,2.832647,93324.43
29372,2.8316948,93327.26
29373,2.8306243,93330.086
29374,2.8304372,93332.914
29375,2.8303063,93335.74
29376,2.8300836,93338.57
29377,2.8301423,93341.4
29378,2.8297703,93344.23
29379,2.8287816,93347.055
29380,2.8292675,93349.88
29381,2.8300226,93352.71
29382,2.8302126,93355.54
29383,2.8298604,93358.37
29384,2.8302498,93361.195
29385,2.8314242,93364.02
29386,2.8332002,93366.86
29387,2.835045,93369.695
29388,2.837056,93372.53
29389,2.837775,93375.37
29390,2.8385732,93378.2
29391,2.8402994,93381.05
29392,2.8413677,93383.89
29393,2.841952,93386.734
29394,2.8434155,93389.58
29395,2.8454263,93392.42
29396,2.8472116,93395.266
29397,2.848765,93398.12
29398,2.8502579,93400.97
29399,2.8520901,93403.82
29400,2.8528473,93406.67
29401,2.853792,93409.52
29402,2.8532565,93412.375
29403,2.852026,93415.23
29404,2.8504863,93418.08
29405,2.8490083,93420.93
29406,2.8486853,93423.78
29407,2.8479686,93426.63
29408,2.848028,93429.484
29409,2.8491018,93432.336
29410,2.8499641,93435.19
29411,2.850648,93438.04
29412,2.850961,93440.89
29413,2.8505397,93443.74
29414,2.8499892,93446.59
29415,2.8493907,93449.445
29416,2.849706,93452.3
29417,2.849665,93455.15
29418,2.8501153,93458.0
29419,2.8494961,93460.85
29420,2.8493352,93463.7
29421,2.8488986,93466.555
29422,2.8482952,93469.41
29423,2.8483932,93472.26
29424,2.8483965,93475.11
29425,2.8485086,93477.96
29426,2.8486898,93480.81
29427,2.8490186,93483.664
29428,2.8500671,93486.516
29429,2.8519495,93489.37
29430,2.8530529,93492.22
29431,2.853057,93495.07
29432,2.8541567,93497.92
29433,2.8551726,93500.77
29434,2.8549151,93503.625
29435,2.8543441,93506.48
29436,2.8529677,93509.33
29437,2.850765,93512.18
29438,2.8482177,93515.03
29439,2.8458264,93517.875
29440,2.8433151,93520.72
29441,2.841598,93523.56
29442,2.8419232,93526.41
29443,2.8430035,93529.25
29444,2.8434284,93532.09
29445,2.8447707,93534.94
29446,2.8466327,93537.78
29447,2.848326,93540.63
29448,2.8490922,93543.484
29449,2.848359,93546.336
29450,2.8468282,93549.18
29451,2.84506,93552.02
29452,2.8446515,93554.87
29453,2.8441505,93557.71
29454,2.8442073,93560.555
29455,2.8446345,93563.4
29456,2.844645,93566.24
29457,2.8439085,93569.086
29458,2.8432584,93571.93
29459,2.843468,93574.77
29460,2.8446124,93577.62
29461,2.8474014,93580.46
29462,2.8494556,93583.31
29463,2.8516748,93586.164
29464,2.8535864,93589.016
29465,2.8559003,93591.875
29466,2.8578954,93594.734
29467,2.8599572,93597.59
29468,2.8607569,93600.45
29469,2.8619254,93603.31
29470,2.8626359,93606.17
29471,2.8632517,93609.03
29472,2.86302,93611.89
29473,2.8616574,93614.75
29474,2.859314,93617.61
29475,2.8575845,93620.47
29476,2.8574595,93623.33
29477,2.8568146,93626.19
29478,2.8558223,93629.05
29479,2.853702,93631.9
29480,2.8518,93634.75
29481,2.851381,93637.6
29482,2.8512115,93640.45
29483,2.851097,93643.305
29484,2.850667,93646.16
29485,2.8506224,93649.01
29486,2.8508914,93651.86
29487,2.8506656,93654.71
29488,2.849832,93657.56
29489,2.8487773,93660.414
29490,2.849285,93663.266
29491,2.8500595,93666.12
29492,2.8507528,93668.97
29493,2.8517926,93671.82
29494,2.8525426,93674.67
29495,2.853444,93677.52
29496,2.8538272,93680.375
29497,2.8531802,93683.23
29498,2.8538191,93686.08
29499,2.8547878,93688.93
29500,2.857351,93691.79
29501,2.8597324,93694.65
29502,2.8615315,93697.51
29503,2.8631968,93700.37
29504,2.864181,93703.234
29505,2.8656783,93706.1
29506,2.8658757,93708.97
29507,2.8651428,93711.836
29508,2.8639023,93714.7
29509,2.8631961,93717.56
29510,2.8623514,93720.42
29511,2.861518,93723.28
29512,2.8602893,93726.14
29513,2.860028,93729.0
29514,2.8599083,93731.86
29515,2.859952,93734.72
29516,2.8596153,93737.58
29517,2.859375,93740.44
29518,2.8584125,93743.3
29519,2.8578122,93746.16
29520,2.8571243,93749.016
29521,2.8561087,93751.875
29522,2.8559833,93754.734
29523,2.8551598,93757.586
29524,2.855748,93760.445
29525,2.8565826,93763.305
29526,2.8565972,93766.164
29527,2.8560553,93769.02
29528,2.8551347,93771.875
29529,2.8537164,93774.73
29530,2.852512,93777.58
29531,2.851209,93780.43
29532,2.8513074,93783.28
29533,2.8518438,93786.13
29534,2.8527548,93788.984
29535,2.853033,93791.836
29536,2.8525565,93794.69
29537,2.8524163,93797.54
29538,2.851896,93800.39
29539,2.8515375,93803.24
29540,2.852657,93806.09
29541,2.853383,93808.945
29542,2.8537989,93811.8
29543,2.8540747,93814.65
29544,2.854524,93817.5
29545,2.855454,93820.35
29546,2.8555107,93823.21
29547,2.8553116,93826.06
29548,2.8548338,93828.914
29549,2.8538687,93831.766
29550,2.8533633,93834.62
29551,2.8534462,93837.47
29552,2.8521717,93840.32
29553,2.8508978,93843.17
29554,2.8495998,93846.02
29555,2.849104,93848.875
29556,2.8489375,93851.73
29557,2.848986,93854.58
29558,2.8491037,93857.43
29559,2.8490498,93860.28
29560,2.8480868,93863.13
29561,2.846187,93865.98
29562,2.844715,93868.82
29563,2.8432915,93871.664
29564,2.8427157,93874.51
29565,2.8418906,93877.35
29566,2.8428214,93880.195
29567,2.8436944,93883.04
29568,2.8441985,93885.88
29569,2.844511,93888.73
29570,2.845611,93891.57
29571,2.8469107,93894.414
29572,2.8473358,93897.26
29573,2.8475647,93900.1
29574,2.847107,93902.945
29575,2.84623,93905.79
29576,2.8457901,93908.63
29577,2.8461978,93911.48
29578,2.8472202,93914.32
29579,2.8480814,93917.17
29580,2.8476732,93920.02
29581,2.8468325,93922.87
29582,2.846539,93925.71
29583,2.8470523,93928.555
29584,2.8469229,93931.4
29585,2.846028,93934.24
29586,2.84564,93937.086
29587,2.846053,93939.93
29588,2.8456597,93942.77
29589,2.8461468,93945.62
29590,2.8461099,93948.46
29591,2.846003,93951.305
29592,2.845542,93954.15
29593,2.8448904,93956.99
29594,2.843951,93959.836
29595,2.8430374,93962.68
29596,2.842655,93965.52
29597,2.8422835,93968.37
29598,2.8411217,93971.21
29599,2.8400173,93974.055
29600,2.8402824,93976.9
29601,2.8409724,93979.74
29602,2.8423123,93982.586
29603,2.8438907,93985.43
29604,2.8446872,93988.27
29605,2.846087,93991.12
29606,2.8461483,93993.96
29607,2.8456612,93996.805
29608,2.8441656,93999.65
29609,2.843337,94002.49
29610,2.8432598,94005.336
29611,2.8436913,94008.18
29612,2.8447924,94011.02
29613,2.846458,94013.87
29614,2.8473825,94016.71
29615,2.8484216,94019.56
29616,2.8488796,94022.414
29617,2.848472,94025.266
29618,2.848132,94028.12
29619,2.8482635,94030.97
29620,2.8478644,94033.82
29621,2.848039,94036.67
29622,2.8489583,94039.52
29623,2.849443,94042.375
29624,2.8490186,94045.23
29625,2.8483353,94048.08
29626,2.8482327,94050.93
29627,2.8486884,94053.78
29628,2.8494513,94056.63
29629,2.8508165,94059.484
29630,2.852259,94062.336
29631,2.8526812,94065.19
29632,2.8531487,94068.04
29633,2.8534417,94070.89
29634,2.853312,94073.74
29635,2.8526955,94076.59
29636,2.851798,94079.445
29637,2.8508136,94082.3
29638,2.8509295,94085.15
29639,2.85212,94088.0
29640,2.8518376,94090.85
29641,2.8503745,94093.7
29642,2.849407,94096.555
29643,2.8491552,94099.41
29644,2.8488872,94102.26
29645,2.8481886,94105.11
29646,2.8483968,94107.96
29647,2.8482356,94110.81
29648,2.8482323,94113.664
29649,2.847735,94116.516
29650,2.8476405,94119.36
29651,2.8481948,94122.21
29652,2.8482594,94125.06
29653,2.8486378,94127.914
29654,2.8486207,94130.766
29655,2.8473861,94133.61
29656,2.847479,94136.45
29657,2.8481894,94139.305
29658,2.8493698,94142.16
29659,2.8495533,94145.01
29660,2.8496158,94147.86
29661,2.8492062,94150.71
29662,2.8490462,94153.56
29663,2.8483071,94156.414
29664,2.84799,94159.266
29665,2.848095,94162.12
29666,2.8486993,94164.97
29667,2.8487406,94167.82
29668,2.849175,94170.67
29669,2.8493886,94173.52
29670,2.850284,94176.375
29671,2.8510394,94179.23
29672,2.8512871,94182.08
29673,2.8519423,94184.93
29674,2.8515828,94187.78
29675,2.8507478,94190.63
29676,2.8496459,94193.484
29677,2.8497221,94196.336
29678,2.8486202,94199.19
29679,2.8479679,94202.04
29680,2.8475552,94204.88
29681,2.8462262,94207.73
29682,2.8456774,94210.57
29683,2.8451662,94213.414
29684,2.8453166,94216.26
29685,2.8453019,94219.1
29686,2.844684,94221.945
29687,2.844087,94224.79
29688,2.8435318,94227.63
29689,2.8433864,94230.48
29690,2.844111,94233.32
29691,2.8453743,94236.164
29692,2.8466415,94239.01
29693,2.847886,94241.86
29694,2.8486822,94244.71
29695,2.8477876,94247.56
29696,2.8458712,94250.41
29697,2.844113,94253.25
29698,2.8430147,94256.09
29699,2.8428552,94258.94
29700,2.8427355,94261.78
29701,2.8422043,94264.625
29702,2.841449,94267.47
29703,2.840956,94270.31
29704,2.841579,94273.16
29705,2.8426683,94276.0
29706,2.8442376,94278.84
29707,2.8457568,94281.69
29708,2.846612,94284.53
29709,2.8471866,94287.375
29710,2.8472323,94290.22
29711,2.8469133,94293.06
29712,2.8456533,94295.91
29713,2.8441591,94298.75
29714,2.8443053,94301.59
29715,2.845144,94304.44
29716,2.8458025,94307.28
29717,2.8466237,94310.125
29718,2.8468237,94312.97
29719,2.847396,94315.81
29720,2.84786,94318.664
29721,2.8491435,94321.516
29722,2.8492398,94324.37
29723,2.8488503,94327.22
29724,2.8472564,94330.06
29725,2.8456368,94332.91
29726,2.8457124,94335.75
29727,2.8460171,94338.59
29728,2.8475745,94341.44
29729,2.849967,94344.29
29730,2.8516655,94347.14
29731,2.8531115,94349.99
29732,2.8535652,94352.84
29733,2.853844,94355.695
29734,2.8541799,94358.55
29735,2.8540041,94361.4
29736,2.853703,94364.25
29737,2.8534734,94367.1
29738,2.852375,94369.95
29739,2.850953,94372.805
29740,2.8494918,94375.66
29741,2.848944,94378.51
29742,2.848839,94381.36
29743,2.848912,94384.21
29744,2.8492708,94387.06
29745,2.8495922,94389.914
29746,2.850055,94392.766
29747,2.8503504,94395.62
29748,2.8503444,94398.47
29749,2.850015,94401.32
29750,2.8492157,94404.17
29751,2.8488486,94407.02
29752,2.8486607,94409.875
29753,2.8482082,94412.73
29754,2.8476043,94415.57
29755,2.847323,94418.414
29756,2.846965,94421.26
29757,2.8468344,94424.1
29758,2.847343,94426.945
29759,2.8483043,94429.8
29760,2.8479292,94432.65
29761,2.845941,94435.49
29762,2.84371,94438.336
29763,2.8407872,94441.18
29764,2.8381722,94444.016
29765,2.8368464,94446.85
29766,2.8376012,94449.69
29767,2.8389847,94452.52
29768,2.8405,94455.37
29769,2.8427706,94458.21
29770,2.8441193,94461.055
29771,2.8448675,94463.9
29772,2.8451512,94466.74
29773,2.8458867,94469.586
29774,2.8475525,94472.43
29775,2.8493207,94475.28
29776,2.850509,94478.13
29777,2.85131,94480.984
29778,2.85201,94483.836
29779,2.8532212,94486.69
29780,2.8541596,94489.54
29781,2.8543072,94492.39
29782,2.8544648,94495.24
29783,2.8537853,94498.09
29784,2.8535707,94500.945
29785,2.85365,94503.8
29786,2.8542333,94506.65
29787,2.8538766,94509.5
29788,2.8537798,94512.35
29789,2.8539813,94515.2
29790,2.8538828,94518.055
29791,2.8545632,94520.91
29792,2.8553984,94523.76
29793,2.854997,94526.61
29794,2.8540773,94529.46
29795,2.8530102,94532.31
29796,2.853171,94535.164
29797,2.853941,94538.016
29798,2.854848,94540.87
29799,2.8550847,94543.72
29800,2.8542297,94546.57
29801,2.853502,94549.42
29802,2.8525858,94552.27
29803,2.8518753,94555.125
29804,2.8506286,94557.98
29805,2.8503168,94560.83
29806,2.8492382,94563.68
29807,2.8480008,94566.53
29808,2.8468935,94569.375
29809,2.845179,94572.22
29810,2.8438036,94575.06
29811,2.8419795,94577.91
29812,2.8404155,94580.75
29813,2.8387282,94583.586
29814,2.8379352,94586.42
29815,2.8378937,94589.26
29816,2.8390894,94592.09
29817,2.841564,94594.94
29818,2.8443816,94597.78
29819,2.8468611,94600.625
29820,2.8475788,94603.47
29821,2.8477182,94606.32
29822,2.847554,94609.164
29823,2.8474011,94612.01
29824,2.847954,94614.86
29825,2.8493738,94617.71
29826,2.8511631,94620.56
29827,2.8533106,94623.414
29828,2.854276,94626.266
29829,2.8540957,94629.12
29830,2.8541443,94631.97
29831,2.8552654,94634.82
29832,2.8560574,94637.68
29833,2.8563645,94640.54
29834,2.8559046,94643.4
29835,2.8555102,94646.26
29836,2.8552353,94649.11
29837,2.8552582,94651.96
29838,2.856107,94654.82
29839,2.8567832,94657.68
29840,2.857395,94660.54
29841,2.8577979,94663.4
29842,2.8581743,94666.26
29843,2.8589566,94669.12
29844,2.8591518,94671.98
29845,2.8576932,94674.836
29846,2.8552425,94677.69
29847,2.8531234,94680.54
29848,2.8519378,94683.39
29849,2.8504665,94686.24
29850,2.8492675,94689.09
29851,2.8478389,94691.945
29852,2.8464086,94694.79
29853,2.8454363,94697.63
29854,2.8457408,94700.48
29855,2.846641,94703.32
29856,2.8481717,94706.17
29857,2.850242,94709.02
29858,2.8514376,94711.875
29859,2.8513906,94714.73
29860,2.85051,94717.58
29861,2.8492181,94720.43
29862,2.8481145,94723.28
29863,2.846659,94726.125
29864,2.8459194,94728.97
29865,2.8456862,94731.81
29866,2.8467064,94734.66
29867,2.8484547,94737.51
29868,2.8503299,94740.36
29869,2.8515766,94743.21
29870,2.8517885,94746.06
29871,2.851594,94748.914
29872,2.8509946,94751.766
29873,2.8502145,94754.62
29874,2.849672,94757.47
29875,2.8490155,94760.32
29876,2.8490312,94763.17
29877,2.849949,94766.02
29878,2.8508554,94768.875
29879,2.8517122,94771.73
29880,2.8523922,94774.58
29881,2.8529131,94777.43
29882,2.853513,94780.28
29883,2.853702,94783.13
29884,2.8546627,94785.984
29885,2.8552678,94788.836
29886,2.855832,94791.695
29887,2.85702,94794.555
29888,2.8578475,94797.414
29889,2.8591194,94800.27
29890,2.8602045,94803.13
29891,2.861182,94805.99
29892,2.8619986,94808.85
29893,2.863255,94811.71
29894,2.8631618,94814.57
29895,2.8621764,94817.43
29896,2.8604763,94820.29
29897,2.8584487,94823.15
29898,2.856559,94826.01
29899,2.8547816,94828.86
29900,2.8531299,94831.71
29901,2.8514643,94834.56
29902,2.8509936,94837.414
29903,2.8501816,94840.266
29904,2.849358,94843.12
29905,2.8482273,94845.97
29906,2.8482459,94848.82
29907,2.8492253,94851.67
29908,2.8495877,94854.52
29909,2.849494,94857.375
29910,2.8492808,94860.23
29911,2.8494146,94863.08
29912,2.84947,94865.93
29913,2.8492622,94868.78
29914,2.8488488,94871.63
29915,2.8490443,94874.484
29916,2.8488169,94877.336
29917,2.8484616,94880.19
29918,2.8467631,94883.03
29919,2.8441937,94885.875
29920,2.8415933,94888.72
29921,2.8390114,94891.555
29922,2.8377259,94894.39
29923,2.8373604,94897.23
29924,2.8373804,94900.06
29925,2.8380165,94902.9
29926,2.8393157,94905.734
29927,2.8408098,94908.58
29928,2.8423874,94911.42
29929,2.8436885,94914.266
29930,2.8441248,94917.11
29931,2.8445795,94919.95
29932,2.8441677,94922.8
29933,2.8441894,94925.64
29934,2.843942,94928.484
29935,2.8431337,94931.33
29936,2.8440502,94934.17
29937,2.8452175,94937.016
29938,2.8470662,94939.86
29939,2.848939,94942.71
29940,2.8499417,94945.56
29941,2.8506985,94948.414
29942,2.8502398,94951.266
29943,2.8495321,94954.12
29944,2.8485937,94956.97
29945,2.8466766,94959.81
29946,2.8440144,94962.66
29947,2.840792,94965.5
29948,2.838872,94968.336
29949,2.8367212,94971.17
29950,2.8347027,94974.01
29951,2.8335924,94976.84
29952,2.8333383,94979.68
29953,2.8333867,94982.516
29954,2.8346188,94985.35
29955,2.8364937,94988.19
29956,2.8393834,94991.02
29957,2.843325,94993.87
29958,2.846103,94996.71
29959,2.8475356,94999.555
29960,2.8482702,95002.41
29961,2.8490574,95005.26
29962,2.8496454,95008.11
29963,2.849648,95010.96
29964,2.8499856,95013.81
29965,2.8493662,95016.664
29966,2.8489754,95019.516
29967,2.8490007,95022.37
29968,2.850235,95025.22
29969,2.8520787,95028.07
29970,2.8538852,95030.92
29971,2.855382,95033.77
29972,2.8557286,95036.63
29973,2.8555443,95039.49
29974,2.8546093,95042.34
29975,2.8542056,95045.195
29976,2.8538897,95048.05
29977,2.8531256,95050.9
29978,2.853068,95053.75
29979,2.8535333,95056.6
29980,2.8544738,95059.45
29981,2.854586,95062.305
29982,2.8548105,95065.16
29983,2.8548455,95068.01
29984,2.8545766,95070.86
29985,2.853553,95073.71
29986,2.8521447,95076.56
29987,2.8502605,95079.414
29988,2.8488114,95082.266
29989,2.846669,95085.11
29990,2.8458438,95087.95
29991,2.8460312,95090.8
29992,2.8466318,95093.64
29993,2.848196,95096.49
29994,2.8493865,95099.34
29995,2.8493724,95102.195
29996,2.8489733,95105.05
29997,2.8494515,95107.9
29998,2.8502438,95110.75
29999,2.8508618,95113.6
30000,2.8509097,95116.45
30001,2.8504553,95119.305
30002,2.849143,95122.16
30003,2.846866,95125.0
30004,2.8455467,95127.84
30005,2.8449266,95130.69
30006,2.8454318,95133.53
30007,2.846643,95136.375
30008,2.8477623,95139.23
30009,2.8475978,95142.07
30010,2.8469837,95144.914
30011,2.8467684,95147.76
30012,2.8481963,95150.61
30013,2.849674,95153.46
30014,2.8502035,95156.31
30015,2.849559,95159.164
30016,2.8485837,95162.016
30017,2.8493352,95164.87
30018,2.8508463,95167.72
30019,2.8528016,95170.57
30020,2.8532445,95173.42
30021,2.8529644,95176.27
30022,2.852242,95179.125
30023,2.8520792,95181.98
30024,2.8526392,95184.83
30025,2.8530922,95187.68
30026,2.853135,95190.53
30027,2.8525848,95193.38
30028,2.851679,95196.234
30029,2.8494964,95199.086
30030,2.8468444,95201.93
30031,2.844193,95204.77
30032,2.8423035,95207.62
30033,2.8405523,95210.46
30034,2.83885,95213.3
30035,2.8367746,95216.13
30036,2.8365092,95218.97
30037,2.8368294,95221.805
30038,2.8385363,95224.64
30039,2.840527,95227.484
30040,2.8419943,95230.33
30041,2.84289,95233.17
30042,2.8413002,95236.016
30043,2.8394585,95238.85
30044,2.8386776,95241.69
30045,2.8382983,95244.52
30046,2.8380435,95247.36
30047,2.8383992,95250.195
30048,2.8389452,95253.03
30049,2.8398046,95255.87
30050,2.8397038,95258.7
30051,2.8399327,95261.55
30052,2.8389077,95264.38
30053,2.837532,95267.22
30054,2.837009,95270.055
30055,2.8373904,95272.89
30056,2.8386211,95275.73
30057,2.841137,95278.57
30058,2.8428583,95281.414
30059,2.8437579,95284.26
30060,2.8451564,95287.1
30061,2.8460763,95289.945
30062,2.8467517,95292.79
30063,2.8476796,95295.64
30064,2.8484814,95298.49
30065,2.8494887,95301.34
30066,2.8499494,95304.195
30067,2.850757,95307.05
30068,2.8512256,95309.9
30069,2.8510988,95312.75
30070,2.8509712,95315.6
30071,2.8514318,95318.45
30072,2.8518987,95321.305
30073,2.8527298,95324.16
30074,2.8525794,95327.01
30075,2.8518927,95329.86
30076,2.8503833,95332.71
30077,2.8474743,95335.555
30078,2.845422,95338.4
30079,2.8436024,95341.24
30080,2.8422232,95344.086
30081,2.8414185,95346.93
30082,2.8412163,95349.77
30083,2.8407738,95352.62
30084,2.8389513,95355.45
30085,2.8368847,95358.29
30086,2.8344548,95361.125
30087,2.832561,95363.96
30088,2.8316166,95366.79
30089,2.8322344,95369.625
30090,2.8328664,95372.46
30091,2.832344,95375.3
30092,2.8313506,95378.125
30093,2.8303838,95380.95
30094,2.8300111,95383.78
30095,2.8302093,95386.61
30096,2.8307836,95389.44
30097,2.8318856,95392.266
30098,2.831819,95395.09
30099,2.832498,95397.93
30100,2.8321702,95400.766
30101,2.8330615,95403.6
30102,2.8342965,95406.44
30103,2.8353243,95409.27
30104,2.8363192,95412.11
30105,2.8368013,95414.945
30106,2.8376634,95417.78
30107,2.8385026,95420.62
30108,2.8392649,95423.45
30109,2.8399777,95426.3
30110,2.8403234,95429.14
30111,2.840948,95431.984
30112,2.8420937,95434.83
30113,2.8432398,95437.67
30114,2.8439653,95440.516
30115,2.8438716,95443.36
30116,2.8433232,95446.2
30117,2.843241,95449.05
30118,2.8435566,95451.89
30119,2.8436356,95454.734
30120,2.8432965,95457.58
30121,2.843235,95460.42
30122,2.8435123,95463.266
30123,2.8439515,95466.11
30124,2.843708,95468.95
30125,2.8424885,95471.8
30126,2.840318,95474.64
30127,2.8376687,95477.48
30128,2.8352349,95480.31
30129,2.8320901,95483.15
30130,2.830162,95485.98
30131,2.8297217,95488.805
30132,2.8314302,95491.63
30133,2.8330061,95494.47
30134,2.8353665,95497.305
30135,2.8369079,95500.14
30136,2.837865,95502.98
30137,2.837129,95505.81
30138,2.8364704,95508.65
30139,2.836715,95511.484
30140,2.8371506,95514.32
30141,2.8378768,95517.16
30142,2.8391638,95519.99
30143,2.8409777,95522.836
30144,2.8431554,95525.68
30145,2.8447802,95528.52
30146,2.8466442,95531.37
30147,2.8488235,95534.22
30148,2.8518472,95537.07
30149,2.8552248,95539.92
30150,2.857452,95542.78
30151,2.8600671,95545.64
30152,2.861543,95548.5
30153,2.8625283,95551.36
30154,2.8631985,95554.22
30155,2.862802,95557.08
30156,2.8609662,95559.94
30157,2.8587878,95562.8
30158,2.8572323,95565.66
30159,2.8564305,95568.516
30160,2.8563159,95571.375
30161,2.8561113,95574.234
30162,2.8552496,95577.086
30163,2.8556256,95579.945
30164,2.8565946,95582.805
30165,2.85627,95585.664
30166,2.8553228,95588.516
30167,2.8542926,95591.37
30168,2.853883,95594.22
30169,2.8540993,95597.07
30170,2.8545425,95599.92
30171,2.8550406,95602.77
30172,2.8561177,95605.63
30173,2.8571467,95608.49
30174,2.8573449,95611.35
30175,2.8568802,95614.21
30176,2.8565335,95617.07
30177,2.856113,95619.93
30178,2.8548315,95622.78
30179,2.8539417,95625.63
30180,2.8532915,95628.484
30181,2.8535407,95631.336
30182,2.8534982,95634.19
30183,2.8532948,95637.04
30184,2.852904,95639.89
30185,2.8519464,95642.74
30186,2.850156,95645.59
30187,2.848319,95648.445
30188,2.846886,95651.29
30189,2.8455877,95654.13
30190,2.8445232,95656.98
30191,2.8435338,95659.82
30192,2.8421898,95662.664
30193,2.8421438,95665.51
30194,2.8429692,95668.35
30195,2.8453205,95671.195
30196,2.846756,95674.04
30197,2.8491526,95676.89
30198,2.8504782,95679.74
30199,2.8525176,95682.59
30200,2.8537462,95685.445
30201,2.8536148,95688.3
30202,2.8532355,95691.15
30203,2.852854,95694.0
30204,2.8522174,95696.85
30205,2.850731,95699.7
30206,2.8487682,95702.555
30207,2.846825,95705.4
30208,2.846065,95708.24
30209,2.8455365,95711.086
30210,2.845651,95713.93
30211,2.846053,95716.77
30212,2.847182,95719.62
30213,2.84844,95722.47
30214,2.8488107,95725.32
30215,2.8486474,95728.17
30216,2.8478432,95731.02
30217,2.8472598,95733.87
30218,2.8476076,95736.71
30219,2.847673,95739.56
30220,2.8487003,95742.414
30221,2.8500302,95745.266
30222,2.8502984,95748.12
30223,2.8490343,95750.97
30224,2.847091,95753.81
30225,2.845392,95756.66
30226,2.8443756,95759.5
30227,2.8418932,95762.34
30228,2.84127,95765.19
30229,2.841274,95768.03
30230,2.8420758,95770.875
30231,2.8424485,95773.72
30232,2.8427594,95776.56
30233,2.8429952,95779.41
30234,2.8429396,95782.25
30235,2.8415256,95785.09
30236,2.839917,95787.94
30237,2.8383672,95790.77
30238,2.83793,95793.61
30239,2.8371968,95796.445
30240,2.8371205,95799.28
30241,2.83708,95802.12
30242,2.838181,95804.95
30243,2.8391685,95807.79
30244,2.8396885,95810.625
30245,2.8398247,95813.46
30246,2.83913,95816.3
30247,2.838576,95819.13
30248,2.8399467,95821.98
30249,2.8412263,95824.82
30250,2.8432262,95827.664
30251,2.8461506,95830.51
30252,2.8497849,95833.36
30253,2.8526635,95836.21
30254,2.8545785,95839.06
30255,2.8559935,95841.92
30256,2.8560705,95844.78
30257,2.8562605,95847.64
30258,2.8555954,95850.5
30259,2.8548467,95853.35
30260,2.8536954,95856.2
30261,2.8524454,95859.055
30262,2.8514833,95861.91
30263,2.8503118,95864.76
30264,2.8486962,95867.61
30265,2.846326,95870.45
30266,2.8456903,95873.3
30267,2.8455746,95876.14
30268,2.8448954,95878.984
30269,2.8441896,95881.83
30270,2.8431506,95884.67
30271,2.8421204,95887.516
30272,2.8416584,95890.36
30273,2.8413434,95893.2
30274,2.8416643,95896.05
30275,2.8418844,95898.89
30276,2.8421316,95901.734
30277,2.8419771,95904.58
30278,2.8414567,95907.42
30279,2.840305,95910.266
30280,2.841073,95913.11
30281,2.8430407,95915.95
30282,2.8452158,95918.8
30283,2.8472092,95921.64
30284,2.8486485,95924.49
30285,2.850037,95927.34
30286,2.8509572,95930.195
30287,2.8515265,95933.05
30288,2.8509831,95935.9
30289,2.850188,95938.75
30290,2.8500018,95941.6
30291,2.8503723,95944.45
30292,2.8511255,95947.305
30293,2.8521369,95950.16
30294,2.8528376,95953.01
30295,2.8531766,95955.86
30296,2.8526137,95958.71
30297,2.8527083,95961.56
30298,2.852834,95964.414
30299,2.8540127,95967.266
30300,2.854964,95970.12
30301,2.8567615,95972.98
30302,2.8583941,95975.836
30303,2.859083,95978.695
30304,2.8586977,95981.555
30305,2.85682,95984.414
30306,2.8551958,95987.266
30307,2.8532367,95990.12
30308,2.85223,95992.97
30309,2.8517308,95995.82
30310,2.8516436,95998.67
30311,2.8513346,96001.52
30312,2.851571,96004.375
30313,2.8518105,96007.23
30314,2.8525865,96010.08
30315,2.8531933,96012.93
30316,2.8530748,96015.78
30317,2.8533897,96018.63
30318,2.8543777,96021.484
30319,2.8555396,96024.34
30320,2.8556523,96027.2
30321,2.8551805,96030.055
30322,2.854326,96032.91
30323,2.8532836,96035.76
30324,2.8535063,96038.61
30325,2.8547864,96041.46
30326,2.855162,96044.31
30327,2.855989,96047.17
30328,2.8562748,96050.03
30329,2.8568947,96052.89
30330,2.8572304,96055.75
30331,2.8577542,96058.61
30332,2.8585298,96061.47
30333,2.8589058,96064.33
30334,2.858624,96067.19
30335,2.8582742,96070.05
30336,2.8585875,96072.91
30337,2.8587878,96075.766
30338,2.859345,96078.625
30339,2.8593938,96081.484
30340,2.8590167,96084.34
30341,2.859261,96087.2
30342,2.8593996,96090.06
30343,2.859786,96092.92
30344,2.859855,96095.78
30345,2.8586397,96098.64
30346,2.8574274,96101.5
30347,2.8555074,96104.36
30348,2.8546839,96107.21
30349,2.8540752,96110.06
30350,2.8542252,96112.914
30351,2.854215,96115.766
30352,2.8541968,96118.62
30353,2.854035,96121.47
30354,2.8539827,96124.32
30355,2.8545074,96127.17
30356,2.854914,96130.02
30357,2.8555424,96132.88
30358,2.856411,96135.74
30359,2.8566687,96138.6
30360,2.8556988,96141.46
30361,2.8548343,96144.31
30362,2.854089,96147.164
30363,2.8536477,96150.016
30364,2.8533092,96152.87
30365,2.852136,96155.72
30366,2.8515298,96158.57
30367,2.8512268,96161.42
30368,2.8516786,96164.27
30369,2.8527572,96167.125
30370,2.8541708,96169.98
30371,2.8553913,96172.83
30372,2.8561544,96175.69
30373,2.856737,96178.55
30374,2.8562908,96181.41
30375,2.854349,96184.26
30376,2.852712,96187.11
30377,2.8505068,96189.96
30378,2.8489876,96192.81
30379,2.8485067,96195.664
30380,2.8494105,96198.516
30381,2.8503506,96201.37
30382,2.8514144,96204.22
30383,2.8529403,96207.07
30384,2.8534229,96209.92
30385,2.8553479,96212.77
30386,2.8561022,96215.63
30387,2.856305,96218.49
30388,2.8557673,96221.35
30389,2.8543053,96224.2
30390,2.8541,96227.055
30391,2.853333,96229.91
30392,2.8523366,96232.76
30393,2.851119,96235.61
30394,2.8490438,96238.46
30395,2.8457305,96241.305
30396,2.8432927,96244.15
30397,2.8417776,96246.99
30398,2.8410997,96249.836
30399,2.8409162,96252.68
30400,2.8413506,96255.52
30401,2.8423417,96258.37
30402,2.8432415,96261.21
30403,2.8439233,96264.055
30404,2.8439562,96266.9
30405,2.8436966,96269.74
30406,2.8446136,96272.586
30407,2.8455074,96275.43
30408,2.846542,96278.27
30409,2.847463,96281.12
30410,2.849227,96283.97
30411,2.8507254,96286.82
30412,2.8511598,96289.67
30413,2.851813,96292.52
30414,2.852564,96295.375
30415,2.8541167,96298.23
30416,2.8555264,96301.086
30417,2.8570583,96303.945
30418,2.857926,96306.805
30419,2.857507,96309.664
30420,2.856356,96312.52
30421,2.8558252,96315.38
30422,2.8560042,96318.24
30423,2.8570223,96321.1
30424,2.8585973,96323.96
30425,2.8607018,96326.82
30426,2.8621438,96329.68
30427,2.8630915,96332.54
30428,2.8626385,96335.4
30429,2.8616974,96338.26
30430,2.8601382,96341.12
30431,2.858665,96343.98
30432,2.8581614,96346.836
30433,2.8575637,96349.695
30434,2.8572807,96352.555
30435,2.8575659,96355.414
30436,2.8574877,96358.27
30437,2.857845,96361.13
30438,2.8583975,96363.99
30439,2.8593657,96366.85
30440,2.8597546,96369.71
30441,2.8597414,96372.57
30442,2.8589153,96375.43
30443,2.8574765,96378.29
30444,2.8560817,96381.15
30445,2.8549356,96384.0
30446,2.8546884,96386.85
30447,2.8543105,96389.7
30448,2.8546927,96392.555
30449,2.8552277,96395.41
30450,2.8557498,96398.266
30451,2.856168,96401.125
30452,2.8568563,96403.984
30453,2.8567681,96406.84
30454,2.8551912,96409.695
30455,2.8538764,96412.55
30456,2.8532197,96415.4
30457,2.853255,96418.25
30458,2.8530562,96421.1
30459,2.8529131,96423.95
30460,2.8524172,96426.805
30461,2.8511147,96429.66
30462,2.8505728,96432.51
30463,2.850524,96435.36
30464,2.8509946,96438.21
30465,2.8509107,96441.06
30466,2.850454,96443.914
30467,2.8507037,96446.766
30468,2.8512151,96449.62
30469,2.8519385,96452.47
30470,2.8524797,96455.32
30471,2.8536408,96458.17
30472,2.8543031,96461.02
30473,2.8552182,96463.875
30474,2.8541138,96466.73
30475,2.8524444,96469.58
30476,2.8506255,96472.43
30477,2.8488479,96475.28
30478,2.8475587,96478.125
30479,2.8461087,96480.97
30480,2.844873,96483.81
30481,2.8438103,96486.66
30482,2.843881,96489.5
30483,2.8451738,96492.34
30484,2.8453636,96495.19
30485,2.8443608,96498.03
30486,2.8426263,96500.875
30487,2.8399537,96503.72
30488,2.83789,96506.555
30489,2.8356915,96509.39
30490,2.8339624,96512.23
30491,2.8316536,96515.055
30492,2.831271,96517.88
30493,2.8319905,96520.71
30494,2.8338716,96523.55
30495,2.8359587,96526.38
30496,2.8382294,96529.22
30497,2.840288,96532.06
30498,2.840935,96534.91
30499,2.8407776,96537.75
30500,2.8410635,96540.59
30501,2.8419096,96543.44
30502,2.8429928,96546.28
30503,2.8438141,96549.125
30504,2.8450274,96551.97
30505,2.8469124,96554.81
30506,2.8480575,96557.664
30507,2.8482475,96560.516
30508,2.8471115,96563.36
30509,2.8458486,96566.2
30510,2.845194,96569.05
30511,2.8443384,96571.89
30512,2.8433964,96574.734
30513,2.8414497,96577.58
30514,2.8390062,96580.414
30515,2.8366387,96583.25
30516,2.835582,96586.086
30517,2.8349688,96588.92
30518,2.8353229,96591.76
30519,2.8358083,96594.59
30520,2.8358603,96597.43
30521,2.8356905,96600.266
30522,2.8355727,96603.1
30523,2.8351703,96605.94
30524,2.8360622,96608.77
30525,2.837515,96611.61
30526,2.8382537,96614.445
30527,2.8397586,96617.28
30528,2.840677,96620.125
30529,2.841604,96622.97
30530,2.84118,96625.81
30531,2.8403533,96628.66
30532,2.8397393,96631.49
30533,2.8388455,96634.33
30534,2.8386018,96637.164
30535,2.8384697,96640.0
30536,2.8391414,96642.836
30537,2.8392215,96645.67
30538,2.839525,96648.51
30539,2.8401504,96651.35
30540,2.841456,96654.195
30541,2.8422008,96657.04
30542,2.8409119,96659.88
30543,2.8390224,96662.72
30544,2.837079,96665.555
30545,2.8362005,96668.39
30546,2.8359368,96671.23
30547,2.8356917,96674.06
30548,2.835041,96676.9
30549,2.833941,96679.734
30550,2.8331106,96682.57
30551,2.8323793,96685.41
30552,2.832064,96688.24
30553,2.8318484,96691.07
30554,2.832668,96693.91
30555,2.8340664,96696.74
30556,2.8352509,96699.58
30557,2.836137,96702.414
30558,2.838319,96705.25
30559,2.8404682,96708.09
30560,2.8418202,96710.94
30561,2.842039,96713.78
30562,2.8404028,96716.625
30563,2.8380847,96719.46
30564,2.836193,96722.3
30565,2.8345768,96725.13
30566,2.8326995,96727.97
30567,2.8306766,96730.8
30568,2.8297765,96733.625
30569,2.8299756,96736.45
30570,2.8303714,96739.28
30571,2.8310354,96742.11
30572,2.8314114,96744.94
30573,2.831541,96747.766
30574,2.8318408,96750.59
30575,2.833112,96753.43
30576,2.8342102,96756.266
30577,2.8355136,96759.1
30578,2.8360002,96761.94
30579,2.8362985,96764.77
30580,2.8371367,96767.61
30581,2.8385851,96770.445
30582,2.8398476,96773.29
30583,2.841386,96776.13
30584,2.8426876,96778.98
30585,2.8442469,96781.82
30586,2.8456857,96784.664
30587,2.846923,96787.51
30588,2.847359,96790.35
30589,2.8473892,96793.195
30590,2.8469145,96796.04
30591,2.8458016,96798.88
30592,2.8450139,96801.73
30593,2.844235,96804.57
30594,2.8443377,96807.414
30595,2.8449855,96810.26
30596,2.846272,96813.1
30597,2.8471193,96815.945
30598,2.8473542,96818.79
30599,2.8464336,96821.63
30600,2.8460412,96824.48
30601,2.8467934,96827.32
30602,2.8483386,96830.17
30603,2.8506062,96833.02
30604,2.8525484,96835.875
30605,2.8543398,96838.73
30606,2.8552551,96841.58
30607,2.8564487,96844.44
30608,2.85719,96847.3
30609,2.8583608,96850.16
30610,2.8593335,96853.016
30611,2.8596323,96855.875
30612,2.860014,96858.734
30613,2.8591506,96861.59
30614,2.8580954,96864.45
30615,2.8569086,96867.31
30616,2.8565614,96870.17
30617,2.857155,96873.03
30618,2.8579326,96875.89
30619,2.8582318,96878.75
30620,2.858557,96881.61
30621,2.8593144,96884.47
30622,2.8598616,96887.33
30623,2.8602872,96890.19
30624,2.8607767,96893.05
30625,2.8606873,96895.91
30626,2.860886,96898.766
30627,2.8608694,96901.625
30628,2.8602686,96904.484
30629,2.8599472,96907.34
30630,2.858998,96910.2
30631,2.8578556,96913.06
30632,2.8564956,96915.92
30633,2.8552797,96918.77
30634,2.8548293,96921.625
30635,2.853823,96924.48
30636,2.8534784,96927.33
30637,2.8537643,96930.18
30638,2.8553183,96933.03
30639,2.8572168,96935.89
30640,2.8576367,96938.75
30641,2.857177,96941.61
30642,2.8561447,96944.47
30643,2.8554099,96947.32
30644,2.8544884,96950.17
30645,2.8522692,96953.02
30646,2.8510087,96955.875
30647,2.849666,96958.73
30648,2.8490417,96961.58
30649,2.8481712,96964.43
30650,2.8476639,96967.28
30651,2.846635,96970.125
30652,2.845798,96972.97
30653,2.8444629,96975.81
30654,2.8436458,96978.66
30655,2.8433077,96981.5
30656,2.8428426,96984.34
30657,2.8430002,96987.19
30658,2.8429208,96990.03
30659,2.8431675,96992.875
30660,2.8435342,96995.72
30661,2.8440313,96998.56
30662,2.8455539,97001.41
30663,2.8475566,97004.25
30664,2.8492045,97007.1
30665,2.850643,97009.95
30666,2.8518803,97012.805
30667,2.852689,97015.66
30668,2.8534515,97018.51
30669,2.8541172,97021.36
30670,2.8542006,97024.21
30671,2.8538628,97027.06
30672,2.852728,97029.914
30673,2.8516648,97032.766
30674,2.8510792,97035.62
30675,2.8497248,97038.47
30676,2.8473623,97041.31
30677,2.8452246,97044.16
30678,2.8435845,97047.0
30679,2.8418248,97049.84
30680,2.8413,97052.69
30681,2.8412175,97055.53
30682,2.841459,97058.375
30683,2.8422,97061.22
30684,2.8431752,97064.06
30685,2.844151,97066.91
30686,2.8444977,97069.75
30687,2.845331,97072.59
30688,2.8463683,97075.44
30689,2.846485,97078.28
30690,2.8461275,97081.125
30691,2.8453722,97083.97
30692,2.8448126,97086.81
30693,2.8450806,97089.66
30694,2.8459659,97092.5
30695,2.8470623,97095.34
30696,2.8472931,97098.19
30697,2.8468032,97101.03
30698,2.846945,97103.875
30699,2.8466504,97106.72
30700,2.846691,97109.56
30701,2.8462186,97112.41
30702,2.8450778,97115.25
30703,2.8443947,97118.09
30704,2.8439848,97120.94
30705,2.8436198,97123.78
30706,2.8430934,97126.625
30707,2.8429935,97129.47
30708,2.8435714,97132.31
30709,2.8446636,97135.16
30710,2.8448377,97138.0
30711,2.844631,97140.84
30712,2.8447325,97143.69
30713,2.846168,97146.53
30714,2.8468904,97149.375
30715,2.8474603,97152.22
30716,2.8478482,97155.07
30717,2.847797,97157.92
30718,2.8468583,97160.766
30719,2.8458722,97163.61
30720,2.8452408,97166.45
30721,2.8446875,97169.3
30722,2.8446655,97172.14
30723,2.8450148,97174.984
30724,2.84397,97177.83
30725,2.84097,97180.67
30726,2.8391566,97183.51
30727,2.8389864,97186.34
30728,2.8399239,97189.19
30729,2.8402545,97192.03
30730,2.8395207,97194.87
30731,2.8383343,97197.7
30732,2.836854,97200.54
30733,2.8353505,97203.375
30734,2.8352628,97206.21
30735,2.8365185,97209.05
30736,2.8383713,97211.88
30737,2.8409207,97214.73
30738,2.8421211,97217.57
30739,2.8431716,97220.414
30740,2.8446887,97223.26
30741,2.8464432,97226.1
30742,2.848058,97228.95
30743,2.8488617,97231.805
30744,2.8485675,97234.66
30745,2.8475406,97237.5
30746,2.8469968,97240.34
30747,2.846634,97243.19
30748,2.84678,97246.03
30749,2.8481495,97248.88
30750,2.8497975,97251.734
30751,2.8508956,97254.586
30752,2.8519685,97257.44
30753,2.8533206,97260.29
30754,2.8536627,97263.14
30755,2.8533523,97265.99
30756,2.853286,97268.84
30757,2.8533738,97271.695
30758,2.8531542,97274.55
30759,2.8521483,97277.4
30760,2.8508499,97280.25
30761,2.8499637,97283.1
30762,2.849785,97285.95
30763,2.8503225,97288.805
30764,2.8523705,97291.66
30765,2.8549707,97294.51
30766,2.8559375,97297.37
30767,2.856257,97300.23
30768,2.8563101,97303.086
30769,2.856148,97305.945
30770,2.8541195,97308.8
30771,2.8521488,97311.65
30772,2.8497875,97314.5
30773,2.8459964,97317.34
30774,2.8435593,97320.19
30775,2.8421752,97323.03
30776,2.8428948,97325.875
30777,2.8431168,97328.72
30778,2.8435125,97331.56
30779,2.8443487,97334.41
30780,2.8456926,97337.25
30781,2.8472452,97340.09
30782,2.849249,97342.945
30783,2.8514123,97345.8
30784,2.8530462,97348.65
30785,2.8540792,97351.5
30786,2.8548937,97354.35
30787,2.8552752,97357.2
30788,2.8542752,97360.055
30789,2.8529134,97362.91
30790,2.8524227,97365.76
30791,2.852333,97368.61
30792,2.8524575,97371.46
30793,2.8521347,97374.31
30794,2.8520913,97377.164
30795,2.8521795,97380.016
30796,2.852997,97382.87
30797,2.854951,97385.72
30798,2.857592,97388.58
30799,2.8611379,97391.44
30800,2.8628752,97394.3
30801,2.8639362,97397.164
30802,2.8638122,97400.03
30803,2.8628545,97402.89
30804,2.8622372,97405.75
30805,2.8618236,97408.61
30806,2.8610616,97411.47
30807,2.8602436,97414.33
30808,2.8599079,97417.19
30809,2.8597462,97420.05
30810,2.8586867,97422.91
30811,2.856673,97425.766
30812,2.8545477,97428.62
30813,2.8526726,97431.47
30814,2.8509963,97434.32
30815,2.850288,97437.17
30816,2.850682,97440.02
30817,2.8522022,97442.875
30818,2.8535485,97445.73
30819,2.8540597,97448.58
30820,2.8534746,97451.43
30821,2.8511965,97454.28
30822,2.8504858,97457.13
30823,2.8503656,97459.984
30824,2.8519561,97462.836
30825,2.8537755,97465.69
30826,2.854546,97468.54
30827,2.854369,97471.39
30828,2.8537765,97474.24
30829,2.8524969,97477.09
30830,2.8516345,97479.945
30831,2.8512084,97482.8
30832,2.8518186,97485.65
30833,2.8515716,97488.5
30834,2.8518429,97491.35
30835,2.8518639,97494.2
30836,2.8507183,97497.055
30837,2.8484812,97499.91
30838,2.847215,97502.75
30839,2.8472965,97505.59
30840,2.847391,97508.44
30841,2.8475296,97511.28
30842,2.846884,97514.125
30843,2.8453295,97516.97
30844,2.843502,97519.81
30845,2.8417532,97522.66
30846,2.8412502,97525.5
30847,2.841318,97528.34
30848,2.840986,97531.19
30849,2.8404558,97534.03
30850,2.8396769,97536.87
30851,2.839783,97539.7
30852,2.838888,97542.54
30853,2.8361833,97545.375
30854,2.8331592,97548.21
30855,2.8309987,97551.04
30856,2.830127,97553.87
30857,2.8301883,97556.695
30858,2.8303587,97559.52
30859,2.8305101,97562.35
30860,2.831795,97565.18
30861,2.8338583,97568.016
30862,2.8369982,97570.85
30863,2.8405938,97573.695
30864,2.8440335,97576.54
30865,2.8470747,97579.38
30866,2.8491924,97582.234
30867,2.85045,97585.086
30868,2.8512535,97587.94
30869,2.8525674,97590.79
30870,2.8534138,97593.64
30871,2.8537385,97596.49
30872,2.8526535,97599.34
30873,2.8508453,97602.195
30874,2.8495755,97605.05
30875,2.847945,97607.9
30876,2.8473527,97610.74
30877,2.8465939,97613.586
30878,2.8463326,97616.43
30879,2.8459735,97619.27
30880,2.8458338,97622.12
30881,2.8454196,97624.96
30882,2.8447897,97627.805
30883,2.8441427,97630.65
30884,2.844023,97633.49
30885,2.8442566,97636.336
30886,2.8442147,97639.18
30887,2.84485,97642.02
30888,2.8438306,97644.87
30889,2.842545,97647.71
30890,2.8405917,97650.555
30891,2.8386977,97653.39
30892,2.8381698,97656.23
30893,2.8380413,97659.06
30894,2.8388453,97661.9
30895,2.840944,97664.74
30896,2.8420606,97667.586
30897,2.841955,97670.43
30898,2.8402648,97673.27
30899,2.8381162,97676.11
30900,2.836591,97678.945
30901,2.8355353,97681.78
30902,2.835088,97684.62
30903,2.8347216,97687.45
30904,2.8363311,97690.29
30905,2.8384862,97693.125
30906,2.8407,97695.97
30907,2.8428218,97698.81
30908,2.8442461,97701.66
30909,2.846646,97704.5
30910,2.8481357,97707.35
30911,2.8496468,97710.2
30912,2.8503113,97713.055
30913,2.850681,97715.91
30914,2.8503582,97718.76
30915,2.8491962,97721.61
30916,2.8476496,97724.45
30917,2.846164,97727.3
30918,2.8457904,97730.14
30919,2.8461752,97732.984
30920,2.8461664,97735.83
30921,2.846349,97738.67
30922,2.8456,97741.516
30923,2.8448184,97744.36
30924,2.8443015,97747.2
30925,2.8443344,97750.05
30926,2.846087,97752.89
30927,2.8478255,97755.74
30928,2.8491237,97758.59
30929,2.8504071,97761.445
30930,2.8519444,97764.3
30931,2.8534942,97767.15
30932,2.8545876,97770.0
30933,2.8545187,97772.85
30934,2.852799,97775.7
30935,2.850963,97778.555
30936,2.8500972,97781.41
30937,2.8494985,97784.26
30938,2.8499887,97787.11
30939,2.850052,97789.96
30940,2.8489058,97792.81
30941,2.8480608,97795.664
30942,2.8477342,97798.516
30943,2.8479812,97801.37
30944,2.848574,97804.22
30945,2.848923,97807.07
30946,2.8492525,97809.92
30947,2.8492873,97812.77
30948,2.8492544,97815.625
30949,2.8495085,97818.48
30950,2.8506024,97821.33
30951,2.851684,97824.18
30952,2.8528812,97827.03
30953,2.85416,97829.88
30954,2.8546417,97832.734
30955,2.854134,97835.586
30956,2.8527985,97838.44
30957,2.8516378,97841.29
30958,2.8510675,97844.14
30959,2.8490343,97846.99
30960,2.847836,97849.84
30961,2.8468595,97852.69
30962,2.8460827,97855.53
30963,2.8459935,97858.375
30964,2.8458843,97861.22
30965,2.8449297,97864.06
30966,2.8433049,97866.91
30967,2.8418305,97869.75
30968,2.8409975,97872.59
30969,2.8410425,97875.44
30970,2.841749,97878.28
30971,2.84296,97881.125
30972,2.843966,97883.97
30973,2.8446627,97886.81
30974,2.8454986,97889.66
30975,2.8462915,97892.5
30976,2.8453743,97895.34
30977,2.8432546,97898.19
30978,2.842405,97901.03
30979,2.8417156,97903.875
30980,2.842022,97906.72
30981,2.8431592,97909.56
30982,2.8451283,97912.41
30983,2.8470123,97915.25
30984,2.8493893,97918.1
30985,2.851356,97920.95
30986,2.8527582,97923.805
30987,2.8536892,97926.66
30988,2.8534067,97929.51
30989,2.8523855,97932.36
30990,2.8510616,97935.21
30991,2.8496277,97938.06
30992,2.8493173,97940.914
30993,2.849459,97943.766
30994,2.8503647,97946.62
30995,2.8508062,97949.47
30996,2.850849,97952.32
30997,2.8504295,97955.17
30998,2.8503113,97958.02
30999,2.8508382,97960.875
31000,2.8517537,97963.73
31001,2.8528895,97966.58
31002,2.854185,97969.43
31003,2.8550756,97972.28
31004,2.8550563,97975.13
31005,2.8553739,97977.984
31006,2.8547692,97980.836
31007,2.854088,97983.69
31008,2.853302,97986.54
31009,2.8531344,97989.39
31010,2.8534775,97992.24
31011,2.8540218,97995.09
31012,2.8550415,97997.945
31013,2.8560443,98000.805
31014,2.8563268,98003.664
31015,2.855798,98006.52
31016,2.8550496,98009.375
31017,2.8542242,98012.23
31018,2.8537045,98015.08
31019,2.85295,98017.93
31020,2.8521044,98020.78
31021,2.8510823,98023.63
31022,2.8503954,98026.484
31023,2.849663,98029.336
31024,2.8495631,98032.19
31025,2.849328,98035.04
31026,2.849277,98037.89
31027,2.8498626,98040.74
31028,2.8506722,98043.59
31029,2.8509035,98046.445
31030,2.8517513,98049.3
31031,2.8526433,98052.15
31032,2.8541977,98055.0
31033,2.857146,98057.86
31034,2.8582644,98060.72
31035,2.8588185,98063.58
31036,2.8581746,98066.44
31037,2.8569262,98069.3
31038,2.8567505,98072.16
31039,2.8570333,98075.016
31040,2.8580098,98077.875
31041,2.8592553,98080.734
31042,2.861213,98083.59
31043,2.8627071,98086.45
31044,2.8632004,98089.31
31045,2.8630893,98092.17
31046,2.863653,98095.04
31047,2.8645275,98097.91
31048,2.8657062,98100.77
31049,2.8669841,98103.64
31050,2.8666387,98106.51
31051,2.8661842,98109.375
31052,2.8653672,98112.24
31053,2.8643441,98115.11
31054,2.8639765,98117.98
31055,2.8629897,98120.836
31056,2.8622763,98123.695
31057,2.8614361,98126.555
31058,2.8614712,98129.414
31059,2.861458,98132.27
31060,2.8619168,98135.13
31061,2.8632948,98138.0
31062,2.8635304,98140.87
31063,2.8634517,98143.734
31064,2.8628914,98146.59
31065,2.8621335,98149.45
31066,2.8609548,98152.31
31067,2.8597004,98155.17
31068,2.8590562,98158.03
31069,2.8592997,98160.89
31070,2.8602037,98163.75
31071,2.8621118,98166.61
31072,2.8636906,98169.48
31073,2.8646982,98172.34
31074,2.8642526,98175.21
31075,2.8625941,98178.07
31076,2.8609316,98180.93
31077,2.8599849,98183.79
31078,2.860501,98186.65
31079,2.861302,98189.51
31080,2.861393,98192.37
31081,2.861274,98195.23
31082,2.8605723,98198.086
31083,2.8599026,98200.945
31084,2.8600376,98203.805
31085,2.8606305,98206.664
31086,2.8606064,98209.52
31087,2.8601623,98212.38
31088,2.860122,98215.24
31089,2.860974,98218.1
31090,2.861567,98220.96
31091,2.8621438,98223.82
31092,2.8624535,98226.68
31093,2.8623016,98229.54
31094,2.8625102,98232.4
31095,2.8634167,98235.266
31096,2.8637109,98238.13
31097,2.8627822,98240.99
31098,2.8619027,98243.85
31099,2.8606665,98246.71
31100,2.859768,98249.57
31101,2.8587976,98252.43
31102,2.8579717,98255.29
31103,2.8568249,98258.15
31104,2.8554034,98261.0
31105,2.853557,98263.85
31106,2.852103,98266.7
31107,2.8505528,98269.555
31108,2.8485286,98272.41
31109,2.8464687,98275.25
31110,2.8454573,98278.09
31111,2.8448818,98280.94
31112,2.8437154,98283.78
31113,2.8422973,98286.625
31114,2.8410552,98289.47
31115,2.840619,98292.31
31116,2.8404572,98295.16
31117,2.84137,98298.0
31118,2.842316,98300.84
31119,2.8431249,98303.69
31120,2.8428926,98306.53
31121,2.8428752,98309.375
31122,2.841802,98312.22
31123,2.8400126,98315.06
31124,2.8376436,98317.9
31125,2.8353536,98320.734
31126,2.8351178,98323.57
31127,2.8361776,98326.41
31128,2.8389647,98329.24
31129,2.8420644,98332.086
31130,2.8427136,98334.93
31131,2.8422177,98337.77
31132,2.8413315,98340.62
31133,2.841044,98343.46
31134,2.8402102,98346.305
31135,2.8394682,98349.14
31136,2.8392863,98351.98
31137,2.8390753,98354.81
31138,2.838714,98357.65
31139,2.838649,98360.484
31140,2.8384774,98363.32
31141,2.8387256,98366.16
31142,2.8389318,98368.99
31143,2.8397079,98371.83
31144,2.840716,98374.67
31145,2.8416586,98377.516
31146,2.841674,98380.36
31147,2.841856,98383.2
31148,2.842075,98386.05
31149,2.8426833,98388.89
31150,2.8436677,98391.734
31151,2.8445146,98394.58
31152,2.8449032,98397.42
31153,2.845579,98400.266
31154,2.8465776,98403.11
31155,2.8469832,98405.95
31156,2.8469687,98408.8
31157,2.8464947,98411.64
31158,2.8450127,98414.484
31159,2.8431978,98417.33
31160,2.8424127,98420.17
31161,2.8423293,98423.016
31162,2.842587,98425.86
31163,2.842781,98428.7
31164,2.8421483,98431.55
31165,2.8408794,98434.39
31166,2.8387747,98437.23
31167,2.83623,98440.06
31168,2.8347337,98442.9
31169,2.83418,98445.734
31170,2.8345633,98448.57
31171,2.8353155,98451.41
31172,2.8356977,98454.24
31173,2.835224,98457.08
31174,2.8345616,98459.914
31175,2.8333504,98462.75
31176,2.8314059,98465.58
31177,2.8313828,98468.41
31178,2.8317025,98471.234
31179,2.832095,98474.07
31180,2.8327923,98476.91
31181,2.8337357,98479.74
31182,2.8341522,98482.58
31183,2.8343315,98485.414
31184,2.8351004,98488.25
31185,2.835294,98491.086
31186,2.8346014,98493.92
31187,2.8325207,98496.76
31188,2.8300238,98499.586
31189,2.8285935,98502.414
31190,2.827965,98505.24
31191,2.8283453,98508.07
31192,2.8272955,98510.9
31193,2.8262267,98513.73
31194,2.826098,98516.555
31195,2.8268182,98519.38
31196,2.828155,98522.21
31197,2.8296478,98525.04
31198,2.8304794,98527.87
31199,2.8321054,98530.7
31200,2.8333764,98533.54
31201,2.834245,98536.375
31202,2.835042,98539.21
31203,2.836507,98542.05
31204,2.838951,98544.88
31205,2.8421624,98547.73
31206,2.8438907,98550.57
31207,2.8449903,98553.414
31208,2.8460424,98556.26
31209,2.847277,98559.1
31210,2.8485358,98561.95
31211,2.8488078,98564.805
31212,2.8491542,98567.66
31213,2.8489308,98570.51
31214,2.8486872,98573.36
31215,2.8479493,98576.21
31216,2.847644,98579.055
31217,2.8471806,98581.9
31218,2.8466272,98584.74
31219,2.8448565,98587.586
31220,2.843976,98590.43
31221,2.843599,98593.27
31222,2.8441787,98596.12
31223,2.8449776,98598.96
31224,2.8452575,98601.805
31225,2.8453276,98604.65
31226,2.8458743,98607.49
31227,2.846001,98610.336
31228,2.8456643,98613.18
31229,2.845214,98616.02
31230,2.8445609,98618.87
31231,2.8430164,98621.71
31232,2.8420029,98624.555
31233,2.840523,98627.4
31234,2.8400369,98630.24
31235,2.8399093,98633.086
31236,2.840162,98635.93
31237,2.8401349,98638.77
31238,2.84011,98641.62
31239,2.8401723,98644.46
31240,2.8396256,98647.3
31241,2.8381763,98650.13
31242,2.836183,98652.97
31243,2.8339298,98655.805
31244,2.8336196,98658.64
31245,2.8337069,98661.48
31246,2.8344638,98664.31
31247,2.8346407,98667.15
31248,2.8345685,98669.984
31249,2.83378,98672.82
31250,2.8350003,98675.66
31251,2.8369527,98678.49
31252,2.8391042,98681.33
31253,2.8413568,98684.17
31254,2.8431783,98687.016
31255,2.842748,98689.86
31256,2.842704,98692.7
31257,2.8430865,98695.55
31258,2.8438797,98698.39
31259,2.843157,98701.234
31260,2.8420045,98704.08
31261,2.8404634,98706.92
31262,2.83972,98709.76
31263,2.838865,98712.59
31264,2.8377352,98715.43
31265,2.837069,98718.266
31266,2.8368924,98721.1
31267,2.8374922,98723.94
31268,2.8381412,98726.77
31269,2.8381255,98729.61
31270,2.8383577,98732.445
31271,2.8395412,98735.28
31272,2.840631,98738.125
31273,2.8413746,98740.97
31274,2.8420024,98743.81
31275,2.8422291,98746.66
31276,2.8417113,98749.5
31277,2.8410997,98752.34
31278,2.8416445,98755.19
31279,2.8427432,98758.03
31280,2.843323,98760.875
31281,2.8439717,98763.72
31282,2.8447912,98766.56
31283,2.8449774,98769.41
31284,2.8447194,98772.25
31285,2.84496,98775.09
31286,2.8442748,98777.94
31287,2.842902,98780.78
31288,2.841028,98783.625
31289,2.8400688,98786.47
31290,2.8403225,98789.31
31291,2.8420024,98792.16
31292,2.8437307,98795.0
31293,2.8456173,98797.84
31294,2.8459537,98800.69
31295,2.8470755,98803.53
31296,2.8491893,98806.38
31297,2.8513768,98809.234
31298,2.851878,98812.086
31299,2.8505805,98814.94
31300,2.8485842,98817.79
31301,2.8457663,98820.63
31302,2.8447247,98823.48
31303,2.844488,98826.32
31304,2.8449178,98829.164
31305,2.845372,98832.01
31306,2.845167,98834.85
31307,2.8445184,98837.695
31308,2.8441699,98840.54
31309,2.8448074,98843.38
31310,2.8462188,98846.23
31311,2.8479257,98849.08
31312,2.8489292,98851.93
31313,2.8491013,98854.78
31314,2.8492987,98857.63
31315,2.849859,98860.484
31316,2.8509552,98863.336
31317,2.8525176,98866.19
31318,2.8538013,98869.04
31319,2.8544176,98871.89
31320,2.8551583,98874.74
31321,2.8556535,98877.6
31322,2.8555362,98880.46
31323,2.8561597,98883.32
31324,2.8554208,98886.17
31325,2.8543835,98889.02
31326,2.8531346,98891.875
31327,2.8520095,98894.73
31328,2.8505852,98897.58
31329,2.8505893,98900.43
31330,2.8507442,98903.28
31331,2.8508508,98906.13
31332,2.851676,98908.984
31333,2.8528001,98911.836
31334,2.8536122,98914.69
31335,2.854091,98917.54
31336,2.8549788,98920.39
31337,2.8563235,98923.25
31338,2.8563118,98926.11
31339,2.8571367,98928.97
31340,2.8570943,98931.83
31341,2.8566415,98934.69
31342,2.8561187,98937.55
31343,2.8558416,98940.41
31344,2.8565018,98943.266
31345,2.8577816,98946.125
31346,2.8597891,98948.984
31347,2.8622284,98951.84
31348,2.8632588,98954.7
31349,2.8634338,98957.57
31350,2.86185,98960.43
31351,2.8602562,98963.29
31352,2.858459,98966.15
31353,2.8558354,98969.01
31354,2.8533478,98971.86
31355,2.8498628,98974.71
31356,2.8472567,98977.555
31357,2.8455079,98980.4
31358,2.8454125,98983.24
31359,2.8457866,98986.086
31360,2.8472202,98988.93
31361,2.8493047,98991.78
31362,2.8505783,98994.63
31363,2.8508928,98997.484
31364,2.8494287,99000.336
31365,2.8468535,99003.18
31366,2.84513,99006.02
31367,2.8450735,99008.87
31368,2.8459918,99011.71
31369,2.8469381,99014.555
31370,2.8464365,99017.4
31371,2.8445325,99020.24
31372,2.8439374,99023.086
31373,2.8436425,99025.93
31374,2.844143,99028.77
31375,2.8451817,99031.62
31376,2.8460824,99034.46
31377,2.846946,99037.305
31378,2.8472633,99040.15
31379,2.84793,99043.0
31380,2.8485773,99045.85
31381,2.848854,99048.7
31382,2.8489265,99051.555
31383,2.8492248,99054.41
31384,2.849362,99057.26
31385,2.8495498,99060.11
31386,2.8501472,99062.96
31387,2.85101,99065.81
31388,2.8516142,99068.664
31389,2.8517559,99071.516
31390,2.8512118,99074.37
31391,2.8517807,99077.22
31392,2.8525646,99080.07
31393,2.8526163,99082.92
31394,2.8524077,99085.77
31395,2.8518035,99088.625
31396,2.8511987,99091.48
31397,2.8504891,99094.33
31398,2.8521073,99097.18
31399,2.8543725,99100.03
31400,2.8562994,99102.89
31401,2.856859,99105.75
31402,2.8567438,99108.61
31403,2.8566635,99111.47
31404,2.8573,99114.33
31405,2.8575642,99117.19
31406,2.857272,99120.05
31407,2.8568947,99122.91
31408,2.855955,99125.766
31409,2.8562005,99128.625
31410,2.8566146,99131.484
31411,2.8566,99134.34
31412,2.8557806,99137.2
31413,2.8547413,99140.055
31414,2.8539886,99142.91
31415,2.8531191,99145.76
31416,2.8525238,99148.61
31417,2.8523972,99151.46
31418,2.8526027,99154.31
31419,2.8533828,99157.164
31420,2.8536391,99160.016
31421,2.853181,99162.87
31422,2.8524103,99165.72
31423,2.851376,99168.57
31424,2.8513193,99171.42
31425,2.852331,99174.27
31426,2.8528645,99177.125
31427,2.8527758,99179.98
31428,2.8518894,99182.83
31429,2.8508203,99185.68
31430,2.8496041,99188.53
31431,2.8478806,99191.38
31432,2.846005,99194.23
31433,2.8447464,99197.07
31434,2.8443532,99199.914
31435,2.8446853,99202.76
31436,2.8450027,99205.6
31437,2.8442738,99208.445
31438,2.8432388,99211.29
31439,2.8423898,99214.13
31440,2.8427603,99216.98
31441,2.8439798,99219.82
31442,2.8460302,99222.664
31443,2.8478823,99225.516
31444,2.8485277,99228.37
31445,2.8490436,99231.22
31446,2.8501863,99234.07
31447,2.8525004,99236.92
31448,2.8541865,99239.77
31449,2.854952,99242.625
31450,2.854525,99245.48
31451,2.8534396,99248.33
31452,2.8525732,99251.18
31453,2.851028,99254.03
31454,2.850581,99256.88
31455,2.8506255,99259.734
31456,2.8518853,99262.586
31457,2.8520844,99265.44
31458,2.8517177,99268.29
31459,2.8512225,99271.14
31460,2.850411,99273.99
31461,2.8488507,99276.84
31462,2.8486943,99279.695
31463,2.8486938,99282.55
31464,2.8479776,99285.4
31465,2.8457782,99288.24
31466,2.8437107,99291.086
31467,2.8429692,99293.93
31468,2.8431487,99296.77
31469,2.8431594,99299.62
31470,2.844163,99302.46
31471,2.8453777,99305.305
31472,2.845938,99308.15
31473,2.8465123,99310.99
31474,2.846004,99313.836
31475,2.84429,99316.68
31476,2.8424358,99319.52
31477,2.840756,99322.37
31478,2.8405757,99325.21
31479,2.8406768,99328.055
31480,2.840247,99330.9
31481,2.8401582,99333.74
31482,2.840339,99336.586
31483,2.8393428,99339.42
31484,2.838317,99342.26
31485,2.837031,99345.09
31486,2.8349743,99347.93
31487,2.8327057,99350.766
31488,2.8322377,99353.6
31489,2.8316023,99356.43
31490,2.8322895,99359.266
31491,2.8342676,99362.1
31492,2.8364608,99364.94
31493,2.837911,99367.77
31494,2.8387856,99370.61
31495,2.839536,99373.445
31496,2.8400612,99376.29
31497,2.8395264,99379.125
31498,2.8390152,99381.96
31499,2.8379838,99384.8
31500,2.8374567,99387.63
31501,2.8375604,99390.47
31502,2.8383853,99393.305
31503,2.8395984,99396.14
31504,2.8406744,99398.984
31505,2.8420918,99401.83
31506,2.842139,99404.67
31507,2.8417444,99407.516
31508,2.841042,99410.36
31509,2.840052,99413.2
31510,2.8392966,99416.04
31511,2.8387609,99418.875
31512,2.8381946,99421.71
31513,2.8375723,99424.55
31514,2.8381615,99427.38
31515,2.8397913,99430.22
31516,2.8417022,99433.06
31517,2.8441546,99435.91
31518,2.8456404,99438.75
31519,2.8474655,99441.59
31520,2.8484535,99444.445
31521,2.849612,99447.3
31522,2.8499062,99450.15
31523,2.8499134,99453.0
31524,2.8492293,99455.85
31525,2.8493795,99458.7
31526,2.8501163,99461.555
31527,2.8512776,99464.41
31528,2.851675,99467.26
31529,2.8504622,99470.11
31530,2.8496506,99472.96
31531,2.8493373,99475.81
31532,2.84924,99478.664
31533,2.8485844,99481.516
31534,2.848272,99484.37
31535,2.8484137,99487.22
31536,2.8489888,99490.07
31537,2.8496735,99492.92
31538,2.8495326,99495.77
31539,2.8497386,99498.625
31540,2.850268,99501.48
31541,2.8510058,99504.33
31542,2.8519504,99507.18
31543,2.8529215,99510.03
31544,2.8526897,99512.88
31545,2.851387,99515.734
31546,2.8508682,99518.586
31547,2.8514144,99521.44
31548,2.851991,99524.29
31549,2.8527384,99527.14
31550,2.8533587,99529.99
31551,2.853616,99532.84
31552,2.8539586,99535.695
31553,2.853937,99538.55
31554,2.853835,99541.4
31555,2.8533168,99544.25
31556,2.853533,99547.1
31557,2.8535373,99549.95
31558,2.8541412,99552.805
31559,2.8548815,99555.66
31560,2.8554225,99558.51
31561,2.8557498,99561.37
31562,2.8552454,99564.22
31563,2.8539214,99567.07
31564,2.853167,99569.92
31565,2.853381,99572.77
31566,2.8546731,99575.625
31567,2.8557262,99578.484
31568,2.855703,99581.34
31569,2.855833,99584.2
31570,2.8563464,99587.06
31571,2.8572989,99589.92
31572,2.8571675,99592.78
31573,2.8567402,99595.64
31574,2.854485,99598.49
31575,2.8515368,99601.34
31576,2.849631,99604.195
31577,2.8479662,99607.05
31578,2.846487,99609.89
31579,2.844173,99612.734
31580,2.842617,99615.58
31581,2.842027,99618.42
31582,2.8416066,99621.266
31583,2.8405085,99624.11
31584,2.8400998,99626.95
31585,2.8395653,99629.79
31586,2.8403845,99632.63
31587,2.842127,99635.48
31588,2.8440912,99638.32
31589,2.8460455,99641.164
31590,2.8461304,99644.01
31591,2.8450134,99646.85
31592,2.8438268,99649.695
31593,2.8431246,99652.54
31594,2.842689,99655.38
31595,2.8424861,99658.23
31596,2.8435137,99661.07
31597,2.8449306,99663.914
31598,2.8459787,99666.76
31599,2.8461711,99669.6
31600,2.8454356,99672.445
31601,2.8439932,99675.29
31602,2.8420868,99678.13
31603,2.8401852,99680.98
31604,2.8390055,99683.81
31605,2.8383017,99686.65
31606,2.8384414,99689.484
31607,2.8386288,99692.32
31608,2.8389506,99695.16
31609,2.838041,99697.99
31610,2.8362164,99700.83
31611,2.8341434,99703.664
31612,2.8325837,99706.5
31613,2.8319707,99709.33
31614,2.8331006,99712.164
31615,2.834903,99715.0
31616,2.8362179,99717.836
31617,2.8377848,99720.67
31618,2.8402529,99723.516
31619,2.842934,99726.36
31620,2.844584,99729.2
31621,2.8458743,99732.05
31622,2.8462625,99734.89
31623,2.8465645,99737.734
31624,2.8471859,99740.58
31625,2.8485906,99743.43
31626,2.8494318,99746.28
31627,2.8504689,99749.13
31628,2.8512106,99751.984
31629,2.8522458,99754.836
31630,2.8528798,99757.69
31631,2.8528945,99760.54
31632,2.8530006,99763.39
31633,2.8533719,99766.24
31634,2.854472,99769.09
31635,2.8559227,99771.95
31636,2.856938,99774.81
31637,2.857416,99777.67
31638,2.8574083,99780.53
31639,2.8582458,99783.39
31640,2.859455,99786.25
31641,2.8619463,99789.11
31642,2.8631203,99791.97
31643,2.863547,99794.836
31644,2.8629653,99797.695
31645,2.8619118,99800.555
31646,2.860864,99803.414
31647,2.8604288,99806.27
31648,2.8594162,99809.13
31649,2.857837,99811.99
31650,2.8568742,99814.85
31651,2.856065,99817.71
31652,2.8555558,99820.57
31653,2.8550577,99823.42
31654,2.8541799,99826.27
31655,2.8540056,99829.125
31656,2.8537316,99831.98
31657,2.8530276,99834.83
31658,2.8527904,99837.68
31659,2.8522182,99840.53
31660,2.852651,99843.38
31661,2.8529541,99846.234
31662,2.853417,99849.086
31663,2.8536956,99851.94
31664,2.8534694,99854.79
31665,2.8520424,99857.64
31666,2.8515275,99860.49
31667,2.852248,99863.34
31668,2.8535771,99866.195
31669,2.8538055,99869.05
31670,2.853493,99871.9
31671,2.8534155,99874.75
31672,2.8530962,99877.6
31673,2.852394,99880.45
31674,2.852225,99883.305
31675,2.8528402,99886.16
31676,2.8540895,99889.01
31677,2.856415,99891.87
31678,2.8577783,99894.73
31679,2.859057,99897.586
31680,2.8599977,99900.445
31681,2.861204,99903.305
31682,2.8616216,99906.164
31683,2.8617356,99909.02
31684,2.8619738,99911.88
31685,2.8620563,99914.74
31686,2.86174,99917.6
31687,2.8609073,99920.46
31688,2.8603199,99923.32
31689,2.859403,99926.18
31690,2.8591497,99929.04
31691,2.8586977,99931.9
31692,2.857701,99934.76
31693,2.8569586,99937.62
31694,2.8565826,99940.48
31695,2.85725,99943.336
31696,2.8578503,99946.195
31697,2.858225,99949.055
31698,2.8585875,99951.914
31699,2.8583074,99954.77
31700,2.8575685,99957.63
31701,2.856132,99960.49
31702,2.8549821,99963.34
31703,2.853033,99966.195
31704,2.852359,99969.05
31705,2.852077,99971.9
31706,2.8523958,99974.75
31707,2.852698,99977.6
31708,2.85205,99980.45
31709,2.8516579,99983.305
31710,2.8510742,99986.16
31711,2.8505058,99989.01
31712,2.848882,99991.86
31713,2.8462996,99994.7
31714,2.8449864,99997.55
31715,2.8443737,100000.39
31716,2.8446062,100003.234
31717,2.8456311,100006.08
31718,2.8455508,100008.92
31719,2.844176,100011.766
31720,2.8430812,100014.61
31721,2.8425183,100017.45
31722,2.8440182,100020.3
31723,2.8460917,100023.14
31724,2.8485317,100025.99
31725,2.8508961,100028.84
31726,2.8521204,100031.695
31727,2.853178,100034.55
31728,2.8530672,100037.4
31729,2.852842,100040.25
31730,2.85345,100043.1
31731,2.8541005,100045.95
31732,2.8545184,100048.805
31733,2.8550296,100051.66
31734,2.8549166,100054.51
31735,2.8547692,100057.36
31736,2.8539388,100060.21
31737,2.8532095,100063.06
31738,2.8520725,100065.914
31739,2.8513982,100068.766
31740,2.8509343,100071.62
31741,2.8509717,100074.47
31742,2.8509033,100077.32
31743,2.8506973,100080.17
31744,2.8504863,100083.02
31745,2.8499367,100085.875
31746,2.8492053,100088.73
31747,2.847712,100091.58
31748,2.8459954,100094.42
31749,2.84439,100097.266
31750,2.8427598,100100.11
31751,2.84138,100102.95
31752,2.8411899,100105.8
31753,2.8410776,100108.64
31754,2.8410535,100111.484
31755,2.8410137,100114.33
31756,2.841152,100117.17
31757,2.8413472,100120.016
31758,2.8425426,100122.86
31759,2.8436787,100125.7
31760,2.8434134,100128.55
31761,2.8426082,100131.39
31762,2.8426986,100134.234
31763,2.8436458,100137.08
31764,2.8455343,100139.92
31765,2.846594,100142.766
31766,2.846631,100145.61
31767,2.845957,100148.45
31768,2.8440444,100151.3
31769,2.842343,100154.14
31770,2.841757,100156.984
31771,2.8420186,100159.83
31772,2.8428,100162.67
31773,2.8436906,100165.516
31774,2.8450334,100168.36
31775,2.8464055,100171.2
31776,2.8474865,100174.05
31777,2.8494165,100176.9
31778,2.851953,100179.75
31779,2.8531392,100182.6
31780,2.85315,100185.45
31781,2.8534884,100188.305
31782,2.8546777,100191.16
31783,2.8559597,100194.016
31784,2.856695,100196.875
31785,2.8566136,100199.734
31786,2.8555353,100202.59
31787,2.8544354,100205.445
31788,2.8539407,100208.3
31789,2.8541014,100211.15
31790,2.8545043,100214.0
31791,2.854377,100216.85
31792,2.8547957,100219.7
31793,2.8556437,100222.56
31794,2.8562646,100225.42
31795,2.8570616,100228.28
31796,2.857932,100231.14
31797,2.8579974,100234.0
31798,2.8572469,100236.86
31799,2.8555384,100239.72
31800,2.8541515,100242.57
31801,2.852521,100245.42
31802,2.8508575,100248.27
31803,2.850241,100251.125
31804,2.849425,100253.98
31805,2.84918,100256.83
31806,2.8485825,100259.68
31807,2.848576,100262.53
31808,2.8485882,100265.38
31809,2.847852,100268.234
31810,2.8476737,100271.086
31811,2.8478029,100273.94
31812,2.8490236,100276.79
31813,2.8506045,100279.64
31814,2.8515003,100282.49
31815,2.8509793,100285.34
31816,2.851262,100288.195
31817,2.8510163,100291.05
31818,2.8501086,100293.9
31819,2.8485677,100296.75
31820,2.848501,100299.6
31821,2.8482099,100302.45
31822,2.8484948,100305.305
31823,2.8497164,100308.16
31824,2.8515081,100311.01
31825,2.8533447,100313.86
31826,2.8544765,100316.71
31827,2.85577,100319.57
31828,2.8554764,100322.43
31829,2.8542395,100325.28
31830,2.8525145,100328.13
31831,2.8512237,100330.984
31832,2.8500223,100333.836
31833,2.8486595,100336.69
31834,2.845901,100339.53
31835,2.8419476,100342.375
31836,2.8382332,100345.21
31837,2.8353856,100348.05
31838,2.8342376,100350.88
31839,2.832951,100353.72
31840,2.833027,100356.555
31841,2.8344696,100359.39
31842,2.834789,100362.23
31843,2.8342302,100365.06
31844,2.8341234,100367.9
31845,2.8349009,100370.734
31846,2.8358526,100373.57
31847,2.8371425,100376.41
31848,2.8380258,100379.24
31849,2.839482,100382.08
31850,2.8395934,100384.914
31851,2.8386843,100387.75
31852,2.8372333,100390.586
31853,2.8358896,100393.42
31854,2.8352857,100396.26
31855,2.8339348,100399.09
31856,2.834382,100401.93
31857,2.8343015,100404.766
31858,2.8343575,100407.6
31859,2.8339403,100410.44
31860,2.8336115,100413.27
31861,2.8344185,100416.11
31862,2.835881,100418.945
31863,2.837711,100421.78
31864,2.8386014,100424.62
31865,2.83952,100427.45
31866,2.8403833,100430.3
31867,2.8401616,100433.14
31868,2.83937,100435.98
31869,2.8383844,100438.81
31870,2.8383687,100441.65
31871,2.8388128,100444.484
31872,2.8389485,100447.32
31873,2.839287,100450.16
31874,2.8398025,100452.99
31875,2.8402736,100455.836
31876,2.8400683,100458.68
31877,2.839891,100461.52
31878,2.840546,100464.37
31879,2.8406193,100467.21
31880,2.8406863,100470.055
31881,2.8405743,100472.9
31882,2.8403692,100475.74
31883,2.838683,100478.58
31884,2.8377635,100481.414
31885,2.8379946,100484.25
31886,2.8391254,100487.086
31887,2.8400154,100489.93
31888,2.841033,100492.77
31889,2.8419843,100495.62
31890,2.8425968,100498.46
31891,2.843999,100501.305
31892,2.8455384,100504.15
31893,2.8460507,100506.99
31894,2.846268,100509.836
31895,2.846341,100512.68
31896,2.8481874,100515.53
31897,2.8508103,100518.38
31898,2.8520517,100521.234
31899,2.8517122,100524.086
31900,2.8500798,100526.94
31901,2.8482308,100529.79
31902,2.8461077,100532.63
31903,2.8443837,100535.48
31904,2.8432891,100538.32
31905,2.8427136,100541.164
31906,2.8428416,100544.01
31907,2.8429556,100546.85
31908,2.8430243,100549.695
31909,2.8435347,100552.54
31910,2.8444188,100555.38
31911,2.8446605,100558.23
31912,2.8445008,100561.07
31913,2.8439407,100563.914
31914,2.8437402,100566.76
31915,2.8433306,100569.6
31916,2.8433144,100572.445
31917,2.8436818,100575.29
31918,2.8429675,100578.13
31919,2.8421774,100580.98
31920,2.8428998,100583.82
31921,2.8448193,100586.664
31922,2.8465579,100589.51
31923,2.8485367,100592.36
31924,2.8492498,100595.21
31925,2.8498907,100598.06
31926,2.8507724,100600.914
31927,2.85201,100603.766
31928,2.852563,100606.62
31929,2.852048,100609.47
31930,2.8509707,100612.32
31931,2.8488915,100615.17
31932,2.8464153,100618.016
31933,2.8439531,100620.86
31934,2.8437417,100623.7
31935,2.8458567,100626.55
31936,2.8481324,100629.4
31937,2.8509865,100632.25
31938,2.8525422,100635.1
31939,2.8532805,100637.95
31940,2.8532684,100640.805
31941,2.8525734,100643.66
31942,2.851417,100646.51
31943,2.8498592,100649.36
31944,2.8485477,100652.21
31945,2.847264,100655.055
31946,2.847119,100657.9
31947,2.8476262,100660.74
31948,2.8478887,100663.59
31949,2.847926,100666.445
31950,2.8475778,100669.29
31951,2.8470616,100672.13
31952,2.8479776,100674.984
31953,2.8484018,100677.836
31954,2.84772,100680.69
31955,2.8463194,100683.53
31956,2.8458047,100686.375
31957,2.8450203,100689.22
31958,2.8436327,100692.06
31959,2.842669,100694.91
31960,2.8429852,100697.75
31961,2.8433762,100700.59
31962,2.8443542,100703.44
31963,2.845952,100706.28
31964,2.8457692,100709.125
31965,2.8450534,100711.97
31966,2.8440027,100714.81
31967,2.8431172,100717.66
31968,2.8430367,100720.5
31969,2.8427038,100723.34
31970,2.842459,100726.19
31971,2.8426254,100729.03
31972,2.8428159,100731.875
31973,2.8431497,100734.72
31974,2.8428905,100737.56
31975,2.841563,100740.41
31976,2.840496,100743.25
31977,2.839929,100746.09
31978,2.8399515,100748.94
31979,2.8390286,100751.77
31980,2.8389368,100754.61
31981,2.8392596,100757.445
31982,2.8398716,100760.29
31983,2.841116,100763.13
31984,2.8426208,100765.98
31985,2.8436089,100768.82
31986,2.8439832,100771.664
31987,2.8433764,100774.51
31988,2.841993,100777.35
31989,2.8408816,100780.195
31990,2.839952,100783.04
31991,2.839578,100785.875
31992,2.8390841,100788.71
31993,2.8380501,100791.55
31994,2.8370142,100794.38
31995,2.836228,100797.22
31996,2.8357594,100800.055
31997,2.8345437,100802.89
31998,2.833327,100805.73
31999,2.8326201,100808.56
32000,2.8327036,100811.4
32001,2.8335297,100814.234
32002,2.8348272,100817.07
32003,2.8354285,100819.91
32004,2.837277,100822.74
32005,2.8398192,100825.58
32006,2.8418672,100828.42
32007,2.8427496,100831.266
32008,2.8419008,100834.11
32009,2.8405669,100836.95
32010,2.839622,100839.79
32011,2.839118,100842.625
32012,2.839229,100845.46
32013,2.8395069,100848.3
32014,2.839002,100851.13
32015,2.8381777,100853.97
32016,2.8383617,100856.805
32017,2.839431,100859.64
32018,2.840646,100862.484
32019,2.841997,100865.33
32020,2.8427587,100868.17
32021,2.843568,100871.016
32022,2.8445766,100873.86
32023,2.8456256,100876.7
32024,2.8466334,100879.55
32025,2.8476174,100882.39
32026,2.8489099,100885.24
32027,2.850488,100888.09
32028,2.8512409,100890.945
32029,2.8527074,100893.8
32030,2.8543127,100896.65
32031,2.8555365,100899.51
32032,2.8564677,100902.37
32033,2.8574922,100905.23
32034,2.857711,100908.086
32035,2.8573978,100910.945
32036,2.8574982,100913.805
32037,2.8580816,100916.664
32038,2.8595352,100919.52
32039,2.86044,100922.38
32040,2.860383,100925.24
32041,2.8597925,100928.1
32042,2.858443,100930.96
32043,2.8571124,100933.82
32044,2.8554974,100936.68
32045,2.8537014,100939.53
32046,2.852587,100942.38
32047,2.851853,100945.234
32048,2.8515701,100948.086
32049,2.8509972,100950.94
32050,2.8506234,100953.79
32051,2.8506825,100956.64
32052,2.8510363,100959.49
32053,2.8514268,100962.34
32054,2.8516028,100965.195
32055,2.8514557,100968.05
32056,2.851211,100970.9
32057,2.8507602,100973.75
32058,2.8512762,100976.6
32059,2.852159,100979.45
32060,2.8531997,100982.305
32061,2.8535051,100985.16
32062,2.8533359,100988.01
32063,2.8530977,100990.86
32064,2.8537643,100993.71
32065,2.8553956,100996.56
32066,2.8578167,100999.42
32067,2.8600044,101002.28
32068,2.8609164,101005.14
32069,2.8606122,101008.0
32070,2.860326,101010.86
32071,2.859793,101013.72
32072,2.860176,101016.58
32073,2.8610055,101019.44
32074,2.861071,101022.3
32075,2.8614507,101025.16
32076,2.8610952,101028.016
32077,2.8599722,101030.875
32078,2.858756,101033.734
32079,2.8580518,101036.59
32080,2.8589098,101039.45
32081,2.859909,101042.31
32082,2.8595757,101045.17
32083,2.859239,101048.03
32084,2.8580737,101050.89
32085,2.8566632,101053.75
32086,2.8545074,101056.6
32087,2.8527267,101059.45
32088,2.850234,101062.305
32089,2.847563,101065.15
32090,2.8468454,101067.99
32091,2.847553,101070.836
32092,2.8483756,101073.69
32093,2.8488197,101076.54
32094,2.8488164,101079.39
32095,2.8489394,101082.24
32096,2.8491662,101085.09
32097,2.8494585,101087.945
32098,2.8492763,101090.8
32099,2.8487384,101093.65
32100,2.8478863,101096.5
32101,2.8460617,101099.34
32102,2.8451374,101102.19
32103,2.8437963,101105.03
32104,2.844515,101107.875
32105,2.8460488,101110.72
32106,2.8481908,101113.57
32107,2.8506882,101116.42
32108,2.8522124,101119.27
32109,2.854385,101122.125
32110,2.8562195,101124.984
32111,2.8581553,101127.84
32112,2.858644,101130.7
32113,2.8584943,101133.56
32114,2.8578398,101136.42
32115,2.857261,101139.28
32116,2.8568192,101142.14
32117,2.8555377,101145.0
32118,2.854331,101147.85
32119,2.8544452,101150.7
32120,2.8548284,101153.555
32121,2.8558667,101156.414
32122,2.8561065,101159.27
32123,2.8551831,101162.125
32124,2.8543336,101164.98
32125,2.8530853,101167.83
32126,2.8523479,101170.68
32127,2.8518267,101173.53
32128,2.8501687,101176.38
32129,2.8489258,101179.234
32130,2.8471735,101182.08
32131,2.8459265,101184.92
32132,2.8450367,101187.766
32133,2.8447096,101190.61
32134,2.8451893,101193.45
32135,2.8454819,101196.3
32136,2.8457568,101199.14
32137,2.8454452,101201.984
32138,2.8462362,101204.83
32139,2.8475962,101207.67
32140,2.8489656,101210.52
32141,2.8497195,101213.375
32142,2.8499484,101216.23
32143,2.8496356,101219.08
32144,2.8489418,101221.93
32145,2.8484783,101224.78
32146,2.8481565,101227.63
32147,2.848331,101230.484
32148,2.8486905,101233.336
32149,2.8491783,101236.19
32150,2.8484511,101239.04
32151,2.848467,101241.89
32152,2.8480067,101244.74
32153,2.8470724,101247.586
32154,2.846406,101250.43
32155,2.846253,101253.27
32156,2.8457332,101256.12
32157,2.8450878,101258.96
32158,2.8452911,101261.805
32159,2.8455014,101264.65
32160,2.8450847,101267.49
32161,2.8445473,101270.336
32162,2.8443232,101273.18
32163,2.8440497,101276.02
32164,2.8429308,101278.87
32165,2.8412137,101281.71
32166,2.8405783,101284.555
32167,2.8411899,101287.4
32168,2.8428316,101290.24
32169,2.844502,101293.086
32170,2.8468294,101295.93
32171,2.8495421,101298.78
32172,2.8508983,101301.63
32173,2.851798,101304.484
32174,2.85172,101307.336
32175,2.8521495,101310.19
32176,2.8532202,101313.04
32177,2.8534155,101315.89
32178,2.8532846,101318.74
32179,2.8525949,101321.59
32180,2.8529541,101324.445
32181,2.853919,101327.3
32182,2.8547266,101330.15
32183,2.855512,101333.01
32184,2.8558671,101335.87
32185,2.85625,101338.73
32186,2.856386,101341.586
32187,2.8563678,101344.445
32188,2.8569064,101347.305
32189,2.8577297,101350.164
32190,2.8577263,101353.02
32191,2.8573887,101355.88
32192,2.8568828,101358.74
32193,2.8558872,101361.6
32194,2.8541124,101364.45
32195,2.8518305,101367.305
32196,2.8504012,101370.16
32197,2.8492084,101373.01
32198,2.8476284,101375.85
32199,2.8453221,101378.695
32200,2.844196,101381.54
32201,2.8439548,101384.38
32202,2.8444247,101387.23
32203,2.8457422,101390.07
32204,2.8463643,101392.914
32205,2.8460634,101395.76
32206,2.8451653,101398.6
32207,2.8442607,101401.445
32208,2.843845,101404.29
32209,2.843611,101407.13
32210,2.8436968,101409.98
32211,2.8437963,101412.82
32212,2.843428,101415.664
32213,2.8435292,101418.51
32214,2.8446186,101421.35
32215,2.8457894,101424.195
32216,2.8474123,101427.04
32217,2.8506212,101429.89
32218,2.8537238,101432.74
32219,2.8564968,101435.6
32220,2.8570807,101438.46
32221,2.8564172,101441.32
32222,2.8560715,101444.18
32223,2.8559399,101447.04
32224,2.8553505,101449.89
32225,2.8549578,101452.74
32226,2.8550038,101455.59
32227,2.8543787,101458.445
32228,2.854522,101461.3
32229,2.8548071,101464.15
32230,2.8556273,101467.01
32231,2.8564012,101469.87
32232,2.856592,101472.73
32233,2.8566165,101475.586
32234,2.856099,101478.445
32235,2.8561096,101481.305
32236,2.8559184,101484.164
32237,2.855116,101487.016
32238,2.8537502,101489.87
32239,2.8529499,101492.72
32240,2.8520138,101495.57
32241,2.851527,101498.42
32242,2.8505523,101501.27
32243,2.8478618,101504.125
32244,2.8459845,101506.97
32245,2.8442323,101509.81
32246,2.8447926,101512.66
32247,2.8451319,101515.5
32248,2.8456488,101518.34
32249,2.8462746,101521.19
32250,2.8450072,101524.03
32251,2.8434465,101526.875
32252,2.8421957,101529.72
32253,2.8414638,101532.56
32254,2.839744,101535.4
32255,2.8368893,101538.234
32256,2.8364642,101541.07
32257,2.8372147,101543.91
32258,2.8384502,101546.74
32259,2.8392763,101549.58
32260,2.8407664,101552.42
32261,2.8425324,101555.266
32262,2.8445597,101558.11
32263,2.8461404,101560.95
32264,2.8475258,101563.8
32265,2.8489022,101566.65
32266,2.8492062,101569.5
32267,2.8478732,101572.35
32268,2.8470058,101575.195
32269,2.8460765,101578.04
32270,2.8459265,101580.88
32271,2.8466632,101583.73
32272,2.8486748,101586.58
32273,2.850424,101589.43
32274,2.8516023,101592.28
32275,2.8520424,101595.13
32276,2.8519907,101597.984
32277,2.851655,101600.836
32278,2.8505318,101603.69
32279,2.8482773,101606.54
32280,2.846397,101609.38
32281,2.8449483,101612.23
32282,2.8437688,101615.07
32283,2.8424556,101617.914
32284,2.8423984,101620.76
32285,2.8426702,101623.6
32286,2.8428357,101626.445
32287,2.8428104,101629.29
32288,2.8433146,101632.13
32289,2.845312,101634.98
32290,2.846898,101637.82
32291,2.8484554,101640.67
32292,2.847835,101643.52
32293,2.846491,101646.37
32294,2.8454192,101649.21
32295,2.8434763,101652.055
32296,2.8414774,101654.9
32297,2.8401654,101657.74
32298,2.8384774,101660.58
32299,2.8347855,101663.414
32300,2.8326318,101666.25
32301,2.832567,101669.086
32302,2.8347461,101671.92
32303,2.8369288,101674.76
32304,2.8385406,101677.59
32305,2.839832,101680.43
32306,2.8408623,101683.27
32307,2.8420765,101686.12
32308,2.842863,101688.96
32309,2.8441076,101691.805
32310,2.8443072,101694.65
32311,2.8437724,101697.49
32312,2.8420913,101700.336
32313,2.8400376,101703.18
32314,2.8397841,101706.016
32315,2.8408663,101708.86
32316,2.841133,101711.7
32317,2.8420947,101714.55
32318,2.841452,101717.39
32319,2.8409088,101720.234
32320,2.8410754,101723.08
32321,2.8419816,101725.92
32322,2.8424869,101728.766
32323,2.8433604,101731.61
32324,2.8439705,101734.45
32325,2.8448365,101737.3
32326,2.8445024,101740.14
32327,2.8432565,101742.984
32328,2.8425527,101745.83
32329,2.8417804,101748.67
32330,2.840604,101751.516
32331,2.839375,101754.35
32332,2.8387291,101757.19
32333,2.837918,101760.02
32334,2.8379104,101762.86
32335,2.8383245,101765.695
32336,2.8386607,101768.53
32337,2.8389153,101771.37
32338,2.8399563,101774.21
32339,2.8410904,101777.055
32340,2.841798,101779.9
32341,2.8427682,101782.74
32342,2.8429523,101785.586
32343,2.8436084,101788.43
32344,2.84388,101791.27
32345,2.8439238,101794.12
32346,2.844232,101796.96
32347,2.8440332,101799.805
32348,2.8443952,101802.65
32349,2.8458068,101805.49
32350,2.8480318,101808.34
32351,2.8507614,101811.195
32352,2.852473,101814.05
32353,2.8533633,101816.9
32354,2.853906,101819.75
32355,2.8541405,101822.6
32356,2.8549778,101825.45
32357,2.856233,101828.31
32358,2.8570883,101831.17
32359,2.8583238,101834.03
32360,2.858778,101836.89
32361,2.859129,101839.75
32362,2.8594742,101842.61
32363,2.859518,101845.47
32364,2.8590746,101848.33
32365,2.8582032,101851.19
32366,2.8571634,101854.05
32367,2.8562102,101856.91
32368,2.8561873,101859.766
32369,2.8560536,101862.625
32370,2.8550751,101865.48
32371,2.8527439,101868.33
32372,2.8500304,101871.18
32373,2.847691,101874.03
32374,2.8464074,101876.875
32375,2.8443868,101879.72
32376,2.8431735,101882.56
32377,2.8422835,101885.41
32378,2.8424869,101888.25
32379,2.8427002,101891.09
32380,2.8435922,101893.94
32381,2.8446033,101896.78
32382,2.8449974,101899.625
32383,2.8447087,101902.47
32384,2.8440983,101905.31
32385,2.8452408,101908.16
32386,2.846441,101911.0
32387,2.84761,101913.84
32388,2.847436,101916.69
32389,2.8474789,101919.53
32390,2.8480496,101922.38
32391,2.848888,101925.234
32392,2.8498828,101928.086
32393,2.8507924,101930.94
32394,2.8521988,101933.79
32395,2.8540187,101936.64
32396,2.8547943,101939.49
32397,2.854575,101942.34
32398,2.8544998,101945.195
32399,2.8541708,101948.05
32400,2.8540132,101950.9
32401,2.853662,101953.75
32402,2.853069,101956.6
32403,2.852434,101959.45
32404,2.8523128,101962.305
32405,2.8525755,101965.16
32406,2.852462,101968.01
32407,2.8513713,101970.86
32408,2.8496184,101973.71
32409,2.8474498,101976.555
32410,2.845445,101979.4
32411,2.8443203,101982.24
32412,2.8438606,101985.086
32413,2.8437016,101987.93
32414,2.8439653,101990.77
32415,2.8429918,101993.62
32416,2.8423324,101996.46
32417,2.8418088,101999.305
32418,2.8408673,102002.15
32419,2.8400986,102004.99
32420,2.8396904,102007.83
32421,2.8399174,102010.67
32422,2.8402398,102013.516
32423,2.8403058,102016.36
32424,2.839956,102019.2
32425,2.839371,102022.04
32426,2.837919,102024.875
32427,2.8368165,102027.71
32428,2.8366902,102030.55
32429,2.838133,102033.38
32430,2.8392682,102036.22
32431,2.8399358,102039.06
32432,2.8398561,102041.91
32433,2.83921,102044.74
32434,2.8395581,102047.58
32435,2.8401403,102050.42
32436,2.8407304,102053.266
32437,2.840951,102056.11
32438,2.8419507,102058.95
32439,2.8432052,102061.8
32440,2.8436692,102064.64
32441,2.8444164,102067.484
32442,2.8443065,102070.33
32443,2.8441832,102073.17
32444,2.8438747,102076.016
32445,2.8443377,102078.86
32446,2.845939,102081.7
32447,2.84715,102084.55
32448,2.8471634,102087.39
32449,2.8469994,102090.234
32450,2.8463607,102093.08
32451,2.8458362,102095.92
32452,2.8457549,102098.766
32453,2.8462265,102101.61
32454,2.8472793,102104.45
32455,2.848345,102107.305
32456,2.8489022,102110.16
32457,2.8490462,102113.01
32458,2.8487053,102115.86
32459,2.8485248,102118.71
32460,2.848005,102121.56
32461,2.847463,102124.41
32462,2.8473604,102127.25
32463,2.8471472,102130.09
32464,2.846731,102132.94
32465,2.8460953,102135.78
32466,2.8464725,102138.625
32467,2.846944,102141.47
32468,2.84635,102144.31
32469,2.8458524,102147.16
32470,2.845339,102150.0
32471,2.8454416,102152.84
32472,2.845321,102155.69
32473,2.845392,102158.53
32474,2.8458343,102161.375
32475,2.8455975,102164.22
32476,2.8457406,102167.06
32477,2.8463674,102169.91
32478,2.846939,102172.75
32479,2.847623,102175.59
32480,2.8483386,102178.445
32481,2.849445,102181.3
32482,2.850621,102184.15
32483,2.8518157,102187.0
32484,2.85249,102189.85
32485,2.8524487,102192.7
32486,2.852794,102195.555
32487,2.8536186,102198.41
32488,2.8540852,102201.26
32489,2.854703,102204.11
32490,2.8551517,102206.96
32491,2.8556738,102209.82
32492,2.8553352,102212.67
32493,2.8546057,102215.52
32494,2.853405,102218.375
32495,2.8519275,102221.23
32496,2.8505244,102224.08
32497,2.849418,102226.93
32498,2.84827,102229.78
32499,2.8463516,102232.625
32500,2.8447475,102235.47
32501,2.8444412,102238.31
32502,2.845385,102241.16
32503,2.8475838,102244.0
32504,2.8482497,102246.85
32505,2.8478973,102249.7
32506,2.8471398,102252.55
32507,2.8457816,102255.39
32508,2.8449771,102258.234
32509,2.8448088,102261.08
32510,2.8457103,102263.92
32511,2.8463073,102266.766
32512,2.8461316,102269.61
32513,2.8463228,102272.45
32514,2.845909,102275.3
32515,2.8442404,102278.14
32516,2.8435597,102280.984
32517,2.843015,102283.83
32518,2.8433206,102286.67
32519,2.844209,102289.516
32520,2.8456368,102292.36
32521,2.8466127,102295.2
32522,2.8457942,102298.05
32523,2.8449981,102300.89
32524,2.845445,102303.734
32525,2.8460097,102306.58
32526,2.8473723,102309.42
32527,2.84851,102312.27
32528,2.8488224,102315.125
32529,2.8480434,102317.98
32530,2.8468645,102320.82
32531,2.8461368,102323.664
32532,2.845283,102326.51
32533,2.8444965,102329.35
32534,2.8434381,102332.195
32535,2.841867,102335.04
32536,2.8407843,102337.88
32537,2.8400667,102340.73
32538,2.8397996,102343.56
32539,2.8397832,102346.4
32540,2.8397,102349.234
32541,2.839273,102352.07
32542,2.8384292,102354.91
32543,2.8368962,102357.74
32544,2.836293,102360.58
32545,2.8358202,102363.414
32546,2.8366945,102366.25
32547,2.8389015,102369.086
32548,2.8403854,102371.93
32549,2.840392,102374.77
32550,2.8397021,102377.61
32551,2.8388567,102380.445
32552,2.8381364,102383.28
32553,2.8362832,102386.12
32554,2.835029,102388.95
32555,2.8342738,102391.79
32556,2.8334541,102394.625
32557,2.8330789,102397.46
32558,2.833686,102400.3
32559,2.8357875,102403.13
32560,2.838732,102405.97
32561,2.841551,102408.81
32562,2.8438888,102411.66
32563,2.8448725,102414.5
32564,2.8444378,102417.34
32565,2.8445864,102420.19
32566,2.8464336,102423.03
32567,2.8493843,102425.88
32568,2.8516827,102428.734
32569,2.8540814,102431.586
32570,2.8556457,102434.445
32571,2.8569925,102437.305
32572,2.8582823,102440.164
32573,2.8586075,102443.02
32574,2.858802,102445.88
32575,2.8594396,102448.74
32576,2.8600223,102451.6
32577,2.8605037,102454.46
32578,2.8616803,102457.32
32579,2.8627923,102460.18
32580,2.8636713,102463.05
32581,2.8641512,102465.914
32582,2.8643847,102468.78
32583,2.864184,102471.65
32584,2.8626704,102474.51
32585,2.8599303,102477.37
32586,2.858173,102480.23
32587,2.8572247,102483.086
32588,2.857026,102485.945
32589,2.856968,102488.805
32590,2.857427,102491.664
32591,2.8580143,102494.52
32592,2.8578198,102497.38
32593,2.8581564,102500.24
32594,2.8586016,102503.1
32595,2.8586986,102505.96
32596,2.8590987,102508.82
32597,2.8599608,102511.68
32598,2.8594787,102514.54
32599,2.8585145,102517.4
32600,2.8578951,102520.26
32601,2.8582363,102523.12
32602,2.8579042,102525.98
32603,2.8566382,102528.836
32604,2.8548784,102531.69
32605,2.8533242,102534.54
32606,2.8520355,102537.39
32607,2.8518026,102540.24
32608,2.85147,102543.09
32609,2.851505,102545.945
32610,2.8516252,102548.8
32611,2.852232,102551.65
32612,2.8532193,102554.5
32613,2.854629,102557.35
32614,2.856464,102560.21
32615,2.858112,102563.07
32616,2.85928,102565.93
32617,2.8596795,102568.79
32618,2.8594854,102571.65
32619,2.8589537,102574.51
32620,2.8583558,102577.37
32621,2.85846,102580.23
32622,2.8592055,102583.086
32623,2.8605285,102585.945
32624,2.8619604,102588.805
32625,2.8637667,102591.67
32626,2.8642719,102594.54
32627,2.8637967,102597.41
32628,2.8624947,102600.266
32629,2.8609107,102603.125
32630,2.8602166,102605.984
32631,2.8601184,102608.84
32632,2.8600357,102611.7
32633,2.8585436,102614.56
32634,2.856777,102617.42
32635,2.854156,102620.27
32636,2.851345,102623.125
32637,2.848863,102625.98
32638,2.8477297,102628.83
32639,2.847665,102631.68
32640,2.847703,102634.53
32641,2.848666,102637.38
32642,2.8508885,102640.234
32643,2.8529713,102643.086
32644,2.8531945,102645.94
32645,2.8531559,102648.79
32646,2.8518243,102651.64
32647,2.8496187,102654.49
32648,2.8480432,102657.34
32649,2.8469133,102660.19
32650,2.8463893,102663.03
32651,2.8467271,102665.875
32652,2.8472474,102668.72
32653,2.8468018,102671.56
32654,2.846374,102674.41
32655,2.8460708,102677.25
32656,2.8464692,102680.09
32657,2.84649,102682.94
32658,2.8450558,102685.78
32659,2.8433003,102688.625
32660,2.840731,102691.47
32661,2.8385963,102694.305
32662,2.8372161,102697.14
32663,2.8364434,102699.98
32664,2.8359015,102702.81
32665,2.8351228,102705.65
32666,2.8343313,102708.484
32667,2.8330395,102711.32
32668,2.8318944,102714.15
32669,2.8317032,102716.98
32670,2.832805,102719.81
32671,2.8336864,102722.65
32672,2.8344152,102725.484
32673,2.835212,102728.32
32674,2.8361926,102731.16
32675,2.8384373,102733.99
32676,2.8409379,102736.836
32677,2.8424442,102739.68
32678,2.8436162,102742.52
32679,2.844495,102745.37
32680,2.845277,102748.21
32681,2.8460305,102751.055
32682,2.84644,102753.9
32683,2.8457935,102756.74
32684,2.8461294,102759.586
32685,2.846589,102762.43
32686,2.8469636,102765.27
32687,2.8465683,102768.12
32688,2.8452523,102770.96
32689,2.8434725,102773.805
32690,2.8421307,102776.65
32691,2.842103,102779.49
32692,2.84057,102782.336
32693,2.837992,102785.17
32694,2.835918,102788.01
32695,2.835168,102790.84
32696,2.8354352,102793.68
32697,2.8365033,102796.516
32698,2.8380349,102799.35
32699,2.8394198,102802.19
32700,2.8392665,102805.02
32701,2.8398187,102807.86
32702,2.839492,102810.695
32703,2.8390067,102813.53
32704,2.8377786,102816.37
32705,2.837055,102819.2
32706,2.8361022,102822.04
32707,2.833746,102824.875
32708,2.8319194,102827.7
32709,2.8307283,102830.53
32710,2.8316665,102833.36
32711,2.8322399,102836.195
32712,2.8327856,102839.03
32713,2.8332522,102841.87
32714,2.8334312,102844.7
32715,2.8336957,102847.54
32716,2.8329747,102850.375
32717,2.8310144,102853.2
32718,2.8306763,102856.03
32719,2.8315363,102858.86
32720,2.8321328,102861.695
32721,2.8326693,102864.53
32722,2.8334525,102867.37
32723,2.834367,102870.2
32724,2.8340945,102873.04
32725,2.8336575,102875.875
32726,2.8330977,102878.71
32727,2.8332262,102881.55
32728,2.8340454,102884.38
32729,2.836021,102887.22
32730,2.837235,102890.055
32731,2.837702,102892.89
32732,2.8375266,102895.73
32733,2.8372881,102898.56
32734,2.8358362,102901.4
32735,2.8335626,102904.234
32736,2.8312051,102907.06
32737,2.828256,102909.89
32738,2.826826,102912.72
32739,2.825541,102915.55
32740,2.8259332,102918.375
32741,2.8273451,102921.2
32742,2.8303854,102924.03
32743,2.8339877,102926.87
32744,2.837513,102929.7
32745,2.8405316,102932.55
32746,2.8426037,102935.39
32747,2.8437319,102938.234
32748,2.8441286,102941.08
32749,2.8442829,102943.92
32750,2.8430417,102946.766
32751,2.841043,102949.61
32752,2.8383229,102952.445
32753,2.8349843,102955.28
32754,2.8331635,102958.12
32755,2.832248,102960.95
32756,2.8317275,102963.78
32757,2.831822,102966.61
32758,2.8319104,102969.44
32759,2.8335114,102972.27
32760,2.8350594,102975.11
32761,2.8361516,102977.945
32762,2.836172,102980.78
32763,2.8366644,102983.62
32764,2.8372023,102986.45
32765,2.8372579,102989.29
32766,2.8372056,102992.125
32767,2.8376231,102994.96
32768,2.8379767,102997.8
32769,2.8378754,103000.63
32770,2.837493,103003.47
32771,2.837602,103006.305
32772,2.83901,103009.14
32773,2.8410408,103011.984
32774,2.8433504,103014.83
32775,2.8453233,103017.67
32776,2.846204,103020.516
32777,2.8471506,103023.36
32778,2.8487613,103026.21
32779,2.8514836,103029.06
32780,2.854483,103031.914
32781,2.8563888,103034.77
32782,2.8570867,103037.63
32783,2.858061,103040.49
32784,2.8592892,103043.35
32785,2.8608682,103046.21
32786,2.8619735,103049.07
32787,2.8635395,103051.94
32788,2.863412,103054.805
32789,2.863,103057.664
32790,2.86204,103060.52
32791,2.8625968,103063.38
32792,2.8644512,103066.25
32793,2.8668778,103069.12
32794,2.8680072,103071.984
32795,2.8692038,103074.85
32796,2.8696182,103077.72
32797,2.8695672,103080.586
32798,2.8685687,103083.45
32799,2.8661025,103086.32
32800,2.8641875,103089.19
32801,2.8620965,103092.05
32802,2.8605666,103094.91
32803,2.8596764,103097.766
32804,2.8593013,103100.625
32805,2.8582742,103103.484
32806,2.8571887,103106.34
32807,2.855611,103109.2
32808,2.8546999,103112.055
32809,2.8545542,103114.91
32810,2.8542013,103117.76
32811,2.8532271,103120.61
32812,2.851813,103123.46
32813,2.850599,103126.31
32814,2.8493383,103129.164
32815,2.8485973,103132.016
32816,2.8477523,103134.87
32817,2.8462343,103137.71
32818,2.8452303,103140.555
32819,2.84376,103143.4
32820,2.8432348,103146.24
32821,2.8428848,103149.086
32822,2.8431795,103151.93
32823,2.8443463,103154.77
32824,2.8453298,103157.62
32825,2.8458374,103160.46
32826,2.8455446,103163.305
32827,2.8449347,103166.15
32828,2.8441317,103168.99
32829,2.8432424,103171.836
32830,2.841945,103174.68
32831,2.8405507,103177.52
32832,2.840136,103180.37
32833,2.840196,103183.21
32834,2.8411942,103186.055
32835,2.8426986,103188.9
32836,2.8440065,103191.74
32837,2.8442845,103194.586
32838,2.8432868,103197.43
32839,2.842206,103200.27
32840,2.8418212,103203.12
32841,2.8419888,103205.96
32842,2.842492,103208.805
32843,2.8432672,103211.65
32844,2.843745,103214.49
32845,2.844113,103217.336
32846,2.8450208,103220.18
32847,2.845301,103223.02
32848,2.8460393,103225.87
32849,2.8461928,103228.71
32850,2.8465478,103231.555
32851,2.8475158,103234.4
32852,2.8492126,103237.25
32853,2.8510602,103240.1
32854,2.8539422,103242.95
32855,2.8575985,103245.81
32856,2.8614502,103248.67
32857,2.865328,103251.54
32858,2.8672397,103254.41
32859,2.8678098,103257.27
32860,2.86703,103260.14
32861,2.8655772,103263.01
32862,2.8641949,103265.875
32863,2.862576,103268.734
32864,2.8620381,103271.59
32865,2.8617568,103274.45
32866,2.8623552,103277.31
32867,2.8625443,103280.17
32868,2.8624618,103283.03
32869,2.8624992,103285.89
32870,2.8627896,103288.75
32871,2.8642864,103291.62
32872,2.8654408,103294.484
32873,2.866007,103297.35
32874,2.8662007,103300.22
32875,2.8660522,103303.086
32876,2.864682,103305.95
32877,2.8620288,103308.81
32878,2.8591723,103311.67
32879,2.8563173,103314.53
32880,2.8554442,103317.38
32881,2.8543825,103320.234
32882,2.8547738,103323.086
32883,2.8555994,103325.945
32884,2.8558526,103328.805
32885,2.8558643,103331.664
32886,2.8547225,103334.516
32887,2.8535526,103337.37
32888,2.85225,103340.22
32889,2.8508348,103343.07
32890,2.8510513,103345.92
32891,2.8515441,103348.77
32892,2.8530462,103351.625
32893,2.8541448,103354.48
32894,2.854997,103357.33
32895,2.8558416,103360.19
32896,2.8558862,103363.05
32897,2.8550262,103365.9
32898,2.8538756,103368.75
32899,2.8534036,103371.6
32900,2.8540518,103374.45
32901,2.8551297,103377.305
32902,2.8560033,103380.164
32903,2.8570726,103383.02
32904,2.8588443,103385.88
32905,2.8615968,103388.74
32906,2.8632815,103391.61
32907,2.864335,103394.48
32908,2.8645527,103397.34
32909,2.8649857,103400.21
32910,2.8655517,103403.08
32911,2.8638766,103405.945
32912,2.8619614,103408.805
32913,2.860667,103411.664
32914,2.8599575,103414.52
32915,2.8601134,103417.38
32916,2.8607213,103420.24
32917,2.8610184,103423.1
32918,2.859761,103425.96
32919,2.8583696,103428.82
32920,2.8571591,103431.68
32921,2.8556688,103434.54
32922,2.8533502,103437.39
32923,2.8521414,103440.24
32924,2.8510911,103443.09
32925,2.8504436,103445.945
32926,2.8488412,103448.8
32927,2.8467433,103451.64
32928,2.8451757,103454.484
32929,2.8440487,103457.33
32930,2.844221,103460.17
32931,2.8437865,103463.016
32932,2.8437924,103465.86
32933,2.8440719,103468.7
32934,2.8439312,103471.55
32935,2.8434322,103474.39
32936,2.842962,103477.234
32937,2.8430672,103480.08
32938,2.8440878,103482.92
32939,2.8454251,103485.766
32940,2.8461864,103488.61
32941,2.846657,103491.45
32942,2.846804,103494.3
32943,2.846593,103497.14
32944,2.847288,103499.984
32945,2.8495429,103502.836
32946,2.8515942,103505.69
32947,2.8523264,103508.54
32948,2.8522577,103511.39
32949,2.8521914,103514.24
32950,2.851906,103517.09
32951,2.8511648,103519.945
32952,2.8502367,103522.8
32953,2.848106,103525.65
32954,2.8461456,103528.49
32955,2.843951,103531.336
32956,2.8425186,103534.18
32957,2.8421698,103537.02
32958,2.8416727,103539.87
32959,2.8417242,103542.71
32960,2.8423748,103545.555
32961,2.8438647,103548.4
32962,2.845193,103551.24
32963,2.8464727,103554.086
32964,2.8471828,103556.93
32965,2.847748,103559.78
32966,2.8482432,103562.63
32967,2.847882,103565.484
32968,2.8463554,103568.33
32969,2.8452928,103571.17
32970,2.8448129,103574.016
32971,2.8451586,103576.86
32972,2.8447626,103579.7
32973,2.8441255,103582.55
32974,2.844241,103585.39
32975,2.8453472,103588.234
32976,2.8465662,103591.08
32977,2.8483145,103593.93
32978,2.8498337,103596.78
32979,2.851468,103599.63
32980,2.8530746,103602.484
32981,2.8542948,103605.336
32982,2.8544357,103608.19
32983,2.8545914,103611.04
32984,2.8541925,103613.89
32985,2.8533053,103616.74
32986,2.852268,103619.59
32987,2.8504095,103622.445
32988,2.8493946,103625.3
32989,2.8495986,103628.15
32990,2.8493226,103631.0
32991,2.8487957,103633.85
32992,2.847762,103636.7
32993,2.8467178,103639.55
32994,2.8464088,103642.39
32995,2.846791,103645.234
32996,2.8480933,103648.086
32997,2.8483236,103650.94
32998,2.8480713,103653.79
32999,2.8465886,103656.63
33000,2.8454654,103659.48
33001,2.844331,103662.32
33002,2.8432791,103665.164
33003,2.842212,103668.01
33004,2.841141,103670.85
33005,2.8406563,103673.695
33006,2.8398988,103676.54
33007,2.8404977,103679.38
33008,2.841922,103682.23
33009,2.844448,103685.07
33010,2.846606,103687.914
33011,2.8484395,103690.766
33012,2.849954,103693.62
33013,2.8509176,103696.47
33014,2.851,103699.32
33015,2.85055,103702.17
33016,2.8484077,103705.02
33017,2.8454745,103707.87
33018,2.8439178,103710.71
33019,2.8432148,103713.555
33020,2.8435528,103716.4
33021,2.8446171,103719.24
33022,2.8466187,103722.086
33023,2.849069,103724.94
33024,2.8500252,103727.79
33025,2.8510087,103730.64
33026,2.851054,103733.49
33027,2.851288,103736.34
33028,2.8520758,103739.195
33029,2.8532279,103742.05
33030,2.8540776,103744.9
33031,2.8547332,103747.75
33032,2.8550127,103750.6
33033,2.8551972,103753.45
33034,2.8553174,103756.305
33035,2.854791,103759.16
33036,2.8533819,103762.01
33037,2.8520877,103764.86
33038,2.851476,103767.71
33039,2.850752,103770.56
33040,2.850111,103773.414
33041,2.849241,103776.266
33042,2.8485885,103779.12
33043,2.8473687,103781.96
33044,2.846903,103784.805
33045,2.8471272,103787.65
33046,2.8480966,103790.5
33047,2.8482518,103793.35
33048,2.8472557,103796.195
33049,2.8456619,103799.04
33050,2.8450313,103801.88
33051,2.845431,103804.73
33052,2.8465645,103807.57
33053,2.8483279,103810.42
33054,2.8491693,103813.27
33055,2.8504171,103816.125
33056,2.8499615,103818.98
33057,2.849094,103821.83
33058,2.8485765,103824.68
33059,2.8491104,103827.53
33060,2.8489354,103830.38
33061,2.8480077,103833.234
33062,2.8474371,103836.08
33063,2.846709,103838.92
33064,2.8451576,103841.766
33065,2.843484,103844.61
33066,2.8431714,103847.45
33067,2.8425164,103850.3
33068,2.8422654,103853.14
33069,2.8426135,103855.984
33070,2.8437724,103858.83
33071,2.845106,103861.67
33072,2.8464322,103864.516
33073,2.8469539,103867.36
33074,2.846544,103870.2
33075,2.8451734,103873.05
33076,2.8430955,103875.89
33077,2.8408444,103878.734
33078,2.839652,103881.57
33079,2.8385947,103884.41
33080,2.837266,103887.24
33081,2.8346786,103890.08
33082,2.8327248,103892.914
33083,2.830898,103895.74
33084,2.8300145,103898.57
33085,2.8293319,103901.4
33086,2.8297522,103904.23
33087,2.8312325,103907.055
33088,2.8314364,103909.88
33089,2.8310678,103912.71
33090,2.8305917,103915.54
33091,2.8309586,103918.37
33092,2.832896,103921.2
33093,2.8345394,103924.04
33094,2.8347058,103926.875
33095,2.8354917,103929.71
33096,2.8363063,103932.55
33097,2.8374176,103935.38
33098,2.8373265,103938.22
33099,2.838111,103941.055
33100,2.8380444,103943.89
33101,2.8372643,103946.73
33102,2.8365688,103949.56
33103,2.8355398,103952.4
33104,2.8348122,103955.234
33105,2.833902,103958.07
33106,2.8341668,103960.91
33107,2.834088,103963.74
33108,2.8332238,103966.58
33109,2.8323762,103969.414
33110,2.8313963,103972.24
33111,2.8299336,103975.07
33112,2.8284948,103977.9
33113,2.8279424,103980.73
33114,2.829701,103983.555
33115,2.832376,103986.39
33116,2.8349473,103989.23
33117,2.835893,103992.06
33118,2.8362954,103994.9
33119,2.836247,103997.734
33120,2.8355627,104000.57
33121,2.8351574,104003.41
33122,2.8345108,104006.24
33123,2.8348782,104009.08
33124,2.8350344,104011.914
33125,2.8358974,104014.75
33126,2.836306,104017.586
33127,2.836221,104020.42
33128,2.836051,104023.26
33129,2.8367825,104026.09
33130,2.8382993,104028.93
33131,2.8402927,104031.77
33132,2.842685,104034.62
33133,2.8448431,104037.46
33134,2.8476748,104040.31
33135,2.850041,104043.164
33136,2.851217,104046.016
33137,2.8514752,104048.87
33138,2.851332,104051.72
33139,2.8520997,104054.57
33140,2.8538485,104057.42
33141,2.855297,104060.27
33142,2.8554416,104063.125
33143,2.8545587,104065.98
33144,2.853957,104068.83
33145,2.8534102,104071.68
33146,2.8532994,104074.53
33147,2.8526082,104077.38
33148,2.8518944,104080.234
33149,2.8516073,104083.086
33150,2.8518016,104085.94
33151,2.852029,104088.79
33152,2.8521004,104091.64
33153,2.8531015,104094.49
33154,2.8544633,104097.34
33155,2.8559968,104100.2
33156,2.8560371,104103.06
33157,2.8552556,104105.914
33158,2.853412,104108.766
33159,2.8517427,104111.62
33160,2.8500884,104114.47
33161,2.8492746,104117.32
33162,2.8491635,104120.17
33163,2.849042,104123.02
33164,2.848121,104125.875
33165,2.8464737,104128.72
33166,2.845129,104131.56
33167,2.8441439,104134.41
33168,2.8453734,104137.25
33169,2.846531,104140.09
33170,2.8472638,104142.94
33171,2.8470519,104145.78
33172,2.84655,104148.625
33173,2.8457353,104151.47
33174,2.844549,104154.31
33175,2.8439696,104157.16
33176,2.843478,104160.0
33177,2.8428257,104162.84
33178,2.843156,104165.69
33179,2.843804,104168.53
33180,2.8443043,104171.375
33181,2.844993,104174.22
33182,2.8454604,104177.06
33183,2.8464172,104179.91
33184,2.8470442,104182.75
33185,2.8483658,104185.6
33186,2.8493097,104188.45
33187,2.8500628,104191.305
33188,2.8498938,104194.16
33189,2.8500443,104197.01
33190,2.8502734,104199.86
33191,2.8498046,104202.71
33192,2.8486865,104205.56
33193,2.8474133,104208.41
33194,2.8469865,104211.25
33195,2.847262,104214.09
33196,2.8474257,104216.94
33197,2.8471723,104219.78
33198,2.8464806,104222.625
33199,2.8458672,104225.47
33200,2.8453412,104228.31
33201,2.8445363,104231.16
33202,2.8429677,104234.0
33203,2.8418047,104236.84
33204,2.8407485,104239.69
33205,2.840185,104242.53
33206,2.8407083,104245.375
33207,2.8403559,104248.22
33208,2.8408785,104251.06
33209,2.8419702,104253.91
33210,2.8440676,104256.75
33211,2.8460903,104259.59
33212,2.8470573,104262.44
33213,2.8484824,104265.29
33214,2.849,104268.14
33215,2.848594,104270.99
33216,2.846609,104273.836
33217,2.843436,104276.68
33218,2.8417125,104279.52
33219,2.84034,104282.37
33220,2.8399053,104285.21
33221,2.8395984,104288.05
33222,2.83998,104290.89
33223,2.8402135,104293.734
33224,2.8416688,104296.58
33225,2.843711,104299.42
33226,2.8449566,104302.266
33227,2.8462749,104305.11
33228,2.846078,104307.95
33229,2.8456485,104310.8
33230,2.8444846,104313.64
33231,2.8428547,104316.484
33232,2.8419366,104319.33
33233,2.8416216,104322.17
33234,2.8420477,104325.016
33235,2.8422098,104327.86
33236,2.8416631,104330.7
33237,2.840266,104333.55
33238,2.8393319,104336.38
33239,2.838522,104339.22
33240,2.8388016,104342.055
33241,2.8394132,104344.89
33242,2.8405218,104347.734
33243,2.8417163,104350.58
33244,2.843316,104353.42
33245,2.845579,104356.266
33246,2.847115,104359.11
33247,2.8486714,104361.96
33248,2.8501809,104364.81
33249,2.8515964,104367.664
33250,2.8528838,104370.516
33251,2.8541293,104373.37
33252,2.855598,104376.23
33253,2.8572612,104379.086
33254,2.8577092,104381.945
33255,2.8577197,104384.805
33256,2.8576837,104387.664
33257,2.8569043,104390.52
33258,2.8562098,104393.38
33259,2.8552659,104396.234
33260,2.8540313,104399.086
33261,2.8529942,104401.94
33262,2.8521378,104404.79
33263,2.851615,104407.64
33264,2.851543,104410.49
33265,2.8518856,104413.34
33266,2.853793,104416.195
33267,2.8556223,104419.055
33268,2.8560321,104421.914
33269,2.8559103,104424.77
33270,2.8566093,104427.63
33271,2.857072,104430.49
33272,2.8582203,104433.35
33273,2.8599932,104436.21
33274,2.8617666,104439.07
33275,2.863435,104441.94
33276,2.8641417,104444.805
33277,2.8645186,104447.67
33278,2.8655376,104450.54
33279,2.8667412,104453.41
33280,2.8678975,104456.27
33281,2.8695574,104459.14
33282,2.8702366,104462.01
33283,2.8697565,104464.875
33284,2.8684685,104467.74
33285,2.8665795,104470.61
33286,2.8649843,104473.48
33287,2.8640487,104476.34
33288,2.8629045,104479.2
33289,2.862691,104482.06
33290,2.8623936,104484.92
33291,2.8631456,104487.78
33292,2.863647,104490.65
33293,2.8633244,104493.516
33294,2.8613596,104496.375
33295,2.8587983,104499.234
33296,2.8562977,104502.09
33297,2.8548098,104504.945
33298,2.8534966,104507.8
33299,2.8529098,104510.65
33300,2.8530157,104513.5
33301,2.8532023,104516.35
33302,2.8529446,104519.2
33303,2.8515334,104522.055
33304,2.8502376,104524.91
33305,2.8489184,104527.76
33306,2.8479378,104530.61
33307,2.8467822,104533.45
33308,2.8464313,104536.3
33309,2.8469887,104539.14
33310,2.8461123,104541.984
33311,2.8447683,104544.83
33312,2.84484,104547.67
33313,2.8454885,104550.516
33314,2.8469646,104553.36
33315,2.8478076,104556.21
33316,2.8468542,104559.055
33317,2.8450623,104561.9
33318,2.8447216,104564.74
33319,2.8449147,104567.586
33320,2.8451996,104570.43
33321,2.8474247,104573.27
33322,2.8505,104576.125
33323,2.853817,104578.98
33324,2.8559315,104581.836
33325,2.8575864,104584.695
33326,2.8573604,104587.555
33327,2.8562055,104590.414
33328,2.8550048,104593.266
33329,2.8534591,104596.12
33330,2.8513858,104598.97
33331,2.849373,104601.82
33332,2.847079,104604.664
33333,2.844003,104607.51
33334,2.8411515,104610.35
33335,2.8386374,104613.19
33336,2.837622,104616.02
33337,2.8380291,104618.86
33338,2.8394952,104621.695
33339,2.842175,104624.54
33340,2.8442636,104627.38
33341,2.8464992,104630.23
33342,2.847883,104633.08
33343,2.8494744,104635.93
33344,2.8509805,104638.78
33345,2.8518937,104641.63
33346,2.8533292,104644.484
33347,2.8545086,104647.336
33348,2.8548295,104650.19
33349,2.8549142,104653.04
33350,2.8542426,104655.89
33351,2.8527498,104658.74
33352,2.8508687,104661.59
33353,2.8490396,104664.445
33354,2.847604,104667.29
33355,2.8463945,104670.13
33356,2.846428,104672.98
33357,2.8472092,104675.82
33358,2.8475635,104678.664
33359,2.8475788,104681.51
33360,2.8469646,104684.35
33361,2.847017,104687.195
33362,2.8476436,104690.04
33363,2.8489873,104692.89
33364,2.8502233,104695.74
33365,2.851223,104698.59
33366,2.8511403,104701.445
33367,2.8508554,104704.3
33368,2.850691,104707.15
33369,2.8507802,104710.0
33370,2.8507085,104712.85
33371,2.8512216,104715.7
33372,2.8518775,104718.555
33373,2.852626,104721.41
33374,2.8525891,104724.26
33375,2.8524394,104727.11
33376,2.8523173,104729.96
33377,2.8513854,104732.81
33378,2.8511865,104735.664
33379,2.8498158,104738.516
33380,2.8484008,104741.37
33381,2.8472502,104744.21
33382,2.8470147,104747.055
33383,2.846805,104749.9
33384,2.8473122,104752.74
33385,2.8483226,104755.59
33386,2.8494768,104758.445
33387,2.8507204,104761.3
33388,2.8519402,104764.15
33389,2.853252,104767.0
33390,2.8538225,104769.85
33391,2.8540568,104772.7
33392,2.8536234,104775.555
33393,2.8531282,104778.41
33394,2.8534582,104781.26
33395,2.8547564,104784.11
33396,2.8548877,104786.96
33397,2.8541925,104789.81
33398,2.8526976,104792.664
33399,2.8505287,104795.516
33400,2.848402,104798.37
33401,2.845942,104801.21
33402,2.8441422,104804.055
33403,2.8426213,104806.9
33404,2.8413844,104809.74
33405,2.8398046,104812.58
33406,2.8377645,104815.414
33407,2.8351867,104818.25
33408,2.833444,104821.086
33409,2.8318179,104823.914
33410,2.832048,104826.75
33411,2.8332634,104829.586
33412,2.8343854,104832.42
33413,2.8367898,104835.26
33414,2.838292,104838.09
33415,2.8397064,104840.93
33416,2.84029,104843.77
33417,2.8407474,104846.62
33418,2.8408847,104849.46
33419,2.8403463,104852.305
33420,2.8402636,104855.15
33421,2.8399549,104857.99
33422,2.8402786,104860.836
33423,2.841181,104863.68
33424,2.8422928,104866.52
33425,2.8432686,104869.37
33426,2.843393,104872.21
33427,2.8443065,104875.055
33428,2.8456292,104877.9
33429,2.8466375,104880.74
33430,2.8466377,104883.586
33431,2.8467166,104886.43
33432,2.8467708,104889.27
33433,2.8464618,104892.12
33434,2.8458624,104894.96
33435,2.8455985,104897.805
33436,2.8456333,104900.65
33437,2.846038,104903.49
33438,2.8467662,104906.336
33439,2.8471057,104909.18
33440,2.8469198,104912.02
33441,2.8467221,104914.87
33442,2.846228,104917.71
33443,2.8461869,104920.555
33444,2.847177,104923.4
33445,2.8483188,104926.25
33446,2.8489995,104929.1
33447,2.8492444,104931.95
33448,2.849873,104934.805
33449,2.849977,104937.66
33450,2.849656,104940.51
33451,2.8489568,104943.36
33452,2.8491318,104946.21
33453,2.8498883,104949.06
33454,2.8503094,104951.914
33455,2.8504956,104954.766
33456,2.8506851,104957.62
33457,2.8508563,104960.47
33458,2.851033,104963.32
33459,2.8514013,104966.17
33460,2.8508983,104969.02
33461,2.850274,104971.875
33462,2.849771,104974.73
33463,2.8496935,104977.58
33464,2.8500316,104980.43
33465,2.850316,104983.28
33466,2.8507166,104986.13
33467,2.8513458,104988.984
33468,2.8522744,104991.836
33469,2.8543236,104994.69
33470,2.8563156,104997.55
33471,2.8580601,105000.41
33472,2.8587015,105003.266
33473,2.8587692,105006.125
33474,2.8574939,105008.984
33475,2.8555703,105011.84
33476,2.8536196,105014.695
33477,2.851833,105017.55
33478,2.8503158,105020.4
33479,2.849454,105023.25
33480,2.8486035,105026.1
33481,2.847259,105028.945
33482,2.8475084,105031.79
33483,2.8474822,105034.63
33484,2.8473964,105037.48
33485,2.8462298,105040.32
33486,2.8453128,105043.164
33487,2.8452346,105046.01
33488,2.8455746,105048.85
33489,2.8456924,105051.695
33490,2.8443987,105054.54
33491,2.8423357,105057.38
33492,2.841331,105060.23
33493,2.841615,105063.07
33494,2.8424165,105065.914
33495,2.842809,105068.76
33496,2.8422291,105071.6
33497,2.841908,105074.445
33498,2.8421974,105077.29
33499,2.8435223,105080.13
33500,2.8439586,105082.98
33501,2.8438168,105085.82
33502,2.8424618,105088.664
33503,2.8409543,105091.51
33504,2.840002,105094.35
33505,2.839054,105097.19
33506,2.838205,105100.02
33507,2.8375168,105102.86
33508,2.8369172,105105.695
33509,2.8369975,105108.53
33510,2.837114,105111.37
33511,2.837247,105114.2
33512,2.8381696,105117.04
33513,2.8391647,105119.875
33514,2.8407583,105122.72
33515,2.8416681,105125.56
33516,2.84311,105128.41
33517,2.8452818,105131.25
33518,2.846903,105134.09
33519,2.848417,105136.945
33520,2.8484716,105139.8
33521,2.8471398,105142.64
33522,2.846233,105145.484
33523,2.8458984,105148.33
33524,2.8464992,105151.17
33525,2.846574,105154.016
33526,2.8465474,105156.86
33527,2.8467858,105159.7
33528,2.8461547,105162.55
33529,2.8441663,105165.39
33530,2.8422258,105168.234
33531,2.8409336,105171.08
33532,2.8415744,105173.92
33533,2.842682,105176.766
33534,2.8426461,105179.61
33535,2.8422627,105182.45
33536,2.842334,105185.3
33537,2.8432202,105188.14
33538,2.8433022,105190.984
33539,2.843133,105193.83
33540,2.8424587,105196.67
33541,2.8416834,105199.516
33542,2.8411574,105202.36
33543,2.8401425,105205.2
33544,2.83876,105208.04
33545,2.836787,105210.875
33546,2.8368678,105213.71
33547,2.838161,105216.55
33548,2.8403246,105219.39
33549,2.8424513,105222.234
33550,2.8432503,105225.08
33551,2.8441823,105227.92
33552,2.8449292,105230.766
33553,2.8449686,105233.61
33554,2.844009,105236.45
33555,2.8428433,105239.3
33556,2.8421097,105242.14
33557,2.841711,105244.984
33558,2.8424878,105247.83
33559,2.8432424,105250.67
33560,2.843686,105253.516
33561,2.8441544,105256.36
33562,2.8446288,105259.2
33563,2.8453276,105262.05
33564,2.8455682,105264.89
33565,2.845991,105267.734
33566,2.8459635,105270.58
33567,2.8467438,105273.42
33568,2.8473146,105276.266
33569,2.848219,105279.12
33570,2.8487575,105281.97
33571,2.8495533,105284.82
33572,2.85089,105287.67
33573,2.8526175,105290.52
33574,2.853058,105293.375
33575,2.8531966,105296.23
33576,2.8526464,105299.08
33577,2.8512704,105301.93
33578,2.849468,105304.78
33579,2.8475566,105307.625
33580,2.8470647,105310.47
33581,2.8470142,105313.31
33582,2.8479097,105316.164
33583,2.8487322,105319.016
33584,2.8500044,105321.87
33585,2.8516653,105324.72
33586,2.852527,105327.57
33587,2.8534188,105330.42
33588,2.854172,105333.27
33589,2.8553853,105336.125
33590,2.8571362,105338.984
33591,2.858803,105341.84
33592,2.8593283,105344.7
33593,2.8593848,105347.56
33594,2.858742,105350.42
33595,2.8578646,105353.28
33596,2.8568568,105356.14
33597,2.8564491,105359.0
33598,2.8563669,105361.86
33599,2.8555536,105364.72
33600,2.8554811,105367.58
33601,2.8555093,105370.44
33602,2.8554451,105373.29
33603,2.8553705,105376.14
33604,2.8545651,105378.99
33605,2.8540447,105381.84
33606,2.8540993,105384.695
33607,2.8542342,105387.55
33608,2.8526156,105390.4
33609,2.8500125,105393.25
33610,2.8482714,105396.1
33611,2.8479865,105398.95
33612,2.8479254,105401.805
33613,2.846485,105404.65
33614,2.8454833,105407.49
33615,2.844948,105410.336
33616,2.845155,105413.18
33617,2.8457427,105416.02
33618,2.8470387,105418.87
33619,2.8475504,105421.71
33620,2.8479424,105424.56
33621,2.8490622,105427.414
33622,2.8495345,105430.266
33623,2.8495529,105433.12
33624,2.8485086,105435.97
33625,2.8469079,105438.81
33626,2.845615,105441.66
33627,2.8441515,105444.5
33628,2.8431482,105447.34
33629,2.8424425,105450.19
33630,2.8421936,105453.03
33631,2.8420944,105455.875
33632,2.8433123,105458.72
33633,2.8454747,105461.56
33634,2.8479574,105464.414
33635,2.849677,105467.266
33636,2.849703,105470.12
33637,2.8496838,105472.97
33638,2.8506327,105475.82
33639,2.8525314,105478.67
33640,2.8536966,105481.52
33641,2.8546138,105484.375
33642,2.8553853,105487.23
33643,2.855021,105490.08
33644,2.8541427,105492.93
33645,2.8533251,105495.78
33646,2.8532982,105498.63
33647,2.8530664,105501.484
33648,2.8520305,105504.336
33649,2.8506808,105507.19
33650,2.8489618,105510.04
33651,2.847979,105512.89
33652,2.8482919,105515.74
33653,2.8490999,105518.59
33654,2.849563,105521.445
33655,2.8493989,105524.3
33656,2.8487716,105527.15
33657,2.847094,105529.99
33658,2.8470778,105532.836
33659,2.847724,105535.69
33660,2.8492448,105538.54
33661,2.8509989,105541.39
33662,2.8515048,105544.24
33663,2.8504045,105547.09
33664,2.8489206,105549.945
33665,2.848199,105552.8
33666,2.8476176,105555.64
33667,2.8470235,105558.484
33668,2.8458874,105561.33
33669,2.843459,105564.17
33670,2.8415966,105567.016
33671,2.8398142,105569.85
33672,2.839131,105572.69
33673,2.8385081,105575.52
33674,2.8382044,105578.36
33675,2.8392227,105581.195
33676,2.839443,105584.03
33677,2.8390386,105586.87
33678,2.8399467,105589.71
33679,2.842445,105592.555
33680,2.844353,105595.4
33681,2.8457625,105598.24
33682,2.8454463,105601.086
33683,2.8452067,105603.93
33684,2.84474,105606.77
33685,2.8449686,105609.62
33686,2.8454285,105612.46
33687,2.8458257,105615.305
33688,2.8458898,105618.15
33689,2.845241,105620.99
33690,2.8446126,105623.836
33691,2.8436053,105626.68
33692,2.8427963,105629.52
33693,2.842114,105632.37
33694,2.8424273,105635.21
33695,2.8440568,105638.055
33696,2.8450272,105640.9
33697,2.8453565,105643.74
33698,2.8454792,105646.586
33699,2.8438287,105649.43
33700,2.8423748,105652.27
33701,2.8418932,105655.12
33702,2.8414297,105657.96
33703,2.8414752,105660.805
33704,2.8406897,105663.65
33705,2.8403702,105666.49
33706,2.8398137,105669.33
33707,2.8399975,105672.17
33708,2.8408968,105675.016
33709,2.8414493,105677.86
33710,2.841719,105680.7
33711,2.8417177,105683.55
33712,2.8412426,105686.39
33713,2.8401587,105689.234
33714,2.8408039,105692.08
33715,2.842332,105694.92
33716,2.8439465,105697.766
33717,2.8449738,105700.61
33718,2.844851,105703.45
33719,2.8443217,105706.3
33720,2.8435376,105709.14
33721,2.8435614,105711.984
33722,2.8439946,105714.83
33723,2.8450043,105717.67
33724,2.8460362,105720.516
33725,2.8467398,105723.36
33726,2.8472934,105726.2
33727,2.8476436,105729.05
33728,2.8479264,105731.9
33729,2.849143,105734.75
33730,2.8494763,105737.6
33731,2.8490264,105740.45
33732,2.849765,105743.305
33733,2.8502114,105746.16
33734,2.8508325,105749.01
33735,2.8512824,105751.86
33736,2.8523133,105754.71
33737,2.8531718,105757.56
33738,2.8532977,105760.414
33739,2.8528337,105763.266
33740,2.8517678,105766.12
33741,2.8509877,105768.97
33742,2.8511846,105771.82
33743,2.8518007,105774.67
33744,2.8521101,105777.52
33745,2.8516808,105780.375
33746,2.851259,105783.23
33747,2.851187,105786.08
33748,2.851407,105788.93
33749,2.8524718,105791.78
33750,2.8534167,105794.63
33751,2.8538725,105797.484
33752,2.8531759,105800.336
33753,2.851287,105803.19
33754,2.8501992,105806.04
33755,2.849811,105808.89
33756,2.8501923,105811.74
33757,2.850839,105814.59
33758,2.851155,105817.445
33759,2.8511593,105820.3
33760,2.8511555,105823.15
33761,2.8513892,105826.0
33762,2.851311,105828.85
33763,2.8506198,105831.7
33764,2.849769,105834.555
33765,2.8488138,105837.41
33766,2.8491566,105840.26
33767,2.8501456,105843.11
33768,2.8500347,105845.96
33769,2.8492768,105848.81
33770,2.8487637,105851.664
33771,2.8484108,105854.516
33772,2.848352,105857.37
33773,2.8478959,105860.22
33774,2.8473773,105863.06
33775,2.8478408,105865.914
33776,2.8482137,105868.766
33777,2.848592,105871.62
33778,2.849054,105874.47
33779,2.8498049,105877.32
33780,2.8499649,105880.17
33781,2.849845,105883.02
33782,2.849614,105885.875
33783,2.8497384,105888.73
33784,2.8497002,105891.58
33785,2.849437,105894.43
33786,2.8490787,105897.28
33787,2.849347,105900.13
33788,2.8491893,105902.984
33789,2.8493392,105905.836
33790,2.8496692,105908.69
33791,2.8497055,105911.54
33792,2.849565,105914.39
33793,2.8486376,105917.24
33794,2.8479602,105920.09
33795,2.84658,105922.94
33796,2.8463228,105925.78
33797,2.8470578,105928.625
33798,2.8483374,105931.48
33799,2.8486311,105934.33
33800,2.8488042,105937.18
33801,2.8493314,105940.03
33802,2.8492482,105942.88
33803,2.8488743,105945.734
33804,2.8481634,105948.586
33805,2.847886,105951.44
33806,2.8474786,105954.28
33807,2.846426,105957.125
33808,2.8443902,105959.97
33809,2.8416862,105962.81
33810,2.8407311,105965.66
33811,2.840805,105968.5
33812,2.8413656,105971.34
33813,2.842439,105974.19
33814,2.8430912,105977.03
33815,2.8445125,105979.875
33816,2.8452408,105982.72
33817,2.845134,105985.56
33818,2.8432057,105988.41
33819,2.84163,105991.25
33820,2.8404071,105994.09
33821,2.839565,105996.93
33822,2.8396344,105999.766
33823,2.840292,106002.61
33824,2.841311,106005.45
33825,2.842569,106008.3
33826,2.844075,106011.14
33827,2.845855,106013.984
33828,2.8475902,106016.83
33829,2.8486514,106019.68
33830,2.8493237,106022.53
33831,2.8499115,106025.38
33832,2.8495975,106028.234
33833,2.8486178,106031.086
33834,2.8471913,106033.93
33835,2.8451009,106036.77
33836,2.8436673,106039.62
33837,2.844381,106042.46
33838,2.846634,106045.305
33839,2.849319,106048.16
33840,2.851253,106051.01
33841,2.85296,106053.86
33842,2.8538046,106056.71
33843,2.8543544,106059.56
33844,2.854112,106062.414
33845,2.8537707,106065.266
33846,2.853835,106068.12
33847,2.853514,106070.97
33848,2.852871,106073.82
33849,2.8523815,106076.67
33850,2.8527591,106079.52
33851,2.8529353,106082.375
33852,2.8520927,106085.23
33853,2.8505123,106088.08
33854,2.8496783,106090.93
33855,2.848932,106093.78
33856,2.8477502,106096.63
33857,2.845813,106099.48
33858,2.8432138,106102.32
33859,2.8405843,106105.164
33860,2.838694,106108.0
33861,2.8367403,106110.836
33862,2.8363845,106113.67
33863,2.8361313,106116.51
33864,2.8367755,106119.34
33865,2.837964,106122.18
33866,2.8394473,106125.016
33867,2.8404841,106127.86
33868,2.842484,106130.7
33869,2.8452666,106133.55
33870,2.8475277,106136.39
33871,2.849321,106139.24
33872,2.850643,106142.09
33873,2.8518176,106144.945
33874,2.8521118,106147.8
33875,2.852936,106150.65
33876,2.8525746,106153.5
33877,2.8521557,106156.35
33878,2.850896,106159.2
33879,2.8497448,106162.055
33880,2.849107,106164.91
33881,2.84888,106167.76
33882,2.8489425,106170.61
33883,2.8486788,106173.46
33884,2.8484528,106176.31
33885,2.848671,106179.164
33886,2.8489168,106182.016
33887,2.849444,106184.87
33888,2.8499258,106187.72
33889,2.8506548,106190.57
33890,2.8503957,106193.42
33891,2.8493805,106196.27
33892,2.848315,106199.125
33893,2.8469777,106201.97
33894,2.8465548,106204.81
33895,2.84638,106207.66
33896,2.8460877,106210.5
33897,2.8457916,106213.34
33898,2.8457522,106216.19
33899,2.8457842,106219.03
33900,2.8456604,106221.875
33901,2.8464086,106224.72
33902,2.8467362,106227.56
33903,2.846305,106230.41
33904,2.8465586,106233.25
33905,2.8480446,106236.1
33906,2.85006,106238.95
33907,2.8512945,106241.805
33908,2.8522918,106244.66
33909,2.8530781,106247.51
33910,2.8537004,106250.36
33911,2.8534036,106253.21
33912,2.852608,106256.06
33913,2.8522058,106258.914
33914,2.8528235,106261.766
33915,2.8535342,106264.62
33916,2.853695,106267.47
33917,2.854071,106270.32
33918,2.8529494,106273.17
33919,2.8517494,106276.02
33920,2.8498027,106278.875
33921,2.848374,106281.73
33922,2.847696,106284.58
33923,2.8469234,106287.42
33924,2.8464081,106290.266
33925,2.8454993,106293.11
33926,2.8442073,106295.95
33927,2.842545,106298.8
33928,2.841504,106301.64
33929,2.8409038,106304.484
33930,2.840205,106307.33
33931,2.8395529,106310.164
33932,2.839479,106313.0
33933,2.8391247,106315.836
33934,2.8399627,106318.68
33935,2.8416238,106321.52
33936,2.8438578,106324.37
33937,2.846051,106327.21
33938,2.8475137,106330.055
33939,2.8482156,106332.91
33940,2.848949,106335.76
33941,2.8503537,106338.61
33942,2.8516152,106341.46
33943,2.852418,106344.31
33944,2.8529277,106347.164
33945,2.8533509,106350.016
33946,2.8527029,106352.87
33947,2.8509927,106355.72
33948,2.8495188,106358.57
33949,2.847884,106361.42
33950,2.8482392,106364.27
33951,2.8496404,106367.125
33952,2.8511515,106369.98
33953,2.8522584,106372.83
33954,2.852186,106375.68
33955,2.8525424,106378.53
33956,2.852239,106381.38
33957,2.8528736,106384.234
33958,2.8545864,106387.086
33959,2.8563983,106389.945
33960,2.8575966,106392.805
33961,2.858337,106395.664
33962,2.858924,106398.52
33963,2.8591135,106401.38
33964,2.8582141,106404.24
33965,2.8568933,106407.1
33966,2.8552768,106409.95
33967,2.8531685,106412.805
33968,2.851612,106415.66
33969,2.849386,106418.51
33970,2.8484802,106421.36
33971,2.8485358,106424.21
33972,2.849945,106427.06
33973,2.850632,106429.914
33974,2.8508046,106432.766
33975,2.8503375,106435.62
33976,2.851042,106438.47
33977,2.8524477,106441.32
33978,2.8547802,106444.17
33979,2.8577058,106447.03
33980,2.8600688,106449.89
33981,2.8624833,106452.75
33982,2.864265,106455.62
33983,2.865555,106458.484
33984,2.8664975,106461.35
33985,2.8684053,106464.22
33986,2.8702922,106467.086
33987,2.8721752,106469.96
33988,2.873226,106472.836
33989,2.874026,106475.71
33990,2.8745558,106478.586
33991,2.8747215,106481.46
33992,2.8749535,106484.336
33993,2.8746965,106487.21
33994,2.874327,106490.086
33995,2.8731973,106492.96
33996,2.8723297,106495.836
33997,2.871547,106498.71
33998,2.871158,106501.586
33999,2.8706603,106504.45
34000,2.8701146,106507.32
34001,2.8696332,106510.19
34002,2.869754,106513.055
34003,2.8700736,106515.92
34004,2.870601,106518.79
34005,2.8704517,106521.66
34006,2.8691967,106524.52
34007,2.8677623,106527.39
34008,2.866488,106530.26
34009,2.865447,106533.125
34010,2.8642108,106535.99
34011,2.86273,106538.85
34012,2.8614495,106541.71
34013,2.859723,106544.57
34014,2.85845,106547.43
34015,2.8569634,106550.29
34016,2.855935,106553.15
34017,2.854741,106556.0
34018,2.8538442,106558.85
34019,2.853013,106561.7
34020,2.8525434,106564.555
34021,2.8520703,106567.41
34022,2.8510463,106570.26
34023,2.849698,106573.11
34024,2.848518,106575.96
34025,2.847206,106578.805
34026,2.8461282,106581.65
34027,2.844898,106584.49
34028,2.843617,106587.336
34029,2.8420043,106590.18
34030,2.841273,106593.02
34031,2.8413131,106595.87
34032,2.8420627,106598.71
34033,2.8428695,106601.555
34034,2.8432403,106604.4
34035,2.843525,106607.24
34036,2.843138,106610.086
34037,2.8422203,106612.93
34038,2.8416421,106615.77
34039,2.8417418,106618.62
34040,2.8428442,106621.46
34041,2.8448737,106624.305
34042,2.8476324,106627.15
34043,2.8516169,106630.0
34044,2.8550313,106632.85
34045,2.8593643,106635.71
34046,2.8629172,106638.57
34047,2.8659322,106641.44
34048,2.8678403,106644.305
34049,2.8696399,106647.17
34050,2.8705862,106650.04
34051,2.871205,106652.914
34052,2.8726761,106655.79
34053,2.875612,106658.664
34054,2.8799226,106661.55
34055,2.890298,106664.44
34056,2.9014199,106667.336
34057,2.912492,106670.25
34058,2.9168909,106673.164
34059,2.9182055,106676.086
34060,2.9213018,106679.01
34061,2.9257097,106681.93
34062,2.928574,106684.86
34063,2.9307647,106687.79
34064,2.932483,106690.72
34065,2.9346066,106693.66
34066,2.936201,106696.59
34067,2.9379332,106699.53
34068,2.938112,106702.47
34069,2.9382896,106705.41
34070,2.939196,106708.34
34071,2.9413643,106711.28
34072,2.9441059,106714.23
34073,2.947241,106717.17
34074,2.9539635,106720.125
34075,2.964867,106723.09
34076,2.9818735,106726.08
34077,3.0020068,106729.08
34078,3.022389,106732.1
34079,3.0383878,106735.14
34080,3.052177,106738.195
34081,3.0625732,106741.26
34082,3.0714014,106744.33
34083,3.077896,106747.41
34084,3.0844111,106750.49
34085,3.0905852,106753.586
34086,3.0986006,106756.69
34087,3.108244,106759.8
34088,3.1171975,106762.914
34089,3.1113946,106766.02
34090,3.0975292,106769.12
34091,3.0903065,106772.21
34092,3.0850623,106775.3
34093,3.0789864,106778.375
34094,3.0708349,106781.445
34095,3.0616062,106784.51
34096,3.0510576,106787.56
34097,3.0398889,106790.6
34098,3.0282204,106793.63
34099,3.0168896,106796.65
34100,3.0057747,106799.66
34101,2.9963717,106802.66
34102,2.9879718,106805.64
34103,2.9814293,106808.625
34104,2.9760585,106811.6
34105,2.9725392,106814.57
34106,2.9695752,106817.54
34107,2.9671695,106820.51
34108,2.9644408,106823.47
34109,2.9621751,106826.43
34110,2.959582,106829.39
34111,2.9572954,106832.35
34112,2.9541178,106835.305
34113,2.9506657,106838.26
34114,2.9460013,106841.2
34115,2.9414055,106844.14
34116,2.9362493,106847.08
34117,2.9313161,106850.01
34118,2.9260144,106852.94
34119,2.9212537,106855.86
34120,2.9164188,106858.77
34121,2.912034,106861.69
34122,2.9069521,106864.59
34123,2.9010015,106867.49
34124,2.8944592,106870.38
34125,2.8881762,106873.27
34126,2.885393,106876.16
34127,2.8904886,106879.05
34128,2.904659,106881.95
34129,2.9108472,106884.87
34130,2.9119844,106887.78
34131,2.9119666,106890.695
34132,2.9120038,106893.61
34133,2.9118407,106896.52
34134,2.9093022,106899.43
34135,2.9069223,106902.336
34136,2.9061847,106905.24
34137,2.907789,106908.15
34138,2.909463,106911.055
34139,2.9080565,106913.96
34140,2.9046113,106916.87
34141,2.900237,106919.766
34142,2.8974056,106922.664
34143,2.8951735,106925.56
34144,2.8932827,106928.45
34145,2.888869,106931.34
34146,2.8837554,106934.23
34147,2.8783453,106937.1
34148,2.8746612,106939.98
34149,2.8721209,106942.85
34150,2.8706322,106945.72
34151,2.8675034,106948.586
34152,2.8653982,106951.45
34153,2.8628478,106954.31
34154,2.861313,106957.17
34155,2.8587015,106960.03
34156,2.855748,106962.89
34157,2.8523924,106965.74
34158,2.8493114,106968.59
34159,2.8458602,106971.44
34160,2.8425314,106974.28
34161,2.83903,106977.12
34162,2.8354454,106979.95
34163,2.8317575,106982.78
34164,2.828206,106985.61
34165,2.8250878,106988.44
34166,2.822449,106991.26
34167,2.8203502,106994.08
34168,2.8185198,106996.9
34169,2.816839,106999.72
34170,2.8148186,107002.53
34171,2.8122957,107005.34
34172,2.8085043,107008.15
34173,2.804495,107010.95
34174,2.8001726,107013.75
34175,2.795943,107016.55
34176,2.7913525,107019.336
34177,2.7867043,107022.125
34178,2.781622,107024.91
34179,2.7769601,107027.68
34180,2.7724953,107030.45
34181,2.7684336,107033.22
34182,2.7638795,107035.984
34183,2.7588253,107038.74
34184,2.7535682,107041.49
34185,2.74858,107044.24
34186,2.7437923,107046.984
34187,2.739212,107049.73
34188,2.734695,107052.46
34189,2.730122,107055.19
34190,2.7252693,107057.914
34191,2.7209926,107060.63
34192,2.7173193,107063.35
34193,2.714149,107066.06
34194,2.7108436,107068.77
34195,2.7073522,107071.484
34196,2.704348,107074.19
34197,2.701949,107076.89
34198,2.7001092,107079.59
34199,2.6984584,107082.29
34200,2.6969707,107084.984
34201,2.695047,107087.68
34202,2.6929681,107090.375
34203,2.6907463,107093.06
34204,2.688587,107095.75
34205,2.6862705,107098.44
34206,2.6840677,107101.125
34207,2.6815355,107103.805
34208,2.687726,107106.49
34209,2.6938176,107109.19
34210,2.7044334,107111.89
34211,2.7167227,107114.61
34212,2.7356687,107117.34
34213,2.7569232,107120.1
34214,2.7714758,107122.875
34215,2.7849839,107125.66
34216,2.792645,107128.445
34217,2.8050113,107131.25
34218,2.8102765,107134.06
34219,2.8192706,107136.88
34220,2.8245666,107139.71
34221,2.833016,107142.55
34222,2.8409295,107145.39
34223,2.8493674,107148.24
34224,2.8575237,107151.1
34225,2.8650463,107153.97
34226,2.8719878,107156.84
34227,2.8781123,107159.72
34228,2.8830984,107162.6
34229,2.8866522,107165.484
34230,2.888649,107168.375
34231,2.8902068,107171.266
34232,2.8940842,107174.16
34233,2.9007733,107177.055
34234,2.9107265,107179.97
34235,2.921012,107182.89
34236,2.931803,107185.82
34237,2.9406807,107188.76
34238,2.949258,107191.71
34239,2.9553356,107194.664
34240,2.9592748,107197.625
34241,2.9616618,107200.586
34242,2.9629474,107203.55
34243,2.9637268,107206.51
34244,2.964322,107209.47
34245,2.9647634,107212.43
34246,2.9651916,107215.4
34247,2.9647906,107218.36
34248,2.963943,107221.32
34249,2.962442,107224.28
34250,2.9593887,107227.24
34251,2.9555066,107230.195
34252,2.950623,107233.15
34253,2.9452422,107236.09
34254,2.9395862,107239.03
34255,2.9367921,107241.97
34256,2.9357512,107244.91
34257,2.9341486,107247.84
34258,2.935305,107250.78
34259,2.9377527,107253.72
34260,2.9420378,107256.664
34261,2.9446619,107259.61
34262,2.9471033,107262.555
34263,2.9479766,107265.5
34264,2.9478824,107268.445
34265,2.94586,107271.39
34266,2.9435878,107274.336
34267,2.9406414,107277.27
34268,2.938078,107280.21
34269,2.935739,107283.15
34270,2.9335556,107286.08
34271,2.9317565,107289.01
34272,2.9300122,107291.94
34273,2.9291658,107294.87
34274,2.9283824,107297.8
34275,2.9284387,107300.73
34276,2.9281344,107303.66
34277,2.92833,107306.586
34278,2.9282815,107309.516
34279,2.9287102,107312.445
34280,2.9292495,107315.375
34281,2.9304357,107318.305
34282,2.9314044,107321.234
34283,2.9323044,107324.164
34284,2.9327388,107327.09
34285,2.9335086,107330.02
34286,2.9343545,107332.96
34287,2.935327,107335.9
34288,2.936404,107338.836
34289,2.9375646,107341.77
34290,2.9387426,107344.71
34291,2.9400249,107347.65
34292,2.9413788,107350.586
34293,2.9426138,107353.53
34294,2.9439256,107356.48
34295,2.9453092,107359.42
34296,2.9467275,107362.37
34297,2.948027,107365.31
34298,2.949317,107368.266
34299,2.9506717,107371.22
34300,2.9520524,107374.17
34301,2.953244,107377.125
34302,2.9549658,107380.08
34303,2.9566445,107383.03
34304,2.9583166,107385.99
34305,2.9592717,107388.95
34306,2.9605937,107391.914
34307,2.9616203,107394.875
34308,2.9629126,107397.836
34309,2.9638665,107400.8
34310,2.9651601,107403.766
34311,2.965464,107406.734
34312,2.9663239,107409.7
34313,2.9667253,107412.67
34314,2.9679046,107415.64
34315,2.9680667,107418.61
34316,2.9679582,107421.58
34317,2.9665778,107424.55
34318,2.9661312,107427.516
34319,2.9655042,107430.484
34320,2.9661868,107433.45
34321,2.9657567,107436.42
34322,2.9671571,107439.39
34323,2.967016,107442.36
34324,2.9700975,107445.33
34325,2.9715438,107448.3
34326,2.9586349,107451.26
34327,2.9750228,107454.234
34328,2.9813623,107457.22
34329,2.9746332,107460.195
34330,2.9707808,107463.164
34331,2.9714274,107466.13
34332,2.9754508,107469.11
34333,2.9785106,107472.086
34334,2.9822361,107475.07
34335,2.9841843,107478.055
34336,2.9849467,107481.04
34337,2.9829385,107484.02
34338,2.979509,107487.0
34339,2.9745681,107489.98
34340,2.9700878,107492.945
34341,2.966871,107495.914
34342,2.9670289,107498.88
34343,2.969847,107501.85
34344,2.9747782,107504.83
34345,2.9798877,107507.805
34346,2.9846835,107510.79
34347,2.9876506,107513.77
34348,2.9899068,107516.766
34349,2.9900682,107519.76
34350,2.9892633,107522.75
34351,2.984362,107525.734
34352,2.9773667,107528.71
34353,2.970003,107531.68
34354,2.965474,107534.65
34355,2.9631383,107537.61
34356,2.962006,107540.57
34357,2.961037,107543.53
34358,2.9606507,107546.49
34359,2.9601965,107549.45
34360,2.9594812,107552.414
34361,2.958515,107555.375
34362,2.9576175,107558.336
34363,2.9565625,107561.29
34364,2.9558978,107564.24
34365,2.955397,107567.195
34366,2.95462,107570.15
34367,2.9532757,107573.1
34368,2.9527638,107576.055
34369,2.9523892,107579.01
34370,2.952092,107581.96
34371,2.9521363,107584.914
34372,2.9527102,107587.87
34373,2.953479,107590.82
34374,2.9529116,107593.77
34375,2.9518611,107596.73
34376,2.950688,107599.68
34377,2.94921,107602.625
34378,2.946967,107605.57
34379,2.944136,107608.516
34380,2.9414828,107611.46
34381,2.9297392,107614.39
34382,2.9256625,107617.31
34383,2.9263947,107620.24
34384,2.9292443,107623.17
34385,2.9322734,107626.1
34386,2.9340138,107629.04
34387,2.933583,107631.97
34388,2.9316945,107634.9
34389,2.9303255,107637.83
34390,2.9294348,107640.76
34391,2.929227,107643.69
34392,2.9280868,107646.62
34393,2.925751,107649.54
34394,2.92215,107652.46
34395,2.9160442,107655.375
34396,2.9087176,107658.28
34397,2.9042804,107661.19
34398,2.9029634,107664.09
34399,2.9023852,107667.0
34400,2.8985064,107669.9
34401,2.8949466,107672.8
34402,2.893366,107675.69
34403,2.893701,107678.58
34404,2.8950462,107681.48
34405,2.8980007,107684.375
34406,2.9018383,107687.27
34407,2.906687,107690.18
34408,2.910062,107693.086
34409,2.9115493,107696.0
34410,2.9112396,107698.914
34411,2.9097612,107701.82
34412,2.9092522,107704.73
34413,2.910574,107707.64
34414,2.9117174,107710.555
34415,2.9121976,107713.47
34416,2.911655,107716.38
34417,2.91126,107719.3
34418,2.912579,107722.21
34419,2.9149456,107725.125
34420,2.9190567,107728.05
34421,2.9250188,107730.97
34422,2.9329696,107733.9
34423,2.9428222,107736.84
34424,2.9525635,107739.8
34425,2.9601986,107742.76
34426,2.9665682,107745.73
34427,2.9703374,107748.695
34428,2.972229,107751.664
34429,2.9726596,107754.64
34430,2.9729922,107757.62
34431,2.9728112,107760.59
34432,2.973284,107763.57
34433,2.973986,107766.55
34434,2.9749951,107769.52
34435,2.976119,107772.5
34436,2.976567,107775.48
34437,2.9770474,107778.45
34438,2.9761364,107781.43
34439,2.9694197,107784.4
34440,2.9570796,107787.36
34441,2.9457965,107790.305
34442,2.9441357,107793.25
34443,2.9476726,107796.195
34444,2.954395,107799.15
34445,2.9606743,107802.11
34446,2.9661086,107805.08
34447,2.9706638,107808.05
34448,2.975837,107811.02
34449,2.9810824,107814.01
34450,2.9868581,107816.99
34451,2.992685,107819.984
34452,2.9985592,107822.984
34453,3.0035198,107825.984
34454,3.0085003,107828.99
34455,3.0124047,107832.01
34456,3.0160973,107835.02
34457,3.019832,107838.05
34458,3.023813,107841.07
34459,3.0272462,107844.09
34460,3.029731,107847.125
34461,3.03116,107850.16
34462,3.0314379,107853.19
34463,3.0304708,107856.22
34464,3.0290945,107859.25
34465,3.0273855,107862.28
34466,3.0256267,107865.305
34467,3.023529,107868.33
34468,3.02151,107871.35
34469,3.0188947,107874.37
34470,3.0161328,107877.38
34471,3.0132158,107880.4
34472,3.010134,107883.41
34473,3.0066953,107886.414
34474,3.0032058,107889.414
34475,2.999535,107892.414
34476,2.995878,107895.41
34477,2.9921167,107898.4
34478,2.9886343,107901.39
34479,2.985212,107904.375
34480,2.982049,107907.36
34481,2.979541,107910.336
34482,2.976791,107913.31
34483,2.9710793,107916.28
34484,2.961391,107919.24
34485,2.9523976,107922.195
34486,2.9446108,107925.14
34487,2.9365163,107928.08
34488,2.929014,107931.01
34489,2.9207819,107933.93
34490,2.9130538,107936.84
34491,2.9045455,107939.75
34492,2.8974383,107942.65
34493,2.8900847,107945.54
34494,2.8866413,107948.42
34495,2.883775,107951.305
34496,2.8820992,107954.19
34497,2.8783932,107957.06
34498,2.8749642,107959.94
34499,2.8687913,107962.805
34500,2.8637211,107965.67
34501,2.8579004,107968.53
34502,2.8550677,107971.38
34503,2.8521066,107974.234
34504,2.8515694,107977.086
34505,2.8492827,107979.94
34506,2.847673,107982.79
34507,2.8450975,107985.63
34508,2.8447042,107988.48
34509,2.8435466,107991.32
34510,2.8449402,107994.164
34511,2.8458247,107997.01
34512,2.8461938,107999.85
34513,2.845032,108002.695
34514,2.8457935,108005.54
34515,2.8463585,108008.38
34516,2.8487399,108011.234
34517,2.8516953,108014.086
34518,2.8551345,108016.94
34519,2.8581536,108019.8
34520,2.862642,108022.66
34521,2.8674784,108025.52
34522,2.8722851,108028.4
34523,2.8775742,108031.27
34524,2.8829148,108034.16
34525,2.8883867,108037.05
34526,2.8942974,108039.94
34527,2.8997552,108042.836
34528,2.9042897,108045.74
34529,2.9068062,108048.65
34530,2.909463,108051.555
34531,2.9115546,108054.47
34532,2.9126394,108057.38
34533,2.913485,108060.3
34534,2.9150858,108063.21
34535,2.917361,108066.125
34536,2.9210382,108069.05
34537,2.9257054,108071.97
34538,2.9284801,108074.9
34539,2.930337,108077.83
34540,2.9307497,108080.76
34541,2.9313796,108083.69
34542,2.9325237,108086.62
34543,2.9348874,108089.555
34544,2.936747,108092.49
34545,2.9387589,108095.43
34546,2.9392831,108098.37
34547,2.9392433,108101.305
34548,2.9433565,108104.25
34549,2.9510326,108107.2
34550,2.9610682,108110.164
34551,2.9679782,108113.13
34552,2.9741166,108116.11
34553,2.9782534,108119.086
34554,2.9822881,108122.07
34555,2.9836113,108125.055
34556,2.9843075,108128.04
34557,2.9835308,108131.02
34558,2.9828534,108134.01
34559,2.9811215,108136.99
34560,2.9786448,108139.97
34561,2.9753168,108142.945
34562,2.9711208,108145.914
34563,2.965536,108148.88
34564,2.9585211,108151.84
34565,2.9502804,108154.8
34566,2.9412951,108157.734
34567,2.9317372,108160.664
34568,2.9216583,108163.586
34569,2.9111922,108166.5
34570,2.9001184,108169.4
34571,2.88849,108172.29
34572,2.876468,108175.164
34573,2.8636098,108178.03
34574,2.8498795,108180.88
34575,2.8348758,108183.72
34576,2.8190246,108186.54
34577,2.8017755,108189.34
34578,2.7818196,108192.125
34579,2.7591367,108194.88
34580,2.7359304,108197.62
34581,2.7099397,108200.33
34582,2.6825163,108203.01
34583,2.6534822,108205.664
34584,2.627907,108208.29
34585,2.607864,108210.9
34586,2.5929103,108213.49
34587,2.5766327,108216.07
34588,2.563335,108218.63
34589,2.547654,108221.18
34590,2.5316956,108223.71
34591,2.516944,108226.23
34592,2.5060515,108228.734
34593,2.4993038,108231.234
34594,2.4940598,108233.73
34595,2.483471,108236.21
34596,2.4757164,108238.69
34597,2.462932,108241.15
34598,2.4422195,108243.59
34599,2.4080129,108246.0
34600,2.3700984,108248.37
34601,2.3186252,108250.69
34602,2.2493129,108252.94
34603,2.1069214,108255.05
34604,1.9869032,108257.03
34605,1.936046,108258.97
34606,1.9719348,108260.94
34607,1.9268439,108262.87
34608,1.8357313,108264.7
34609,1.7545321,108266.46
34610,1.7169632,108268.18
34611,1.6930674,108269.875
34612,1.6948125,108271.57
34613,1.6975799,108273.266
34614,1.7023989,108274.97
34615,1.7023784,108276.67
34616,1.6994419,108278.375
34617,1.7011099,108280.08
34618,1.7001562,108281.78
34619,1.7115769,108283.49
34620,1.7127228,108285.2
34621,1.7257631,108286.93
34622,1.7229332,108288.66
34623,1.7390065,108290.4
34624,1.7400576,108292.14
34625,1.7668748,108293.91
34626,1.7766273,108295.68
34627,1.8071373,108297.484
34628,1.8195773,108299.305
34629,1.850591,108301.16
34630,1.8659152,108303.02
34631,1.8981631,108304.92
34632,1.9106501,108306.836
34633,1.9324843,108308.766
34634,1.9458071,108310.71
34635,1.9555367,108312.664
34636,1.9588691,108314.625
34637,1.952856,108316.58
34638,1.9496511,108318.53
34639,1.9480209,108320.48
34640,1.955365,108322.43
34641,1.9608003,108324.39
34642,1.9715393,108326.36
34643,1.9764194,108328.336
34644,1.980641,108330.32
34645,1.9686105,108332.29
34646,1.9593406,108334.25
34647,1.9411186,108336.19
34648,1.9378369,108338.125
34649,1.9322839,108340.055
34650,1.9420277,108342.0
34651,1.949687,108343.95
34652,1.9745293,108345.93
34653,1.9993129,108347.93
34654,2.0386999,108349.97
34655,2.088279,108352.055
34656,2.1626635,108354.22
34657,2.2707267,108356.49
34658,2.3725145,108358.87
34659,2.4378383,108361.305
34660,2.4944086,108363.8
34661,2.5447834,108366.34
34662,2.587223,108368.93
34663,2.621383,108371.555
34664,2.6478634,108374.2
34665,2.6661255,108376.87
34666,2.680971,108379.55
34667,2.6938777,108382.24
34668,2.705572,108384.945
34669,2.719801,108387.664
34670,2.7349489,108390.4
34671,2.7480938,108393.15
34672,2.7582636,108395.91
34673,2.7675936,108398.67
34674,2.7758324,108401.445
34675,2.7851434,108404.23
34676,2.7936156,108407.02
34677,2.8011203,108409.83
34678,2.8079147,108412.63
34679,2.8152802,108415.445
34680,2.8225021,108418.266
34681,2.8296864,108421.09
34682,2.8385155,108423.93
34683,2.8491695,108426.78
34684,2.8583746,108429.64
34685,2.8681743,108432.51
34686,2.8815835,108435.39
34687,2.897915,108438.29
34688,2.911011,108441.2
34689,2.9208493,108444.125
34690,2.9266891,108447.055
34691,2.9305458,108449.984
34692,2.933305,108452.914
34693,2.934735,108455.85
34694,2.93632,108458.79
34695,2.9369996,108461.73
34696,2.940029,108464.664
34697,2.944359,108467.61
34698,2.9480007,108470.555
34699,2.95106,108473.51
34700,2.9540188,108476.46
34701,2.9580748,108479.42
34702,2.9618142,108482.38
34703,2.9646642,108485.34
34704,2.9661815,108488.31
34705,2.9668038,108491.28
34706,2.9671578,108494.25
34707,2.9660835,108497.22
34708,2.965448,108500.19
34709,2.9647763,108503.15
34710,2.964728,108506.11
34711,2.9656081,108509.08
34712,2.9665053,108512.05
34713,2.967701,108515.016
34714,2.9677217,108517.984
34715,2.9666882,108520.95
34716,2.9656005,108523.92
34717,2.9650598,108526.89
34718,2.965738,108529.86
34719,2.9671872,108532.83
34720,2.966092,108535.8
34721,2.9638207,108538.76
34722,2.9611197,108541.72
34723,2.9584496,108544.68
34724,2.955037,108547.63
34725,2.9509995,108550.586
34726,2.9472923,108553.53
34727,2.9443402,108556.48
34728,2.94144,108559.42
34729,2.9388268,108562.36
34730,2.9356322,108565.3
34731,2.9319167,108568.23
34732,2.9269009,108571.16
34733,2.9185643,108574.08
34734,2.9043076,108576.984
34735,2.8899868,108579.875
34736,2.8776753,108582.75
34737,2.8649504,108585.62
34738,2.852982,108588.47
34739,2.839966,108591.31
34740,2.822546,108594.13
34741,2.797245,108596.93
34742,2.762811,108599.695
34743,2.7216682,108602.414
34744,2.6768105,108605.09
34745,2.6272037,108607.72
34746,2.5755048,108610.3
34747,2.5199296,108612.82
34748,2.446965,108615.266
34749,2.3180406,108617.586
34750,2.142663,108619.73
34751,2.054763,108621.78
34752,1.994507,108623.77
34753,1.959241,108625.734
34754,1.9239482,108627.66
34755,1.832019,108629.484
34756,1.7605189,108631.24
34757,1.7135996,108632.95
34758,1.6880088,108634.64
34759,1.672923,108636.31
34760,1.6652985,108637.98
34761,1.6571252,108639.63
34762,1.656102,108641.29
34763,1.6582279,108642.945
34764,1.6616445,108644.61
34765,1.6625307,108646.27
34766,1.6635362,108647.94
34767,1.6608647,108649.6
34768,1.658844,108651.26
34769,1.6535964,108652.914
34770,1.6470288,108654.56
34771,1.6411262,108656.2
34772,1.6343458,108657.836
34773,1.6223779,108659.46
34774,1.6154461,108661.08
34775,1.614854,108662.695
34776,1.6174855,108664.31
34777,1.6157246,108665.93
34778,1.6137735,108667.55
34779,1.6019309,108669.15
34780,1.5876973,108670.734
34781,1.5618577,108672.3
34782,1.5472093,108673.84
34783,1.5288867,108675.375
34784,1.5213419,108676.9
34785,1.4850705,108678.38
34786,1.429595,108679.81
34787,1.3410747,108681.16
34788,1.2797627,108682.44
34789,1.250721,108683.69
34790,1.2483631,108684.94
34791,1.2470965,108686.19
34792,1.2479161,108687.44
34793,1.2452557,108688.68
34794,1.2463115,108689.93
34795,1.2424653,108691.17
34796,1.2420201,108692.414
34797,1.2402251,108693.66
34798,1.2428685,108694.9
34799,1.246752,108696.15
34800,1.2508117,108697.4
34801,1.2491702,108698.65
34802,1.242718,108699.89
34803,1.2334964,108701.125
34804,1.2291281,108702.35
34805,1.2231395,108703.58
34806,1.2229736,108704.805
34807,1.2240908,108706.03
34808,1.2318417,108707.266
34809,1.2366164,108708.5
34810,1.2358736,108709.734
34811,1.228021,108710.96
34812,1.2193345,108712.18
34813,1.2107189,108713.39
34814,1.2102243,108714.6
34815,1.2117015,108715.81
34816,1.2137574,108717.02
34817,1.2122438,108718.234
34818,1.2043606,108719.44
34819,1.195479,108720.63
34820,1.1887364,108721.82
34821,1.1859294,108723.01
34822,1.1863124,108724.195
34823,1.1890846,108725.38
34824,1.1945641,108726.58
34825,1.1990789,108727.77
34826,1.1969181,108728.97
34827,1.193368,108730.164
34828,1.1905605,108731.35
34829,1.1887571,108732.54
34830,1.1880962,108733.73
34831,1.1864116,108734.914
34832,1.1868203,108736.1
34833,1.1862552,108737.29
34834,1.1865052,108738.48
34835,1.185987,108739.664
34836,1.1876442,108740.85
34837,1.1910378,108742.04
34838,1.1965847,108743.234
34839,1.2033204,108744.44
34840,1.2119408,108745.65
34841,1.2175554,108746.87
34842,1.2202818,108748.086
34843,1.2213192,108749.305
34844,1.2271702,108750.53
34845,1.2324831,108751.766
34846,1.2391623,108753.01
34847,1.2450376,108754.25
34848,1.2498894,108755.5
34849,1.2519766,108756.75
34850,1.2534395,108758.0
34851,1.2534053,108759.25
34852,1.2553188,108760.51
34853,1.2584815,108761.766
34854,1.2591943,108763.02
34855,1.2594523,108764.28
34856,1.2585428,108765.54
34857,1.2597419,108766.8
34858,1.2618551,108768.06
34859,1.2621713,108769.33
34860,1.2616776,108770.586
34861,1.2594323,108771.84
34862,1.2596906,108773.1
34863,1.2629904,108774.37
34864,1.267584,108775.63
34865,1.2700107,108776.91
34866,1.2695862,108778.18
34867,1.2639514,108779.445
34868,1.2563416,108780.7
34869,1.2481875,108781.95
34870,1.2443997,108783.195
34871,1.2520756,108784.445
34872,1.2581391,108785.7
34873,1.2662082,108786.97
34874,1.2668179,108788.234
34875,1.2674967,108789.5
34876,1.2675833,108790.766
34877,1.2660301,108792.03
34878,1.2644644,108793.3
34879,1.2655389,108794.56
34880,1.2649992,108795.83
34881,1.2682511,108797.09
34882,1.2703091,108798.37
34883,1.2674333,108799.63
34884,1.264657,108800.9
34885,1.2629141,108802.164
34886,1.2618576,108803.43
34887,1.2620524,108804.695
34888,1.2647485,108805.96
34889,1.2672024,108807.23
34890,1.267679,108808.49
34891,1.2668892,108809.76
34892,1.261303,108811.016
34893,1.2585733,108812.27
34894,1.2511997,108813.52
34895,1.2426395,108814.766
34896,1.2321275,108816.0
34897,1.2250769,108817.23
34898,1.2210075,108818.445
34899,1.2202526,108819.664
34900,1.2222061,108820.88
34901,1.2277997,108822.11
34902,1.2334031,108823.34
34903,1.2358699,108824.58
34904,1.234822,108825.81
34905,1.2335981,108827.05
34906,1.2328477,108828.28
34907,1.2323368,108829.516
34908,1.2297137,108830.74
34909,1.2271323,108831.97
34910,1.2263032,108833.195
34911,1.2295569,108834.42
34912,1.2376579,108835.66
34913,1.245077,108836.9
34914,1.2480662,108838.15
34915,1.2508262,108839.4
34916,1.2503446,108840.65
34917,1.2467104,108841.9
34918,1.2453313,108843.14
34919,1.24467,108844.38
34920,1.2461855,108845.63
34921,1.2470129,108846.88
34922,1.2446356,108848.125
34923,1.242467,108849.37
34924,1.2432566,108850.61
34925,1.24213,108851.85
34926,1.2389748,108853.09
34927,1.2368282,108854.33
34928,1.2389737,108855.57
34929,1.2412807,108856.81
34930,1.2426789,108858.055
34931,1.2435032,108859.3
34932,1.2461262,108860.55
34933,1.2473772,108861.8
34934,1.250371,108863.05
34935,1.249482,108864.3
34936,1.2523623,108865.55
34937,1.2545669,108866.805
34938,1.2594783,108868.06
34939,1.2623916,108869.33
34940,1.2665802,108870.59
34941,1.2643367,108871.86
34942,1.2709732,108873.13
34943,1.280829,108874.414
34944,1.2932388,108875.71
34945,1.3006783,108877.01
34946,1.3096471,108878.32
34947,1.3143165,108879.63
34948,1.3169575,108880.95
34949,1.3135893,108882.266
34950,1.3064504,108883.57
34951,1.2891754,108884.86
34952,1.2892556,108886.15
34953,1.2797271,108887.43
34954,1.2801292,108888.71
34955,1.2740421,108889.984
34956,1.2917371,108891.27
34957,1.3083367,108892.58
34958,1.3061583,108893.88
34959,1.3026153,108895.19
34960,1.3008374,108896.49
34961,1.301806,108897.8
34962,1.3041601,108899.1
34963,1.304797,108900.41
34964,1.3011539,108901.71
34965,1.2964112,108903.01
34966,1.2851635,108904.3
34967,1.2744979,108905.57
34968,1.2666565,108906.836
34969,1.2654147,108908.1
34970,1.2621028,108909.37
34971,1.2588739,108910.625
34972,1.2500317,108911.875
34973,1.2450819,108913.12
34974,1.2405834,108914.36
34975,1.2368169,108915.59
34976,1.235372,108916.83
34977,1.2396569,108918.07
34978,1.2475181,108919.32
34979,1.2521992,108920.57
34980,1.2545066,108921.83
34981,1.2568024,108923.086
34982,1.2563757,108924.34
34983,1.2590482,108925.6
34984,1.2643144,108926.87
34985,1.271219,108928.14
34986,1.2759162,108929.414
34987,1.2809792,108930.695
34988,1.2842033,108931.98
34989,1.2902637,108933.266
34990,1.2955519,108934.56
34991,1.2997015,108935.86
34992,1.2996697,108937.16
34993,1.2975801,108938.45
34994,1.2984433,108939.75
34995,1.29868,108941.05
34996,1.3039147,108942.35
34997,1.3081334,108943.66
34998,1.3087475,108944.97
34999,1.3013363,108946.27
35000,1.2908272,108947.56
35001,1.2825987,108948.84
35002,1.2801628,108950.125
35003,1.2784958,108951.41
35004,1.2775176,108952.69
35005,1.2777411,108953.97
35006,1.2771045,108955.24
35007,1.2740127,108956.516
35008,1.2743095,108957.79
35009,1.2749203,108959.06
35010,1.2743702,108960.336
35011,1.2748581,108961.61
35012,1.2720224,108962.88
35013,1.2665541,108964.15
35014,1.2603643,108965.41
35015,1.2211136,108966.625
35016,1.2223876,108967.84
35017,1.2271705,108969.07
35018,1.2330872,108970.305
35019,1.2357967,108971.54
35020,1.2353835,108972.77
35021,1.2295569,108974.0
35022,1.2253326,108975.23
35023,1.2219383,108976.445
35024,1.2229401,108977.67
35025,1.2264413,108978.9
35026,1.2298632,108980.125
35027,1.2371234,108981.36
35028,1.2418003,108982.6
35029,1.2441591,108983.84
35030,1.2453736,108985.086
35031,1.2462628,108986.336
35032,1.2483766,108987.586
35033,1.2515867,108988.836
35034,1.2535856,108990.086
35035,1.2569321,108991.34
35036,1.2594802,108992.6
35037,1.2626315,108993.87
35038,1.2643826,108995.13
35039,1.2626264,108996.4
35040,1.2607377,108997.66
35041,1.2572775,108998.914
35042,1.2512732,109000.164
35043,1.2566266,109001.42
35044,1.258093,109002.68
35045,1.2612404,109003.94
35046,1.2612329,109005.195
35047,1.2628418,109006.46
35048,1.2582688,109007.72
35049,1.2539953,109008.98
35050,1.2522618,109010.23
35051,1.251457,109011.48
35052,1.2503371,109012.73
35053,1.2505482,109013.98
35054,1.2504379,109015.23
35055,1.2499747,109016.48
35056,1.2554694,109017.734
35057,1.2616487,109018.99
35058,1.2665675,109020.26
35059,1.2659045,109021.52
35060,1.2623411,109022.79
35061,1.2551731,109024.05
35062,1.2476631,109025.3
35063,1.2410316,109026.54
35064,1.235995,109027.77
35065,1.233723,109029.01
35066,1.2315147,109030.24
35067,1.2312326,109031.48
35068,1.2312406,109032.71
35069,1.2338754,109033.945
35070,1.2340133,109035.18
35071,1.232133,109036.414
35072,1.2314364,109037.65
35073,1.2310625,109038.88
35074,1.2325777,109040.12
35075,1.234109,109041.35
35076,1.2364762,109042.586
35077,1.2359264,109043.82
35078,1.2347857,109045.055
35079,1.2326056,109046.29
35080,1.2329445,109047.52
35081,1.2327682,109048.76
35082,1.2357064,109049.99
35083,1.2381676,109051.23
35084,1.2420765,109052.47
35085,1.2459464,109053.71
35086,1.24909,109054.96
35087,1.2523038,109056.21
35088,1.2544937,109057.47
35089,1.2550297,109058.73
35090,1.2557915,109059.984
35091,1.2566893,109061.24
35092,1.25953,109062.5
35093,1.2581903,109063.76
35094,1.2531866,109065.01
35095,1.2535229,109066.26
35096,1.2556299,109067.516
35097,1.2557914,109068.77
35098,1.2551388,109070.03
35099,1.2547473,109071.29
35100,1.2543944,109072.55
35101,1.2586684,109073.805
35102,1.2620096,109075.07
35103,1.2622927,109076.336
35104,1.2634023,109077.6
35105,1.2660154,109078.87
35106,1.2656521,109080.13
35107,1.2625765,109081.4
35108,1.2612797,109082.66
35109,1.2600706,109083.914
35110,1.2614475,109085.17
35111,1.2631654,109086.44
35112,1.2648691,109087.7
35113,1.2646912,109088.97
35114,1.2637838,109090.234
35115,1.2613947,109091.49
35116,1.2594492,109092.75
35117,1.2568746,109094.01
35118,1.2533976,109095.26
35119,1.2511318,109096.51
35120,1.2508202,109097.76
35121,1.2490593,109099.01
35122,1.2497782,109100.26
35123,1.2534245,109101.51
35124,1.2612615,109102.766
35125,1.2684773,109104.03
35126,1.275131,109105.305
35127,1.2784021,109106.586
35128,1.2816992,109107.87
35129,1.2835745,109109.15
35130,1.286269,109110.44
35131,1.2887279,109111.73
35132,1.2928511,109113.016
35133,1.2979442,109114.31
35134,1.3039076,109115.62
35135,1.3071208,109116.92
35136,1.3104527,109118.234
35137,1.3135908,109119.55
35138,1.3177512,109120.87
35139,1.3219593,109122.19
35140,1.3262869,109123.516
35141,1.326952,109124.84
35142,1.3213639,109126.164
35143,1.3170379,109127.484
35144,1.3128891,109128.8
35145,1.3076204,109130.1
35146,1.2992642,109131.4
35147,1.2934855,109132.695
35148,1.2889127,109133.984
35149,1.2863193,109135.27
35150,1.2872804,109136.56
35151,1.288806,109137.85
35152,1.2872125,109139.14
35153,1.2852159,109140.43
35154,1.2822593,109141.71
35155,1.2805846,109142.99
35156,1.2776475,109144.27
35157,1.2770274,109145.55
35158,1.279212,109146.83
35159,1.2821102,109148.11
35160,1.2850082,109149.39
35161,1.2878581,109150.68
35162,1.2885071,109151.97
35163,1.2854598,109153.26
35164,1.2804563,109154.54
35165,1.2761841,109155.81
35166,1.269047,109157.08
35167,1.2574899,109158.336
35168,1.2539852,109159.59
35169,1.2524908,109160.84
35170,1.2539845,109162.1
35171,1.2542591,109163.36
35172,1.2601199,109164.62
35173,1.2692844,109165.88
35174,1.2773378,109167.16
35175,1.2857982,109168.445
35176,1.2866441,109169.734
35177,1.2865906,109171.02
35178,1.2838383,109172.305
35179,1.2806692,109173.586
35180,1.276871,109174.86
35181,1.2745767,109176.13
35182,1.2695115,109177.4
35183,1.2618091,109178.664
35184,1.2516716,109179.914
35185,1.2465291,109181.164
35186,1.2494264,109182.414
35187,1.2539624,109183.67
35188,1.2563809,109184.93
35189,1.2568944,109186.19
35190,1.2535095,109187.44
35191,1.249608,109188.69
35192,1.2457144,109189.93
35193,1.2251985,109191.16
35194,1.2144859,109192.37
35195,1.2040035,109193.57
35196,1.2004282,109194.77
35197,1.1975492,109195.97
35198,1.1956512,109197.164
35199,1.1970226,109198.36
35200,1.2009029,109199.56
35201,1.2034724,109200.766
35202,1.208061,109201.98
35203,1.2149042,109203.195
35204,1.2195677,109204.414
35205,1.2167213,109205.63
35206,1.2134713,109206.84
35207,1.2096807,109208.055
35208,1.2060562,109209.26
35209,1.2019827,109210.46
35210,1.197781,109211.66
35211,1.1959218,109212.85
35212,1.1994474,109214.055
35213,1.2055473,109215.26
35214,1.2124109,109216.47
35215,1.2169274,109217.69
35216,1.2176881,109218.91
35217,1.2153397,109220.125
35218,1.2128832,109221.336
35219,1.2102762,109222.55
35220,1.2130033,109223.76
35221,1.219112,109224.98
35222,1.2253958,109226.2
35223,1.2290502,109227.43
35224,1.2317412,109228.664
35225,1.2344657,109229.9
35226,1.2414902,109231.14
35227,1.2469767,109232.39
35228,1.2528214,109233.64
35229,1.2554106,109234.9
35230,1.2579559,109236.16
35231,1.2535479,109237.41
35232,1.2482933,109238.66
35233,1.2437141,109239.9
35234,1.2450627,109241.14
35235,1.2510674,109242.39
35236,1.2754726,109243.664
35237,1.2794832,109244.945
35238,1.282035,109246.23
35239,1.281055,109247.51
35240,1.2784922,109248.79
35241,1.2753968,109250.06
35242,1.2748502,109251.336
35243,1.2741516,109252.61
35244,1.2758148,109253.88
35245,1.2779211,109255.164
35246,1.2750628,109256.44
35247,1.2720406,109257.71
35248,1.2724241,109258.984
35249,1.2730397,109260.26
35250,1.2738624,109261.53
35251,1.2755286,109262.805
35252,1.2777025,109264.086
35253,1.2796298,109265.37
35254,1.2757405,109266.64
35255,1.2684197,109267.91
35256,1.2617854,109269.17
35257,1.2579365,109270.43
35258,1.2543688,109271.69
35259,1.2509025,109272.94
35260,1.2480359,109274.19
35261,1.2444297,109275.43
35262,1.2403893,109276.67
35263,1.2382047,109277.91
35264,1.2391791,109279.15
35265,1.2437426,109280.39
35266,1.2473261,109281.64
35267,1.2531241,109282.89
35268,1.2571055,109284.15
35269,1.2629558,109285.414
35270,1.2665994,109286.68
35271,1.2709427,109287.95
35272,1.2697026,109289.23
35273,1.2699776,109290.5
35274,1.2720722,109291.77
35275,1.2726023,109293.05
35276,1.2710822,109294.32
35277,1.2691225,109295.586
35278,1.2684672,109296.85
35279,1.2744296,109298.125
35280,1.2790717,109299.41
35281,1.2789271,109300.69
35282,1.2755581,109301.96
35283,1.2760609,109303.234
35284,1.2805318,109304.516
35285,1.2873209,109305.805
35286,1.2886951,109307.09
35287,1.2844197,109308.375
35288,1.2749318,109309.65
35289,1.2666872,109310.914
35290,1.2652037,109312.18
35291,1.2657593,109313.445
35292,1.2680457,109314.71
35293,1.2702016,109315.984
35294,1.2698265,109317.26
35295,1.2682847,109318.52
35296,1.2727592,109319.8
35297,1.2760998,109321.07
35298,1.2833728,109322.35
35299,1.2886728,109323.64
35300,1.2927008,109324.93
35301,1.2926774,109326.22
35302,1.2888268,109327.51
35303,1.2841486,109328.79
35304,1.2813382,109330.07
35305,1.2764808,109331.34
35306,1.2710295,109332.62
35307,1.2660643,109333.88
35308,1.2602602,109335.14
35309,1.2522435,109336.39
35310,1.2521222,109337.64
35311,1.2538073,109338.89
35312,1.2586664,109340.15
35313,1.2730625,109341.42
35314,1.2789384,109342.7
35315,1.283274,109343.984
35316,1.2845764,109345.266
35317,1.2826185,109346.55
35318,1.282072,109347.83
35319,1.2769715,109349.1
35320,1.2607625,109350.36
35321,1.2523614,109351.61
35322,1.2523757,109352.86
35323,1.2749659,109354.13
35324,1.2758718,109355.41
35325,1.2788687,109356.69
35326,1.2781595,109357.97
35327,1.2759268,109359.24
35328,1.2751918,109360.516
35329,1.2756827,109361.79
35330,1.2708713,109363.06
35331,1.2687373,109364.33
35332,1.2654023,109365.59
35333,1.2636199,109366.86
35334,1.2640774,109368.125
35335,1.2606831,109369.38
35336,1.2545613,109370.64
35337,1.2478112,109371.89
35338,1.242693,109373.13
35339,1.242331,109374.375
35340,1.2456092,109375.62
35341,1.2515655,109376.87
35342,1.2547315,109378.125
35343,1.255244,109379.38
35344,1.2556275,109380.64
35345,1.2564262,109381.9
35346,1.2585149,109383.16
35347,1.260805,109384.414
35348,1.264114,109385.68
35349,1.2651006,109386.945
35350,1.2659527,109388.21
35351,1.2630792,109389.48
35352,1.2589767,109390.734
35353,1.2536851,109391.984
35354,1.2492566,109393.234
35355,1.2455316,109394.48
35356,1.245705,109395.72
35357,1.2465786,109396.97
35358,1.2480365,109398.22
35359,1.2542479,109399.48
35360,1.2602386,109400.734
35361,1.2682503,109402.0
35362,1.2750113,109403.27
35363,1.2784928,109404.555
35364,1.2811166,109405.836
35365,1.2845253,109407.12
35366,1.2879341,109408.41
35367,1.2864372,109409.695
35368,1.2804916,109410.98
35369,1.2762929,109412.25
35370,1.2774247,109413.53
35371,1.2809933,109414.81
35372,1.2870419,109416.1
35373,1.2908424,109417.39
35374,1.2981706,109418.69
35375,1.3023213,109419.99
35376,1.3054471,109421.3
35377,1.307129,109422.6
35378,1.3070031,109423.91
35379,1.30529,109425.21
35380,1.3096888,109426.52
35381,1.3118384,109427.836
35382,1.3159355,109429.15
35383,1.3216352,109430.47
35384,1.3280631,109431.8
35385,1.3333027,109433.13
35386,1.3344618,109434.47
35387,1.3299737,109435.8
35388,1.3234576,109437.12
35389,1.3207861,109438.44
35390,1.3188599,109439.76
35391,1.31552,109441.07
35392,1.3109874,109442.38
35393,1.3078648,109443.69
35394,1.3050805,109444.99
35395,1.306359,109446.3
35396,1.3085054,109447.6
35397,1.3097931,109448.914
35398,1.3093956,109450.23
35399,1.3079746,109451.53
35400,1.3061359,109452.836
35401,1.304028,109454.14
35402,1.2996768,109455.44
35403,1.2945974,109456.734
35404,1.2865645,109458.02
35405,1.2791407,109459.305
35406,1.2752138,109460.58
35407,1.2738357,109461.85
35408,1.2743276,109463.125
35409,1.2763971,109464.4
35410,1.2795132,109465.68
35411,1.2802913,109466.96
35412,1.2810768,109468.24
35413,1.28482,109469.52
35414,1.2917771,109470.81
35415,1.2978151,109472.11
35416,1.3012329,109473.414
35417,1.3014511,109474.72
35418,1.3022003,109476.02
35419,1.3046491,109477.33
35420,1.3079927,109478.63
35421,1.3122871,109479.945
35422,1.3150859,109481.26
35423,1.3200529,109482.58
35424,1.3243375,109483.91
35425,1.3255593,109485.234
35426,1.3275397,109486.56
35427,1.3306442,109487.89
35428,1.334769,109489.23
35429,1.3425246,109490.57
35430,1.3465241,109491.914
35431,1.352984,109493.266
35432,1.3573112,109494.625
35433,1.3609277,109495.984
35434,1.357921,109497.34
35435,1.3486122,109498.695
35436,1.3368508,109500.03
35437,1.3271828,109501.36
35438,1.3246858,109502.69
35439,1.3199607,109504.01
35440,1.3145915,109505.32
35441,1.3071035,109506.625
35442,1.2974938,109507.92
35443,1.2891841,109509.21
35444,1.28628,109510.5
35445,1.2870091,109511.79
35446,1.285989,109513.08
35447,1.284626,109514.36
35448,1.2821193,109515.64
35449,1.2892522,109516.93
35450,1.2895938,109518.22
35451,1.2873048,109519.51
35452,1.2844502,109520.79
35453,1.2802933,109522.07
35454,1.2777952,109523.35
35455,1.2746273,109524.625
35456,1.2723218,109525.9
35457,1.27138,109527.17
35458,1.2737658,109528.445
35459,1.2774361,109529.73
35460,1.2797574,109531.01
35461,1.2835405,109532.29
35462,1.2857194,109533.58
35463,1.3036327,109534.88
35464,1.3206902,109536.2
35465,1.3384807,109537.54
35466,1.3456063,109538.88
35467,1.3438653,109540.23
35468,1.3382382,109541.56
35469,1.3307563,109542.89
35470,1.3230377,109544.21
35471,1.3100979,109545.52
35472,1.2924733,109546.81
35473,1.3171295,109548.13
35474,1.3101964,109549.445
35475,1.3045881,109550.75
35476,1.2995807,109552.05
35477,1.2950003,109553.34
35478,1.2930809,109554.64
35479,1.2889707,109555.93
35480,1.2865024,109557.22
35481,1.2861482,109558.51
35482,1.285909,109559.8
35483,1.2866566,109561.086
35484,1.2870303,109562.375
35485,1.2867546,109563.664
35486,1.2869836,109564.95
35487,1.2872593,109566.24
35488,1.2835399,109567.52
35489,1.2821988,109568.805
35490,1.2784456,109570.086
35491,1.2725909,109571.36
35492,1.2701411,109572.63
35493,1.2697849,109573.91
35494,1.2682042,109575.17
35495,1.2698987,109576.445
35496,1.2681646,109577.71
35497,1.2714955,109578.984
35498,1.2741184,109580.26
35499,1.2779342,109581.54
35500,1.2773646,109582.82
35501,1.2783546,109584.1
35502,1.2785383,109585.38
35503,1.2777473,109586.664
35504,1.2773015,109587.94
35505,1.2786647,109589.22
35506,1.2791389,109590.5
35507,1.2801778,109591.78
35508,1.281984,109593.06
35509,1.2832631,109594.34
35510,1.2828892,109595.625
35511,1.2803384,109596.91
35512,1.2796434,109598.19
35513,1.282169,109599.47
35514,1.2834588,109600.75
35515,1.2833382,109602.03
35516,1.2768141,109603.305
35517,1.2727587,109604.58
35518,1.2725493,109605.85
35519,1.2741163,109607.125
35520,1.2750342,109608.4
35521,1.2753056,109609.67
35522,1.2765703,109610.945
35523,1.2768676,109612.22
35524,1.2822903,109613.5
35525,1.2857176,109614.79
35526,1.2920898,109616.08
35527,1.2951574,109617.375
35528,1.2974823,109618.67
35529,1.2994726,109619.97
35530,1.3039464,109621.27
35531,1.3041798,109622.58
35532,1.3024831,109623.88
35533,1.2986071,109625.18
35534,1.2926418,109626.47
35535,1.2848221,109627.75
35536,1.2302564,109628.98
35537,1.2238338,109630.2
35538,1.2229295,109631.43
35539,1.223533,109632.66
35540,1.2244189,109633.88
35541,1.2238846,109635.11
35542,1.2178489,109636.33
35543,1.2120613,109637.54
35544,1.2081758,109638.75
35545,1.2074115,109639.96
35546,1.2112219,109641.17
35547,1.2150978,109642.39
35548,1.2133095,109643.6
35549,1.208093,109644.81
35550,1.1988943,109646.01
35551,1.1929989,109647.2
35552,1.1939142,109648.4
35553,1.1985408,109649.59
35554,1.2017636,109650.8
35555,1.2031394,109652.0
35556,1.201926,109653.2
35557,1.2010865,109654.41
35558,1.1975656,109655.6
35559,1.1945229,109656.8
35560,1.1922451,109657.99
35561,1.1940738,109659.19
35562,1.1984197,109660.38
35563,1.2010207,109661.586
35564,1.2045898,109662.79
35565,1.2074739,109664.0
35566,1.2109134,109665.21
35567,1.2168982,109666.43
35568,1.2237659,109667.66
35569,1.2295333,109668.88
35570,1.2351204,109670.12
35571,1.240024,109671.36
35572,1.2456697,109672.6
35573,1.2543154,109673.86
35574,1.2601075,109675.12
35575,1.2660786,109676.38
35576,1.2714498,109677.66
35577,1.2756742,109678.93
35578,1.2833229,109680.21
35579,1.2903668,109681.5
35580,1.2984319,109682.8
35581,1.2932796,109684.09
35582,1.2364249,109685.33
35583,1.2261431,109686.555
35584,1.2190228,109687.77
35585,1.2122855,109688.984
35586,1.2081649,109690.195
35587,1.2067893,109691.4
35588,1.1982862,109692.59
35589,1.1876853,109693.78
35590,1.1701177,109694.95
35591,1.2507875,109696.2
35592,1.2371031,109697.44
35593,1.2273538,109698.664
35594,1.1492829,109699.81
35595,1.157288,109700.97
35596,1.165772,109702.13
35597,1.1711079,109703.305
35598,1.1688406,109704.48
35599,1.1606755,109705.64
35600,1.1586123,109706.8
35601,1.1662153,109707.96
35602,1.175376,109709.13
35603,1.1847472,109710.32
35604,1.1891967,109711.51
35605,1.1930251,109712.7
35606,1.1969784,109713.9
35607,1.2014027,109715.1
35608,1.2064251,109716.305
35609,1.2107992,109717.516
35610,1.216415,109718.734
35611,1.2187605,109719.95
35612,1.218984,109721.17
35613,1.2225857,109722.39
35614,1.2269294,109723.62
35615,1.2294245,109724.84
35616,1.2286167,109726.07
35617,1.2273662,109727.3
35618,1.2299292,109728.52
35619,1.234381,109729.76
35620,1.2377216,109730.99
35621,1.239876,109732.234
35622,1.2376997,109733.47
35623,1.231836,109734.7
35624,1.2287719,109735.93
35625,1.2331026,109737.164
35626,1.2412016,109738.41
35627,1.2490939,109739.66
35628,1.2559774,109740.914
35629,1.2615964,109742.17
35630,1.2651141,109743.44
35631,1.269542,109744.71
35632,1.2740089,109745.984
35633,1.2766742,109747.26
35634,1.2767004,109748.53
35635,1.2729347,109749.805
35636,1.2659029,109751.07
35637,1.2578635,109752.33
35638,1.2522138,109753.58
35639,1.2480654,109754.83
35640,1.2463843,109756.08
35641,1.2449697,109757.32
35642,1.2457994,109758.56
35643,1.2434618,109759.805
35644,1.239893,109761.05
35645,1.2381744,109762.28
35646,1.2397276,109763.52
35647,1.242264,109764.766
35648,1.2460991,109766.016
35649,1.2498839,109767.266
35650,1.2534314,109768.516
35651,1.2592926,109769.77
35652,1.2613161,109771.03
35653,1.2609643,109772.29
35654,1.2615377,109773.55
35655,1.2608285,109774.805
35656,1.2584727,109776.06
35657,1.2585317,109777.32
35658,1.2596499,109778.58
35659,1.2608341,109779.836
35660,1.258815,109781.09
35661,1.254704,109782.35
35662,1.2523171,109783.6
35663,1.2517095,109784.85
35664,1.2497123,109786.1
35665,1.2499164,109787.35
35666,1.2507348,109788.6
35667,1.2524569,109789.85
35668,1.249931,109791.1
35669,1.2457529,109792.34
35670,1.2408812,109793.586
35671,1.2346869,109794.82
35672,1.22912,109796.05
35673,1.2268529,109797.27
35674,1.2257928,109798.5
35675,1.2252066,109799.73
35676,1.2209829,109800.945
35677,1.2204815,109802.164
35678,1.2203891,109803.38
35679,1.220343,109804.6
35680,1.2165413,109805.82
35681,1.2142627,109807.03
35682,1.2097756,109808.24
35683,1.2075402,109809.45
35684,1.2041204,109810.66
35685,1.2011145,109811.86
35686,1.1990229,109813.055
35687,1.1985772,109814.25
35688,1.197961,109815.445
35689,1.1981666,109816.64
35690,1.1967494,109817.836
35691,1.1946816,109819.03
35692,1.1868405,109820.22
35693,1.1825051,109821.4
35694,1.18136,109822.58
35695,1.1828319,109823.76
35696,1.1862935,109824.945
35697,1.1887335,109826.13
35698,1.1911051,109827.32
35699,1.1926862,109828.516
35700,1.189903,109829.7
35701,1.1841719,109830.89
35702,1.1795582,109832.07
35703,1.1756456,109833.24
35704,1.1716218,109834.414
35705,1.1649183,109835.58
35706,1.159333,109836.734
35707,1.1529317,109837.89
35708,1.1445915,109839.04
35709,1.1376625,109840.18
35710,1.133408,109841.31
35711,1.1312517,109842.445
35712,1.1296577,109843.58
35713,1.1251961,109844.7
35714,1.1215948,109845.83
35715,1.1166483,109846.945
35716,1.1108963,109848.055
35717,1.1046185,109849.16
35718,1.1019294,109850.26
35719,1.0994519,109851.36
35720,1.0895183,109852.445
35721,1.0812207,109853.52
35722,1.0729843,109854.59
35723,1.0667899,109855.664
35724,1.0612824,109856.73
35725,1.0521605,109857.78
35726,1.0413753,109858.82
35727,1.0389245,109859.86
35728,1.0380003,109860.9
35729,1.0340424,109861.93
35730,1.031155,109862.96
35731,1.0258127,109863.984
35732,1.0240012,109865.01
35733,1.0188779,109866.02
35734,1.014747,109867.04
35735,1.0163026,109868.055
35736,1.0189312,109869.07
35737,1.0167296,109870.086
35738,1.0076607,109871.09
35739,1.0020856,109872.09
35740,0.9973589,109873.09
35741,0.9895812,109874.086
35742,0.97518194,109875.06
35743,0.9634302,109876.02
35744,0.95344305,109876.98
35745,0.9502248,109877.93
35746,0.9525812,109878.88
35747,0.95481545,109879.836
35748,0.95688987,109880.79
35749,0.9607757,109881.75
35750,0.96514547,109882.72
35751,0.96800876,109883.69
35752,0.9704564,109884.66
35753,0.9737839,109885.63
35754,0.97845954,109886.61
35755,0.97789997,109887.586
35756,0.9767797,109888.56
35757,0.9738691,109889.54
35758,0.9761854,109890.516
35759,0.97597677,109891.49
35760,0.9785317,109892.47
35761,0.9792707,109893.445
35762,0.97918034,109894.42
35763,0.9770128,109895.4
35764,0.97560644,109896.375
35765,0.96974707,109897.34
35766,0.9579976,109898.305
35767,0.9429538,109899.25
35768,0.9244219,109900.17
35769,0.9052413,109901.08
35770,0.887855,109901.97
35771,0.8776497,109902.84
35772,0.8718635,109903.72
35773,0.8665789,109904.586
35774,0.8637018,109905.45
35775,0.860629,109906.31
35776,0.85570836,109907.17
35777,0.8473629,109908.016
35778,0.83602667,109908.85
35779,0.82140446,109909.67
35780,0.8102271,109910.484
35781,0.79941505,109911.28
35782,0.78497946,109912.06
35783,0.7816613,109912.84
35784,0.7851955,109913.63
35785,0.7924857,109914.42
35786,0.79194677,109915.21
35787,0.7860569,109916.0
35788,0.7859557,109916.79
35789,0.78391427,109917.57
35790,0.78334934,109918.35
35791,0.7675329,109919.12
35792,0.75495505,109919.875
35793,0.74219793,109920.62
35794,0.73674065,109921.35
35795,0.73661065,109922.086
35796,0.73924947,109922.83
35797,0.74108756,109923.57
35798,0.73903954,109924.31
35799,0.7340609,109925.05
35800,0.7273067,109925.77
35801,0.7258552,109926.5
35802,0.7197455,109927.22
35803,0.71464866,109927.93
35804,0.71116155,109928.64
35805,0.7142499,109929.35
35806,0.7151623,109930.07
35807,0.72025764,109930.79
35808,0.72032005,109931.51
35809,0.72125787,109932.23
35810,0.70629156,109932.93
35811,0.6997735,109933.63
35812,0.68677586,109934.32
35813,0.67709434,109935.0
35814,0.66843224,109935.67
35815,0.6605576,109936.336
35816,0.650953,109936.984
35817,0.6394077,109937.625
35818,0.62983817,109938.26
35819,0.62054986,109938.875
35820,0.61595726,109939.49
35821,0.6158254,109940.11
35822,0.61482126,109940.73
35823,0.6119887,109941.336
35824,0.6077723,109941.945
35825,0.5994411,109942.55
35826,0.591571,109943.14
35827,0.5832169,109943.73
35828,0.57792807,109944.305
35829,0.5743424,109944.88
35830,0.5702526,109945.45
35831,0.5653381,109946.016
35832,0.56079096,109946.58
35833,0.5548545,109947.13
35834,0.54838556,109947.68
35835,0.54262394,109948.22
35836,0.5342808,109948.75
35837,0.5287745,109949.28
35838,0.52315634,109949.805
35839,0.5183474,109950.32
35840,0.51584375,109950.836
35841,0.5155344,109951.35
35842,0.51275337,109951.87
35843,0.51156896,109952.375
35844,0.5116306,109952.88
35845,0.51298136,109953.4
35846,0.51559025,109953.914
35847,0.5145829,109954.43
35848,0.5130076,109954.945
35849,0.5110839,109955.45
35850,0.50951606,109955.96
35851,0.5098676,109956.47
35852,0.5124755,109956.984
35853,0.5112044,109957.49
35854,0.50935507,109958.0
35855,0.5080297,109958.51
35856,0.50652546,109959.016
35857,0.50141484,109959.516
35858,0.49429816,109960.01
35859,0.4876168,109960.49
35860,0.48429665,109960.98
35861,0.47821617,109961.45
35862,0.4704226,109961.92
35863,0.46241874,109962.38
35864,0.45429495,109962.836
35865,0.44801107,109963.28
35866,0.44111076,109963.72
35867,0.4382444,109964.16
35868,0.4356304,109964.59
35869,0.4331533,109965.02
35870,0.4289695,109965.45
35871,0.42241552,109965.875
35872,0.41333044,109966.29
35873,0.40493506,109966.695
35874,0.39600912,109967.09
35875,0.39104256,109967.484
35876,0.38664436,109967.87
35877,0.38550225,109968.25
35878,0.3816613,109968.63
35879,0.38237372,109969.016
35880,0.38172585,109969.4
35881,0.38321236,109969.78
35882,0.38109794,109970.164
35883,0.3820368,109970.55
35884,0.3795725,109970.93
35885,0.3757354,109971.305
35886,0.37064797,109971.67
35887,0.365225,109972.04
35888,0.357837,109972.4
35889,0.3477935,109972.75
35890,0.33897802,109973.086
35891,0.332667,109973.42
35892,0.32815284,109973.75
35893,0.32643837,109974.08
35894,0.32280388,109974.4
35895,0.32420892,109974.72
35896,0.32272437,109975.04
35897,0.32386374,109975.36
35898,0.3209078,109975.68
35899,0.31749958,109976.0
35900,0.31326833,109976.31
35901,0.30724385,109976.62
35902,0.30233786,109976.92
35903,0.2975768,109977.22
35904,0.29424155,109977.516
35905,0.29098865,109977.805
35906,0.28854117,109978.09
35907,0.28762686,109978.38
35908,0.284258,109978.664
35909,0.28047016,109978.945
35910,0.27723637,109979.22
35911,0.27800742,109979.5
35912,0.27929386,109979.78
35913,0.28312597,109980.06
35914,0.28050742,109980.34
35915,0.2758605,109980.62
35916,0.26805136,109980.88
35917,0.26310506,109981.15
35918,0.25968465,109981.41
35919,0.25929555,109981.664
35920,0.25750768,109981.92
35921,0.253039,109982.17
35922,0.24491796,109982.414
35923,0.22636205,109982.64
35924,0.20322882,109982.84
35925,0.17490347,109983.016
35926,0.15836616,109983.17
35927,0.14564933,109983.32
35928,0.1367626,109983.46
35929,0.12615317,109983.586
35930,0.120586306,109983.7
35931,0.11588294,109983.82
35932,0.11675574,109983.94
35933,0.12221747,109984.06
35934,0.12299185,109984.19
35935,0.12017707,109984.305
35936,0.11553565,109984.42
35937,0.11464194,109984.54
35938,0.11131385,109984.65
35939,0.09881278,109984.75
35940,0.08433982,109984.836
35941,0.06316153,109984.9
35942,0.047686372,109984.945
35943,0.028638672,109984.98
35944,0.016397767,109984.99
35945,0.006613526,109985.0
35946,0.0010193491,109985.0
35947,0.0032982777,109985.0
35948,0.005054412,109985.01
35949,0.0043015433,109985.016
35950,0.004448485,109985.02
35951,0.005553527,109985.03
35952,0.00912622,109985.04
35953,0.013955016,109985.055
35954,0.01945459,109985.07
35955,0.02423715,109985.09
35956,0.025720306,109985.12
35957,0.027781615,109985.15
35958,0.029470762,109985.18
35959,0.03599954,109985.22
35960,0.04229486,109985.26
35961,0.0499241,109985.305
35962,0.056834348,109985.36
35963,0.066520475,109985.43
35964,0.07568368,109985.51
35965,0.08336221,109985.59
35966,0.088279806,109985.68
35967,0.09198159,109985.77
35968,0.09359445,109985.87
35969,0.09502511,109985.96
35970,0.095709,109986.055
35971,0.094819725,109986.15
35972,0.093467794,109986.24
35973,0.093560874,109986.336
35974,0.094634786,109986.43
35975,0.09676308,109986.52
35976,0.0977369,109986.625
35977,0.09654458,109986.72
35978,0.0939985,109986.81
35979,0.09336068,109986.91
35980,0.092670985,109987.0
35981,0.09232858,109987.09
35982,0.09160226,109987.19
35983,0.09023324,109987.28
35984,0.08746743,109987.37
35985,0.08581582,109987.45
35986,0.082808,109987.54
35987,0.08147134,109987.62
35988,0.07917611,109987.695
35989,0.078040555,109987.77
35990,0.07779489,109987.85
35991,0.07813882,109987.93
35992,0.0791102,109988.01
35993,0.07827127,109988.086
35994,0.07635934,109988.164
35995,0.07379525,109988.234
35996,0.07044382,109988.305
35997,0.06970132,109988.375
35998,0.068593994,109988.445
35999,0.06855752,109988.516
36000,0.0700712,109988.586
36001,0.074175656,109988.66
36002,0.078686304,109988.734
36003,0.0817405,109988.81
36004,0.08211403,109988.9
36005,0.08117806,109988.98
36006,0.07897256,109989.055
36007,0.07932687,109989.13
36008,0.07879556,109989.21
36009,0.0793403,109989.29
36010,0.08097604,109989.37
36011,0.08463815,109989.45
36012,0.089415975,109989.54
36013,0.0930729,109989.63
36014,0.09596627,109989.73
36015,0.098100975,109989.83
36016,0.09985147,109989.93
36017,0.10255776,109990.03
36018,0.10438119,109990.13
36019,0.107166834,109990.24
36020,0.10827828,109990.35
36021,0.110067524,109990.46
36022,0.11259988,109990.57
36023,0.112495504,109990.68
36024,0.110392235,109990.79
36025,0.10517587,109990.89
36026,0.09988259,109990.99
36027,0.093744285,109991.086
36028,0.08806985,109991.17
36029,0.08136392,109991.25
36030,0.07489358,109991.33
36031,0.06850259,109991.4
36032,0.06519418,109991.46
36033,0.066988155,109991.53
36034,0.0698739,109991.6
36035,0.07280526,109991.67
36036,0.07284158,109991.74
36037,0.072526336,109991.81
36038,0.06987253,109991.88
36039,0.06946649,109991.95
36040,0.06819543,109992.02
36041,0.0715458,109992.09
36042,0.071635984,109992.164
36043,0.07782205,109992.24
36044,0.07618204,109992.32
36045,0.082722254,109992.41
36046,0.07607644,109992.484
36047,0.08056771,109992.56
36048,0.07915811,109992.64
36049,0.081757896,109992.72
36050,0.0832084,109992.805
36051,0.08579934,109992.89
36052,0.088245936,109992.98
36053,0.09073159,109993.07
36054,0.09177102,109993.164
36055,0.09233651,109993.26
36056,0.09113381,109993.35
36057,0.08985848,109993.445
36058,0.08868386,109993.53
36059,0.08721932,109993.62
36060,0.08633278,109993.7
36061,0.08429116,109993.79
36062,0.08237283,109993.875
36063,0.12407113,109994.0
36064,0.09067666,109994.09
36065,0.12671426,109994.22
36066,0.09920022,109994.32
36067,0.12241219,109994.445
36068,0.10138802,109994.55
36069,0.1144468,109994.664
36070,0.10325417,109994.766
36071,0.106106654,109994.875
36072,0.09849465,109994.98
36073,0.09736886,109995.07
36074,0.09171212,109995.164
36075,0.09111428,109995.26
36076,0.08537118,109995.34
36077,0.085943684,109995.43
36078,0.081002586,109995.51
36079,0.08117867,109995.586
36080,0.07666635,109995.664
36081,0.07735116,109995.74
36082,0.07444146,109995.82
36083,0.07521188,109995.9
36084,0.07299783,109995.97
36085,0.07160165,109996.04
36086,0.06946206,109996.11
36087,0.068611994,109996.18
36088,0.0677453,109996.25
36089,0.06829721,109996.32
36090,0.06809976,109996.39
36091,0.06845681,109996.46
36092,0.06782129,109996.53
36093,0.067968994,109996.6
36094,0.06690439,109996.67
36095,0.068294615,109996.74
36096,0.06783944,109996.81
36097,0.06827997,109996.88
36098,0.06767633,109996.95
36099,0.068749934,109997.02
36100,0.06816461,109997.09
36101,0.06780267,109997.164
36102,0.0664657,109997.234
36103,0.063646786,109997.3
36104,0.06124719,109997.36
36105,0.058807615,109997.42
36106,0.057302944,109997.48
36107,0.05661508,109997.53
36108,0.05453729,109997.586
36109,0.054875884,109997.64
36110,0.053510983,109997.695
36111,0.055307098,109997.75
36112,0.05540292,109997.805
36113,0.057071317,109997.86
36114,0.05737344,109997.914
36115,0.058932737,109997.98
36116,0.059508298,109998.04
36117,0.06032495,109998.1
36118,0.060628902,109998.164
36119,0.061378416,109998.23
36120,0.062141508,109998.29
36121,0.06377114,109998.35
36122,0.064482056,109998.414
36123,0.06681588,109998.484
36124,0.06679315,109998.555
36125,0.06806253,109998.625
36126,0.06798959,109998.695
36127,0.06941415,109998.766
36128,0.06948068,109998.836
36129,0.06989618,109998.91
36130,0.06991372,109998.98
36131,0.07031946,109999.05
36132,0.07077371,109999.12
36133,0.07165612,109999.19
36134,0.07159478,109999.26
36135,0.0733648,109999.33
36136,0.07364862,109999.4
36137,0.075961694,109999.48
36138,0.07556619,109999.555
36139,0.076850064,109999.63
36140,0.07640603,109999.71
36141,0.078108,109999.79
36142,0.0775242,109999.87
36143,0.07922006,109999.945
36144,0.07896951,110000.02
36145,0.08152169,110000.1
36146,0.080206685,110000.18
36147,0.081339195,110000.26
36148,0.07991342,110000.336
36149,0.08289895,110000.42
36150,0.08197213,110000.5
36151,0.0842106,110000.586
36152,0.08306801,110000.67
36153,0.0859858,110000.76
36154,0.08570657,110000.84
36155,0.08893136,110000.93
36156,0.08782571,110001.016
36157,0.08825631,110001.1
36158,0.0859327,110001.19
36159,0.085108116,110001.27
36160,0.083486415,110001.36
36161,0.08375405,110001.445
36162,0.08227822,110001.53
36163,0.08227059,110001.62
36164,0.08106423,110001.695
36165,0.081918724,110001.77
36166,0.08007424,110001.85
36167,0.069838956,110001.92
36168,0.081192404,110002.0
36169,0.072307676,110002.07
36170,0.07134973,110002.14
36171,0.07725106,110002.22
36172,0.07745767,110002.3
36173,0.078454375,110002.375
36174,0.0770289,110002.45
36175,0.07790139,110002.53
36176,0.076630645,110002.61
36177,0.0754931,110002.69
36178,0.07381326,110002.76
36179,0.07263315,110002.83
36180,0.0716192,110002.9
36181,0.070984125,110002.97
36182,0.069914944,110003.04
36183,0.06873163,110003.11
36184,0.06759759,110003.18
36185,0.06632074,110003.24
36186,0.0646943,110003.305
36187,0.06293329,110003.37
36188,0.061581206,110003.43
36189,0.060273986,110003.49
36190,0.05911111,110003.555
36191,0.05742578,110003.61
36192,0.05575189,110003.664
36193,0.054258056,110003.72
36194,0.053037506,110003.77
36195,0.052093748,110003.83
36196,0.05122598,110003.88
36197,0.050160766,110003.93
36198,0.049459167,110003.98
36199,0.049837735,110004.02
36200,0.050072417,110004.07
36201,0.05067468,110004.12
36202,0.04780801,110004.164
36203,0.04491357,110004.21
36204,0.04234216,110004.25
36205,0.04002954,110004.29
36206,0.037580352,110004.33
36207,0.034880918,110004.36
36208,0.032974333,110004.39
36209,0.028883604,110004.42
36210,0.02898889,110004.45
36211,0.02421594,110004.48
36212,0.024148192,110004.5
36213,0.02101007,110004.52
36214,0.019792113,110004.55
36215,0.015349058,110004.56
36216,0.07618936,110004.64
36217,0.07618661,110004.72
36218,0.07617898,110004.8
36219,0.0761921,110004.875
36220,0.0761738,110004.95
36221,0.07618112,110005.03
36222,0.07616128,110005.11
36223,0.076151825,110005.19
36224,0.07615152,110005.266
36225,0.0761506,110005.34
36226,0.0761503,110005.42
36227,0.07611032,110005.5
36228,0.076110624,110005.58
36229,0.07612924,110005.66
36230,0.07611642,110005.734
36231,0.07609384,110005.81
36232,0.07607217,110005.89
36233,0.076080106,110005.97
36234,0.07607278,110006.05
36235,0.07606149,110006.125
36236,0.07603921,110006.2
36237,0.07605325,110006.28
36238,0.07603829,110006.36
36239,0.076047145,110006.44
36240,0.076047756,110006.516
36241,0.07602548,110006.59
36242,0.076025784,110006.67
36243,0.07600259,110006.75
36244,0.07599984,110006.83
36245,0.075978175,110006.91
36246,0.07597574,110006.984
36247,0.07597574,110007.06
36248,0.0760032,110007.14
36249,0.07598764,110007.22
36250,0.07596597,110007.3
36251,0.07594583,110007.375
36252,0.075954676,110007.45
36253,0.07595895,110007.53
36254,0.07595712,110007.61
36255,0.075920805,110007.69
36256,0.07592294,110007.766
36257,0.07591836,110007.84
36258,0.07590585,110007.92
36259,0.075897,110008.0
36260,0.07589151,110008.08
36261,0.07587106,110008.16
36262,0.075864345,110008.234
36263,0.07587625,110008.31
36264,0.07588266,110008.39
36265,0.07588662,110008.47
36266,0.07586069,110008.55
36267,0.07583749,110008.625
36268,0.07584543,110008.7
36269,0.07583291,110008.78
36270,0.07582132,110008.86
36271,0.07580972,110008.94
36272,0.075815216,110009.016
36273,0.075794764,110009.09
36274,0.075771876,110009.17
36275,0.075775236,110009.25
36276,0.07579843,110009.33
36277,0.07578744,110009.41
36278,0.07579446,110009.484
36279,0.075789884,110009.56
36280,0.07580118,110009.64
36281,0.07578744,110009.72
36282,0.07576486,110009.8
36283,0.075782254,110009.875
36284,0.07579355,110009.95
36285,0.07577279,110010.03
36286,0.0757551,110010.11
36287,0.075738005,110010.19
36288,0.07577646,110010.266
36289,0.07575174,110010.34
36290,0.07574533,110010.42
36291,0.0757081,110010.5
36292,0.075705655,110010.58
36293,0.07570749,110010.66
36294,0.075702295,110010.734
36295,0.075676665,110010.81
36296,0.07568002,110010.89
36297,0.075657435,110010.97
36298,0.075655915,110011.05
36299,0.07566476,110011.125
36300,0.075666286,110011.2
36301,0.07565286,110011.28
36302,0.07564035,110011.36
36303,0.075640045,110011.44
36304,0.07565927,110011.516
36305,0.07562326,110011.59
36306,0.07561807,110011.67
36307,0.07559854,110011.75
36308,0.07562814,110011.83
36309,0.075594574,110011.91
36310,0.075580224,110011.984
36311,0.07558877,110012.06
36312,0.07560037,110012.14
36313,0.07561166,110012.22
36314,0.0755903,110012.3
36315,0.075573206,110012.375
36316,0.075561,110012.45
36317,0.075570464,110012.53
36318,0.07556588,110012.61
36319,0.07555612,110012.69
36320,0.075542994,110012.766
36321,0.075512476,110012.84
36322,0.07548242,110012.92
36323,0.07550927,110013.0
36324,0.07551706,110013.08
36325,0.07551309,110013.16
36326,0.07551919,110013.234
36327,0.07550333,110013.31
36328,0.07550042,110013.39
36329,0.07548883,110013.47
36330,0.0754696,110013.55
36331,0.0754606,110013.625
36332,0.07547067,110013.7
36333,0.07548165,110013.78
36334,0.07547357,110013.86
36335,0.07544305,110013.94
36336,0.07542794,110014.016
36337,0.07542612,110014.09
36338,0.07544366,110014.17
36339,0.07542932,110014.25
36340,0.07542947,110014.33
36341,0.075418025,110014.41
36342,0.075397424,110014.484
36343,0.07540475,110014.56
36344,0.07541757,110014.64
36345,0.075420775,110014.72
36346,0.0754075,110014.8
36347,0.075400025,110014.875
36348,0.075402156,110014.95
36349,0.07538308,110015.03
36350,0.075340055,110015.11
36351,0.07533365,110015.19
36352,0.07532983,110015.266
36353,0.07531137,110015.34
36354,0.07531442,110015.42
36355,0.07530969,110015.5
36356,0.07533365,110015.58
36357,0.07532876,110015.66
36358,0.07531442,110015.734
36359,0.07532464,110015.81
36360,0.07532876,110015.89
36361,0.07531793,110015.97
36362,0.075281,110016.05
36363,0.07526529,110016.125
36364,0.07529642,110016.2
36365,0.07528573,110016.28
36366,0.07526239,110016.36
36367,0.07525277,110016.44
36368,0.07526513,110016.516
36369,0.07527307,110016.59
36370,0.07525705,110016.67
36371,0.07525064,110016.75
36372,0.07523843,110016.83
36373,0.07522867,110016.91
36374,0.07523263,110016.984
36375,0.075206086,110017.06
36376,0.07521539,110017.14
36377,0.07519326,110017.22
36378,0.075210355,110017.3
36379,0.075217985,110017.375
36380,0.07522653,110017.45
36381,0.07520471,110017.53
36382,0.07517999,110017.61
36383,0.075165495,110017.69
36384,0.07518457,110017.766
36385,0.07518426,110017.84
36386,0.07516778,110017.92
36387,0.07517053,110018.0
36388,0.07515344,110018.08
36389,0.07515481,110018.16
36390,0.07515512,110018.234
36391,0.075138025,110018.31
36392,0.0751394,110018.39
36393,0.07513513,110018.47
36394,0.07512262,110018.55
36395,0.07513757,110018.625
36396,0.07514764,110018.7
36397,0.07512689,110018.78
36398,0.075108886,110018.86
36399,0.075088896,110018.94
36400,0.07512323,110019.016
36401,0.075117275,110019.09
36402,0.07511407,110019.17
36403,0.07508706,110019.25
36404,0.075095,110019.33
36405,0.07508233,110019.41
36406,0.075066924,110019.484
36407,0.07507531,110019.56
36408,0.075084925,110019.64
36409,0.07507562,110019.72
36410,0.07509469,110019.8
36411,0.075091794,110019.875
36412,0.07508859,110019.95
36413,0.075059906,110020.03
36414,0.075031824,110020.11
36415,0.07502969,110020.19
36416,0.07504724,110020.266
36417,0.075044796,110020.34
36418,0.07501367,110020.42
36419,0.07500711,110020.5
36420,0.07502328,110020.58
36421,0.07502328,110020.66
36422,0.07502374,110020.734
36423,0.07502801,110020.81
36424,0.07502328,110020.89
36425,0.07499826,110020.97
36426,0.075011835,110021.05
36427,0.074983455,110021.125
36428,0.0749714,110021.2
36429,0.07497552,110021.28
36430,0.07496087,110021.36
36431,0.07496377,110021.44
36432,0.07496454,110021.516
36433,0.07495477,110021.59
36434,0.07494806,110021.67
36435,0.07494806,110021.75
36436,0.074973084,110021.83
36437,0.074962094,110021.91
36438,0.07497201,110021.984
36439,0.07494882,110022.06
36440,0.074925475,110022.14
36441,0.074918605,110022.22
36442,0.07493341,110022.3
36443,0.07491891,110022.375
36444,0.07494149,110022.45
36445,0.07491083,110022.53
36446,0.07489129,110022.61
36447,0.07490793,110022.69
36448,0.07489572,110022.766
36449,0.074890986,110022.84
36450,0.07488244,110022.92
36451,0.074886106,110023.0
36452,0.0749212,110023.08
36453,0.07488992,110023.16
36454,0.074857265,110023.234
36455,0.074853756,110023.31
36456,0.07485132,110023.39
36457,0.07487741,110023.47
36458,0.074873745,110023.55
36459,0.074842006,110023.625
36460,0.07482721,110023.7
36461,0.07481546,110023.78
36462,0.074826136,110023.86
36463,0.074837886,110023.94
36464,0.07484308,110024.016
36465,0.07481683,110024.09
36466,0.074820496,110024.17
36467,0.07480783,110024.25
36468,0.07481012,110024.33
36469,0.07479318,110024.41
36470,0.07479272,110024.484
36471,0.074806,110024.56
36472,0.074791655,110024.64
36473,0.074817896,110024.72
36474,0.07479425,110024.8
36475,0.0747767,110024.875
36476,0.074784175,110024.95
36477,0.074772425,110025.03
36478,0.07476449,110025.11
36479,0.07476495,110025.19
36480,0.074775174,110025.266
36481,0.07475778,110025.34
36482,0.074735805,110025.42
36483,0.07474054,110025.5
36484,0.07475549,110025.58
36485,0.07474771,110025.66
36486,0.07473657,110025.734
36487,0.0747175,110025.81
36488,0.07471399,110025.89
36489,0.07470498,110025.97
36490,0.074687436,110026.05
36491,0.07467172,110026.125
36492,0.074679196,110026.2
36493,0.074686676,110026.28
36494,0.074706055,110026.36
36495,0.074698575,110026.44
36496,0.0746911,110026.516
36497,0.0746853,110026.59
36498,0.074679956,110026.67
36499,0.074678436,110026.75
36500,0.0746885,110026.83
36501,0.07466882,110026.91
36502,0.07467157,110026.984
36503,0.074662715,110027.06
36504,0.074647,110027.14
36505,0.074673854,110027.22
36506,0.07465982,110027.3
36507,0.07463983,110027.375
36508,0.074638605,110027.45
36509,0.07462732,110027.53
36510,0.07464914,110027.61
36511,0.07461572,110027.69
36512,0.07461145,110027.766
36513,0.07464868,110027.84
36514,0.074630365,110027.92
36515,0.07462503,110028.0
36516,0.07461572,110028.08
36517,0.074626856,110028.16
36518,0.07459634,110028.234
36519,0.07460855,110028.31
36520,0.07460565,110028.39
36521,0.07461206,110028.47
36522,0.074617855,110028.55
36523,0.07461862,110028.625
36524,0.07460504,110028.7
36525,0.07462106,110028.78
36526,0.07461282,110028.86
36527,0.074597105,110028.94
36528,0.07456979,110029.016
36529,0.07455865,110029.09
36530,0.07456781,110029.17
36531,0.074572384,110029.25
36532,0.074581996,110029.33
36533,0.074576356,110029.41
36534,0.07458276,110029.484
36535,0.07457269,110029.56
36536,0.07455347,110029.64
36537,0.0745559,110029.72
36538,0.07457498,110029.8
36539,0.07457208,110029.875
36540,0.07454553,110029.95
36541,0.074528284,110030.03
36542,0.074524775,110030.11
36543,0.074525386,110030.19
36544,0.07453729,110030.266
36545,0.07453118,110030.34
36546,0.07451867,110030.42
36547,0.074510284,110030.5
36548,0.074508145,110030.58
36549,0.07449609,110030.66
36550,0.07449807,110030.734
36551,0.07449395,110030.81
36552,0.07451074,110030.89
36553,0.074520655,110030.97
36554,0.07451684,110031.05
36555,0.07449533,110031.125
36556,0.07448281,110031.2
36557,0.07449075,110031.28
36558,0.074476406,110031.36
36559,0.0745028,110031.44
36560,0.07449609,110031.516
36561,0.074495636,110031.59
36562,0.07449823,110031.67
36563,0.074504636,110031.75
36564,0.07447275,110031.83
36565,0.074463435,110031.91
36566,0.07448022,110031.984
36567,0.0744526,110032.06
36568,0.07445184,110032.14
36569,0.074446656,110032.22
36570,0.07445382,110032.3
36571,0.07444146,110032.375
36572,0.07443826,110032.45
36573,0.07442865,110032.53
36574,0.0744404,110032.61
36575,0.074444056,110032.69
36576,0.07444833,110032.766
36577,0.074434444,110032.84
36578,0.07444299,110032.92
36579,0.07442117,110033.0
36580,0.07440179,110033.08
36581,0.07441827,110033.16
36582,0.07441827,110033.234
36583,0.0744082,110033.31
36584,0.07439325,110033.39
36585,0.07439462,110033.47
36586,0.074415065,110033.55
36587,0.07441217,110033.625
36588,0.074387446,110033.7
36589,0.074381344,110033.78
36590,0.074379206,110033.86
36591,0.07437173,110033.94
36592,0.07436776,110034.016
36593,0.07438348,110034.09
36594,0.074386075,110034.17
36595,0.074381344,110034.25
36596,0.07435983,110034.33
36597,0.07437158,110034.41
36598,0.07438165,110034.484
36599,0.07437997,110034.56
36600,0.07439538,110034.64
36601,0.07437555,110034.72
36602,0.0743609,110034.8
36603,0.074369445,110034.875
36604,0.07432321,110034.95
36605,0.074303985,110035.03
36606,0.07429528,110035.11
36607,0.07431863,110035.19
36608,0.07432245,110035.266
36609,0.07433404,110035.34
36610,0.074332975,110035.42
36611,0.07434091,110035.5
36612,0.07431939,110035.58
36613,0.07431756,110035.66
36614,0.074339844,110035.734
36615,0.074328706,110035.81
36616,0.07429422,110035.89
36617,0.074291624,110035.97
36618,0.074284144,110036.05
36619,0.07431009,110036.125
36620,0.07430795,110036.2
36621,0.07430429,110036.28
36622,0.07430215,110036.36
36623,0.074295744,110036.44
36624,0.07428247,110036.516
36625,0.0742727,110036.59
36626,0.07427804,110036.67
36627,0.074286744,110036.75
36628,0.07427514,110036.83
36629,0.07425515,110036.91
36630,0.07424905,110036.984
36631,0.07424112,110037.06
36632,0.07424905,110037.14
