step,predicted_energy,cumulative_energy
0,0.02952124,0.02952124
1,0.02952124,0.05904248
2,0.02952124,0.08856372
3,0.02952124,0.11808496
4,0.02952124,0.1476062
5,0.02952124,0.17712744
6,0.02952124,0.20664868
7,0.02952124,0.23616992
8,0.02952124,0.26569116
9,0.02952124,0.2952124
10,0.02952124,0.32473361
11,0.02952124,0.35425484
12,0.02952124,0.38377607
13,0.02952124,0.4132973
14,0.02952124,0.44281852
15,0.02952124,0.47233975
16,0.02952124,0.501861
17,0.02952124,0.5313822
18,0.02952124,0.56090343
19,0.02952124,0.59042466
20,0.02952124,0.6199459
21,0.02952124,0.6494671
22,0.02952124,0.67898834
23,0.02952124,0.70850956
24,0.02952124,0.7380308
25,0.02952124,0.767552
26,0.02952124,0.79707325
27,0.02952124,0.8265945
28,0.02952124,0.8561157
29,0.02952124,0.8856369
30,0.02952124,0.91515815
31,0.02952124,0.9446794
32,0.02952124,0.9742006
33,0.02952124,1.0037218
34,0.02952124,1.0332431
35,0.02952124,1.0627643
36,0.02952124,1.0922855
37,0.02952124,1.1218067
38,0.02952124,1.151328
39,0.02952124,1.1808492
40,0.02952124,1.2103704
41,0.02952124,1.2398916
42,0.02952124,1.2694129
43,0.02952124,1.2989341
44,0.02952124,1.3284553
45,0.02952124,1.3579766
46,0.02952124,1.3874978
47,0.02952124,1.417019
48,0.02952124,1.4465402
49,0.02952124,1.4760615
50,0.02952124,1.5055827
51,0.02952124,1.5351039
52,0.02952124,1.5646251
53,0.02952124,1.5941464
54,0.02952124,1.6236676
55,0.02952124,1.6531888
56,0.02952124,1.68271
57,0.02952124,1.7122313
58,0.02952124,1.7417525
59,0.02952124,1.7712737
60,0.02952124,1.800795
61,0.02952124,1.8303162
62,0.02952124,1.8598374
63,0.02952124,1.8893586
64,0.02952124,1.9188799
65,0.02952124,1.9484011
66,0.02952124,1.9779223
67,0.02952124,2.0074437
68,0.02952124,2.036965
69,0.02952124,2.0664861
70,0.02952124,2.0960073
71,0.02952124,2.1255286
72,0.02952124,2.1550498
73,0.02952124,2.184571
74,0.02952124,2.2140923
75,0.02952124,2.2436135
76,0.02952124,2.2731347
77,0.02952124,2.302656
78,0.02952124,2.3321772
79,0.02952124,2.3616984
80,0.02952124,2.3912196
81,0.02952124,2.4207408
82,0.02952124,2.450262
83,0.02952124,2.4797833
84,0.02952124,2.5093045
85,0.02952124,2.5388258
86,0.02952124,2.568347
87,0.02952124,2.5978682
88,0.02952124,2.6273894
89,0.02952124,2.6569107
90,0.02952124,2.686432
91,0.02952124,2.715953
92,0.02952124,2.7454743
93,0.02952124,2.7749956
94,0.02952124,2.8045168
95,0.02952124,2.834038
96,0.02952124,2.8635592
97,0.02952124,2.8930805
98,0.02952124,2.9226017
99,0.02952124,2.952123
100,0.02952124,2.9816442
101,0.02952124,3.0111654
102,0.02952124,3.0406866
103,0.02952124,3.0702078
104,0.02952124,3.099729
105,0.02952124,3.1292503
106,0.02952124,3.1587715
107,0.02952124,3.1882927
108,0.02952124,3.217814
109,0.02952124,3.2473352
110,0.02952124,3.2768564
111,0.02952124,3.3063776
112,0.02952124,3.3358989
113,0.02952124,3.36542
114,0.02952124,3.3949413
115,0.02952124,3.4244626
116,0.02952124,3.4539838
117,0.02952124,3.483505
118,0.02952124,3.5130262
119,0.02952124,3.5425475
120,0.02952124,3.5720687
121,0.02952124,3.60159
122,0.02952124,3.6311111
123,0.02952124,3.6606324
124,0.02952124,3.6901536
125,0.02952124,3.7196748
126,0.02952124,3.749196
127,0.02952124,3.7787173
128,0.02952124,3.8082385
129,0.02952124,3.8377597
130,0.02952124,3.867281
131,0.02952124,3.8968022
132,0.02952124,3.9263234
133,0.02952124,3.9558446
134,0.02952124,3.9853659
135,0.02952124,4.0148873
136,0.02952124,4.044409
137,0.02952124,4.0739303
138,0.02952124,4.1034517
139,0.02952124,4.132973
140,0.02952124,4.1624947
141,0.02952124,4.192016
142,0.02952124,4.2215376
143,0.02952124,4.251059
144,0.02952124,4.2805805
145,0.02952124,4.310102
146,0.02952124,4.3396235
147,0.02952124,4.369145
148,0.02952124,4.3986664
149,0.02952124,4.428188
150,0.02952124,4.4577093
151,0.02952124,4.487231
152,0.02952124,4.5167522
153,0.02952124,4.5462737
154,0.02952124,4.575795
155,0.02952124,4.6053166
156,0.02952124,4.634838
157,0.02952124,4.6643596
158,0.02952124,4.693881
159,0.02952124,4.7234025
160,0.02952124,4.752924
161,0.02952124,4.7824454
162,0.02952124,4.811967
163,0.02952124,4.8414884
164,0.02952124,4.87101
165,0.02952124,4.9005313
166,0.02952124,4.9300528
167,0.02952124,4.959574
168,0.02952124,4.9890957
169,0.02952124,5.018617
170,0.02952124,5.0481386
171,0.02952124,5.07766
172,0.02952124,5.1071815
173,0.02952124,5.136703
174,0.02952124,5.1662245
175,0.02952124,5.195746
176,0.02952124,5.2252674
177,0.02952124,5.254789
178,0.02952124,5.2843103
179,0.02952124,5.313832
180,0.02952124,5.3433533
181,0.02952124,5.3728747
182,0.02952124,5.402396
183,0.02952124,5.4319177
184,0.02952124,5.461439
185,0.02952124,5.4909606
186,0.02952124,5.520482
187,0.02952124,5.5500035
188,0.02952124,5.579525
189,0.02952124,5.6090465
190,0.02952124,5.638568
191,0.02952124,5.6680894
192,0.02952124,5.697611
193,0.02952124,5.7271323
194,0.02952124,5.756654
195,0.02952124,5.7861753
196,0.02952124,5.8156967
197,0.02952124,5.845218
198,0.02952124,5.8747396
199,0.02952124,5.904261
200,0.02952124,5.9337826
201,0.02952124,5.963304
202,0.02952124,5.9928255
203,0.02952124,6.022347
204,0.02952124,6.0518684
205,0.02952124,6.08139
206,0.02952124,6.1109114
207,0.02952124,6.140433
208,0.02952124,6.1699543
209,0.02952124,6.199476
210,0.02952124,6.228997
211,0.02952124,6.2585187
212,0.02952124,6.28804
213,0.02952124,6.3175616
214,0.02952124,6.347083
215,0.02952124,6.3766046
216,0.02952124,6.406126
217,0.02952124,6.4356475
218,0.02952124,6.465169
219,0.02952124,6.4946904
220,0.02952124,6.524212
221,0.02952124,6.5537333
222,0.02952124,6.583255
223,0.02952124,6.6127763
224,0.02952124,6.6422977
225,0.02952124,6.671819
226,0.02952124,6.7013407
227,0.02952124,6.730862
228,0.02952124,6.7603836
229,0.02952124,6.789905
230,0.02952124,6.8194265
231,0.02952124,6.848948
232,0.02952124,6.8784695
233,0.02952124,6.907991
234,0.02952124,6.9375124
235,0.02952124,6.967034
236,0.02952124,6.9965553
237,0.02952124,7.026077
238,0.02952124,7.0555983
239,0.02952124,7.0851197
240,0.02952124,7.114641
241,0.02952124,7.1441627
242,0.02952124,7.173684
243,0.02952124,7.2032056
244,0.02952124,7.232727
245,0.02952124,7.2622485
246,0.02952124,7.29177
247,0.02952124,7.3212914
248,0.02952124,7.350813
249,0.02952124,7.3803344
250,0.02952124,7.409856
251,0.02952124,7.4393773
252,0.02952124,7.468899
253,0.02952124,7.4984202
254,0.02952124,7.5279417
255,0.02952124,7.557463
256,0.02952124,7.5869846
257,0.02952124,7.616506
258,0.02952124,7.6460276
259,0.02952124,7.675549
260,0.02952124,7.7050705
261,0.02952124,7.734592
262,0.02952124,7.7641134
263,0.02952124,7.793635
264,0.02952124,7.8231564
265,0.02952124,7.852678
266,0.02952124,7.8821993
267,0.02952124,7.9117208
268,0.02952124,7.941242
269,0.02952124,7.9707637
270,0.02952124,8.000285
271,0.02952124,8.029806
272,0.02952124,8.059327
273,0.02952124,8.088848
274,0.02952124,8.118369
275,0.02952124,8.14789
276,0.02952124,8.177411
277,0.02952124,8.206932
278,0.02952124,8.236453
279,0.02952124,8.265974
280,0.02952124,8.295495
281,0.02952124,8.325016
282,0.02952124,8.354537
283,0.02952124,8.384058
284,0.02952124,8.413579
285,0.02952124,8.4431
286,0.02952124,8.472621
287,0.02952124,8.502142
288,0.02952124,8.531663
289,0.02952124,8.561184
290,0.02952124,8.590705
291,0.02952124,8.620226
292,0.02952124,8.649747
293,0.02952124,8.679268
294,0.02952124,8.708789
295,0.02952124,8.73831
296,0.02952124,8.767831
297,0.02952124,8.797352
298,0.02952124,8.826873
299,0.02952124,8.856394
300,0.02952124,8.885915
301,0.02952124,8.915436
302,0.02952124,8.944957
303,0.02952124,8.974478
304,0.02952124,9.003999
305,0.02952124,9.03352
306,0.02952124,9.063041
307,0.02952124,9.092562
308,0.02952124,9.122083
309,0.02952124,9.151604
310,0.02952124,9.181125
311,0.02952124,9.210646
312,0.02952124,9.240167
313,0.02952124,9.269688
314,0.02952124,9.299209
315,0.02952124,9.32873
316,0.02952124,9.358251
317,0.02952124,9.387772
318,0.02952124,9.417293
319,0.02952124,9.446814
320,0.02952124,9.476335
321,0.02952124,9.505856
322,0.02952124,9.535377
323,0.02952124,9.564898
324,0.02952124,9.594419
325,0.02952124,9.6239395
326,0.02952124,9.6534605
327,0.02952124,9.6829815
328,0.02952124,9.7125025
329,0.02952124,9.742023
330,0.02952124,9.771544
331,0.02952124,9.801065
332,0.02952124,9.830586
333,0.02952124,9.860107
334,0.02952124,9.889628
335,0.02952124,9.919149
336,0.02952124,9.94867
337,0.02952124,9.978191
338,0.02952124,10.007712
339,0.02952124,10.037233
340,0.02952124,10.066754
341,0.02952124,10.096275
342,0.02952124,10.125796
343,0.02952124,10.155317
344,0.02952124,10.184838
345,0.02952124,10.214359
346,0.02952124,10.24388
347,0.02952124,10.273401
348,0.02952124,10.302922
349,0.02952124,10.332443
350,0.02952124,10.361964
351,0.02952124,10.391485
352,0.02952124,10.421006
353,0.02952124,10.450527
354,0.02952124,10.480048
355,0.02952124,10.509569
356,0.02952124,10.53909
357,0.02952124,10.568611
358,0.02952124,10.598132
359,0.02952124,10.627653
360,0.02952124,10.657174
361,0.02952124,10.686695
362,0.02952124,10.716216
363,0.02952124,10.745737
364,0.02952124,10.775258
365,0.02952124,10.804779
366,0.02952124,10.8343
367,0.02952124,10.863821
368,0.02952124,10.893342
369,0.02952124,10.922863
370,0.02952124,10.952384
371,0.02952124,10.981905
372,0.02952124,11.011426
373,0.02952124,11.040947
374,0.02952124,11.070468
375,0.02952124,11.099989
376,0.02952124,11.12951
377,0.02952124,11.159031
378,0.02952124,11.188552
379,0.02952124,11.218073
380,0.02952124,11.247594
381,0.02952124,11.277115
382,0.02952124,11.306636
383,0.02952124,11.336157
384,0.02952124,11.365678
385,0.02952124,11.395199
386,0.02952124,11.42472
387,0.02952124,11.454241
388,0.02952124,11.483762
389,0.02952124,11.513283
390,0.02952124,11.542804
391,0.02952124,11.572325
392,0.02952124,11.601846
393,0.02952124,11.631367
394,0.02952124,11.660888
395,0.02952124,11.690409
396,0.02952124,11.71993
397,0.02952124,11.749451
398,0.02952124,11.778972
399,0.02952124,11.808493
400,0.02952124,11.838014
401,0.02952124,11.867535
402,0.02952124,11.897056
403,0.02952124,11.926577
404,0.02952124,11.956098
405,0.02952124,11.985619
406,0.02952124,12.01514
407,0.02952124,12.044661
408,0.02952124,12.074182
409,0.02952124,12.103703
410,0.02952124,12.133224
411,0.02952124,12.1627445
412,0.02952124,12.1922655
413,0.02952124,12.2217865
414,0.02952124,12.2513075
415,0.02952124,12.280828
416,0.02952124,12.310349
417,0.02952124,12.33987
418,0.02952124,12.369391
419,0.02952124,12.398912
420,0.02952124,12.428433
421,0.02952124,12.457954
422,0.02952124,12.487475
423,0.02952124,12.516996
424,0.02952124,12.546517
425,0.02952124,12.576038
426,0.02952124,12.605559
427,0.02952124,12.63508
428,0.02952124,12.664601
429,0.02952124,12.694122
430,0.02952124,12.723643
431,0.02952124,12.753164
432,0.02952124,12.782685
433,0.02952124,12.812206
434,0.02952124,12.841727
435,0.02952124,12.871248
436,0.02952124,12.900769
437,0.02952124,12.93029
438,0.02952124,12.959811
439,0.02952124,12.989332
440,0.02952124,13.018853
441,0.02952124,13.048374
442,0.02952124,13.077895
443,0.02952124,13.107416
444,0.02952124,13.136937
445,0.02952124,13.166458
446,0.02952124,13.195979
447,0.02952124,13.2255
448,0.02952124,13.255021
449,0.02952124,13.284542
450,0.02952124,13.314063
451,0.02952124,13.343584
452,0.02952124,13.373105
453,0.02952124,13.402626
454,0.02952124,13.432147
455,0.02952124,13.461668
456,0.02952124,13.491189
457,0.02952124,13.52071
458,0.02952124,13.550231
459,0.02952124,13.579752
460,0.02952124,13.609273
461,0.02952124,13.638794
462,0.02952124,13.668315
463,0.02952124,13.697836
464,0.02952124,13.727357
465,0.02952124,13.756878
466,0.02952124,13.786399
467,0.02952124,13.81592
468,0.02952124,13.845441
469,0.02952124,13.874962
470,0.02952124,13.904483
471,0.02952124,13.934004
472,0.02952124,13.963525
473,0.02952124,13.993046
474,0.02952124,14.022567
475,0.02952124,14.052088
476,0.02952124,14.081609
477,0.02952124,14.11113
478,0.02952124,14.140651
479,0.02952124,14.170172
480,0.02952124,14.199693
481,0.02952124,14.229214
482,0.02952124,14.258735
483,0.02952124,14.288256
484,0.02952124,14.317777
485,0.02952124,14.347298
486,0.02952124,14.376819
487,0.02952124,14.40634
488,0.02952124,14.435861
489,0.02952124,14.465382
490,0.02952124,14.494903
491,0.02952124,14.524424
492,0.02952124,14.553945
493,0.02952124,14.583466
494,0.02952124,14.612987
495,0.02952124,14.642508
496,0.02952124,14.672029
497,0.02952124,14.70155
498,0.02952124,14.7310705
499,0.02952124,14.7605915
500,0.02952124,14.7901125
501,0.02952124,14.8196335
502,0.02952124,14.849154
503,0.02952124,14.878675
504,0.02952124,14.908196
505,0.02952124,14.937717
506,0.02952124,14.967238
507,0.02952124,14.996759
508,0.02952124,15.02628
509,0.02952124,15.055801
510,0.02952124,15.085322
511,0.02952124,15.114843
512,0.02952124,15.144364
513,0.02952124,15.173885
514,0.02952124,15.203406
515,0.02952124,15.232927
516,0.02952124,15.262448
517,0.02952124,15.291969
518,0.02952124,15.32149
519,0.02952124,15.351011
520,0.02952124,15.380532
521,0.02952124,15.410053
522,0.02952124,15.439574
523,0.02952124,15.469095
524,0.02952124,15.498616
525,0.02952124,15.528137
526,0.02952124,15.557658
527,0.02952124,15.587179
528,0.02952124,15.6167
529,0.02952124,15.646221
530,0.02952124,15.675742
531,0.02952124,15.705263
532,0.02952124,15.734784
533,0.02952124,15.764305
534,0.02952124,15.793826
535,0.02952124,15.823347
536,0.02952124,15.852868
537,0.02952124,15.882389
538,0.02952124,15.91191
539,0.02952124,15.941431
540,0.02952124,15.970952
541,0.02952124,16.000473
542,0.02952124,16.029995
543,0.02952124,16.059517
544,0.02952124,16.089039
545,0.02952124,16.11856
546,0.02952124,16.148083
547,0.02952124,16.177605
548,0.02952124,16.207127
549,0.02952124,16.236649
550,0.02952124,16.26617
551,0.02952124,16.295692
552,0.02952124,16.325214
553,0.02952124,16.354736
554,0.02952124,16.384258
555,0.02952124,16.41378
556,0.02952124,16.443302
557,0.02952124,16.472824
558,0.02952124,16.502346
559,0.02952124,16.531868
560,0.02952124,16.56139
561,0.02952124,16.590912
562,0.02952124,16.620434
563,0.02952124,16.649956
564,0.02952124,16.679478
565,0.02952124,16.709
566,0.02952124,16.738522
567,0.02952124,16.768044
568,0.02952124,16.797565
569,0.02952124,16.827087
570,0.02952124,16.85661
571,0.02952124,16.886131
572,0.02952124,16.915653
573,0.02952124,16.945175
574,0.02952124,16.974697
575,0.02952124,17.00422
576,0.02952124,17.033741
577,0.02952124,17.063263
578,0.02952124,17.092785
579,0.02952124,17.122307
580,0.02952124,17.151829
581,0.02952124,17.18135
582,0.02952124,17.210873
583,0.02952124,17.240395
584,0.02952124,17.269917
585,0.02952124,17.299438
586,0.02952124,17.32896
587,0.02952124,17.358482
588,0.02952124,17.388004
589,0.02952124,17.417526
590,0.02952124,17.447048
591,0.02952124,17.47657
592,0.02952124,17.506092
593,0.02952124,17.535614
594,0.02952124,17.565136
595,0.02952124,17.594658
596,0.02952124,17.62418
597,0.02952124,17.653702
598,0.02952124,17.683224
599,0.02952124,17.712746
600,0.02952124,17.742268
601,0.02952124,17.77179
602,0.02952124,17.801311
603,0.02952124,17.830833
604,0.02952124,17.860355
605,0.02952124,17.889877
606,0.02952124,17.9194
607,0.02952124,17.948921
608,0.02952124,17.978443
609,0.02952124,18.007965
610,0.02952124,18.037487
611,0.02952124,18.067009
612,0.02952124,18.09653
613,0.02952124,18.126053
614,0.02952124,18.155575
615,0.02952124,18.185097
616,0.02952124,18.214619
617,0.02952124,18.24414
618,0.02952124,18.273663
619,0.02952124,18.303185
620,0.02952124,18.332706
621,0.02952124,18.362228
622,0.02952124,18.39175
623,0.02952124,18.421272
624,0.02952124,18.450794
625,0.02952124,18.480316
626,0.02952124,18.509838
627,0.02952124,18.53936
628,0.02952124,18.568882
629,0.02952124,18.598404
630,0.02952124,18.627926
631,0.02952124,18.657448
632,0.02952124,18.68697
633,0.02952124,18.716492
634,0.02952124,18.746014
635,0.02952124,18.775536
636,0.02952124,18.805058
637,0.02952124,18.83458
638,0.02952124,18.864101
639,0.02952124,18.893623
640,0.02952124,18.923145
641,0.02952124,18.952667
642,0.02952124,18.98219
643,0.02952124,19.011711
644,0.02952124,19.041233
645,0.02952124,19.070755
646,0.02952124,19.100277
647,0.02952124,19.129799
648,0.02952124,19.15932
649,0.02952124,19.188843
650,0.02952124,19.218365
651,0.02952124,19.247887
652,0.02952124,19.277409
653,0.02952124,19.30693
654,0.02952124,19.336452
655,0.02952124,19.365974
656,0.02952124,19.395496
657,0.02952124,19.425018
658,0.02952124,19.45454
659,0.02952124,19.484062
660,0.02952124,19.513584
661,0.02952124,19.543106
662,0.02952124,19.572628
663,0.02952124,19.60215
664,0.02952124,19.631672
665,0.02952124,19.661194
666,0.02952124,19.690716
667,0.02952124,19.720238
668,0.02952124,19.74976
669,0.02952124,19.779282
670,0.02952124,19.808804
671,0.02952124,19.838326
672,0.02952124,19.867847
673,0.02952124,19.89737
674,0.02952124,19.926891
675,0.02952124,19.956413
676,0.02952124,19.985935
677,0.02952124,20.015457
678,0.02952124,20.04498
679,0.02952124,20.074501
680,0.02952124,20.104023
681,0.02952124,20.133545
682,0.02952124,20.163067
683,0.02952124,20.192589
684,0.02952124,20.22211
685,0.02952124,20.251633
686,0.02952124,20.281155
687,0.02952124,20.310677
688,0.02952124,20.340199
689,0.02952124,20.36972
690,0.02952124,20.399242
691,0.02952124,20.428764
692,0.02952124,20.458286
693,0.02952124,20.487808
694,0.02952124,20.51733
695,0.02952124,20.546852
696,0.02952124,20.576374
697,0.02952124,20.605896
698,0.02952124,20.635418
699,0.02952124,20.66494
700,0.02952124,20.694462
701,0.02952124,20.723984
702,0.02952124,20.753506
703,0.02952124,20.783028
704,0.02952124,20.81255
705,0.02952124,20.842072
706,0.02952124,20.871593
707,0.02952124,20.901115
708,0.02952124,20.930637
709,0.02952124,20.96016
710,0.02952124,20.989681
711,0.02952124,21.019203
712,0.02952124,21.048725
713,0.02952124,21.078247
714,0.02952124,21.107769
715,0.02952124,21.137291
716,0.02952124,21.166813
717,0.02952124,21.196335
718,0.02952124,21.225857
719,0.02952124,21.255379
720,0.02952124,21.2849
721,0.02952124,21.314423
722,0.02952124,21.343945
723,0.02952124,21.373466
724,0.02952124,21.402988
725,0.02952124,21.43251
726,0.02952124,21.462032
727,0.02952124,21.491554
728,0.02952124,21.521076
729,0.02952124,21.550598
730,0.02952124,21.58012
731,0.02952124,21.609642
732,0.02952124,21.639164
733,0.02952124,21.668686
734,0.02952124,21.698208
735,0.02952124,21.72773
736,0.02952124,21.757252
737,0.02952124,21.786774
738,0.02952124,21.816296
739,0.02952124,21.845818
740,0.02952124,21.87534
741,0.02952124,21.904861
742,0.02952124,21.934383
743,0.02952124,21.963905
744,0.02952124,21.993427
745,0.02952124,22.02295
746,0.02952124,22.052471
747,0.02952124,22.081993
748,0.02952124,22.111515
749,0.02952124,22.141037
750,0.02952124,22.170559
751,0.02952124,22.20008
752,0.02952124,22.229603
753,0.02952124,22.259125
754,0.02952124,22.288647
755,0.02952124,22.318169
756,0.02952124,22.34769
757,0.02952124,22.377213
758,0.02952124,22.406734
759,0.02952124,22.436256
760,0.02952124,22.465778
761,0.02952124,22.4953
762,0.02952124,22.524822
763,0.02952124,22.554344
764,0.02952124,22.583866
765,0.02952124,22.613388
766,0.02952124,22.64291
767,0.02952124,22.672432
768,0.02952124,22.701954
769,0.02952124,22.731476
770,0.02952124,22.760998
771,0.02952124,22.79052
772,0.02952124,22.820042
773,0.02952124,22.849564
774,0.02952124,22.879086
775,0.02952124,22.908607
776,0.02952124,22.93813
777,0.02952124,22.967651
778,0.02952124,22.997173
779,0.02952124,23.026695
780,0.02952124,23.056217
781,0.02952124,23.08574
782,0.02952124,23.115261
783,0.02952124,23.144783
784,0.02952124,23.174305
785,0.02952124,23.203827
786,0.02952124,23.233349
787,0.02952124,23.26287
788,0.02952124,23.292393
789,0.02952124,23.321915
790,0.02952124,23.351437
791,0.02952124,23.380959
792,0.02952124,23.41048
793,0.02952124,23.440002
794,0.02952124,23.469524
795,0.02952124,23.499046
796,0.02952124,23.528568
797,0.02952124,23.55809
798,0.02952124,23.587612
799,0.02952124,23.617134
800,0.02952124,23.646656
801,0.02952124,23.676178
802,0.02952124,23.7057
803,0.02952124,23.735222
804,0.02952124,23.764744
805,0.02952124,23.794266
806,0.02952124,23.823788
807,0.02952124,23.85331
808,0.02952124,23.882832
809,0.02952124,23.912354
810,0.02952124,23.941875
811,0.02952124,23.971397
812,0.02952124,24.00092
813,0.02952124,24.030441
814,0.02952124,24.059963
815,0.02952124,24.089485
816,0.02952124,24.119007
817,0.02952124,24.14853
818,0.02952124,24.178051
819,0.02952124,24.207573
820,0.02952124,24.237095
821,0.02952124,24.266617
822,0.02952124,24.296139
823,0.02952124,24.32566
824,0.02952124,24.355183
825,0.02952124,24.384705
826,0.02952124,24.414227
827,0.02952124,24.443748
828,0.02952124,24.47327
829,0.02952124,24.502792
830,0.02952124,24.532314
831,0.02952124,24.561836
832,0.02952124,24.591358
833,0.02952124,24.62088
834,0.02952124,24.650402
835,0.02952124,24.679924
836,0.02952124,24.709446
837,0.02952124,24.738968
838,0.02952124,24.76849
839,0.02952124,24.798012
840,0.02952124,24.827534
841,0.02952124,24.857056
842,0.02952124,24.886578
843,0.02952124,24.9161
844,0.02952124,24.945621
845,0.02952124,24.975143
846,0.02952124,25.004665
847,0.02952124,25.034187
848,0.02952124,25.06371
849,0.02952124,25.093231
850,0.02952124,25.122753
851,0.02952124,25.152275
852,0.02952124,25.181797
853,0.02952124,25.211319
854,0.02952124,25.24084
855,0.02952124,25.270363
856,0.02952124,25.299885
857,0.02952124,25.329407
858,0.02952124,25.358929
859,0.02952124,25.38845
860,0.02952124,25.417973
861,0.02952124,25.447495
862,0.02952124,25.477016
863,0.02952124,25.506538
864,0.02952124,25.53606
865,0.02952124,25.565582
866,0.02952124,25.595104
867,0.02952124,25.624626
868,0.02952124,25.654148
869,0.02952124,25.68367
870,0.02952124,25.713192
871,0.02952124,25.742714
872,0.02952124,25.772236
873,0.02952124,25.801758
874,0.02952124,25.83128
875,0.02952124,25.860802
876,0.02952124,25.890324
877,0.02952124,25.919846
878,0.02952124,25.949368
879,0.02952124,25.97889
880,0.02952124,26.008411
881,0.02952124,26.037933
882,0.02952124,26.067455
883,0.02952124,26.096977
884,0.02952124,26.1265
885,0.02952124,26.156021
886,0.02952124,26.185543
887,0.02952124,26.215065
888,0.02952124,26.244587
889,0.02952124,26.274109
890,0.02952124,26.30363
891,0.02952124,26.333153
892,0.02952124,26.362675
893,0.02952124,26.392197
894,0.02952124,26.421719
895,0.02952124,26.45124
896,0.02952124,26.480762
897,0.02952124,26.510284
898,0.02952124,26.539806
899,0.02952124,26.569328
900,0.02952124,26.59885
901,0.02952124,26.628372
902,0.02952124,26.657894
903,0.02952124,26.687416
904,0.02952124,26.716938
905,0.02952124,26.74646
906,0.02952124,26.775982
907,0.02952124,26.805504
908,0.02952124,26.835026
909,0.02952124,26.864548
910,0.02952124,26.89407
911,0.02952124,26.923592
912,0.02952124,26.953114
913,0.02952124,26.982635
914,0.02952124,27.012157
915,0.02952124,27.04168
916,0.02952124,27.071201
917,0.02952124,27.100723
918,0.02952124,27.130245
919,0.02952124,27.159767
920,0.02952124,27.18929
921,0.02952124,27.218811
922,0.02952124,27.248333
923,0.02952124,27.277855
924,0.02952124,27.307377
925,0.02952124,27.336899
926,0.02952124,27.36642
927,0.02952124,27.395943
928,0.02952124,27.425465
929,0.02952124,27.454987
930,0.02952124,27.484509
931,0.02952124,27.51403
932,0.02952124,27.543552
933,0.02952124,27.573074
934,0.02952124,27.602596
935,0.02952124,27.632118
936,0.02952124,27.66164
937,0.02952124,27.691162
938,0.02952124,27.720684
939,0.02952124,27.750206
940,0.02952124,27.779728
941,0.02952124,27.80925
942,0.02952124,27.838772
943,0.02952124,27.868294
944,0.02952124,27.897816
945,0.02952124,27.927338
946,0.02952124,27.95686
947,0.02952124,27.986382
948,0.02952124,28.015903
949,0.02952124,28.045425
950,0.02952124,28.074947
951,0.02952124,28.10447
952,0.02952124,28.133991
953,0.02952124,28.163513
954,0.02952124,28.193035
955,0.02952124,28.222557
956,0.02952124,28.252079
957,0.02952124,28.2816
958,0.02952124,28.311123
959,0.02952124,28.340645
960,0.02952124,28.370167
961,0.02952124,28.399689
962,0.02952124,28.42921
963,0.02952124,28.458733
964,0.02952124,28.488255
965,0.02952124,28.517776
966,0.02952124,28.547298
967,0.02952124,28.57682
968,0.02952124,28.606342
969,0.02952124,28.635864
970,0.02952124,28.665386
971,0.02952124,28.694908
972,0.02952124,28.72443
973,0.02952124,28.753952
974,0.02952124,28.783474
975,0.02952124,28.812996
976,0.02952124,28.842518
977,0.02952124,28.87204
978,0.02952124,28.901562
979,0.02952124,28.931084
980,0.02952124,28.960606
981,0.02952124,28.990128
982,0.02952124,29.01965
983,0.02952124,29.049171
984,0.02952124,29.078693
985,0.02952124,29.108215
986,0.02952124,29.137737
987,0.02952124,29.16726
988,0.02952124,29.196781
989,0.02952124,29.226303
990,0.02952124,29.255825
991,0.02952124,29.285347
992,0.02952124,29.314869
993,0.02952124,29.34439
994,0.02952124,29.373913
995,0.02952124,29.403435
996,0.02952124,29.432957
997,0.02952124,29.462479
998,0.02952124,29.492
999,0.02952124,29.521523
1000,0.02952124,29.551044
1001,0.02952124,29.580566
1002,0.02952124,29.610088
1003,0.02952124,29.63961
1004,0.02952124,29.669132
1005,0.02952124,29.698654
1006,0.02952124,29.728176
1007,0.02952124,29.757698
1008,0.02952124,29.78722
1009,0.02952124,29.816742
1010,0.02952124,29.846264
1011,0.02952124,29.875786
1012,0.02952124,29.905308
1013,0.02952124,29.93483
1014,0.02952124,29.964352
1015,0.02952124,29.993874
1016,0.02952124,30.023396
1017,0.02952124,30.052917
1018,0.02952124,30.08244
1019,0.02952124,30.111961
1020,0.02952124,30.141483
1021,0.02952124,30.171005
1022,0.02952124,30.200527
1023,0.02952124,30.23005
1024,0.02952124,30.259571
1025,0.02952124,30.289093
1026,0.02952124,30.318615
1027,0.02952124,30.348137
1028,0.02952124,30.377659
1029,0.02952124,30.40718
1030,0.02952124,30.436703
1031,0.02952124,30.466225
1032,0.02952124,30.495747
1033,0.02952124,30.525269
1034,0.02952124,30.55479
1035,0.02952124,30.584312
1036,0.02952124,30.613834
1037,0.02952124,30.643356
1038,0.02952124,30.672878
1039,0.02952124,30.7024
1040,0.02952124,30.731922
1041,0.02952124,30.761444
1042,0.02952124,30.790966
1043,0.02952124,30.820488
1044,0.02952124,30.85001
1045,0.02952124,30.879532
1046,0.02952124,30.909054
1047,0.02952124,30.938576
1048,0.02952124,30.968098
1049,0.02952124,30.99762
1050,0.02952124,31.027142
1051,0.02952124,31.056664
1052,0.02952124,31.086185
1053,0.02952124,31.115707
1054,0.02952124,31.14523
1055,0.02952124,31.174751
1056,0.02952124,31.204273
1057,0.02952124,31.233795
1058,0.02952124,31.263317
1059,0.02952124,31.29284
1060,0.02952124,31.322361
1061,0.02952124,31.351883
1062,0.02952124,31.381405
1063,0.02952124,31.410927
1064,0.02952124,31.440449
1065,0.02952124,31.46997
1066,0.02952124,31.499493
1067,0.02952124,31.529015
1068,0.02952124,31.558537
1069,0.02952124,31.588058
1070,0.02952124,31.61758
1071,0.02952124,31.647102
1072,0.02952124,31.676624
1073,0.02952124,31.706146
1074,0.02952124,31.735668
1075,0.02952124,31.76519
1076,0.02952124,31.794712
1077,0.02952124,31.824234
1078,0.02952124,31.853756
1079,0.02952124,31.883278
1080,0.02952124,31.9128
1081,0.02952124,31.942322
1082,0.02952124,31.971844
1083,0.02952124,32.001366
1084,0.02952124,32.030888
1085,0.02952124,32.06041
1086,0.02952124,32.08993
1087,0.02952124,32.119453
1088,0.02952124,32.148975
1089,0.02952124,32.178497
1090,0.02952124,32.20802
1091,0.02952124,32.23754
1092,0.02952124,32.267063
1093,0.02952124,32.296585
1094,0.02952124,32.326107
1095,0.02952124,32.35563
1096,0.02952124,32.38515
1097,0.02952124,32.414673
1098,0.02952124,32.444195
1099,0.02952124,32.473717
1100,0.02952124,32.50324
1101,0.02952124,32.53276
1102,0.02952124,32.562283
1103,0.02952124,32.591805
1104,0.02952124,32.621326
1105,0.02952124,32.65085
1106,0.02952124,32.68037
1107,0.02952124,32.709892
1108,0.02952124,32.739414
1109,0.02952124,32.768936
1110,0.02952124,32.79846
1111,0.02952124,32.82798
1112,0.02952124,32.857502
1113,0.02952124,32.887024
1114,0.02952124,32.916546
1115,0.02952124,32.946068
1116,0.02952124,32.97559
1117,0.02952124,33.00511
1118,0.02952124,33.034634
1119,0.02952124,33.064156
1120,0.029676422,33.09383
1121,0.030073915,33.123905
1122,0.030285401,33.15419
1123,0.030299438,33.18449
1124,0.02995993,33.21445
1125,0.029800018,33.24425
1126,0.029885314,33.274136
1127,0.030226959,33.304363
1128,0.030654205,33.33502
1129,0.030414796,33.365433
1130,0.0299581,33.39539
1131,0.028915772,33.424305
1132,0.028049836,33.452354
1133,0.027074493,33.479427
1134,0.026119905,33.505547
1135,0.0257128,33.531258
1136,0.025740722,33.557
1137,0.026595367,33.583595
1138,0.027500367,33.611095
1139,0.028483186,33.63958
1140,0.029840149,33.66942
1141,0.031286836,33.700706
1142,0.031646788,33.732353
1143,0.030801147,33.763153
1144,0.029314332,33.79247
1145,0.028745942,33.821217
1146,0.02924582,33.850464
1147,0.03052832,33.880993
1148,0.030833801,33.911827
1149,0.030365966,33.942192
1150,0.029347291,33.97154
1151,0.0290943,34.000633
1152,0.030303558,34.030937
1153,0.032768615,34.063705
1154,0.035557922,34.099262
1155,0.037601076,34.136864
1156,0.037792724,34.174656
1157,0.036504272,34.21116
1158,0.03457434,34.24573
1159,0.032642882,34.278374
1160,0.031182617,34.309555
1161,0.030322326,34.339878
1162,0.03060263,34.37048
1163,0.03086203,34.40134
1164,0.030891938,34.43223
1165,0.030527405,34.46276
1166,0.03069693,34.493458
1167,0.031129822,34.524586
1168,0.031748872,34.556335
1169,0.032196257,34.58853
1170,0.032049164,34.62058
1171,0.031559967,34.652138
1172,0.030263886,34.6824
1173,0.029184937,34.711586
1174,0.029443726,34.741028
1175,0.030934205,34.77196
1176,0.03272879,34.80469
1177,0.03436438,34.839054
1178,0.035320953,34.874374
1179,0.035930846,34.910305
1180,0.03588263,34.946186
1181,0.035304476,34.98149
1182,0.033497375,35.014988
1183,0.031466432,35.046455
1184,0.03045996,35.076916
1185,0.03051123,35.107426
1186,0.03171347,35.139137
1187,0.033322815,35.17246
1188,0.034999147,35.20746
1189,0.03664618,35.244106
1190,0.03816565,35.282272
1191,0.039606843,35.32188
1192,0.040253203,35.362133
1193,0.04038687,35.40252
1194,0.039459594,35.44198
1195,0.04008429,35.482063
1196,0.040321562,35.522385
1197,0.04046973,35.562855
1198,0.040194,35.60305
1199,0.039496217,35.642548
1200,0.03849936,35.681046
1201,0.03822699,35.719273
1202,0.039212555,35.758484
1203,0.040474914,35.798958
1204,0.04225043,35.84121
1205,0.043893494,35.8851
1206,0.045361236,35.93046
1207,0.046187043,35.97665
1208,0.04617514,36.022827
1209,0.04565268,36.06848
1210,0.045179047,36.11366
1211,0.046581022,36.16024
1212,0.04673285,36.206974
1213,0.046436217,36.25341
1214,0.045821898,36.299232
1215,0.046205048,36.345436
1216,0.046889253,36.392326
1217,0.046740785,36.439068
1218,0.04607962,36.485146
1219,0.045769103,36.530914
1220,0.047177795,36.57809
1221,0.048985045,36.627075
1222,0.05076956,36.677845
1223,0.05193457,36.72978
1224,0.05177893,36.78156
1225,0.052404236,36.83396
1226,0.053255066,36.887215
1227,0.055292726,36.94251
1228,0.05671652,36.999226
1229,0.0579534,37.05718
1230,0.05639685,37.113575
1231,0.053888,37.16746
1232,0.05247763,37.21994
1233,0.052455656,37.272396
1234,0.052842468,37.325237
1235,0.053279784,37.378517
1236,0.053954378,37.432472
1237,0.054859374,37.48733
1238,0.0559516,37.54328
1239,0.056958374,37.60024
1240,0.057901215,37.65814
1241,0.059185393,37.717323
1242,0.06077292,37.778095
1243,0.06233145,37.840427
1244,0.062882595,37.90331
1245,0.06305335,37.966362
1246,0.06284293,38.029205
1247,0.064322114,38.09353
1248,0.06569998,38.15923
1249,0.06812231,38.227352
1250,0.069879666,38.297234
1251,0.071814485,38.36905
1252,0.07313117,38.44218
1253,0.0745777,38.516758
1254,0.07549353,38.59225
1255,0.07677954,38.66903
1256,0.07823706,38.747265
1257,0.07994345,38.82721
1258,0.082789525,38.91
1259,0.08562827,38.99563
1260,0.08710013,39.08273
1261,0.08731757,39.170048
1262,0.0873342,39.25738
1263,0.08827353,39.345654
1264,0.0885076,39.434162
1265,0.091182776,39.525345
1266,0.09336707,39.618713
1267,0.09547019,39.714184
1268,0.09704413,39.81123
1269,0.0986518,39.90988
1270,0.09994712,40.00983
1271,0.101341926,40.11117
1272,0.102571934,40.213745
1273,0.10448722,40.318233
1274,0.10647757,40.42471
1275,0.11049949,40.53521
1276,0.11455604,40.649765
1277,0.119379796,40.769146
1278,0.12297247,40.892117
1279,0.12482047,41.016937
1280,0.12517492,41.142113
1281,0.126399,41.268513
1282,0.12669486,41.395206
1283,0.12727073,41.522476
1284,0.12744467,41.64992
1285,0.12864065,41.77856
1286,0.13102363,41.909584
1287,0.13440375,42.043987
1288,0.13831533,42.182304
1289,0.1430738,42.32538
1290,0.14681768,42.472195
1291,0.15112464,42.623318
1292,0.15393011,42.77725
1293,0.15640555,42.933655
1294,0.15787086,43.091526
1295,0.1600208,43.251545
1296,0.16180182,43.413345
1297,0.16527823,43.578625
1298,0.16777548,43.7464
1299,0.1716747,43.91807
1300,0.17498937,44.09306
1301,0.17738637,44.270447
1302,0.17867987,44.449127
1303,0.17802541,44.62715
1304,0.17623281,44.803383
1305,0.176648,44.98003
1306,0.17812261,45.158154
1307,0.18251868,45.34067
1308,0.18580739,45.526478
1309,0.18934774,45.715824
1310,0.19167975,45.907505
1311,0.19321127,46.100716
1312,0.19483434,46.29555
1313,0.19638799,46.49194
1314,0.19878347,46.690723
1315,0.2031629,46.893887
1316,0.2074671,47.101353
1317,0.2129035,47.314255
1318,0.2170046,47.531258
1319,0.2217275,47.752987
1320,0.2259638,47.97895
1321,0.22946203,48.208412
1322,0.23302236,48.441433
1323,0.23638387,48.67782
1324,0.24056585,48.918385
1325,0.242526,49.16091
1326,0.24419744,49.40511
1327,0.24699819,49.652107
1328,0.25177008,49.903877
1329,0.25826925,50.162148
1330,0.26546818,50.427616
1331,0.27266425,50.70028
1332,0.27954823,50.979828
1333,0.28681248,51.26664
1334,0.2940737,51.560715
1335,0.30003315,51.86075
1336,0.30624944,52.166996
1337,0.31357947,52.480576
1338,0.32345542,52.80403
1339,0.3350411,53.139072
1340,0.34579247,53.484863
1341,0.3547222,53.839584
1342,0.36330816,54.202892
1343,0.36954048,54.572433
1344,0.38038015,54.952812
1345,0.39362875,55.34644
1346,0.40803748,55.75448
1347,0.42542076,56.1799
1348,0.43719277,56.617092
1349,0.4455036,57.062595
1350,0.4496195,57.512215
1351,0.45361015,57.965824
1352,0.45804113,58.423866
1353,0.46291664,58.886784
1354,0.46767157,59.354454
1355,0.47437844,59.82883
1356,0.47963965,60.30847
1357,0.48637015,60.79484
1358,0.4959449,61.290787
1359,0.51064396,61.80143
1360,0.5181931,62.319622
1361,0.52879983,62.848423
1362,0.53673023,63.385155
1363,0.54700553,63.93216
1364,0.54986286,64.482025
1365,0.5539333,65.03596
1366,0.55009896,65.58606
1367,0.5549671,66.14103
1368,0.5582,66.69923
1369,0.5802863,67.27951
1370,0.6051748,67.88468
1371,0.6458379,68.53052
1372,0.68563986,69.216156
1373,0.7395078,69.955666
1374,0.78192633,70.737595
1375,0.8348308,71.572426
1376,0.86669225,72.43912
1377,0.8962262,73.33534
1378,0.90416294,74.2395
1379,0.947011,75.186516
1380,0.9845307,76.17104
1381,1.0619723,77.23302
1382,1.1697952,78.40281
1383,1.3416075,79.744415
1384,1.3899809,81.1344
1385,1.2672914,82.40169
1386,1.1734365,83.57513
1387,1.2002895,84.77541
1388,1.2325224,86.007935
1389,1.3338015,87.341736
1390,1.4124162,88.75415
1391,1.6294383,90.38359
1392,1.7309968,92.114586
1393,1.8505654,93.96515
1394,1.9185647,95.88371
1395,1.9526592,97.83637
1396,1.9860219,99.822395
1397,1.9872388,101.80963
1398,2.0218036,103.831436
1399,2.021445,105.85288
1400,2.051681,107.904564
1401,2.0578537,109.96242
1402,2.0950718,112.05749
1403,2.1195624,114.17705
1404,2.1563542,116.333405
1405,2.1780097,118.51141
1406,2.205647,120.717064
1407,2.2369025,122.953964
1408,2.2575278,125.211494
1409,2.2823114,127.493805
1410,2.2990549,129.79286
1411,2.3295162,132.12238
1412,2.356804,134.47919
1413,2.3891313,136.86832
1414,2.4115496,139.27986
1415,2.43072,141.71059
1416,2.45113,144.16171
1417,2.4679275,146.62964
1418,2.4888399,149.11848
1419,2.5145102,151.633
1420,2.5354886,154.16849
1421,2.5588863,156.72737
1422,2.581857,159.30923
1423,2.6049862,161.91422
1424,2.6208797,164.5351
1425,2.633312,167.16841
1426,2.6462352,169.81465
1427,2.657784,172.47244
1428,2.6693609,175.1418
1429,2.683889,177.82568
1430,2.693028,180.5187
1431,2.69789,183.2166
1432,2.6995184,185.91612
1433,2.6999605,188.61609
1434,2.7002783,191.31636
1435,2.7020898,194.01845
1436,2.7060406,196.72449
1437,2.7108295,199.43532
1438,2.714732,202.15005
1439,2.7172103,204.86726
1440,2.71931,207.58658
1441,2.7210705,210.30765
1442,2.7228389,213.03049
1443,2.7242959,215.75478
1444,2.7264113,218.48119
1445,2.7279816,221.20917
1446,2.7296035,223.93877
1447,2.7302263,226.66899
1448,2.729734,229.39873
1449,2.72802,232.12675
1450,2.7274218,234.85417
1451,2.7256982,237.57986
1452,2.7241554,240.30402
1453,2.7222564,243.02628
1454,2.7208452,245.74712
1455,2.7189932,248.46611
1456,2.7168136,251.18292
1457,2.7135015,253.89642
1458,2.7116258,256.60806
1459,2.7075663,259.31564
1460,2.7021704,262.01782
1461,2.6955028,264.71332
1462,2.6906664,267.404
1463,2.6855066,270.0895
1464,2.6832628,272.77277
1465,2.681742,275.4545
1466,2.683688,278.13818
1467,2.6842632,280.82245
1468,2.6855786,283.50803
1469,2.6859698,286.194
1470,2.6889093,288.8829
1471,2.6913254,291.57422
1472,2.6959295,294.27014
1473,2.6997716,296.9699
1474,2.7041276,299.67404
1475,2.7076252,302.38165
1476,2.7119565,305.0936
1477,2.7165399,307.81015
1478,2.7213721,310.53152
1479,2.725169,313.25668
1480,2.727977,315.98465
1481,2.7304373,318.7151
1482,2.7316256,321.44672
1483,2.7308092,324.17752
1484,2.7298992,326.9074
1485,2.7280385,329.63544
1486,2.727632,332.36307
1487,2.7267287,335.08978
1488,2.7275717,337.81735
1489,2.7292745,340.54663
1490,2.7308109,343.27744
1491,2.7320154,346.00946
1492,2.7341027,348.74356
1493,2.7349854,351.47855
1494,2.7362952,354.21484
1495,2.736577,356.95142
1496,2.7381005,359.6895
1497,2.7413182,362.43085
1498,2.7445111,365.17535
1499,2.7482586,367.9236
1500,2.7522638,370.67587
1501,2.755684,373.43155
1502,2.7580175,376.18958
1503,2.7595873,378.94916
1504,2.7617733,381.71094
1505,2.7646987,384.47565
1506,2.7667563,387.2424
1507,2.7678733,390.01028
1508,2.768299,392.7786
1509,2.7685819,395.54718
1510,2.767365,398.31454
1511,2.7644238,401.07898
1512,2.7600894,403.83908
1513,2.7546248,406.59372
1514,2.7504163,409.34415
1515,2.7468033,412.09094
1516,2.7447557,414.8357
1517,2.742299,417.578
1518,2.739291,420.3173
1519,2.7345886,423.05188
1520,2.731043,425.78293
1521,2.7275424,428.51047
1522,2.725494,431.23596
1523,2.7234128,433.95938
1524,2.722485,436.68185
1525,2.7218533,439.40372
1526,2.7221203,442.12582
1527,2.7226782,444.8485
1528,2.7236252,447.57214
1529,2.72441,450.29654
1530,2.7258818,453.02243
1531,2.7269063,455.74933
1532,2.7280028,458.47733
1533,2.7289734,461.2063
1534,2.7303023,463.9366
1535,2.731297,466.6679
1536,2.7315547,469.39948
1537,2.7304516,472.1299
1538,2.7297723,474.85968
1539,2.7289128,477.5886
1540,2.7292418,480.31784
1541,2.729996,483.04785
1542,2.731042,485.7789
1543,2.7320845,488.511
1544,2.7331,491.24408
1545,2.7334535,493.97754
1546,2.7337337,496.71127
1547,2.7329443,499.4442
1548,2.7322435,502.17645
1549,2.7312584,504.9077
1550,2.7305837,507.6383
1551,2.729721,510.36804
1552,2.729702,513.0977
1553,2.7292926,515.827
1554,2.7299948,518.557
1555,2.731174,521.2882
1556,2.7332392,524.0214
1557,2.7356296,526.7571
1558,2.7363672,529.49347
1559,2.7360287,532.2295
1560,2.735784,534.9653
1561,2.7351902,537.70044
1562,2.734678,540.4351
1563,2.7331913,543.16833
1564,2.7322757,545.90063
1565,2.7312295,548.63184
1566,2.7314053,551.3632
1567,2.7320726,554.0953
1568,2.7328916,556.8282
1569,2.733545,559.5617
1570,2.7338426,562.29553
1571,2.7340996,565.0296
1572,2.7350955,567.7647
1573,2.7358782,570.5006
1574,2.7366576,573.23724
1575,2.736906,575.9741
1576,2.737378,578.7115
1577,2.737593,581.4491
1578,2.7382114,584.1873
1579,2.7388778,586.9262
1580,2.739624,589.66583
1581,2.740121,592.40594
1582,2.7408533,595.1468
1583,2.741486,597.8883
1584,2.7416885,600.63
1585,2.7416358,603.37164
1586,2.7415056,606.11316
1587,2.7416115,608.8548
1588,2.7417579,611.59656
1589,2.742143,614.3387
1590,2.7429154,617.0816
1591,2.7437606,619.8254
1592,2.7447348,622.5701
1593,2.7452397,625.31537
1594,2.7457843,628.06116
1595,2.746459,630.8076
1596,2.747783,633.5554
1597,2.7492087,636.3046
1598,2.7509456,639.05554
1599,2.7521758,641.80774
1600,2.7530158,644.5607
1601,2.7533026,647.314
1602,2.7535665,650.06757
1603,2.7541182,652.82166
1604,2.7556221,655.5773
1605,2.7571206,658.3344
1606,2.7588263,661.09326
1607,2.759941,663.8532
1608,2.7608917,666.6141
1609,2.7620778,669.37616
1610,2.763778,672.13995
1611,2.7663083,674.90625
1612,2.7685509,677.6748
1613,2.7708254,680.4456
1614,2.7728848,683.2185
1615,2.7744281,685.9929
1616,2.775997,688.7689
1617,2.7779934,691.54694
1618,2.780472,694.3274
1619,2.7827327,697.1101
1620,2.7837644,699.89386
1621,2.7850378,702.6789
1622,2.7851074,705.464
1623,2.7838693,708.24786
1624,2.7825067,711.0304
1625,2.7818193,713.8122
1626,2.7832096,716.5954
1627,2.7851868,719.3806
1628,2.7869098,722.16754
1629,2.7881305,724.9557
1630,2.7900457,727.7457
1631,2.7923827,730.5381
1632,2.7950237,733.3331
1633,2.7973502,736.1305
1634,2.799671,738.9302
1635,2.8019168,741.7321
1636,2.8040102,744.53613
1637,2.8062012,747.34235
1638,2.8073885,750.1497
1639,2.8072388,752.957
1640,2.806694,755.7637
1641,2.8065457,758.5702
1642,2.807767,761.3779
1643,2.8098047,764.18774
1644,2.8120372,766.99976
1645,2.8138847,769.81366
1646,2.814703,772.62836
1647,2.8146389,775.443
1648,2.814457,778.25745
1649,2.8146107,781.0721
1650,2.8156142,783.8877
1651,2.8171554,786.70483
1652,2.8187099,789.52356
1653,2.820459,792.344
1654,2.8227212,795.1667
1655,2.8248978,797.9916
1656,2.8273065,800.8189
1657,2.8303356,803.64923
1658,2.8327572,806.482
1659,2.835473,809.31744
1660,2.838256,812.1557
1661,2.8416834,814.9974
1662,2.844387,817.84174
1663,2.8469782,820.6887
1664,2.8486617,823.53735
1665,2.8501577,826.3875
1666,2.8509216,829.2384
1667,2.851931,832.09033
1668,2.8523533,834.9427
1669,2.8525417,837.7952
1670,2.853088,840.6483
1671,2.85386,843.5022
1672,2.853993,846.3562
1673,2.853326,849.20953
1674,2.8538535,852.0634
1675,2.8550668,854.91846
1676,2.8562202,857.77466
1677,2.8572426,860.6319
1678,2.8581407,863.49005
1679,2.8591788,866.34924
1680,2.8591313,869.2084
1681,2.858565,872.06696
1682,2.858745,874.9257
1683,2.8591268,877.78485
1684,2.8598115,880.64465
1685,2.8609462,883.5056
1686,2.8622181,886.36786
1687,2.8637946,889.2316
1688,2.8644829,892.0961
1689,2.8647118,894.9608
1690,2.8639123,897.8247
1691,2.8627493,900.68744
1692,2.8621252,903.54956
1693,2.8618886,906.41144
1694,2.8627453,909.2742
1695,2.8642955,912.1385
1696,2.8655877,915.0041
1697,2.8670547,917.87115
1698,2.8679984,920.73914
1699,2.8689024,923.60803
1700,2.870064,926.4781
1701,2.872067,929.35016
1702,2.873527,932.2237
1703,2.874527,935.0982
1704,2.8748364,937.973
1705,2.8754146,940.84845
1706,2.876585,943.72504
1707,2.8778405,946.6029
1708,2.8789978,949.48193
1709,2.8804262,952.36237
1710,2.8821065,955.24445
1711,2.8842032,958.12866
1712,2.8856163,961.0143
1713,2.8867614,963.90106
1714,2.8872323,966.78827
1715,2.8878376,969.6761
1716,2.8888805,972.56494
1717,2.890396,975.4553
1718,2.891243,978.34656
1719,2.8916717,981.2382
1720,2.8923247,984.13055
1721,2.893983,987.02454
1722,2.8956234,989.92017
1723,2.8968039,992.81696
1724,2.89729,995.71423
1725,2.897752,998.612
1726,2.8987606,1001.51074
1727,2.9005773,1004.4113
1728,2.9018426,1007.3132
1729,2.9037151,1010.21686
1730,2.9047785,1013.12164
1731,2.9055884,1016.0272
1732,2.9055235,1018.93274
1733,2.905778,1021.8385
1734,2.9060376,1024.7445
1735,2.9064326,1027.6509
1736,2.9072301,1030.5581
1737,2.9081001,1033.4662
1738,2.908599,1036.3748
1739,2.908418,1039.2832
1740,2.9084952,1042.1917
1741,2.9089463,1045.1006
1742,2.909665,1048.0103
1743,2.9107516,1050.921
1744,2.9123135,1053.8334
1745,2.9140313,1056.7474
1746,2.91554,1059.663
1747,2.9172823,1062.5802
1748,2.918417,1065.4987
1749,2.9194314,1068.4181
1750,2.9203491,1071.3384
1751,2.9210634,1074.2594
1752,2.922176,1077.1815
1753,2.9233713,1080.1049
1754,2.923849,1083.0287
1755,2.9244287,1085.9531
1756,2.9252703,1088.8784
1757,2.925955,1091.8043
1758,2.9264832,1094.7308
1759,2.9268808,1097.6577
1760,2.9280057,1100.5857
1761,2.929836,1103.5155
1762,2.9316826,1106.4471
1763,2.9334726,1109.3806
1764,2.9344552,1112.3151
1765,2.9353957,1115.2505
1766,2.9361763,1118.1866
1767,2.9377277,1121.1244
1768,2.9391353,1124.0635
1769,2.9401262,1127.0037
1770,2.9399693,1129.9436
1771,2.9394867,1132.883
1772,2.93936,1135.8224
1773,2.9397461,1138.7621
1774,2.9404602,1141.7025
1775,2.9411786,1144.6437
1776,2.9413836,1147.5851
1777,2.9414966,1150.5266
1778,2.9411342,1153.4678
1779,2.9406219,1156.4084
1780,2.9408238,1159.3492
1781,2.941677,1162.2909
1782,2.9430947,1165.234
1783,2.9444509,1168.1785
1784,2.9458053,1171.1243
1785,2.9471478,1174.0714
1786,2.9484942,1177.0199
1787,2.9495065,1179.9694
1788,2.950808,1182.9202
1789,2.953003,1185.8732
1790,2.9556744,1188.8289
1791,2.9584212,1191.7872
1792,2.959967,1194.7472
1793,2.9611611,1197.7084
1794,2.963471,1200.6719
1795,2.9658601,1203.6377
1796,2.967568,1206.6052
1797,2.9688497,1209.5741
1798,2.9701233,1212.5442
1799,2.9719408,1215.5161
1800,2.973949,1218.4901
1801,2.9756186,1221.4657
1802,2.9770932,1224.4427
1803,2.979443,1227.4222
1804,2.982341,1230.4045
1805,2.9854476,1233.39
1806,2.9877985,1236.3778
1807,2.9900262,1239.3678
1808,2.9912841,1242.3591
1809,2.99241,1245.3516
1810,2.9931526,1248.3447
1811,2.9931989,1251.3379
1812,2.993561,1254.3314
1813,2.9942281,1257.3257
1814,2.9952576,1260.3209
1815,2.9958565,1263.3168
1816,2.9967253,1266.3135
1817,2.9972224,1269.3107
1818,2.9986064,1272.3093
1819,3.0011816,1275.3105
1820,3.004033,1278.3146
1821,3.006778,1281.3214
1822,3.007949,1284.3293
1823,3.007788,1287.3372
1824,3.0076303,1290.3448
1825,3.0081923,1293.353
1826,3.0096202,1296.3627
1827,3.011563,1299.3743
1828,3.012801,1302.3871
1829,3.0136673,1305.4008
1830,3.0145187,1308.4153
1831,3.0152113,1311.4305
1832,3.0152152,1314.4458
1833,3.0151436,1317.4609
1834,3.0147357,1320.4757
1835,3.015038,1323.4907
1836,3.016296,1326.507
1837,3.0180728,1329.525
1838,3.0192964,1332.5443
1839,3.0196571,1335.564
1840,3.0198433,1338.5839
1841,3.020352,1341.6042
1842,3.0213373,1344.6256
1843,3.022521,1347.6481
1844,3.024236,1350.6724
1845,3.0265427,1353.6989
1846,3.028305,1356.7272
1847,3.029395,1359.7566
1848,3.0303054,1362.7869
1849,3.031552,1365.8184
1850,3.033086,1368.8514
1851,3.034562,1371.886
1852,3.0360613,1374.922
1853,3.037367,1377.9594
1854,3.0389977,1380.9983
1855,3.0408514,1384.0392
1856,3.042566,1387.0818
1857,3.044364,1390.1261
1858,3.0456154,1393.1718
1859,3.0466855,1396.2184
1860,3.047627,1399.266
1861,3.0488255,1402.3148
1862,3.0496771,1405.3645
1863,3.0506744,1408.4152
1864,3.0519838,1411.4672
1865,3.053858,1414.521
1866,3.055391,1417.5764
1867,3.0566463,1420.633
1868,3.057635,1423.6907
1869,3.0589643,1426.7496
1870,3.0598278,1429.8094
1871,3.0605419,1432.87
1872,3.0612423,1435.9313
1873,3.0620122,1438.9933
1874,3.0629797,1442.0563
1875,3.0634253,1445.1198
1876,3.0641704,1448.184
1877,3.0647817,1451.2488
1878,3.065514,1454.3143
1879,3.0662363,1457.3806
1880,3.0672314,1460.4479
1881,3.0681667,1463.516
1882,3.0686138,1466.5846
1883,3.0691204,1469.6537
1884,3.0694594,1472.7231
1885,3.0692894,1475.7925
1886,3.0695999,1478.862
1887,3.0706625,1481.9327
1888,3.072136,1485.0049
1889,3.0743115,1488.0792
1890,3.0758226,1491.155
1891,3.077034,1494.232
1892,3.078106,1497.3102
1893,3.0786994,1500.3889
1894,3.0792377,1503.4681
1895,3.0800204,1506.5482
1896,3.0810018,1509.6293
1897,3.0822148,1512.7115
1898,3.0836182,1515.7952
1899,3.0850503,1518.8802
1900,3.0863733,1521.9667
1901,3.0876806,1525.0543
1902,3.0889053,1528.1432
1903,3.0901456,1531.2333
1904,3.091301,1534.3246
1905,3.0923574,1537.417
1906,3.0929558,1540.5099
1907,3.0939705,1543.6039
1908,3.094659,1546.6985
1909,3.0953915,1549.7938
1910,3.0955422,1552.8894
1911,3.0962734,1555.9857
1912,3.0970175,1559.0828
1913,3.0976424,1562.1804
1914,3.098017,1565.2784
1915,3.098098,1568.3766
1916,3.0980763,1571.4746
1917,3.0985293,1574.5731
1918,3.0992653,1577.6724
1919,3.1001382,1580.7725
1920,3.1013873,1583.8739
1921,3.1026413,1586.9766
1922,3.1040463,1590.0806
1923,3.1053493,1593.1859
1924,3.1071782,1596.2931
1925,3.1090627,1599.4021
1926,3.1108725,1602.513
1927,3.11216,1605.6251
1928,3.1133232,1608.7384
1929,3.114501,1611.8529
1930,3.1156871,1614.9686
1931,3.1172931,1618.0859
1932,3.118569,1621.2045
1933,3.1196365,1624.3241
1934,3.120381,1627.4445
1935,3.1208,1630.5653
1936,3.1212666,1633.6865
1937,3.12187,1636.8083
1938,3.122863,1639.9312
1939,3.123837,1643.0549
1940,3.1242557,1646.1792
1941,3.1245904,1649.3038
1942,3.1250904,1652.429
1943,3.1258876,1655.5548
1944,3.126721,1658.6815
1945,3.1274493,1661.809
1946,3.128283,1664.9373
1947,3.1288152,1668.066
1948,3.1290264,1671.1951
1949,3.1291814,1674.3242
1950,3.1295772,1677.4537
1951,3.1301305,1680.5839
1952,3.131361,1683.7152
1953,3.1329072,1686.8481
1954,3.134492,1689.9827
1955,3.1358833,1693.1185
1956,3.1367135,1696.2552
1957,3.1378996,1699.3932
1958,3.1392267,1702.5325
1959,3.1407177,1705.6732
1960,3.1420097,1708.8152
1961,3.142504,1711.9576
1962,3.1425002,1715.1001
1963,3.1427715,1718.2429
1964,3.1431766,1721.3861
1965,3.1441731,1724.5303
1966,3.1450932,1727.6754
1967,3.146036,1730.8214
1968,3.1470761,1733.9685
1969,3.1481955,1737.1167
1970,3.148833,1740.2655
1971,3.1493514,1743.4148
1972,3.1497645,1746.5646
1973,3.1497624,1749.7144
1974,3.1500115,1752.8644
1975,3.150344,1756.0148
1976,3.150902,1759.1656
1977,3.1513417,1762.317
1978,3.1517107,1765.4688
1979,3.1520727,1768.6208
1980,3.1524837,1771.7733
1981,3.1527572,1774.926
1982,3.152879,1778.0789
1983,3.1534905,1781.2323
1984,3.1542385,1784.3866
1985,3.155024,1787.5416
1986,3.1555538,1790.6971
1987,3.1556857,1793.8528
1988,3.155856,1797.0087
1989,3.1559145,1800.1646
1990,3.1557662,1803.3203
1991,3.155981,1806.4763
1992,3.1567125,1809.633
1993,3.1577446,1812.7908
1994,3.158886,1815.9497
1995,3.1599147,1819.1096
1996,3.1607828,1822.2704
1997,3.1619604,1825.4324
1998,3.162996,1828.5953
1999,3.1639056,1831.7593
2000,3.1648443,1834.9241
2001,3.1656969,1838.0897
2002,3.1667953,1841.2565
2003,3.1675377,1844.424
2004,3.1682582,1847.5922
2005,3.1690412,1850.7612
2006,3.169275,1853.9305
2007,3.1692858,1857.0999
2008,3.1692169,1860.269
2009,3.1690521,1863.4381
2010,3.168662,1866.6068
2011,3.1690106,1869.7759
2012,3.1692314,1872.9451
2013,3.16922,1876.1143
2014,3.1688955,1879.2832
2015,3.16838,1882.4515
2016,3.1678634,1885.6194
2017,3.1674175,1888.7867
2018,3.1669354,1891.9537
2019,3.1670992,1895.1208
2020,3.1673183,1898.2882
2021,3.1675155,1901.4557
2022,3.167665,1904.6234
2023,3.1678789,1907.7913
2024,3.1679065,1910.9591
2025,3.1676445,1914.1267
2026,3.1675758,1917.2943
2027,3.167808,1920.4622
2028,3.168422,1923.6306
2029,3.168865,1926.7994
2030,3.1693666,1929.9688
2031,3.169608,1933.1383
2032,3.1696193,1936.308
2033,3.169508,1939.4775
2034,3.169459,1942.647
2035,3.1694808,1945.8164
2036,3.1696866,1948.9861
2037,3.1695082,1952.1556
2038,3.1689599,1955.3246
2039,3.1688082,1958.4934
2040,3.1687396,1961.6621
2041,3.1682608,1964.8303
2042,3.1679492,1967.9983
2043,3.1677182,1971.166
2044,3.1678822,1974.3339
2045,3.168195,1977.5021
2046,3.168856,1980.6709
2047,3.1693587,1983.8402
2048,3.1699786,1987.0101
2049,3.1702282,1990.1804
2050,3.1704037,1993.3508
2051,3.171143,1996.522
2052,3.1721797,1999.6941
2053,3.1728537,2002.867
2054,3.173232,2006.0402
2055,3.1734056,2009.2136
2056,3.1733031,2012.387
2057,3.1732504,2015.5602
2058,3.172754,2018.7329
2059,3.1720684,2021.905
2060,3.1714501,2025.0765
2061,3.1709857,2028.2476
2062,3.170942,2031.4185
2063,3.1706688,2034.5891
2064,3.1704152,2037.7595
2065,3.170425,2040.9299
2066,3.1706269,2044.1006
2067,3.171343,2047.272
2068,3.171557,2050.4436
2069,3.1714065,2053.615
2070,3.171759,2056.7869
2071,3.172366,2059.9592
2072,3.1730804,2063.1323
2073,3.1729457,2066.3052
2074,3.1727288,2069.4778
2075,3.1726782,2072.6504
2076,3.1719775,2075.8223
2077,3.1710806,2078.9934
2078,3.1701825,2082.1636
2079,3.169414,2085.333
2080,3.1686945,2088.5017
2081,3.167959,2091.6697
2082,3.167718,2094.8374
2083,3.1677845,2098.0051
2084,3.1674166,2101.1726
2085,3.1668255,2104.3394
2086,3.1660278,2107.5054
2087,3.1654665,2110.671
2088,3.1650958,2113.836
2089,3.1645648,2117.0005
2090,3.1640987,2120.1646
2091,3.163417,2123.328
2092,3.1631677,2126.491
2093,3.1631138,2129.654
2094,3.1630902,2132.8171
2095,3.162733,2135.98
2096,3.162165,2139.142
2097,3.1611023,2142.3032
2098,3.1609488,2145.464
2099,3.1615393,2148.6257
2100,3.1621227,2151.7878
2101,3.1617393,2154.9495
2102,3.161834,2158.1113
2103,3.1624737,2161.2737
2104,3.162794,2164.4365
2105,3.1630244,2167.5996
2106,3.1627762,2170.7625
2107,3.1632674,2173.9258
2108,3.1638567,2177.0896
2109,3.164268,2180.254
2110,3.1640675,2183.418
2111,3.1630945,2186.581
2112,3.1618204,2189.743
2113,3.1604276,2192.9033
2114,3.1590538,2196.0623
2115,3.157644,2199.22
2116,3.1564946,2202.3765
2117,3.1554873,2205.532
2118,3.1547432,2208.6868
2119,3.1537402,2211.8406
2120,3.1535354,2214.9941
2121,3.1536305,2218.1477
2122,3.1536052,2221.3013
2123,3.1525204,2224.4539
2124,3.150913,2227.6047
2125,3.149097,2230.754
2126,3.1480923,2233.902
2127,3.1466548,2237.0488
2128,3.1458209,2240.1946
2129,3.1444216,2243.339
2130,3.1424112,2246.4814
2131,3.1404212,2249.6218
2132,3.1386666,2252.7605
2133,3.1373074,2255.8977
2134,3.1361752,2259.034
2135,3.1356745,2262.1697
2136,3.1341507,2265.3037
2137,3.1322947,2268.436
2138,3.129745,2271.5657
2139,3.1262755,2274.692
2140,3.1241486,2277.8162
2141,3.123638,2280.9397
2142,3.120296,2284.06
2143,3.1173985,2287.1775
2144,3.1098104,2290.2874
2145,3.1020792,2293.3894
2146,3.0980492,2296.4875
2147,3.0958877,2299.5835
2148,3.095964,2302.6794
2149,3.0968518,2305.7764
2150,3.0978224,2308.8743
2151,3.0978572,2311.9722
2152,3.0986254,2315.0708
2153,3.0994518,2318.1702
2154,3.1005542,2321.2708
2155,3.101541,2324.3723
2156,3.1025317,2327.4749
2157,3.1036263,2330.5784
2158,3.1035974,2333.682
2159,3.1042142,2336.7861
2160,3.105225,2339.8914
2161,3.1082757,2342.9995
2162,3.1105874,2346.11
2163,3.1129797,2349.2231
2164,3.1116948,2352.335
2165,3.1063673,2355.4414
2166,3.1036067,2358.545
2167,3.103016,2361.648
2168,3.102913,2364.751
2169,3.1031487,2367.854
2170,3.1028826,2370.9568
2171,3.1013405,2374.058
2172,3.101543,2377.1597
2173,3.1031134,2380.2627
2174,3.1069243,2383.3696
2175,3.1104083,2386.48
2176,3.1114573,2389.5916
2177,3.109794,2392.7014
2178,3.1087177,2395.81
2179,3.108846,2398.919
2180,3.1097512,2402.0288
2181,3.11181,2405.1406
2182,3.1107304,2408.2515
2183,3.105698,2411.3572
2184,3.1009533,2414.4583
2185,3.0968602,2417.5552
2186,3.0921204,2420.6472
2187,3.0861251,2423.7334
2188,3.0813622,2426.8147
2189,3.0764322,2429.891
2190,3.0736425,2432.9648
2191,3.0708814,2436.0356
2192,3.069791,2439.1055
2193,3.0681841,2442.1736
2194,3.0672123,2445.2407
2195,3.0660293,2448.3066
2196,3.0661151,2451.3728
2197,3.0662847,2454.4392
2198,3.066623,2457.5059
2199,3.065272,2460.571
2200,3.0638256,2463.6348
2201,3.0626292,2466.6975
2202,3.0636013,2469.7612
2203,3.0672853,2472.8286
2204,3.0681393,2475.8967
2205,3.0674188,2478.964
2206,3.065454,2482.0295
2207,3.0637665,2485.0933
2208,3.0623565,2488.1555
2209,3.061881,2491.2173
2210,3.062185,2494.2795
2211,3.0636683,2497.3433
2212,3.0612566,2500.4045
2213,3.057409,2503.462
2214,3.0553405,2506.5173
2215,3.0536044,2509.571
2216,3.0517993,2512.6228
2217,3.0495105,2515.6724
2218,3.0481002,2518.7205
2219,3.0458224,2521.7664
2220,3.0425415,2524.8088
2221,3.039405,2527.8481
2222,3.0375993,2530.8857
2223,3.0376515,2533.9233
2224,3.0371082,2536.9604
2225,3.0363162,2539.9968
2226,3.035874,2543.0327
2227,3.035681,2546.0684
2228,3.036893,2549.1052
2229,3.0397835,2552.145
2230,3.0427437,2555.1877
2231,3.0460427,2558.234
2232,3.0475717,2561.2815
2233,3.0484948,2564.33
2234,3.0478756,2567.378
2235,3.0471084,2570.425
2236,3.0466342,2573.4717
2237,3.046119,2576.5178
2238,3.0450563,2579.563
2239,3.0438182,2582.6067
2240,3.0422058,2585.649
2241,3.0406947,2588.6897
2242,3.0402074,2591.73
2243,3.0403008,2594.7703
2244,3.040462,2597.8108
2245,3.0400379,2600.8508
2246,3.0389497,2603.89
2247,3.0369134,2606.9268
2248,3.0361469,2609.963
2249,3.034879,2612.9978
2250,3.0344696,2616.0322
2251,3.0350058,2619.0671
2252,3.0352504,2622.1023
2253,3.034809,2625.1372
2254,3.0349104,2628.172
2255,3.0357952,2631.208
2256,3.0366254,2634.2446
2257,3.0365186,2637.2812
2258,3.036165,2640.3174
2259,3.0350716,2643.3525
2260,3.0348325,2646.3875
2261,3.0349824,2649.4224
2262,3.03585,2652.4583
2263,3.0376804,2655.4958
2264,3.0382538,2658.5342
2265,3.040101,2661.5742
2266,3.0417264,2664.616
2267,3.0432084,2667.6592
2268,3.0432765,2670.7024
2269,3.0434005,2673.7458
2270,3.0433984,2676.7893
2271,3.0429845,2679.8323
2272,3.0414455,2682.8738
2273,3.0387566,2685.9126
2274,3.0362093,2688.9487
2275,3.0339596,2691.9827
2276,3.0322385,2695.015
2277,3.030001,2698.045
2278,3.0275455,2701.0725
2279,3.0255904,2704.0981
2280,3.024688,2707.1228
2281,3.025533,2710.1484
2282,3.028918,2713.1772
2283,3.0336385,2716.211
2284,3.0360858,2719.247
2285,3.0372262,2722.2842
2286,3.0361927,2725.3203
2287,3.035965,2728.3562
2288,3.0356374,2731.3918
2289,3.037082,2734.429
2290,3.0367827,2737.4658
2291,3.0351956,2740.501
2292,3.0322978,2743.5332
2293,3.0289092,2746.562
2294,3.0272973,2749.5894
2295,3.0266964,2752.616
2296,3.0263147,2755.6423
2297,3.0257404,2758.668
2298,3.0260448,2761.694
2299,3.0253475,2764.7195
2300,3.0246222,2767.7441
2301,3.022874,2770.767
2302,3.022741,2773.7898
2303,3.0225382,2776.8123
2304,3.0231936,2779.8354
2305,3.0256643,2782.861
2306,3.0275333,2785.8887
2307,3.0275624,2788.9163
2308,3.0268924,2791.943
2309,3.0281558,2794.9712
2310,3.029113,2798.0002
2311,3.029747,2801.03
2312,3.0306344,2804.0605
2313,3.0285842,2807.089
2314,3.0258992,2810.115
2315,3.0236065,2813.1387
2316,3.0211148,2816.1597
2317,3.0185177,2819.1782
2318,3.0161471,2822.1943
2319,3.0127773,2825.207
2320,3.0111325,2828.2183
2321,3.0110369,2831.2292
2322,3.011804,2834.241
2323,3.013267,2837.2542
2324,3.0149138,2840.269
2325,3.0169034,2843.286
2326,3.0190115,2846.305
2327,3.0211043,2849.326
2328,3.0225165,2852.3484
2329,3.0230956,2855.3716
2330,3.0230362,2858.3945
2331,3.0211523,2861.4158
2332,3.019889,2864.4355
2333,3.0191479,2867.4546
2334,3.0179605,2870.4727
2335,3.017974,2873.4907
2336,3.0175784,2876.5083
2337,3.0179098,2879.5261
2338,3.0188494,2882.545
2339,3.0201209,2885.565
2340,3.0207362,2888.5857
2341,3.0202115,2891.606
2342,3.0181901,2894.6243
2343,3.0149164,2897.6392
2344,3.0124571,2900.6516
2345,3.0096076,2903.6611
2346,3.0073626,2906.6685
2347,3.005378,2909.6738
2348,3.0054505,2912.6792
2349,3.0058703,2915.685
2350,3.0060883,2918.6912
2351,3.006636,2921.6978
2352,3.0071728,2924.7048
2353,3.0081854,2927.7131
2354,3.0071847,2930.7202
2355,3.0050995,2933.7253
2356,3.0038576,2936.7292
2357,3.0023868,2939.7317
2358,3.0002868,2942.732
2359,2.999202,2945.7312
2360,2.9988189,2948.73
2361,2.9989007,2951.7288
2362,2.9982867,2954.727
2363,2.997292,2957.7244
2364,2.9975085,2960.722
2365,2.9984941,2963.7205
2366,2.9980853,2966.7185
2367,2.9979098,2969.7163
2368,2.9985101,2972.7148
2369,2.9986486,2975.7134
2370,2.9981194,2978.7114
2371,2.9970858,2981.7085
2372,2.9981854,2984.7068
2373,3.0011342,2987.708
2374,3.0031552,2990.7112
2375,3.0035913,2993.7148
2376,3.0026665,2996.7175
2377,3.000728,2999.7183
2378,2.999877,3002.718
2379,2.9999416,3005.718
2380,3.0013013,3008.7192
2381,3.0020711,3011.7212
2382,3.002154,3014.7234
2383,3.000289,3017.7236
2384,2.9983907,3020.722
2385,2.9987254,3023.7207
2386,2.999089,3026.7197
2387,3.0005834,3029.7202
2388,3.0010393,3032.7212
2389,3.0003989,3035.7217
2390,2.999671,3038.7214
2391,2.9990654,3041.7205
2392,2.9976797,3044.718
2393,2.9960895,3047.714
2394,2.994759,3050.709
2395,2.995052,3053.704
2396,2.995314,3056.6995
2397,2.996831,3059.6963
2398,2.9985554,3062.6948
2399,3.0004272,3065.6953
2400,3.0028622,3068.6982
2401,3.0047657,3071.7031
2402,3.0058262,3074.709
2403,3.0051074,3077.714
2404,3.005577,3080.7197
2405,3.0075324,3083.7273
2406,3.0086522,3086.7358
2407,3.0072832,3089.7432
2408,3.0046315,3092.7478
2409,3.0041313,3095.752
2410,3.006167,3098.758
2411,3.0080788,3101.766
2412,3.009479,3104.7756
2413,3.0106943,3107.7864
2414,3.0124962,3110.7988
2415,3.0150065,3113.8137
2416,3.0166843,3116.8303
2417,3.0162215,3119.8464
2418,3.015252,3122.8616
2419,3.0154653,3125.877
2420,3.016466,3128.8933
2421,3.0163867,3131.9097
2422,3.01494,3134.9246
2423,3.0141091,3137.9387
2424,3.0139945,3140.9526
2425,3.0132864,3143.9658
2426,3.0138693,3146.9797
2427,3.014483,3149.9941
2428,3.0149145,3153.009
2429,3.0142999,3156.0234
2430,3.0137057,3159.037
2431,3.0125306,3162.0496
2432,3.0114686,3165.061
2433,3.0093808,3168.0703
2434,3.007278,3171.0776
2435,3.0048583,3174.0825
2436,3.0036664,3177.0862
2437,3.003523,3180.0896
2438,3.003418,3183.093
2439,3.003077,3186.0962
2440,3.0018737,3189.0981
2441,3.0020256,3192.1
2442,3.002908,3195.103
2443,3.0035002,3198.1064
2444,3.0044267,3201.1108
2445,3.0062494,3204.1172
2446,3.0077722,3207.125
2447,3.0075917,3210.1326
2448,3.0072489,3213.14
2449,3.007311,3216.1472
2450,3.0076516,3219.1548
2451,3.0083163,3222.163
2452,3.0077322,3225.171
2453,3.0063872,3228.1772
2454,3.0059664,3231.183
2455,3.007493,3234.1907
2456,3.0098937,3237.2007
2457,3.0124848,3240.2131
2458,3.0143836,3243.2275
2459,3.0155272,3246.2432
2460,3.0169175,3249.26
2461,3.0191777,3252.2793
2462,3.0204647,3255.2998
2463,3.0218663,3258.3218
2464,3.022299,3261.344
2465,3.021845,3264.3657
2466,3.0225606,3267.3882
2467,3.023118,3270.4114
2468,3.023685,3273.435
2469,3.0242903,3276.4592
2470,3.0250432,3279.4844
2471,3.0255747,3282.51
2472,3.0255802,3285.5356
2473,3.025656,3288.5613
2474,3.0253687,3291.5867
2475,3.025238,3294.6118
2476,3.0251567,3297.637
2477,3.025021,3300.6619
2478,3.0232782,3303.685
2479,3.0203192,3306.7053
2480,3.017474,3309.723
2481,3.0147927,3312.7378
2482,3.0126429,3315.7505
2483,3.010727,3318.7612
2484,3.0089912,3321.7703
2485,3.0081246,3324.7783
2486,3.0067856,3327.7852
2487,3.0074396,3330.7925
2488,3.0097845,3333.8022
2489,3.0119379,3336.8142
2490,3.0123994,3339.8267
2491,3.0105443,3342.8372
2492,3.008559,3345.8457
2493,3.0083454,3348.854
2494,3.0094194,3351.8635
2495,3.0105102,3354.874
2496,3.0126283,3357.8867
2497,3.015973,3360.9026
2498,3.018252,3363.921
2499,3.0191903,3366.9402
2500,3.01888,3369.959
2501,3.0177462,3372.9768
2502,3.017941,3375.9946
2503,3.0181813,3379.0127
2504,3.0188615,3382.0315
2505,3.0190866,3385.0505
2506,3.0181713,3388.0686
2507,3.0166123,3391.0852
2508,3.0157177,3394.1008
2509,3.0138793,3397.1147
2510,3.0141747,3400.129
2511,3.0130446,3403.1418
2512,3.0122805,3406.154
2513,3.0112536,3409.1653
2514,3.0100157,3412.1753
2515,3.0093236,3415.1846
2516,3.0082948,3418.1929
2517,3.0066533,3421.1995
2518,3.0038915,3424.2034
2519,2.9992697,3427.2026
2520,2.997668,3430.2002
2521,2.9971042,3433.1973
2522,2.9963937,3436.1936
2523,2.9941347,3439.1877
2524,2.9923396,3442.1802
2525,2.9907575,3445.171
2526,2.989267,3448.1602
2527,2.988199,3451.1484
2528,2.988759,3454.1372
2529,2.9914894,3457.1287
2530,2.9947512,3460.1235
2531,2.9975483,3463.121
2532,2.9991345,3466.12
2533,3.000239,3469.1204
2534,3.00113,3472.1216
2535,3.003366,3475.125
2536,3.0045023,3478.1294
2537,3.0046904,3481.134
2538,3.00459,3484.1387
2539,3.0053437,3487.144
2540,3.0064976,3490.1506
2541,3.006794,3493.1575
2542,3.0060763,3496.1636
2543,3.0042346,3499.1677
2544,3.0032887,3502.171
2545,3.0018208,3505.1726
2546,3.0014644,3508.174
2547,3.0010073,3511.175
2548,3.0016265,3514.1768
2549,3.0023897,3517.1792
2550,3.003618,3520.1829
2551,3.0052562,3523.1882
2552,3.005872,3526.194
2553,3.006348,3529.2004
2554,2.9993832,3532.1997
2555,2.9950051,3535.1948
2556,2.9869156,3538.1816
2557,2.9815805,3541.1633
2558,2.9731677,3544.1365
2559,2.9667554,3547.1033
2560,2.9597826,3550.063
2561,2.9548552,3553.0178
2562,2.9480941,3555.9658
2563,2.942366,3558.9082
2564,2.937555,3561.8457
2565,2.9338348,3564.7795
2566,2.9296756,3567.7092
2567,2.9273915,3570.6367
2568,2.9266984,3573.5635
2569,2.9270966,3576.4905
2570,2.9276586,3579.4182
2571,2.9273129,3582.3455
2572,2.9262555,3585.2717
2573,2.9256918,3588.1975
2574,2.9266155,3591.124
2575,2.9263263,3594.0503
2576,2.9283915,3596.9788
2577,2.9309566,3599.9097
2578,2.9337494,3602.8435
2579,2.937659,3605.7812
2580,2.9424193,3608.7236
2581,2.9479995,3611.6716
2582,2.95084,3614.6226
2583,2.952555,3617.5752
2584,2.9539979,3620.5293
2585,2.956893,3623.486
2586,2.9604921,3626.4465
2587,2.9639022,3629.4104
2588,2.9675448,3632.378
2589,2.9700441,3635.348
2590,2.9734752,3638.3213
2591,2.9759924,3641.2974
2592,2.9790008,3644.2764
2593,2.9826894,3647.259
2594,2.986893,3650.2458
2595,2.9905276,3653.2363
2596,2.993157,3656.2295
2597,2.9951165,3659.2246
2598,2.9974039,3662.222
2599,2.9998865,3665.222
2600,3.0038977,3668.2258
2601,3.0084677,3671.2344
2602,3.0134125,3674.2478
2603,3.022801,3677.2705
2604,3.0275655,3680.298
2605,3.0346823,3683.3328
2606,3.0417655,3686.3745
2607,3.0497916,3689.4243
2608,3.0534253,3692.4778
2609,3.0571337,3695.535
2610,3.0606241,3698.5955
2611,3.0660121,3701.6614
2612,3.0708568,3704.7322
2613,3.077456,3707.8096
2614,3.0826046,3710.892
2615,3.0883312,3713.9805
2616,3.092899,3717.0735
2617,3.0984282,3720.1719
2618,3.10292,3723.275
2619,3.109024,3726.384
2620,3.1139674,3729.498
2621,3.1192226,3732.6172
2622,3.123577,3735.7407
2623,3.1283383,3738.8691
2624,3.132457,3742.0017
2625,3.1364784,3745.1382
2626,3.1398883,3748.278
2627,3.1428802,3751.421
2628,3.1461337,3754.5671
2629,3.150038,3757.7173
2630,3.154381,3760.8716
2631,3.1582615,3764.0298
2632,3.1612163,3767.191
2633,3.1637785,3770.3547
2634,3.16674,3773.5215
2635,3.1716485,3776.693
2636,3.1757998,3779.869
2637,3.17939,3783.0483
2638,3.1831238,3786.2314
2639,3.188046,3789.4194
2640,3.1933954,3792.6128
2641,3.1983209,3795.811
2642,3.2020793,3799.0132
2643,3.2049227,3802.218
2644,3.2084656,3805.4265
2645,3.2130938,3808.6396
2646,3.218767,3811.8584
2647,3.2233562,3815.0818
2648,3.2277017,3818.3096
2649,3.2305722,3821.54
2650,3.2335732,3824.7737
2651,3.2357597,3828.0095
2652,3.2389195,3831.2485
2653,3.2416632,3834.4902
2654,3.2438774,3837.7341
2655,3.2457492,3840.98
2656,3.2475755,3844.2275
2657,3.249667,3847.4773
2658,3.251807,3850.729
2659,3.2520864,3853.9812
2660,3.2530344,3857.2341
2661,3.2549117,3860.489
2662,3.2557335,3863.7446
2663,3.2552896,3867.0
2664,3.2545648,3870.2546
2665,3.2526135,3873.5073
2666,3.2516065,3876.759
2667,3.2504308,3880.0095
2668,3.2446344,3883.2542
2669,3.2381108,3886.4922
2670,3.2291732,3889.7214
2671,3.2189832,3892.9404
2672,3.2080595,3896.1484
2673,3.196785,3899.3452
2674,3.184078,3902.5293
2675,3.1696947,3905.699
2676,3.1562724,3908.8552
2677,3.1432164,3911.9985
2678,3.1290317,3915.1277
2679,3.1139038,3918.2417
2680,3.1038408,3921.3455
2681,3.0954056,3924.441
2682,3.0913296,3927.5322
2683,3.0875986,3930.6199
2684,3.0852475,3933.705
2685,3.0838597,3936.7888
2686,3.0826252,3939.8713
2687,3.0828998,3942.9543
2688,3.079429,3946.0337
2689,3.074133,3949.108
2690,3.0720031,3952.18
2691,3.0711238,3955.251
2692,3.0691843,3958.32
2693,3.0661082,3961.3862
2694,3.0607274,3964.447
2695,3.0529191,3967.5
2696,3.046616,3970.5466
2697,3.0407426,3973.5874
2698,3.0372326,3976.6248
2699,3.0340688,3979.659
2700,3.0316854,3982.6907
2701,3.032947,3985.7236
2702,3.0396645,3988.7632
2703,3.0452414,3991.8083
2704,3.0538375,3994.8623
2705,3.0595164,3997.9219
2706,3.0657582,4000.9875
2707,3.068556,4004.0562
2708,3.0726755,4007.129
2709,3.0756195,4010.2046
2710,3.0795686,4013.2842
2711,3.082261,4016.3665
2712,3.0873587,4019.4539
2713,3.0919597,4022.546
2714,3.0977187,4025.6436
2715,3.1002877,4028.744
2716,3.105266,4031.849
2717,3.114427,4034.9636
2718,3.1227913,4038.0864
2719,3.1326745,4041.219
2720,3.140585,4044.3596
2721,3.149724,4047.5093
2722,3.1572855,4050.6665
2723,3.1642113,4053.8308
2724,3.168123,4056.999
2725,3.1723962,4060.1714
2726,3.1742578,4063.3457
2727,3.1769063,4066.5227
2728,3.1789117,4069.7017
2729,3.182938,4072.8845
2730,3.1857507,4076.0703
2731,3.188845,4079.2593
2732,3.1908123,4082.4502
2733,3.1913097,4085.6416
2734,3.192039,4088.8337
2735,3.1918554,4092.0256
2736,3.1923375,4095.218
2737,3.1922035,4098.41
2738,3.1919177,4101.602
2739,3.191125,4104.793
2740,3.1923819,4107.9854
2741,3.1958764,4111.181
2742,3.201412,4114.3823
2743,3.2134554,4117.5957
2744,3.21978,4120.8154
2745,3.2227695,4124.038
2746,3.223863,4127.2617
2747,3.222787,4130.4844
2748,3.2180986,4133.7026
2749,3.211222,4136.914
2750,3.1957762,4140.11
2751,3.1724634,4143.282
2752,3.149888,4146.432
2753,3.1270568,4149.559
2754,3.1112244,4152.6704
2755,3.0949695,4155.765
2756,3.0838208,4158.849
2757,3.072261,4161.9214
2758,3.0612946,4164.983
2759,3.051954,4168.0347
2760,3.0459566,4171.0806
2761,3.04025,4174.1206
2762,3.0345383,4177.1553
2763,3.0275567,4180.1826
2764,3.01875,4183.201
2765,3.0095558,4186.211
2766,3.0012162,4189.212
2767,2.9966447,4192.2085
2768,2.992032,4195.2007
2769,2.9874911,4198.188
2770,2.9813201,4201.1694
2771,2.9756286,4204.145
2772,2.9725943,4207.1177
2773,2.9678445,4210.0854
2774,2.961943,4213.0474
2775,2.9572692,4216.0044
2776,2.9536226,4218.958
2777,2.9505477,4221.9087
2778,2.9465933,4224.8555
2779,2.944278,4227.8
2780,2.9399712,4230.7397
2781,2.9358468,4233.676
2782,2.9324586,4236.6084
2783,2.9276078,4239.536
2784,2.9225845,4242.4585
2785,2.9170938,4245.3755
2786,2.9128463,4248.2886
2787,2.9091225,4251.1978
2788,2.9056146,4254.1035
2789,2.9014773,4257.005
2790,2.899523,4259.9043
2791,2.896954,4262.8013
2792,2.8954098,4265.697
2793,2.8926895,4268.5894
2794,2.8885577,4271.478
2795,2.8887112,4274.3667
2796,2.8933814,4277.2603
2797,2.8965445,4280.1567
2798,2.9031556,4283.06
2799,2.90713,4285.9673
2800,2.9103994,4288.8774
2801,2.910592,4291.788
2802,2.9097686,4294.6978
2803,2.9068117,4297.6045
2804,2.9054291,4300.51
2805,2.9046178,4303.4146
2806,2.9051454,4306.32
2807,2.9049706,4309.2246
2808,2.9049852,4312.1294
2809,2.9047267,4315.034
2810,2.9028091,4317.937
2811,2.8981566,4320.835
2812,2.894781,4323.73
2813,2.8895812,4326.6196
2814,2.8845053,4329.504
2815,2.8801742,4332.3843
2816,2.8794937,4335.2637
2817,2.8809218,4338.1445
2818,2.8819172,4341.0264
2819,2.8824556,4343.9087
2820,2.8806372,4346.7896
2821,2.8793705,4349.669
2822,2.8752139,4352.544
2823,2.871336,4355.415
2824,2.8692925,4358.284
2825,2.8695877,4361.154
2826,2.869444,4364.0234
2827,2.8691833,4366.8926
2828,2.867522,4369.7603
2829,2.8643198,4372.6245
2830,2.8615506,4375.486
2831,2.860981,4378.3467
2832,2.8590288,4381.2056
2833,2.8556519,4384.061
2834,2.8501763,4386.911
2835,2.8435843,4389.755
2836,2.838144,4392.5933
2837,2.8354263,4395.4287
2838,2.8352482,4398.264
2839,2.8381655,4401.1025
2840,2.8377888,4403.9404
2841,2.8362224,4406.777
2842,2.831975,4409.609
2843,2.8279335,4412.437
2844,2.8202581,4415.2573
2845,2.8117244,4418.069
2846,2.8052466,4420.874
2847,2.8009923,4423.675
2848,2.7993503,4426.474
2849,2.7976384,4429.272
2850,2.794521,4432.0664
2851,2.7896404,4434.856
2852,2.7838082,4437.6396
2853,2.7757885,4440.4155
2854,2.7668962,4443.1826
2855,2.748809,4445.9316
2856,2.7263732,4448.658
2857,2.7041879,4451.3623
2858,2.686261,4454.0483
2859,2.67147,4456.7197
2860,2.6582952,4459.378
2861,2.6444046,4462.0225
2862,2.626791,4464.6494
2863,2.6120074,4467.261
2864,2.6024506,4469.864
2865,2.5993814,4472.4634
2866,2.6009297,4475.0645
2867,2.6045597,4477.669
2868,2.6082573,4480.2773
2869,2.6120098,4482.889
2870,2.6165102,4485.506
2871,2.622459,4488.1284
2872,2.630661,4490.7593
2873,2.6404517,4493.4
2874,2.6470485,4496.047
2875,2.6513782,4498.698
2876,2.6534386,4501.3516
2877,2.6576486,4504.0093
2878,2.6604378,4506.67
2879,2.6638637,4509.334
2880,2.6651285,4511.999
2881,2.665896,4514.665
2882,2.6643603,4517.3296
2883,2.6599326,4519.9897
2884,2.65636,4522.646
2885,2.6586564,4525.3047
2886,2.664858,4527.9697
2887,2.672391,4530.642
2888,2.6739473,4533.316
2889,2.674601,4535.9907
2890,2.6751256,4538.666
2891,2.6762838,4541.3423
2892,2.6764233,4544.0186
2893,2.6757476,4546.6943
2894,2.6745796,4549.369
2895,2.6745303,4552.0435
2896,2.6778116,4554.721
2897,2.68218,4557.4033
2898,2.6856701,4560.089
2899,2.6892297,4562.7783
2900,2.6940303,4565.472
2901,2.7047687,4568.177
2902,2.7179668,4570.8945
2903,2.7285416,4573.623
2904,2.7447894,4576.3677
2905,2.7593656,4579.127
2906,2.769257,4581.896
2907,2.7772033,4584.6733
2908,2.785297,4587.4585
2909,2.796558,4590.255
2910,2.8113785,4593.0664
2911,2.8269365,4595.8936
2912,2.842171,4598.736
2913,2.858471,4601.594
2914,2.8751602,4604.469
2915,2.8911393,4607.3604
2916,2.9039917,4610.264
2917,2.9153469,4613.1797
2918,2.922198,4616.102
2919,2.927204,4619.0293
2920,2.9307265,4621.96
2921,2.9347107,4624.8945
2922,2.9383976,4627.833
2923,2.940609,4630.7734
2924,2.9420743,4633.7153
2925,2.9406261,4636.656
2926,2.938367,4639.594
2927,2.9368927,4642.5312
2928,2.936416,4645.468
2929,2.9370532,4648.405
2930,2.9382117,4651.343
2931,2.9415407,4654.284
2932,2.9438465,4657.228
2933,2.9439065,4660.172
2934,2.946376,4663.118
2935,2.9492528,4666.0674
2936,2.9505942,4669.018
2937,2.9512875,4671.969
2938,2.951062,4674.9204
2939,2.9507053,4677.871
2940,2.9502285,4680.8213
2941,2.949794,4683.771
2942,2.949828,4686.7207
2943,2.9518144,4689.6724
2944,2.9544399,4692.627
2945,2.9573507,4695.5845
2946,2.9580083,4698.5425
2947,2.9587424,4701.5015
2948,2.9594214,4704.461
2949,2.9608986,4707.422
2950,2.9581692,4710.38
2951,2.9534657,4713.3335
2952,2.9474676,4716.281
2953,2.9393818,4719.22
2954,2.9322972,4722.1523
2955,2.924712,4725.077
2956,2.9202564,4727.9976
2957,2.9163365,4730.914
2958,2.9149792,4733.829
2959,2.9118938,4736.741
2960,2.9078689,4739.649
2961,2.9048607,4742.5537
2962,2.9013958,4745.455
2963,2.8971138,4748.352
2964,2.8908584,4751.2427
2965,2.88474,4754.1274
2966,2.8805358,4757.008
2967,2.8770266,4759.885
2968,2.87353,4762.7583
2969,2.8684163,4765.627
2970,2.8633003,4768.49
2971,2.8569214,4771.347
2972,2.8510995,4774.198
2973,2.8457901,4777.044
2974,2.840814,4779.885
2975,2.8359768,4782.7207
2976,2.833146,4785.5537
2977,2.830995,4788.385
2978,2.8270998,4791.212
2979,2.8184862,4794.0303
2980,2.8109438,4796.8413
2981,2.8044083,4799.6455
2982,2.8012848,4802.447
2983,2.7981734,4805.245
2984,2.7970614,4808.042
2985,2.7963629,4810.8384
2986,2.7946482,4813.633
2987,2.7901871,4816.423
2988,2.7876575,4819.2104
2989,2.784747,4821.995
2990,2.7846348,4824.78
2991,2.7846434,4827.5645
2992,2.7860587,4830.3506
2993,2.7883532,4833.139
2994,2.7904413,4835.9297
2995,2.7911785,4838.7207
2996,2.787128,4841.508
2997,2.780844,4844.2886
2998,2.776809,4847.0654
2999,2.773154,4849.8384
3000,2.770204,4852.6084
3001,2.7684708,4855.377
3002,2.7675705,4858.1445
3003,2.7663314,4860.9106
3004,2.7647986,4863.6753
3005,2.763218,4866.4385
3006,2.763675,4869.202
3007,2.7648916,4871.967
3008,2.7662485,4874.733
3009,2.7638226,4877.4966
3010,2.7612581,4880.258
3011,2.7581387,4883.016
3012,2.7553723,4885.7715
3013,2.7513626,4888.523
3014,2.7497144,4891.2725
3015,2.7501073,4894.0225
3016,2.7501714,4896.7725
3017,2.7497835,4899.5225
3018,2.7471623,4902.2695
3019,2.742473,4905.012
3020,2.7363882,4907.7485
3021,2.7290957,4910.4775
3022,2.7243872,4913.202
3023,2.720865,4915.923
3024,2.7188895,4918.6416
3025,2.7152529,4921.357
3026,2.7108448,4924.068
3027,2.7073193,4926.7754
3028,2.7047262,4929.48
3029,2.7008662,4932.1807
3030,2.698173,4934.879
3031,2.697241,4937.576
3032,2.695562,4940.272
3033,2.6964693,4942.9683
3034,2.693716,4945.662
3035,2.6887252,4948.351
3036,2.6830206,4951.034
3037,2.6782184,4953.7124
3038,2.6754684,4956.3877
3039,2.673545,4959.061
3040,2.6743746,4961.7354
3041,2.6769116,4964.412
3042,2.678119,4967.0903
3043,2.676975,4969.767
3044,2.6728628,4972.44
3045,2.669566,4975.1094
3046,2.6680267,4977.7773
3047,2.6685088,4980.446
3048,2.6647487,4983.1104
3049,2.6586535,4985.769
3050,2.6534994,4988.4224
3051,2.6497774,4991.0723
3052,2.6464322,4993.7188
3053,2.6431284,4996.362
3054,2.6437423,4999.0054
3055,2.6482012,5001.654
3056,2.6517477,5004.3057
3057,2.6547527,5006.9604
3058,2.6533213,5009.614
3059,2.6534102,5012.267
3060,2.6530619,5014.92
3061,2.6534204,5017.573
3062,2.654126,5020.2275
3063,2.6552444,5022.883
3064,2.6547737,5025.5376
3065,2.6520298,5028.1895
3066,2.651552,5030.841
3067,2.6532826,5033.494
3068,2.654829,5036.149
3069,2.655353,5038.804
3070,2.65425,5041.4585
3071,2.6514971,5044.11
3072,2.649034,5046.759
3073,2.6440778,5049.403
3074,2.6428597,5052.046
3075,2.6461415,5054.692
3076,2.6515763,5057.3433
3077,2.6563058,5059.9995
3078,2.6626935,5062.662
3079,2.6683545,5065.3306
3080,2.6700013,5068.0005
3081,2.6700304,5070.6704
3082,2.6707358,5073.3413
3083,2.6720233,5076.013
3084,2.6735973,5078.687
3085,2.6760712,5081.3633
3086,2.6806414,5084.044
3087,2.684591,5086.7285
3088,2.6892786,5089.418
3089,2.6933115,5092.1113
3090,2.6942303,5094.8057
3091,2.6937497,5097.4995
3092,2.692784,5100.1924
3093,2.6919103,5102.8843
3094,2.691453,5105.5757
3095,2.6950023,5108.2705
3096,2.6985455,5110.969
3097,2.701802,5113.671
3098,2.7009878,5116.372
3099,2.700065,5119.0723
3100,2.6956317,5121.768
3101,2.6899126,5124.458
3102,2.688166,5127.146
3103,2.688188,5129.834
3104,2.6867228,5132.5205
3105,2.6842327,5135.2046
3106,2.6823099,5137.8867
3107,2.6819086,5140.569
3108,2.6836007,5143.2524
3109,2.68617,5145.9385
3110,2.6901593,5148.6284
3111,2.694455,5151.3228
3112,2.6934328,5154.016
3113,2.6890578,5156.705
3114,2.6822867,5159.387
3115,2.676832,5162.064
3116,2.6731632,5164.7373
3117,2.6724494,5167.4097
3118,2.6732166,5170.083
3119,2.6757045,5172.759
3120,2.6726363,5175.4316
3121,2.66744,5178.099
3122,2.6612356,5180.7603
3123,2.655399,5183.4155
3124,2.654154,5186.07
3125,2.6546383,5188.7246
3126,2.6580312,5191.383
3127,2.6591513,5194.042
3128,2.6577811,5196.6997
3129,2.6557665,5199.3555
3130,2.6581912,5202.0137
3131,2.6637816,5204.6772
3132,2.6697307,5207.347
3133,2.6759844,5210.023
3134,2.6779797,5212.701
3135,2.679605,5215.381
3136,2.6806371,5218.0615
3137,2.6806934,5220.742
3138,2.6821828,5223.4243
3139,2.684306,5226.1084
3140,2.6860576,5228.7944
3141,2.688221,5231.4824
3142,2.689301,5234.172
3143,2.6903641,5236.8623
3144,2.6929574,5239.555
3145,2.6951566,5242.2505
3146,2.696127,5244.947
3147,2.6959164,5247.6426
3148,2.6977856,5250.3403
3149,2.7001793,5253.0405
3150,2.7035494,5255.744
3151,2.7072365,5258.451
3152,2.707395,5261.1587
3153,2.7082925,5263.867
3154,2.7086296,5266.5757
3155,2.7102823,5269.286
3156,2.7126992,5271.999
3157,2.716456,5274.7153
3158,2.718156,5277.4336
3159,2.7183657,5280.152
3160,2.7141695,5282.866
3161,2.7054977,5285.572
3162,2.6960201,5288.2676
3163,2.68781,5290.9556
3164,2.6836212,5293.639
3165,2.682793,5296.322
3166,2.6830544,5299.005
3167,2.6835022,5301.6885
3168,2.6817641,5304.37
3169,2.6807406,5307.051
3170,2.680173,5309.731
3171,2.6802428,5312.411
3172,2.6805131,5315.092
3173,2.681502,5317.7734
3174,2.6839414,5320.4575
3175,2.6873124,5323.145
3176,2.6888616,5325.834
3177,2.6897502,5328.524
3178,2.691846,5331.216
3179,2.6949239,5333.9106
3180,2.6967952,5336.6074
3181,2.698397,5339.3057
3182,2.6990526,5342.005
3183,2.7008998,5344.7056
3184,2.701364,5347.4067
3185,2.7006683,5350.1074
3186,2.7001624,5352.8076
3187,2.6997063,5355.5073
3188,2.6977463,5358.205
3189,2.6967745,5360.902
3190,2.6966655,5363.5986
3191,2.6980236,5366.297
3192,2.6982105,5368.995
3193,2.6975722,5371.693
3194,2.6973271,5374.39
3195,2.6973007,5377.0874
3196,2.698634,5379.786
3197,2.6980429,5382.4844
3198,2.6952596,5385.1797
3199,2.6931207,5387.873
3200,2.692196,5390.5654
3201,2.6909363,5393.2563
3202,2.6910224,5395.9473
3203,2.6905782,5398.6377
3204,2.6913216,5401.329
3205,2.693774,5404.023
3206,2.696245,5406.719
3207,2.6970541,5409.4165
3208,2.6934643,5412.11
3209,2.6880188,5414.798
3210,2.6818197,5417.4795
3211,2.6760483,5420.156
3212,2.6750302,5422.8306
3213,2.6762476,5425.507
3214,2.6752515,5428.182
3215,2.6733937,5430.8555
3216,2.6718276,5433.5273
3217,2.6701922,5436.1978
3218,2.6676886,5438.865
3219,2.666235,5441.5312
3220,2.6660082,5444.1973
3221,2.666028,5446.8633
3222,2.6653278,5449.529
3223,2.664446,5452.1934
3224,2.66501,5454.8584
3225,2.6641839,5457.5225
3226,2.6627223,5460.185
3227,2.6619806,5462.847
3228,2.6624963,5465.51
3229,2.662021,5468.172
3230,2.6624544,5470.8345
3231,2.6620746,5473.4966
3232,2.661613,5476.158
3233,2.6602967,5478.8184
3234,2.6593246,5481.4775
3235,2.6599526,5484.1377
3236,2.6610026,5486.799
3237,2.6641312,5489.463
3238,2.6689239,5492.132
3239,2.67516,5494.807
3240,2.6781938,5497.4854
3241,2.6798663,5500.165
3242,2.680843,5502.8457
3243,2.6797578,5505.5254
3244,2.6793756,5508.2046
3245,2.6786842,5510.8833
3246,2.6797702,5513.563
3247,2.6829195,5516.246
3248,2.6844573,5518.9307
3249,2.6864376,5521.617
3250,2.6883538,5524.3057
3251,2.691441,5526.997
3252,2.6945043,5529.6914
3253,2.6964045,5532.3877
3254,2.696891,5535.0845
3255,2.6975985,5537.782
3256,2.699971,5540.4824
3257,2.702471,5543.185
3258,2.7027678,5545.8877
3259,2.7020442,5548.59
3260,2.6994379,5551.289
3261,2.6960974,5553.9854
3262,2.6922662,5556.6777
3263,2.6886694,5559.366
3264,2.6872623,5562.0537
3265,2.6864681,5564.74
3266,2.68568,5567.426
3267,2.6835713,5570.1094
3268,2.6815252,5572.791
3269,2.680513,5575.4717
3270,2.6819415,5578.154
3271,2.6834915,5580.8374
3272,2.6852837,5583.5225
3273,2.6852279,5586.2075
3274,2.6824574,5588.89
3275,2.6796792,5591.57
3276,2.6781726,5594.248
3277,2.6776564,5596.926
3278,2.6784222,5599.604
3279,2.6803863,5602.284
3280,2.6829019,5604.9673
3281,2.684635,5607.652
3282,2.688516,5610.3403
3283,2.691143,5613.0312
3284,2.6914904,5615.7227
3285,2.6916404,5618.414
3286,2.6926327,5621.107
3287,2.6954,5623.8022
3288,2.6981485,5626.5005
3289,2.7000878,5629.2007
3290,2.7007442,5631.9014
3291,2.7022128,5634.6035
3292,2.7036338,5637.307
3293,2.704342,5640.011
3294,2.7057245,5642.717
3295,2.7059958,5645.423
3296,2.703459,5648.1265
3297,2.7010257,5650.8276
3298,2.7031198,5653.531
3299,2.7077184,5656.2383
3300,2.7121432,5658.95
3301,2.7150226,5661.665
3302,2.7171063,5664.3823
3303,2.719572,5667.102
3304,2.7229223,5669.825
3305,2.7262328,5672.5513
3306,2.7249517,5675.2764
3307,2.72185,5677.998
3308,2.7189803,5680.717
3309,2.716145,5683.433
3310,2.7154803,5686.1484
3311,2.715922,5688.8643
3312,2.7152681,5691.5796
3313,2.712678,5694.2925
3314,2.7106812,5697.003
3315,2.7092052,5699.712
3316,2.710071,5702.422
3317,2.7130046,5705.135
3318,2.7148993,5707.8496
3319,2.714345,5710.564
3320,2.7090726,5713.273
3321,2.701288,5715.974
3322,2.693744,5718.668
3323,2.6877956,5721.356
3324,2.6852455,5724.041
3325,2.6834917,5726.7246
3326,2.6811972,5729.406
3327,2.6805408,5732.0864
3328,2.6811996,5734.7676
3329,2.681597,5737.449
3330,2.6834776,5740.133
3331,2.6873147,5742.8203
3332,2.6903796,5745.5107
3333,2.6906009,5748.201
3334,2.687231,5750.888
3335,2.6833315,5753.5713
3336,2.679626,5756.251
3337,2.6778023,5758.9287
3338,2.6765761,5761.6055
3339,2.6725323,5764.278
3340,2.6687918,5766.947
3341,2.6647077,5769.6113
3342,2.6631517,5772.2744
3343,2.661445,5774.936
3344,2.6610644,5777.597
3345,2.6615415,5780.259
3346,2.6648805,5782.924
3347,2.6698291,5785.5938
3348,2.6766684,5788.2705
3349,2.683896,5790.9546
3350,2.6916301,5793.646
3351,2.700262,5796.346
3352,2.709571,5799.0557
3353,2.7192898,5801.775
3354,2.7298508,5804.505
3355,2.740404,5807.245
3356,2.753263,5809.9985
3357,2.7656963,5812.764
3358,2.78136,5815.5454
3359,2.7963262,5818.342
3360,2.8095083,5821.1514
3361,2.821029,5823.972
3362,2.8313155,5826.8037
3363,2.8398638,5829.6436
3364,2.8482702,5832.4917
3365,2.8558035,5835.3477
3366,2.8612964,5838.209
3367,2.8650696,5841.074
3368,2.8678482,5843.942
3369,2.8697717,5846.8115
3370,2.8715906,5849.683
3371,2.872897,5852.556
3372,2.8738217,5855.43
3373,2.8743336,5858.3047
3374,2.8739853,5861.1787
3375,2.8736382,5864.0522
3376,2.8735514,5866.926
3377,2.8734143,5869.7993
3378,2.8726077,5872.672
3379,2.8713923,5875.5435
3380,2.8697414,5878.413
3381,2.868536,5881.2817
3382,2.8671222,5884.149
3383,2.8659096,5887.0146
3384,2.8647082,5889.8794
3385,2.8641827,5892.7437
3386,2.8635683,5895.6074
3387,2.8623383,5898.4697
3388,2.8614962,5901.331
3389,2.8613162,5904.1924
3390,2.8620782,5907.0547
3391,2.8639345,5909.9185
3392,2.8673346,5912.7856
3393,2.873792,5915.6597
3394,2.8835092,5918.543
3395,2.8928282,5921.436
3396,2.899677,5924.336
3397,2.905033,5927.241
3398,2.9093838,5930.1504
3399,2.9131317,5933.0635
3400,2.916246,5935.9795
3401,2.9187062,5938.8984
3402,2.9200165,5941.8184
3403,2.9206498,5944.739
3404,2.9204838,5947.659
3405,2.9197252,5950.579
3406,2.9180162,5953.497
3407,2.9158316,5956.413
3408,2.9132507,5959.326
3409,2.9109862,5962.2373
3410,2.9085042,5965.146
3411,2.9062865,5968.0522
3412,2.9043984,5970.9565
3413,2.9032326,5973.86
3414,2.9026272,5976.7627
3415,2.9022558,5979.665
3416,2.901713,5982.567
3417,2.900619,5985.4673
3418,2.8990304,5988.366
3419,2.896853,5991.263
3420,2.8961074,5994.159
3421,2.8956783,5997.0547
3422,2.8967416,5999.9517
3423,2.8975103,6002.849
3424,2.9010117,6005.75
3425,2.902437,6008.6523
3426,2.9044158,6011.5566
3427,2.9027066,6014.4595
3428,2.9033747,6017.363
3429,2.9030414,6020.2656
3430,2.9088247,6023.1743
3431,2.9133127,6026.0874
3432,2.9224951,6029.01
3433,2.9269943,6031.9365
3434,2.930075,6034.8667
3435,2.9306471,6037.7974
3436,2.9290307,6040.7266
3437,2.9274948,6043.6543
3438,2.9251711,6046.5796
3439,2.9235692,6049.503
3440,2.9215753,6052.4243
3441,2.9202569,6055.3447
3442,2.9189217,6058.2637
3443,2.9187615,6061.1826
3444,2.9185266,6064.101
3445,2.9189713,6067.02
3446,2.9182673,6069.9385
3447,2.9174225,6072.856
3448,2.9161685,6075.772
3449,2.9158647,6078.688
3450,2.9152727,6081.603
3451,2.9152439,6084.518
3452,2.9144506,6087.4326
3453,2.9135776,6090.346
3454,2.91234,6093.2583
3455,2.9111333,6096.1694
3456,2.9097183,6099.079
3457,2.90866,6101.988
3458,2.907421,6104.895
3459,2.9062684,6107.8013
3460,2.904731,6110.706
3461,2.903506,6113.6094
3462,2.9022481,6116.5117
3463,2.9017496,6119.4136
3464,2.9007988,6122.3145
3465,2.9004283,6125.215
3466,2.8998775,6128.1147
3467,2.8993993,6131.014
3468,2.898505,6133.9126
3469,2.8977895,6136.8105
3470,2.89673,6139.7075
3471,2.895682,6142.603
3472,2.8942678,6145.497
3473,2.8928626,6148.39
3474,2.8912542,6151.2812
3475,2.8899066,6154.1714
3476,2.8885007,6157.06
3477,2.8878245,6159.9478
3478,2.8874807,6162.8354
3479,2.887531,6165.723
3480,2.8877428,6168.611
3481,2.8889606,6171.5
3482,2.8902652,6174.39
3483,2.8914702,6177.2817
3484,2.891811,6180.1733
3485,2.8915033,6183.065
3486,2.8910272,6185.956
3487,2.8910525,6188.847
3488,2.891196,6191.7383
3489,2.8913355,6194.6294
3490,2.8911016,6197.5205
3491,2.8908327,6200.411
3492,2.890571,6203.302
3493,2.8908484,6206.1924
3494,2.891251,6209.0835
3495,2.8917847,6211.975
3496,2.8919046,6214.867
3497,2.8921053,6217.7593
3498,2.8922832,6220.6514
3499,2.8918622,6223.5435
3500,2.8913782,6226.435
3501,2.8914464,6229.3267
3502,2.8924181,6232.219
3503,2.8939397,6235.1133
3504,2.8953104,6238.009
3505,2.8961606,6240.905
3506,2.8965216,6243.8013
3507,2.8966665,6246.6978
3508,2.8969367,6249.5947
3509,2.8974893,6252.492
3510,2.8980124,6255.39
3511,2.8983948,6258.2886
3512,2.8988602,6261.1875
3513,2.8988707,6264.0864
3514,2.8990402,6266.9854
3515,2.899345,6269.885
3516,2.8994482,6272.784
3517,2.8994358,6275.6836
3518,2.8994777,6278.583
3519,2.8995066,6281.4824
3520,2.8997698,6284.3823
3521,2.9001515,6287.2827
3522,2.8994915,6290.182
3523,2.8985748,6293.0806
3524,2.898012,6295.9785
3525,2.8973398,6298.876
3526,2.896878,6301.773
3527,2.8967571,6304.67
3528,2.8967888,6307.567
3529,2.8974195,6310.4644
3530,2.8984246,6313.363
3531,2.899461,6316.262
3532,2.900099,6319.162
3533,2.9008179,6322.063
3534,2.901719,6324.965
3535,2.9020505,6327.8667
3536,2.9022958,6330.769
3537,2.9029663,6333.672
3538,2.9032445,6336.575
3539,2.9031987,6339.4785
3540,2.9038763,6342.3823
3541,2.9044278,6345.2866
3542,2.9052413,6348.192
3543,2.9057765,6351.0977
3544,2.906159,6354.004
3545,2.9068184,6356.9106
3546,2.9079592,6359.819
3547,2.9021878,6362.721
3548,2.870489,6365.592
3549,2.856612,6368.448
3550,2.8576217,6371.3057
3551,2.8655648,6374.1714
3552,2.8736403,6377.045
3553,2.8812668,6379.9263
3554,2.8897107,6382.816
3555,2.8973522,6385.7134
3556,2.906501,6388.62
3557,2.9148486,6391.535
3558,2.9241748,6394.4595
3559,2.9322832,6397.3916
3560,2.940333,6400.332
3561,2.9473126,6403.2793
3562,2.9563243,6406.236
3563,2.9680486,6409.204
3564,2.9840198,6412.188
3565,3.0015283,6415.1895
3566,3.0198255,6418.2095
3567,3.036472,6421.246
3568,3.051918,6424.298
3569,3.0657601,6427.364
3570,3.0782073,6430.442
3571,3.088277,6433.5303
3572,3.0966449,6436.627
3573,3.1033993,6439.7305
3574,3.110124,6442.841
3575,3.1162364,6445.957
3576,3.1224954,6449.0796
3577,3.1283443,6452.208
3578,3.134828,6455.343
3579,3.141012,6458.484
3580,3.1471744,6461.631
3581,3.152284,6464.783
3582,3.157486,6467.941
3583,3.1618745,6471.103
3584,3.1666274,6474.2695
3585,3.170573,6477.44
3586,3.1745965,6480.6147
3587,3.1774764,6483.792
3588,3.180567,6486.9727
3589,3.182637,6490.1553
3590,3.185328,6493.341
3591,3.186927,6496.528
3592,3.188659,6499.7163
3593,3.190005,6502.9062
3594,3.191903,6506.098
3595,3.1925836,6509.2905
3596,3.1927583,6512.4834
3597,3.191026,6515.6743
3598,3.187252,6518.8613
3599,3.180528,6522.042
3600,3.1742153,6525.2163
3601,3.165973,6528.3823
3602,3.1596308,6531.542
3603,3.150938,6534.693
3604,3.144563,6537.8374
3605,3.1355243,6540.973
3606,3.1288893,6544.102
3607,3.1204212,6547.2227
3608,3.1140146,6550.337
3609,3.1053607,6553.4424
3610,3.0990038,6556.5415
3611,3.0916736,6559.6333
3612,3.085919,6562.719
3613,3.0802333,6565.7993
3614,3.0752645,6568.8745
3615,3.070392,6571.945
3616,3.0658662,6575.0107
3617,3.0619073,6578.0728
3618,3.0584636,6581.1313
3619,3.055647,6584.187
3620,3.0531006,6587.24
3621,3.0515714,6590.292
3622,3.050742,6593.343
3623,3.050471,6596.393
3624,3.0496686,6599.443
3625,3.0505376,6602.4937
3626,3.0548472,6605.5483
3627,3.0606487,6608.609
3628,3.0677185,6611.677
3629,3.0749822,6614.752
3630,3.0832703,6617.8354
3631,3.0927627,6620.928
3632,3.1028235,6624.0312
3633,3.1133444,6627.1445
3634,3.123242,6630.2676
3635,3.1340125,6633.4014
3636,3.144001,6636.5454
3637,3.1541781,6639.6997
3638,3.1630952,6642.863
3639,3.172731,6646.0356
3640,3.1809468,6649.217
3641,3.1892998,6652.4062
3642,3.1959622,6655.602
3643,3.2022371,6658.804
3644,3.2067635,6662.0107
3645,3.2109735,6665.2217
3646,3.2126808,6668.4346
3647,3.2138278,6671.6484
3648,3.2128365,6674.8613
3649,3.2124226,6678.0737
3650,3.2111528,6681.2847
3651,3.2098618,6684.4946
3652,3.2077022,6687.702
3653,3.2066216,6690.9087
3654,3.204991,6694.114
3655,3.2039082,6697.318
3656,3.2007983,6700.5186
3657,3.1977727,6703.7163
3658,3.1932771,6706.9097
3659,3.1892781,6710.099
3660,3.184551,6713.2837
3661,3.1804552,6716.4644
3662,3.1752026,6719.6396
3663,3.1702847,6722.81
3664,3.165037,6725.975
3665,3.1611342,6729.136
3666,3.1574752,6732.294
3667,3.1540725,6735.448
3668,3.1496603,6738.598
3669,3.1460521,6741.744
3670,3.142509,6744.8867
3671,3.1401825,6748.027
3672,3.1377697,6751.1646
3673,3.1357317,6754.3003
3674,3.133434,6757.4336
3675,3.1315145,6760.565
3676,3.1339989,6763.6987
3677,3.1385188,6766.8374
3678,3.1450787,6769.9824
3679,3.1523502,6773.135
3680,3.1600087,6776.295
3681,3.1674132,6779.4624
3682,3.174161,6782.6367
3683,3.180164,6785.817
3684,3.184246,6789.001
3685,3.1875122,6792.1885
3686,3.1894567,6795.378
3687,3.1917648,6798.57
3688,3.195004,6801.7646
3689,3.1992483,6804.964
3690,3.2045715,6808.1685
3691,3.2113564,6811.38
3692,3.2191212,6814.599
3693,3.2257276,6817.8247
3694,3.232529,6821.057
3695,3.2377293,6824.295
3696,3.242792,6827.5376
3697,3.2471337,6830.7847
3698,3.2505224,6834.035
3699,3.2529619,6837.288
3700,3.2553136,6840.5435
3701,3.258005,6843.8013
3702,3.2608905,6847.062
3703,3.2638118,6850.3257
3704,3.2652495,6853.591
3705,3.267192,6856.858
3706,3.2683563,6860.1265
3707,3.2696555,6863.396
3708,3.2689946,6866.665
3709,3.2696037,6869.9346
3710,3.268672,6873.203
3711,3.2670941,6876.47
3712,3.2632837,6879.7334
3713,3.260062,6882.9937
3714,3.2558272,6886.2495
3715,3.2519886,6889.5015
3716,3.248515,6892.75
3717,3.2457864,6895.9956
3718,3.242556,6899.2383
3719,3.2391808,6902.4775
3720,3.2350662,6905.7124
3721,3.2311745,6908.9434
3722,3.2263,6912.1694
3723,3.2219658,6915.3916
3724,3.2173243,6918.609
3725,3.2117832,6921.821
3726,3.2061026,6925.027
3727,3.1988094,6928.2256
3728,3.1913903,6931.417
3729,3.1841626,6934.601
3730,3.177581,6937.779
3731,3.169642,6940.948
3732,3.1618078,6944.11
3733,3.152807,6947.2627
3734,3.1450474,6950.4077
3735,3.135872,6953.5435
3736,3.1286125,6956.672
3737,3.1214645,6959.7935
3738,3.1134024,6962.9067
3739,3.1028836,6966.01
3740,3.091562,6969.1016
3741,3.0796442,6972.181
3742,3.0661714,6975.2476
3743,3.0551782,6978.3027
3744,3.0445166,6981.347
3745,3.0350387,6984.3823
3746,3.0223358,6987.405
3747,3.011951,6990.4165
3748,3.0007074,6993.417
3749,2.9874544,6996.4043
3750,2.9740496,6999.3784
3751,2.9676068,7002.346
3752,2.9627974,7005.309
3753,2.9574053,7008.2666
3754,2.9512007,7011.218
3755,2.9484158,7014.166
3756,2.9443853,7017.1104
3757,2.9393265,7020.05
3758,2.933532,7022.9834
3759,2.9285216,7025.912
3760,2.922507,7028.8345
3761,2.9178455,7031.7524
3762,2.917352,7034.67
3763,2.9197524,7037.59
3764,2.9207406,7040.5107
3765,2.9233797,7043.434
3766,2.9218419,7046.356
3767,2.9194248,7049.2754
3768,2.9146037,7052.19
3769,2.9096782,7055.0996
3770,2.9055474,7058.0054
3771,2.902528,7060.9077
3772,2.9033656,7063.811
3773,2.9056685,7066.717
3774,2.906747,7069.6235
3775,2.906437,7072.53
3776,2.905286,7075.435
3777,2.9036222,7078.339
3778,2.9020238,7081.2407
3779,2.9018002,7084.1426
3780,2.9034708,7087.046
3781,2.9065006,7089.9526
3782,2.9096825,7092.8623
3783,2.9132657,7095.7754
3784,2.9169981,7098.6924
3785,2.921049,7101.6133
3786,2.9228127,7104.536
3787,2.9229445,7107.459
3788,2.924683,7110.384
3789,2.9280972,7113.312
3790,2.9324276,7116.2446
3791,2.9360082,7119.1807
3792,2.9385605,7122.119
3793,2.941598,7125.0605
3794,2.9442043,7128.005
3795,2.945811,7130.9507
3796,2.949035,7133.9
3797,2.9546466,7136.8545
3798,2.9597218,7139.8145
3799,2.962084,7142.7764
3800,2.9623444,7145.739
3801,2.9614751,7148.7
3802,2.9610424,7151.661
3803,2.9597652,7154.621
3804,2.9596276,7157.5806
3805,2.959022,7160.5396
3806,2.9591892,7163.4985
3807,2.9588747,7166.4575
3808,2.9569845,7169.4146
3809,2.9551816,7172.3696
3810,2.95392,7175.3237
3811,2.9515047,7178.2754
3812,2.9486067,7181.224
3813,2.9446673,7184.169
3814,2.9421387,7187.1113
3815,2.9400759,7190.0513
3816,2.9385762,7192.9897
3817,2.9364812,7195.9263
3818,2.9342504,7198.8604
3819,2.930988,7201.7915
3820,2.9288886,7204.72
3821,2.9277434,7207.648
3822,2.9276493,7210.5757
3823,2.9280515,7213.504
3824,2.9290826,7216.433
3825,2.9297073,7219.363
3826,2.9304156,7222.293
3827,2.9301033,7225.223
3828,2.9301894,7228.1533
3829,2.930103,7231.0835
3830,2.9296794,7234.013
3831,2.9285455,7236.942
3832,2.9283452,7239.87
3833,2.927922,7242.798
3834,2.9276626,7245.7256
3835,2.9272203,7248.653
3836,2.9280565,7251.581
3837,2.9293196,7254.5103
3838,2.9315617,7257.442
3839,2.9338923,7260.376
3840,2.935775,7263.3115
3841,2.9372215,7266.2485
3842,2.9382617,7269.187
3843,2.939323,7272.1265
3844,2.9407897,7275.0674
3845,2.9417467,7278.0093
3846,2.9432929,7280.9526
3847,2.9441986,7283.897
3848,2.9451733,7286.8423
3849,2.9460924,7289.7886
3850,2.9471354,7292.736
3851,2.9489639,7295.6846
3852,2.9512353,7298.6357
3853,2.9537778,7301.5894
3854,2.956018,7304.5454
3855,2.957818,7307.5034
3856,2.9592824,7310.463
3857,2.9607046,7313.424
3858,2.9618542,7316.3857
3859,2.9621902,7319.348
3860,2.963522,7322.3115
3861,2.9643724,7325.276
3862,2.9650445,7328.2407
3863,2.9647331,7331.2056
3864,2.965221,7334.171
3865,2.965713,7337.1367
3866,2.9676058,7340.1045
3867,2.9682903,7343.0728
3868,2.96857,7346.0415
3869,2.967727,7349.0093
3870,2.9672472,7351.9766
3871,2.9673827,7354.944
3872,2.9682457,7357.912
3873,2.968277,7360.8804
3874,2.9682477,7363.8486
3875,2.9681225,7366.817
3876,2.9683678,7369.785
3877,2.968466,7372.7534
3878,2.9697409,7375.723
3879,2.9706903,7378.694
3880,2.9722562,7381.666
3881,2.9731462,7384.639
3882,2.9749465,7387.6143
3883,2.9761167,7390.5903
3884,2.977548,7393.568
3885,2.9786117,7396.5464
3886,2.97962,7399.526
3887,2.9787912,7402.505
3888,2.9775915,7405.4824
3889,2.9762971,7408.4585
3890,2.975956,7411.4346
3891,2.9758446,7414.4106
3892,2.9756887,7417.386
3893,2.9745255,7420.361
3894,2.9730012,7423.334
3895,2.9721649,7426.306
3896,2.9719553,7429.2783
3897,2.9714708,7432.25
3898,2.9707131,7435.2207
3899,2.9698584,7438.1904
3900,2.9689379,7441.159
3901,2.9685385,7444.128
3902,2.968807,7447.0967
3903,2.968939,7450.0654
3904,2.9694357,7453.0347
3905,2.9696846,7456.0044
3906,2.9689708,7458.973
3907,2.9673138,7461.9404
3908,2.9657888,7464.9062
3909,2.9641964,7467.8706
3910,2.9632645,7470.834
3911,2.9624965,7473.7964
3912,2.9616747,7476.7583
3913,2.9611328,7479.719
3914,2.9607043,7482.68
3915,2.9602013,7485.64
3916,2.959898,7488.6
3917,2.9594088,7491.5596
3918,2.9593496,7494.519
3919,2.9595437,7497.4785
3920,2.9595437,7500.438
3921,2.9592876,7503.3975
3922,2.9588819,7506.3564
3923,2.95803,7509.3145
3924,2.9570453,7512.2715
3925,2.955368,7515.227
3926,2.9541616,7518.181
3927,2.9529605,7521.1343
3928,2.952856,7524.087
3929,2.9535477,7527.0405
3930,2.9547627,7529.995
3931,2.95619,7532.951
3932,2.9570785,7535.908
3933,2.9570074,7538.865
3934,2.957339,7541.8228
3935,2.9577494,7544.7803
3936,2.9588797,7547.7393
3937,2.9603026,7550.6997
3938,2.9614584,7553.661
3939,2.9625177,7556.6235
3940,2.9629838,7559.5864
3941,2.963283,7562.55
3942,2.9632285,7565.513
3943,2.9636202,7568.4766
3944,2.9635973,7571.44
3945,2.9636083,7574.4033
3946,2.9636285,7577.367
3947,2.96448,7580.3315
3948,2.9655035,7583.297
3949,2.9667327,7586.2637
3950,2.9676354,7589.2314
3951,2.9681957,7592.1997
3952,2.9677072,7595.1675
3953,2.9670382,7598.1343
3954,2.9666224,7601.101
3955,2.9673507,7604.0684
3956,2.9681149,7607.0366
3957,2.9684103,7610.005
3958,2.9688072,7612.9736
3959,2.9689713,7615.9424
3960,2.9695864,7618.912
3961,2.9702609,7621.8823
3962,2.9706292,7624.853
3963,2.970792,7627.8237
3964,2.970858,7630.7944
3965,2.97064,7633.765
3966,2.970654,7636.736
3967,2.971004,7639.707
3968,2.971035,7642.678
3969,2.9701576,7645.6484
3970,2.9693696,7648.6177
3971,2.9688072,7651.5864
3972,2.9684825,7654.5547
3973,2.9680562,7657.523
3974,2.96738,7660.49
3975,2.9669137,7663.457
3976,2.9661407,7666.4233
3977,2.9651284,7669.3887
3978,2.9649181,7672.3535
3979,2.964588,7675.318
3980,2.9643896,7678.282
3981,2.9640622,7681.246
3982,2.964199,7684.2104
3983,2.9639993,7687.1743
3984,2.9638638,7690.138
3985,2.9643364,7693.1025
3986,2.9647052,7696.0674
3987,2.9651375,7699.0327
3988,2.96488,7701.9976
3989,2.965305,7704.963
3990,2.9661727,7707.929
3991,2.9677036,7710.897
3992,2.9687161,7713.8657
3993,2.9700139,7716.836
3994,2.971309,7719.807
3995,2.971839,7722.779
3996,2.9724019,7725.751
3997,2.9720807,7728.723
3998,2.9720552,7731.6953
3999,2.97266,7734.668
4000,2.9723055,7737.64
4001,2.971563,7740.612
4002,2.9705486,7743.5825
4003,2.9697816,7746.5522
4004,2.9691234,7749.5215
4005,2.968737,7752.49
4006,2.968764,7755.459
4007,2.9690208,7758.428
4008,2.9698107,7761.398
4009,2.9701827,7764.368
4010,2.9704516,7767.3384
4011,2.9708743,7770.309
4012,2.9718769,7773.281
4013,2.973356,7776.254
4014,2.9741592,7779.228
4015,2.9746442,7782.2026
4016,2.9749765,7785.1777
4017,2.975074,7788.153
4018,2.974928,7791.128
4019,2.9747586,7794.1025
4020,2.9743361,7797.0767
4021,2.9738944,7800.051
4022,2.9737406,7803.0244
4023,2.9733849,7805.9976
4024,2.9737737,7808.971
4025,2.9744864,7811.946
4026,2.9743035,7814.92
4027,2.974024,7817.894
4028,2.973793,7820.8677
4029,2.9736638,7823.8413
4030,2.9739776,7826.8154
4031,2.973948,7829.7896
4032,2.9732432,7832.7627
4033,2.972175,7835.735
4034,2.9710338,7838.706
4035,2.9701605,7841.6763
4036,2.9695282,7844.646
4037,2.969482,7847.615
4038,2.969682,7850.585
4039,2.9703653,7853.555
4040,2.970853,7856.526
4041,2.971726,7859.4976
4042,2.9730039,7862.4707
4043,2.9737837,7865.4443
4044,2.9744122,7868.419
4045,2.975382,7871.3945
4046,2.97625,7874.3706
4047,2.9767601,7877.347
4048,2.9771302,7880.324
4049,2.977628,7883.302
4050,2.9775915,7886.2793
4051,2.977194,7889.2563
4052,2.976454,7892.233
4053,2.9757571,7895.2085
4054,2.975121,7898.1836
4055,2.9752145,7901.1587
4056,2.975109,7904.134
4057,2.9740593,7907.108
4058,2.9729018,7910.081
4059,2.9717145,7913.0527
4060,2.9709792,7916.024
4061,2.9706826,7918.9946
4062,2.969996,7921.965
4063,2.9690316,7924.934
4064,2.968436,7927.9023
4065,2.9672847,7930.8696
4066,2.966496,7933.836
4067,2.9658022,7936.802
4068,2.965715,7939.7676
4069,2.965381,7942.733
4070,2.964759,7945.6978
4071,2.9638956,7948.6616
4072,2.9641063,7951.6255
4073,2.9643035,7954.59
4074,2.9641402,7957.554
4075,2.9639113,7960.518
4076,2.9646032,7963.483
4077,2.9651992,7966.448
4078,2.9655583,7969.4136
4079,2.965419,7972.379
4080,2.9648516,7975.3438
4081,2.9641824,7978.308
4082,2.9637015,7981.272
4083,2.9632547,7984.2354
4084,2.9626641,7987.198
4085,2.9624429,7990.1606
4086,2.9621022,7993.1226
4087,2.9613085,7996.084
4088,2.9602327,7999.0444
4089,2.9585373,8002.003
4090,2.957082,8004.96
4091,2.955706,8007.9155
4092,2.9547079,8010.87
4093,2.9537103,8013.8237
4094,2.95316,8016.777
4095,2.9526763,8019.7295
4096,2.9524257,8022.682
4097,2.9528682,8025.635
4098,2.9534872,8028.5884
4099,2.953652,8031.542
4100,2.9533803,8034.4956
4101,2.9532976,8037.4487
4102,2.9527512,8040.4014
4103,2.952048,8043.3535
4104,2.951152,8046.3047
4105,2.9497716,8049.2544
4106,2.9489532,8052.203
4107,2.948588,8055.152
4108,2.948489,8058.1006
4109,2.9480164,8061.049
4110,2.9472117,8063.996
4111,2.947076,8066.9434
4112,2.9470935,8069.8906
4113,2.94741,8072.838
4114,2.9474885,8075.785
4115,2.948151,8078.7334
4116,2.947874,8081.681
4117,2.947363,8084.6284
4118,2.9459276,8087.574
4119,2.9445012,8090.5186
4120,2.9434881,8093.462
4121,2.9433064,8096.4053
4122,2.9431288,8099.3486
4123,2.9433224,8102.292
4124,2.942803,8105.235
4125,2.9419403,8108.177
4126,2.9410338,8111.1177
4127,2.940383,8114.058
4128,2.9403536,8116.9985
4129,2.9395726,8119.938
4130,2.9393544,8122.8774
4131,2.9388492,8125.8164
4132,2.9390323,8128.7554
4133,2.9400573,8131.6953
4134,2.9413006,8134.6367
4135,2.942644,8137.5796
4136,2.943415,8140.523
4137,2.943683,8143.467
4138,2.943816,8146.4106
4139,2.944213,8149.355
4140,2.9453647,8152.3003
4141,2.9475942,8155.248
4142,2.949947,8158.1978
4143,2.9520583,8161.15
4144,2.9529476,8164.103
4145,2.9532626,8167.056
4146,2.9526248,8170.009
4147,2.9525087,8172.9614
4148,2.9520905,8175.9136
4149,2.9518206,8178.865
4150,2.9512115,8181.8164
4151,2.9504747,8184.767
4152,2.950433,8187.7173
4153,2.9498646,8190.667
4154,2.949521,8193.616
4155,2.9495523,8196.565
4156,2.9502587,8199.516
4157,2.9512167,8202.467
4158,2.951618,8205.418
4159,2.9510415,8208.369
4160,2.9502296,8211.319
4161,2.9507449,8214.2705
4162,2.9518142,8217.223
4163,2.953428,8220.176
4164,2.9543786,8223.13
4165,2.9548113,8226.085
4166,2.9545424,8229.039
4167,2.953427,8231.992
4168,2.9524727,8234.944
4169,2.9508586,8237.8955
4170,2.950378,8240.846
4171,2.9499516,8243.796
4172,2.9495413,8246.745
4173,2.9487514,8249.694
4174,2.94856,8252.643
4175,2.9482224,8255.591
4176,2.9478312,8258.539
4177,2.9473073,8261.486
4178,2.9472508,8264.434
4179,2.9475894,8267.381
4180,2.9473968,8270.328
4181,2.9466934,8273.274
4182,2.9451282,8276.22
4183,2.9431598,8279.163
4184,2.9422,8282.105
4185,2.9420443,8285.048
4186,2.9426785,8287.99
4187,2.943311,8290.934
4188,2.9437137,8293.877
4189,2.9440722,8296.821
4190,2.9441643,8299.766
4191,2.9442208,8302.71
4192,2.9441676,8305.654
4193,2.944453,8308.599
4194,2.9445977,8311.543
4195,2.9438057,8314.486
4196,2.9435115,8317.43
4197,2.9432018,8320.373
4198,2.9429927,8323.316
4199,2.9424815,8326.259
4200,2.9416199,8329.2
4201,2.9407122,8332.141
4202,2.9403431,8335.081
4203,2.9410524,8338.022
4204,2.9415069,8340.964
4205,2.9421322,8343.906
4206,2.942524,8346.849
4207,2.942251,8349.791
4208,2.942148,8352.733
4209,2.9417675,8355.675
4210,2.9420419,8358.617
4211,2.9424782,8361.56
4212,2.9426405,8364.502
4213,2.942963,8367.445
4214,2.9433377,8370.389
4215,2.9440796,8373.333
4216,2.944214,8376.277
4217,2.943671,8379.221
4218,2.943442,8382.164
4219,2.9431832,8385.107
4220,2.9433315,8388.051
4221,2.943621,8390.994
4222,2.9435668,8393.9375
4223,2.943232,8396.881
4224,2.943126,8399.824
4225,2.9439957,8402.769
4226,2.9451234,8405.714
4227,2.9458947,8408.66
4228,2.9462247,8411.606
4229,2.946116,8414.553
4230,2.9456592,8417.498
4231,2.945134,8420.443
4232,2.9447818,8423.388
4233,2.9447277,8426.332
4234,2.9446275,8429.276
4235,2.9444928,8432.221
4236,2.9439733,8435.165
4237,2.9428062,8438.107
4238,2.9421463,8441.05
4239,2.9423249,8443.992
4240,2.9430416,8446.936
4241,2.9447646,8449.88
4242,2.946276,8452.826
4243,2.9470599,8455.773
4244,2.9482758,8458.722
4245,2.9499707,8461.672
4246,2.9506612,8464.622
4247,2.9506924,8467.573
4248,2.9503815,8470.523
4249,2.9498534,8473.474
4250,2.9493062,8476.423
4251,2.9490566,8479.372
4252,2.9489791,8482.321
4253,2.948817,8485.2705
4254,2.9484797,8488.219
4255,2.948078,8491.167
4256,2.9479942,8494.115
4257,2.9481118,8497.063
4258,2.9477544,8500.012
4259,2.9472702,8502.959
4260,2.947064,8505.906
4261,2.9470434,8508.854
4262,2.9468448,8511.801
4263,2.9468496,8514.748
4264,2.9467895,8517.695
4265,2.9462726,8520.642
4266,2.9457269,8523.587
4267,2.9446511,8526.531
4268,2.9436836,8529.475
4269,2.9430678,8532.418
4270,2.942506,8535.36
4271,2.9413846,8538.302
4272,2.939871,8541.241
4273,2.9383416,8544.18
4274,2.937021,8547.117
4275,2.9359653,8550.053
4276,2.935862,8552.988
4277,2.9364166,8555.925
4278,2.9371395,8558.862
4279,2.9381654,8561.801
4280,2.9389663,8564.74
4281,2.938945,8567.679
4282,2.9389212,8570.617
4283,2.9387724,8573.556
4284,2.9389932,8576.495
4285,2.938671,8579.434
4286,2.9386187,8582.372
4287,2.9380987,8585.311
4288,2.937572,8588.248
4289,2.937762,8591.186
4290,2.9381,8594.124
4291,2.9387238,8597.0625
4292,2.9393117,8600.002
4293,2.9405305,8602.942
4294,2.9412494,8605.884
4295,2.9422657,8608.826
4296,2.9427783,8611.769
4297,2.9434977,8614.712
4298,2.943872,8617.656
4299,2.9446294,8620.601
4300,2.9448092,8623.545
4301,2.94479,8626.489
4302,2.9441469,8629.434
4303,2.943216,8632.377
4304,2.942468,8635.319
4305,2.9417627,8638.261
4306,2.9414392,8641.202
4307,2.9413793,8644.144
4308,2.9415605,8647.085
4309,2.942355,8650.027
4310,2.9435365,8652.971
4311,2.9452405,8655.916
4312,2.946774,8658.862
4313,2.9478402,8661.811
4314,2.9480941,8664.759
4315,2.9484422,8667.707
4316,2.9493484,8670.656
4317,2.9500535,8673.606
4318,2.9510372,8676.558
4319,2.951246,8679.509
4320,2.9516113,8682.46
4321,2.9512691,8685.411
4322,2.9510305,8688.362
4323,2.9510992,8691.313
4324,2.9511495,8694.265
4325,2.9512613,8697.216
4326,2.9508426,8700.167
4327,2.9510405,8703.118
4328,2.950384,8706.068
4329,2.9496648,8709.018
4330,2.9495842,8711.967
4331,2.948599,8714.915
4332,2.9474905,8717.862
4333,2.946745,8720.809
4334,2.946435,8723.755
4335,2.946396,8726.701
4336,2.946802,8729.648
4337,2.947292,8732.596
4338,2.947713,8735.543
4339,2.9485352,8738.491
4340,2.9496856,8741.44
4341,2.951336,8744.392
4342,2.9525795,8747.344
4343,2.9536865,8750.298
4344,2.9545107,8753.252
4345,2.9551768,8756.207
4346,2.9558764,8759.163
4347,2.9564495,8762.119
4348,2.9577963,8765.077
4349,2.9586992,8768.036
4350,2.959798,8770.996
4351,2.960086,8773.956
4352,2.9601407,8776.916
4353,2.959608,8779.876
4354,2.9593308,8782.835
4355,2.9589086,8785.794
4356,2.9582798,8788.752
4357,2.9582398,8791.71
4358,2.9586587,8794.669
4359,2.9591296,8797.628
4360,2.9589179,8800.587
4361,2.9591959,8803.546
4362,2.9593697,8806.505
4363,2.959026,8809.464
4364,2.9580567,8812.422
4365,2.9562228,8815.378
4366,2.9548776,8818.333
4367,2.9540644,8821.287
4368,2.95423,8824.241
4369,2.9537709,8827.195
4370,2.9531472,8830.148
4371,2.952356,8833.101
4372,2.9518726,8836.053
4373,2.951303,8839.004
4374,2.9513512,8841.955
4375,2.9515972,8844.906
4376,2.951888,8847.858
4377,2.9517796,8850.811
4378,2.9507408,8853.762
4379,2.949221,8856.711
4380,2.9477913,8859.659
4381,2.9469364,8862.606
4382,2.9463768,8865.553
4383,2.9461021,8868.499
4384,2.9460266,8871.445
4385,2.9461033,8874.392
4386,2.9458122,8877.338
4387,2.9458508,8880.284
4388,2.9454863,8883.2295
4389,2.945293,8886.175
4390,2.9447434,8889.119
4391,2.944719,8892.063
4392,2.9448812,8895.009
4393,2.9447224,8897.953
4394,2.944617,8900.897
4395,2.9439178,8903.842
4396,2.9431813,8906.785
4397,2.9423337,8909.728
4398,2.9421148,8912.67
4399,2.942274,8915.612
4400,2.9425652,8918.555
4401,2.9427173,8921.497
4402,2.9428024,8924.439
4403,2.942565,8927.382
4404,2.9425256,8930.324
4405,2.9422052,8933.267
4406,2.9421523,8936.209
4407,2.94292,8939.152
4408,2.9444017,8942.097
4409,2.9461977,8945.043
4410,2.947318,8947.99
4411,2.9476264,8950.9375
4412,2.9481475,8953.886
4413,2.9484866,8956.834
4414,2.949255,8959.783
4415,2.9497533,8962.733
4416,2.9500477,8965.684
4417,2.9503992,8968.634
4418,2.9504786,8971.584
4419,2.9507241,8974.535
4420,2.9508667,8977.486
4421,2.9515069,8980.4375
4422,2.9525933,8983.39
4423,2.9536285,8986.344
4424,2.9549305,8989.299
4425,2.9556987,8992.255
4426,2.9566274,8995.212
4427,2.9575317,8998.17
4428,2.958384,9001.128
4429,2.95888,9004.087
4430,2.958865,9007.046
4431,2.958271,9010.004
4432,2.9580345,9012.962
4433,2.9583201,9015.92
4434,2.95859,9018.879
4435,2.9591417,9021.838
4436,2.9593904,9024.797
4437,2.959462,9027.756
4438,2.959277,9030.715
4439,2.9593663,9033.674
4440,2.9591777,9036.633
4441,2.9586885,9039.592
4442,2.9583917,9042.55
4443,2.9585366,9045.509
4444,2.9581254,9048.467
4445,2.9568322,9051.424
4446,2.9556782,9054.38
4447,2.9543393,9057.334
4448,2.9530208,9060.287
4449,2.9516356,9063.238
4450,2.9504538,9066.188
4451,2.9495494,9069.138
4452,2.9489949,9072.087
4453,2.948454,9075.035
4454,2.9478204,9077.983
4455,2.9470923,9080.931
4456,2.9464178,9083.877
4457,2.9458053,9086.823
4458,2.9451387,9089.769
4459,2.945051,9092.714
4460,2.945169,9095.659
4461,2.9449914,9098.6045
4462,2.944341,9101.549
4463,2.9437523,9104.492
4464,2.9428701,9107.435
4465,2.942272,9110.377
4466,2.941476,9113.318
4467,2.9412816,9116.26
4468,2.9409382,9119.201
4469,2.9405859,9122.142
4470,2.9401517,9125.082
4471,2.9400039,9128.022
4472,2.9399765,9130.963
4473,2.9407337,9133.903
4474,2.941311,9136.845
4475,2.94293,9139.788
4476,2.943874,9142.732
4477,2.946483,9145.679
4478,2.9511702,9148.63
4479,2.960457,9151.591
4480,2.9716744,9154.5625
4481,2.9861922,9157.549
4482,3.0013156,9160.55
4483,3.0154662,9163.565
4484,3.0272534,9166.593
4485,3.0359087,9169.629
4486,3.043451,9172.672
4487,3.0513246,9175.724
4488,3.0573897,9178.781
4489,3.0629318,9181.844
4490,3.0679271,9184.912
4491,3.0745907,9187.986
4492,3.0827148,9191.069
4493,3.0930545,9194.162
4494,3.1038187,9197.266
4495,3.114136,9200.38
4496,3.1246724,9203.505
4497,3.1345696,9206.64
4498,3.1435888,9209.783
4499,3.1515262,9212.935
4500,3.159974,9216.095
4501,3.1671126,9219.262
4502,3.1731339,9222.435
4503,3.1774611,9225.612
4504,3.18101,9228.793
4505,3.1833882,9231.977
4506,3.185775,9235.162
4507,3.1870208,9238.35
4508,3.1870842,9241.537
4509,3.1850824,9244.723
4510,3.1818023,9247.904
4511,3.1774514,9251.082
4512,3.1727211,9254.255
4513,3.1677334,9257.423
4514,3.1638558,9260.587
4515,3.1576734,9263.744
4516,3.1520195,9266.896
4517,3.1463342,9270.043
4518,3.142064,9273.185
4519,3.1384325,9276.323
4520,3.1361675,9279.459
4521,3.1344025,9282.594
4522,3.1389458,9285.732
4523,3.1563962,9288.889
4524,3.167777,9292.057
4525,3.1702712,9295.227
4526,3.1696675,9298.396
4527,3.1672258,9301.563
4528,3.1643841,9304.728
4529,3.1599338,9307.888
4530,3.1543145,9311.042
4531,3.1492467,9314.191
4532,3.1421325,9317.334
4533,3.120487,9320.454
4534,3.1001418,9323.555
4535,3.0796666,9326.635
4536,3.0643322,9329.699
4537,3.0498695,9332.749
4538,3.0399158,9335.789
4539,3.03155,9338.82
4540,3.0254605,9341.846
4541,3.0207808,9344.866
4542,3.0184903,9347.885
4543,3.0159621,9350.9
4544,3.0125973,9353.913
4545,3.0082235,9356.921
4546,3.002957,9359.924
4547,2.9962838,9362.92
4548,2.9899495,9365.91
4549,2.9843621,9368.895
4550,2.979848,9371.874
4551,2.9761307,9374.851
4552,2.9730175,9377.823
4553,2.9694936,9380.793
4554,2.9651382,9383.758
4555,2.9601486,9386.718
4556,2.9560862,9389.674
4557,2.9515471,9392.625
4558,2.9474916,9395.572
4559,2.9438548,9398.517
4560,2.9428754,9401.46
4561,2.9495132,9404.409
4562,2.9605193,9407.37
4563,2.9710398,9410.341
4564,2.978429,9413.319
4565,2.9846056,9416.304
4566,2.989242,9419.293
4567,2.9935503,9422.286
4568,2.9974608,9425.283
4569,3.001511,9428.285
4570,3.0047667,9431.29
4571,3.0075595,9434.298
4572,3.0094528,9437.308
4573,3.0112245,9440.318
4574,3.0126698,9443.331
4575,3.0142531,9446.346
4576,3.0155232,9449.361
4577,3.016822,9452.378
4578,3.017893,9455.3955
4579,3.0187478,9458.414
4580,3.0193331,9461.434
4581,3.0199795,9464.453
4582,3.0207264,9467.474
4583,3.0216048,9470.495
4584,3.0222454,9473.518
4585,3.022869,9476.54
4586,3.0234783,9479.563
4587,3.0238392,9482.587
4588,3.0240762,9485.611
4589,3.023831,9488.635
4590,3.0239923,9491.659
4591,3.0239575,9494.684
4592,3.02374,9497.707
4593,3.0227144,9500.7295
4594,3.0217307,9503.751
4595,3.020654,9506.771
4596,3.0200098,9509.791
4597,3.0191326,9512.811
4598,3.0178638,9515.828
4599,3.0163388,9518.845
4600,3.015051,9521.859
4601,3.013585,9524.873
4602,3.0118668,9527.885
4603,3.009788,9530.895
4604,3.0073323,9533.902
4605,3.0049694,9536.907
4606,3.0035205,9539.911
4607,3.0023391,9542.913
4608,3.001352,9545.914
4609,3.0001535,9548.914
4610,2.998608,9551.913
4611,2.9971294,9554.91
4612,2.9959176,9557.906
4613,2.9945312,9560.9
4614,2.993671,9563.895
4615,2.9930785,9566.888
4616,2.9923654,9569.88
4617,2.9912112,9572.871
4618,2.990133,9575.861
4619,2.9890454,9578.851
4620,2.9883611,9581.839
4621,2.9878757,9584.827
4622,2.9875581,9587.814
4623,2.9871008,9590.802
4624,2.9865122,9593.788
4625,2.9858806,9596.774
4626,2.9857259,9599.76
4627,2.985589,9602.745
4628,2.9856203,9605.73
4629,2.9855175,9608.716
4630,2.985046,9611.701
4631,2.9840884,9614.686
4632,2.9829595,9617.669
4633,2.98178,9620.65
4634,2.9809823,9623.632
4635,2.9800577,9626.612
4636,2.97932,9629.592
4637,2.978508,9632.57
4638,2.9780905,9635.549
4639,2.9776933,9638.526
4640,2.9775212,9641.504
4641,2.9771864,9644.481
4642,2.976784,9647.458
4643,2.9761963,9650.435
4644,2.9755938,9653.41
4645,2.9748912,9656.385
4646,2.9743915,9659.359
4647,2.9739053,9662.333
4648,2.9735894,9665.307
4649,2.97324,9668.28
4650,2.9726253,9671.253
4651,2.9719603,9674.225
4652,2.9717493,9677.196
4653,2.9717715,9680.168
4654,2.9719708,9683.14
4655,2.9719086,9686.111
4656,2.9716637,9689.083
4657,2.9713888,9692.055
4658,2.9712114,9695.026
4659,2.971054,9697.997
4660,2.9709454,9700.968
4661,2.970738,9703.938
4662,2.9704752,9706.909
4663,2.9702942,9709.88
4664,2.970334,9712.851
4665,2.97035,9715.821
4666,2.970166,9718.791
4667,2.9700854,9721.761
4668,2.9702258,9724.731
4669,2.9704485,9727.702
4670,2.9706576,9730.673
4671,2.9708571,9733.644
4672,2.970988,9736.614
4673,2.9710143,9739.585
4674,2.9708807,9742.556
4675,2.9707217,9745.526
4676,2.9706805,9748.497
4677,2.9706793,9751.468
4678,2.9707973,9754.438
4679,2.9709673,9757.409
4680,2.9710605,9760.38
4681,2.9711077,9763.351
4682,2.9710486,9766.321
4683,2.971086,9769.292
4684,2.9710383,9772.263
4685,2.9710088,9775.233
4686,2.9710217,9778.204
4687,2.9710126,9781.175
4688,2.9710553,9784.1455
4689,2.9710927,9787.116
4690,2.971365,9790.088
4691,2.9717636,9793.06
4692,2.9723687,9796.032
4693,2.972623,9799.005
4694,2.9735591,9801.979
4695,2.9766076,9804.955
4696,2.9803421,9807.936
4697,2.9847386,9810.92
4698,2.9897385,9813.909
4699,2.9946172,9816.903
4700,2.999714,9819.903
4701,3.0042183,9822.907
4702,3.0097382,9825.917
4703,3.0148177,9828.932
4704,3.022251,9831.954
4705,3.0334694,9834.987
4706,3.0541954,9838.041
4707,3.084179,9841.125
4708,3.1193118,9844.244
4709,3.1471615,9847.392
4710,3.169108,9850.561
4711,3.1861246,9853.747
4712,3.2006907,9856.948
4713,3.2122374,9860.16
4714,3.2217424,9863.382
4715,3.2296996,9866.611
4716,3.2368283,9869.849
4717,3.2432647,9873.092
4718,3.2476943,9876.34
4719,3.250674,9879.591
4720,3.2530715,9882.844
4721,3.2553537,9886.099
4722,3.2576735,9889.356
4723,3.2590804,9892.615
4724,3.2604427,9895.876
4725,3.260952,9899.137
4726,3.2615066,9902.398
4727,3.2618845,9905.66
4728,3.2625475,9908.923
4729,3.2630424,9912.186
4730,3.2644677,9915.45
4731,3.265388,9918.716
4732,3.2677364,9921.983
4733,3.2695749,9925.253
4734,3.2721143,9928.525
4735,3.2737103,9931.799
4736,3.275925,9935.075
4737,3.276925,9938.353
4738,3.2781825,9941.631
4739,3.2784808,9944.909
4740,3.2791853,9948.188
4741,3.278874,9951.468
4742,3.2778912,9954.746
4743,3.2756174,9958.021
4744,3.2737627,9961.295
4745,3.2707753,9964.565
4746,3.2735777,9967.839
4747,3.2783642,9971.117
4748,3.2875264,9974.404
4749,3.2957165,9977.7
4750,3.3056564,9981.006
4751,3.314457,9984.32
4752,3.323965,9987.645
4753,3.330715,9990.976
4754,3.33812,9994.313
4755,3.3437717,9997.657
4756,3.350241,10001.008
4757,3.3566737,10004.364
4758,3.363045,10007.728
4759,3.3676424,10011.095
4760,3.3719616,10014.467
4761,3.3745375,10017.842
4762,3.3765805,10021.219
4763,3.376935,10024.596
4764,3.377532,10027.974
4765,3.377572,10031.352
4766,3.3782494,10034.7295
4767,3.378307,10038.107
4768,3.37833,10041.485
4769,3.3777676,10044.863
4770,3.3769276,10048.24
4771,3.375437,10051.615
4772,3.373385,10054.988
4773,3.3711765,10058.359
4774,3.3685248,10061.728
4775,3.3658626,10065.094
4776,3.363107,10068.457
4777,3.3604455,10071.817
4778,3.3586743,10075.176
4779,3.3555672,10078.531
4780,3.351368,10081.883
4781,3.346818,10085.2295
4782,3.341447,10088.571
4783,3.3369713,10091.908
4784,3.3325453,10095.241
4785,3.3280294,10098.569
4786,3.3223562,10101.892
4787,3.3170354,10105.209
4788,3.3114278,10108.5205
4789,3.3068542,10111.827
4790,3.3027508,10115.13
4791,3.2981212,10118.428
4792,3.2930171,10121.721
4793,3.2872765,10125.008
4794,3.2801604,10128.288
4795,3.2752423,10131.563
4796,3.270383,10134.834
4797,3.2670255,10138.101
4798,3.2627285,10141.363
4799,3.2588687,10144.622
4800,3.2538128,10147.876
4801,3.2493496,10151.125
4802,3.243138,10154.368
4803,3.2375286,10157.605
4804,3.23133,10160.837
4805,3.2259774,10164.0625
4806,3.2206402,10167.283
4807,3.2154033,10170.499
4808,3.208495,10173.707
4809,3.2007961,10176.908
4810,3.1923513,10180.101
4811,3.1851082,10183.286
4812,3.1787784,10186.465
4813,3.1738145,10189.639
4814,3.169578,10192.809
4815,3.1644897,10195.973
4816,3.1583083,10199.131
4817,3.1519465,10202.283
4818,3.146889,10205.43
4819,3.1422343,10208.572
4820,3.137142,10211.709
4821,3.1320245,10214.841
4822,3.127613,10217.969
4823,3.12423,10221.093
4824,3.1213338,10224.214
4825,3.1179833,10227.332
4826,3.114772,10230.447
4827,3.111574,10233.559
4828,3.109686,10236.668
4829,3.107252,10239.775
4830,3.1076558,10242.883
4831,3.1116,10245.994
4832,3.1194322,10249.113
4833,3.128878,10252.242
4834,3.1404943,10255.383
4835,3.1536763,10258.536
4836,3.166699,10261.703
4837,3.1806233,10264.884
4838,3.1939342,10268.078
4839,3.2074564,10271.285
4840,3.2188997,10274.504
4841,3.2299788,10277.733
4842,3.2393596,10280.973
4843,3.2480545,10284.221
4844,3.2554018,10287.477
4845,3.2622912,10290.739
4846,3.2690358,10294.008
4847,3.2750142,10297.283
4848,3.28171,10300.564
4849,3.28811,10303.853
4850,3.295436,10307.148
4851,3.3014832,10310.45
4852,3.306468,10313.757
4853,3.3100526,10317.066
4854,3.3131762,10320.38
4855,3.3166647,10323.696
4856,3.3202467,10327.017
4857,3.3240433,10330.341
4858,3.327154,10333.668
4859,3.3303096,10336.998
4860,3.333483,10340.331
4861,3.3367696,10343.668
4862,3.3400643,10347.008
4863,3.3418608,10350.35
4864,3.3436449,10353.693
4865,3.3449874,10357.038
4866,3.3466852,10360.385
4867,3.3479803,10363.732
4868,3.3491063,10367.081
4869,3.3490703,10370.43
4870,3.3484774,10373.778
4871,3.3465064,10377.125
4872,3.3432646,10380.469
4873,3.3410017,10383.81
4874,3.3397481,10387.149
4875,3.3379927,10390.487
4876,3.3360076,10393.823
4877,3.3338687,10397.157
4878,3.3322802,10400.489
4879,3.3300917,10403.819
4880,3.327727,10407.147
4881,3.3246078,10410.472
4882,3.3217275,10413.793
4883,3.3190088,10417.112
4884,3.3172712,10420.43
4885,3.315174,10423.745
4886,3.3130944,10427.059
4887,3.3103883,10430.369
4888,3.3083546,10433.678
4889,3.3063343,10436.984
4890,3.3037457,10440.288
4891,3.3006163,10443.589
4892,3.2977147,10446.887
4893,3.2953289,10450.182
4894,3.293274,10453.475
4895,3.290037,10456.765
4896,3.2862103,10460.051
4897,3.2824907,10463.333
4898,3.2790298,10466.612
4899,3.276227,10469.889
4900,3.2736778,10473.162
4901,3.2719545,10476.434
4902,3.2711892,10479.705
4903,3.2694385,10482.975
4904,3.2677312,10486.242
4905,3.2653303,10489.508
4906,3.26329,10492.771
4907,3.2601776,10496.031
4908,3.2567182,10499.288
4909,3.2528508,10502.541
4910,3.2486675,10505.79
4911,3.2446425,10509.035
4912,3.24104,10512.276
4913,3.2372327,10515.514
4914,3.2331858,10518.747
4915,3.2314005,10521.979
4916,3.2331717,10525.212
4917,3.23909,10528.451
4918,3.244708,10531.696
4919,3.2522283,10534.948
4920,3.2590327,10538.207
4921,3.2678518,10541.475
4922,3.2760284,10544.751
4923,3.2858298,10548.037
4924,3.2960207,10551.333
4925,3.306215,10554.64
4926,3.3160622,10557.956
4927,3.325286,10561.281
4928,3.334131,10564.615
4929,3.3421834,10567.957
4930,3.3487582,10571.306
4931,3.3546734,10574.66
4932,3.360691,10578.0205
4933,3.3666773,10581.387
4934,3.37321,10584.76
4935,3.3799875,10588.14
4936,3.3872335,10591.527
4937,3.3929071,10594.92
4938,3.398852,10598.318
4939,3.402512,10601.721
4940,3.40603,10605.127
4941,3.4092195,10608.536
4942,3.4140425,10611.95
4943,3.4172769,10615.367
4944,3.4198658,10618.787
4945,3.4212584,10622.208
4946,3.4229455,10625.631
4947,3.4245281,10629.056
4948,3.4257195,10632.481
4949,3.4253185,10635.907
4950,3.4251626,10639.332
4951,3.4244452,10642.757
4952,3.4249942,10646.182
4953,3.4245653,10649.606
4954,3.424625,10653.031
4955,3.4239316,10656.455
4956,3.4230368,10659.878
4957,3.4212148,10663.299
4958,3.420829,10666.72
4959,3.4183612,10670.138
4960,3.415798,10673.554
4961,3.4118805,10676.966
4962,3.4085824,10680.374
4963,3.4049568,10683.779
4964,3.4018195,10687.181
4965,3.3986201,10690.579
4966,3.394825,10693.974
4967,3.3924007,10697.366
4968,3.389784,10700.756
4969,3.3893678,10704.1455
4970,3.3884192,10707.534
4971,3.3887017,10710.923
4972,3.3876262,10714.311
4973,3.3858266,10717.696
4974,3.385588,10721.082
4975,3.3890994,10724.471
4976,3.3969662,10727.867
4977,3.4034612,10731.2705
4978,3.4133458,10734.684
4979,3.420305,10738.104
4980,3.4286776,10741.532
4981,3.4343572,10744.967
4982,3.4410853,10748.408
4983,3.4454641,10751.854
4984,3.4511602,10755.305
4985,3.4554904,10758.76
4986,3.4608963,10762.221
4987,3.464905,10765.686
4988,3.4693573,10769.155
4989,3.4718425,10772.627
4990,3.4740102,10776.101
4991,3.4754226,10779.576
4992,3.4768374,10783.053
4993,3.4774313,10786.53
4994,3.4790683,10790.01
4995,3.4804363,10793.49
4996,3.4811852,10796.972
4997,3.4811811,10800.453
4998,3.4813757,10803.935
4999,3.4809563,10807.415
5000,3.4807177,10810.8955
5001,3.4809024,10814.376
5002,3.4811304,10817.857
5003,3.4817,10821.339
5004,3.4821587,10824.821
5005,3.4828067,10828.304
5006,3.4839303,10831.788
5007,3.4849167,10835.273
5008,3.4852448,10838.759
5009,3.484859,10842.243
5010,3.4837446,10845.727
5011,3.4830883,10849.21
5012,3.4809885,10852.691
5013,3.4789991,10856.17
5014,3.4756138,10859.6455
5015,3.4720094,10863.117
5016,3.4677286,10866.585
5017,3.4620683,10870.047
5018,3.455015,10873.502
5019,3.4482448,10876.95
5020,3.4438033,10880.394
5021,3.4428954,10883.837
5022,3.440896,10887.277
5023,3.439538,10890.717
5024,3.4392369,10894.156
5025,3.4408689,10897.597
5026,3.4405162,10901.037
5027,3.4417596,10904.479
5028,3.4383163,10907.917
5029,3.433798,10911.351
5030,3.4255023,10914.776
5031,3.4173164,10918.193
5032,3.4078097,10921.602
5033,3.4042044,10925.006
5034,3.4001598,10928.406
5035,3.3982503,10931.805
5036,3.3962317,10935.201
5037,3.3963852,10938.598
5038,3.3947623,10941.992
5039,3.3927157,10945.385
5040,3.387724,10948.772
5041,3.3825936,10952.155
5042,3.3779113,10955.533
5043,3.3745494,10958.908
5044,3.3697102,10962.278
5045,3.3632708,10965.642
5046,3.3572285,10968.999
5047,3.3527267,10972.352
5048,3.350413,10975.702
5049,3.348695,10979.051
5050,3.3501523,10982.401
5051,3.3523495,10985.754
5052,3.3553414,10989.109
5053,3.3601513,10992.47
5054,3.365394,10995.835
5055,3.3711712,10999.206
5056,3.3746264,11002.581
5057,3.3778124,11005.959
5058,3.377812,11009.337
5059,3.3773162,11012.714
5060,3.374716,11016.089
5061,3.3698328,11019.459
5062,3.3663342,11022.825
5063,3.3624048,11026.1875
5064,3.3608544,11029.549
5065,3.3593338,11032.908
5066,3.3600388,11036.269
5067,3.3614714,11039.63
5068,3.3676844,11042.998
5069,3.3710127,11046.369
5070,3.3711176,11049.74
5071,3.3705502,11053.11
5072,3.3765297,11056.487
5073,3.3837008,11059.871
5074,3.3896358,11063.261
5075,3.395627,11066.656
5076,3.4018753,11070.059
5077,3.4080145,11073.467
5078,3.413043,11076.88
5079,3.4180553,11080.298
5080,3.422718,11083.721
5081,3.4269285,11087.147
5082,3.4298084,11090.577
5083,3.4328682,11094.01
5084,3.4358914,11097.445
5085,3.4381096,11100.884
5086,3.4400978,11104.324
5087,3.4414427,11107.766
5088,3.4428148,11111.208
5089,3.4432495,11114.651
5090,3.4438193,11118.095
5091,3.4442096,11121.539
5092,3.4428124,11124.981
5093,3.4401314,11128.422
5094,3.4368968,11131.858
5095,3.4338892,11135.292
5096,3.4318252,11138.724
5097,3.4300957,11142.153
5098,3.431032,11145.584
5099,3.4330652,11149.017
5100,3.4385092,11152.455
5101,3.4435277,11155.898
5102,3.4476147,11159.346
5103,3.4483304,11162.794
5104,3.4489124,11166.243
5105,3.4491076,11169.692
5106,3.448587,11173.141
5107,3.449877,11176.591
5108,3.4483624,11180.039
5109,3.4476078,11183.486
5110,3.4455438,11186.932
5111,3.444038,11190.376
5112,3.4437802,11193.819
5113,3.4417343,11197.261
5114,3.4394732,11200.7
5115,3.4369617,11204.137
5116,3.4354498,11207.572
5117,3.434516,11211.007
5118,3.4357402,11214.442
5119,3.4357245,11217.878
5120,3.4363015,11221.314
5121,3.4347744,11224.749
5122,3.4349651,11228.184
5123,3.434925,11231.618
5124,3.4367592,11235.055
5125,3.4397836,11238.494
5126,3.4435606,11241.9375
5127,3.4468024,11245.385
5128,3.4507692,11248.836
5129,3.4533184,11252.289
5130,3.4556727,11255.745
5131,3.458118,11259.203
5132,3.460016,11262.663
5133,3.4600575,11266.123
5134,3.4591658,11269.582
5135,3.4583254,11273.04
5136,3.456551,11276.497
5137,3.4558263,11279.953
5138,3.4568193,11283.41
5139,3.4592807,11286.869
5140,3.4611678,11290.33
5141,3.4631593,11293.793
5142,3.4653323,11297.259
5143,3.4668276,11300.726
5144,3.4668636,11304.192
5145,3.4664214,11307.659
5146,3.4643924,11311.124
5147,3.4625926,11314.587
5148,3.4612331,11318.048
5149,3.4592912,11321.507
5150,3.4575408,11324.965
5151,3.4554033,11328.42
5152,3.454712,11331.875
5153,3.4543395,11335.329
5154,3.4534001,11338.782
5155,3.4521148,11342.234
5156,3.4509158,11345.686
5157,3.4507751,11349.137
5158,3.450695,11352.588
5159,3.4511232,11356.039
5160,3.4526062,11359.491
5161,3.453243,11362.944
5162,3.4549205,11366.399
5163,3.4558725,11369.855
5164,3.457406,11373.3125
5165,3.457792,11376.7705
5166,3.459319,11380.2295
5167,3.4610522,11383.69
5168,3.463956,11387.154
5169,3.4654744,11390.62
5170,3.4670987,11394.087
5171,3.468198,11397.555
5172,3.468719,11401.023
5173,3.469029,11404.492
5174,3.468129,11407.96
5175,3.4680235,11411.428
5176,3.466589,11414.895
5177,3.4655714,11418.36
5178,3.4652655,11421.825
5179,3.4641294,11425.289
5180,3.464078,11428.753
5181,3.4646087,11432.218
5182,3.4659832,11435.684
5183,3.466953,11439.15
5184,3.4671152,11442.617
5185,3.4664462,11446.084
5186,3.4643037,11449.548
5187,3.4623873,11453.01
5188,3.4616966,11456.472
5189,3.4615123,11459.934
5190,3.4641619,11463.397
5191,3.4669435,11466.864
5192,3.4709587,11470.335
5193,3.4735081,11473.809
5194,3.4756703,11477.284
5195,3.4774969,11480.762
5196,3.4782357,11484.24
5197,3.479099,11487.72
5198,3.4803674,11491.2
5199,3.4822555,11494.683
5200,3.4854958,11498.168
5201,3.4877133,11501.655
5202,3.489584,11505.145
5203,3.4903185,11508.635
5204,3.490712,11512.125
5205,3.490419,11515.615
5206,3.4890182,11519.1045
5207,3.4875462,11522.592
5208,3.4858327,11526.077
5209,3.482989,11529.561
5210,3.4809566,11533.041
5211,3.479278,11536.5205
5212,3.4787054,11539.999
5213,3.477212,11543.477
5214,3.4753337,11546.952
5215,3.4715471,11550.424
5216,3.4675438,11553.892
5217,3.4641538,11557.355
5218,3.4620748,11560.817
5219,3.4611657,11564.278
5220,3.4625158,11567.741
5221,3.4624028,11571.204
5222,3.4599597,11574.664
5223,3.4575186,11578.121
5224,3.4575274,11581.579
5225,3.4572396,11585.036
5226,3.455987,11588.492
5227,3.454624,11591.947
5228,3.4557455,11595.403
5229,3.4548197,11598.858
5230,3.4512563,11602.31
5231,3.4473066,11605.757
5232,3.4466646,11609.203
5233,3.4465072,11612.649
5234,3.4495926,11616.099
5235,3.4547975,11619.554
5236,3.4571009,11623.011
5237,3.4551108,11626.466
5238,3.4526472,11629.919
5239,3.4447203,11633.363
5240,3.438295,11636.802
5241,3.4318435,11640.233
5242,3.4327,11643.666
5243,3.4410057,11647.107
5244,3.4501965,11650.558
5245,3.4560022,11654.014
5246,3.4594119,11657.473
5247,3.4608605,11660.934
5248,3.4614055,11664.395
5249,3.4586039,11667.854
5250,3.4568737,11671.311
5251,3.4572728,11674.768
5252,3.4567218,11678.225
5253,3.4576204,11681.683
5254,3.4592113,11685.142
5255,3.4616132,11688.604
5256,3.4624047,11692.066
5257,3.4635854,11695.53
5258,3.4648314,11698.995
5259,3.466673,11702.462
5260,3.4664547,11705.929
5261,3.4644246,11709.394
5262,3.4633489,11712.856
5263,3.463197,11716.319
5264,3.4635496,11719.783
5265,3.4629653,11723.246
5266,3.4618773,11726.708
5267,3.4619303,11730.17
5268,3.4623165,11733.632
5269,3.461939,11737.094
5270,3.4626858,11740.557
5271,3.4643505,11744.0205
5272,3.4657707,11747.486
5273,3.4665606,11750.953
5274,3.4671414,11754.42
5275,3.4676857,11757.888
5276,3.4677114,11761.355
5277,3.4671273,11764.822
5278,3.4661784,11768.288
5279,3.4667304,11771.755
5280,3.4673026,11775.223
5281,3.4673924,11778.69
5282,3.4677422,11782.158
5283,3.4676375,11785.626
5284,3.4682035,11789.094
5285,3.4685836,11792.5625
5286,3.468396,11796.031
5287,3.4680657,11799.499
5288,3.4676633,11802.967
5289,3.4678762,11806.435
5290,3.4669156,11809.901
5291,3.46621,11813.367
5292,3.4651437,11816.832
5293,3.4639494,11820.296
5294,3.4625955,11823.759
5295,3.4603758,11827.219
5296,3.4589267,11830.678
5297,3.4584334,11834.136
5298,3.4575918,11837.594
5299,3.4574857,11841.051
5300,3.4589658,11844.51
5301,3.46109,11847.971
5302,3.4633777,11851.434
5303,3.4648848,11854.898
5304,3.4656096,11858.364
5305,3.465839,11861.83
5306,3.4660344,11865.296
5307,3.4670877,11868.763
5308,3.4695122,11872.232
5309,3.4719532,11875.704
5310,3.4738195,11879.178
5311,3.4747436,11882.652
5312,3.4748394,11886.127
5313,3.4755895,11889.603
5314,3.4760377,11893.078
5315,3.4769607,11896.555
5316,3.4764473,11900.031
5317,3.475477,11903.507
5318,3.4741838,11906.981
5319,3.4733243,11910.455
5320,3.4728754,11913.928
5321,3.472955,11917.4
5322,3.4727669,11920.873
5323,3.4722033,11924.346
5324,3.4721777,11927.818
5325,3.4719288,11931.29
5326,3.4722853,11934.763
5327,3.4726176,11938.235
5328,3.473132,11941.708
5329,3.4735925,11945.182
5330,3.4741771,11948.656
5331,3.4750848,11952.131
5332,3.475772,11955.606
5333,3.476604,11959.083
5334,3.4780622,11962.562
5335,3.4799085,11966.041
5336,3.4820375,11969.523
5337,3.4842303,11973.008
5338,3.486783,11976.494
5339,3.4883587,11979.982
5340,3.4891489,11983.472
5341,3.4902272,11986.962
5342,3.4909074,11990.453
5343,3.4914136,11993.944
5344,3.491498,11997.436
5345,3.4907055,12000.926
5346,3.4893003,12004.415
5347,3.487737,12007.902
5348,3.4862301,12011.389
5349,3.485073,12014.874
5350,3.4840279,12018.358
5351,3.4817896,12021.84
5352,3.4797637,12025.319
5353,3.4771001,12028.797
5354,3.4748318,12032.271
5355,3.4730916,12035.744
5356,3.4718018,12039.216
5357,3.4705758,12042.687
5358,3.4684017,12046.155
5359,3.4673657,12049.623
5360,3.4671223,12053.09
5361,3.4679382,12056.558
5362,3.4674444,12060.025
5363,3.466332,12063.492
5364,3.466132,12066.958
5365,3.4673333,12070.426
5366,3.4687777,12073.895
5367,3.4688487,12077.363
5368,3.4679887,12080.831
5369,3.465814,12084.297
5370,3.4629216,12087.76
5371,3.4607666,12091.221
5372,3.4597025,12094.681
5373,3.4604301,12098.141
5374,3.4615197,12101.603
5375,3.4611819,12105.063
5376,3.459071,12108.522
5377,3.4558542,12111.979
5378,3.451421,12115.43
5379,3.4440563,12118.874
5380,3.4302626,12122.305
5381,3.397975,12125.703
5382,3.3844922,12129.088
5383,3.3774962,12132.466
5384,3.3743343,12135.84
5385,3.3686013,12139.208
5386,3.366136,12142.574
5387,3.3675418,12145.941
5388,3.3719301,12149.313
5389,3.3782396,12152.691
5390,3.3829389,12156.074
5391,3.3862534,12159.461
5392,3.3853881,12162.847
5393,3.3899932,12166.236
5394,3.3997502,12169.636
5395,3.4139495,12173.05
5396,3.4214458,12176.472
5397,3.4285839,12179.9
5398,3.4304504,12183.331
5399,3.4314299,12186.763
5400,3.4344091,12190.197
5401,3.4389968,12193.637
5402,3.4425578,12197.079
5403,3.4459002,12200.525
5404,3.4494727,12203.975
5405,3.4505336,12207.425
5406,3.4504483,12210.875
5407,3.4512715,12214.326
5408,3.4530838,12217.779
5409,3.453925,12221.233
5410,3.454429,12224.6875
5411,3.4545145,12228.142
5412,3.4556823,12231.598
5413,3.4574492,12235.055
5414,3.460309,12238.515
5415,3.4637713,12241.979
5416,3.4680862,12245.446
5417,3.4712338,12248.918
5418,3.4744635,12252.393
5419,3.4772298,12255.87
5420,3.4791048,12259.35
5421,3.480089,12262.83
5422,3.4807196,12266.311
5423,3.4816537,12269.792
5424,3.4821036,12273.274
5425,3.4833007,12276.758
5426,3.4832954,12280.241
5427,3.483248,12283.725
5428,3.4832592,12287.208
5429,3.483111,12290.691
5430,3.4825833,12294.174
5431,3.4822762,12297.656
5432,3.4819815,12301.139
5433,3.4820697,12304.621
5434,3.4814467,12308.103
5435,3.4814682,12311.584
5436,3.481987,12315.066
5437,3.481867,12318.548
5438,3.4810576,12322.029
5439,3.4800088,12325.51
5440,3.4780061,12328.987
5441,3.4769466,12332.464
5442,3.4746006,12335.938
5443,3.4726138,12339.411
5444,3.4698246,12342.881
5445,3.4670415,12346.348
5446,3.464761,12349.8125
5447,3.4635038,12353.276
5448,3.4636278,12356.74
5449,3.4637835,12360.204
5450,3.465592,12363.67
5451,3.4663746,12367.137
5452,3.46861,12370.605
5453,3.4698558,12374.075
5454,3.471058,12377.546
5455,3.4724057,12381.019
5456,3.4725866,12384.491
5457,3.4732232,12387.965
5458,3.473673,12391.438
5459,3.4752252,12394.914
5460,3.4768193,12398.391
5461,3.4765441,12401.867
5462,3.4766283,12405.344
5463,3.4760146,12408.819
5464,3.4753947,12412.295
5465,3.4728713,12415.768
5466,3.4697745,12419.237
5467,3.4644165,12422.702
5468,3.4619927,12426.164
5469,3.4627035,12429.627
5470,3.4635458,12433.091
5471,3.4643652,12436.556
5472,3.4647021,12440.0205
5473,3.4659538,12443.486
5474,3.4671822,12446.953
5475,3.4675627,12450.421
5476,3.4665434,12453.888
5477,3.4653652,12457.354
5478,3.4644601,12460.818
5479,3.4638536,12464.282
5480,3.464974,12467.747
5481,3.4674664,12471.215
5482,3.4692636,12474.685
5483,3.4695995,12478.154
5484,3.469448,12481.624
5485,3.4684088,12485.093
5486,3.46774,12488.561
5487,3.4679909,12492.028
5488,3.4680743,12495.496
5489,3.468671,12498.965
5490,3.4688692,12502.434
5491,3.4699636,12505.903
5492,3.4710896,12509.374
5493,3.4712515,12512.846
5494,3.4693005,12516.315
5495,3.4674911,12519.783
5496,3.4656966,12523.249
5497,3.463695,12526.713
5498,3.4618979,12530.175
5499,3.4590497,12533.634
5500,3.4572124,12537.091
5501,3.4551024,12540.546
5502,3.455155,12544.001
5503,3.4558666,12547.457
5504,3.4561222,12550.913
5505,3.4572563,12554.37
5506,3.457655,12557.828
5507,3.4586434,12561.287
5508,3.4586177,12564.746
5509,3.4603682,12568.206
5510,3.461134,12571.667
5511,3.4604483,12575.127
5512,3.4595742,12578.587
5513,3.4597723,12582.047
5514,3.4609632,12585.508
5515,3.462239,12588.97
5516,3.4621572,12592.432
5517,3.460451,12595.893
5518,3.4586287,12599.352
5519,3.4557018,12602.808
5520,3.4539402,12606.262
5521,3.4530509,12609.715
5522,3.4517653,12613.167
5523,3.451591,12616.618
5524,3.451754,12620.07
5525,3.4529712,12623.523
5526,3.4525518,12626.976
5527,3.4521577,12630.428
5528,3.452659,12633.881
5529,3.4534326,12637.334
5530,3.4539566,12640.788
5531,3.453862,12644.242
5532,3.455425,12647.697
5533,3.4580116,12651.155
5534,3.4600475,12654.615
5535,3.4602928,12658.075
5536,3.4594061,12661.534
5537,3.4570682,12664.991
5538,3.455848,12668.447
5539,3.4554205,12671.902
5540,3.454444,12675.356
5541,3.4528308,12678.81
5542,3.4502153,12682.26
5543,3.4497893,12685.71
5544,3.4500985,12689.16
5545,3.450258,12692.61
5546,3.449798,12696.061
5547,3.4469543,12699.508
5548,3.443799,12702.951
5549,3.441881,12706.393
5550,3.4421644,12709.835
5551,3.4422803,12713.277
5552,3.4422963,12716.72
5553,3.4420815,12720.162
5554,3.4429843,12723.605
5555,3.444941,12727.051
5556,3.444164,12730.495
5557,3.4431276,12733.938
5558,3.4416075,12737.38
5559,3.4410734,12740.821
5560,3.4416728,12744.263
5561,3.4423463,12747.705
5562,3.442318,12751.147
5563,3.4421208,12754.59
5564,3.4414601,12758.031
5565,3.4387567,12761.47
5566,3.4370568,12764.907
5567,3.4370785,12768.345
5568,3.4371805,12771.782
5569,3.4385605,12775.221
5570,3.4402966,12778.661
5571,3.4423187,12782.104
5572,3.4419122,12785.546
5573,3.4414935,12788.987
5574,3.439768,12792.427
5575,3.43803,12795.865
5576,3.4360092,12799.301
5577,3.4337575,12802.734
5578,3.4326854,12806.167
5579,3.432088,12809.599
5580,3.4321685,12813.031
5581,3.4318275,12816.463
5582,3.4310164,12819.894
5583,3.4302015,12823.324
5584,3.4302084,12826.755
5585,3.4309182,12830.186
5586,3.432512,12833.618
5587,3.4352548,12837.054
5588,3.4390035,12840.493
5589,3.4419317,12843.936
5590,3.4447222,12847.38
5591,3.4468222,12850.827
5592,3.4490407,12854.276
5593,3.4518595,12857.729
5594,3.4549336,12861.184
5595,3.4569378,12864.641
5596,3.4588802,12868.1
5597,3.460331,12871.56
5598,3.460855,12875.0205
5599,3.4619274,12878.482
5600,3.462433,12881.945
5601,3.46221,12885.407
5602,3.4615686,12888.869
5603,3.4614224,12892.33
5604,3.4613113,12895.791
5605,3.4614198,12899.252
5606,3.4623668,12902.714
5607,3.4634268,12906.178
5608,3.4655797,12909.644
5609,3.4677477,12913.111
5610,3.4699209,12916.581
5611,3.4711392,12920.052
5612,3.4717395,12923.523
5613,3.47298,12926.996
5614,3.4741254,12930.471
5615,3.4765081,12933.947
5616,3.4800327,12937.428
5617,3.4825406,12940.91
5618,3.4849553,12944.3955
5619,3.4860656,12947.882
5620,3.4874284,12951.369
5621,3.4890018,12954.858
5622,3.4908094,12958.35
5623,3.4921176,12961.842
5624,3.4932122,12965.335
5625,3.493624,12968.828
5626,3.4939275,12972.322
5627,3.4942496,12975.816
5628,3.4937093,12979.311
5629,3.4933467,12982.804
5630,3.4926314,12986.296
5631,3.49204,12989.788
5632,3.4908996,12993.279
5633,3.4902346,12996.77
5634,3.4885454,13000.258
5635,3.4869168,13003.745
5636,3.4850414,13007.23
5637,3.4835498,13010.714
5638,3.4824893,13014.196
5639,3.4814456,13017.678
5640,3.4801395,13021.158
5641,3.47847,13024.637
5642,3.4774754,13028.114
5643,3.4768538,13031.591
5644,3.476607,13035.067
5645,3.476806,13038.544
5646,3.4769762,13042.0205
5647,3.4765608,13045.497
5648,3.4761417,13048.974
5649,3.475865,13052.449
5650,3.4755042,13055.925
5651,3.4751751,13059.4
5652,3.4739668,13062.874
5653,3.473218,13066.348
5654,3.4722106,13069.82
5655,3.4714804,13073.292
5656,3.4697142,13076.762
5657,3.4677076,13080.2295
5658,3.4664612,13083.696
5659,3.465762,13087.162
5660,3.4653864,13090.628
5661,3.4654336,13094.094
5662,3.4645576,13097.559
5663,3.463832,13101.022
5664,3.4631557,13104.485
5665,3.4625194,13107.948
5666,3.462711,13111.411
5667,3.462954,13114.874
5668,3.463253,13118.337
5669,3.46413,13121.801
5670,3.4646554,13125.266
5671,3.4643526,13128.7295
5672,3.4640212,13132.193
5673,3.4636753,13135.657
5674,3.4626598,13139.12
5675,3.4612741,13142.581
5676,3.4599578,13146.041
5677,3.4587438,13149.5
5678,3.4570475,13152.957
5679,3.45568,13156.413
5680,3.4548674,13159.868
5681,3.4546793,13163.323
5682,3.4553552,13166.778
5683,3.4557931,13170.234
5684,3.4563875,13173.69
5685,3.4571598,13177.147
5686,3.457921,13180.605
5687,3.459291,13184.064
5688,3.4610422,13187.525
5689,3.4627447,13190.988
5690,3.464776,13194.453
5691,3.466455,13197.92
5692,3.4686184,13201.389
5693,3.4706354,13204.859
5694,3.4737468,13208.333
5695,3.4759839,13211.809
5696,3.4784486,13215.287
5697,3.4800482,13218.768
5698,3.481012,13222.249
5699,3.4828606,13225.731
5700,3.4846072,13229.216
5701,3.4858415,13232.702
5702,3.4872918,13236.189
5703,3.4874578,13239.677
5704,3.4873683,13243.164
5705,3.4868112,13246.65
5706,3.485441,13250.136
5707,3.4846332,13253.62
5708,3.483111,13257.104
5709,3.4815207,13260.585
5710,3.4800963,13264.065
5711,3.4790685,13267.545
5712,3.477456,13271.022
5713,3.4763384,13274.499
5714,3.476272,13277.976
5715,3.4772654,13281.453
5716,3.4783416,13284.932
5717,3.4791787,13288.411
5718,3.4802325,13291.892
5719,3.4804437,13295.372
5720,3.481024,13298.854
5721,3.481473,13302.335
5722,3.4817812,13305.816
5723,3.4825504,13309.299
5724,3.4824963,13312.781
5725,3.4832034,13316.265
5726,3.4836361,13319.748
5727,3.4845364,13323.232
5728,3.484126,13326.717
5729,3.483921,13330.201
5730,3.4829903,13333.685
5731,3.482001,13337.167
5732,3.4805968,13340.647
5733,3.4792583,13344.127
5734,3.4784791,13347.605
5735,3.4780812,13351.084
5736,3.478465,13354.5625
5737,3.478107,13358.041
5738,3.477542,13361.519
5739,3.4759557,13364.994
5740,3.4749672,13368.469
5741,3.4742904,13371.943
5742,3.4730835,13375.416
5743,3.471327,13378.888
5744,3.4703417,13382.358
5745,3.4697647,13385.828
5746,3.4700885,13389.298
5747,3.470665,13392.769
5748,3.4716785,13396.24
5749,3.4724715,13399.713
5750,3.4737084,13403.187
5751,3.4744396,13406.661
5752,3.4755068,13410.137
5753,3.4761019,13413.613
5754,3.4761517,13417.09
5755,3.4768355,13420.566
5756,3.4764917,13424.043
5757,3.4764142,13427.52
5758,3.4755437,13430.995
5759,3.4751978,13434.471
5760,3.4755716,13437.946
5761,3.4758127,13441.422
5762,3.476552,13444.898
5763,3.476226,13448.375
5764,3.4767096,13451.852
5765,3.4758997,13455.327
5766,3.4753087,13458.803
5767,3.4749835,13462.277
5768,3.4753664,13465.753
5769,3.4760754,13469.2295
5770,3.4748645,13472.704
5771,3.473712,13476.178
5772,3.4727516,13479.65
5773,3.4722536,13483.123
5774,3.4718914,13486.595
5775,3.4710248,13490.065
5776,3.4717207,13493.537
5777,3.472019,13497.009
5778,3.471683,13500.48
5779,3.4715786,13503.952
5780,3.471077,13507.423
5781,3.4707441,13510.894
5782,3.4700146,13514.363
5783,3.4689355,13517.832
5784,3.4685385,13521.301
5785,3.468687,13524.77
5786,3.4703593,13528.24
5787,3.4713058,13531.712
5788,3.4722896,13535.185
5789,3.4722943,13538.657
5790,3.4729245,13542.13
5791,3.473473,13545.604
5792,3.474807,13549.078
5793,3.4754388,13552.554
5794,3.475898,13556.029
5795,3.4762475,13559.506
5796,3.4762812,13562.982
5797,3.4769003,13566.459
5798,3.4783487,13569.9375
5799,3.479598,13573.417
5800,3.4809422,13576.897
5801,3.481416,13580.379
5802,3.4812436,13583.86
5803,3.4806097,13587.341
5804,3.478727,13590.819
5805,3.4765558,13594.296
5806,3.4746237,13597.7705
5807,3.4735494,13601.244
5808,3.472191,13604.717
5809,3.4704204,13608.1875
5810,3.4691818,13611.656
5811,3.4674768,13615.124
5812,3.4662127,13618.59
5813,3.4639947,13622.054
5814,3.4624999,13625.517
5815,3.4612837,13628.978
5816,3.458867,13632.437
5817,3.4569407,13635.894
5818,3.4554372,13639.349
5819,3.4546132,13642.804
5820,3.4513164,13646.255
5821,3.4480026,13649.703
5822,3.4444656,13653.147
5823,3.441556,13656.589
5824,3.4395614,13660.028
5825,3.437809,13663.466
5826,3.4369216,13666.902
5827,3.4375703,13670.34
5828,3.4376125,13673.777
5829,3.4378035,13677.215
5830,3.4380846,13680.653
5831,3.4380324,13684.092
5832,3.4394414,13687.531
5833,3.4416134,13690.973
5834,3.4442549,13694.417
5835,3.4455545,13697.862
5836,3.447075,13701.31
5837,3.4471667,13704.757
5838,3.4465501,13708.203
5839,3.4461937,13711.649
5840,3.4467416,13715.096
5841,3.4481456,13718.544
5842,3.44961,13721.993
5843,3.4513357,13725.444
5844,3.4504132,13728.895
5845,3.4450057,13732.34
5846,3.4416778,13735.781
5847,3.4391427,13739.221
5848,3.4404771,13742.661
5849,3.4431853,13746.1045
5850,3.4454312,13749.55
5851,3.4466891,13752.996
5852,3.4479601,13756.444
5853,3.4499981,13759.895
5854,3.451484,13763.346
5855,3.4532704,13766.799
5856,3.4554238,13770.254
5857,3.457994,13773.712
5858,3.4600081,13777.172
5859,3.4611065,13780.633
5860,3.462266,13784.095
5861,3.4633136,13787.558
5862,3.4636416,13791.021
5863,3.465474,13794.487
5864,3.4671373,13797.954
5865,3.4690554,13801.423
5866,3.4719124,13804.895
5867,3.4742422,13808.369
5868,3.4764493,13811.846
5869,3.4777765,13815.323
5870,3.478868,13818.802
5871,3.4802225,13822.282
5872,3.4813101,13825.764
5873,3.4823983,13829.246
5874,3.4831936,13832.7295
5875,3.483148,13836.213
5876,3.4826546,13839.695
5877,3.4825714,13843.178
5878,3.4816964,13846.659
5879,3.4821877,13850.142
5880,3.4821587,13853.624
5881,3.4818978,13857.105
5882,3.481381,13860.587
5883,3.4808123,13864.067
5884,3.4804137,13867.548
5885,3.4803517,13871.028
5886,3.4798079,13874.508
5887,3.4792812,13877.987
5888,3.479184,13881.467
5889,3.4790475,13884.946
5890,3.478941,13888.425
5891,3.4785297,13891.903
5892,3.4780755,13895.382
5893,3.4778588,13898.859
5894,3.4763892,13902.336
5895,3.4754808,13905.812
5896,3.4751005,13909.287
5897,3.4752574,13912.763
5898,3.4746847,13916.237
5899,3.4737182,13919.711
5900,3.4725628,13923.184
5901,3.471957,13926.655
5902,3.4718566,13930.127
5903,3.4714878,13933.599
5904,3.4723525,13937.071
5905,3.472677,13940.544
5906,3.4732394,13944.018
5907,3.4733531,13947.491
5908,3.4732962,13950.965
5909,3.4735494,13954.438
5910,3.4729564,13957.911
5911,3.4735227,13961.385
5912,3.4742913,13964.859
5913,3.4739938,13968.333
5914,3.4742467,13971.808
5915,3.4743087,13975.282
5916,3.4757338,13978.758
5917,3.4767535,13982.234
5918,3.4776661,13985.712
5919,3.4776933,13989.189
5920,3.4776928,13992.667
5921,3.4778795,13996.145
5922,3.4778218,13999.622
5923,3.4781137,14003.101
5924,3.4781773,14006.579
5925,3.4784758,14010.058
5926,3.4781935,14013.536
5927,3.4774644,14017.014
5928,3.4764278,14020.49
5929,3.4746435,14023.965
5930,3.4724667,14027.4375
5931,3.4712856,14030.909
5932,3.4708724,14034.38
5933,3.4711015,14037.851
5934,3.4709578,14041.321
5935,3.4702013,14044.791
5936,3.4694543,14048.261
5937,3.4686022,14051.7295
5938,3.4685223,14055.198
5939,3.4695272,14058.668
5940,3.4712634,14062.14
5941,3.472566,14065.612
5942,3.4731448,14069.086
5943,3.473137,14072.559
5944,3.4713857,14076.03
5945,3.4702742,14079.501
5946,3.4689324,14082.97
5947,3.4689324,14086.438
5948,3.4690225,14089.907
5949,3.468589,14093.376
5950,3.4679456,14096.844
5951,3.4668846,14100.311
5952,3.4648085,14103.775
5953,3.4641428,14107.239
5954,3.4634206,14110.703
5955,3.4631336,14114.166
5956,3.4627502,14117.629
5957,3.4630792,14121.092
5958,3.4648077,14124.557
5959,3.4653585,14128.022
5960,3.4649923,14131.487
5961,3.4642284,14134.951
5962,3.462818,14138.414
5963,3.4611883,14141.875
5964,3.4599068,14145.335
5965,3.4601364,14148.795
5966,3.4604633,14152.256
5967,3.461276,14155.717
5968,3.4616318,14159.179
5969,3.4614196,14162.64
5970,3.46092,14166.101
5971,3.461536,14169.5625
5972,3.4623382,14173.024
5973,3.4630344,14176.487
5974,3.4631784,14179.95
5975,3.4631915,14183.413
5976,3.463153,14186.876
5977,3.4641442,14190.34
5978,3.4652703,14193.805
5979,3.4653559,14197.2705
5980,3.4659011,14200.736
5981,3.465584,14204.202
5982,3.4654434,14207.668
5983,3.4659276,14211.134
5984,3.4653265,14214.599
5985,3.464214,14218.0625
5986,3.462852,14221.525
5987,3.4609396,14224.986
5988,3.46066,14228.447
5989,3.460768,14231.908
5990,3.4630992,14235.371
5991,3.46539,14238.837
5992,3.4680758,14242.305
5993,3.4710815,14245.775
5994,3.4723318,14249.248
5995,3.4729908,14252.721
5996,3.4740124,14256.194
5997,3.4741333,14259.669
5998,3.4737558,14263.143
5999,3.4731145,14266.615
6000,3.472702,14270.088
6001,3.4729602,14273.561
6002,3.4726071,14277.033
6003,3.4715466,14280.505
6004,3.470119,14283.975
6005,3.468024,14287.442
6006,3.465704,14290.908
6007,3.4636574,14294.372
6008,3.463576,14297.836
6009,3.4637523,14301.3
6010,3.4631703,14304.763
6011,3.4616022,14308.225
6012,3.459617,14311.685
6013,3.457533,14315.143
6014,3.4545991,14318.598
6015,3.4523773,14322.05
6016,3.4517827,14325.502
6017,3.4524145,14328.954
6018,3.452519,14332.406
6019,3.451426,14335.857
6020,3.449312,14339.307
6021,3.4483435,14342.755
6022,3.4491768,14346.204
6023,3.4501088,14349.654
6024,3.4518225,14353.106
6025,3.4526863,14356.56
6026,3.4533486,14360.013
6027,3.45346,14363.466
6028,3.4528322,14366.919
6029,3.4524531,14370.371
6030,3.4527326,14373.824
6031,3.453422,14377.277
6032,3.4545484,14380.731
6033,3.4553921,14384.187
6034,3.4578683,14387.645
6035,3.4602683,14391.1045
6036,3.4631329,14394.567
6037,3.4646962,14398.032
6038,3.4665425,14401.499
6039,3.4673986,14404.967
6040,3.4679525,14408.435
6041,3.4684677,14411.903
6042,3.4694848,14415.373
6043,3.4702797,14418.844
6044,3.4711092,14422.314
6045,3.4719121,14425.786
6046,3.472391,14429.259
6047,3.4736388,14432.732
6048,3.4746912,14436.207
6049,3.4759004,14439.683
6050,3.476419,14443.159
6051,3.4768767,14446.636
6052,3.4767108,14450.112
6053,3.4764943,14453.589
6054,3.4749486,14457.063
6055,3.4738228,14460.537
6056,3.4724343,14464.01
6057,3.4716291,14467.481
6058,3.4709935,14470.952
6059,3.4702294,14474.423
6060,3.4699044,14477.893
6061,3.4702322,14481.363
6062,3.4710584,14484.834
6063,3.471703,14488.306
6064,3.4731424,14491.778
6065,3.4740932,14495.252
6066,3.4755058,14498.728
6067,3.4764168,14502.204
6068,3.4766164,14505.681
6069,3.4765272,14509.157
6070,3.475487,14512.633
6071,3.4756856,14516.108
6072,3.4765363,14519.585
6073,3.478057,14523.063
6074,3.479375,14526.543
6075,3.480588,14530.023
6076,3.4815433,14533.505
6077,3.4820092,14536.987
6078,3.4818997,14540.469
6079,3.481485,14543.95
6080,3.4803143,14547.431
6081,3.4782164,14550.909
6082,3.4755025,14554.385
6083,3.472624,14557.857
6084,3.4699843,14561.327
6085,3.4668005,14564.794
6086,3.464165,14568.258
6087,3.4615479,14571.72
6088,3.4588847,14575.179
6089,3.455906,14578.635
6090,3.4521463,14582.087
6091,3.4499283,14585.537
6092,3.448288,14588.985
6093,3.4473164,14592.433
6094,3.4476287,14595.88
6095,3.4482706,14599.328
6096,3.4491208,14602.777
6097,3.4494944,14606.227
6098,3.4502966,14609.677
6099,3.4516575,14613.128
6100,3.4527156,14616.581
6101,3.4532993,14620.034
6102,3.4525294,14623.486
6103,3.4514773,14626.9375
6104,3.4500504,14630.388
6105,3.4491189,14633.837
6106,3.4481075,14637.285
6107,3.4473946,14640.732
6108,3.4467337,14644.179
6109,3.4463582,14647.625
6110,3.4460123,14651.071
6111,3.445115,14654.517
6112,3.4449437,14657.962
6113,3.445513,14661.407
6114,3.4467845,14664.8545
6115,3.4487453,14668.304
6116,3.4515495,14671.755
6117,3.4539557,14675.209
6118,3.4555147,14678.664
6119,3.4568813,14682.121
6120,3.4589217,14685.58
6121,3.4607973,14689.041
6122,3.463677,14692.505
6123,3.4657288,14695.971
6124,3.4684453,14699.439
6125,3.4716127,14702.911
6126,3.4740262,14706.385
6127,3.475852,14709.86
6128,3.4761138,14713.337
6129,3.4764974,14716.813
6130,3.4764385,14720.29
6131,3.4774046,14723.768
6132,3.4786067,14727.246
6133,3.4791555,14730.726
6134,3.4792087,14734.205
6135,3.478494,14737.684
6136,3.4774563,14741.161
6137,3.4775739,14744.639
6138,3.4787493,14748.117
6139,3.4802697,14751.598
6140,3.4819684,14755.08
6141,3.4828756,14758.5625
6142,3.483623,14762.046
6143,3.4838107,14765.529
6144,3.4841237,14769.014
6145,3.4847636,14772.498
6146,3.485357,14775.983
6147,3.4858801,14779.47
6148,3.4861996,14782.956
6149,3.4859989,14786.442
6150,3.4853115,14789.928
6151,3.4850688,14793.413
6152,3.4843626,14796.897
6153,3.4843087,14800.382
6154,3.4838345,14803.865
6155,3.4847286,14807.35
6156,3.4863963,14810.836
6157,3.4878612,14814.324
6158,3.4893823,14817.813
6159,3.4901407,14821.304
6160,3.4909732,14824.795
6161,3.4914687,14828.286
6162,3.491875,14831.778
6163,3.4910405,14835.27
6164,3.4896555,14838.759
6165,3.48852,14842.247
6166,3.4874048,14845.734
6167,3.4871538,14849.222
6168,3.4859393,14852.708
6169,3.4840157,14856.192
6170,3.4809299,14859.673
6171,3.4776952,14863.15
6172,3.4753904,14866.626
6173,3.4738393,14870.1
6174,3.473709,14873.573
6175,3.474017,14877.047
6176,3.4742367,14880.521
6177,3.4745924,14883.996
6178,3.4762228,14887.473
6179,3.477497,14890.95
6180,3.4783304,14894.429
6181,3.4783397,14897.907
6182,3.4785767,14901.386
6183,3.479388,14904.865
6184,3.480592,14908.346
6185,3.4812417,14911.827
6186,3.4820635,14915.31
6187,3.48207,14918.792
6188,3.4822793,14922.274
6189,3.4819708,14925.757
6190,3.482189,14929.239
6191,3.4828389,14932.722
6192,3.484345,14936.206
6193,3.4853773,14939.691
6194,3.4860017,14943.178
6195,3.4858809,14946.664
6196,3.4855738,14950.149
6197,3.4860966,14953.636
6198,3.4866714,14957.122
6199,3.4876404,14960.609
6200,3.4878557,14964.098
6201,3.4874818,14967.585
6202,3.485863,14971.071
6203,3.4841554,14974.556
6204,3.4820638,14978.038
6205,3.4799402,14981.518
6206,3.478054,14984.996
6207,3.4766564,14988.473
6208,3.4754193,14991.948
6209,3.474671,14995.423
6210,3.473898,14998.896
6211,3.4732277,15002.37
6212,3.4737127,15005.844
6213,3.4741871,15009.318
6214,3.4749494,15012.793
6215,3.4751744,15016.269
6216,3.4754262,15019.744
6217,3.4755394,15023.22
6218,3.4757006,15026.695
6219,3.4763448,15030.172
6220,3.4768035,15033.648
6221,3.4772377,15037.126
6222,3.4759455,15040.602
6223,3.4749854,15044.076
6224,3.473047,15047.549
6225,3.4713194,15051.0205
6226,3.4696143,15054.49
6227,3.4666715,15057.957
6228,3.4645069,15061.422
6229,3.4622781,15064.884
6230,3.4622731,15068.346
6231,3.4621556,15071.808
6232,3.4628618,15075.2705
6233,3.4633832,15078.734
6234,3.4650424,15082.199
6235,3.4661453,15085.665
6236,3.4659286,15089.131
6237,3.4665616,15092.598
6238,3.466235,15096.063
6239,3.4653485,15099.529
6240,3.463998,15102.993
6241,3.4613125,15106.454
6242,3.4583278,15109.912
6243,3.456961,15113.369
6244,3.4565356,15116.825
6245,3.458417,15120.283
6246,3.4591227,15123.742
6247,3.459502,15127.202
6248,3.4599123,15130.662
6249,3.4610167,15134.123
6250,3.4624493,15137.586
6251,3.4636362,15141.05
6252,3.4646797,15144.515
6253,3.4656622,15147.98
6254,3.466723,15151.447
6255,3.466557,15154.914
6256,3.466042,15158.38
6257,3.4658098,15161.846
6258,3.4654427,15165.312
6259,3.4655123,15168.777
6260,3.4648006,15172.242
6261,3.4638228,15175.706
6262,3.4638355,15179.17
6263,3.4638176,15182.634
6264,3.4633834,15186.098
6265,3.4631276,15189.561
6266,3.46236,15193.022
6267,3.4621065,15196.484
6268,3.461693,15199.946
6269,3.461413,15203.407
6270,3.4625857,15206.87
6271,3.4643338,15210.334
6272,3.4663067,15213.8
6273,3.4679735,15217.268
6274,3.469247,15220.737
6275,3.4697635,15224.207
6276,3.469983,15227.677
6277,3.4694142,15231.146
6278,3.4680386,15234.614
6279,3.4676182,15238.082
6280,3.4675784,15241.55
6281,3.4676502,15245.018
6282,3.4681075,15248.485
6283,3.4681945,15251.953
6284,3.468169,15255.421
6285,3.4676397,15258.889
6286,3.4654655,15262.3545
6287,3.4637125,15265.818
6288,3.4604297,15269.278
6289,3.4574172,15272.735
6290,3.4543164,15276.189
6291,3.451425,15279.641
6292,3.4488003,15283.09
6293,3.4466262,15286.536
6294,3.4451067,15289.981
6295,3.4443133,15293.426
6296,3.444918,15296.871
6297,3.445254,15300.316
6298,3.4455075,15303.762
6299,3.4444818,15307.206
6300,3.4424727,15310.648
6301,3.4402742,15314.089
6302,3.4371932,15317.526
6303,3.4347405,15320.961
6304,3.4320292,15324.393
6305,3.429216,15327.822
6306,3.4267073,15331.249
6307,3.424164,15334.673
6308,3.4210021,15338.094
6309,3.417919,15341.512
6310,3.4137812,15344.926
6311,3.410648,15348.337
6312,3.4080505,15351.745
6313,3.4066904,15355.151
6314,3.4047658,15358.556
6315,3.4019213,15361.958
6316,3.3988347,15365.356
6317,3.3963666,15368.753
6318,3.393565,15372.146
6319,3.3898747,15375.536
6320,3.3855662,15378.922
6321,3.3812528,15382.303
6322,3.376315,15385.679
6323,3.3710766,15389.05
6324,3.3618002,15392.411
6325,3.3606067,15395.771
6326,3.3578486,15399.129
6327,3.357521,15402.486
6328,3.3569348,15405.844
6329,3.3565135,15409.2
6330,3.3545096,15412.555
6331,3.353505,15415.908
6332,3.3518267,15419.26
6333,3.3515337,15422.611
6334,3.3524065,15425.964
6335,3.353795,15429.317
6336,3.354739,15432.672
6337,3.3560405,15436.028
6338,3.3568847,15439.385
6339,3.3586974,15442.743
6340,3.3589125,15446.103
6341,3.3592818,15449.462
6342,3.3584588,15452.82
6343,3.358416,15456.179
6344,3.3575103,15459.536
6345,3.356253,15462.893
6346,3.3572035,15466.25
6347,3.3578742,15469.607
6348,3.3595333,15472.967
6349,3.362022,15476.329
6350,3.3637729,15479.693
6351,3.364068,15483.058
6352,3.3629773,15486.421
6353,3.3624687,15489.783
6354,3.3618927,15493.1455
6355,3.3597803,15496.505
6356,3.358183,15499.863
6357,3.3563342,15503.22
6358,3.35543,15506.575
6359,3.3540337,15509.93
6360,3.3546154,15513.284
6361,3.3535323,15516.638
6362,3.3510132,15519.988
6363,3.3493729,15523.338
6364,3.346716,15526.685
6365,3.3458657,15530.03
6366,3.3446758,15533.375
6367,3.3414273,15536.717
6368,3.3386242,15540.056
6369,3.3350027,15543.391
6370,3.332579,15546.724
6371,3.3310595,15550.055
6372,3.3294876,15553.384
6373,3.3295436,15556.713
6374,3.3282037,15560.041
6375,3.3278368,15563.369
6376,3.325694,15566.695
6377,3.3236542,15570.019
6378,3.3215284,15573.34
6379,3.3169012,15576.657
6380,3.311117,15579.969
6381,3.303833,15583.272
6382,3.2981784,15586.57
6383,3.2914908,15589.861
6384,3.2849922,15593.146
6385,3.2780414,15596.425
6386,3.2715704,15599.696
6387,3.2653759,15602.962
6388,3.2597165,15606.222
6389,3.2540445,15609.476
6390,3.2482522,15612.724
6391,3.240939,15615.965
6392,3.23127,15619.196
6393,3.2212796,15622.418
6394,3.2126732,15625.631
6395,3.2063184,15628.837
6396,3.20117,15632.038
6397,3.1963775,15635.234
6398,3.192241,15638.427
6399,3.1879544,15641.614
6400,3.1822734,15644.797
6401,3.1749175,15647.972
6402,3.1669724,15651.139
6403,3.1587312,15654.298
6404,3.1523938,15657.45
6405,3.146522,15660.597
6406,3.1418953,15663.738
6407,3.1370625,15666.875
6408,3.1343617,15670.01
6409,3.1320393,15673.142
6410,3.1318536,15676.273
6411,3.1321282,15679.405
6412,3.1342404,15682.539
6413,3.1345406,15685.674
6414,3.1339018,15688.808
6415,3.1309404,15691.938
6416,3.1282516,15695.066
6417,3.1249926,15698.191
6418,3.1240027,15701.315
6419,3.1217167,15704.4375
6420,3.1202319,15707.558
6421,3.1167285,15710.675
6422,3.1160486,15713.791
6423,3.1134305,15716.904
6424,3.1114318,15720.016
6425,3.1067617,15723.122
6426,3.1037364,15726.226
6427,3.099328,15729.325
6428,3.1001706,15732.426
6429,3.10087,15735.526
6430,3.1050198,15738.632
6431,3.1068249,15741.738
6432,3.111377,15744.85
6433,3.1137068,15747.963
6434,3.1194909,15751.082
6435,3.1229107,15754.205
6436,3.129679,15757.335
6437,3.1335344,15760.469
6438,3.1360989,15763.6045
6439,3.1346724,15766.739
6440,3.133088,15769.872
6441,3.1316977,15773.004
6442,3.1325362,15776.137
6443,3.1309962,15779.268
6444,3.1292236,15782.396
6445,3.1259418,15785.522
6446,3.1249423,15788.647
6447,3.1239426,15791.771
6448,3.1262875,15794.897
6449,3.1300979,15798.027
6450,3.1353893,15801.163
6451,3.1389318,15804.302
6452,3.1429718,15807.444
6453,3.146068,15810.591
6454,3.1461127,15813.737
6455,3.1429992,15816.88
6456,3.1383986,15820.019
6457,3.1356342,15823.154
6458,3.1358209,15826.29
6459,3.1374333,15829.428
6460,3.1391962,15832.567
6461,3.14116,15835.709
6462,3.1441424,15838.854
6463,3.1455517,15841.999
6464,3.1437206,15845.143
6465,3.140546,15848.283
6466,3.1362903,15851.42
6467,3.1338491,15854.554
6468,3.1339705,15857.6875
6469,3.1340451,15860.821
6470,3.1331165,15863.954
6471,3.1323183,15867.086
6472,3.1327002,15870.219
6473,3.1338282,15873.353
6474,3.1365707,15876.489
6475,3.13954,15879.629
6476,3.143169,15882.772
6477,3.1458273,15885.918
6478,3.146578,15889.064
6479,3.146328,15892.211
6480,3.1464381,15895.357
6481,3.1462996,15898.504
6482,3.1450284,15901.649
6483,3.144441,15904.794
6484,3.145157,15907.939
6485,3.1468945,15911.086
6486,3.1687255,15914.255
6487,3.18919,15917.444
6488,3.1998696,15920.645
6489,3.2051883,15923.85
6490,3.2107587,15927.061
6491,3.213945,15930.274
6492,3.2211483,15933.495
6493,3.22797,15936.723
6494,3.2397003,15939.962
6495,3.2495291,15943.212
6496,3.261698,15946.474
6497,3.2713144,15949.745
6498,3.283007,15953.028
6499,3.2926836,15956.321
6500,3.303526,15959.625
6501,3.3117428,15962.937
6502,3.3191905,15966.256
6503,3.3246427,15969.58
6504,3.329756,15972.91
6505,3.3357053,15976.246
6506,3.3424323,15979.589
6507,3.3486583,15982.9375
6508,3.3547616,15986.292
6509,3.3599703,15989.652
6510,3.3638048,15993.017
6511,3.3673944,15996.384
6512,3.3707278,15999.755
6513,3.3742452,16003.129
6514,3.3775222,16006.507
6515,3.3807993,16009.888
6516,3.3842306,16013.271
6517,3.3875463,16016.659
6518,3.3922036,16020.052
6519,3.397108,16023.449
6520,3.4008486,16026.85
6521,3.4031787,16030.253
6522,3.4056714,16033.658
6523,3.408539,16037.066
6524,3.41179,16040.479
6525,3.414945,16043.894
6526,3.4171798,16047.311
6527,3.4196084,16050.73
6528,3.4209383,16054.151
6529,3.422196,16057.573
6530,3.4237301,16060.997
6531,3.4252374,16064.422
6532,3.4269018,16067.849
6533,3.4303048,16071.279
6534,3.4344518,16074.714
6535,3.437853,16078.151
6536,3.4414902,16081.593
6537,3.444998,16085.038
6538,3.448018,16088.486
6539,3.4518328,16091.938
6540,3.454663,16095.394
6541,3.458653,16098.853
6542,3.4619768,16102.314
6543,3.4674423,16105.782
6544,3.4738834,16109.256
6545,3.479813,16112.735
6546,3.4850936,16116.221
6547,3.4905038,16119.711
6548,3.4960356,16123.207
6549,3.502301,16126.709
6550,3.5085366,16130.218
6551,3.5136743,16133.731
6552,3.5182343,16137.25
6553,3.5225646,16140.772
6554,3.525916,16144.299
6555,3.5285687,16147.827
6556,3.5305188,16151.357
6557,3.532423,16154.89
6558,3.534676,16158.425
6559,3.5362825,16161.961
6560,3.53709,16165.498
6561,3.5371642,16169.035
6562,3.5368974,16172.572
6563,3.5374746,16176.109
6564,3.5393264,16179.648
6565,3.5402021,16183.188
6566,3.5407474,16186.7295
6567,3.5401506,16190.27
6568,3.5393367,16193.809
6569,3.5378733,16197.347
6570,3.5370986,16200.884
6571,3.5362203,16204.42
6572,3.535396,16207.955
6573,3.534639,16211.489
6574,3.533849,16215.023
6575,3.532862,16218.557
6576,3.532529,16222.089
6577,3.531165,16225.62
6578,3.5291457,16229.149
6579,3.5268965,16232.677
6580,3.5245714,16236.201
6581,3.5222092,16239.724
6582,3.5196888,16243.243
6583,3.5174642,16246.761
6584,3.5163443,16250.277
6585,3.5150542,16253.792
6586,3.5137372,16257.306
6587,3.512127,16260.817
6588,3.510243,16264.327
6589,3.5086672,16267.836
6590,3.5071611,16271.343
6591,3.5054026,16274.849
6592,3.5044665,16278.354
6593,3.5036047,16281.857
6594,3.5016055,16285.359
6595,3.4975414,16288.856
6596,3.49254,16292.349
6597,3.4888887,16295.838
6598,3.4869897,16299.325
6599,3.485419,16302.811
6600,3.4845352,16306.295
6601,3.4843004,16309.779
6602,3.4852233,16313.265
6603,3.485729,16316.75
6604,3.4860122,16320.236
6605,3.486712,16323.723
6606,3.4882805,16327.211
6607,3.490799,16330.702
6608,3.493331,16334.195
6609,3.4959729,16337.691
6610,3.4985561,16341.19
6611,3.5005953,16344.691
6612,3.5031395,16348.194
6613,3.5054522,16351.7
6614,3.5086539,16355.209
6615,3.512242,16358.722
6616,3.5162675,16362.238
6617,3.5194578,16365.758
6618,3.5236897,16369.281
6619,3.5273128,16372.809
6620,3.5311258,16376.34
6621,3.5338352,16379.874
6622,3.5365207,16383.41
6623,3.5391107,16386.95
6624,3.542013,16390.492
6625,3.543912,16394.035
6626,3.5456095,16397.58
6627,3.5461802,16401.127
6628,3.5462356,16404.674
6629,3.5459735,16408.22
6630,3.5446758,16411.766
6631,3.5434237,16415.309
6632,3.541659,16418.85
6633,3.540619,16422.39
6634,3.5397825,16425.93
6635,3.5393143,16429.469
6636,3.539026,16433.008
6637,3.5388265,16436.547
6638,3.5389197,16440.086
6639,3.538064,16443.623
6640,3.5368233,16447.16
6641,3.5366204,16450.697
6642,3.537038,16454.234
6643,3.5378344,16457.771
6644,3.537634,16461.309
6645,3.5371609,16464.846
6646,3.5357046,16468.38
6647,3.5347357,16471.916
6648,3.5334778,16475.45
6649,3.533324,16478.982
6650,3.5333219,16482.516
6651,3.5331423,16486.049
6652,3.5326767,16489.582
6653,3.5325503,16493.115
6654,3.5324154,16496.648
6655,3.5321677,16500.18
6656,3.5317454,16503.71
6657,3.5299544,16507.24
6658,3.5284612,16510.77
6659,3.5267959,16514.297
6660,3.5253706,16517.822
6661,3.523854,16521.346
6662,3.5218303,16524.867
6663,3.5200143,16528.387
6664,3.5184636,16531.904
6665,3.5178897,16535.422
6666,3.5174441,16538.94
6667,3.5170393,16542.457
6668,3.5163324,16545.973
6669,3.5165095,16549.488
6670,3.5182295,16553.006
6671,3.5207672,16556.527
6672,3.5238464,16560.05
6673,3.527007,16563.578
6674,3.5305262,16567.11
6675,3.5336657,16570.643
6676,3.5366046,16574.18
6677,3.5398006,16577.719
6678,3.5434368,16581.262
6679,3.5473275,16584.809
6680,3.5516696,16588.36
6681,3.5553458,16591.914
6682,3.558268,16595.473
6683,3.559863,16599.033
6684,3.56085,16602.594
6685,3.5613449,16606.154
6686,3.5614858,16609.715
6687,3.5615313,16613.277
6688,3.5619836,16616.84
6689,3.5620282,16620.402
6690,3.5626285,16623.965
6691,3.5633361,16627.527
6692,3.5642571,16631.092
6693,3.564674,16634.656
6694,3.564096,16638.22
6695,3.5633056,16641.783
6696,3.563066,16645.346
6697,3.5634758,16648.908
6698,3.5659544,16652.475
6699,3.567763,16656.043
6700,3.5691533,16659.611
6701,3.5696228,16663.182
6702,3.5688515,16666.75
6703,3.5677257,16670.318
6704,3.5671937,16673.885
6705,3.567287,16677.451
6706,3.5683422,16681.02
6707,3.5695212,16684.59
6708,3.5708117,16688.16
6709,3.5723674,16691.732
6710,3.574304,16695.307
6711,3.5760448,16698.883
6712,3.5778792,16702.46
6713,3.578631,16706.04
6714,3.5784178,16709.617
6715,3.578267,16713.195
6716,3.5773296,16716.773
6717,3.576121,16720.35
6718,3.5754662,16723.926
6719,3.5766673,16727.502
6720,3.5774753,16731.08
6721,3.579103,16734.66
6722,3.5804524,16738.24
6723,3.5822253,16741.822
6724,3.584244,16745.406
6725,3.5856776,16748.992
6726,3.5862393,16752.578
6727,3.587308,16756.166
6728,3.5887473,16759.754
6729,3.5893888,16763.344
6730,3.58869,16766.932
6731,3.5876098,16770.52
6732,3.5862002,16774.105
6733,3.5846505,16777.69
6734,3.5823638,16781.271
6735,3.58063,16784.852
6736,3.5789962,16788.43
6737,3.5772576,16792.008
6738,3.5758836,16795.584
6739,3.5753145,16799.16
6740,3.574368,16802.734
6741,3.5738554,16806.309
6742,3.5730836,16809.88
6743,3.5720303,16813.453
6744,3.5703604,16817.023
6745,3.5692928,16820.592
6746,3.5679944,16824.16
6747,3.5665698,16827.727
6748,3.5652544,16831.291
6749,3.5645838,16834.855
6750,3.5647106,16838.42
6751,3.5649092,16841.984
6752,3.5652797,16845.549
6753,3.5652292,16849.113
6754,3.5662484,16852.68
6755,3.567734,16856.248
6756,3.5763445,16859.824
6757,3.5853624,16863.41
6758,3.5906885,16867.0
6759,3.5929058,16870.594
6760,3.594972,16874.19
6761,3.5977411,16877.787
6762,3.6001382,16881.387
6763,3.6024432,16884.988
6764,3.6034474,16888.592
6765,3.6041775,16892.195
6766,3.6045048,16895.8
6767,3.6035266,16899.404
6768,3.6018605,16903.006
6769,3.6011617,16906.607
6770,3.6013546,16910.209
6771,3.6016474,16913.81
6772,3.602378,16917.412
6773,3.6021168,16921.014
6774,3.6021273,16924.615
6775,3.602158,16928.217
6776,3.6032827,16931.82
6777,3.603479,16935.424
6778,3.6035428,16939.027
6779,3.6028612,16942.63
6780,3.6041982,16946.234
6781,3.6058395,16949.84
6782,3.6078777,16953.447
6783,3.609673,16957.057
6784,3.6124945,16960.67
6785,3.614657,16964.285
6786,3.6165266,16967.902
6787,3.618535,16971.521
6788,3.6208484,16975.143
6789,3.6245437,16978.768
6790,3.6295493,16982.396
6791,3.633895,16986.031
6792,3.6393805,16989.67
6793,3.6442263,16993.314
6794,3.6489494,16996.963
6795,3.6523569,17000.615
6796,3.655913,17004.271
6797,3.660202,17007.932
6798,3.6649666,17011.596
6799,3.6680286,17015.264
6800,3.6709368,17018.936
6801,3.6738307,17022.61
6802,3.675949,17026.285
6803,3.6791415,17029.965
6804,3.682648,17033.648
6805,3.685683,17037.334
6806,3.6893094,17041.023
6807,3.6922657,17044.715
6808,3.6930668,17048.408
6809,3.6944253,17052.104
6810,3.6939614,17055.797
6811,3.6949716,17059.492
6812,3.6962593,17063.188
6813,3.6990001,17066.887
6814,3.7024376,17070.59
6815,3.7041588,17074.295
6816,3.704215,17078.0
6817,3.7037778,17081.703
6818,3.7032256,17085.406
6819,3.7023504,17089.11
6820,3.7009454,17092.81
6821,3.7003813,17096.512
6822,3.700827,17100.213
6823,3.7020388,17103.914
6824,3.7026894,17107.617
6825,3.7030766,17111.32
6826,3.703122,17115.023
6827,3.7028928,17118.727
6828,3.7031164,17122.43
6829,3.7044249,17126.135
6830,3.7066922,17129.842
6831,3.707835,17133.549
6832,3.7090254,17137.258
6833,3.708952,17140.967
6834,3.7085454,17144.676
6835,3.7072225,17148.383
6836,3.7038379,17152.086
6837,3.7011752,17155.787
6838,3.6998043,17159.486
6839,3.7000341,17163.186
6840,3.702176,17166.889
6841,3.7037778,17170.592
6842,3.7054358,17174.297
6843,3.7064471,17178.004
6844,3.7083938,17181.713
6845,3.7086935,17185.422
6846,3.7067976,17189.129
6847,3.7047238,17192.834
6848,3.7016604,17196.535
6849,3.6996863,17200.234
6850,3.6958826,17203.93
6851,3.691767,17207.621
6852,3.6877127,17211.309
6853,3.686589,17214.996
6854,3.6881597,17218.684
6855,3.6893692,17222.373
6856,3.68985,17226.062
6857,3.689983,17229.752
6858,3.69131,17233.443
6859,3.693785,17237.137
6860,3.6976056,17240.834
6861,3.6996999,17244.533
6862,3.6996324,17248.232
6863,3.6987252,17251.932
6864,3.6972158,17255.629
6865,3.6973062,17259.326
6866,3.6991584,17263.025
6867,3.701724,17266.727
6868,3.7043893,17270.432
6869,3.7062802,17274.139
6870,3.7074459,17277.846
6871,3.7080157,17281.555
6872,3.7071884,17285.262
6873,3.7070098,17288.969
6874,3.7080238,17292.678
6875,3.7084157,17296.387
6876,3.708706,17300.096
6877,3.7095048,17303.805
6878,3.7092597,17307.514
6879,3.7090611,17311.223
6880,3.7092223,17314.932
6881,3.7090435,17318.64
6882,3.7102458,17322.352
6883,3.7117562,17326.062
6884,3.7127328,17329.775
6885,3.7123601,17333.488
6886,3.7104208,17337.2
6887,3.7090185,17340.908
6888,3.7086773,17344.617
6889,3.7101288,17348.328
6890,3.7125316,17352.041
6891,3.714646,17355.756
6892,3.713349,17359.469
6893,3.7100837,17363.18
6894,3.7064137,17366.887
6895,3.7034633,17370.59
6896,3.6999567,17374.29
6897,3.6992147,17377.988
6898,3.7010417,17381.69
6899,3.7034895,17385.393
6900,3.705402,17389.098
6901,3.706444,17392.805
6902,3.7076583,17396.512
6903,3.7084308,17400.22
6904,3.708284,17403.93
6905,3.7082465,17407.639
6906,3.709463,17411.348
6907,3.711537,17415.059
6908,3.7148044,17418.773
6909,3.7164662,17422.49
6910,3.717297,17426.207
6911,3.7176585,17429.924
6912,3.7193234,17433.643
6913,3.721647,17437.363
6914,3.722943,17441.086
6915,3.722622,17444.809
6916,3.720306,17448.53
6917,3.71794,17452.248
6918,3.7126548,17455.96
6919,3.7089117,17459.67
6920,3.7060158,17463.375
6921,3.7042098,17467.08
6922,3.7043288,17470.785
6923,3.7048001,17474.49
6924,3.706475,17478.197
6925,3.707838,17481.904
6926,3.7093437,17485.613
6927,3.7104404,17489.324
6928,3.7108672,17493.035
6929,3.7106783,17496.746
6930,3.7108986,17500.457
6931,3.7109685,17504.168
6932,3.7126317,17507.88
6933,3.7153413,17511.596
6934,3.7189817,17515.314
6935,3.7208471,17519.035
6936,3.7214072,17522.756
6937,3.7211285,17526.477
6938,3.7223663,17530.2
6939,3.7235916,17533.922
6940,3.7230663,17537.645
6941,3.7214177,17541.365
6942,3.7191975,17545.084
6943,3.7183068,17548.803
6944,3.7175164,17552.52
6945,3.71666,17556.236
6946,3.714986,17559.951
6947,3.7136056,17563.664
6948,3.7135742,17567.377
6949,3.7137191,17571.09
6950,3.7144215,17574.805
6951,3.7143066,17578.52
6952,3.7119281,17582.232
6953,3.7104208,17585.943
6954,3.709434,17589.652
6955,3.7086318,17593.361
6956,3.7084637,17597.07
6957,3.7076845,17600.777
6958,3.7064655,17604.484
6959,3.705719,17608.19
6960,3.7051277,17611.895
6961,3.706306,17615.602
6962,3.7085512,17619.31
6963,3.7100933,17623.021
6964,3.7099884,17626.732
6965,3.708731,17630.441
6966,3.7078285,17634.148
6967,3.707651,17637.855
6968,3.707316,17641.562
6969,3.7066479,17645.27
6970,3.707349,17648.977
6971,3.7077324,17652.684
6972,3.7076974,17656.39
6973,3.7080853,17660.1
6974,3.7100298,17663.81
6975,3.7118254,17667.521
6976,3.7127569,17671.234
6977,3.7130792,17674.947
6978,3.7119424,17678.66
6979,3.7114258,17682.371
6980,3.7110329,17686.082
6981,3.7110684,17689.793
6982,3.712004,17693.506
6983,3.7131078,17697.219
6984,3.71499,17700.934
6985,3.7164419,17704.65
6986,3.7177303,17708.367
6987,3.718808,17712.086
6988,3.719077,17715.805
6989,3.7199795,17719.525
6990,3.7227817,17723.248
6991,3.7251575,17726.973
6992,3.7274306,17730.7
6993,3.728713,17734.428
6994,3.7298307,17738.158
6995,3.7294586,17741.887
6996,3.7303982,17745.617
6997,3.7314847,17749.35
6998,3.732986,17753.082
6999,3.7323568,17756.814
7000,3.729676,17760.545
7001,3.7284894,17764.273
7002,3.727812,17768.002
7003,3.7264657,17771.729
7004,3.7254426,17775.453
7005,3.725992,17779.18
7006,3.7268934,17782.906
7007,3.7266243,17786.633
7008,3.7262304,17790.36
7009,3.7265408,17794.086
7010,3.7258673,17797.812
7011,3.7245762,17801.537
7012,3.7242098,17805.262
7013,3.7229795,17808.984
7014,3.7214892,17812.705
7015,3.7211761,17816.426
7016,3.723225,17820.148
7017,3.7235065,17823.871
7018,3.721994,17827.594
7019,3.7194111,17831.312
7020,3.7170024,17835.03
7021,3.7159534,17838.746
7022,3.714564,17842.46
7023,3.712756,17846.174
7024,3.7096226,17849.883
7025,3.7069223,17853.59
7026,3.7052288,17857.295
7027,3.7052543,17861.0
7028,3.7048562,17864.705
7029,3.7044237,17868.41
7030,3.7048562,17872.115
7031,3.7067053,17875.822
7032,3.710072,17879.533
7033,3.7117412,17883.244
7034,3.712394,17886.957
7035,3.7120104,17890.67
7036,3.7106774,17894.38
7037,3.7090883,17898.09
7038,3.7062447,17901.797
7039,3.7051506,17905.502
7040,3.7055054,17909.207
7041,3.7060604,17912.914
7042,3.7067266,17916.621
7043,3.7068493,17920.328
7044,3.70797,17924.035
7045,3.70875,17927.744
7046,3.710114,17931.455
7047,3.7114923,17935.166
7048,3.7137825,17938.879
7049,3.7147353,17942.594
7050,3.714638,17946.309
7051,3.7142982,17950.023
7052,3.713866,17953.736
7053,3.7137418,17957.45
7054,3.7141418,17961.164
7055,3.7146404,17964.879
7056,3.7143147,17968.594
7057,3.7136624,17972.307
7058,3.7121887,17976.02
7059,3.71169,17979.73
7060,3.7114766,17983.441
7061,3.7096608,17987.15
7062,3.707174,17990.857
7063,3.7058098,17994.562
7064,3.704293,17998.268
7065,3.7044084,18001.973
7066,3.706888,18005.68
7067,3.7083485,18009.389
7068,3.7084966,18013.098
7069,3.708861,18016.807
7070,3.708781,18020.516
7071,3.7079213,18024.223
7072,3.7067986,18027.93
7073,3.7068596,18031.637
7074,3.7080886,18035.346
7075,3.7089102,18039.055
7076,3.7079928,18042.762
7077,3.7067842,18046.469
7078,3.7069378,18050.176
7079,3.7078784,18053.883
7080,3.7097032,18057.592
7081,3.7114882,18061.303
7082,3.7138848,18065.018
7083,3.7148986,18068.732
7084,3.7141643,18072.447
7085,3.713513,18076.16
7086,3.7129142,18079.873
7087,3.713485,18083.586
7088,3.7149603,18087.3
7089,3.7150316,18091.016
7090,3.7133167,18094.729
7091,3.7119653,18098.441
7092,3.7121108,18102.154
7093,3.7130094,18105.867
7094,3.7147212,18109.582
7095,3.7155766,18113.297
7096,3.7159152,18117.014
7097,3.715463,18120.729
7098,3.715119,18124.443
7099,3.714056,18128.158
7100,3.7125216,18131.871
7101,3.711417,18135.582
7102,3.7109957,18139.293
7103,3.710342,18143.004
7104,3.7092974,18146.713
7105,3.7082696,18150.422
7106,3.7061248,18154.129
7107,3.704209,18157.834
7108,3.7037835,18161.537
7109,3.704494,18165.242
7110,3.7049282,18168.947
7111,3.7054527,18172.652
7112,3.705985,18176.357
7113,3.706804,18180.064
7114,3.7094061,18183.773
7115,3.7110448,18187.484
7116,3.7128797,18191.197
7117,3.7118754,18194.908
7118,3.7086825,18198.617
7119,3.704959,18202.322
7120,3.700842,18206.023
7121,3.6994216,18209.723
7122,3.6995165,18213.422
7123,3.6989665,18217.121
7124,3.697798,18220.818
7125,3.6978862,18224.516
7126,3.699338,18228.215
7127,3.6986969,18231.914
7128,3.6962547,18235.61
7129,3.6959147,18239.305
7130,3.698006,18243.002
7131,3.700083,18246.701
7132,3.702499,18250.404
7133,3.7026443,18254.107
7134,3.7014744,18257.809
7135,3.700038,18261.508
7136,3.700192,18265.207
7137,3.7011845,18268.908
7138,3.703138,18272.611
7139,3.7049174,18276.316
7140,3.7059202,18280.021
7141,3.706075,18283.729
7142,3.7060597,18287.436
7143,3.7055504,18291.14
7144,3.7047703,18294.846
7145,3.7048078,18298.55
7146,3.7041225,18302.256
7147,3.702708,18305.959
7148,3.7004867,18309.66
7149,3.6991146,18313.36
7150,3.698754,18317.059
7151,3.6986797,18320.758
7152,3.6990047,18324.457
7153,3.7003376,18328.158
7154,3.70212,18331.86
7155,3.7040336,18335.562
7156,3.7045097,18339.268
7157,3.7046762,18342.973
7158,3.7053196,18346.678
7159,3.7066264,18350.385
7160,3.7081974,18354.094
7161,3.710862,18357.805
7162,3.713757,18361.518
7163,3.7155278,18365.232
7164,3.7177098,18368.95
7165,3.7185974,18372.668
7166,3.7203448,18376.389
7167,3.719524,18380.107
7168,3.7165692,18383.824
7169,3.7132204,18387.537
7170,3.7113698,18391.248
7171,3.7109487,18394.959
7172,3.7115405,18398.67
7173,3.7112463,18402.38
7174,3.711388,18406.092
7175,3.7117355,18409.803
7176,3.7121005,18413.516
7177,3.7120583,18417.229
7178,3.7109065,18420.94
7179,3.7102275,18424.65
7180,3.7098918,18428.36
7181,3.7091024,18432.068
7182,3.7091565,18435.777
7183,3.7086399,18439.486
7184,3.7078066,18443.193
7185,3.7065814,18446.9
7186,3.706361,18450.607
7187,3.707389,18454.314
7188,3.709016,18458.023
7189,3.7088025,18461.732
7190,3.7075489,18465.44
7191,3.7069538,18469.146
7192,3.7068331,18472.854
7193,3.7077632,18476.56
7194,3.7089527,18480.27
7195,3.7098217,18483.979
7196,3.711917,18487.691
7197,3.7136083,18491.404
7198,3.7138836,18495.12
7199,3.7125316,18498.832
7200,3.7099578,18502.541
7201,3.708817,18506.25
7202,3.70932,18509.959
7203,3.7093396,18513.668
7204,3.7066085,18517.375
7205,3.7045047,18521.08
7206,3.7040462,18524.783
7207,3.7051046,18528.488
7208,3.7057545,18532.193
7209,3.7058563,18535.898
7210,3.7052603,18539.604
7211,3.7063746,18543.31
7212,3.7079358,18547.018
7213,3.708831,18550.727
7214,3.707389,18554.434
7215,3.7057095,18558.139
7216,3.7040029,18561.842
7217,3.703244,18565.545
7218,3.7032864,18569.248
7219,3.7033987,18572.951
7220,3.7032259,18576.654
7221,3.7029824,18580.357
7222,3.702021,18584.059
7223,3.7023582,18587.762
7224,3.7047877,18591.467
7225,3.70683,18595.174
7226,3.7080722,18598.883
7227,3.7080514,18602.592
7228,3.706591,18606.299
7229,3.7048194,18610.004
7230,3.7027087,18613.707
7231,3.7018294,18617.408
7232,3.7024138,18621.111
7233,3.7022536,18624.814
7234,3.7020462,18628.516
7235,3.701498,18632.217
7236,3.698625,18635.916
7237,3.6958063,18639.611
7238,3.6942492,18643.305
7239,3.6938243,18646.998
7240,3.6941915,18650.691
7241,3.6951692,18654.387
7242,3.696184,18658.082
7243,3.6968734,18661.78
7244,3.697799,18665.477
7245,3.6984053,18669.176
7246,3.6981924,18672.873
7247,3.6980488,18676.57
7248,3.6982734,18680.27
7249,3.6998482,18683.969
7250,3.7026002,18687.672
7251,3.7045019,18691.377
7252,3.7057884,18695.082
7253,3.7065294,18698.79
7254,3.7067525,18702.496
7255,3.7075295,18706.203
7256,3.7085977,18709.912
7257,3.7104585,18713.623
7258,3.7146924,18717.338
7259,3.7172778,18721.055
7260,3.7181911,18724.773
7261,3.7176857,18728.49
7262,3.7154183,18732.205
7263,3.7144973,18735.92
7264,3.7154415,18739.635
7265,3.7181904,18743.354
7266,3.721581,18747.074
7267,3.7222373,18750.797
7268,3.7201247,18754.518
7269,3.7177734,18758.234
7270,3.7156007,18761.95
7271,3.7152987,18765.664
7272,3.715844,18769.38
7273,3.7160225,18773.098
7274,3.7158802,18776.814
7275,3.7152486,18780.53
7276,3.7142467,18784.244
7277,3.7137463,18787.957
7278,3.714478,18791.672
7279,3.715251,18795.387
7280,3.715006,18799.102
7281,3.7145147,18802.816
7282,3.7144277,18806.531
7283,3.7135735,18810.244
7284,3.7113397,18813.955
7285,3.7099047,18817.664
7286,3.7086923,18821.373
7287,3.7075393,18825.08
7288,3.7066512,18828.787
7289,3.7064705,18832.494
7290,3.7092276,18836.203
7291,3.7115004,18839.914
7292,3.7129521,18843.627
7293,3.713912,18847.342
7294,3.7169604,18851.059
7295,3.717414,18854.775
7296,3.7163732,18858.492
7297,3.714903,18862.207
7298,3.713764,18865.92
7299,3.7125957,18869.633
7300,3.7103064,18873.344
7301,3.707752,18877.05
7302,3.7062316,18880.758
7303,3.706369,18884.465
7304,3.705611,18888.17
7305,3.7044232,18891.875
7306,3.7031658,18895.578
7307,3.7015033,18899.28
7308,3.6980748,18902.977
7309,3.695934,18906.672
7310,3.695541,18910.367
7311,3.6964552,18914.064
7312,3.6984193,18917.764
7313,3.7006667,18921.465
7314,3.7029715,18925.168
7315,3.7044792,18928.873
7316,3.7050788,18932.578
7317,3.705426,18936.283
7318,3.7056668,18939.988
7319,3.7056158,18943.693
7320,3.70504,18947.398
7321,3.7044237,18951.104
7322,3.7043753,18954.809
7323,3.7045572,18958.514
7324,3.7042754,18962.219
7325,3.70442,18965.924
7326,3.7045367,18969.629
7327,3.7044857,18973.334
7328,3.704569,18977.04
7329,3.7051036,18980.744
7330,3.7055569,18984.45
7331,3.7047122,18988.154
7332,3.7032626,18991.857
7333,3.7021039,18995.559
7334,3.7019973,18999.26
7335,3.7028167,19002.963
7336,3.703159,19006.666
7337,3.7033932,19010.37
7338,3.7049694,19014.074
7339,3.7074974,19017.781
7340,3.7102258,19021.492
7341,3.7104957,19025.203
7342,3.7075648,19028.91
7343,3.7042227,19032.615
7344,3.7022696,19036.318
7345,3.7019987,19040.02
7346,3.7029016,19043.723
7347,3.7030118,19047.426
7348,3.7033596,19051.129
7349,3.7036023,19054.832
7350,3.7038486,19058.535
7351,3.704832,19062.24
7352,3.7067692,19065.947
7353,3.7080712,19069.656
7354,3.7076995,19073.363
7355,3.7063746,19077.07
7356,3.7040725,19080.773
7357,3.7033365,19084.477
7358,3.704027,19088.18
7359,3.7049985,19091.885
7360,3.7058237,19095.59
7361,3.7052288,19099.295
7362,3.704197,19103.0
7363,3.7040377,19106.703
7364,3.7041638,19110.408
7365,3.7037172,19114.111
7366,3.7020378,19117.812
7367,3.7006295,19121.514
7368,3.699338,19125.213
7369,3.6994653,19128.912
7370,3.6998374,19132.611
7371,3.7002175,19136.312
7372,3.701543,19140.014
7373,3.7027524,19143.717
7374,3.7025764,19147.42
7375,3.701462,19151.121
7376,3.7001758,19154.82
7377,3.6983972,19158.52
7378,3.6957662,19162.215
7379,3.6946251,19165.91
7380,3.697071,19169.607
7381,3.6991508,19173.307
7382,3.699525,19177.006
7383,3.7002292,19180.707
7384,3.7000768,19184.406
7385,3.7005792,19188.107
7386,3.7019086,19191.809
7387,3.7027576,19195.512
7388,3.7043877,19199.217
7389,3.7062068,19202.924
7390,3.7084835,19206.633
7391,3.7100575,19210.344
7392,3.7107892,19214.055
7393,3.7117898,19217.766
7394,3.7131174,19221.479
7395,3.7135828,19225.191
7396,3.7136505,19228.904
7397,3.7135942,19232.617
7398,3.7130432,19236.33
7399,3.7115622,19240.041
7400,3.7117674,19243.752
7401,3.712627,19247.465
7402,3.7127283,19251.178
7403,3.7119145,19254.89
7404,3.7103643,19258.602
7405,3.7080638,19262.31
7406,3.706906,19266.018
7407,3.7067633,19269.725
7408,3.705887,19273.43
7409,3.7048018,19277.135
7410,3.7047744,19280.84
7411,3.704494,19284.545
7412,3.7032583,19288.248
7413,3.7027905,19291.951
7414,3.7012823,19295.652
7415,3.7012074,19299.354
7416,3.7017581,19303.055
7417,3.702184,19306.758
7418,3.7022305,19310.46
7419,3.701764,19314.162
7420,3.700541,19317.863
7421,3.6996171,19321.562
7422,3.6994123,19325.262
7423,3.7006817,19328.963
7424,3.701917,19332.664
7425,3.7023184,19336.367
7426,3.7030761,19340.07
7427,3.703633,19343.773
7428,3.7033434,19347.477
7429,3.7031417,19351.18
7430,3.7040212,19354.883
7431,3.704749,19358.588
7432,3.706466,19362.295
7433,3.7086918,19366.004
7434,3.7109058,19369.715
7435,3.7123625,19373.428
7436,3.7153392,19377.143
7437,3.7174678,19380.86
7438,3.7187982,19384.578
7439,3.7179818,19388.297
7440,3.7153497,19392.012
7441,3.7140732,19395.727
7442,3.7141173,19399.441
7443,3.7137604,19403.154
7444,3.7127144,19406.867
7445,3.7122128,19410.58
7446,3.7096596,19414.29
7447,3.7078977,19417.996
7448,3.7072492,19421.703
7449,3.7066762,19425.41
7450,3.7045012,19429.115
7451,3.7029724,19432.818
7452,3.7024727,19436.521
7453,3.7033074,19440.225
7454,3.7050238,19443.93
7455,3.706601,19447.637
7456,3.708016,19451.346
7457,3.7094848,19455.055
7458,3.711204,19458.766
7459,3.7111778,19462.477
7460,3.7092125,19466.186
7461,3.706826,19469.893
7462,3.7037578,19473.596
7463,3.701289,19477.297
7464,3.6986291,19480.996
7465,3.6972232,19484.693
7466,3.6962874,19488.389
7467,3.69558,19492.084
7468,3.6949873,19495.78
7469,3.6941736,19499.473
7470,3.6940315,19503.166
7471,3.6944604,19506.861
7472,3.6940079,19510.555
7473,3.6946304,19514.25
7474,3.696452,19517.947
7475,3.6977313,19521.645
7476,3.6984658,19525.344
7477,3.6993153,19529.043
7478,3.7018359,19532.744
7479,3.7032943,19536.447
7480,3.7041116,19540.152
7481,3.7048833,19543.857
7482,3.703925,19547.56
7483,3.7024188,19551.264
7484,3.7017748,19554.965
7485,3.7021224,19558.666
7486,3.7049637,19562.371
7487,3.7060215,19566.076
7488,3.7049866,19569.781
7489,3.704577,19573.486
7490,3.7049263,19577.191
7491,3.7046807,19580.896
7492,3.7046819,19584.602
7493,3.7044473,19588.307
7494,3.7023144,19592.01
7495,3.7024834,19595.713
7496,3.705093,19599.418
7497,3.7083342,19603.127
7498,3.7117336,19606.838
7499,3.713294,19610.55
7500,3.712279,19614.264
7501,3.7111175,19617.975
7502,3.7085357,19621.684
7503,3.706264,19625.39
7504,3.7057004,19629.096
7505,3.7056067,19632.8
7506,3.7057588,19636.506
7507,3.705321,19640.21
7508,3.703789,19643.914
7509,3.70248,19647.617
7510,3.7025268,19651.32
7511,3.7023082,19655.023
7512,3.7010603,19658.725
7513,3.7013009,19662.426
7514,3.7028034,19666.129
7515,3.704131,19669.834
7516,3.7034926,19673.537
7517,3.7018573,19677.238
7518,3.6993208,19680.938
7519,3.69802,19684.635
7520,3.698157,19688.332
7521,3.6992772,19692.031
7522,3.6993575,19695.73
7523,3.6990895,19699.43
7524,3.7005258,19703.13
7525,3.7007968,19706.832
7526,3.7014456,19710.533
7527,3.7009447,19714.234
7528,3.6983392,19717.934
7529,3.6961594,19721.629
7530,3.6941042,19725.322
7531,3.6929448,19729.016
7532,3.6928635,19732.709
7533,3.6936548,19736.402
7534,3.6947598,19740.098
7535,3.6946752,19743.793
7536,3.6941838,19747.486
7537,3.694925,19751.182
7538,3.6967087,19754.879
7539,3.6979797,19758.576
7540,3.7002096,19762.277
7541,3.7017996,19765.979
7542,3.7028255,19769.682
7543,3.7023742,19773.385
7544,3.700754,19777.086
7545,3.699316,19780.785
7546,3.6985774,19784.484
7547,3.6988897,19788.184
7548,3.7006967,19791.885
7549,3.702469,19795.588
7550,3.7052236,19799.293
7551,3.706726,19803.0
7552,3.707302,19806.707
7553,3.7072518,19810.414
7554,3.7067058,19814.121
7555,3.705726,19817.826
7556,3.7045326,19821.531
7557,3.7035675,19825.234
7558,3.7020628,19828.936
7559,3.7015593,19832.637
7560,3.703483,19836.34
7561,3.705936,19840.045
7562,3.7081444,19843.754
7563,3.7094414,19847.463
7564,3.7072012,19851.17
7565,3.7045653,19854.875
7566,3.703471,19858.578
7567,3.7044604,19862.283
7568,3.7053604,19865.988
7569,3.7061691,19869.695
7570,3.7050302,19873.4
7571,3.7031896,19877.104
7572,3.7019234,19880.805
7573,3.70161,19884.506
7574,3.7014558,19888.207
7575,3.70225,19891.91
7576,3.7028584,19895.613
7577,3.7032595,19899.316
7578,3.7031353,19903.02
7579,3.7016685,19906.72
7580,3.6984386,19910.42
7581,3.696907,19914.117
7582,3.6969726,19917.814
7583,3.6974359,19921.512
7584,3.6976662,19925.209
7585,3.697145,19928.906
7586,3.695574,19932.602
7587,3.6947877,19936.297
7588,3.6940005,19939.99
7589,3.6942532,19943.684
7590,3.694118,19947.377
7591,3.6930122,19951.07
7592,3.6924918,19954.764
7593,3.6935055,19958.457
7594,3.6952353,19962.152
7595,3.6968641,19965.85
7596,3.6978676,19969.547
7597,3.698599,19973.246
7598,3.6992736,19976.945
7599,3.6980684,19980.643
7600,3.695898,19984.338
7601,3.6958127,19988.033
7602,3.6978776,19991.73
7603,3.6984096,19995.43
7604,3.698819,19999.129
7605,3.6993098,20002.828
7606,3.6997817,20006.527
7607,3.7007587,20010.229
7608,3.699391,20013.928
7609,3.6972625,20017.625
7610,3.6954753,20021.32
7611,3.6944385,20025.016
7612,3.6934865,20028.709
7613,3.694483,20032.404
7614,3.6967056,20036.102
7615,3.6981103,20039.799
7616,3.6986396,20043.498
7617,3.6998644,20047.197
7618,3.7009618,20050.898
7619,3.7002287,20054.6
7620,3.6998193,20058.299
7621,3.699279,20061.998
7622,3.6983802,20065.697
7623,3.6977966,20069.395
7624,3.696237,20073.09
7625,3.6950195,20076.785
7626,3.6940336,20080.479
7627,3.6942754,20084.172
7628,3.6970024,20087.87
7629,3.7004132,20091.57
7630,3.7055821,20095.275
7631,3.7082784,20098.984
7632,3.7099404,20102.693
7633,3.7091637,20106.402
7634,3.708798,20110.111
7635,3.7088387,20113.82
7636,3.7077322,20117.527
7637,3.7071767,20121.234
7638,3.7064798,20124.941
7639,3.706261,20128.648
7640,3.7073736,20132.355
7641,3.7076745,20136.062
7642,3.7070105,20139.77
7643,3.7068334,20143.477
7644,3.707337,20147.184
7645,3.7072496,20150.89
7646,3.7047224,20154.596
7647,3.702391,20158.299
7648,3.6989398,20161.998
7649,3.696361,20165.695
7650,3.694382,20169.39
7651,3.6917622,20173.082
7652,3.690386,20176.771
7653,3.6897578,20180.46
7654,3.689963,20184.15
7655,3.6915262,20187.842
7656,3.6940114,20191.535
7657,3.6960082,20195.23
7658,3.6978683,20198.928
7659,3.6990569,20202.627
7660,3.699549,20206.326
7661,3.6992767,20210.025
7662,3.6988742,20213.725
7663,3.6999092,20217.424
7664,3.7024295,20221.127
7665,3.703925,20224.83
7666,3.704179,20228.535
7667,3.702843,20232.238
7668,3.7015097,20235.94
7669,3.7014728,20239.64
7670,3.7025173,20243.344
7671,3.7041278,20247.049
7672,3.7060003,20250.754
7673,3.7081468,20254.463
7674,3.7105355,20258.174
7675,3.7107222,20261.885
7676,3.708695,20265.594
7677,3.7069447,20269.3
7678,3.7059457,20273.006
7679,3.7069955,20276.713
7680,3.709702,20280.422
7681,3.7102325,20284.133
7682,3.7094457,20287.842
7683,3.7083054,20291.55
7684,3.7085893,20295.26
7685,3.709685,20298.969
7686,3.7103884,20302.68
7687,3.7101347,20306.39
7688,3.7104852,20310.102
7689,3.710441,20313.812
7690,3.7096646,20317.521
7691,3.708926,20321.23
7692,3.7077813,20324.938
7693,3.7066207,20328.645
7694,3.7055044,20332.35
7695,3.7048614,20336.055
7696,3.70318,20339.758
7697,3.701386,20343.459
7698,3.6999228,20347.158
7699,3.6991189,20350.857
7700,3.6985476,20354.557
7701,3.698309,20358.256
7702,3.6979132,20361.953
7703,3.6985848,20365.652
7704,3.6992571,20369.352
7705,3.7007835,20373.053
7706,3.703594,20376.756
7707,3.7045822,20380.46
7708,3.7048242,20384.166
7709,3.705235,20387.871
7710,3.7065542,20391.578
7711,3.7086973,20395.287
7712,3.7094457,20398.996
7713,3.7086127,20402.705
7714,3.706469,20406.412
7715,3.704597,20410.117
7716,3.7031114,20413.82
7717,3.7023733,20417.523
7718,3.7029178,20421.227
7719,3.7030916,20424.93
7720,3.703218,20428.633
7721,3.7025814,20432.336
7722,3.700276,20436.037
7723,3.6987,20439.736
7724,3.6971111,20443.434
7725,3.6966348,20447.13
7726,3.6962383,20450.826
7727,3.697439,20454.523
7728,3.6995306,20458.223
7729,3.7014782,20461.924
7730,3.704953,20465.629
7731,3.7076757,20469.336
7732,3.7099426,20473.045
7733,3.709973,20476.756
7734,3.706964,20480.463
7735,3.7044475,20484.168
7736,3.7025905,20487.871
7737,3.701934,20491.572
7738,3.7023873,20495.275
7739,3.7032542,20498.979
7740,3.703253,20502.682
7741,3.7017617,20506.383
7742,3.6997967,20510.082
7743,3.6988473,20513.781
7744,3.6971486,20517.479
7745,3.6965768,20521.176
7746,3.6966383,20524.873
7747,3.6971042,20528.57
7748,3.696867,20532.268
7749,3.6973577,20535.965
7750,3.6997783,20539.664
7751,3.7032692,20543.367
7752,3.705699,20547.072
7753,3.7056723,20550.777
7754,3.7052994,20554.482
7755,3.7053647,20558.188
7756,3.7054813,20561.893
7757,3.7044778,20565.598
7758,3.7016954,20569.299
7759,3.6998162,20572.998
7760,3.6984746,20576.697
7761,3.696946,20580.395
7762,3.695258,20584.09
7763,3.6939638,20587.783
7764,3.692623,20591.477
7765,3.6915545,20595.168
7766,3.692004,20598.86
7767,3.6936312,20602.553
7768,3.6954973,20606.248
7769,3.695555,20609.943
7770,3.6953619,20613.639
7771,3.697155,20617.336
7772,3.7005491,20621.037
7773,3.7029257,20624.74
7774,3.7036858,20628.443
7775,3.7030287,20632.146
7776,3.7018907,20635.848
7777,3.7028267,20639.55
7778,3.7056386,20643.256
7779,3.7075384,20646.963
7780,3.7086978,20650.672
7781,3.7083075,20654.38
7782,3.7092755,20658.09
7783,3.7105172,20661.8
7784,3.7091637,20665.51
7785,3.7069597,20669.217
7786,3.7039456,20672.92
7787,3.701608,20676.621
7788,3.701385,20680.322
7789,3.703186,20684.025
7790,3.7067897,20687.732
7791,3.7087438,20691.441
7792,3.711015,20695.152
7793,3.7122715,20698.865
7794,3.7135186,20702.578
7795,3.7139447,20706.293
7796,3.7132983,20710.006
7797,3.7140877,20713.72
7798,3.7160695,20717.438
7799,3.716136,20721.154
7800,3.715814,20724.87
7801,3.715635,20728.584
7802,3.716014,20732.3
7803,3.7162945,20736.018
7804,3.716322,20739.734
7805,3.7163208,20743.451
7806,3.717242,20747.168
7807,3.7173398,20750.885
7808,3.7160764,20754.602
7809,3.7138028,20758.314
7810,3.710989,20762.025
7811,3.709266,20765.734
7812,3.708817,20769.443
7813,3.7073698,20773.15
7814,3.7059112,20776.855
7815,3.7060652,20780.562
7816,3.7092986,20784.271
7817,3.7106917,20787.982
7818,3.710211,20791.693
7819,3.7092202,20795.402
7820,3.710228,20799.113
7821,3.7109423,20802.824
7822,3.7112868,20806.535
7823,3.7110667,20810.246
7824,3.710839,20813.957
7825,3.7121952,20817.67
7826,3.7138677,20821.385
7827,3.713662,20825.098
7828,3.7132623,20828.81
7829,3.7142835,20832.525
7830,3.7150424,20836.24
7831,3.7149131,20839.955
7832,3.713062,20843.668
7833,3.7106967,20847.379
7834,3.7085092,20851.088
7835,3.7087252,20854.797
7836,3.7096443,20858.506
7837,3.708856,20862.215
7838,3.7065086,20865.922
7839,3.7040367,20869.625
7840,3.7019806,20873.326
7841,3.7002783,20877.027
7842,3.6989524,20880.727
7843,3.6982296,20884.424
7844,3.6974304,20888.121
7845,3.6974053,20891.818
7846,3.696179,20895.514
7847,3.6950426,20899.209
7848,3.6954076,20902.904
7849,3.6981125,20906.602
7850,3.7024124,20910.305
7851,3.706088,20914.012
7852,3.7094545,20917.72
7853,3.711267,20921.432
7854,3.710918,20925.143
7855,3.709888,20928.852
7856,3.7097507,20932.56
7857,3.711652,20936.271
7858,3.7137523,20939.984
7859,3.7136776,20943.697
7860,3.711506,20947.408
7861,3.7097247,20951.117
7862,3.7078314,20954.824
7863,3.7072148,20958.531
7864,3.707633,20962.238
7865,3.7088776,20965.947
7866,3.7103677,20969.658
7867,3.7098794,20973.367
7868,3.7085516,20977.076
7869,3.708471,20980.785
7870,3.709509,20984.494
7871,3.708614,20988.203
7872,3.7063305,20991.91
7873,3.7054064,20995.615
7874,3.7074459,20999.322
7875,3.7090755,21003.031
7876,3.7096026,21006.74
7877,3.7083645,21010.45
7878,3.7063942,21014.156
7879,3.7054346,21017.861
7880,3.7045531,21021.566
7881,3.70453,21025.271
7882,3.7036102,21028.975
7883,3.7018347,21032.676
7884,3.698626,21036.375
7885,3.6963768,21040.072
7886,3.6947556,21043.768
7887,3.6943777,21047.463
7888,3.6952243,21051.158
7889,3.6971097,21054.855
7890,3.6998494,21058.555
7891,3.7005239,21062.256
7892,3.7005305,21065.957
7893,3.7005534,21069.658
7894,3.6994174,21073.357
7895,3.6980476,21077.055
7896,3.6968157,21080.752
7897,3.696673,21084.45
7898,3.6972334,21088.146
7899,3.6984963,21091.846
7900,3.7015026,21095.547
7901,3.704686,21099.252
7902,3.7087758,21102.96
7903,3.7099478,21106.67
7904,3.7106164,21110.38
7905,3.7123308,21114.094
7906,3.714615,21117.809
7907,3.7167213,21121.525
7908,3.717461,21125.242
7909,3.7188509,21128.96
7910,3.7190573,21132.68
7911,3.719175,21136.398
7912,3.7190928,21140.117
7913,3.7196698,21143.836
7914,3.7189355,21147.555
7915,3.7173746,21151.271
7916,3.7144787,21154.986
7917,3.7129521,21158.7
7918,3.7136242,21162.412
7919,3.7140002,21166.127
7920,3.7139275,21169.842
7921,3.7137978,21173.555
7922,3.7127178,21177.268
7923,3.711557,21180.979
7924,3.7103505,21184.69
7925,3.7084095,21188.398
7926,3.7071896,21192.105
7927,3.7068157,21195.812
7928,3.7074368,21199.52
7929,3.708796,21203.229
7930,3.7094176,21206.938
7931,3.709717,21210.646
7932,3.709565,21214.355
7933,3.7092426,21218.064
7934,3.7111218,21221.775
7935,3.7133746,21225.488
7936,3.7139602,21229.203
7937,3.7139537,21232.918
7938,3.7152379,21236.633
7939,3.7167156,21240.35
7940,3.7179427,21244.068
7941,3.7185836,21247.787
7942,3.7185988,21251.506
7943,3.71792,21255.225
7944,3.716999,21258.941
7945,3.71596,21262.658
7946,3.7151692,21266.373
7947,3.7148278,21270.088
7948,3.7149167,21273.803
7949,3.7142508,21277.518
7950,3.7130718,21281.23
7951,3.7110162,21284.941
7952,3.707792,21288.648
7953,3.7059293,21292.354
7954,3.7052343,21296.059
7955,3.7048786,21299.764
7956,3.7067213,21303.47
7957,3.7093418,21307.18
7958,3.7103744,21310.89
7959,3.710387,21314.602
7960,3.709744,21318.31
7961,3.709621,21322.02
7962,3.7104328,21325.73
7963,3.7109487,21329.441
7964,3.712469,21333.154
7965,3.7129421,21336.867
7966,3.713005,21340.58
7967,3.7118468,21344.291
7968,3.709316,21348.0
7969,3.707659,21351.707
7970,3.706325,21355.414
7971,3.7055843,21359.12
7972,3.7038302,21362.822
7973,3.7014499,21366.523
7974,3.6987658,21370.223
7975,3.6985235,21373.922
7976,3.6989105,21377.621
7977,3.6990716,21381.32
7978,3.6987994,21385.02
7979,3.6972394,21388.717
7980,3.6957142,21392.412
7981,3.6953204,21396.107
7982,3.6962428,21399.803
7983,3.697142,21403.5
7984,3.6976976,21407.197
7985,3.6993997,21410.896
7986,3.6998367,21414.596
7987,3.6997097,21418.295
7988,3.697209,21421.992
7989,3.6960924,21425.688
7990,3.697344,21429.385
7991,3.699599,21433.084
7992,3.701844,21436.785
7993,3.701523,21440.486
7994,3.7014074,21444.188
7995,3.7021856,21447.89
7996,3.7046187,21451.596
7997,3.706622,21455.303
7998,3.7065716,21459.01
7999,3.7048573,21462.715
8000,3.701944,21466.416
8001,3.7004309,21470.117
8002,3.6991756,21473.816
8003,3.6986563,21477.516
8004,3.698138,21481.213
8005,3.6984515,21484.912
8006,3.7003524,21488.613
8007,3.7020657,21492.314
8008,3.703059,21496.018
8009,3.7023628,21499.72
8010,3.7026985,21503.424
8011,3.7044888,21507.129
8012,3.7059243,21510.834
8013,3.70539,21514.54
8014,3.7028246,21518.242
8015,3.7010744,21521.943
8016,3.7002563,21525.645
8017,3.699868,21529.344
8018,3.69902,21533.043
8019,3.6965606,21536.74
8020,3.6938503,21540.434
8021,3.6938047,21544.127
8022,3.6946762,21547.822
8023,3.6960406,21551.518
8024,3.6990323,21555.217
8025,3.7012477,21558.918
8026,3.7032123,21562.621
8027,3.70347,21566.324
8028,3.703284,21570.027
8029,3.7027972,21573.73
8030,3.7009969,21577.432
8031,3.7000122,21581.13
8032,3.6989202,21584.83
8033,3.6986258,21588.53
8034,3.6985269,21592.229
8035,3.6993258,21595.928
8036,3.7009459,21599.629
8037,3.702253,21603.332
8038,3.7033699,21607.035
8039,3.7032635,21610.738
8040,3.7023206,21614.441
8041,3.701439,21618.143
8042,3.7012236,21621.844
8043,3.7015407,21625.545
8044,3.702042,21629.246
8045,3.702973,21632.95
8046,3.7039905,21636.652
8047,3.704782,21640.357
8048,3.7045598,21644.062
8049,3.7044537,21647.768
8050,3.7042842,21651.473
8051,3.7045388,21655.178
8052,3.7051158,21658.883
8053,3.705245,21662.588
8054,3.7067177,21666.295
8055,3.7075615,21670.002
8056,3.7101254,21673.713
8057,3.7116714,21677.424
8058,3.7119384,21681.137
8059,3.7124078,21684.85
8060,3.7107644,21688.56
8061,3.7098112,21692.27
8062,3.708466,21695.979
8063,3.7080696,21699.688
8064,3.7070937,21703.395
8065,3.7062502,21707.102
8066,3.7049518,21710.807
8067,3.704032,21714.51
8068,3.7015538,21718.21
8069,3.7001235,21721.91
8070,3.699289,21725.61
8071,3.6984127,21729.309
8072,3.6970248,21733.006
8073,3.696566,21736.703
8074,3.6977518,21740.4
8075,3.698585,21744.1
8076,3.6980612,21747.797
8077,3.697295,21751.494
8078,3.6977587,21755.191
8079,3.6995676,21758.89
8080,3.7025015,21762.594
8081,3.7050035,21766.299
8082,3.7073038,21770.006
8083,3.7083876,21773.715
8084,3.7098377,21777.424
8085,3.7111351,21781.135
8086,3.712346,21784.848
8087,3.7127163,21788.56
8088,3.7101016,21792.271
8089,3.7078311,21795.979
8090,3.70596,21799.684
8091,3.7036095,21803.387
8092,3.7018557,21807.088
8093,3.7016244,21810.79
8094,3.701513,21814.49
8095,3.702251,21818.193
8096,3.7039,21821.896
8097,3.7043843,21825.602
8098,3.704054,21829.305
8099,3.7031622,21833.008
8100,3.7028422,21836.71
8101,3.7027545,21840.414
8102,3.7033784,21844.117
8103,3.7043054,21847.822
8104,3.7064495,21851.53
8105,3.7065032,21855.236
8106,3.7051027,21858.941
8107,3.7041826,21862.646
8108,3.701509,21866.348
8109,3.699762,21870.047
8110,3.7000546,21873.746
8111,3.7014923,21877.447
8112,3.703275,21881.15
8113,3.7041006,21884.854
8114,3.7047763,21888.559
8115,3.7054968,21892.264
8116,3.7044346,21895.969
8117,3.7027984,21899.672
8118,3.7010798,21903.373
8119,3.70014,21907.072
8120,3.699544,21910.771
8121,3.6994228,21914.47
8122,3.697803,21918.168
8123,3.695555,21921.863
8124,3.6921484,21925.555
8125,3.6889784,21929.244
8126,3.684728,21932.93
8127,3.6803746,21936.61
8128,3.6760128,21940.285
8129,3.6747801,21943.959
8130,3.6772532,21947.637
8131,3.6802568,21951.316
8132,3.6842568,21955.0
8133,3.6871386,21958.688
8134,3.6892962,21962.377
8135,3.691445,21966.068
8136,3.6945314,21969.764
8137,3.698065,21973.46
8138,3.7004964,21977.162
8139,3.7016935,21980.863
8140,3.7025468,21984.566
8141,3.7027311,21988.27
8142,3.7024755,21991.973
8143,3.7022717,21995.676
8144,3.7016811,21999.377
8145,3.6998243,22003.076
8146,3.696736,22006.773
8147,3.6952803,22010.469
8148,3.695437,22014.164
8149,3.6960402,22017.86
8150,3.697372,22021.557
8151,3.6984122,22025.256
8152,3.6994545,22028.955
8153,3.6996918,22032.654
8154,3.699499,22036.354
8155,3.6996002,22040.053
8156,3.6996908,22043.752
8157,3.700692,22047.453
8158,3.7029953,22051.156
8159,3.7047255,22054.861
8160,3.7078667,22058.568
8161,3.7089,22062.277
8162,3.7084267,22065.986
8163,3.707063,22069.693
8164,3.7044957,22073.398
8165,3.7032516,22077.102
8166,3.7048137,22080.807
8167,3.7059376,22084.512
8168,3.7062035,22088.219
8169,3.7054586,22091.924
8170,3.7052202,22095.629
8171,3.7052026,22099.334
8172,3.706404,22103.041
8173,3.707801,22106.748
8174,3.7087326,22110.457
8175,3.7081957,22114.166
8176,3.7079973,22117.873
8177,3.7070775,22121.58
8178,3.704683,22125.285
8179,3.7035723,22128.988
8180,3.7016869,22132.69
8181,3.6989772,22136.389
8182,3.6960998,22140.084
8183,3.6938143,22143.777
8184,3.6930785,22147.47
8185,3.6934254,22151.164
8186,3.6928575,22154.857
8187,3.692622,22158.55
8188,3.693167,22162.244
8189,3.695075,22165.94
8190,3.6991613,22169.639
8191,3.7013955,22173.34
8192,3.7009127,22177.041
8193,3.699714,22180.74
8194,3.6995895,22184.44
8195,3.699898,22188.139
8196,3.7004783,22191.84
8197,3.6994102,22195.54
8198,3.69568,22199.234
8199,3.6942492,22202.928
8200,3.694524,22206.623
8201,3.695374,22210.318
8202,3.6966465,22214.016
8203,3.698223,22217.713
8204,3.6999483,22221.412
8205,3.7014003,22225.113
8206,3.7012727,22228.814
8207,3.7004716,22232.516
8208,3.7005792,22236.217
8209,3.70079,22239.918
8210,3.7008998,22243.62
8211,3.7014883,22247.32
8212,3.7016551,22251.021
8213,3.7009714,22254.723
8214,3.6985717,22258.422
8215,3.6964564,22262.12
8216,3.694678,22265.814
8217,3.6946743,22269.51
8218,3.696795,22273.207
8219,3.6989117,22276.906
8220,3.700579,22280.607
8221,3.702041,22284.309
8222,3.7021682,22288.012
8223,3.7006607,22291.713
8224,3.6996117,22295.412
8225,3.6987042,22299.111
8226,3.6999197,22302.81
8227,3.7020307,22306.512
8228,3.7022436,22310.215
8229,3.7021568,22313.918
8230,3.7009606,22317.62
8231,3.7009625,22321.32
8232,3.7030928,22325.023
8233,3.705176,22328.729
8234,3.707331,22332.436
8235,3.708912,22336.145
8236,3.7083058,22339.854
8237,3.7075589,22343.56
8238,3.7080476,22347.27
8239,3.7079864,22350.977
8240,3.7071776,22354.684
8241,3.705653,22358.389
8242,3.7048366,22362.094
8243,3.704803,22365.799
8244,3.7062128,22369.506
8245,3.706876,22373.213
8246,3.7055657,22376.918
8247,3.7046347,22380.623
8248,3.7065332,22384.33
8249,3.7082617,22388.04
8250,3.7096407,22391.748
8251,3.7088215,22395.457
8252,3.708056,22399.166
8253,3.7081938,22402.875
8254,3.7085626,22406.584
8255,3.7084172,22410.293
8256,3.706564,22414.0
8257,3.7052202,22417.705
8258,3.7047644,22421.41
8259,3.7043417,22425.115
8260,3.7035015,22428.818
8261,3.704867,22432.523
8262,3.7074654,22436.23
8263,3.7085822,22439.94
8264,3.711066,22443.65
8265,3.7121518,22447.363
8266,3.7118373,22451.074
8267,3.7096345,22454.783
8268,3.7058895,22458.488
8269,3.7029846,22462.191
8270,3.7016845,22465.893
8271,3.7011514,22469.594
8272,3.703203,22473.297
8273,3.7057586,22477.002
8274,3.7087975,22480.71
8275,3.7101712,22484.422
8276,3.7103224,22488.133
8277,3.711525,22491.844
8278,3.7114394,22495.555
8279,3.7098744,22499.264
8280,3.7041304,22502.969
8281,3.6995244,22506.668
8282,3.696732,22510.365
8283,3.6952608,22514.06
8284,3.6951983,22517.756
8285,3.6967425,22521.453
8286,3.699059,22525.152
8287,3.701217,22528.854
8288,3.7048776,22532.559
8289,3.7071288,22536.266
8290,3.7075508,22539.973
8291,3.7074347,22543.68
8292,3.7084367,22547.389
8293,3.7082903,22551.098
8294,3.7066438,22554.805
8295,3.70546,22558.51
8296,3.7040942,22562.213
8297,3.7024171,22565.916
8298,3.7007627,22569.617
8299,3.6996236,22573.316
8300,3.700141,22577.016
8301,3.6998272,22580.715
8302,3.6996233,22584.414
8303,3.7004097,22588.115
8304,3.700817,22591.816
8305,3.7014632,22595.518
8306,3.7022738,22599.22
8307,3.7026513,22602.924
8308,3.7031517,22606.627
8309,3.7028039,22610.33
8310,3.6997838,22614.03
8311,3.6970687,22617.727
8312,3.6951916,22621.422
8313,3.6944237,22625.117
8314,3.6951408,22628.812
8315,3.6965988,22632.51
8316,3.6996648,22636.209
8317,3.700809,22639.91
8318,3.702021,22643.611
8319,3.7030053,22647.314
8320,3.7025888,22651.018
8321,3.7027888,22654.72
8322,3.7030635,22658.424
8323,3.7024004,22662.127
8324,3.701109,22665.828
8325,3.7007809,22669.53
8326,3.701047,22673.23
8327,3.7012439,22676.932
8328,3.7017953,22680.633
8329,3.7023003,22684.336
8330,3.7026622,22688.04
8331,3.7038653,22691.742
8332,3.7048116,22695.447
8333,3.7038302,22699.15
8334,3.7021334,22702.852
8335,3.700586,22706.553
8336,3.699381,22710.252
8337,3.6990163,22713.951
8338,3.699355,22717.65
8339,3.6989546,22721.35
8340,3.6982243,22725.047
8341,3.698214,22728.744
8342,3.6976874,22732.441
8343,3.6975067,22736.139
8344,3.697035,22739.836
8345,3.6978662,22743.533
8346,3.699349,22747.232
8347,3.700744,22750.934
8348,3.7013686,22754.635
8349,3.7011893,22758.336
8350,3.7009587,22762.037
8351,3.7008924,22765.738
8352,3.7013862,22769.44
8353,3.7017822,22773.14
8354,3.7023778,22776.844
8355,3.7030149,22780.547
8356,3.7029195,22784.25
8357,3.7023787,22787.953
8358,3.702564,22791.656
8359,3.702908,22795.36
8360,3.7045012,22799.064
8361,3.70591,22802.77
8362,3.7065651,22806.477
8363,3.7071207,22810.184
8364,3.7065268,22813.89
8365,3.7064126,22817.598
8366,3.706057,22821.305
8367,3.7048028,22825.01
8368,3.7041223,22828.715
8369,3.7052612,22832.42
8370,3.7077878,22836.127
8371,3.7094574,22839.836
8372,3.710987,22843.547
8373,3.71162,22847.258
8374,3.7116277,22850.969
8375,3.7116992,22854.68
8376,3.7126143,22858.393
8377,3.7137973,22862.105
8378,3.7145813,22865.82
8379,3.7149856,22869.535
8380,3.714156,22873.25
8381,3.7127473,22876.963
8382,3.71118,22880.674
8383,3.7108905,22884.385
8384,3.7123213,22888.098
8385,3.7129817,22891.81
8386,3.7132764,22895.523
8387,3.7139275,22899.238
8388,3.7130406,22902.951
8389,3.7121315,22906.664
8390,3.7113342,22910.375
8391,3.7109292,22914.086
8392,3.7101114,22917.797
8393,3.7098107,22921.506
8394,3.7085483,22925.215
8395,3.7058275,22928.92
8396,3.7017915,22932.621
8397,3.699944,22936.32
8398,3.69973,22940.02
8399,3.6998916,22943.719
8400,3.70026,22947.42
8401,3.700088,22951.12
8402,3.700443,22954.82
8403,3.7011633,22958.521
8404,3.7040768,22962.225
8405,3.7051134,22965.93
8406,3.7055209,22969.635
8407,3.704211,22973.34
8408,3.700917,22977.041
8409,3.7001412,22980.74
8410,3.6992617,22984.44
8411,3.6989179,22988.139
8412,3.6999977,22991.838
8413,3.702145,22995.54
8414,3.7046592,22999.244
8415,3.7050378,23002.95
8416,3.7044914,23006.654
8417,3.7041042,23010.36
8418,3.7035527,23014.062
8419,3.7039998,23017.766
8420,3.7057204,23021.47
8421,3.7063162,23025.178
8422,3.7074444,23028.885
8423,3.7090578,23032.594
8424,3.7093582,23036.303
8425,3.708895,23040.012
8426,3.7088277,23043.72
8427,3.709123,23047.43
8428,3.7086143,23051.139
8429,3.7081587,23054.848
8430,3.7069695,23058.555
8431,3.70636,23062.262
8432,3.705402,23065.967
8433,3.7047894,23069.672
8434,3.7039452,23073.375
8435,3.7029884,23077.078
8436,3.7003548,23080.78
8437,3.6989968,23084.479
8438,3.6995282,23088.178
8439,3.7008536,23091.879
8440,3.7009497,23095.58
8441,3.6994395,23099.28
8442,3.697607,23102.977
8443,3.6985817,23106.676
8444,3.7021368,23110.377
8445,3.7038486,23114.08
8446,3.7040107,23117.783
8447,3.7036242,23121.486
8448,3.7042356,23125.191
8449,3.704471,23128.896
8450,3.7029202,23132.6
8451,3.7014565,23136.3
8452,3.700606,23140.002
8453,3.7006207,23143.703
8454,3.7008984,23147.404
8455,3.700046,23151.104
8456,3.6991003,23154.803
8457,3.6992314,23158.502
8458,3.6991336,23162.201
8459,3.6996658,23165.9
8460,3.7029881,23169.604
8461,3.7058568,23173.309
8462,3.7083733,23177.018
8463,3.7085292,23180.727
8464,3.7074127,23184.434
8465,3.7073617,23188.14
8466,3.7084668,23191.85
8467,3.7091331,23195.559
8468,3.709159,23199.268
8469,3.7074716,23202.975
8470,3.7072356,23206.682
8471,3.7083702,23210.39
8472,3.7074437,23214.098
8473,3.7048678,23217.803
8474,3.7018683,23221.504
8475,3.700538,23225.205
8476,3.700879,23228.906
8477,3.701246,23232.607
8478,3.7014644,23236.309
8479,3.7010052,23240.01
8480,3.7003613,23243.71
8481,3.7003493,23247.412
8482,3.7017522,23251.113
8483,3.7046216,23254.818
8484,3.7070687,23258.525
8485,3.7075818,23262.232
8486,3.7090635,23265.941
8487,3.7094061,23269.65
8488,3.7086928,23273.36
8489,3.7078552,23277.066
8490,3.70612,23280.773
8491,3.7050962,23284.479
8492,3.70517,23288.184
8493,3.7058318,23291.889
8494,3.7072644,23295.596
8495,3.7067032,23299.303
8496,3.7036293,23303.006
8497,3.7006319,23306.707
8498,3.6976812,23310.404
8499,3.696575,23314.102
8500,3.6954696,23317.797
8501,3.6953328,23321.492
8502,3.6963525,23325.19
8503,3.698429,23328.889
8504,3.7019403,23332.59
8505,3.7044659,23336.295
8506,3.7065647,23340.002
8507,3.7092624,23343.71
8508,3.7125978,23347.424
8509,3.7138755,23351.139
8510,3.7127826,23354.852
8511,3.7117276,23358.562
8512,3.7111168,23362.273
8513,3.7101352,23365.984
8514,3.7100825,23369.695
8515,3.7120292,23373.408
8516,3.715264,23377.123
8517,3.7165124,23380.84
8518,3.7167392,23384.557
8519,3.715862,23388.273
8520,3.7139919,23391.988
8521,3.7119703,23395.701
8522,3.7090707,23399.41
8523,3.7052822,23403.115
8524,3.7002861,23406.816
8525,3.6969726,23410.514
8526,3.6945026,23414.209
8527,3.6928546,23417.902
8528,3.6926067,23421.596
8529,3.6929867,23425.29
8530,3.6936975,23428.982
8531,3.6929443,23432.676
8532,3.6903658,23436.365
8533,3.68774,23440.053
8534,3.6840308,23443.736
8535,3.6815834,23447.418
8536,3.680119,23451.098
8537,3.67851,23454.775
8538,3.6774774,23458.453
8539,3.6779158,23462.13
8540,3.6783493,23465.809
8541,3.6777852,23469.486
8542,3.6758618,23473.162
8543,3.6728282,23476.834
8544,3.6687474,23480.502
8545,3.6609678,23484.162
8546,3.6423614,23487.805
8547,3.6280704,23491.434
8548,3.6121304,23495.045
8549,3.6003923,23498.645
8550,3.5874264,23502.232
8551,3.5766528,23505.809
8552,3.5636084,23509.373
8553,3.554209,23512.928
8554,3.5444036,23516.473
8555,3.5397234,23520.012
8556,3.533557,23523.545
8557,3.5278714,23527.072
8558,3.520759,23530.594
8559,3.5149596,23534.11
8560,3.5091784,23537.62
8561,3.5069506,23541.127
8562,3.5043447,23544.63
8563,3.5035315,23548.135
8564,3.5016692,23551.637
8565,3.5011723,23555.139
8566,3.5006866,23558.639
8567,3.501122,23562.14
8568,3.5013118,23565.643
8569,3.5015163,23569.145
8570,3.502156,23572.646
8571,3.502884,23576.148
8572,3.5024588,23579.65
8573,3.5029984,23583.154
8574,3.503073,23586.658
8575,3.503131,23590.162
8576,3.502336,23593.664
8577,3.5016332,23597.166
8578,3.5006092,23600.666
8579,3.5000918,23604.166
8580,3.5003445,23607.666
8581,3.501083,23611.168
8582,3.5013313,23614.67
8583,3.502751,23618.172
8584,3.5035465,23621.676
8585,3.5048485,23625.18
8586,3.506137,23628.686
8587,3.5073001,23632.193
8588,3.507075,23635.701
8589,3.506942,23639.209
8590,3.50669,23642.715
8591,3.5060048,23646.22
8592,3.5034964,23649.725
8593,3.5020099,23653.227
8594,3.501751,23656.729
8595,3.4991117,23660.229
8596,3.492608,23663.72
8597,3.485366,23667.207
8598,3.4814022,23670.688
8599,3.476004,23674.164
8600,3.470967,23677.635
8601,3.4664273,23681.102
8602,3.461421,23684.562
8603,3.45625,23688.02
8604,3.4518194,23691.47
8605,3.4484165,23694.92
8606,3.4481697,23698.367
8607,3.4486156,23701.816
8608,3.447669,23705.264
8609,3.4429128,23708.707
8610,3.4334292,23712.14
8611,3.4194684,23715.56
8612,3.403169,23718.963
8613,3.3845346,23722.348
8614,3.3665323,23725.715
8615,3.3488216,23729.064
8616,3.3327084,23732.396
8617,3.3173892,23735.715
8618,3.3030272,23739.018
8619,3.288489,23742.307
8620,3.2740407,23745.58
8621,3.261413,23748.842
8622,3.250177,23752.092
8623,3.2405705,23755.332
8624,3.230122,23758.562
8625,3.220468,23761.783
8626,3.20992,23764.992
8627,3.201085,23768.193
8628,3.193579,23771.387
8629,3.187925,23774.574
8630,3.1829934,23777.758
8631,3.1794457,23780.938
8632,3.1762216,23784.113
8633,3.1743824,23787.287
8634,3.174225,23790.46
8635,3.175788,23793.637
8636,3.1787195,23796.816
8637,3.1828096,23800.0
8638,3.18981,23803.19
8639,3.1993847,23806.389
8640,3.211748,23809.6
8641,3.221907,23812.822
8642,3.234392,23816.057
8643,3.242151,23819.299
8644,3.2582583,23822.557
8645,3.2722995,23825.828
8646,3.2975507,23829.125
8647,3.3227453,23832.447
8648,3.3535478,23835.8
8649,3.3758786,23839.176
8650,3.3977578,23842.574
8651,3.414493,23845.988
8652,3.4307911,23849.42
8653,3.4427333,23852.863
8654,3.448905,23856.312
8655,3.4519296,23859.764
8656,3.4551115,23863.219
8657,3.4597635,23866.678
8658,3.4645386,23870.143
8659,3.4673512,23873.61
8660,3.4686,23877.078
8661,3.470589,23880.549
8662,3.4746628,23884.023
8663,3.4793553,23887.502
8664,3.4827566,23890.984
8665,3.485418,23894.47
8666,3.4872415,23897.957
8667,3.489194,23901.445
8668,3.4920857,23904.938
8669,3.495411,23908.434
8670,3.4990053,23911.932
8671,3.501938,23915.434
8672,3.504818,23918.938
8673,3.507626,23922.445
8674,3.5103989,23925.955
8675,3.512651,23929.467
8676,3.5139806,23932.98
8677,3.5150414,23936.496
8678,3.5153792,23940.012
8679,3.515674,23943.527
8680,3.5167656,23947.045
8681,3.5265548,23950.572
8682,3.550269,23954.123
8683,3.5810878,23957.705
8684,3.6228397,23961.328
8685,3.6683013,23964.996
8686,3.718138,23968.715
8687,3.7590492,23972.475
8688,3.7827837,23976.258
8689,3.789262,23980.047
8690,3.7802453,23983.826
8691,3.7547336,23987.58
8692,3.7089581,23991.29
8693,3.6554089,23994.945
8694,3.6197956,23998.564
8695,3.5960546,24002.16
8696,3.5856984,24005.746
8697,3.5905745,24009.336
8698,3.6079836,24012.943
8699,3.6247125,24016.568
8700,3.6388757,24020.207
8701,3.6500413,24023.857
8702,3.6618843,24027.52
8703,3.6698525,24031.19
8704,3.6800268,24034.87
8705,3.688917,24038.559
8706,3.697475,24042.256
8707,3.702745,24045.959
8708,3.7077556,24049.666
8709,3.7120578,24053.379
8710,3.7174776,24057.096
8711,3.721477,24060.816
8712,3.725127,24064.541
8713,3.7273173,24068.268
8714,3.7301521,24071.998
8715,3.732795,24075.73
8716,3.7375634,24079.469
8717,3.7405064,24083.209
8718,3.7423403,24086.951
8719,3.7422147,24090.693
8720,3.742089,24094.436
8721,3.7414389,24098.178
8722,3.7409396,24101.918
8723,3.738854,24105.656
8724,3.738694,24109.395
8725,3.7390773,24113.133
8726,3.7404335,24116.873
8727,3.7409213,24120.613
8728,3.7417755,24124.355
8729,3.7416048,24128.098
8730,3.7441003,24131.842
8731,3.7475972,24135.59
8732,3.748624,24139.338
8733,3.7497573,24143.088
8734,3.7482316,24146.836
8735,3.7481673,24150.584
8736,3.7490785,24154.334
8737,3.753149,24158.088
8738,3.756042,24161.844
8739,3.759774,24165.604
8740,3.7608054,24169.365
8741,3.7629135,24173.129
8742,3.7628474,24176.893
8743,3.763153,24180.656
8744,3.7620363,24184.418
8745,3.7619581,24188.18
8746,3.7595112,24191.94
8747,3.7567248,24195.695
8748,3.7539327,24199.45
8749,3.7532566,24203.203
8750,3.7571197,24206.96
8751,3.7600765,24210.72
8752,3.7628326,24214.484
8753,3.7645233,24218.248
8754,3.768267,24222.016
8755,3.7728648,24225.79
8756,3.7781088,24229.566
8757,3.7811751,24233.348
8758,3.7845106,24237.133
8759,3.7887642,24240.922
8760,3.7932684,24244.715
8761,3.7966695,24248.512
8762,3.7992775,24252.31
8763,3.8016615,24256.111
8764,3.8027806,24259.914
8765,3.8043213,24263.719
8766,3.8079453,24267.527
8767,3.8121994,24271.34
8768,3.8156004,24275.156
8769,3.818764,24278.975
8770,3.8218677,24282.797
8771,3.8257883,24286.623
8772,3.8291333,24290.453
8773,3.8325741,24294.285
8774,3.8355892,24298.121
8775,3.8376062,24301.959
8776,3.8376687,24305.797
8777,3.8368816,24309.633
8778,3.835639,24313.469
8779,3.8346167,24317.303
8780,3.834446,24321.137
8781,3.8344748,24324.97
8782,3.8351097,24328.807
8783,3.8363364,24332.643
8784,3.83743,24336.48
8785,3.8378007,24340.318
8786,3.8370378,24344.156
8787,3.836046,24347.992
8788,3.8370497,24351.83
8789,3.838033,24355.668
8790,3.8371305,24359.506
8791,3.8346553,24363.34
8792,3.8315706,24367.172
8793,3.8302147,24371.002
8794,3.8304906,24374.832
8795,3.8303835,24378.662
8796,3.8302996,24382.492
8797,3.830683,24386.322
8798,3.830416,24390.152
8799,3.833112,24393.986
8800,3.832877,24397.818
8801,3.833079,24401.652
8802,3.8322735,24405.484
8803,3.831516,24409.316
8804,3.8293414,24413.146
8805,3.8279564,24416.975
8806,3.8261588,24420.8
8807,3.8231032,24424.623
8808,3.8191967,24428.441
8809,3.8158417,24432.258
8810,3.811127,24436.068
8811,3.805882,24439.875
8812,3.8006554,24443.676
8813,3.7962587,24447.473
8814,3.791141,24451.264
8815,3.785989,24455.049
8816,3.781304,24458.83
8817,3.7769783,24462.607
8818,3.7732158,24466.38
8819,3.768952,24470.15
8820,3.7644458,24473.914
8821,3.760166,24477.674
8822,3.757061,24481.432
8823,3.7551556,24485.188
8824,3.7537344,24488.941
8825,3.7527003,24492.693
8826,3.7579305,24496.451
8827,3.7679176,24500.219
8828,3.7798593,24503.998
8829,3.7895372,24507.787
8830,3.797852,24511.586
8831,3.8042064,24515.39
8832,3.8113275,24519.201
8833,3.817059,24523.018
8834,3.8235226,24526.842
8835,3.8297448,24530.672
8836,3.8361409,24534.508
8837,3.8409426,24538.35
8838,3.8459556,24542.195
8839,3.8502023,24546.045
8840,3.8564491,24549.902
8841,3.8638365,24553.766
8842,3.8719726,24557.637
8843,3.8761492,24561.514
8844,3.8785312,24565.393
8845,3.8803585,24569.273
8846,3.8815942,24573.154
8847,3.8821068,24577.037
8848,3.8824737,24580.92
8849,3.8823864,24584.803
8850,3.8818185,24588.684
8851,3.8801982,24592.564
8852,3.8791783,24596.443
8853,3.877188,24600.32
8854,3.8751495,24604.195
8855,3.8722181,24608.068
8856,3.8699288,24611.938
8857,3.8665662,24615.805
8858,3.863891,24619.668
8859,3.8610046,24623.53
8860,3.8594809,24627.389
8861,3.8578327,24631.246
8862,3.8571792,24635.104
8863,3.855589,24638.959
8864,3.8547015,24642.814
8865,3.8536766,24646.668
8866,3.8527005,24650.521
8867,3.8508403,24654.373
8868,3.8491015,24658.223
8869,3.8459997,24662.068
8870,3.8417873,24665.91
8871,3.8380804,24669.748
8872,3.8371599,24673.586
8873,3.836487,24677.422
8874,3.8355107,24681.258
8875,3.836472,24685.094
8876,3.836162,24688.93
8877,3.836102,24692.766
8878,3.8345134,24696.6
8879,3.8335788,24700.434
8880,3.8312438,24704.266
8881,3.8287933,24708.094
8882,3.8278644,24711.922
8883,3.8292015,24715.752
8884,3.8305118,24719.582
8885,3.8329337,24723.414
8886,3.838376,24727.252
8887,3.8470647,24731.1
8888,3.8438692,24734.943
8889,3.8150227,24738.758
8890,3.797645,24742.555
8891,3.8102257,24746.365
8892,3.8504894,24750.215
8893,3.8268912,24754.041
8894,3.7499819,24757.791
8895,3.7267783,24761.518
8896,3.7888265,24765.307
8897,3.8533943,24769.16
8898,3.814754,24772.975
8899,3.72305,24776.697
8900,3.7263157,24780.424
8901,3.72922,24784.152
8902,3.7060924,24787.86
8903,3.6881444,24791.547
8904,3.6894958,24795.236
8905,3.6977077,24798.934
8906,3.70202,24802.635
8907,3.6981113,24806.332
8908,3.6884549,24810.02
8909,3.6774435,24813.697
8910,3.6680639,24817.365
8911,3.6616886,24821.027
8912,3.6579857,24824.686
8913,3.6564054,24828.342
8914,3.6557736,24831.998
8915,3.6581428,24835.656
8916,3.6619313,24839.318
8917,3.6641905,24842.982
8918,3.6633263,24846.646
8919,3.6611333,24850.309
8920,3.6590583,24853.967
8921,3.6583147,24857.625
8922,3.6578488,24861.283
8923,3.658794,24864.941
8924,3.6609957,24868.602
8925,3.661775,24872.264
8926,3.6609402,24875.924
8927,3.6588833,24879.582
8928,3.6567235,24883.238
8929,3.6553402,24886.895
8930,3.654761,24890.549
8931,3.6554222,24894.205
8932,3.657737,24897.863
8933,3.6608827,24901.523
8934,3.6655493,24905.19
8935,3.669542,24908.86
8936,3.6722555,24912.531
8937,3.673473,24916.205
8938,3.674562,24919.879
8939,3.6769235,24923.557
8940,3.680191,24927.236
8941,3.6820953,24930.918
8942,3.6786373,24934.596
8943,3.6709423,24938.268
8944,3.662772,24941.93
8945,3.6587608,24945.588
8946,3.6591797,24949.246
8947,3.6617305,24952.908
8948,3.6658537,24956.574
8949,3.6698434,24960.244
8950,3.6732247,24963.918
8951,3.675819,24967.594
8952,3.6776195,24971.271
8953,3.678281,24974.95
8954,3.6774232,24978.627
8955,3.6771228,24982.305
8956,3.6790493,24985.984
8957,3.6833272,24989.668
8958,3.689576,24993.357
8959,3.6945524,24997.053
8960,3.6950226,25000.748
8961,3.6916103,25004.44
8962,3.6876116,25008.127
8963,3.6855817,25011.812
8964,3.6855242,25015.498
8965,3.6850882,25019.184
8966,3.6829948,25022.867
8967,3.6803627,25026.547
8968,3.6789916,25030.227
8969,3.6798506,25033.906
8970,3.6799147,25037.586
8971,3.6787372,25041.266
8972,3.676102,25044.941
8973,3.6766505,25048.617
8974,3.6811054,25052.299
8975,3.6888864,25055.988
8976,3.697197,25059.686
8977,3.7023492,25063.389
8978,3.7033222,25067.092
8979,3.704189,25070.797
8980,3.7074916,25074.504
8981,3.7134511,25078.217
8982,3.7179282,25081.936
8983,3.7184048,25085.654
8984,3.715482,25089.37
8985,3.7143245,25093.084
8986,3.715165,25096.799
8987,3.7150104,25100.514
8988,3.7118003,25104.225
8989,3.7078311,25107.932
8990,3.7042682,25111.637
8991,3.7016144,25115.338
8992,3.6981494,25119.035
8993,3.6974106,25122.732
8994,3.7012389,25126.434
8995,3.7089894,25130.143
8996,3.7157965,25133.857
8997,3.7196732,25137.576
8998,3.7197452,25141.297
8999,3.7191188,25145.016
9000,3.717608,25148.732
9001,3.7148175,25152.447
9002,3.7094698,25156.156
9003,3.7030456,25159.86
9004,3.698091,25163.557
9005,3.696271,25167.252
9006,3.695571,25170.947
9007,3.6943774,25174.643
9008,3.6908398,25178.334
9009,3.6874266,25182.021
9010,3.6869507,25185.709
9011,3.690451,25189.4
9012,3.6975424,25193.098
9013,3.7057216,25196.803
9014,3.7134666,25200.516
9015,3.7197843,25204.236
9016,3.7261794,25207.963
9017,3.7320461,25211.695
9018,3.7394307,25215.436
9019,3.7442207,25219.18
9020,3.7437031,25222.924
9021,3.7404397,25226.664
9022,3.740557,25230.404
9023,3.7446704,25234.148
9024,3.753339,25237.902
9025,3.7599523,25241.662
9026,3.757911,25245.42
9027,3.748865,25249.168
9028,3.739558,25252.908
9029,3.7335925,25256.643
9030,3.7323315,25260.375
9031,3.7341619,25264.11
9032,3.7369673,25267.846
9033,3.739077,25271.584
9034,3.7381787,25275.322
9035,3.7355182,25279.059
9036,3.7318819,25282.791
9037,3.7304242,25286.521
9038,3.7334812,25290.256
9039,3.738685,25293.994
9040,3.7429998,25297.736
9041,3.7420835,25301.479
9042,3.7357118,25305.215
9043,3.724979,25308.94
9044,3.7137303,25312.652
9045,3.7061398,25316.36
9046,3.701107,25320.06
9047,3.6972592,25323.758
9048,3.6926043,25327.451
9049,3.6901453,25331.14
9050,3.688249,25334.828
9051,3.6858592,25338.514
9052,3.680138,25342.193
9053,3.6752799,25345.87
9054,3.6715996,25349.541
9055,3.670917,25353.213
9056,3.671012,25356.885
9057,3.6728845,25360.559
9058,3.6761672,25364.234
9059,3.680223,25367.914
9060,3.682394,25371.596
9061,3.6829727,25375.28
9062,3.6831229,25378.963
9063,3.6855762,25382.648
9064,3.6902034,25386.338
9065,3.6929796,25390.031
9066,3.6923606,25393.723
9067,3.689309,25397.412
9068,3.686032,25401.098
9069,3.6830575,25404.781
9070,3.677371,25408.459
9071,3.6718938,25412.13
9072,3.6693892,25415.8
9073,3.6726184,25419.473
9074,3.6811366,25423.154
9075,3.6887054,25426.844
9076,3.6926327,25430.537
9077,3.6926348,25434.23
9078,3.6905224,25437.922
9079,3.6896627,25441.611
9080,3.6898088,25445.3
9081,3.6898642,25448.99
9082,3.6897845,25452.68
9083,3.689669,25456.37
9084,3.6897185,25460.059
9085,3.690323,25463.748
9086,3.6902516,25467.438
9087,3.6894789,25471.127
9088,3.6878598,25474.814
9089,3.6842096,25478.498
9090,3.6783922,25482.176
9091,3.6731646,25485.85
9092,3.6685257,25489.518
9093,3.6646583,25493.182
9094,3.6601737,25496.842
9095,3.6568675,25500.498
9096,3.6557057,25504.154
9097,3.6566088,25507.81
9098,3.6595726,25511.47
9099,3.661516,25515.133
9100,3.6625574,25518.795
9101,3.6634347,25522.459
9102,3.6644871,25526.123
9103,3.6650774,25529.79
9104,3.6659443,25533.455
9105,3.6670089,25537.123
9106,3.6689093,25540.791
9107,3.671013,25544.463
9108,3.6728141,25548.135
9109,3.6713223,25551.807
9110,3.667821,25555.475
9111,3.6648118,25559.139
9112,3.6632342,25562.803
9113,3.6624792,25566.465
9114,3.6621773,25570.127
9115,3.6622381,25573.79
9116,3.6631887,25577.453
9117,3.664693,25581.117
9118,3.6657662,25584.783
9119,3.6659384,25588.45
9120,3.663528,25592.113
9121,3.6605122,25595.773
9122,3.658267,25599.432
9123,3.6568773,25603.088
9124,3.6565413,25606.744
9125,3.6561003,25610.4
9126,3.6569011,25614.057
9127,3.6585882,25617.715
9128,3.6607416,25621.375
9129,3.662621,25625.037
9130,3.6666338,25628.703
9131,3.6697392,25632.373
9132,3.6739287,25636.047
9133,3.676511,25639.723
9134,3.6777596,25643.4
9135,3.6775274,25647.078
9136,3.6762037,25650.754
9137,3.6745114,25654.428
9138,3.673225,25658.102
9139,3.673935,25661.775
9140,3.6763515,25665.451
9141,3.6798985,25669.13
9142,3.6829293,25672.814
9143,3.6846688,25676.5
9144,3.6837196,25680.184
9145,3.6820395,25683.865
9146,3.6803741,25687.545
9147,3.6787307,25691.225
9148,3.677471,25694.902
9149,3.6759765,25698.578
9150,3.6739316,25702.252
9151,3.6729152,25705.926
9152,3.6735582,25709.6
9153,3.6743839,25713.273
9154,3.6756194,25716.95
9155,3.6772919,25720.627
9156,3.6792233,25724.307
9157,3.680725,25727.988
9158,3.6802177,25731.668
9159,3.6798742,25735.348
9160,3.6795938,25739.027
9161,3.6804695,25742.707
9162,3.6813302,25746.389
9163,3.681994,25750.07
9164,3.6814003,25753.752
9165,3.6803463,25757.432
9166,3.6801088,25761.111
9167,3.681593,25764.793
9168,3.684384,25768.477
9169,3.6879654,25772.164
9170,3.6900191,25775.854
9171,3.6910622,25779.545
9172,3.6910074,25783.236
9173,3.6910062,25786.928
9174,3.691918,25790.62
9175,3.6935158,25794.312
9176,3.6965268,25798.01
9177,3.699835,25801.709
9178,3.7021105,25805.41
9179,3.702294,25809.113
9180,3.7012677,25812.814
9181,3.700213,25816.516
9182,3.699485,25820.215
9183,3.698493,25823.914
9184,3.6959445,25827.61
9185,3.6945055,25831.305
9186,3.6947503,25835.0
9187,3.6942296,25838.693
9188,3.6911056,25842.385
9189,3.6863937,25846.07
9190,3.6809835,25849.752
9191,3.6777184,25853.43
9192,3.6766803,25857.105
9193,3.677051,25860.783
9194,3.6786926,25864.46
9195,3.6805708,25868.14
9196,3.682803,25871.824
9197,3.6847637,25875.51
9198,3.6870098,25879.197
9199,3.6893437,25882.887
9200,3.689921,25886.576
9201,3.6879299,25890.264
9202,3.6839223,25893.947
9203,3.6797798,25897.627
9204,3.6773355,25901.305
9205,3.6765013,25904.98
9206,3.6758947,25908.656
9207,3.675693,25912.332
9208,3.674304,25916.006
9209,3.672779,25919.678
9210,3.6713696,25923.35
9211,3.6706696,25927.02
9212,3.6700914,25930.69
9213,3.669236,25934.36
9214,3.668198,25938.027
9215,3.6671243,25941.695
9216,3.6675603,25945.363
9217,3.668017,25949.031
9218,3.6694858,25952.701
9219,3.6699026,25956.371
9220,3.6696117,25960.041
9221,3.6684787,25963.709
9222,3.6673827,25967.377
9223,3.6664734,25971.043
9224,3.6662447,25974.709
9225,3.6659625,25978.375
9226,3.6671624,25982.043
9227,3.6681957,25985.71
9228,3.6699798,25989.38
9229,3.6715624,25993.053
9230,3.673395,25996.727
9231,3.6749873,26000.402
9232,3.6768124,26004.08
9233,3.67888,26007.76
9234,3.681324,26011.441
9235,3.682081,26015.123
9236,3.6815982,26018.805
9237,3.6808124,26022.486
9238,3.6793993,26026.166
9239,3.6785362,26029.844
9240,3.6771817,26033.521
9241,3.6750598,26037.197
9242,3.6736538,26040.871
9243,3.672577,26044.543
9244,3.6722171,26048.215
9245,3.671693,26051.887
9246,3.6721463,26055.559
9247,3.6731298,26059.232
9248,3.676294,26062.908
9249,3.680075,26066.588
9250,3.6847618,26070.273
9251,3.6880636,26073.96
9252,3.6897094,26077.65
9253,3.6884668,26081.338
9254,3.6859252,26085.023
9255,3.6839275,26088.707
9256,3.6826382,26092.39
9257,3.6818326,26096.072
9258,3.68031,26099.752
9259,3.6792321,26103.432
9260,3.6774402,26107.11
9261,3.6765354,26110.785
9262,3.6765826,26114.46
9263,3.678295,26118.139
9264,3.6799865,26121.818
9265,3.681207,26125.5
9266,3.6828032,26129.184
9267,3.6846273,26132.87
9268,3.6872227,26136.557
9269,3.6899548,26140.246
9270,3.6907024,26143.938
9271,3.689583,26147.627
9272,3.6863174,26151.312
9273,3.6844125,26154.996
9274,3.6845617,26158.68
9275,3.686079,26162.365
9276,3.6891613,26166.055
9277,3.6914785,26169.746
9278,3.692298,26173.438
9279,3.6914032,26177.129
9280,3.6894467,26180.818
9281,3.687896,26184.506
9282,3.6878097,26188.193
9283,3.6871343,26191.88
9284,3.6851928,26195.566
9285,3.6818368,26199.248
9286,3.678971,26202.928
9287,3.6781774,26206.605
9288,3.678954,26210.285
9289,3.6802118,26213.965
9290,3.6804485,26217.645
9291,3.67961,26221.324
9292,3.6771142,26225.002
9293,3.6747363,26228.676
9294,3.6718037,26232.348
9295,3.6693492,26236.018
9296,3.6682327,26239.686
9297,3.6670277,26243.354
9298,3.6648288,26247.018
9299,3.6620507,26250.68
9300,3.6598732,26254.34
9301,3.659215,26258.0
9302,3.658944,26261.658
9303,3.6595755,26265.318
9304,3.658699,26268.977
9305,3.6572714,26272.635
9306,3.6541076,26276.29
9307,3.653043,26279.941
9308,3.6524298,26283.594
9309,3.6524749,26287.246
9310,3.6520953,26290.898
9311,3.6517346,26294.55
9312,3.6522527,26298.203
9313,3.6537697,26301.857
9314,3.6557412,26305.514
9315,3.6564085,26309.17
9316,3.6570187,26312.826
9317,3.658073,26316.484
9318,3.660237,26320.145
9319,3.663304,26323.809
9320,3.6676931,26327.477
9321,3.6710103,26331.148
9322,3.673934,26334.822
9323,3.6747854,26338.496
9324,3.6756446,26342.172
9325,3.6746533,26345.846
9326,3.6739023,26349.52
9327,3.6730254,26353.193
9328,3.6731665,26356.867
9329,3.6737323,26360.541
9330,3.6749234,26364.217
9331,3.6764064,26367.893
9332,3.6786783,26371.57
9333,3.6813946,26375.252
9334,3.6837971,26378.936
9335,3.685828,26382.621
9336,3.68734,26386.309
9337,3.688015,26389.996
9338,3.6867082,26393.684
9339,3.6846623,26397.37
9340,3.682152,26401.05
9341,3.6819425,26404.732
9342,3.6826897,26408.416
9343,3.685354,26412.102
9344,3.6875625,26415.79
9345,3.6886187,26419.479
9346,3.6886494,26423.168
9347,3.6889565,26426.857
9348,3.6880202,26430.545
9349,3.6856205,26434.23
9350,3.6830535,26437.914
9351,3.6829517,26441.598
9352,3.684237,26445.281
9353,3.6860247,26448.967
9354,3.6873703,26452.654
9355,3.6879432,26456.342
9356,3.6871786,26460.03
9357,3.6864214,26463.715
9358,3.6846526,26467.4
9359,3.6826775,26471.084
9360,3.6821127,26474.766
9361,3.6819866,26478.447
9362,3.6831682,26482.13
9363,3.683524,26485.814
9364,3.6833026,26489.498
9365,3.682457,26493.18
9366,3.6828191,26496.863
9367,3.6839857,26500.547
9368,3.6854362,26504.232
9369,3.6854858,26507.918
9370,3.6852596,26511.604
9371,3.6847258,26515.29
9372,3.684841,26518.975
9373,3.6850145,26522.66
9374,3.6854448,26526.346
9375,3.6865137,26530.031
9376,3.6876585,26533.719
9377,3.6872723,26537.406
9378,3.6845899,26541.092
9379,3.681742,26544.773
9380,3.6789196,26548.453
9381,3.676778,26552.13
9382,3.6748304,26555.807
9383,3.6735113,26559.48
9384,3.6723506,26563.152
9385,3.6719027,26566.824
9386,3.6711245,26570.496
9387,3.6707046,26574.166
9388,3.6697512,26577.836
9389,3.6684628,26581.504
9390,3.6661859,26585.17
9391,3.664199,26588.834
9392,3.6621044,26592.496
9393,3.6603441,26596.156
9394,3.65959,26599.816
9395,3.6601686,26603.477
9396,3.6609616,26607.137
9397,3.6616147,26610.799
9398,3.6611464,26614.46
9399,3.6605706,26618.121
9400,3.6592102,26621.781
9401,3.6584637,26625.44
9402,3.6587613,26629.098
9403,3.66005,26632.758
9404,3.6634634,26636.422
9405,3.6666918,26640.088
9406,3.6695943,26643.758
9407,3.6703343,26647.428
9408,3.6693268,26651.098
9409,3.6669493,26654.764
9410,3.6655226,26658.43
9411,3.6647148,26662.094
9412,3.6642795,26665.758
9413,3.6637104,26669.422
9414,3.663784,26673.086
9415,3.6643872,26676.75
9416,3.665458,26680.416
9417,3.6664724,26684.082
9418,3.6669524,26687.748
9419,3.666547,26691.414
9420,3.6661613,26695.08
9421,3.6654308,26698.746
9422,3.6660545,26702.412
9423,3.6679692,26706.08
9424,3.671729,26709.752
9425,3.675273,26713.428
9426,3.6776202,26717.105
9427,3.6795144,26720.785
9428,3.67987,26724.465
9429,3.6802144,26728.145
9430,3.679117,26731.824
9431,3.6777754,26735.502
9432,3.6762578,26739.178
9433,3.6755896,26742.854
9434,3.6752996,26746.53
9435,3.6751306,26750.205
9436,3.675241,26753.88
9437,3.6757433,26757.557
9438,3.677798,26761.234
9439,3.679735,26764.914
9440,3.6803026,26768.594
9441,3.680041,26772.273
9442,3.678766,26775.953
9443,3.6778743,26779.63
9444,3.6773512,26783.309
9445,3.6779733,26786.986
9446,3.6785533,26790.664
9447,3.6794817,26794.344
9448,3.680354,26798.023
9449,3.6807702,26801.705
9450,3.6810298,26805.387
9451,3.681978,26809.068
9452,3.6832685,26812.752
9453,3.6831985,26816.436
9454,3.682607,26820.117
9455,3.6815298,26823.799
9456,3.6811438,26827.48
9457,3.6821105,26831.162
9458,3.6853824,26834.848
9459,3.68765,26838.535
9460,3.6907375,26842.227
9461,3.6925685,26845.92
9462,3.6926353,26849.613
9463,3.6921797,26853.305
9464,3.690682,26856.996
9465,3.6880004,26860.684
9466,3.684416,26864.367
9467,3.6809332,26868.049
9468,3.67819,26871.727
9469,3.6760418,26875.402
9470,3.6745183,26879.076
9471,3.6724072,26882.748
9472,3.6707692,26886.418
9473,3.6694045,26890.088
9474,3.6703901,26893.758
9475,3.6723354,26897.43
9476,3.6751637,26901.105
9477,3.6771252,26904.783
9478,3.678056,26908.46
9479,3.6779149,26912.139
9480,3.6766076,26915.814
9481,3.674536,26919.488
9482,3.672514,26923.16
9483,3.6716712,26926.832
9484,3.672646,26930.504
9485,3.674988,26934.18
9486,3.6780593,26937.857
9487,3.6804008,26941.537
9488,3.6814764,26945.219
9489,3.6820517,26948.9
9490,3.6809926,26952.582
9491,3.6787152,26956.262
9492,3.673837,26959.936
9493,3.668877,26963.604
9494,3.6649115,26967.268
9495,3.663314,26970.932
9496,3.6643214,26974.596
9497,3.6660585,26978.262
9498,3.6688838,26981.93
9499,3.6703515,26985.6
9500,3.6704857,26989.27
9501,3.6680326,26992.938
9502,3.6653094,26996.604
9503,3.6633308,27000.268
9504,3.6624036,27003.93
9505,3.6635723,27007.594
9506,3.6653764,27011.26
9507,3.6672988,27014.928
9508,3.6681907,27018.596
9509,3.6679604,27022.264
9510,3.6659284,27025.93
9511,3.6641881,27029.594
9512,3.6622043,27033.256
9513,3.6621737,27036.918
9514,3.6632476,27040.582
9515,3.6649344,27044.246
9516,3.667504,27047.914
9517,3.669505,27051.584
9518,3.6717422,27055.256
9519,3.6736531,27058.93
9520,3.6756172,27062.605
9521,3.6765866,27066.281
9522,3.677088,27069.959
9523,3.6763625,27073.635
9524,3.6750877,27077.31
9525,3.6733217,27080.984
9526,3.6727736,27084.656
9527,3.6738162,27088.33
9528,3.6762815,27092.006
9529,3.6785553,27095.684
9530,3.6797338,27099.363
9531,3.6797493,27103.043
9532,3.6784537,27106.72
9533,3.677022,27110.398
9534,3.676773,27114.076
9535,3.6777713,27117.754
9536,3.6797888,27121.434
9537,3.6811154,27125.115
9538,3.6820238,27128.797
9539,3.6834075,27132.48
9540,3.685504,27136.166
9541,3.68728,27139.854
9542,3.688185,27143.541
9543,3.6887536,27147.23
9544,3.6896422,27150.92
9545,3.6918008,27154.611
9546,3.6954207,27158.307
9547,3.6977947,27162.004
9548,3.6963496,27165.701
9549,3.6909575,27169.393
9550,3.6854067,27173.078
9551,3.682354,27176.76
9552,3.6809468,27180.441
9553,3.6793988,27184.121
9554,3.6765208,27187.797
9555,3.6731956,27191.47
9556,3.6700745,27195.14
9557,3.6691895,27198.81
9558,3.6695797,27202.48
9559,3.6714327,27206.152
9560,3.674117,27209.826
9561,3.6774664,27213.504
9562,3.680364,27217.184
9563,3.6826842,27220.867
9564,3.6859958,27224.553
9565,3.6869686,27228.24
9566,3.6845934,27231.926
9567,3.6789649,27235.605
9568,3.6726816,27239.277
9569,3.668904,27242.945
9570,3.6689773,27246.615
9571,3.6698637,27250.285
9572,3.6712532,27253.957
9573,3.673258,27257.63
9574,3.6767738,27261.309
9575,3.67946,27264.988
9576,3.6807384,27268.67
9577,3.680706,27272.352
9578,3.6802752,27276.031
9579,3.6796715,27279.71
9580,3.6780298,27283.389
9581,3.6760385,27287.064
9582,3.673106,27290.738
9583,3.6702592,27294.408
9584,3.6691616,27298.078
9585,3.6695302,27301.748
9586,3.6705782,27305.418
9587,3.6710858,27309.09
9588,3.6699073,27312.76
9589,3.6689198,27316.428
9590,3.6687248,27320.096
9591,3.6694043,27323.766
9592,3.6694903,27327.436
9593,3.6687636,27331.104
9594,3.6673446,27334.771
9595,3.6670086,27338.44
9596,3.666576,27342.105
9597,3.667349,27345.773
9598,3.6677322,27349.441
9599,3.6692119,27353.111
9600,3.67047,27356.781
9601,3.6713736,27360.453
9602,3.6713686,27364.125
9603,3.6719432,27367.797
9604,3.671252,27371.469
9605,3.6708224,27375.139
9606,3.66977,27378.809
9607,3.6692617,27382.479
9608,3.6685514,27386.146
9609,3.6680408,27389.814
9610,3.6669328,27393.48
9611,3.6658397,27397.146
9612,3.6663253,27400.812
9613,3.6680071,27404.48
9614,3.6723537,27408.152
9615,3.6771472,27411.83
9616,3.6803622,27415.51
9617,3.6819475,27419.191
9618,3.6813452,27422.873
9619,3.680614,27426.553
9620,3.6805835,27430.232
9621,3.6814458,27433.914
9622,3.6825743,27437.596
9623,3.6830168,27441.28
9624,3.6833272,27444.963
9625,3.6838756,27448.646
9626,3.6853783,27452.332
9627,3.6876416,27456.02
9628,3.6895983,27459.709
9629,3.690796,27463.4
9630,3.6906676,27467.092
9631,3.688774,27470.781
9632,3.6864555,27474.467
9633,3.6842012,27478.15
9634,3.6829815,27481.834
9635,3.6830957,27485.518
9636,3.683947,27489.201
9637,3.6841338,27492.885
9638,3.684407,27496.568
9639,3.6857672,27500.254
9640,3.6871862,27503.941
9641,3.6873803,27507.629
9642,3.6864603,27511.314
9643,3.6847744,27515.0
9644,3.6840618,27518.684
9645,3.6826777,27522.367
9646,3.6819007,27526.049
9647,3.6815276,27529.73
9648,3.680918,27533.412
9649,3.6813803,27537.094
9650,3.6820714,27540.775
9651,3.6824334,27544.457
9652,3.6817458,27548.139
9653,3.6809814,27551.82
9654,3.6812487,27555.502
9655,3.6814132,27559.184
9656,3.6819646,27562.865
9657,3.6812346,27566.547
9658,3.6794622,27570.227
9659,3.6767073,27573.902
9660,3.6756587,27577.578
9661,3.6750047,27581.254
9662,3.6757708,27584.93
9663,3.6749654,27588.605
9664,3.6737978,27592.28
9665,3.6718807,27595.951
9666,3.6706362,27599.621
9667,3.6697612,27603.291
9668,3.6698234,27606.96
9669,3.6694598,27610.63
9670,3.6700864,27614.3
9671,3.670101,27617.97
9672,3.6710603,27621.643
9673,3.6716287,27625.314
9674,3.672696,27628.986
9675,3.672662,27632.658
9676,3.6722648,27636.33
9677,3.6714702,27640.002
9678,3.67139,27643.674
9679,3.6711643,27647.346
9680,3.6699147,27651.016
9681,3.6674492,27654.684
9682,3.6647372,27658.348
9683,3.6640866,27662.012
9684,3.6651273,27665.678
9685,3.6665235,27669.344
9686,3.6680431,27673.012
9687,3.6700294,27676.682
9688,3.6727836,27680.354
9689,3.6739984,27684.027
9690,3.6734738,27687.701
9691,3.6725535,27691.373
9692,3.6715045,27695.045
9693,3.670697,27698.715
9694,3.6702728,27702.385
9695,3.670633,27706.055
9696,3.672635,27709.727
9697,3.675617,27713.402
9698,3.6791909,27717.082
9699,3.6816325,27720.764
9700,3.682987,27724.447
9701,3.6837528,27728.13
9702,3.6841094,27731.814
9703,3.6845422,27735.498
9704,3.6834521,27739.182
9705,3.6821296,27742.863
9706,3.680116,27746.543
9707,3.678059,27750.22
9708,3.6755207,27753.896
9709,3.6747386,27757.57
9710,3.6745052,27761.244
9711,3.6752462,27764.92
9712,3.6750107,27768.596
9713,3.6762185,27772.271
9714,3.6770842,27775.95
9715,3.6776128,27779.627
9716,3.6763127,27783.303
9717,3.6741,27786.977
9718,3.670539,27790.646
9719,3.6684024,27794.314
9720,3.6684234,27797.982
9721,3.6696858,27801.652
9722,3.670928,27805.324
9723,3.6719077,27808.996
9724,3.6735895,27812.67
9725,3.6757689,27816.346
9726,3.6782184,27820.023
9727,3.679553,27823.703
9728,3.6801226,27827.383
9729,3.679639,27831.062
9730,3.678215,27834.74
9731,3.6766307,27838.416
9732,3.674938,27842.092
9733,3.6738226,27845.766
9734,3.673403,27849.44
9735,3.6737628,27853.113
9736,3.6753404,27856.79
9737,3.676072,27860.465
9738,3.6767852,27864.143
9739,3.677155,27867.82
9740,3.677079,27871.498
9741,3.677625,27875.176
9742,3.6782696,27878.854
9743,3.6785607,27882.531
9744,3.677384,27886.209
9745,3.675022,27889.885
9746,3.6719432,27893.557
9747,3.6698387,27897.227
9748,3.6681771,27900.895
9749,3.6670713,27904.562
9750,3.666305,27908.229
9751,3.6669383,27911.895
9752,3.667618,27915.562
9753,3.6680555,27919.23
9754,3.6686318,27922.898
9755,3.6694074,27926.568
9756,3.669229,27930.238
9757,3.6691048,27933.908
9758,3.6693947,27937.578
9759,3.669473,27941.248
9760,3.668572,27944.916
9761,3.6681066,27948.584
9762,3.666395,27952.25
9763,3.6651917,27955.916
9764,3.6641798,27959.58
9765,3.6646543,27963.244
9766,3.6650624,27966.91
9767,3.6655643,27970.576
9768,3.6667764,27974.242
9769,3.6681206,27977.91
9770,3.6692343,27981.58
9771,3.6691666,27985.25
9772,3.6693382,27988.92
9773,3.6704028,27992.59
9774,3.6717753,27996.262
9775,3.6728804,27999.936
9776,3.6715343,28003.607
9777,3.6691399,28007.277
9778,3.6659372,28010.943
9779,3.6647604,28014.607
9780,3.6649182,28018.271
9781,3.666377,28021.938
9782,3.6680145,28025.605
9783,3.6701412,28029.275
9784,3.672167,28032.947
9785,3.6734478,28036.621
9786,3.6744266,28040.295
9787,3.6751187,28043.97
9788,3.675717,28047.646
9789,3.6772983,28051.324
9790,3.6798048,28055.004
9791,3.6810567,28058.686
9792,3.6821651,28062.367
9793,3.682632,28066.05
9794,3.6846383,28069.736
9795,3.686289,28073.422
9796,3.6868052,28077.11
9797,3.6854403,28080.795
9798,3.6845634,28084.479
9799,3.683984,28088.162
9800,3.6840215,28091.846
9801,3.684548,28095.53
9802,3.6854274,28099.215
9803,3.685948,28102.9
9804,3.6857107,28106.586
9805,3.6846242,28110.271
9806,3.6835127,28113.955
9807,3.6832418,28117.639
9808,3.6847813,28121.324
9809,3.6867604,28125.012
9810,3.6866734,28128.7
9811,3.684705,28132.385
9812,3.682159,28136.066
9813,3.6802945,28139.746
9814,3.6808212,28143.428
9815,3.6820683,28147.11
9816,3.6859748,28150.795
9817,3.6882782,28154.482
9818,3.6896615,28158.172
9819,3.689026,28161.861
9820,3.689573,28165.55
9821,3.6901398,28169.24
9822,3.6905837,28172.932
9823,3.6890893,28176.621
9824,3.6861703,28180.307
9825,3.683288,28183.99
9826,3.679701,28187.67
9827,3.6769943,28191.348
9828,3.6744304,28195.021
9829,3.6730666,28198.695
9830,3.6728463,28202.367
9831,3.6742342,28206.041
9832,3.6765215,28209.717
9833,3.6788554,28213.396
9834,3.6799095,28217.076
9835,3.6796286,28220.756
9836,3.6779034,28224.434
9837,3.6762228,28228.11
9838,3.6758654,28231.785
9839,3.6760085,28235.46
9840,3.6765316,28239.137
9841,3.6767714,28242.814
9842,3.6764598,28246.49
9843,3.6751308,28250.166
9844,3.6725402,28253.838
9845,3.6701443,28257.508
9846,3.668565,28261.176
9847,3.6671147,28264.844
9848,3.6663876,28268.51
9849,3.6667867,28272.176
9850,3.668953,28275.846
9851,3.67135,28279.518
9852,3.6731942,28283.191
9853,3.6743033,28286.865
9854,3.674453,28290.54
9855,3.674243,28294.213
9856,3.6735485,28297.887
9857,3.673703,28301.56
9858,3.6739752,28305.234
9859,3.6754186,28308.91
9860,3.6768172,28312.588
9861,3.6787257,28316.268
9862,3.6814241,28319.95
9863,3.683051,28323.633
9864,3.683495,28327.316
9865,3.6826448,28331.0
9866,3.6822512,28334.682
9867,3.6829257,28338.365
9868,3.6830435,28342.049
9869,3.6818788,28345.73
9870,3.6792839,28349.41
9871,3.676219,28353.086
9872,3.6741917,28356.76
9873,3.673698,28360.434
9874,3.6732233,28364.107
9875,3.672951,28367.781
9876,3.6722848,28371.453
9877,3.672899,28375.127
9878,3.67554,28378.803
9879,3.6786098,28382.48
9880,3.6817446,28386.162
9881,3.6834161,28389.846
9882,3.6838338,28393.53
9883,3.6841347,28397.213
9884,3.685692,28400.898
9885,3.687625,28404.586
9886,3.6879504,28408.273
9887,3.6871147,28411.96
9888,3.6851525,28415.646
9889,3.6838727,28419.33
9890,3.6811202,28423.012
9891,3.6784787,28426.69
9892,3.6754951,28430.365
9893,3.674792,28434.04
9894,3.675863,28437.715
9895,3.6779518,28441.393
9896,3.679486,28445.072
9897,3.6805544,28448.752
9898,3.6811688,28452.434
9899,3.6805773,28456.113
9900,3.6796052,28459.793
9901,3.6789186,28463.473
9902,3.679463,28467.152
9903,3.6804006,28470.832
9904,3.6806042,28474.512
9905,3.680216,28478.191
9906,3.6794233,28481.871
9907,3.6787791,28485.55
9908,3.6775703,28489.229
9909,3.6766493,28492.904
9910,3.6746469,28496.578
9911,3.6723557,28500.25
9912,3.6699853,28503.92
9913,3.6698809,28507.59
9914,3.6706183,28511.26
9915,3.671819,28514.932
9916,3.6719615,28518.604
9917,3.672147,28522.275
9918,3.6723626,28525.947
9919,3.6738665,28529.621
9920,3.6760724,28533.297
9921,3.6772842,28536.975
9922,3.6780202,28540.652
9923,3.677387,28544.33
9924,3.6758473,28548.006
9925,3.6746428,28551.68
9926,3.6745927,28555.354
9927,3.6740422,28559.027
9928,3.6733468,28562.701
9929,3.6722705,28566.373
9930,3.669545,28570.043
9931,3.6671774,28573.71
9932,3.6659899,28577.377
9933,3.6655781,28581.043
9934,3.6650383,28584.707
9935,3.665399,28588.373
9936,3.6662254,28592.04
9937,3.6688974,28595.707
9938,3.6729958,28599.38
9939,3.677238,28603.059
9940,3.6804767,28606.738
9941,3.683085,28610.422
9942,3.6861696,28614.107
9943,3.6885247,28617.797
9944,3.6902494,28621.486
9945,3.6899595,28625.176
9946,3.6863966,28628.861
9947,3.6813514,28632.543
9948,3.6755219,28636.219
9949,3.671251,28639.89
9950,3.6689525,28643.56
9951,3.669607,28647.23
9952,3.672783,28650.902
9953,3.677266,28654.58
9954,3.6823888,28658.262
9955,3.6852195,28661.947
9956,3.6832082,28665.63
9957,3.678141,28669.309
9958,3.6712654,28672.98
9959,3.6676877,28676.648
9960,3.6655185,28680.314
9961,3.665025,28683.979
9962,3.6643178,28687.643
9963,3.6638238,28691.307
9964,3.663152,28694.97
9965,3.662638,28698.633
9966,3.6629384,28702.295
9967,3.6646228,28705.959
9968,3.667527,28709.627
9969,3.6708672,28713.297
9970,3.6751208,28716.973
9971,3.677965,28720.65
9972,3.6788275,28724.33
9973,3.679045,28728.01
9974,3.6779058,28731.688
9975,3.6770065,28735.365
9976,3.6779354,28739.043
9977,3.680951,28742.725
9978,3.6854708,28746.41
9979,3.6890173,28750.1
9980,3.6904352,28753.791
9981,3.6888537,28757.48
9982,3.6847508,28761.166
9983,3.6799765,28764.846
9984,3.6754193,28768.521
9985,3.6723676,28772.193
9986,3.670323,28775.863
9987,3.6685812,28779.531
9988,3.6691976,28783.201
9989,3.67148,28786.873
9990,3.6749804,28790.549
9991,3.6780193,28794.227
9992,3.6820843,28797.908
9993,3.683944,28801.592
9994,3.683858,28805.275
9995,3.681821,28808.957
9996,3.6799963,28812.637
9997,3.6785421,28816.314
9998,3.6781468,28819.992
9999,3.67925,28823.672
10000,3.6814718,28827.354
10001,3.6826427,28831.037
10002,3.6815588,28834.719
10003,3.6776605,28838.396
10004,3.6728566,28842.07
10005,3.6698544,28845.74
10006,3.6681087,28849.408
10007,3.6671515,28853.076
10008,3.6655047,28856.742
10009,3.6654546,28860.408
10010,3.6668348,28864.074
10011,3.669707,28867.744
10012,3.6726828,28871.416
10013,3.6750326,28875.092
10014,3.677475,28878.77
10015,3.678747,28882.45
10016,3.6792855,28886.129
10017,3.6788015,28889.809
10018,3.6780972,28893.486
10019,3.6762183,28897.162
10020,3.674467,28900.836
10021,3.6720123,28904.508
10022,3.6692,28908.178
10023,3.6665883,28911.844
10024,3.664433,28915.508
10025,3.663748,28919.172
10026,3.6635733,28922.836
10027,3.6638074,28926.5
10028,3.6647854,28930.164
10029,3.665762,28933.83
10030,3.666923,28937.496
10031,3.6679525,28941.164
10032,3.6691577,28944.834
10033,3.6706183,28948.504
10034,3.6721573,28952.176
10035,3.6736603,28955.85
10036,3.674796,28959.523
10037,3.6745765,28963.197
10038,3.6729825,28966.871
10039,3.67072,28970.541
10040,3.6690097,28974.21
10041,3.6682403,28977.879
10042,3.6688726,28981.547
10043,3.6703753,28985.217
10044,3.6721296,28988.889
10045,3.6735518,28992.562
10046,3.675118,28996.238
10047,3.675836,28999.914
10048,3.675678,29003.59
10049,3.6746397,29007.264
10050,3.6742473,29010.938
10051,3.6742728,29014.611
10052,3.6747425,29018.285
10053,3.676683,29021.96
10054,3.6806188,29025.64
10055,3.684151,29029.324
10056,3.6867383,29033.012
10057,3.687619,29036.7
10058,3.685651,29040.385
10059,3.6829503,29044.068
10060,3.681443,29047.75
10061,3.680814,29051.432
10062,3.6803317,29055.111
10063,3.679654,29058.791
10064,3.679215,29062.47
10065,3.6797838,29066.15
10066,3.681525,29069.832
10067,3.6833925,29073.516
10068,3.684213,29077.2
10069,3.6837103,29080.883
10070,3.6832156,29084.566
10071,3.683458,29088.25
10072,3.6845348,29091.934
10073,3.6853797,29095.62
10074,3.6850095,29099.305
10075,3.683329,29102.988
10076,3.6798728,29106.668
10077,3.67705,29110.346
10078,3.6744838,29114.02
10079,3.6726675,29117.691
10080,3.670792,29121.361
10081,3.6701412,29125.031
10082,3.6709,29128.703
10083,3.6724896,29132.375
10084,3.674784,29136.049
10085,3.677302,29139.727
10086,3.6802313,29143.406
10087,3.6839828,29147.09
10088,3.6877477,29150.777
10089,3.6907806,29154.469
10090,3.6916568,29158.16
10091,3.6898282,29161.85
10092,3.6879632,29165.537
10093,3.686465,29169.223
10094,3.6868904,29172.91
10095,3.6868606,29176.598
10096,3.6860747,29180.283
10097,3.6845245,29183.967
10098,3.6829715,29187.65
10099,3.6813147,29191.332
10100,3.6786282,29195.01
10101,3.675725,29198.686
10102,3.673616,29202.36
10103,3.6720805,29206.031
10104,3.6727526,29209.703
10105,3.6742363,29213.377
10106,3.6757038,29217.053
10107,3.6771822,29220.73
10108,3.6782753,29224.408
10109,3.6778815,29228.086
10110,3.6765225,29231.762
10111,3.6757846,29235.438
10112,3.674506,29239.111
10113,3.6724837,29242.783
10114,3.6699276,29246.453
10115,3.6685,29250.121
10116,3.6685677,29253.79
10117,3.6686838,29257.457
10118,3.6673512,29261.125
10119,3.6652687,29264.791
10120,3.6641111,29268.455
10121,3.6644683,29272.12
10122,3.666,29275.785
10123,3.6666641,29279.451
10124,3.6659915,29283.117
10125,3.6646974,29286.781
10126,3.6625621,29290.443
10127,3.6614964,29294.105
10128,3.661839,29297.768
10129,3.6629722,29301.43
10130,3.6640801,29305.094
10131,3.6650066,29308.758
10132,3.6663563,29312.424
10133,3.6668723,29316.09
10134,3.6663942,29319.756
10135,3.6656299,29323.422
10136,3.6646278,29327.086
10137,3.6647007,29330.75
10138,3.6666753,29334.416
10139,3.6688976,29338.084
10140,3.6700487,29341.754
10141,3.6698353,29345.424
10142,3.6693358,29349.094
10143,3.668783,29352.762
10144,3.6691298,29356.432
10145,3.6694624,29360.102
10146,3.6686485,29363.77
10147,3.6671546,29367.438
10148,3.6664493,29371.104
10149,3.6669173,29374.77
10150,3.6687534,29378.438
10151,3.6708062,29382.107
10152,3.6732345,29385.781
10153,3.6740947,29389.455
10154,3.6735287,29393.129
10155,3.6727731,29396.8
10156,3.6724174,29400.473
10157,3.6716998,29404.145
10158,3.671803,29407.816
10159,3.6721427,29411.488
10160,3.6726623,29415.16
10161,3.6732242,29418.834
10162,3.6742027,29422.508
10163,3.6758618,29426.184
10164,3.677748,29429.861
10165,3.6794918,29433.541
10166,3.6813228,29437.223
10167,3.6839373,29440.906
10168,3.6863627,29444.592
10169,3.6878438,29448.28
10170,3.6867468,29451.967
10171,3.6839113,29455.65
10172,3.6805434,29459.33
10173,3.6786003,29463.008
10174,3.6783025,29466.686
10175,3.6783898,29470.363
10176,3.6789253,29474.043
10177,3.6789477,29477.723
10178,3.6798673,29481.402
10179,3.681324,29485.084
10180,3.6822293,29488.766
10181,3.6820323,29492.447
10182,3.6812086,29496.129
10183,3.6813502,29499.81
10184,3.6811213,29503.492
10185,3.6814404,29507.174
10186,3.6808813,29510.855
10187,3.6799212,29514.535
10188,3.6777444,29518.213
10189,3.6769757,29521.89
10190,3.6772418,29525.568
10191,3.6786532,29529.246
10192,3.6805239,29532.926
10193,3.6821911,29536.607
10194,3.6836703,29540.291
10195,3.6838443,29543.975
10196,3.683149,29547.658
10197,3.6818404,29551.34
10198,3.680024,29555.02
10199,3.6781547,29558.697
10200,3.6769092,29562.375
10201,3.6766317,29566.05
10202,3.6779048,29569.729
10203,3.679808,29573.408
10204,3.681719,29577.09
10205,3.682783,29580.773
10206,3.6832445,29584.457
10207,3.6831443,29588.14
10208,3.6831713,29591.824
10209,3.684089,29595.508
10210,3.6844494,29599.191
10211,3.6849704,29602.877
10212,3.6837246,29606.56
10213,3.6818273,29610.242
10214,3.6799579,29613.922
10215,3.6795852,29617.602
10216,3.6799197,29621.281
10217,3.681021,29624.963
10218,3.6823394,29628.645
10219,3.6832838,29632.328
10220,3.6831493,29636.012
10221,3.6820166,29639.693
10222,3.6810067,29643.375
10223,3.679913,29647.055
10224,3.6797433,29650.734
10225,3.6793716,29654.414
10226,3.6787002,29658.092
10227,3.676172,29661.768
10228,3.6718702,29665.44
10229,3.667377,29669.107
10230,3.6632128,29672.771
10231,3.6604984,29676.432
10232,3.6586409,29680.09
10233,3.6576705,29683.748
10234,3.6571815,29687.404
10235,3.657845,29691.062
10236,3.6594975,29694.723
10237,3.6623743,29698.385
10238,3.6639135,29702.049
10239,3.6639807,29705.713
10240,3.6632144,29709.377
10241,3.6632214,29713.041
10242,3.6643727,29716.705
10243,3.665988,29720.371
10244,3.6671896,29724.04
10245,3.6673787,29727.707
10246,3.6672966,29731.375
10247,3.667739,29735.043
10248,3.6690285,29738.713
10249,3.6700835,29742.383
10250,3.670172,29746.053
10251,3.6692004,29749.723
10252,3.6673093,29753.39
10253,3.665262,29757.057
10254,3.6632004,29760.72
10255,3.6618915,29764.383
10256,3.6614616,29768.045
10257,3.6613228,29771.707
10258,3.6616147,29775.37
10259,3.661724,29779.031
10260,3.661521,29782.693
10261,3.6612563,29786.355
10262,3.6605034,29790.016
10263,3.6596649,29793.676
10264,3.658663,29797.334
10265,3.6580997,29800.992
10266,3.6577861,29804.65
10267,3.6585596,29808.309
10268,3.6613142,29811.97
10269,3.6643062,29815.635
10270,3.6668108,29819.3
10271,3.6685925,29822.969
10272,3.6688051,29826.637
10273,3.6688542,29830.305
10274,3.6685588,29833.973
10275,3.6691127,29837.643
10276,3.6710074,29841.314
10277,3.6738503,29844.988
10278,3.6765907,29848.664
10279,3.6785958,29852.342
10280,3.6798925,29856.021
10281,3.6796725,29859.701
10282,3.6789544,29863.38
10283,3.6781082,29867.059
10284,3.679501,29870.738
10285,3.681802,29874.42
10286,3.6854904,29878.105
10287,3.6876314,29881.793
10288,3.688115,29885.48
10289,3.686595,29889.168
10290,3.6846077,29892.854
10291,3.6831393,29896.537
10292,3.6837857,29900.22
10293,3.685294,29903.906
10294,3.6874883,29907.594
10295,3.6890554,29911.283
10296,3.6902113,29914.973
10297,3.68973,29918.662
10298,3.6878076,29922.35
10299,3.6856678,29926.035
10300,3.6845326,29929.719
10301,3.6846743,29933.404
10302,3.6847944,29937.09
10303,3.6840413,29940.773
10304,3.6811726,29944.455
10305,3.6786,29948.133
10306,3.6774282,29951.81
10307,3.6779225,29955.488
10308,3.6790988,29959.168
10309,3.6802075,29962.848
10310,3.6816843,29966.53
10311,3.6821713,29970.21
10312,3.6823027,29973.893
10313,3.681822,29977.574
10314,3.6798587,29981.254
10315,3.677061,29984.932
10316,3.674042,29988.605
10317,3.6714761,29992.277
10318,3.6699498,29995.947
10319,3.6688087,29999.615
10320,3.6677868,30003.283
10321,3.6680083,30006.951
10322,3.6696892,30010.621
10323,3.67236,30014.293
10324,3.6754088,30017.969
10325,3.6772041,30021.646
10326,3.6780047,30025.324
10327,3.6776702,30029.002
10328,3.6784472,30032.68
10329,3.6791668,30036.36
10330,3.6799743,30040.04
10331,3.6789732,30043.719
10332,3.677215,30047.396
10333,3.6750865,30051.072
10334,3.6742394,30054.746
10335,3.674501,30058.42
10336,3.6767418,30062.096
10337,3.6797137,30065.775
10338,3.6826806,30069.459
10339,3.684077,30073.143
10340,3.6821032,30076.824
10341,3.678014,30080.502
10342,3.6735775,30084.176
10343,3.672125,30087.848
10344,3.6736789,30091.521
10345,3.6760933,30095.197
10346,3.6764302,30098.873
10347,3.675123,30102.549
10348,3.67245,30106.22
10349,3.670219,30109.89
10350,3.6683004,30113.559
10351,3.6682286,30117.227
10352,3.6696744,30120.896
10353,3.6722546,30124.568
10354,3.6735625,30128.242
10355,3.6736445,30131.916
10356,3.6726575,30135.588
10357,3.6722567,30139.26
10358,3.6733117,30142.934
10359,3.674766,30146.607
10360,3.6771147,30150.285
10361,3.6785502,30153.963
10362,3.6774926,30157.64
10363,3.6747808,30161.314
10364,3.6698816,30164.984
10365,3.6661654,30168.65
10366,3.6635563,30172.314
10367,3.6637242,30175.979
10368,3.6652925,30179.645
10369,3.6673074,30183.312
10370,3.66742,30186.98
10371,3.66588,30190.646
10372,3.6633518,30194.31
10373,3.6621554,30197.973
10374,3.6631901,30201.637
10375,3.6659763,30205.303
10376,3.6700628,30208.973
10377,3.6732144,30212.646
10378,3.675533,30216.322
10379,3.6760435,30219.998
10380,3.6769638,30223.676
10381,3.6765838,30227.352
10382,3.6742556,30231.025
10383,3.671523,30234.697
10384,3.6694129,30238.367
10385,3.668312,30242.035
10386,3.6681676,30245.703
10387,3.6693234,30249.373
10388,3.6720343,30253.045
10389,3.675251,30256.72
10390,3.6771417,30260.398
10391,3.677933,30264.076
10392,3.6783872,30267.754
10393,3.6787722,30271.434
10394,3.680537,30275.113
10395,3.6824298,30278.795
10396,3.6842244,30282.479
10397,3.6857822,30286.164
10398,3.6872091,30289.852
10399,3.68798,30293.54
10400,3.6876173,30297.227
10401,3.6875174,30300.914
10402,3.6868582,30304.602
10403,3.6858075,30308.287
10404,3.6851044,30311.973
10405,3.685479,30315.658
10406,3.6858118,30319.344
10407,3.6856983,30323.03
10408,3.6851463,30326.715
10409,3.684382,30330.398
10410,3.683933,30334.082
10411,3.6838396,30337.766
10412,3.6839454,30341.45
10413,3.6842523,30345.133
10414,3.6845114,30348.816
10415,3.68506,30352.502
10416,3.6850502,30356.188
10417,3.684578,30359.873
10418,3.6849992,30363.559
10419,3.6863027,30367.244
10420,3.68759,30370.932
10421,3.6882582,30374.62
10422,3.6884475,30378.307
10423,3.6878645,30381.994
10424,3.6863418,30385.68
10425,3.6830585,30389.363
10426,3.6796987,30393.043
10427,3.6749184,30396.719
10428,3.6699164,30400.389
10429,3.6655147,30404.055
10430,3.6628857,30407.717
10431,3.6621351,30411.379
10432,3.663044,30415.041
10433,3.6643574,30418.705
10434,3.6665235,30422.371
10435,3.6688256,30426.04
10436,3.671153,30429.71
10437,3.672426,30433.383
10438,3.6727962,30437.055
10439,3.672192,30440.727
10440,3.6709583,30444.398
10441,3.6707294,30448.068
10442,3.6719263,30451.74
10443,3.673734,30455.414
10444,3.6758962,30459.09
10445,3.6768224,30462.768
10446,3.6753929,30466.443
10447,3.6735792,30470.117
10448,3.6717107,30473.79
10449,3.6707425,30477.459
10450,3.6705878,30481.129
10451,3.6703954,30484.799
10452,3.6688118,30488.467
10453,3.6675026,30492.135
10454,3.6666036,30495.8
10455,3.6657798,30499.467
10456,3.6635602,30503.13
10457,3.6617758,30506.793
10458,3.663152,30510.457
10459,3.666293,30514.123
10460,3.6710782,30517.795
10461,3.6750689,30521.47
10462,3.6782434,30525.148
10463,3.6800787,30528.828
10464,3.681419,30532.51
10465,3.6823483,30536.191
10466,3.6837442,30539.875
10467,3.684269,30543.559
10468,3.684539,30547.242
10469,3.6845436,30550.926
10470,3.6850522,30554.611
10471,3.685799,30558.297
10472,3.6874285,30561.984
10473,3.6890852,30565.674
10474,3.6906018,30569.365
10475,3.6921945,30573.057
10476,3.6937554,30576.75
10477,3.6941237,30580.443
10478,3.6948438,30584.139
10479,3.6949291,30587.834
10480,3.6944103,30591.53
10481,3.692857,30595.223
10482,3.691036,30598.914
10483,3.6885338,30602.604
10484,3.6880848,30606.291
10485,3.6891446,30609.98
10486,3.693203,30613.674
10487,3.6961377,30617.37
10488,3.696712,30621.066
10489,3.6932714,30624.76
10490,3.6872165,30628.447
10491,3.6816082,30632.129
10492,3.6778424,30635.807
10493,3.6756256,30639.482
10494,3.6747334,30643.156
10495,3.6753223,30646.832
10496,3.6758654,30650.508
10497,3.6762848,30654.184
10498,3.6752293,30657.86
10499,3.6721344,30661.531
10500,3.667262,30665.2
10501,3.663592,30668.863
10502,3.6612387,30672.525
10503,3.6614752,30676.188
10504,3.664134,30679.852
10505,3.668037,30683.52
10506,3.6711001,30687.191
10507,3.6711404,30690.863
10508,3.669691,30694.533
10509,3.667896,30698.201
10510,3.667032,30701.87
10511,3.6674545,30705.537
10512,3.668003,30709.205
10513,3.6679077,30712.873
10514,3.66627,30716.54
10515,3.6631014,30720.203
10516,3.6593463,30723.863
10517,3.6571703,30727.52
10518,3.6570516,30731.176
10519,3.658862,30734.834
10520,3.661521,30738.496
10521,3.6636407,30742.16
10522,3.6647067,30745.824
10523,3.6658428,30749.49
10524,3.667063,30753.158
10525,3.6681063,30756.826
10526,3.6689954,30760.496
10527,3.669002,30764.166
10528,3.6675637,30767.834
10529,3.6667614,30771.5
10530,3.6665103,30775.166
10531,3.6672366,30778.834
10532,3.6679778,30782.502
10533,3.6683972,30786.17
10534,3.6684866,30789.838
10535,3.6682992,30793.506
10536,3.6679132,30797.174
10537,3.6678362,30800.842
10538,3.6680388,30804.51
10539,3.6682887,30808.178
10540,3.6688151,30811.846
10541,3.6703224,30815.516
10542,3.6719246,30819.188
10543,3.6743553,30822.861
10544,3.67652,30826.537
10545,3.6784477,30830.215
10546,3.6792014,30833.895
10547,3.6796641,30837.574
10548,3.6811905,30841.256
10549,3.6831517,30844.94
10550,3.6834521,30848.623
10551,3.6835814,30852.307
10552,3.6829011,30855.99
10553,3.6817083,30859.672
10554,3.6808112,30863.354
10555,3.681242,30867.035
10556,3.6831884,30870.719
10557,3.6850166,30874.404
10558,3.6848047,30878.09
10559,3.683383,30881.773
10560,3.680606,30885.453
10561,3.679325,30889.133
10562,3.6802204,30892.812
10563,3.6833065,30896.496
10564,3.6873403,30900.184
10565,3.6906295,30903.875
10566,3.6927319,30907.568
10567,3.6942744,30911.262
10568,3.6952884,30914.957
10569,3.6942346,30918.65
10570,3.6919234,30922.342
10571,3.691229,30926.033
10572,3.6915653,30929.725
10573,3.6912918,30933.416
10574,3.6912038,30937.107
10575,3.6899562,30940.797
10576,3.687597,30944.484
10577,3.6875038,30948.172
10578,3.6897435,30951.861
10579,3.6911864,30955.553
10580,3.691183,30959.244
10581,3.689107,30962.934
10582,3.6862056,30966.62
10583,3.6827645,30970.303
10584,3.6806662,30973.984
10585,3.6796756,30977.664
10586,3.6803582,30981.344
10587,3.6804466,30985.023
10588,3.680904,30988.705
10589,3.6811397,30992.387
10590,3.6817448,30996.068
10591,3.681834,30999.75
10592,3.682469,31003.432
10593,3.68283,31007.115
10594,3.6834106,31010.799
10595,3.6839266,31014.482
10596,3.6836388,31018.166
10597,3.681155,31021.848
10598,3.677136,31025.525
10599,3.674609,31029.2
10600,3.6743112,31032.873
10601,3.674689,31036.547
10602,3.674965,31040.223
10603,3.6747625,31043.896
10604,3.6732082,31047.57
10605,3.6711032,31051.242
10606,3.6690753,31054.912
10607,3.667918,31058.58
10608,3.6665144,31062.246
10609,3.6660047,31065.912
10610,3.6676733,31069.58
10611,3.6707585,31073.25
10612,3.6742435,31076.924
10613,3.675574,31080.6
10614,3.6740897,31084.273
10615,3.6707954,31087.943
10616,3.666773,31091.61
10617,3.6643505,31095.273
10618,3.6622381,31098.936
10619,3.6613722,31102.598
10620,3.6601882,31106.258
10621,3.659797,31109.918
10622,3.6610725,31113.578
10623,3.66283,31117.24
10624,3.6637383,31120.904
10625,3.6653543,31124.57
10626,3.665843,31128.236
10627,3.6657653,31131.902
10628,3.6670413,31135.57
10629,3.668914,31139.238
10630,3.6710222,31142.91
10631,3.6719525,31146.582
10632,3.6728303,31150.254
10633,3.6742141,31153.928
10634,3.6768353,31157.605
10635,3.6801097,31161.285
10636,3.6830351,31164.969
10637,3.68462,31168.654
10638,3.6835086,31172.338
10639,3.679349,31176.018
10640,3.674021,31179.691
10641,3.6710575,31183.363
10642,3.6704836,31187.033
10643,3.6706927,31190.703
10644,3.6711974,31194.375
10645,3.6720097,31198.047
10646,3.672951,31201.72
10647,3.6740093,31205.395
10648,3.6737754,31209.068
10649,3.6723137,31212.74
10650,3.6712856,31216.412
10651,3.670454,31220.082
10652,3.6704314,31223.752
10653,3.6724875,31227.424
10654,3.6755269,31231.1
10655,3.6783264,31234.777
10656,3.6808038,31238.459
10657,3.680988,31242.14
10658,3.6782413,31245.818
10659,3.675074,31249.494
10660,3.674842,31253.17
10661,3.6757336,31256.846
10662,3.6760411,31260.521
10663,3.6755397,31264.197
10664,3.6759386,31267.873
10665,3.6766157,31271.549
10666,3.678747,31275.229
10667,3.6806455,31278.908
10668,3.6816583,31282.59
10669,3.6807778,31286.271
10670,3.6788678,31289.951
10671,3.676749,31293.627
10672,3.6767232,31297.303
10673,3.6768289,31300.98
10674,3.6767046,31304.656
10675,3.675693,31308.332
10676,3.674445,31312.006
10677,3.6729498,31315.68
10678,3.6724937,31319.352
10679,3.67215,31323.023
10680,3.6732213,31326.697
10681,3.6745305,31330.371
10682,3.6756527,31334.047
10683,3.674552,31337.72
10684,3.6718838,31341.393
10685,3.6694252,31345.062
10686,3.6673217,31348.73
10687,3.6666005,31352.396
10688,3.6667633,31356.062
10689,3.6673791,31359.73
10690,3.665862,31363.396
10691,3.6636987,31367.06
10692,3.6615002,31370.723
10693,3.660632,31374.383
10694,3.6610396,31378.043
10695,3.6628323,31381.705
10696,3.663851,31385.37
10697,3.6646798,31389.033
10698,3.664587,31392.697
10699,3.6646755,31396.361
10700,3.6645105,31400.025
10701,3.6632433,31403.69
10702,3.6606762,31407.35
10703,3.6581082,31411.008
10704,3.6563923,31414.664
10705,3.6570144,31418.32
10706,3.6596587,31421.98
10707,3.6623254,31425.643
10708,3.6654427,31429.309
10709,3.6671972,31432.977
10710,3.668977,31436.646
10711,3.6702647,31440.316
10712,3.6715932,31443.988
10713,3.672368,31447.66
10714,3.673628,31451.334
10715,3.6747196,31455.008
10716,3.6760821,31458.684
10717,3.6766047,31462.36
10718,3.6766124,31466.035
10719,3.6764696,31469.71
10720,3.6770718,31473.389
10721,3.6773732,31477.066
10722,3.6779,31480.744
10723,3.6775105,31484.422
10724,3.6764336,31488.098
10725,3.675668,31491.773
10726,3.6754818,31495.45
10727,3.6755078,31499.125
10728,3.6754513,31502.8
10729,3.6745248,31506.475
10730,3.673766,31510.148
10731,3.6729062,31513.822
10732,3.6735115,31517.496
10733,3.6745656,31521.17
10734,3.6746576,31524.844
10735,3.6738956,31528.518
10736,3.6719344,31532.19
10737,3.6708653,31535.86
10738,3.6700387,31539.53
10739,3.6708052,31543.2
10740,3.6714773,31546.871
10741,3.6718178,31550.543
10742,3.6712828,31554.215
10743,3.6713362,31557.887
10744,3.6712265,31561.559
10745,3.6713884,31565.23
10746,3.671747,31568.902
10747,3.671653,31572.574
10748,3.6693192,31576.244
10749,3.6677344,31579.912
10750,3.6677945,31583.58
10751,3.669,31587.25
10752,3.6696582,31590.92
10753,3.670432,31594.59
10754,3.6714466,31598.262
10755,3.670711,31601.932
10756,3.669189,31605.602
10757,3.6665561,31609.268
10758,3.6637628,31612.932
10759,3.6622937,31616.594
10760,3.6628637,31620.256
10761,3.6647987,31623.92
10762,3.6669478,31627.586
10763,3.6680293,31631.254
10764,3.667873,31634.922
10765,3.6673095,31638.59
10766,3.6672406,31642.258
10767,3.6675863,31645.926
10768,3.6671145,31649.594
10769,3.6662245,31653.26
10770,3.666212,31656.926
10771,3.667681,31660.594
10772,3.67018,31664.264
10773,3.6724193,31667.936
10774,3.6731985,31671.61
10775,3.6730437,31675.283
10776,3.67323,31678.957
10777,3.6739705,31682.63
10778,3.6751666,31686.307
10779,3.675075,31689.982
10780,3.6726754,31693.654
10781,3.6694827,31697.324
10782,3.6660767,31700.99
10783,3.6646206,31704.654
10784,3.6653292,31708.32
10785,3.6676528,31711.988
10786,3.6701458,31715.658
10787,3.672367,31719.33
10788,3.6744475,31723.004
10789,3.6750424,31726.68
10790,3.6757488,31730.355
10791,3.6755018,31734.031
10792,3.6746233,31737.705
10793,3.6730287,31741.379
10794,3.6721096,31745.05
10795,3.6721697,31748.723
10796,3.6727588,31752.395
10797,3.674255,31756.068
10798,3.6779404,31759.746
10799,3.6810548,31763.428
10800,3.6836748,31767.111
10801,3.685106,31770.797
10802,3.6868503,31774.484
10803,3.6884038,31778.172
10804,3.690953,31781.863
10805,3.6928885,31785.557
10806,3.6938531,31789.25
10807,3.694126,31792.943
10808,3.6941063,31796.637
10809,3.6941571,31800.33
10810,3.695508,31804.025
10811,3.6970925,31807.723
10812,3.6979976,31811.42
10813,3.6969419,31815.117
10814,3.6945596,31818.812
10815,3.6926417,31822.506
10816,3.6909838,31826.197
10817,3.6895244,31829.887
10818,3.687172,31833.574
10819,3.6839962,31837.258
10820,3.681293,31840.94
10821,3.6793087,31844.62
10822,3.6781623,31848.297
10823,3.6783178,31851.975
10824,3.6792767,31855.654
10825,3.6810417,31859.336
10826,3.6827846,31863.02
10827,3.6842287,31866.703
10828,3.6857147,31870.389
10829,3.6877987,31874.076
10830,3.6898465,31877.766
10831,3.692624,31881.459
10832,3.6957312,31885.154
10833,3.6980655,31888.852
10834,3.6995823,31892.55
10835,3.7003016,31896.252
10836,3.7000868,31899.951
10837,3.6997588,31903.65
10838,3.6990101,31907.35
10839,3.6983485,31911.049
10840,3.6957595,31914.744
10841,3.6915092,31918.436
10842,3.6880324,31922.123
10843,3.6877272,31925.81
10844,3.6899207,31929.5
10845,3.6915045,31933.191
10846,3.6897724,31936.88
10847,3.684038,31940.564
10848,3.6774106,31944.242
10849,3.6724875,31947.914
10850,3.669337,31951.584
10851,3.6676776,31955.252
10852,3.6659026,31958.918
10853,3.6641228,31962.582
10854,3.6628354,31966.244
10855,3.66353,31969.908
10856,3.664948,31973.572
10857,3.6660774,31977.238
10858,3.6652696,31980.904
10859,3.6638196,31984.568
10860,3.6635964,31988.232
10861,3.66554,31991.898
10862,3.669069,31995.568
10863,3.6728566,31999.242
10864,3.6740835,32002.916
10865,3.674691,32006.59
10866,3.6753278,32010.266
10867,3.6762774,32013.941
10868,3.677607,32017.62
10869,3.678817,32021.299
10870,3.6805415,32024.979
10871,3.6820874,32028.66
10872,3.6831563,32032.344
10873,3.6837878,32036.027
10874,3.6829884,32039.71
10875,3.6802602,32043.39
10876,3.67605,32047.066
10877,3.6730003,32050.74
10878,3.6709764,32054.412
10879,3.671288,32058.084
10880,3.6735418,32061.758
10881,3.6759405,32065.434
10882,3.6795714,32069.113
10883,3.6823604,32072.795
10884,3.6843266,32076.479
10885,3.6840074,32080.162
10886,3.6810806,32083.844
10887,3.6774237,32087.521
10888,3.6742284,32091.195
10889,3.6735942,32094.87
10890,3.6744847,32098.543
10891,3.6755126,32102.219
10892,3.6762543,32105.895
10893,3.6765835,32109.57
10894,3.6765475,32113.246
10895,3.6761096,32116.922
10896,3.6744683,32120.596
10897,3.6744838,32124.27
10898,3.675329,32127.945
10899,3.6770658,32131.623
10900,3.6794338,32135.303
10901,3.682161,32138.984
10902,3.6855328,32142.67
10903,3.6883283,32146.357
10904,3.6889474,32150.047
10905,3.6868947,32153.734
10906,3.6826394,32157.418
10907,3.67953,32161.098
10908,3.6779168,32164.775
10909,3.676842,32168.453
10910,3.6758957,32172.129
10911,3.674488,32175.803
10912,3.6736488,32179.477
10913,3.6748157,32183.152
10914,3.6764615,32186.828
10915,3.6763384,32190.504
10916,3.675017,32194.18
10917,3.6732082,32197.854
10918,3.6725519,32201.525
10919,3.6724954,32205.197
10920,3.6735666,32208.871
10921,3.6748664,32212.547
10922,3.6764138,32216.223
10923,3.676845,32219.9
10924,3.675935,32223.576
10925,3.6748152,32227.252
10926,3.673639,32230.926
10927,3.672722,32234.598
10928,3.6724212,32238.27
10929,3.6723218,32241.941
10930,3.6733284,32245.615
10931,3.6746702,32249.29
10932,3.6767275,32252.965
10933,3.6774337,32256.643
10934,3.673275,32260.316
10935,3.6642125,32263.98
10936,3.649686,32267.63
10937,3.638195,32271.27
10938,3.6264172,32274.896
10939,3.6215541,32278.518
10940,3.6154513,32282.133
10941,3.61245,32285.746
10942,3.605638,32289.352
10943,3.6030004,32292.955
10944,3.597539,32296.553
10945,3.5973415,32300.15
10946,3.5935206,32303.744
10947,3.5932946,32307.338
10948,3.5896187,32310.928
10949,3.5902593,32314.518
10950,3.5870016,32318.105
10951,3.5871835,32321.693
10952,3.586023,32325.28
10953,3.5902712,32328.87
10954,3.5939212,32332.463
10955,3.6009,32336.064
10956,3.6044638,32339.668
10957,3.609872,32343.277
10958,3.610643,32346.889
10959,3.612521,32350.502
10960,3.6095107,32354.111
10961,3.6086907,32357.72
10962,3.6062918,32361.326
10963,3.6081936,32364.934
10964,3.6096597,32368.543
10965,3.6131084,32372.156
10966,3.6153915,32375.771
10967,3.6186135,32379.39
10968,3.6202154,32383.012
10969,3.6226528,32386.635
10970,3.6238635,32390.258
10971,3.6248767,32393.883
10972,3.623859,32397.506
10973,3.624111,32401.13
10974,3.6234398,32404.754
10975,3.6236575,32408.377
10976,3.621155,32411.998
10977,3.6196618,32415.617
10978,3.6181498,32419.234
10979,3.6170747,32422.852
10980,3.6161127,32426.467
10981,3.616937,32430.084
10982,3.6193097,32433.703
10983,3.6227736,32437.326
10984,3.6276634,32440.953
10985,3.6354156,32444.588
10986,3.6430957,32448.23
10987,3.6508033,32451.88
10988,3.6540778,32455.535
10989,3.6543286,32459.19
10990,3.6541028,32462.844
10991,3.65391,32466.498
10992,3.6543498,32470.152
10993,3.65508,32473.807
10994,3.6567812,32477.463
10995,3.6575546,32481.121
10996,3.658821,32484.78
10997,3.6603966,32488.44
10998,3.6639056,32492.104
10999,3.665873,32495.77
11000,3.6696773,32499.44
11001,3.674344,32503.113
11002,3.6816025,32506.795
11003,3.6857238,32510.48
11004,3.6908667,32514.172
11005,3.6959023,32517.867
11006,3.7025876,32521.57
11007,3.7064264,32525.277
11008,3.7062836,32528.984
11009,3.7030792,32532.688
11010,3.700439,32536.389
11011,3.7000592,32540.088
11012,3.7026227,32543.791
11013,3.7052314,32547.496
11014,3.7078521,32551.203
11015,3.7089136,32554.912
11016,3.7102478,32558.623
11017,3.7094054,32562.332
11018,3.7094235,32566.041
11019,3.706987,32569.748
11020,3.7061508,32573.455
11021,3.7037625,32577.158
11022,3.7031841,32580.861
11023,3.701991,32584.562
11024,3.7001932,32588.262
11025,3.6970043,32591.959
11026,3.6950903,32595.654
11027,3.694335,32599.348
11028,3.695996,32603.043
11029,3.6978683,32606.74
11030,3.7017403,32610.441
11031,3.705045,32614.146
11032,3.7084596,32617.855
11033,3.710725,32621.566
11034,3.7139874,32625.281
11035,3.716477,32628.998
11036,3.7199523,32632.719
11037,3.7228103,32636.441
11038,3.725896,32640.168
11039,3.7286828,32643.896
11040,3.732252,32647.629
11041,3.7347567,32651.363
11042,3.7382672,32655.102
11043,3.7405047,32658.842
11044,3.7423592,32662.584
11045,3.7432265,32666.328
11046,3.7441258,32670.072
11047,3.7457995,32673.818
11048,3.7495248,32677.568
11049,3.753957,32681.322
11050,3.7589386,32685.082
11051,3.762409,32688.844
11052,3.7656927,32692.61
11053,3.7679281,32696.377
11054,3.7704704,32700.146
11055,3.7719154,32703.918
11056,3.7735302,32707.691
11057,3.7742872,32711.465
11058,3.7749133,32715.24
11059,3.7748604,32719.016
11060,3.775599,32722.791
11061,3.7772198,32726.568
11062,3.7805471,32730.35
11063,3.782936,32734.133
11064,3.7926705,32737.926
11065,3.8017747,32741.729
11066,3.8098814,32745.54
11067,3.8153365,32749.354
11068,3.819458,32753.174
11069,3.820683,32756.994
11070,3.8205888,32760.814
11071,3.817568,32764.633
11072,3.8137698,32768.445
11073,3.8079524,32772.254
11074,3.8036635,32776.06
11075,3.7985625,32779.855
11076,3.7954705,32783.652
11077,3.7921393,32787.445
11078,3.7894135,32791.234
11079,3.785463,32795.02
11080,3.781263,32798.8
11081,3.7764103,32802.58
11082,3.7725122,32806.35
11083,3.768756,32810.12
11084,3.7643733,32813.887
11085,3.7578952,32817.645
11086,3.7507675,32821.395
11087,3.7438335,32825.137
11088,3.7372606,32828.875
11089,3.7299252,32832.605
11090,3.7201538,32836.324
11091,3.7079697,32840.03
11092,3.6921,32843.723
11093,3.6715076,32847.395
11094,3.6479833,32851.043
11095,3.622086,32854.664
11096,3.6016738,32858.266
11097,3.5877948,32861.85
11098,3.5772512,32865.43
11099,3.5706155,32869.0
11100,3.5652475,32872.566
11101,3.5596187,32876.125
11102,3.5528402,32879.68
11103,3.5481584,32883.227
11104,3.546961,32886.773
11105,3.5489526,32890.324
11106,3.5525756,32893.875
11107,3.55504,32897.43
11108,3.5551412,32900.984
11109,3.5548763,32904.54
11110,3.5546148,32908.094
11111,3.5552208,32911.65
11112,3.556326,32915.203
11113,3.5631077,32918.766
11114,3.568094,32922.332
11115,3.5755553,32925.906
11116,3.581626,32929.49
11117,3.5904753,32933.08
11118,3.5995798,32936.676
11119,3.6117618,32940.29
11120,3.618662,32943.906
11121,3.622912,32947.527
11122,3.6171298,32951.145
11123,3.6095965,32954.754
11124,3.6007206,32958.355
11125,3.5977728,32961.953
11126,3.5944118,32965.547
11127,3.5951858,32969.14
11128,3.5964847,32972.74
11129,3.6002269,32976.34
11130,3.6027617,32979.94
11131,3.6054635,32983.547
11132,3.606097,32987.152
11133,3.6086917,32990.76
11134,3.6115794,32994.375
11135,3.6171465,32997.992
11136,3.622053,33001.613
11137,3.6274548,33005.242
11138,3.632164,33008.875
11139,3.6383746,33012.51
11140,3.644356,33016.156
11141,3.6520684,33019.81
11142,3.6602597,33023.47
11143,3.6686664,33027.137
11144,3.6756017,33030.812
11145,3.68162,33034.492
11146,3.6854358,33038.176
11147,3.6900954,33041.867
11148,3.6951451,33045.562
11149,3.7029946,33049.266
11150,3.710553,33052.977
11151,3.7158449,33056.69
11152,3.7199707,33060.41
11153,3.7236702,33064.133
11154,3.728543,33067.863
11155,3.733484,33071.598
11156,3.7393072,33075.336
11157,3.7453084,33079.082
11158,3.7508578,33082.832
11159,3.7549028,33086.586
11160,3.7596767,33090.344
11161,3.7621093,33094.105
11162,3.7637851,33097.87
11163,3.7669463,33101.637
11164,3.7730424,33105.41
11165,3.780299,33109.19
11166,3.7875257,33112.98
11167,3.7917101,33116.773
11168,3.7950711,33120.57
11169,3.7978673,33124.367
11170,3.8020785,33128.168
11171,3.816166,33131.984
11172,3.8303783,33135.816
11173,3.845483,33139.66
11174,3.8546982,33143.516
11175,3.8631094,33147.38
11176,3.8649902,33151.242
11177,3.8673666,33155.11
11178,3.866375,33158.977
11179,3.867076,33162.844
11180,3.8655086,33166.71
11181,3.8674755,33170.58
11182,3.8712454,33174.45
11183,3.8778355,33178.33
11184,3.8812566,33182.21
11185,3.8774025,33186.09
11186,3.8657215,33189.957
11187,3.8512368,33193.81
11188,3.8381398,33197.65
11189,3.8281996,33201.477
11190,3.81943,33205.297
11191,3.8104491,33209.105
11192,3.80332,33212.91
11193,3.7979727,33216.707
11194,3.7977645,33220.504
11195,3.7984092,33224.3
11196,3.798019,33228.098
11197,3.7957747,33231.895
11198,3.7941442,33235.688
11199,3.7918627,33239.48
11200,3.7910573,33243.273
11201,3.7893689,33247.062
11202,3.7876904,33250.85
11203,3.7860591,33254.637
11204,3.7866478,33258.42
11205,3.7865722,33262.207
11206,3.789457,33265.996
11207,3.789937,33269.785
11208,3.790215,33273.574
11209,3.7884305,33277.363
11210,3.7879868,33281.152
11211,3.7879655,33284.94
11212,3.7877667,33288.73
11213,3.7868316,33292.516
11214,3.7900403,33296.305
11215,3.7940805,33300.098
11216,3.800388,33303.9
11217,3.8049877,33307.703
11218,3.8069992,33311.51
11219,3.805565,33315.316
11220,3.804712,33319.12
11221,3.8040373,33322.926
11222,3.8074994,33326.734
11223,3.8119347,33330.547
11224,3.8152618,33334.363
11225,3.8148577,33338.18
11226,3.8126626,33341.992
11227,3.811684,33345.805
11228,3.8132818,33349.617
11229,3.815442,33353.434
11230,3.8167453,33357.25
11231,3.8177884,33361.066
11232,3.8195453,33364.887
11233,3.82074,33368.707
11234,3.8281243,33372.535
11235,3.841613,33376.375
11236,3.8572557,33380.23
11237,3.8733907,33384.105
11238,3.8890517,33387.996
11239,3.9032848,33391.9
11240,3.914626,33395.812
11241,3.924539,33399.74
11242,3.9313219,33403.668
11243,3.937471,33407.605
11244,3.9420836,33411.547
11245,3.9481642,33415.496
11246,3.9512553,33419.45
11247,3.9527376,33423.402
11248,3.9526412,33427.355
11249,3.9547536,33431.31
11250,3.9571154,33435.266
11251,3.9610257,33439.227
11252,3.962708,33443.188
11253,3.9645145,33447.152
11254,3.9642754,33451.117
11255,3.961715,33455.08
11256,3.9607773,33459.04
11257,3.9623132,33463.0
11258,3.9646792,33466.965
11259,3.9662874,33470.93
11260,3.966447,33474.895
11261,3.9647968,33478.86
11262,3.963428,33482.824
11263,3.9613354,33486.785
11264,3.9603958,33490.746
11265,3.9613345,33494.707
11266,3.9636931,33498.67
11267,3.9666018,33502.637
11268,3.9669197,33506.605
11269,3.964382,33510.57
11270,3.9600592,33514.53
11271,3.9546905,33518.484
11272,3.9512002,33522.438
11273,3.9501932,33526.387
11274,3.9518754,33530.34
11275,3.9527922,33534.293
11276,3.9520967,33538.246
11277,3.9504607,33542.195
11278,3.9514606,33546.15
11279,3.951446,33550.1
11280,3.9523456,33554.055
11281,3.9547453,33558.008
11282,3.9564826,33561.965
11283,3.9537888,33565.918
11284,3.9476974,33569.867
11285,3.9419606,33573.81
11286,3.9377382,33577.746
11287,3.9349992,33581.68
11288,3.9352007,33585.613
11289,3.933601,33589.547
11290,3.931783,33593.48
11291,3.9300537,33597.41
11292,3.9288657,33601.34
11293,3.9294732,33605.27
11294,3.930022,33609.2
11295,3.933008,33613.133
11296,3.9375143,33617.07
11297,3.9425685,33621.01
11298,3.9441152,33624.957
11299,3.9472792,33628.906
11300,3.9497366,33632.855
11301,3.9529402,33636.81
11302,3.952831,33640.76
11303,3.9547827,33644.715
11304,3.9554067,33648.67
11305,3.95996,33652.633
11306,3.9638531,33656.598
11307,3.9700384,33660.566
11308,3.977354,33664.543
11309,3.9867673,33668.53
11310,3.9949343,33672.527
11311,4.0030775,33676.53
11312,4.0074525,33680.54
11313,4.0110087,33684.55
11314,4.014195,33688.566
11315,4.0183773,33692.586
11316,4.023321,33696.61
11317,4.029513,33700.64
11318,4.0332084,33704.676
11319,4.038091,33708.715
11320,4.0428104,33712.758
11321,4.0485225,33716.805
11322,4.05184,33720.855
11323,4.0560517,33724.91
11324,4.0613136,33728.973
11325,4.065968,33733.04
11326,4.0661983,33737.105
11327,4.0653095,33741.17
11328,4.063238,33745.234
11329,4.0616717,33749.297
11330,4.062707,33753.36
11331,4.06562,33757.426
11332,4.070238,33761.496
11333,4.074796,33765.57
11334,4.0766735,33769.65
11335,4.077534,33773.727
11336,4.076803,33777.805
11337,4.0788803,33781.883
11338,4.0814295,33785.965
11339,4.085378,33790.05
11340,4.088261,33794.14
11341,4.093028,33798.234
11342,4.097872,33802.332
11343,4.101883,33806.434
11344,4.104704,33810.54
11345,4.106675,33814.645
11346,4.1083183,33818.754
11347,4.1088104,33822.863
11348,4.1064367,33826.97
11349,4.1058164,33831.074
11350,4.108044,33835.184
11351,4.1132746,33839.297
11352,4.1178436,33843.414
11353,4.1225696,33847.535
11354,4.1255417,33851.66
11355,4.1258307,33855.785
11356,4.1244745,33859.91
11357,4.121834,33864.03
11358,4.121524,33868.152
11359,4.1198325,33872.273
11360,4.1186967,33876.39
11361,4.11908,33880.508
11362,4.1196437,33884.63
11363,4.120444,33888.75
11364,4.120939,33892.87
11365,4.1214557,33896.992
11366,4.1205845,33901.113
11367,4.122132,33905.234
11368,4.1237698,33909.36
11369,4.1242046,33913.484
11370,4.123782,33917.61
11371,4.1212344,33921.73
11372,4.116908,33925.848
11373,4.111448,33929.96
11374,4.1118426,33934.074
11375,4.1186004,33938.19
11376,4.127584,33942.32
11377,4.1372213,33946.457
11378,4.1444316,33950.6
11379,4.1491194,33954.75
11380,4.1536,33958.902
11381,4.1565943,33963.06
11382,4.16005,33967.22
11383,4.1619368,33971.38
11384,4.1622334,33975.543
11385,4.1615534,33979.703
11386,4.1615677,33983.863
11387,4.163635,33988.027
11388,4.1662564,33992.195
11389,4.1668816,33996.363
11390,4.165723,34000.527
11391,4.165017,34004.69
11392,4.166466,34008.86
11393,4.1690717,34013.027
11394,4.174181,34017.203
11395,4.1803966,34021.383
11396,4.185781,34025.57
11397,4.1903043,34029.76
11398,4.1899896,34033.953
11399,4.18582,34038.14
11400,4.1826005,34042.324
11401,4.17948,34046.504
11402,4.1774707,34050.68
11403,4.174381,34054.855
11404,4.172919,34059.027
11405,4.1721973,34063.2
11406,4.17364,34067.37
11407,4.1769695,34071.547
11408,4.1816654,34075.73
11409,4.1864686,34079.918
11410,4.188408,34084.105
11411,4.1877093,34088.293
11412,4.1863875,34092.48
11413,4.1842456,34096.664
11414,4.183065,34100.848
11415,4.184684,34105.03
11416,4.1851573,34109.215
11417,4.1839123,34113.4
11418,4.1819553,34117.582
11419,4.1818385,34121.766
11420,4.1827335,34125.95
11421,4.1862125,34130.137
11422,4.189601,34134.33
11423,4.190154,34138.52
11424,4.189046,34142.707
11425,4.1848717,34146.89
11426,4.182016,34151.074
11427,4.1786146,34155.254
11428,4.1777606,34159.434
11429,4.1752696,34163.61
11430,4.1758957,34167.785
11431,4.177109,34171.96
11432,4.178606,34176.14
11433,4.1795325,34180.32
11434,4.182436,34184.504
11435,4.1829877,34188.688
11436,4.1872473,34192.875
11437,4.1910796,34197.066
11438,4.1921372,34201.258
11439,4.190967,34205.45
11440,4.187686,34209.637
11441,4.1839285,34213.82
11442,4.182184,34218.004
11443,4.1786213,34222.184
11444,4.178491,34226.363
11445,4.179771,34230.543
11446,4.182024,34234.727
11447,4.185672,34238.914
11448,4.1901298,34243.105
11449,4.195828,34247.3
11450,4.198286,34251.5
11451,4.1977015,34255.7
11452,4.1953387,34259.895
11453,4.1917605,34264.086
11454,4.1881924,34268.273
11455,4.180583,34272.453
11456,4.174728,34276.63
11457,4.171163,34280.8
11458,4.1737943,34284.973
11459,4.179176,34289.152
11460,4.184627,34293.336
11461,4.1880617,34297.523
11462,4.1871066,34301.71
11463,4.183876,34305.895
11464,4.179843,34310.074
11465,4.176717,34314.25
11466,4.174171,34318.426
11467,4.1736436,34322.598
11468,4.173101,34326.77
11469,4.1723957,34330.94
11470,4.170768,34335.113
11471,4.168666,34339.28
11472,4.1669755,34343.45
11473,4.161054,34347.61
11474,4.1562977,34351.766
11475,4.15202,34355.918
11476,4.1512237,34360.07
11477,4.151779,34364.223
11478,4.150762,34368.375
11479,4.1514025,34372.527
11480,4.150417,34376.68
11481,4.149442,34380.83
11482,4.1489277,34384.977
11483,4.144349,34389.12
11484,4.1410427,34393.26
11485,4.1371984,34397.4
11486,4.1339383,34401.53
11487,4.1305523,34405.66
11488,4.128996,34409.79
11489,4.13168,34413.92
11490,4.136347,34418.06
11491,4.141899,34422.2
11492,4.147021,34426.348
11493,4.1476502,34430.496
11494,4.1468706,34434.645
11495,4.144474,34438.79
11496,4.1438904,34442.934
11497,4.1447043,34447.08
11498,4.1468177,34451.227
11499,4.151548,34455.38
11500,4.156128,34459.535
11501,4.159682,34463.695
11502,4.158835,34467.855
11503,4.1530275,34472.008
11504,4.1466846,34476.156
11505,4.1398625,34480.297
11506,4.1343303,34484.43
11507,4.1266513,34488.555
11508,4.1226544,34492.676
11509,4.1195383,34496.797
11510,4.1185603,34500.914
11511,4.118904,34505.03
11512,4.1226826,34509.152
11513,4.1260724,34513.277
11514,4.127135,34517.406
11515,4.1269155,34521.53
11516,4.1276603,34525.66
11517,4.130124,34529.79
11518,4.132375,34533.92
11519,4.1301103,34538.05
11520,4.127527,34542.18
11521,4.125256,34546.305
11522,4.125053,34550.43
11523,4.1245947,34554.555
11524,4.1234665,34558.68
11525,4.121231,34562.8
11526,4.118734,34566.918
11527,4.1184154,34571.035
11528,4.1189895,34575.152
11529,4.121722,34579.273
11530,4.1239867,34583.4
11531,4.124158,34587.523
11532,4.121272,34591.645
11533,4.1164417,34595.76
11534,4.113717,34599.875
11535,4.115476,34603.992
11536,4.1192756,34608.113
11537,4.121183,34612.234
11538,4.121608,34616.355
11539,4.1162195,34620.473
11540,4.110494,34624.582
11541,4.1036763,34628.688
11542,4.1006536,34632.79
11543,4.097281,34636.887
11544,4.096635,34640.984
11545,4.096588,34645.082
11546,4.094381,34649.176
11547,4.090449,34653.266
11548,4.0880995,34657.355
11549,4.083735,34661.438
11550,4.0795674,34665.516
11551,4.0767026,34669.594
11552,4.0753603,34673.668
11553,4.075813,34677.742
11554,4.0776377,34681.82
11555,4.079778,34685.9
11556,4.0818644,34689.98
11557,4.0832767,34694.062
11558,4.0828133,34698.145
11559,4.0791197,34702.223
11560,4.0749617,34706.297
11561,4.0706077,34710.367
11562,4.0673327,34714.434
11563,4.0647397,34718.5
11564,4.0645485,34722.566
11565,4.0639157,34726.63
11566,4.063874,34730.69
11567,4.0625367,34734.754
11568,4.063012,34738.816
11569,4.065153,34742.883
11570,4.067672,34746.95
11571,4.0688787,34751.02
11572,4.0695224,34755.09
11573,4.0703015,34759.16
11574,4.0706534,34763.23
11575,4.0702825,34767.3
11576,4.0710716,34771.37
11577,4.071207,34775.44
11578,4.0726256,34779.516
11579,4.0730004,34783.59
11580,4.07382,34787.664
11581,4.076311,34791.742
11582,4.078088,34795.82
11583,4.077313,34799.9
11584,4.0742216,34803.973
11585,4.069193,34808.043
11586,4.0657034,34812.11
11587,4.0625353,34816.17
11588,4.0635715,34820.234
11589,4.066579,34824.3
11590,4.069161,34828.37
11591,4.0709467,34832.44
11592,4.0717125,34836.51
11593,4.070589,34840.582
11594,4.068756,34844.652
11595,4.0688114,34848.723
11596,4.0685563,34852.793
11597,4.069168,34856.863
11598,4.071149,34860.934
11599,4.0771713,34865.01
11600,4.08306,34869.094
11601,4.088256,34873.184
11602,4.087753,34877.27
11603,4.0842032,34881.355
11604,4.0828934,34885.438
11605,4.08338,34889.52
11606,4.083946,34893.6
11607,4.084893,34897.688
11608,4.084462,34901.773
11609,4.083263,34905.855
11610,4.079998,34909.934
11611,4.0788484,34914.01
11612,4.0780964,34918.09
11613,4.0752435,34922.164
11614,4.0716844,34926.234
11615,4.066551,34930.3
11616,4.0620646,34934.363
11617,4.056438,34938.418
11618,4.052671,34942.47
11619,4.0495944,34946.52
11620,4.046892,34950.566
11621,4.04524,34954.613
11622,4.0451365,34958.66
11623,4.045846,34962.707
11624,4.0481043,34966.754
11625,4.050694,34970.805
11626,4.0515466,34974.855
11627,4.0498004,34978.906
11628,4.0476017,34982.953
11629,4.045791,34987.0
11630,4.0446634,34991.043
11631,4.044573,34995.086
11632,4.0446124,34999.13
11633,4.0448327,35003.17
11634,4.0453653,35007.22
11635,4.048252,35011.266
11636,4.0496716,35015.316
11637,4.049834,35019.367
11638,4.048709,35023.414
11639,4.0489187,35027.465
11640,4.0500855,35031.516
11641,4.0522294,35035.566
11642,4.056425,35039.62
11643,4.0605173,35043.68
11644,4.0635962,35047.742
11645,4.0653296,35051.81
11646,4.064511,35055.875
11647,4.0609508,35059.938
11648,4.0574746,35063.996
11649,4.055274,35068.05
11650,4.0561786,35072.105
11651,4.0583396,35076.164
11652,4.058659,35080.223
11653,4.0574746,35084.28
11654,4.0569477,35088.34
11655,4.057411,35092.4
11656,4.0602546,35096.457
11657,4.063059,35100.52
11658,4.0644917,35104.586
11659,4.068213,35108.652
11660,4.071253,35112.723
11661,4.072408,35116.797
11662,4.0715756,35120.867
11663,4.072752,35124.94
11664,4.0752597,35129.016
11665,4.0775175,35133.094
11666,4.079061,35137.17
11667,4.07959,35141.25
11668,4.080431,35145.332
11669,4.0834575,35149.414
11670,4.085014,35153.5
11671,4.084563,35157.586
11672,4.083774,35161.668
11673,4.082176,35165.75
11674,4.0794973,35169.83
11675,4.076773,35173.906
11676,4.074417,35177.98
11677,4.074404,35182.055
11678,4.0755053,35186.13
11679,4.0769367,35190.207
11680,4.076597,35194.285
11681,4.074758,35198.36
11682,4.0746717,35202.434
11683,4.0754304,35206.508
11684,4.0761986,35210.586
11685,4.076885,35214.664
11686,4.076683,35218.742
11687,4.0773315,35222.82
11688,4.077632,35226.9
11689,4.078197,35230.977
11690,4.0785556,35235.055
11691,4.077375,35239.133
11692,4.0784683,35243.21
11693,4.0802994,35247.293
11694,4.0848846,35251.38
11695,4.0910783,35255.47
11696,4.0958433,35259.566
11697,4.0983443,35263.664
11698,4.097523,35267.76
11699,4.0957665,35271.86
11700,4.095735,35275.957
11701,4.0963173,35280.055
11702,4.0964723,35284.152
11703,4.0949125,35288.246
11704,4.092338,35292.34
11705,4.089149,35296.43
11706,4.0874457,35300.516
11707,4.087564,35304.6
11708,4.0876856,35308.688
11709,4.0877604,35312.773
11710,4.087246,35316.86
11711,4.0881076,35320.95
11712,4.088232,35325.04
11713,4.0889497,35329.13
11714,4.0896564,35333.22
11715,4.0910597,35337.31
11716,4.0942855,35341.402
11717,4.096894,35345.5
11718,4.098601,35349.598
11719,4.100141,35353.7
11720,4.101276,35357.8
11721,4.1004386,35361.902
11722,4.0996237,35366.004
11723,4.0961976,35370.1
11724,4.0925837,35374.195
11725,4.0901513,35378.285
11726,4.086807,35382.37
11727,4.082677,35386.453
11728,4.0799384,35390.53
11729,4.078027,35394.61
11730,4.0752697,35398.684
11731,4.0723276,35402.758
11732,4.0719814,35406.83
11733,4.0722537,35410.9
11734,4.0725513,35414.973
11735,4.0720015,35419.043
11736,4.0701203,35423.113
11737,4.0684433,35427.184
11738,4.066802,35431.25
11739,4.0641584,35435.312
11740,4.0618176,35439.375
11741,4.0592213,35443.434
11742,4.0573983,35447.492
11743,4.0541673,35451.547
11744,4.050634,35455.598
11745,4.0467944,35459.645
11746,4.0438895,35463.688
11747,4.043308,35467.73
11748,4.043645,35471.773
11749,4.0430775,35475.816
11750,4.042603,35479.86
11751,4.0430675,35483.902
11752,4.0442433,35487.945
11753,4.0452814,35491.992
11754,4.045228,35496.04
11755,4.0451612,35500.086
11756,4.0433836,35504.13
11757,4.0418143,35508.17
11758,4.0410376,35512.215
11759,4.043198,35516.258
11760,4.046622,35520.305
11761,4.051606,35524.355
11762,4.056208,35528.41
11763,4.0605197,35532.47
11764,4.062328,35536.53
11765,4.0612073,35540.594
11766,4.0590167,35544.652
11767,4.057218,35548.71
11768,4.056745,35552.77
11769,4.0583863,35556.83
11770,4.0603714,35560.887
11771,4.0632653,35564.95
11772,4.065984,35569.016
11773,4.0688233,35573.086
11774,4.071725,35577.156
11775,4.0738993,35581.23
11776,4.0752563,35585.305
11777,4.0749006,35589.38
11778,4.0726924,35593.453
11779,4.0706816,35597.523
11780,4.0706143,35601.594
11781,4.069964,35605.664
11782,4.0702605,35609.734
11783,4.0703554,35613.805
11784,4.0703044,35617.875
11785,4.0690994,35621.945
11786,4.066991,35626.01
11787,4.0654345,35630.08
11788,4.064853,35634.145
11789,4.06479,35638.21
11790,4.0643153,35642.273
11791,4.066176,35646.34
11792,4.0709987,35650.41
11793,4.0782413,35654.49
11794,4.0831327,35658.57
11795,4.0868692,35662.656
11796,4.087094,35666.742
11797,4.0863585,35670.83
11798,4.086399,35674.914
11799,4.085052,35679.0
11800,4.084438,35683.086
11801,4.0812244,35687.168
11802,4.078565,35691.246
11803,4.0761714,35695.32
11804,4.0764284,35699.4
11805,4.077761,35703.477
11806,4.0771437,35707.555
11807,4.0754604,35711.63
11808,4.0724444,35715.703
11809,4.0698776,35719.773
11810,4.0673923,35723.84
11811,4.061267,35727.902
11812,4.055264,35731.957
11813,4.0510187,35736.008
11814,4.0525923,35740.06
11815,4.0571055,35744.117
11816,4.059724,35748.176
11817,4.059332,35752.234
11818,4.057849,35756.293
11819,4.0571766,35760.35
11820,4.057761,35764.41
11821,4.0577226,35768.47
11822,4.0565825,35772.523
11823,4.0540247,35776.58
11824,4.0542727,35780.633
11825,4.0550437,35784.688
11826,4.0559044,35788.742
11827,4.057449,35792.8
11828,4.057906,35796.86
11829,4.05688,35800.918
11830,4.0564175,35804.973
11831,4.0558653,35809.027
11832,4.056102,35813.082
11833,4.0574512,35817.14
11834,4.057376,35821.2
11835,4.057051,35825.258
11836,4.054842,35829.312
11837,4.055841,35833.367
11838,4.0586796,35837.426
11839,4.061265,35841.49
11840,4.0617537,35845.55
11841,4.060818,35849.613
11842,4.060468,35853.67
11843,4.0602865,35857.73
11844,4.0598154,35861.79
11845,4.060349,35865.848
11846,4.0591373,35869.906
11847,4.057319,35873.965
11848,4.056029,35878.02
11849,4.0546546,35882.074
11850,4.054604,35886.13
11851,4.0548706,35890.184
11852,4.055507,35894.24
11853,4.0558457,35898.293
11854,4.0569053,35902.35
11855,4.058795,35906.41
11856,4.0617805,35910.473
11857,4.0640135,35914.535
11858,4.0641756,35918.598
11859,4.064942,35922.664
11860,4.0682373,35926.73
11861,4.0738635,35930.805
11862,4.077399,35934.883
11863,4.076542,35938.96
11864,4.075587,35943.035
11865,4.076406,35947.113
11866,4.0784893,35951.19
11867,4.0798836,35955.27
11868,4.0784206,35959.348
11869,4.0756316,35963.42
11870,4.0748596,35967.496
11871,4.0757656,35971.57
11872,4.0772986,35975.65
11873,4.0771265,35979.727
11874,4.0766416,35983.805
11875,4.07624,35987.883
11876,4.0749874,35991.957
11877,4.0743127,35996.03
11878,4.074526,36000.105
11879,4.0737653,36004.18
11880,4.0720015,36008.25
11881,4.070006,36012.32
11882,4.0698295,36016.39
11883,4.0736637,36020.465
11884,4.076216,36024.543
11885,4.0782437,36028.62
11886,4.0778146,36032.7
11887,4.076184,36036.777
11888,4.0763164,36040.855
11889,4.075748,36044.93
11890,4.074645,36049.004
11891,4.0719733,36053.074
11892,4.0696464,36057.145
11893,4.0685973,36061.215
11894,4.066498,36065.28
11895,4.0644574,36069.348
11896,4.0630503,36073.41
11897,4.0632987,36077.473
11898,4.062211,36081.535
11899,4.061127,36085.598
11900,4.0609713,36089.66
11901,4.0643115,36093.723
11902,4.069326,36097.793
11903,4.074732,36101.867
11904,4.0784245,36105.945
11905,4.0808463,36110.027
11906,4.08383,36114.11
11907,4.08641,36118.195
11908,4.087123,36122.28
11909,4.0856743,36126.367
11910,4.0849633,36130.453
11911,4.0834756,36134.535
11912,4.0823355,36138.617
11913,4.081813,36142.7
11914,4.0812235,36146.78
11915,4.0809507,36150.863
11916,4.079715,36154.94
11917,4.080224,36159.023
11918,4.0791144,36163.1
11919,4.078154,36167.18
11920,4.077765,36171.258
11921,4.076243,36175.336
11922,4.076758,36179.414
11923,4.0789623,36183.492
11924,4.0816407,36187.574
11925,4.0843744,36191.66
11926,4.0857973,36195.746
11927,4.085924,36199.832
11928,4.0867186,36203.918
11929,4.0874896,36208.004
11930,4.0864444,36212.09
11931,4.086238,36216.176
11932,4.085871,36220.26
11933,4.08667,36224.348
11934,4.087702,36228.434
11935,4.0875063,36232.52
11936,4.0856338,36236.605
11937,4.082672,36240.688
11938,4.0805573,36244.77
11939,4.0804195,36248.85
11940,4.0798383,36252.93
11941,4.078453,36257.008
11942,4.0787153,36261.086
11943,4.0818725,36265.168
11944,4.084071,36269.254
11945,4.0851746,36273.34
11946,4.0855904,36277.426
11947,4.086142,36281.51
11948,4.087674,36285.598
11949,4.087458,36289.684
11950,4.0844584,36293.77
11951,4.078888,36297.848
11952,4.0753036,36301.92
11953,4.072212,36305.992
11954,4.071852,36310.062
11955,4.0705914,36314.133
11956,4.0681906,36318.2
11957,4.0639973,36322.26
11958,4.0580363,36326.32
11959,4.0530066,36330.375
11960,4.0523667,36334.426
11961,4.0548306,36338.48
11962,4.057098,36342.54
11963,4.0594864,36346.598
11964,4.061274,36350.66
11965,4.064237,36354.723
11966,4.0659456,36358.79
11967,4.068815,36362.86
11968,4.069595,36366.93
11969,4.069464,36371.0
11970,4.069387,36375.07
11971,4.0696692,36379.14
11972,4.0703855,36383.21
11973,4.072153,36387.28
11974,4.0735445,36391.355
11975,4.07316,36395.43
11976,4.072476,36399.504
11977,4.0716734,36403.574
11978,4.0713377,36407.645
11979,4.0726633,36411.72
11980,4.074223,36415.793
11981,4.0764756,36419.87
11982,4.0780516,36423.95
11983,4.079203,36428.027
11984,4.080509,36432.11
11985,4.0825577,36436.19
11986,4.0842686,36440.277
11987,4.086925,36444.363
11988,4.0896487,36448.453
11989,4.0924435,36452.547
11990,4.0944076,36456.64
11991,4.092079,36460.734
11992,4.086989,36464.82
11993,4.081415,36468.902
11994,4.078792,36472.98
11995,4.076782,36477.06
11996,4.077658,36481.137
11997,4.079048,36485.215
11998,4.0806565,36489.297
11999,4.0812244,36493.38
12000,4.0797663,36497.457
12001,4.0779715,36501.535
12002,4.0760884,36505.61
12003,4.073282,36509.684
12004,4.07344,36513.758
12005,4.076943,36517.836
12006,4.0813813,36521.918
12007,4.087656,36526.004
12008,4.0931015,36530.098
12009,4.095914,36534.195
12010,4.0952616,36538.29
12011,4.0921845,36542.383
12012,4.0908065,36546.473
12013,4.0898433,36550.562
12014,4.0896087,36554.652
12015,4.0883026,36558.742
12016,4.0861864,36562.83
12017,4.082664,36566.91
12018,4.079798,36570.99
12019,4.0772996,36575.066
12020,4.0763526,36579.145
12021,4.0764966,36583.223
12022,4.076933,36587.3
12023,4.076273,36591.38
12024,4.075554,36595.453
12025,4.0758467,36599.527
12026,4.0759664,36603.6
12027,4.076338,36607.68
12028,4.0758157,36611.754
12029,4.073747,36615.83
12030,4.0705914,36619.9
12031,4.0666213,36623.965
12032,4.0639396,36628.027
12033,4.063536,36632.09
12034,4.064426,36636.152
12035,4.0654674,36640.22
12036,4.066791,36644.285
12037,4.066581,36648.35
12038,4.0688477,36652.42
12039,4.071799,36656.492
12040,4.0738673,36660.566
12041,4.0745845,36664.64
12042,4.0730915,36668.715
12043,4.070321,36672.785
12044,4.0670156,36676.85
12045,4.0648203,36680.918
12046,4.0643067,36684.98
12047,4.064728,36689.047
12048,4.065306,36693.113
12049,4.0675373,36697.18
12050,4.069665,36701.25
12051,4.071196,36705.32
12052,4.0710483,36709.39
12053,4.068395,36713.46
12054,4.065665,36717.527
12055,4.062234,36721.59
12056,4.059866,36725.65
12057,4.056093,36729.703
12058,4.054051,36733.758
12059,4.054242,36737.812
12060,4.0545993,36741.867
12061,4.054353,36745.92
12062,4.052595,36749.973
12063,4.0519896,36754.023
12064,4.053108,36758.08
12065,4.0552845,36762.133
12066,4.0550137,36766.188
12067,4.055198,36770.242
12068,4.055998,36774.297
12069,4.056373,36778.35
12070,4.058005,36782.41
12071,4.061149,36786.473
12072,4.066837,36790.54
12073,4.0731716,36794.613
12074,4.0767035,36798.69
12075,4.078722,36802.77
12076,4.0792866,36806.848
12077,4.0808835,36810.93
12078,4.082524,36815.01
12079,4.084767,36819.098
12080,4.0848126,36823.184
12081,4.0844626,36827.27
12082,4.0835395,36831.35
12083,4.0828476,36835.434
12084,4.081044,36839.516
12085,4.078191,36843.594
12086,4.077492,36847.67
12087,4.077568,36851.75
12088,4.0809984,36855.832
12089,4.08443,36859.918
12090,4.0873604,36864.004
12091,4.0898905,36868.094
12092,4.091232,36872.184
12093,4.0931926,36876.277
12094,4.095355,36880.37
12095,4.0979743,36884.47
12096,4.101727,36888.57
12097,4.1056714,36892.676
12098,4.108184,36896.785
12099,4.1081576,36900.895
12100,4.108257,36905.004
12101,4.108688,36909.113
12102,4.110583,36913.223
12103,4.11219,36917.336
12104,4.1127253,36921.45
12105,4.112149,36925.562
12106,4.112805,36929.676
12107,4.1125455,36933.79
12108,4.1137414,36937.902
12109,4.1133375,36942.016
12110,4.110529,36946.125
12111,4.107974,36950.234
12112,4.1043253,36954.34
12113,4.1008754,36958.44
12114,4.1000094,36962.543
12115,4.098312,36966.64
12116,4.0939956,36970.734
12117,4.089029,36974.824
12118,4.084545,36978.91
12119,4.0795107,36982.99
12120,4.075009,36987.062
12121,4.0694404,36991.133
12122,4.0680656,36995.2
12123,4.068431,36999.27
12124,4.0679655,37003.336
12125,4.0666003,37007.402
12126,4.063859,37011.465
12127,4.0608187,37015.527
12128,4.05925,37019.586
12129,4.0593686,37023.645
12130,4.0573564,37027.703
12131,4.057366,37031.76
12132,4.058284,37035.82
12133,4.059761,37039.88
12134,4.0610886,37043.94
12135,4.061349,37048.004
12136,4.0604906,37052.062
12137,4.0586286,37056.12
12138,4.0599113,37060.18
12139,4.0612473,37064.242
12140,4.062109,37068.305
12141,4.0638676,37072.367
12142,4.0646806,37076.434
12143,4.0643435,37080.496
12144,4.062599,37084.56
12145,4.0583434,37088.617
12146,4.053573,37092.67
12147,4.047685,37096.72
12148,4.042502,37100.76
12149,4.0411434,37104.805
12150,4.04416,37108.848
12151,4.048663,37112.895
12152,4.05336,37116.95
12153,4.0572696,37121.008
12154,4.062664,37125.07
12155,4.0669327,37129.137
12156,4.0675044,37133.203
12157,4.0653563,37137.27
12158,4.0635777,37141.332
12159,4.063617,37145.395
12160,4.0646853,37149.46
12161,4.0671487,37153.527
12162,4.0686555,37157.598
12163,4.070384,37161.668
12164,4.072221,37165.74
12165,4.0753613,37169.812
12166,4.079496,37173.89
12167,4.083439,37177.973
12168,4.083594,37182.055
12169,4.082199,37186.137
12170,4.080335,37190.22
12171,4.0793095,37194.297
12172,4.080016,37198.375
12173,4.0828614,37202.457
12174,4.0863905,37206.543
12175,4.09103,37210.633
12176,4.0942483,37214.727
12177,4.09486,37218.82
12178,4.09444,37222.914
12179,4.096457,37227.01
12180,4.0974307,37231.11
12181,4.09769,37235.207
12182,4.1004777,37239.31
12183,4.101179,37243.41
12184,4.1019936,37247.51
12185,4.1011567,37251.613
12186,4.0992208,37255.71
12187,4.0951023,37259.805
12188,4.094469,37263.9
12189,4.0946674,37267.992
12190,4.0937357,37272.086
12191,4.0922837,37276.18
12192,4.0904613,37280.27
12193,4.08948,37284.36
12194,4.0896025,37288.45
12195,4.088161,37292.54
12196,4.085621,37296.625
12197,4.0827227,37300.707
12198,4.0794845,37304.785
12199,4.0746565,37308.86
12200,4.071095,37312.93
12201,4.0657525,37316.996
12202,4.0617266,37321.06
12203,4.057933,37325.117
12204,4.0574894,37329.176
12205,4.0598106,37333.234
12206,4.0618997,37337.297
12207,4.063921,37341.36
12208,4.0649505,37345.426
12209,4.0653777,37349.492
12210,4.0662656,37353.56
12211,4.0677013,37357.625
12212,4.0678353,37361.69
12213,4.066332,37365.758
12214,4.0659766,37369.824
12215,4.066344,37373.89
12216,4.068739,37377.96
12217,4.072405,37382.035
12218,4.071051,37386.105
12219,4.0676045,37390.17
12220,4.0625434,37394.234
12221,4.058059,37398.293
12222,4.0550117,37402.348
12223,4.053558,37406.402
12224,4.0509944,37410.453
12225,4.046679,37414.5
12226,4.043827,37418.543
12227,4.0452533,37422.59
12228,4.048681,37426.637
12229,4.0506144,37430.688
12230,4.049266,37434.74
12231,4.046597,37438.785
12232,4.0452595,37442.832
12233,4.045734,37446.88
12234,4.049252,37450.93
12235,4.0545697,37454.984
12236,4.0593095,37459.043
12237,4.0621624,37463.105
12238,4.0621796,37467.168
12239,4.0611296,37471.23
12240,4.0596232,37475.29
12241,4.0584354,37479.348
12242,4.057626,37483.406
12243,4.0576925,37487.465
12244,4.059612,37491.523
12245,4.062286,37495.586
12246,4.063902,37499.65
12247,4.0606613,37503.71
12248,4.0587726,37507.77
12249,4.0585136,37511.83
12250,4.0604715,37515.887
12251,4.0621614,37519.95
12252,4.063091,37524.01
12253,4.062608,37528.074
12254,4.061332,37532.137
12255,4.059109,37536.195
12256,4.0573745,37540.254
12257,4.0583386,37544.312
12258,4.060992,37548.375
12259,4.0626273,37552.438
12260,4.0629983,37556.5
12261,4.065661,37560.566
12262,4.0678644,37564.633
12263,4.0682225,37568.7
12264,4.066902,37572.766
12265,4.0656004,37576.832
12266,4.0667415,37580.9
12267,4.070223,37584.97
12268,4.069374,37589.04
12269,4.0687666,37593.11
12270,4.069327,37597.18
12271,4.0727897,37601.254
12272,4.07773,37605.332
12273,4.0827475,37609.414
12274,4.0855985,37613.5
12275,4.087171,37617.586
12276,4.0830493,37621.668
12277,4.0769315,37625.746
12278,4.074661,37629.82
12279,4.074928,37633.895
12280,4.0749674,37637.97
12281,4.0759473,37642.043
12282,4.07569,37646.117
12283,4.073628,37650.19
12284,4.071954,37654.26
12285,4.0706196,37658.332
12286,4.069592,37662.402
12287,4.068569,37666.473
12288,4.067374,37670.54
12289,4.0660233,37674.605
12290,4.065718,37678.67
12291,4.0662436,37682.74
12292,4.0670333,37686.805
12293,4.0669956,37690.87
12294,4.0651455,37694.938
12295,4.0623736,37699.0
12296,4.061884,37703.062
12297,4.0614295,37707.125
12298,4.061672,37711.188
12299,4.0612803,37715.25
12300,4.060631,37719.312
12301,4.060962,37723.375
12302,4.0612574,37727.438
12303,4.061589,37731.5
12304,4.0616636,37735.562
12305,4.059658,37739.62
12306,4.058053,37743.68
12307,4.0554767,37747.734
12308,4.0543213,37751.79
12309,4.0529704,37755.844
12310,4.050243,37759.895
12311,4.0486984,37763.94
12312,4.0476413,37767.99
12313,4.0470796,37772.035
12314,4.0467734,37776.082
12315,4.0495634,37780.133
12316,4.055002,37784.188
12317,4.0623746,37788.25
12318,4.069363,37792.32
12319,4.073789,37796.395
12320,4.07518,37800.47
12321,4.0726743,37804.543
12322,4.07079,37808.613
12323,4.0681376,37812.68
12324,4.067825,37816.746
12325,4.0693803,37820.816
12326,4.0706367,37824.887
12327,4.07141,37828.957
12328,4.0706925,37833.027
12329,4.0696964,37837.098
12330,4.0673227,37841.164
12331,4.0662985,37845.23
12332,4.0673685,37849.297
12333,4.069443,37853.367
12334,4.071337,37857.438
12335,4.0751047,37861.51
12336,4.0798817,37865.59
12337,4.0856705,37869.676
12338,4.089305,37873.766
12339,4.0883656,37877.855
12340,4.0867815,37881.94
12341,4.083423,37886.023
12342,4.0816536,37890.105
12343,4.0813766,37894.188
12344,4.081521,37898.27
12345,4.0807986,37902.35
12346,4.0798907,37906.43
12347,4.077271,37910.508
12348,4.0743666,37914.582
12349,4.0720897,37918.652
12350,4.0674653,37922.72
12351,4.0633197,37926.78
12352,4.061134,37930.844
12353,4.062074,37934.906
12354,4.0635056,37938.97
12355,4.063666,37943.03
12356,4.0627136,37947.094
12357,4.0622177,37951.156
12358,4.0639954,37955.22
12359,4.06847,37959.29
12360,4.070897,37963.36
12361,4.0735445,37967.434
12362,4.0757637,37971.508
12363,4.077537,37975.586
12364,4.0762033,37979.664
12365,4.0720096,37983.734
12366,4.067676,37987.8
12367,4.0615187,37991.863
12368,4.057619,37995.92
12369,4.0544763,37999.977
12370,4.0539136,38004.03
12371,4.0569234,38008.09
12372,4.0581107,38012.15
12373,4.05742,38016.207
12374,4.0553746,38020.26
12375,4.0549216,38024.316
12376,4.0571194,38028.375
12377,4.0594797,38032.434
12378,4.0591583,38036.492
12379,4.0581074,38040.55
12380,4.0562468,38044.605
12381,4.055094,38048.66
12382,4.0575213,38052.72
12383,4.06209,38056.78
12384,4.0661426,38060.848
12385,4.0658674,38064.914
12386,4.063496,38068.977
12387,4.060192,38073.035
12388,4.059892,38077.094
12389,4.0606904,38081.156
12390,4.0610795,38085.22
12391,4.0613,38089.28
12392,4.061618,38093.344
12393,4.0623245,38097.406
12394,4.063325,38101.47
12395,4.064378,38105.53
12396,4.0648017,38109.598
12397,4.0652337,38113.664
12398,4.065391,38117.73
12399,4.0681896,38121.797
12400,4.0694656,38125.867
12401,4.0696316,38129.938
12402,4.0682282,38134.004
12403,4.0682883,38138.07
12404,4.0716453,38142.14
12405,4.076325,38146.22
12406,4.078517,38150.297
12407,4.076701,38154.375
12408,4.07373,38158.45
12409,4.070671,38162.52
12410,4.070165,38166.59
12411,4.069507,38170.66
12412,4.0699196,38174.73
12413,4.070613,38178.8
12414,4.0714216,38182.87
12415,4.073025,38186.945
12416,4.0737715,38191.02
12417,4.0756693,38195.094
12418,4.0775647,38199.17
12419,4.0798173,38203.25
12420,4.080318,38207.332
12421,4.080749,38211.414
12422,4.0810275,38215.496
12423,4.0818615,38219.58
12424,4.079254,38223.656
12425,4.0751114,38227.73
12426,4.0733175,38231.805
12427,4.0748296,38235.88
12428,4.075418,38239.953
12429,4.0759645,38244.027
12430,4.076572,38248.105
12431,4.075642,38252.18
12432,4.075124,38256.254
12433,4.0736566,38260.33
12434,4.0748224,38264.402
12435,4.0775995,38268.48
12436,4.078324,38272.56
12437,4.079254,38276.637
12438,4.0811005,38280.72
12439,4.08372,38284.8
12440,4.0858946,38288.887
12441,4.086407,38292.973
12442,4.0865903,38297.06
12443,4.0868955,38301.145
12444,4.087417,38305.23
12445,4.085571,38309.316
12446,4.08301,38313.4
12447,4.079184,38317.477
12448,4.074791,38321.55
12449,4.0721693,38325.62
12450,4.073328,38329.695
12451,4.076845,38333.773
12452,4.07992,38337.85
12453,4.078284,38341.93
12454,4.0744705,38346.004
12455,4.071277,38350.074
12456,4.071513,38354.145
12457,4.0730166,38358.22
12458,4.07469,38362.293
12459,4.076267,38366.37
12460,4.077334,38370.45
12461,4.078225,38374.527
12462,4.0797462,38378.605
12463,4.080848,38382.688
12464,4.0811763,38386.77
12465,4.080626,38390.85
12466,4.0771546,38394.93
12467,4.0735035,38399.004
12468,4.072849,38403.08
12469,4.073121,38407.152
12470,4.072903,38411.227
12471,4.0732007,38415.3
12472,4.0720243,38419.37
12473,4.0713577,38423.44
12474,4.0722904,38427.516
12475,4.0750046,38431.59
12476,4.0752354,38435.664
12477,4.0737,38439.74
12478,4.071622,38443.81
12479,4.0703387,38447.88
12480,4.070961,38451.95
12481,4.0722528,38456.02
12482,4.0736003,38460.094
12483,4.0733504,38464.168
12484,4.073435,38468.242
12485,4.0746903,38472.316
12486,4.0742674,38476.39
12487,4.0734234,38480.465
12488,4.0706434,38484.535
12489,4.0662937,38488.6
12490,4.0618243,38492.664
12491,4.0588055,38496.723
12492,4.0539136,38500.777
12493,4.048713,38504.824
12494,4.0453196,38508.87
12495,4.04717,38512.918
12496,4.0534716,38516.973
12497,4.0608063,38521.035
12498,4.0644526,38525.098
12499,4.0645037,38529.164
12500,4.0657425,38533.23
12501,4.0653844,38537.297
12502,4.0647755,38541.363
12503,4.0645657,38545.43
12504,4.0625625,38549.492
12505,4.060918,38553.555
12506,4.059556,38557.613
12507,4.057408,38561.67
12508,4.055847,38565.727
12509,4.055372,38569.78
12510,4.0553355,38573.836
12511,4.0555854,38577.89
12512,4.0566263,38581.945
12513,4.0586514,38586.004
12514,4.0617824,38590.066
12515,4.064417,38594.13
12516,4.0656886,38598.195
12517,4.0656085,38602.26
12518,4.065346,38606.33
12519,4.066212,38610.395
12520,4.0672436,38614.46
12521,4.069878,38618.53
12522,4.0712256,38622.6
12523,4.071659,38626.67
12524,4.070682,38630.742
12525,4.070277,38634.812
12526,4.0716367,38638.883
12527,4.074111,38642.957
12528,4.0743194,38647.03
12529,4.0720015,38651.1
12530,4.071458,38655.17
12531,4.0701814,38659.242
12532,4.070756,38663.312
12533,4.0714245,38667.383
12534,4.073583,38671.457
12535,4.076722,38675.535
12536,4.0789576,38679.613
12537,4.0818963,38683.695
12538,4.0847254,38687.78
12539,4.0905004,38691.87
12540,4.096908,38695.97
12541,4.1074805,38700.08
12542,4.1134076,38704.19
12543,4.1151614,38708.305
12544,4.1099887,38712.414
12545,4.1005,38716.516
12546,4.094473,38720.61
12547,4.0881085,38724.7
12548,4.0831017,38728.78
12549,4.0789623,38732.86
12550,4.078018,38736.938
12551,4.078923,38741.016
12552,4.0799627,38745.094
12553,4.0817127,38749.176
12554,4.081218,38753.258
12555,4.081207,38757.34
12556,4.082469,38761.42
12557,4.0850444,38765.508
12558,4.089065,38769.598
12559,4.092605,38773.69
12560,4.0939426,38777.785
12561,4.0930367,38781.88
12562,4.089946,38785.97
12563,4.084492,38790.055
12564,4.079868,38794.133
12565,4.0761175,38798.207
12566,4.0760913,38802.28
12567,4.0757713,38806.355
12568,4.077799,38810.434
12569,4.0799217,38814.51
12570,4.0812936,38818.594
12571,4.080276,38822.676
12572,4.079876,38826.754
12573,4.081373,38830.836
12574,4.0830283,38834.918
12575,4.084409,38839.004
12576,4.086615,38843.09
12577,4.0883164,38847.18
12578,4.087394,38851.266
12579,4.085625,38855.35
12580,4.0812387,38859.434
12581,4.077012,38863.51
12582,4.0739646,38867.586
12583,4.0723653,38871.66
12584,4.0732026,38875.734
12585,4.0752964,38879.81
12586,4.077464,38883.887
12587,4.078769,38887.965
12588,4.0785875,38892.043
12589,4.0747485,38896.117
12590,4.0705266,38900.188
12591,4.068508,38904.258
12592,4.0686717,38908.33
12593,4.069464,38912.4
12594,4.0677385,38916.465
12595,4.066722,38920.53
12596,4.066104,38924.598
12597,4.066112,38928.664
12598,4.064967,38932.73
12599,4.065724,38936.797
12600,4.0667176,38940.863
12601,4.0655503,38944.93
12602,4.0627046,38948.992
12603,4.0602098,38953.05
12604,4.059093,38957.11
12605,4.0596166,38961.168
12606,4.061344,38965.23
12607,4.061167,38969.293
12608,4.060894,38973.355
12609,4.0608025,38977.418
12610,4.063359,38981.48
12611,4.0685277,38985.55
12612,4.07301,38989.625
12613,4.0766325,38993.703
12614,4.0762634,38997.78
12615,4.0732927,39001.855
12616,4.071364,39005.926
12617,4.0677814,39009.992
12618,4.0650873,39014.06
12619,4.064349,39018.12
12620,4.065144,39022.188
12621,4.0657945,39026.254
12622,4.064673,39030.32
12623,4.061922,39034.383
12624,4.062297,39038.445
12625,4.0636115,39042.508
12626,4.0648193,39046.574
12627,4.0653543,39050.64
12628,4.06496,39054.707
12629,4.0656037,39058.773
12630,4.06353,39062.836
12631,4.063346,39066.9
12632,4.0650663,39070.965
12633,4.066763,39075.03
12634,4.068559,39079.1
12635,4.0703173,39083.17
12636,4.0714135,39087.242
12637,4.073133,39091.316
12638,4.077548,39095.395
12639,4.083529,39099.477
12640,4.0897784,39103.566
12641,4.094982,39107.66
12642,4.097239,39111.758
12643,4.09881,39115.855
12644,4.0996885,39119.957
12645,4.0994115,39124.055
12646,4.0978622,39128.152
12647,4.097134,39132.25
12648,4.096927,39136.348
12649,4.095093,39140.44
12650,4.09105,39144.53
12651,4.088142,39148.62
12652,4.085522,39152.707
12653,4.083131,39156.79
12654,4.0808263,39160.87
12655,4.0768266,39164.95
12656,4.0758014,39169.023
12657,4.076149,39173.098
12658,4.0763474,39177.176
12659,4.0751476,39181.25
12660,4.0729127,39185.324
12661,4.0697126,39189.395
12662,4.066887,39193.46
12663,4.066166,39197.527
12664,4.0677714,39201.594
12665,4.0706797,39205.664
12666,4.0757737,39209.74
12667,4.0812736,39213.82
12668,4.0844846,39217.906
12669,4.0863314,39221.992
12670,4.08541,39226.08
12671,4.0853195,39230.164
12672,4.0858,39234.25
12673,4.0844755,39238.336
12674,4.0836186,39242.418
12675,4.0843244,39246.504
12676,4.0867996,39250.59
12677,4.090144,39254.68
12678,4.092792,39258.773
12679,4.0954924,39262.867
12680,4.0955086,39266.96
12681,4.0931745,39271.055
12682,4.091538,39275.145
12683,4.0902653,39279.234
12684,4.090491,39283.324
12685,4.0914154,39287.414
12686,4.089398,39291.504
12687,4.085397,39295.59
12688,4.0831885,39299.67
12689,4.081446,39303.754
12690,4.082767,39307.836
12691,4.0867143,39311.92
12692,4.088983,39316.01
12693,4.088588,39320.1
12694,4.0875287,39324.188
12695,4.087388,39328.273
12696,4.086812,39332.36
12697,4.086647,39336.445
12698,4.086274,39340.53
12699,4.0871854,39344.617
12700,4.0851994,39348.703
12701,4.082539,39352.785
12702,4.0802994,39356.867
12703,4.0785513,39360.945
12704,4.077689,39365.023
12705,4.0759535,39369.098
12706,4.0744867,39373.17
12707,4.0739894,39377.246
12708,4.074331,39381.32
12709,4.0751987,39385.395
12710,4.0738425,39389.47
12711,4.071892,39393.54
12712,4.067558,39397.605
12713,4.062099,39401.668
12714,4.05928,39405.727
12715,4.0569663,39409.785
12716,4.0581512,39413.844
12717,4.0604887,39417.902
12718,4.063338,39421.965
12719,4.065966,39426.03
12720,4.0676003,39430.098
12721,4.067827,39434.164
12722,4.066646,39438.23
12723,4.065246,39442.297
12724,4.06422,39446.36
12725,4.062878,39450.42
12726,4.061157,39454.484
12727,4.0580153,39458.543
12728,4.056541,39462.598
12729,4.056687,39466.656
12730,4.0584397,39470.715
12731,4.0587006,39474.773
12732,4.056441,39478.83
12733,4.0544124,39482.883
12734,4.0546393,39486.938
12735,4.0564246,39490.992
12736,4.058501,39495.05
12737,4.0600877,39499.11
12738,4.0602946,39503.168
12739,4.0602984,39507.227
12740,4.060286,39511.285
12741,4.0609956,39515.348
12742,4.062612,39519.41
12743,4.0642295,39523.473
12744,4.0660243,39527.54
12745,4.068531,39531.61
12746,4.0696325,39535.68
12747,4.071762,39539.75
12748,4.0753546,39543.824
12749,4.0797668,39547.902
12750,4.08199,39551.984
12751,4.0834556,39556.066
12752,4.0862193,39560.152
12753,4.087169,39564.24
12754,4.088605,39568.33
12755,4.089909,39572.418
12756,4.0897355,39576.508
12757,4.089286,39580.598
12758,4.08916,39584.688
12759,4.0915613,39588.777
12760,4.094744,39592.87
12761,4.099478,39596.97
12762,4.102318,39601.07
12763,4.1023817,39605.17
12764,4.1020713,39609.273
12765,4.0993934,39613.37
12766,4.0953016,39617.465
12767,4.0876055,39621.55
12768,4.080846,39625.633
12769,4.077395,39629.71
12770,4.0766325,39633.79
12771,4.076468,39637.867
12772,4.077285,39641.945
12773,4.077466,39646.023
12774,4.0768704,39650.1
12775,4.0769267,39654.18
12776,4.076417,39658.258
12777,4.075945,39662.332
12778,4.073898,39666.406
12779,4.0702415,39670.477
12780,4.069225,39674.547
12781,4.0709987,39678.617
12782,4.0723467,39682.69
12783,4.0728908,39686.766
12784,4.072929,39690.84
12785,4.0709076,39694.91
12786,4.070555,39698.98
12787,4.0714207,39703.05
12788,4.0722647,39707.12
12789,4.071437,39711.19
12790,4.0685854,39715.26
12791,4.0642896,39719.324
12792,4.0614862,39723.387
12793,4.0604825,39727.445
12794,4.0609393,39731.508
12795,4.062561,39735.57
12796,4.0636997,39739.633
12797,4.0645704,39743.7
12798,4.065046,39747.766
12799,4.0643644,39751.83
12800,4.062379,39755.89
12801,4.0588274,39759.95
12802,4.0574713,39764.008
12803,4.05822,39768.066
12804,4.0594287,39772.125
12805,4.0612864,39776.188
12806,4.0638022,39780.25
12807,4.0659823,39784.316
12808,4.0664387,39788.383
12809,4.0655713,39792.45
12810,4.0652266,39796.516
12811,4.0674543,39800.582
12812,4.0685883,39804.652
12813,4.068764,39808.723
12814,4.069702,39812.793
12815,4.0720835,39816.863
12816,4.0722322,39820.934
12817,4.072671,39825.008
12818,4.072612,39829.082
12819,4.0730467,39833.156
12820,4.0731373,39837.23
12821,4.071482,39841.3
12822,4.0707583,39845.37
12823,4.071899,39849.44
12824,4.072894,39853.516
12825,4.074764,39857.59
12826,4.0773344,39861.668
12827,4.08023,39865.75
12828,4.0826454,39869.832
12829,4.083366,39873.914
12830,4.081253,39877.996
12831,4.0795045,39882.074
12832,4.079037,39886.152
12833,4.0798035,39890.23
12834,4.0805326,39894.312
12835,4.080248,39898.395
12836,4.0786304,39902.473
12837,4.0745907,39906.547
12838,4.070381,39910.617
12839,4.0668387,39914.684
12840,4.0648046,39918.75
12841,4.064448,39922.812
12842,4.0645266,39926.88
12843,4.0635676,39930.94
12844,4.0619025,39935.004
12845,4.0595503,39939.062
12846,4.057107,39943.12
12847,4.0565104,39947.176
12848,4.058733,39951.234
12849,4.061264,39955.297
12850,4.0628867,39959.36
12851,4.0642176,39963.42
12852,4.0626373,39967.484
12853,4.059644,39971.543
12854,4.05638,39975.598
12855,4.054314,39979.652
12856,4.055428,39983.707
12857,4.0580115,39987.766
12858,4.0589895,39991.824
12859,4.059717,39995.883
12860,4.0609927,39999.945
12861,4.063711,40004.008
12862,4.0680346,40008.074
12863,4.0733137,40012.15
12864,4.0781937,40016.227
12865,4.0818214,40020.31
12866,4.0816965,40024.39
12867,4.078895,40028.47
12868,4.075859,40032.543
12869,4.074805,40036.617
12870,4.0759783,40040.69
12871,4.076799,40044.77
12872,4.0776253,40048.848
12873,4.0779843,40052.926
12874,4.076914,40057.004
12875,4.075765,40061.08
12876,4.0744967,40065.152
12877,4.072494,40069.227
12878,4.072814,40073.3
12879,4.0747175,40077.375
12880,4.075131,40081.45
12881,4.0751605,40085.523
12882,4.0760727,40089.598
12883,4.0780196,40093.676
12884,4.0806947,40097.758
12885,4.083728,40101.84
12886,4.0864277,40105.926
12887,4.088342,40110.016
12888,4.0895047,40114.105
12889,4.0909843,40118.195
12890,4.0910873,40122.285
12891,4.0906124,40126.375
12892,4.091452,40130.465
12893,4.0919185,40134.56
12894,4.089735,40138.65
12895,4.0886903,40142.74
12896,4.0871506,40146.824
12897,4.084745,40150.91
12898,4.084892,40154.996
12899,4.0850425,40159.082
12900,4.084094,40163.168
12901,4.0847244,40167.254
12902,4.085204,40171.34
12903,4.0852275,40175.426
12904,4.0840683,40179.51
12905,4.0808344,40183.594
12906,4.0800986,40187.676
12907,4.080478,40191.758
12908,4.0791574,40195.836
12909,4.076559,40199.914
12910,4.0712485,40203.984
12911,4.063494,40208.047
12912,4.055922,40212.1
12913,4.050345,40216.152
12914,4.0493946,40220.203
12915,4.050972,40224.254
12916,4.0523725,40228.305
12917,4.0529194,40232.36
12918,4.0537505,40236.414
12919,4.054287,40240.47
12920,4.0567393,40244.527
12921,4.059064,40248.586
12922,4.060601,40252.65
12923,4.0615187,40256.71
12924,4.062648,40260.773
12925,4.0641155,40264.836
12926,4.0665283,40268.902
12927,4.0676284,40272.97
12928,4.0670485,40277.035
12929,4.066252,40281.1
12930,4.0655184,40285.168
12931,4.0647283,40289.234
12932,4.0646987,40293.3
12933,4.0643964,40297.363
12934,4.0654764,40301.43
12935,4.0674543,40305.496
12936,4.070679,40309.566
12937,4.0724263,40313.64
12938,4.073294,40317.715
12939,4.072975,40321.79
12940,4.072186,40325.86
12941,4.0716114,40329.93
12942,4.0722446,40334.0
12943,4.076264,40338.08
12944,4.080493,40342.16
12945,4.0845017,40346.246
12946,4.086159,40350.332
12947,4.0873933,40354.418
12948,4.0891294,40358.508
12949,4.0901012,40362.598
12950,4.0913086,40366.688
12951,4.0935397,40370.78
12952,4.0950685,40374.875
12953,4.095488,40378.97
12954,4.096992,40383.066
12955,4.097915,40387.164
12956,4.0993724,40391.26
12957,4.0992756,40395.36
12958,4.1003795,40399.46
12959,4.104983,40403.566
12960,4.1084986,40407.676
12961,4.111543,40411.79
12962,4.1098843,40415.9
12963,4.1054335,40420.004
12964,4.0996156,40424.105
12965,4.095871,40428.203
12966,4.0937095,40432.297
12967,4.0914946,40436.387
12968,4.088879,40440.477
12969,4.086295,40444.562
12970,4.087219,40448.65
12971,4.088266,40452.74
12972,4.0871406,40456.824
12973,4.083522,40460.906
12974,4.08006,40464.984
12975,4.0753193,40469.06
12976,4.0701985,40473.13
12977,4.065948,40477.195
12978,4.063777,40481.258
12979,4.063681,40485.32
12980,4.0643625,40489.383
12981,4.0639677,40493.445
12982,4.0610075,40497.508
12983,4.057399,40501.566
12984,4.0540605,40505.62
12985,4.0511785,40509.67
12986,4.048523,40513.72
12987,4.04736,40517.766
12988,4.0477858,40521.812
12989,4.05005,40525.863
12990,4.050169,40529.914
12991,4.049926,40533.965
12992,4.048657,40538.01
12993,4.0477695,40542.06
12994,4.04872,40546.105
12995,4.050296,40550.156
12996,4.0510907,40554.207
12997,4.0517035,40558.258
12998,4.051807,40562.31
12999,4.0521183,40566.36
13000,4.0526247,40570.41
13001,4.054404,40574.465
13002,4.0563464,40578.52
13003,4.056163,40582.574
13004,4.055068,40586.63
13005,4.05366,40590.684
13006,4.053786,40594.74
13007,4.0541835,40598.793
13008,4.054771,40602.848
13009,4.0557127,40606.902
13010,4.0567822,40610.96
13011,4.0559406,40615.016
13012,4.054624,40619.07
13013,4.056499,40623.125
13014,4.0574555,40627.184
13015,4.056994,40631.242
13016,4.0554466,40635.297
13017,4.055363,40639.35
13018,4.054563,40643.406
13019,4.052358,40647.457
13020,4.052029,40651.508
13021,4.0526004,40655.56
13022,4.0513825,40659.61
13023,4.0511384,40663.66
13024,4.050627,40667.71
13025,4.0534406,40671.766
13026,4.054221,40675.82
13027,4.0528355,40679.875
13028,4.0500245,40683.926
13029,4.049481,40687.977
13030,4.0525804,40692.027
13031,4.0592484,40696.086
13032,4.0660534,40700.152
13033,4.0704684,40704.223
13034,4.0768166,40708.3
13035,4.083597,40712.383
13036,4.0865674,40716.47
13037,4.085632,40720.555
13038,4.0852737,40724.64
13039,4.0877075,40728.727
13040,4.0892496,40732.816
13041,4.0892487,40736.906
13042,4.0884805,40740.996
13043,4.0900755,40745.086
13044,4.0945454,40749.18
13045,4.098854,40753.277
13046,4.1020503,40757.38
13047,4.1055994,40761.484
13048,4.1057053,40765.59
13049,4.1029773,40769.69
13050,4.0989857,40773.79
13051,4.0952897,40777.883
13052,4.0950794,40781.977
13053,4.09596,40786.074
13054,4.0950346,40790.168
13055,4.0900054,40794.258
13056,4.0851355,40798.344
13057,4.0801225,40802.426
13058,4.0765586,40806.504
13059,4.0739613,40810.58
13060,4.073383,40814.652
13061,4.0729594,40818.727
13062,4.073668,40822.8
13063,4.073055,40826.875
13064,4.0730557,40830.95
13065,4.0753655,40835.023
13066,4.080257,40839.105
13067,4.0848975,40843.19
13068,4.0886784,40847.28
13069,4.0882487,40851.37
13070,4.0874205,40855.457
13071,4.0893216,40859.547
13072,4.092282,40863.64
13073,4.0936337,40867.734
13074,4.0917444,40871.824
13075,4.088579,40875.914
13076,4.08798,40880.004
13077,4.087897,40884.094
13078,4.0850277,40888.18
13079,4.0814037,40892.26
13080,4.0776944,40896.34
13081,4.072383,40900.414
13082,4.0681634,40904.48
13083,4.0630307,40908.543
13084,4.0624704,40912.605
13085,4.0644593,40916.67
13086,4.0671735,40920.74
13087,4.067893,40924.805
13088,4.066966,40928.87
13089,4.0670505,40932.938
13090,4.0674286,40937.004
13091,4.0679774,40941.07
13092,4.066828,40945.137
13093,4.065142,40949.203
13094,4.065365,40953.27
13095,4.064619,40957.336
13096,4.0641584,40961.4
13097,4.0661316,40965.465
13098,4.0669436,40969.53
13099,4.0694404,40973.6
13100,4.07132,40977.67
13101,4.073097,40981.746
13102,4.0747137,40985.82
13103,4.0781384,40989.9
13104,4.082489,40993.98
13105,4.085801,40998.066
13106,4.084553,41002.152
13107,4.0826664,41006.234
13108,4.08058,41010.316
13109,4.0795784,41014.395
13110,4.0789204,41018.473
13111,4.0782013,41022.55
13112,4.0775666,41026.63
13113,4.0767245,41030.707
13114,4.07753,41034.785
13115,4.077344,41038.863
13116,4.0770864,41042.94
13117,4.0754275,41047.016
13118,4.0774,41051.094
13119,4.0789676,41055.17
13120,4.0803127,41059.254
13121,4.080343,41063.336
13122,4.0818534,41067.418
13123,4.083629,41071.5
13124,4.084815,41075.586
13125,4.084357,41079.67
13126,4.0856833,41083.758
13127,4.0890837,41087.848
13128,4.091199,41091.938
13129,4.090593,41096.027
13130,4.087073,41100.113
13131,4.084489,41104.2
13132,4.0829725,41108.28
13133,4.0794272,41112.36
13134,4.0752497,41116.434
13135,4.071122,41120.504
13136,4.0699735,41124.574
13137,4.0715256,41128.645
13138,4.0741916,41132.72
13139,4.0756717,41136.793
13140,4.0771613,41140.87
13141,4.077942,41144.95
13142,4.075878,41149.023
13143,4.07265,41153.098
13144,4.0720124,41157.168
13145,4.0725794,41161.242
13146,4.0726333,41165.316
13147,4.0734897,41169.39
13148,4.075172,41173.465
13149,4.077158,41177.543
13150,4.078007,41181.62
13151,4.075967,41185.695
13152,4.0721173,41189.766
13153,4.068648,41193.836
13154,4.0660663,41197.902
13155,4.0668488,41201.97
13156,4.068029,41206.035
13157,4.0693727,41210.105
13158,4.0692973,41214.176
13159,4.069335,41218.246
13160,4.0692105,41222.316
13161,4.068567,41226.387
13162,4.06833,41230.453
13163,4.0673366,41234.52
13164,4.066888,41238.586
13165,4.066238,41242.652
13166,4.0652647,41246.72
13167,4.063366,41250.78
13168,4.062367,41254.844
13169,4.061271,41258.906
13170,4.060075,41262.965
13171,4.0581956,41267.023
13172,4.056285,41271.08
13173,4.054663,41275.133
13174,4.054695,41279.188
13175,4.053691,41283.242
13176,4.052767,41287.297
13177,4.051896,41291.348
13178,4.0505285,41295.4
13179,4.051719,41299.45
13180,4.051741,41303.5
13181,4.052346,41307.55
13182,4.053281,41311.605
13183,4.0553813,41315.66
13184,4.05482,41319.715
13185,4.053559,41323.77
13186,4.050387,41327.82
13187,4.046783,41331.867
13188,4.045981,41335.914
13189,4.0468707,41339.96
13190,4.0496025,41344.01
13191,4.0515823,41348.062
13192,4.0517106,41352.113
13193,4.05076,41356.164
13194,4.0505176,41360.215
13195,4.0535483,41364.27
13196,4.0585017,41368.33
13197,4.061954,41372.39
13198,4.0655775,41376.457
13199,4.067681,41380.523
13200,4.070785,41384.594
13201,4.0730786,41388.668
13202,4.0743594,41392.742
13203,4.0756974,41396.816
13204,4.0760226,41400.89
13205,4.0751505,41404.965
13206,4.074684,41409.04
13207,4.0734296,41413.113
13208,4.0722423,41417.184
13209,4.070928,41421.254
13210,4.070309,41425.324
13211,4.0706687,41429.395
13212,4.07138,41433.465
13213,4.073062,41437.54
13214,4.0736694,41441.613
13215,4.071958,41445.684
13216,4.0701666,41449.754
13217,4.0701556,41453.824
13218,4.071947,41457.895
13219,4.074442,41461.97
13220,4.0752826,41466.043
13221,4.076414,41470.12
13222,4.075823,41474.195
13223,4.0744667,41478.27
13224,4.072876,41482.344
13225,4.0727787,41486.418
13226,4.0754013,41490.492
13227,4.080793,41494.574
13228,4.085183,41498.66
13229,4.088952,41502.75
13230,4.091601,41506.84
13231,4.093524,41510.934
13232,4.092576,41515.027
13233,4.0919394,41519.12
13234,4.0899215,41523.21
13235,4.0900035,41527.3
13236,4.089999,41531.39
13237,4.0890107,41535.48
13238,4.0876293,41539.566
13239,4.087148,41543.652
13240,4.088781,41547.742
13241,4.089259,41551.832
13242,4.088384,41555.92
13243,4.0853524,41560.008
13244,4.0812583,41564.09
13245,4.0770884,41568.168
13246,4.075226,41572.242
13247,4.0751,41576.316
13248,4.0762973,41580.395
13249,4.076783,41584.473
13250,4.078404,41588.55
13251,4.0795994,41592.63
13252,4.0798044,41596.707
13253,4.079217,41600.785
13254,4.0783896,41604.863
13255,4.07779,41608.94
13256,4.078178,41613.02
13257,4.0781307,41617.098
13258,4.0776825,41621.176
13259,4.078254,41625.254
13260,4.0783234,41629.332
13261,4.0781674,41633.41
13262,4.0783396,41637.49
13263,4.080942,41641.57
13264,4.083726,41645.652
13265,4.0857916,41649.74
13266,4.086704,41653.824
13267,4.087268,41657.91
13268,4.087749,41661.996
13269,4.089671,41666.086
13270,4.0926595,41670.18
13271,4.0948005,41674.273
13272,4.0948267,41678.367
13273,4.095428,41682.46
13274,4.0947394,41686.555
13275,4.0928392,41690.65
13276,4.091532,41694.74
13277,4.090778,41698.83
13278,4.0907393,41702.918
13279,4.088937,41707.008
13280,4.089599,41711.098
13281,4.093762,41715.19
13282,4.0961747,41719.29
13283,4.098495,41723.387
13284,4.0964913,41727.484
13285,4.094691,41731.58
13286,4.093559,41735.67
13287,4.090765,41739.76
13288,4.0886393,41743.85
13289,4.0863132,41747.938
13290,4.0869536,41752.023
13291,4.0874333,41756.11
13292,4.0861864,41760.195
13293,4.082061,41764.277
13294,4.0777783,41768.355
13295,4.0753455,41772.43
13296,4.0732656,41776.504
13297,4.0710616,41780.574
13298,4.070236,41784.645
13299,4.0682874,41788.71
13300,4.066376,41792.777
13301,4.0656643,41796.844
13302,4.063604,41800.906
13303,4.059254,41804.965
13304,4.0533304,41809.02
13305,4.0471506,41813.066
13306,4.045133,41817.113
13307,4.0469775,41821.16
13308,4.051179,41825.21
13309,4.0551133,41829.266
13310,4.058722,41833.324
13311,4.060807,41837.387
13312,4.0613475,41841.45
13313,4.061223,41845.51
13314,4.06119,41849.574
13315,4.059073,41853.633
13316,4.055168,41857.688
13317,4.0518312,41861.74
13318,4.0495224,41865.79
13319,4.0469313,41869.836
13320,4.046451,41873.883
13321,4.0464168,41877.93
13322,4.047829,41881.977
13323,4.0503592,41886.027
13324,4.0526476,41890.08
13325,4.0555544,41894.133
13326,4.0569096,41898.19
13327,4.0564322,41902.246
13328,4.0545793,41906.3
13329,4.051446,41910.35
13330,4.0501413,41914.402
13331,4.0518403,41918.453
13332,4.053165,41922.508
13333,4.054505,41926.562
13334,4.0537796,41930.617
13335,4.053356,41934.67
13336,4.0545278,41938.727
13337,4.0565467,41942.78
13338,4.0578575,41946.84
13339,4.0579233,41950.9
13340,4.0587907,41954.957
13341,4.059807,41959.016
13342,4.0618544,41963.08
13343,4.0648985,41967.145
13344,4.068291,41971.21
13345,4.0721245,41975.28
13346,4.075167,41979.355
13347,4.0746226,41983.43
13348,4.074405,41987.504
13349,4.0753107,41991.58
13350,4.0750422,41995.652
13351,4.0750065,41999.727
13352,4.0763254,42003.805
13353,4.079055,42007.883
13354,4.0796385,42011.96
13355,4.078178,42016.04
13356,4.075355,42020.113
13357,4.0714,42024.184
13358,4.070356,42028.254
13359,4.0702667,42032.324
13360,4.0721745,42036.395
13361,4.0748615,42040.47
13362,4.0781064,42044.547
13363,4.0792413,42048.625
13364,4.07911,42052.703
13365,4.080681,42056.785
13366,4.0784416,42060.863
13367,4.0757747,42064.938
13368,4.071958,42069.008
13369,4.070247,42073.08
13370,4.071355,42077.15
13371,4.071609,42081.22
13372,4.0728827,42085.293
13373,4.0723834,42089.367
13374,4.0719776,42093.438
13375,4.073099,42097.51
13376,4.07639,42101.59
13377,4.080528,42105.67
13378,4.082897,42109.754
13379,4.082283,42113.836
13380,4.078814,42117.914
13381,4.077388,42121.992
13382,4.07739,42126.07
13383,4.080752,42130.152
13384,4.083826,42134.234
13385,4.0868497,42138.32
13386,4.087438,42142.406
13387,4.085229,42146.492
13388,4.083507,42150.574
13389,4.0814414,42154.656
13390,4.080308,42158.74
13391,4.0796027,42162.816
13392,4.0772953,42166.895
13393,4.0733433,42170.97
13394,4.071235,42175.04
13395,4.068186,42179.105
13396,4.065084,42183.17
13397,4.063027,42187.234
13398,4.0623326,42191.297
13399,4.0636706,42195.36
13400,4.066589,42199.426
13401,4.0691786,42203.496
13402,4.0719085,42207.566
13403,4.073886,42211.64
13404,4.075356,42215.715
13405,4.077831,42219.793
13406,4.0794864,42223.87
13407,4.080319,42227.953
13408,4.079669,42232.03
13409,4.0768123,42236.11
13410,4.0745554,42240.184
13411,4.073535,42244.258
13412,4.0740056,42248.332
13413,4.074516,42252.406
13414,4.0748744,42256.48
13415,4.076769,42260.56
13416,4.0775375,42264.637
13417,4.0792036,42268.715
13418,4.077767,42272.793
13419,4.075156,42276.867
13420,4.0741224,42280.94
13421,4.072825,42285.016
13422,4.0722375,42289.086
13423,4.071454,42293.156
13424,4.06967,42297.227
13425,4.0689173,42301.297
13426,4.069258,42305.367
13427,4.070623,42309.438
13428,4.072763,42313.51
13429,4.0756645,42317.586
13430,4.0775714,42321.664
13431,4.079974,42325.742
13432,4.081553,42329.824
13433,4.081271,42333.906
13434,4.0815353,42337.99
13435,4.0831637,42342.07
13436,4.084444,42346.156
13437,4.084831,42350.242
13438,4.085792,42354.33
13439,4.085124,42358.414
13440,4.0860114,42362.5
13441,4.087618,42366.586
13442,4.0876913,42370.67
13443,4.0863447,42374.758
13444,4.084141,42378.844
13445,4.083919,42382.926
13446,4.0850925,42387.01
13447,4.085428,42391.098
13448,4.083809,42395.18
13449,4.0799046,42399.258
13450,4.0777287,42403.336
13451,4.073661,42407.41
13452,4.06953,42411.48
13453,4.065757,42415.547
13454,4.063788,42419.61
13455,4.061211,42423.67
13456,4.058222,42427.73
13457,4.058235,42431.79
13458,4.057132,42435.848
13459,4.0555167,42439.902
13460,4.0532403,42443.957
13461,4.0532346,42448.01
13462,4.0559125,42452.066
13463,4.060529,42456.125
13464,4.0642962,42460.188
13465,4.0660434,42464.254
13466,4.066479,42468.32
13467,4.067355,42472.387
13468,4.068706,42476.457
13469,4.0687485,42480.527
13470,4.0681543,42484.594
13471,4.0678663,42488.66
13472,4.0676227,42492.727
13473,4.0685663,42496.797
13474,4.0702415,42500.867
13475,4.0716424,42504.938
13476,4.0726776,42509.01
13477,4.074481,42513.086
13478,4.076307,42517.164
13479,4.0772333,42521.242
13480,4.076395,42525.32
13481,4.074935,42529.395
13482,4.073181,42533.47
13483,4.0715117,42537.54
13484,4.070022,42541.61
13485,4.07,42545.68
13486,4.0707397,42549.75
13487,4.0704007,42553.82
13488,4.069594,42557.89
13489,4.068702,42561.96
13490,4.069089,42566.03
13491,4.069662,42570.1
13492,4.071293,42574.17
13493,4.074325,42578.246
13494,4.0767393,42582.324
13495,4.0769978,42586.402
13496,4.0764856,42590.48
13497,4.0761957,42594.56
13498,4.0771785,42598.637
13499,4.077349,42602.715
13500,4.07572,42606.79
13501,4.0770574,42610.867
13502,4.0778885,42614.945
13503,4.077976,42619.023
13504,4.078669,42623.1
13505,4.080009,42627.18
13506,4.081775,42631.26
13507,4.0851436,42635.348
13508,4.0858817,42639.434
13509,4.085083,42643.52
13510,4.082795,42647.6
13511,4.078641,42651.68
13512,4.075364,42655.754
13513,4.0725765,42659.83
13514,4.072038,42663.9
13515,4.071459,42667.97
13516,4.0717235,42672.04
13517,4.072213,42676.11
13518,4.0728755,42680.184
13519,4.0750117,42684.258
13520,4.076683,42688.336
13521,4.077453,42692.414
13522,4.076831,42696.492
13523,4.074115,42700.566
13524,4.072769,42704.64
13525,4.0713673,42708.71
13526,4.070589,42712.78
13527,4.0689735,42716.85
13528,4.06717,42720.918
13529,4.066004,42724.984
13530,4.063771,42729.047
13531,4.0625405,42733.11
13532,4.061538,42737.17
13533,4.061934,42741.234
13534,4.063068,42745.297
13535,4.0650625,42749.363
13536,4.0690393,42753.434
13537,4.072355,42757.508
13538,4.073483,42761.582
13539,4.0728045,42765.656
13540,4.0718765,42769.727
13541,4.0697627,42773.797
13542,4.0671916,42777.863
13543,4.0649114,42781.93
13544,4.065104,42785.996
13545,4.0686336,42790.066
13546,4.0720506,42794.137
13547,4.073037,42798.21
13548,4.0744715,42802.285
13549,4.0764565,42806.363
13550,4.0758543,42810.438
13551,4.075603,42814.51
13552,4.0771136,42818.59
13553,4.0774493,42822.668
13554,4.0768275,42826.746
13555,4.0743656,42830.82
13556,4.07171,42834.89
13557,4.0692134,42838.96
13558,4.069217,42843.03
13559,4.070465,42847.1
13560,4.0716825,42851.17
13561,4.073242,42855.246
13562,4.073968,42859.32
13563,4.072018,42863.39
13564,4.070159,42867.46
13565,4.0683813,42871.53
13566,4.0686755,42875.6
13567,4.070523,42879.67
13568,4.072391,42883.746
13569,4.0739145,42887.82
13570,4.074899,42891.895
13571,4.0764318,42895.973
13572,4.077003,42900.05
13573,4.075003,42904.125
13574,4.071184,42908.195
13575,4.066298,42912.26
13576,4.0653563,42916.33
13577,4.0664997,42920.395
13578,4.067317,42924.46
13579,4.068318,42928.527
13580,4.0696745,42932.598
13581,4.0712013,42936.668
13582,4.072847,42940.742
13583,4.072767,42944.816
13584,4.0718384,42948.887
13585,4.069218,42952.957
13586,4.066332,42957.023
13587,4.0641713,42961.086
13588,4.0649495,42965.152
13589,4.0674577,42969.22
13590,4.067232,42973.285
13591,4.067144,42977.35
13592,4.0662045,42981.418
13593,4.0652194,42985.484
13594,4.063651,42989.547
13595,4.062161,42993.61
13596,4.063113,42997.67
13597,4.063865,43001.734
13598,4.064598,43005.8
13599,4.0637302,43009.863
13600,4.061997,43013.926
13601,4.0600924,43017.984
13602,4.0596366,43022.043
13603,4.0598536,43026.1
13604,4.0594087,43030.16
13605,4.0597105,43034.22
13606,4.0583434,43038.277
13607,4.055349,43042.332
13608,4.0522075,43046.383
13609,4.0489,43050.434
13610,4.045726,43054.48
13611,4.043416,43058.523
13612,4.0437455,43062.566
13613,4.0475492,43066.613
13614,4.049956,43070.664
13615,4.0505652,43074.715
13616,4.050505,43078.766
13617,4.0520735,43082.816
13618,4.054502,43086.87
13619,4.0580273,43090.93
13620,4.06197,43094.992
13621,4.066041,43099.06
13622,4.070829,43103.13
13623,4.075266,43107.203
13624,4.077108,43111.28
13625,4.0752077,43115.355
13626,4.074329,43119.43
13627,4.075415,43123.504
13628,4.0759244,43127.58
13629,4.0736537,43131.652
13630,4.0714965,43135.723
13631,4.0687213,43139.793
13632,4.065573,43143.86
13633,4.062261,43147.92
13634,4.0594163,43151.98
13635,4.0579476,43156.04
13636,4.055459,43160.094
13637,4.0545425,43164.15
13638,4.056226,43168.203
13639,4.060464,43172.26
13640,4.0649166,43176.33
13641,4.069211,43180.4
13642,4.07339,43184.473
13643,4.0761876,43188.55
13644,4.077545,43192.63
13645,4.077247,43196.707
13646,4.0772705,43200.785
13647,4.0766544,43204.863
13648,4.0757565,43208.938
13649,4.0740576,43213.01
13650,4.073161,43217.086
13651,4.0719376,43221.156
13652,4.071885,43225.227
13653,4.0750237,43229.3
13654,4.0778294,43233.38
13655,4.0797553,43237.457
13656,4.0807867,43241.54
13657,4.0821857,43245.62
13658,4.081444,43249.703
13659,4.079031,43253.78
13660,4.0755157,43257.855
13661,4.072297,43261.93
13662,4.0696354,43266.0
13663,4.0663805,43270.066
13664,4.058792,43274.125
13665,4.0512795,43278.176
13666,4.042907,43282.22
13667,4.036945,43286.254
13668,4.03174,43290.285
13669,4.0268354,43294.312
13670,4.021495,43298.336
13671,4.016453,43302.35
13672,4.0129414,43306.363
13673,4.0121326,43310.375
13674,4.0110693,43314.387
13675,4.010875,43318.4
13676,4.010162,43322.41
13677,4.0108476,43326.42
13678,4.011349,43330.434
13679,4.0119505,43334.445
13680,4.011033,43338.457
13681,4.0124474,43342.47
13682,4.015528,43346.484
13683,4.0191226,43350.504
13684,4.022959,43354.527
13685,4.027304,43358.555
13686,4.0311174,43362.586
13687,4.0339003,43366.62
13688,4.036619,43370.656
13689,4.037332,43374.695
13690,4.0383267,43378.734
13691,4.037894,43382.773
13692,4.037896,43386.812
13693,4.0363,43390.848
13694,4.0345497,43394.883
13695,4.032208,43398.914
13696,4.031736,43402.945
13697,4.0312147,43406.977
13698,4.0304084,43411.008
13699,4.028002,43415.035
13700,4.0278187,43419.062
13701,4.0254135,43423.09
13702,4.02381,43427.113
13703,4.01978,43431.133
13704,4.0165625,43435.15
13705,4.012611,43439.16
13706,4.010244,43443.17
13707,4.0074434,43447.18
13708,4.006027,43451.188
13709,4.00335,43455.19
13710,3.9996574,43459.19
13711,3.9913483,43463.184
13712,3.9836745,43467.168
13713,3.980805,43471.15
13714,3.9767785,43475.125
13715,3.9757748,43479.1
13716,3.970383,43483.07
13717,3.9637516,43487.035
13718,3.9572837,43490.992
13719,3.9557858,43494.95
13720,3.9540846,43498.902
13721,3.9522152,43502.855
13722,3.9476907,43506.805
13723,3.9459612,43510.75
13724,3.9468942,43514.695
13725,3.9474716,43518.645
13726,3.946549,43522.59
13727,3.9438357,43526.535
13728,3.9442422,43530.48
13729,3.9445605,43534.426
13730,3.9453084,43538.37
13731,3.9412003,43542.312
13732,3.9372842,43546.25
13733,3.9299994,43550.18
13734,3.92488,43554.105
13735,3.9159508,43558.02
13736,3.9110022,43561.93
13737,3.9038732,43565.832
13738,3.8997073,43569.73
13739,3.893105,43573.625
13740,3.8878844,43577.51
13741,3.8784895,43581.39
13742,3.8690906,43585.258
13743,3.8583195,43589.117
13744,3.849748,43592.97
13745,3.8388903,43596.81
13746,3.8289394,43600.637
13747,3.8128843,43604.45
13748,3.7973433,43608.246
13749,3.7792206,43612.023
13750,3.7718103,43615.797
13751,3.7666402,43619.562
13752,3.7666812,43623.33
13753,3.7645938,43627.094
13754,3.763138,43630.855
13755,3.7590344,43634.613
13756,3.755197,43638.367
13757,3.7504654,43642.117
13758,3.7465243,43645.863
13759,3.7424612,43649.605
13760,3.7407613,43653.348
13761,3.738186,43657.086
13762,3.735872,43660.82
13763,3.7325335,43664.555
13764,3.7317402,43668.285
13765,3.7305021,43672.016
13766,3.7292593,43675.746
13767,3.7271113,43679.473
13768,3.72601,43683.2
13769,3.7251027,43686.926
13770,3.7250936,43690.652
13771,3.722655,43694.375
13772,3.71885,43698.094
13773,3.7144504,43701.81
13774,3.7122533,43705.52
13775,3.7116911,43709.23
13776,3.713757,43712.945
13777,3.7150776,43716.66
13778,3.71622,43720.375
13779,3.7163725,43724.09
13780,3.7169049,43727.81
13781,3.7165382,43731.523
13782,3.7173762,43735.242
13783,3.7181714,43738.96
13784,3.7207136,43742.684
13785,3.7225564,43746.406
13786,3.7245004,43750.13
13787,3.725508,43753.855
13788,3.7269135,43757.582
13789,3.7278008,43761.31
13790,3.7295969,43765.04
13791,3.7305377,43768.77
13792,3.731694,43772.5
13793,3.7306166,43776.23
13794,3.7293944,43779.96
13795,3.7270932,43783.688
13796,3.7256246,43787.414
13797,3.7233467,43791.137
13798,3.7211244,43794.86
13799,3.7184982,43798.58
13800,3.716111,43802.293
13801,3.711981,43806.004
13802,3.7077606,43809.71
13803,3.7038074,43813.414
13804,3.7017987,43817.117
13805,3.700202,43820.816
13806,3.6993237,43824.516
13807,3.6979995,43828.215
13808,3.6965497,43831.91
13809,3.6941586,43835.605
13810,3.691455,43839.297
13811,3.6888463,43842.984
13812,3.6858513,43846.67
13813,3.6822917,43850.355
13814,3.679015,43854.035
13815,3.675106,43857.71
13816,3.6713743,43861.383
13817,3.6676528,43865.05
13818,3.6638327,43868.715
13819,3.6594436,43872.375
13820,3.6546493,43876.03
13821,3.6493883,43879.68
13822,3.644134,43883.324
13823,3.6391537,43886.965
13824,3.635361,43890.6
13825,3.6329808,43894.234
13826,3.6307602,43897.863
13827,3.6275876,43901.492
13828,3.623441,43905.117
13829,3.617092,43908.734
13830,3.6094334,43912.344
13831,3.602281,43915.945
13832,3.5964627,43919.543
13833,3.5927103,43923.137
13834,3.5896654,43926.727
13835,3.587367,43930.312
13836,3.5852294,43933.9
13837,3.580386,43937.48
13838,3.5721796,43941.05
13839,3.5636618,43944.613
13840,3.5571258,43948.17
13841,3.5527158,43951.723
13842,3.5474892,43955.27
13843,3.5409334,43958.81
13844,3.5338118,43962.344
13845,3.526554,43965.87
13846,3.519729,43969.39
13847,3.5140438,43972.906
13848,3.5099514,43976.418
13849,3.5063562,43979.926
13850,3.5027113,43983.43
13851,3.4989693,43986.93
13852,3.495443,43990.426
13853,3.491355,43993.918
13854,3.486768,43997.406
13855,3.4823465,44000.887
13856,3.4777343,44004.363
13857,3.472664,44007.836
13858,3.4678345,44011.305
13859,3.4640837,44014.77
13860,3.4612913,44018.23
13861,3.458953,44021.688
13862,3.4563184,44025.145
13863,3.4529161,44028.598
13864,3.4500563,44032.047
13865,3.4476933,44035.496
13866,3.4451017,44038.94
13867,3.4419906,44042.383
13868,3.4394577,44045.824
13869,3.4380286,44049.26
13870,3.4366612,44052.7
13871,3.434602,44056.133
13872,3.431387,44059.562
13873,3.4291644,44062.992
13874,3.4282188,44066.42
13875,3.4277644,44069.85
13876,3.4315617,44073.28
13877,3.436203,44076.72
13878,3.4400516,44080.16
13879,3.4383209,44083.598
13880,3.4391534,44087.035
13881,3.4337924,44090.47
13882,3.4439201,44093.914
13883,3.4433877,44097.36
13884,3.4706094,44100.83
13885,3.4793792,44104.31
13886,3.5127058,44107.82
13887,3.52326,44111.344
13888,3.5520298,44114.895
13889,3.5629845,44118.457
13890,3.5857308,44122.043
13891,3.6004715,44125.645
13892,3.6104968,44129.254
13893,3.6162627,44132.87
13894,3.613391,44136.484
13895,3.6149228,44140.098
13896,3.6112444,44143.707
13897,3.6124752,44147.32
13898,3.6084318,44150.93
13899,3.6111977,44154.54
13900,3.6150348,44158.152
13901,3.623612,44161.777
13902,3.6303139,44165.406
13903,3.6362617,44169.043
13904,3.6349127,44172.68
13905,3.6304126,44176.31
13906,3.621334,44179.93
13907,3.6122992,44183.543
13908,3.6060443,44187.15
13909,3.6025515,44190.75
13910,3.6022406,44194.35
13911,3.6038733,44197.957
13912,3.6080606,44201.566
13913,3.6105063,44205.176
13914,3.6121411,44208.79
13915,3.612863,44212.402
13916,3.6194746,44216.023
13917,3.6296434,44219.652
13918,3.6438656,44223.297
13919,3.6558506,44226.953
13920,3.662563,44230.617
13921,3.6660075,44234.28
13922,3.6705525,44237.953
13923,3.676038,44241.63
13924,3.6838722,44245.312
13925,3.6892805,44249.0
13926,3.694967,44252.695
13927,3.690575,44256.387
13928,3.68346,44260.07
13929,3.675142,44263.746
13930,3.6642065,44267.41
13931,3.65736,44271.066
13932,3.6564162,44274.723
13933,3.6645377,44278.387
13934,3.66935,44282.055
13935,3.6749234,44285.73
13936,3.6792026,44289.41
13937,3.6908674,44293.1
13938,3.7048995,44296.805
13939,3.7203474,44300.523
13940,3.7287292,44304.254
13941,3.728227,44307.98
13942,3.718391,44311.7
13943,3.7135415,44315.414
13944,3.7155838,44319.13
13945,3.7177706,44322.848
13946,3.7202268,44326.566
13947,3.722204,44330.29
13948,3.724515,44334.01
13949,3.7234447,44337.734
13950,3.7244503,44341.457
13951,3.7248197,44345.184
13952,3.7285304,44348.914
13953,3.7305195,44352.645
13954,3.7341235,44356.38
13955,3.7364845,44360.117
13956,3.737811,44363.855
13957,3.7360213,44367.59
13958,3.7364583,44371.33
13959,3.7363894,44375.066
13960,3.736043,44378.8
13961,3.735535,44382.535
13962,3.7373974,44386.273
13963,3.738188,44390.01
13964,3.7370358,44393.75
13965,3.73043,44397.48
13966,3.7245345,44401.203
13967,3.7198858,44404.92
13968,3.719549,44408.64
13969,3.7196777,44412.36
13970,3.7194552,44416.08
13971,3.7175436,44419.797
13972,3.715354,44423.51
13973,3.710754,44427.223
13974,3.7093608,44430.934
13975,3.71009,44434.645
13976,3.7118595,44438.355
13977,3.7115023,44442.066
13978,3.7120242,44445.777
13979,3.7118967,44449.49
13980,3.7096572,44453.2
13981,3.70499,44456.902
13982,3.7014828,44460.605
13983,3.6992683,44464.305
13984,3.6987228,44468.004
13985,3.6980693,44471.703
13986,3.699655,44475.402
13987,3.7024503,44479.105
13988,3.7074804,44482.812
13989,3.7153704,44486.527
13990,3.721398,44490.25
13991,3.727709,44493.977
13992,3.7357311,44497.71
13993,3.7471302,44501.457
13994,3.757662,44505.215
13995,3.7650201,44508.98
13996,3.7699656,44512.75
13997,3.775455,44516.527
13998,3.7822642,44520.31
13999,3.787235,44524.098
14000,3.7948353,44527.89
14001,3.8032742,44531.695
14002,3.8119292,44535.508
14003,3.8208487,44539.33
14004,3.8290384,44543.156
14005,3.8341556,44546.992
14006,3.838186,44550.832
14007,3.8402276,44554.67
14008,3.8422112,44558.516
14009,3.8435376,44562.36
14010,3.8458462,44566.207
14011,3.8447726,44570.05
14012,3.841489,44573.89
14013,3.8336198,44577.723
14014,3.8233087,44581.547
14015,3.8101406,44585.355
14016,3.798125,44589.152
14017,3.785237,44592.938
14018,3.771308,44596.707
14019,3.7581952,44600.465
14020,3.7522285,44604.22
14021,3.7489777,44607.97
14022,3.747162,44611.715
14023,3.7461517,44615.46
14024,3.7435865,44619.203
14025,3.7402437,44622.945
14026,3.7427206,44626.688
14027,3.7462234,44630.434
14028,3.7462838,44634.18
14029,3.741703,44637.92
14030,3.7380242,44641.66
14031,3.7387297,44645.4
14032,3.7418933,44649.14
14033,3.7418087,44652.883
14034,3.7362103,44656.617
14035,3.728224,44660.344
14036,3.721839,44664.066
14037,3.71396,44667.78
14038,3.7089407,44671.49
14039,3.7069676,44675.195
14040,3.7067342,44678.902
14041,3.7064245,44682.61
14042,3.7109287,44686.32
14043,3.7208047,44690.043
14044,3.7305374,44693.773
14045,3.735407,44697.508
14046,3.7361789,44701.242
14047,3.7349389,44704.977
14048,3.7379854,44708.715
14049,3.7432158,44712.457
14050,3.7452154,44716.203
14051,3.7446432,44719.95
14052,3.7424026,44723.69
14053,3.7402782,44727.434
14054,3.7387238,44731.17
14055,3.7362318,44734.906
14056,3.7282372,44738.633
14057,3.7189574,44742.35
14058,3.706072,44746.06
14059,3.6887472,44749.746
14060,3.6673293,44753.414
14061,3.6424212,44757.055
14062,3.6186955,44760.67
14063,3.5953438,44764.266
14064,3.584386,44767.85
14065,3.5795486,44771.43
14066,3.581666,44775.01
14067,3.5803478,44778.594
14068,3.5821087,44782.176
14069,3.5795858,44785.754
14070,3.5824933,44789.336
14071,3.5828028,44792.918
14072,3.5841703,44796.504
14073,3.584754,44800.09
14074,3.585847,44803.676
14075,3.5867043,44807.26
14076,3.5889082,44810.85
14077,3.5905397,44814.44
14078,3.591265,44818.03
14079,3.59286,44821.625
14080,3.5953615,44825.22
14081,3.5997589,44828.82
14082,3.603635,44832.426
14083,3.6082406,44836.035
14084,3.6110094,44839.645
14085,3.6168437,44843.26
14086,3.62192,44846.883
14087,3.6287801,44850.51
14088,3.632341,44854.145
14089,3.6366458,44857.78
14090,3.6397552,44861.42
14091,3.6436214,44865.066
14092,3.6442995,44868.71
14093,3.6457422,44872.355
14094,3.6471539,44876.004
14095,3.6505728,44879.656
14096,3.6548738,44883.312
14097,3.659386,44886.973
14098,3.6605766,44890.633
14099,3.6628366,44894.297
14100,3.6647704,44897.96
14101,3.6657982,44901.625
14102,3.6641424,44905.29
14103,3.6626976,44908.953
14104,3.662647,44912.617
14105,3.6670272,44916.285
14106,3.6711392,44919.957
14107,3.675219,44923.633
14108,3.677188,44927.31
14109,3.6795225,44930.99
14110,3.682955,44934.67
14111,3.6877184,44938.36
14112,3.6916733,44942.05
14113,3.6951969,44945.746
14114,3.7023816,44949.45
14115,3.7191112,44953.168
14116,3.7242367,44956.89
14117,3.7139428,44960.605
14118,3.7050014,44964.31
14119,3.7024312,44968.01
14120,3.7022326,44971.715
14121,3.7037442,44975.418
14122,3.7026656,44979.12
14123,3.703526,44982.824
14124,3.7061367,44986.53
14125,3.7101219,44990.242
14126,3.7128594,44993.953
14127,3.714675,44997.668
14128,3.7147238,45001.383
14129,3.714603,45005.098
14130,3.7140353,45008.812
14131,3.7136242,45012.527
14132,3.713283,45016.242
14133,3.7121162,45019.953
14134,3.709567,45023.664
14135,3.7066545,45027.37
14136,3.704408,45031.074
14137,3.7009637,45034.773
14138,3.6962163,45038.47
14139,3.6921096,45042.16
14140,3.6909328,45045.85
14141,3.6893911,45049.54
14142,3.684881,45053.223
14143,3.6805856,45056.902
14144,3.6785946,45060.582
14145,3.6754827,45064.258
14146,3.6716914,45067.93
14147,3.668529,45071.598
14148,3.6673284,45075.266
14149,3.6657143,45078.93
14150,3.6629589,45082.594
14151,3.661156,45086.254
14152,3.6628573,45089.918
14153,3.6654544,45093.582
14154,3.66472,45097.246
14155,3.6630583,45100.91
14156,3.6653562,45104.574
14157,3.6703963,45108.246
14158,3.6779418,45111.926
14159,3.6871574,45115.613
14160,3.6959279,45119.31
14161,3.6974819,45123.008
14162,3.68853,45126.695
14163,3.670988,45130.367
14164,3.6557524,45134.023
14165,3.6474147,45137.67
14166,3.641942,45141.312
14167,3.6397429,45144.953
14168,3.6380546,45148.59
14169,3.6357281,45152.227
14170,3.6330588,45155.86
14171,3.632933,45159.492
14172,3.6361737,45163.13
14173,3.64038,45166.77
14174,3.6447012,45170.414
14175,3.6483843,45174.062
14176,3.6522002,45177.715
14177,3.654655,45181.37
14178,3.6568532,45185.027
14179,3.6609929,45188.688
14180,3.6637619,45192.35
14181,3.664336,45196.016
14182,3.664931,45199.68
14183,3.663945,45203.344
14184,3.6582108,45207.004
14185,3.647401,45210.652
14186,3.6357913,45214.29
14187,3.6298218,45217.918
14188,3.6300097,45221.547
14189,3.6291735,45225.176
14190,3.6279955,45228.805
14191,3.6284015,45232.434
14192,3.6293228,45236.062
14193,3.62881,45239.69
14194,3.626491,45243.316
14195,3.6231155,45246.94
14196,3.6219618,45250.562
14197,3.6231105,45254.188
14198,3.6263475,45257.812
14199,3.6267848,45261.438
14200,3.6240892,45265.062
14201,3.6187434,45268.68
14202,3.6164436,45272.297
14203,3.6181085,45275.914
14204,3.6190908,45279.53
14205,3.6179526,45283.15
14206,3.6191258,45286.766
14207,3.6199932,45290.387
14208,3.6207116,45294.008
14209,3.6206472,45297.63
14210,3.622873,45301.25
14211,3.6280403,45304.88
14212,3.6354306,45308.516
14213,3.6445708,45312.16
14214,3.6507504,45315.812
14215,3.6576967,45319.47
14216,3.6647651,45323.133
14217,3.671507,45326.805
14218,3.6750505,45330.48
14219,3.6740322,45334.156
14220,3.6702611,45337.83
14221,3.6679997,45341.496
14222,3.6719759,45345.168
14223,3.677452,45348.844
14224,3.680487,45352.523
14225,3.6799333,45356.203
14226,3.677463,45359.88
14227,3.6762702,45363.555
14228,3.6798046,45367.234
14229,3.6821783,45370.918
14230,3.6828957,45374.6
14231,3.6820714,45378.285
14232,3.6818109,45381.97
14233,3.682149,45385.652
14234,3.6830554,45389.336
14235,3.684027,45393.02
14236,3.6842172,45396.703
14237,3.6848521,45400.387
14238,3.6866317,45404.074
14239,3.688528,45407.76
14240,3.6912067,45411.453
14241,3.6934297,45415.15
14242,3.6958122,45418.844
14243,3.699981,45422.543
14244,3.7056298,45426.25
14245,3.7095878,45429.96
14246,3.7116952,45433.67
14247,3.7120693,45437.383
14248,3.712277,45441.094
14249,3.7125878,45444.805
14250,3.7143383,45448.52
14251,3.7158468,45452.234
14252,3.7176933,45455.953
14253,3.7199903,45459.67
14254,3.7197564,45463.39
14255,3.719178,45467.11
14256,3.7215319,45470.832
14257,3.726501,45474.56
14258,3.729604,45478.29
14259,3.7291741,45482.02
14260,3.7278602,45485.746
14261,3.7283123,45489.473
14262,3.7285924,45493.203
14263,3.7290504,45496.934
14264,3.7281966,45500.66
14265,3.7260666,45504.387
14266,3.722261,45508.11
14267,3.7179976,45511.83
14268,3.7149413,45515.543
14269,3.716104,45519.258
14270,3.7197192,45522.977
14271,3.7255654,45526.703
14272,3.7319436,45530.434
14273,3.7376077,45534.17
14274,3.7412734,45537.914
14275,3.7422066,45541.656
14276,3.7405703,45545.4
14277,3.7378082,45549.137
14278,3.7356687,45552.87
14279,3.734105,45556.605
14280,3.7331016,45560.34
14281,3.7357519,45564.074
14282,3.741471,45567.816
14283,3.746749,45571.562
14284,3.7473357,45575.31
14285,3.7459095,45579.055
14286,3.743245,45582.797
14287,3.743885,45586.54
14288,3.749686,45590.29
14289,3.7580807,45594.047
14290,3.7648873,45597.812
14291,3.7697945,45601.582
14292,3.7721782,45605.355
14293,3.7710812,45609.125
14294,3.7688417,45612.895
14295,3.7670877,45616.66
14296,3.7666345,45620.426
14297,3.7657812,45624.19
14298,3.7627225,45627.953
14299,3.7612855,45631.715
14300,3.7631874,45635.477
14301,3.7663581,45639.242
14302,3.7675545,45643.008
14303,3.7675328,45646.773
14304,3.7648485,45650.54
14305,3.7636812,45654.305
14306,3.7628403,45658.066
14307,3.7619631,45661.83
14308,3.7593083,45665.586
14309,3.7567456,45669.344
14310,3.7536242,45673.098
14311,3.7505727,45676.848
14312,3.746179,45680.594
14313,3.7452528,45684.34
14314,3.7489984,45688.09
14315,3.7571554,45691.848
14316,3.761628,45695.61
14317,3.7641912,45699.375
14318,3.7632184,45703.137
14319,3.7599552,45706.9
14320,3.757006,45710.656
14321,3.7560723,45714.414
14322,3.7553194,45718.168
14323,3.7541084,45721.92
14324,3.7549615,45725.676
14325,3.7607155,45729.438
14326,3.7680523,45733.207
14327,3.7734683,45736.98
14328,3.775008,45740.754
14329,3.777434,45744.53
14330,3.779161,45748.31
14331,3.7793834,45752.09
14332,3.7792969,45755.867
14333,3.7805252,45759.65
14334,3.7834375,45763.434
14335,3.7872005,45767.223
14336,3.7917364,45771.016
14337,3.7941203,45774.81
14338,3.7935452,45778.6
14339,3.7894049,45782.39
14340,3.7860281,45786.176
14341,3.785406,45789.96
14342,3.7884796,45793.75
14343,3.792766,45797.543
14344,3.7953224,45801.34
14345,3.7960124,45805.137
14346,3.7961495,45808.934
14347,3.796387,45812.73
14348,3.7936766,45816.523
14349,3.7895668,45820.312
14350,3.7875292,45824.1
14351,3.7905889,45827.89
14352,3.7959044,45831.688
14353,3.7994325,45835.49
14354,3.7995205,45839.29
14355,3.7996273,45843.09
14356,3.7994733,45846.89
14357,3.8001828,45850.69
14358,3.8016822,45854.492
14359,3.8028107,45858.297
14360,3.8037698,45862.1
14361,3.8077228,45865.91
14362,3.812441,45869.723
14363,3.8162475,45873.54
14364,3.817564,45877.355
14365,3.816819,45881.17
14366,3.8152483,45884.99
14367,3.8119817,45888.8
14368,3.808799,45892.61
14369,3.806129,45896.414
14370,3.8024242,45900.215
14371,3.800064,45904.016
14372,3.8003697,45907.816
14373,3.8027081,45911.617
14374,3.8041353,45915.42
14375,3.8051617,45919.227
14376,3.805372,45923.03
14377,3.8053298,45926.836
14378,3.80262,45930.637
14379,3.8006933,45934.438
14380,3.805558,45938.242
14381,3.8122225,45942.055
14382,3.812715,45945.867
14383,3.8079503,45949.676
14384,3.8006167,45953.477
14385,3.7931395,45957.27
14386,3.7918952,45961.062
14387,3.7957203,45964.86
14388,3.800472,45968.66
14389,3.8031228,45972.465
14390,3.8025508,45976.266
14391,3.8025396,45980.066
14392,3.8046675,45983.87
14393,3.8028185,45987.676
14394,3.7976525,45991.473
14395,3.7959921,45995.27
14396,3.801091,45999.07
14397,3.8053374,46002.875
14398,3.8042955,46006.68
14399,3.8007317,46010.48
14400,3.7992673,46014.28
14401,3.800314,46018.082
14402,3.801133,46021.883
14403,3.8009865,46025.684
14404,3.8005846,46029.484
14405,3.8006291,46033.285
14406,3.7998614,46037.086
14407,3.7985725,46040.883
14408,3.7986472,46044.68
14409,3.7995653,46048.48
14410,3.7980177,46052.277
14411,3.7964983,46056.074
14412,3.7976556,46059.87
14413,3.800535,46063.67
14414,3.8022814,46067.473
14415,3.8024101,46071.273
14416,3.7994463,46075.074
14417,3.7974668,46078.87
14418,3.7985365,46082.668
14419,3.802242,46086.47
14420,3.8066833,46090.277
14421,3.811221,46094.09
14422,3.8139925,46097.902
14423,3.8152788,46101.72
14424,3.8141656,46105.53
14425,3.8123174,46109.344
14426,3.8123634,46113.156
14427,3.8129675,46116.97
14428,3.814512,46120.785
14429,3.814132,46124.598
14430,3.813633,46128.41
14431,3.8130298,46132.223
14432,3.8122265,46136.035
14433,3.8113637,46139.848
14434,3.8117933,46143.66
14435,3.8144577,46147.477
14436,3.81873,46151.297
14437,3.8232353,46155.12
14438,3.8280022,46158.95
14439,3.8298767,46162.777
14440,3.8291674,46166.605
14441,3.8272033,46170.434
14442,3.825501,46174.258
14443,3.8210492,46178.08
14444,3.8110526,46181.89
14445,3.8028774,46185.695
14446,3.7994068,46189.496
14447,3.801572,46193.297
14448,3.804486,46197.1
14449,3.8049812,46200.906
14450,3.801214,46204.707
14451,3.795589,46208.504
14452,3.7926407,46212.297
14453,3.7956111,46216.094
14454,3.7991195,46219.895
14455,3.800305,46223.695
14456,3.7992985,46227.496
14457,3.799416,46231.297
14458,3.8034732,46235.1
14459,3.808034,46238.91
14460,3.8084564,46242.72
14461,3.8045878,46246.523
14462,3.801815,46250.324
14463,3.803596,46254.13
14464,3.8094356,46257.938
14465,3.8139005,46261.75
14466,3.8119109,46265.562
14467,3.8059604,46269.367
14468,3.80356,46273.17
14469,3.8062363,46276.977
14470,3.8100498,46280.785
14471,3.8102875,46284.594
14472,3.809433,46288.402
14473,3.8108778,46292.215
14474,3.8148906,46296.03
14475,3.8184004,46299.85
14476,3.8179955,46303.668
14477,3.8148804,46307.484
14478,3.813583,46311.297
14479,3.811625,46315.11
14480,3.806353,46318.914
14481,3.8009198,46322.715
14482,3.796572,46326.51
14483,3.795148,46330.31
14484,3.7937567,46334.1
14485,3.7928402,46337.895
14486,3.791283,46341.688
14487,3.7926693,46345.48
14488,3.79766,46349.277
14489,3.8038979,46353.082
14490,3.8089507,46356.89
14491,3.8135073,46360.703
14492,3.8173275,46364.52
14493,3.8179073,46368.336
14494,3.8135693,46372.15
14495,3.8078442,46375.957
14496,3.8015032,46379.758
14497,3.7983289,46383.555
14498,3.7999792,46387.355
14499,3.8036575,46391.16
14500,3.806667,46394.97
14501,3.808396,46398.777
14502,3.804882,46402.582
14503,3.8013055,46406.383
14504,3.80233,46410.184
14505,3.807752,46413.992
14506,3.8146572,46417.81
14507,3.820848,46421.63
14508,3.8267398,46425.457
14509,3.8311567,46429.29
14510,3.8329842,46433.12
14511,3.8300903,46436.953
14512,3.8239202,46440.777
14513,3.8158505,46444.594
14514,3.807474,46448.402
14515,3.8017974,46452.203
14516,3.7972744,46456.0
14517,3.795238,46459.797
14518,3.7974057,46463.594
14519,3.8034124,46467.4
14520,3.8090997,46471.207
14521,3.8122244,46475.02
14522,3.812798,46478.832
14523,3.810882,46482.645
14524,3.8102443,46486.453
14525,3.8125708,46490.266
14526,3.8173034,46494.082
14527,3.8189187,46497.902
14528,3.8142953,46501.715
14529,3.8078158,46505.523
14530,3.8009236,46509.324
14531,3.795793,46513.12
14532,3.7916412,46516.914
14533,3.7894063,46520.703
14534,3.7857158,46524.49
14535,3.7850618,46528.273
14536,3.786058,46532.06
14537,3.7896233,46535.848
14538,3.7978246,46539.645
14539,3.8067598,46543.453
14540,3.8114855,46547.266
14541,3.8119793,46551.08
14542,3.8115335,46554.89
14543,3.811706,46558.703
14544,3.816047,46562.52
14545,3.8223488,46566.344
14546,3.826399,46570.17
14547,3.8277953,46574.0
14548,3.8294377,46577.83
14549,3.832191,46581.66
14550,3.8366897,46585.496
14551,3.8397179,46589.336
14552,3.8387713,46593.176
14553,3.8320067,46597.008
14554,3.823393,46600.832
14555,3.8158147,46604.65
14556,3.8100896,46608.457
14557,3.806682,46612.266
14558,3.8077219,46616.074
14559,3.8120532,46619.887
14560,3.8190107,46623.707
14561,3.826441,46627.535
14562,3.8318858,46631.367
14563,3.8345015,46635.203
14564,3.8333504,46639.035
14565,3.830609,46642.867
14566,3.8294911,46646.695
14567,3.830817,46650.527
14568,3.8303974,46654.36
14569,3.8247566,46658.184
14570,3.8172622,46662.0
14571,3.8134596,46665.812
14572,3.8137987,46669.625
14573,3.8153257,46673.44
14574,3.8157196,46677.258
14575,3.8143628,46681.07
14576,3.8148685,46684.887
14577,3.8195224,46688.707
14578,3.8238618,46692.53
14579,3.8262246,46696.36
14580,3.826701,46700.188
14581,3.8282518,46704.016
14582,3.8302503,46707.848
14583,3.8337657,46711.68
14584,3.8372893,46715.516
14585,3.8388164,46719.355
14586,3.8364303,46723.19
14587,3.832242,46727.023
14588,3.8335614,46730.855
14589,3.8378913,46734.695
14590,3.8446417,46738.54
14591,3.8500884,46742.39
14592,3.8522077,46746.242
14593,3.8493674,46750.09
14594,3.8430092,46753.934
14595,3.8334491,46757.766
14596,3.8234777,46761.59
14597,3.8167274,46765.406
14598,3.8157315,46769.223
14599,3.8192434,46773.043
14600,3.8258362,46776.867
14601,3.8313515,46780.7
14602,3.8329787,46784.53
14603,3.831308,46788.363
14604,3.8282242,46792.19
14605,3.824874,46796.016
14606,3.8220053,46799.836
14607,3.818872,46803.656
14608,3.814095,46807.47
14609,3.8060844,46811.273
14610,3.798996,46815.074
14611,3.7962444,46818.87
14612,3.7994366,46822.67
14613,3.8058493,46826.477
14614,3.8121116,46830.29
14615,3.814739,46834.105
14616,3.8116946,46837.918
14617,3.8072853,46841.727
14618,3.806069,46845.53
14619,3.8051815,46849.336
14620,3.8024142,46853.137
14621,3.7994773,46856.938
14622,3.7997177,46860.74
14623,3.8023288,46864.54
14624,3.8045912,46868.344
14625,3.806713,46872.152
14626,3.8112445,46875.965
14627,3.8169,46879.78
14628,3.8207664,46883.6
14629,3.8211136,46887.42
14630,3.8183913,46891.242
14631,3.8150072,46895.06
14632,3.811706,46898.87
14633,3.8083522,46902.68
14634,3.8058555,46906.484
14635,3.8050275,46910.29
14636,3.8048286,46914.094
14637,3.8048036,46917.9
14638,3.804204,46921.703
14639,3.8042288,46925.508
14640,3.805293,46929.312
14641,3.8044531,46933.117
14642,3.8024983,46936.918
14643,3.802266,46940.72
14644,3.8052042,46944.523
14645,3.8084733,46948.332
14646,3.807709,46952.14
14647,3.806135,46955.945
14648,3.804882,46959.75
14649,3.8037117,46963.555
14650,3.8033006,46967.36
14651,3.8039682,46971.164
14652,3.8052032,46974.97
14653,3.80545,46978.773
14654,3.8045192,46982.58
14655,3.8062537,46986.383
14656,3.8097649,46990.19
14657,3.8144164,46994.004
14658,3.8178537,46997.82
14659,3.821843,47001.64
14660,3.8279219,47005.47
14661,3.833525,47009.3
14662,3.83623,47013.137
14663,3.8357568,47016.973
14664,3.8343904,47020.81
14665,3.8312378,47024.64
14666,3.8302374,47028.473
14667,3.831281,47032.305
14668,3.8316588,47036.137
14669,3.828667,47039.965
14670,3.8239021,47043.79
14671,3.8221767,47047.61
14672,3.8257635,47051.434
14673,3.8301654,47055.266
14674,3.8343585,47059.1
14675,3.8350601,47062.938
14676,3.8308454,47066.77
14677,3.826072,47070.594
14678,3.8272774,47074.42
14679,3.8256173,47078.246
14680,3.816614,47082.062
14681,3.807078,47085.87
14682,3.8022668,47089.67
14683,3.8005288,47093.473
14684,3.798954,47097.273
14685,3.7980013,47101.07
14686,3.7936893,47104.863
14687,3.787559,47108.652
14688,3.7803426,47112.434
14689,3.7781618,47116.21
14690,3.7812927,47119.992
14691,3.7894773,47123.78
14692,3.7973983,47127.58
14693,3.8041258,47131.383
14694,3.804787,47135.188
14695,3.803225,47138.992
14696,3.8025918,47142.793
14697,3.8042092,47146.598
14698,3.8073921,47150.406
14699,3.80816,47154.215
14700,3.8043654,47158.02
14701,3.797612,47161.816
14702,3.7905579,47165.605
14703,3.7887468,47169.395
14704,3.7936687,47173.188
14705,3.8005667,47176.99
14706,3.802835,47180.793
14707,3.8017755,47184.594
14708,3.8009245,47188.395
14709,3.8008041,47192.195
14710,3.8014607,47195.996
14711,3.8000045,47199.797
14712,3.7985106,47203.594
14713,3.797671,47207.39
14714,3.7972417,47211.188
14715,3.7961392,47214.984
14716,3.7965002,47218.78
14717,3.8006337,47222.582
14718,3.8046095,47226.387
14719,3.8063583,47230.19
14720,3.8064077,47233.996
14721,3.8050954,47237.8
14722,3.8045876,47241.605
14723,3.8045712,47245.41
14724,3.808657,47249.22
14725,3.8126605,47253.03
14726,3.8160405,47256.848
14727,3.8181016,47260.664
14728,3.8199077,47264.484
14729,3.820059,47268.305
14730,3.819173,47272.125
14731,3.816676,47275.94
14732,3.8135197,47279.754
14733,3.8134346,47283.566
14734,3.8197188,47287.387
14735,3.8275027,47291.215
14736,3.8323224,47295.047
14737,3.835138,47298.883
14738,3.8342407,47302.72
14739,3.8293953,47306.547
14740,3.8241713,47310.37
14741,3.8181868,47314.188
14742,3.8122838,47318.0
14743,3.8042889,47321.805
14744,3.7987053,47325.6
14745,3.7965994,47329.4
14746,3.7957766,47333.195
14747,3.7976143,47336.992
14748,3.8057737,47340.797
14749,3.8150647,47344.613
14750,3.8178387,47348.43
14751,3.8160565,47352.246
14752,3.8120031,47356.06
14753,3.8069746,47359.867
14754,3.801402,47363.668
14755,3.7960153,47367.465
14756,3.7914357,47371.258
14757,3.787052,47375.043
14758,3.7851062,47378.83
14759,3.7847903,47382.613
14760,3.783624,47386.4
14761,3.7830098,47390.18
14762,3.7828789,47393.96
14763,3.7843325,47397.746
14764,3.7857182,47401.53
14765,3.787671,47405.32
14766,3.7864842,47409.105
14767,3.7815628,47412.887
14768,3.7742028,47416.66
14769,3.768979,47420.43
14770,3.7670414,47424.195
14771,3.7673223,47427.96
14772,3.76794,47431.73
14773,3.771635,47435.504
14774,3.7779465,47439.28
14775,3.7861223,47443.066
14776,3.795224,47446.863
14777,3.8009017,47450.664
14778,3.802446,47454.465
14779,3.8017125,47458.266
14780,3.798128,47462.062
14781,3.7957866,47465.86
14782,3.796778,47469.656
14783,3.7983177,47473.453
14784,3.79996,47477.254
14785,3.8012307,47481.055
14786,3.8012428,47484.855
14787,3.7997627,47488.656
14788,3.7966366,47492.453
14789,3.7942703,47496.246
14790,3.793852,47500.04
14791,3.7946584,47503.832
14792,3.7917602,47507.625
14793,3.7865899,47511.41
14794,3.7812488,47515.19
14795,3.7809048,47518.973
14796,3.782572,47522.754
14797,3.7852964,47526.54
14798,3.7905803,47530.33
14799,3.7960346,47534.125
14800,3.796399,47537.92
14801,3.7932916,47541.715
14802,3.7906985,47545.504
14803,3.7889585,47549.293
14804,3.7907674,47553.082
14805,3.7959476,47556.88
14806,3.7978692,47560.676
14807,3.796975,47564.473
14808,3.799001,47568.273
14809,3.8036015,47572.08
14810,3.8093963,47575.887
14811,3.8133004,47579.7
14812,3.8142667,47583.51
14813,3.8100822,47587.32
14814,3.8017735,47591.12
14815,3.7948177,47594.914
14816,3.7956703,47598.71
14817,3.8014417,47602.51
14818,3.804582,47606.316
14819,3.8021448,47610.117
14820,3.7937768,47613.91
14821,3.786602,47617.695
14822,3.7856119,47621.48
14823,3.78812,47625.27
14824,3.790476,47629.06
14825,3.7902236,47632.848
14826,3.7892733,47636.637
14827,3.7873065,47640.426
14828,3.7851446,47644.21
14829,3.7840872,47647.996
14830,3.785397,47651.78
14831,3.7869518,47655.566
14832,3.7851686,47659.35
14833,3.7805128,47663.133
14834,3.777817,47666.91
14835,3.7782333,47670.688
14836,3.7849011,47674.473
14837,3.7936177,47678.266
14838,3.7982354,47682.062
14839,3.7993476,47685.863
14840,3.8005688,47689.664
14841,3.8023937,47693.465
14842,3.8045528,47697.27
14843,3.8100538,47701.08
14844,3.8178573,47704.895
14845,3.8209624,47708.715
14846,3.8173234,47712.53
14847,3.8127203,47716.344
14848,3.8130462,47720.156
14849,3.8154907,47723.973
14850,3.8185124,47727.793
14851,3.821198,47731.613
14852,3.8241036,47735.438
14853,3.8262923,47739.266
14854,3.8277004,47743.094
14855,3.8265808,47746.92
14856,3.8235655,47750.746
14857,3.8185678,47754.566
14858,3.8119454,47758.38
14859,3.8012245,47762.18
14860,3.7902343,47765.97
14861,3.7821321,47769.75
14862,3.7792916,47773.527
14863,3.7836277,47777.312
14864,3.7887,47781.1
14865,3.7950027,47784.9
14866,3.8013134,47788.7
14867,3.805698,47792.504
14868,3.807029,47796.312
14869,3.8065813,47800.117
14870,3.804401,47803.92
14871,3.8002806,47807.723
14872,3.7987332,47811.52
14873,3.8016887,47815.32
14874,3.807285,47819.13
14875,3.8104317,47822.938
14876,3.8113124,47826.75
14877,3.8119667,47830.562
14878,3.8128853,47834.375
14879,3.8128407,47838.188
14880,3.8124194,47842.0
14881,3.8106875,47845.812
14882,3.809482,47849.62
14883,3.8099117,47853.43
14884,3.8104467,47857.24
14885,3.80819,47861.047
14886,3.8053846,47864.85
14887,3.8049953,47868.656
14888,3.804337,47872.46
14889,3.7996972,47876.26
14890,3.7926712,47880.055
14891,3.7864692,47883.84
14892,3.7802818,47887.62
14893,3.7757373,47891.4
14894,3.7698157,47895.168
14895,3.761119,47898.93
14896,3.7521758,47902.684
14897,3.7498496,47906.434
14898,3.755273,47910.188
14899,3.7650692,47913.953
14900,3.7721107,47917.727
14901,3.7770965,47921.504
14902,3.7815087,47925.285
14903,3.786099,47929.07
14904,3.7913504,47932.863
14905,3.7957876,47936.66
14906,3.7986887,47940.457
14907,3.8022032,47944.258
14908,3.8070314,47948.066
14909,3.810353,47951.875
14910,3.8099031,47955.684
14911,3.8069353,47959.492
14912,3.8011346,47963.293
14913,3.793587,47967.086
14914,3.786894,47970.87
14915,3.780852,47974.652
14916,3.7763858,47978.43
14917,3.777207,47982.207
14918,3.7793121,47985.99
14919,3.780026,47989.77
14920,3.7771447,47993.547
14921,3.7739012,47997.32
14922,3.771837,48001.094
14923,3.7715597,48004.867
14924,3.772801,48008.64
14925,3.7759829,48012.418
14926,3.780075,48016.2
14927,3.783136,48019.98
14928,3.7828774,48023.76
14929,3.7839704,48027.547
14930,3.7883458,48031.336
14931,3.7948112,48035.13
14932,3.7999594,48038.93
14933,3.802954,48042.734
14934,3.8036187,48046.54
14935,3.8030639,48050.344
14936,3.8023965,48054.145
14937,3.799503,48057.945
14938,3.795834,48061.742
14939,3.7965353,48065.54
14940,3.8007684,48069.34
14941,3.8060608,48073.145
14942,3.8101144,48076.953
14943,3.8117642,48080.766
14944,3.8071373,48084.574
14945,3.8015544,48088.375
14946,3.7974322,48092.17
14947,3.79475,48095.965
14948,3.79403,48099.758
14949,3.7966118,48103.555
14950,3.798788,48107.35
14951,3.7990465,48111.152
14952,3.7971263,48114.95
14953,3.7949233,48118.746
14954,3.7925022,48122.54
14955,3.7901018,48126.33
14956,3.7880466,48130.117
14957,3.7837055,48133.902
14958,3.780873,48137.684
14959,3.78417,48141.47
14960,3.7916958,48145.26
14961,3.8007805,48149.062
14962,3.8095303,48152.87
14963,3.8150356,48156.688
14964,3.8148847,48160.504
14965,3.814778,48164.32
14966,3.8177223,48168.137
14967,3.820056,48171.957
14968,3.8218157,48175.777
14969,3.8248985,48179.6
14970,3.8281012,48183.43
14971,3.8316228,48187.26
14972,3.83487,48191.098
14973,3.8371203,48194.934
14974,3.8385997,48198.773
14975,3.8383245,48202.613
14976,3.836036,48206.45
14977,3.8304868,48210.28
14978,3.8223233,48214.105
14979,3.815161,48217.92
14980,3.813623,48221.734
14981,3.8162825,48225.55
14982,3.821072,48229.37
14983,3.8241327,48233.195
14984,3.824059,48237.02
14985,3.8224652,48240.844
14986,3.8222609,48244.664
14987,3.8229604,48248.49
14988,3.8235028,48252.312
14989,3.8230166,48256.137
14990,3.82194,48259.957
14991,3.8201308,48263.777
14992,3.8207812,48267.598
14993,3.8242903,48271.42
14994,3.8252459,48275.246
14995,3.8232632,48279.07
14996,3.8193603,48282.89
14997,3.8148172,48286.707
14998,3.8129776,48290.52
14999,3.815356,48294.336
15000,3.8174384,48298.152
15001,3.8177028,48301.97
15002,3.8193855,48305.79
15003,3.8228228,48309.613
15004,3.8271017,48313.44
15005,3.830219,48317.273
15006,3.8303902,48321.105
15007,3.82851,48324.934
15008,3.8253071,48328.758
15009,3.8204277,48332.58
15010,3.8155866,48336.395
15011,3.8102307,48340.203
15012,3.8080864,48344.01
15013,3.8108008,48347.824
15014,3.8172688,48351.64
15015,3.823223,48355.465
15016,3.825782,48359.29
15017,3.824195,48363.113
15018,3.822155,48366.934
15019,3.8206558,48370.754
15020,3.819331,48374.574
15021,3.813673,48378.387
15022,3.8067029,48382.195
15023,3.8015184,48385.996
15024,3.8015728,48389.797
15025,3.8024251,48393.598
15026,3.8028934,48397.402
15027,3.8050597,48401.207
15028,3.8054228,48405.01
15029,3.8028708,48408.816
15030,3.7997785,48412.617
15031,3.798104,48416.414
15032,3.7996721,48420.215
15033,3.800838,48424.016
15034,3.8014226,48427.816
15035,3.8011982,48431.617
15036,3.7981017,48435.414
15037,3.7944074,48439.207
15038,3.7934084,48443.0
15039,3.7943926,48446.793
15040,3.7958453,48450.59
15041,3.7980413,48454.387
15042,3.7988925,48458.188
15043,3.7994907,48461.99
15044,3.8013992,48465.79
15045,3.8050673,48469.594
15046,3.8055716,48473.4
15047,3.803359,48477.203
15048,3.8010232,48481.004
15049,3.800719,48484.805
15050,3.8010845,48488.605
15051,3.8031993,48492.41
15052,3.8058162,48496.215
15053,3.8053734,48500.02
15054,3.801518,48503.82
15055,3.7994525,48507.62
15056,3.800412,48511.42
15057,3.8015354,48515.223
15058,3.7999666,48519.023
15059,3.7943323,48522.816
15060,3.784829,48526.6
15061,3.776485,48530.38
15062,3.772268,48534.152
15063,3.7722552,48537.926
15064,3.775973,48541.703
15065,3.783715,48545.49
15066,3.7923934,48549.28
15067,3.7969244,48553.08
15068,3.799777,48556.88
15069,3.8036354,48560.684
15070,3.8090487,48564.492
15071,3.8116324,48568.305
15072,3.810535,48572.113
15073,3.808016,48575.92
15074,3.8068774,48579.73
15075,3.80532,48583.535
15076,3.801467,48587.336
15077,3.7982564,48591.133
15078,3.7979739,48594.93
15079,3.8001585,48598.73
15080,3.801495,48602.53
15081,3.803688,48606.336
15082,3.8083005,48610.145
15083,3.8151064,48613.96
15084,3.822161,48617.78
15085,3.8271685,48621.61
15086,3.8284118,48625.438
15087,3.8282847,48629.266
15088,3.8277624,48633.094
15089,3.82612,48636.918
15090,3.8263881,48640.746
15091,3.8269644,48644.574
15092,3.8279943,48648.402
15093,3.8243306,48652.227
15094,3.8163502,48656.043
15095,3.808827,48659.85
15096,3.8047607,48663.656
15097,3.801564,48667.457
15098,3.7998736,48671.258
15099,3.7995749,48675.06
15100,3.798434,48678.855
15101,3.79829,48682.652
15102,3.7968435,48686.45
15103,3.7960336,48690.246
15104,3.7991564,48694.047
15105,3.8063421,48697.85
15106,3.8153348,48701.668
15107,3.8253841,48705.492
15108,3.8358166,48709.33
15109,3.842675,48713.17
15110,3.841117,48717.01
15111,3.8337548,48720.844
15112,3.8253942,48724.668
15113,3.8210986,48728.49
15114,3.823883,48732.312
15115,3.827046,48736.14
15116,3.8243403,48739.965
15117,3.8160195,48743.78
15118,3.804762,48747.586
15119,3.7949264,48751.383
15120,3.792859,48755.176
15121,3.7987165,48758.973
15122,3.8034244,48762.777
15123,3.8059752,48766.582
15124,3.8033528,48770.387
15125,3.7984302,48774.184
15126,3.7966444,48777.98
15127,3.7990115,48781.78
15128,3.8015542,48785.582
15129,3.8026268,48789.383
15130,3.8020687,48793.184
15131,3.8019478,48796.984
15132,3.8050296,48800.79
15133,3.8089287,48804.598
15134,3.8141515,48808.41
15135,3.8175948,48812.227
15136,3.8195872,48816.047
15137,3.8174825,48819.863
15138,3.8138728,48823.676
15139,3.809583,48827.484
15140,3.8078103,48831.293
15141,3.8067791,48835.1
15142,3.8079553,48838.91
15143,3.8111968,48842.723
15144,3.8158488,48846.54
15145,3.8205984,48850.36
15146,3.8245277,48854.184
15147,3.8254945,48858.008
15148,3.8229337,48861.832
15149,3.8218102,48865.652
15150,3.8240047,48869.477
15151,3.8257613,48873.3
15152,3.8256426,48877.125
15153,3.8243325,48880.95
15154,3.8230886,48884.773
15155,3.8218155,48888.594
15156,3.8193295,48892.414
15157,3.8166673,48896.23
15158,3.81696,48900.047
15159,3.8183403,48903.863
15160,3.819306,48907.684
15161,3.8212023,48911.504
15162,3.8213718,48915.324
15163,3.8202178,48919.145
15164,3.8214853,48922.965
15165,3.8235059,48926.79
15166,3.8227909,48930.613
15167,3.8225002,48934.438
15168,3.82107,48938.258
15169,3.815844,48942.074
15170,3.8058627,48945.88
15171,3.7982342,48949.676
15172,3.79745,48953.473
15173,3.8006146,48957.273
15174,3.8043993,48961.08
15175,3.8107083,48964.89
15176,3.8179822,48968.707
15177,3.8245122,48972.53
15178,3.825402,48976.355
15179,3.8212762,48980.176
15180,3.8132143,48983.99
15181,3.8054712,48987.793
15182,3.797099,48991.59
15183,3.7881262,48995.38
15184,3.7811496,48999.16
15185,3.7795281,49002.94
15186,3.7802985,49006.723
15187,3.7830229,49010.504
15188,3.787434,49014.293
15189,3.7948403,49018.086
15190,3.8000298,49021.887
15191,3.8057308,49025.69
15192,3.8105545,49029.504
15193,3.8124056,49033.316
15194,3.8112113,49037.13
15195,3.8079965,49040.938
15196,3.8076825,49044.746
15197,3.8120034,49048.56
15198,3.8192916,49052.38
15199,3.8230035,49056.203
15200,3.8200989,49060.023
15201,3.812661,49063.836
15202,3.8091125,49067.645
15203,3.810371,49071.453
15204,3.8135283,49075.266
15205,3.8147817,49079.082
15206,3.8147655,49082.9
15207,3.8134184,49086.71
15208,3.8114703,49090.523
15209,3.8091362,49094.332
15210,3.806585,49098.137
15211,3.8039608,49101.94
15212,3.8015506,49105.742
15213,3.801382,49109.543
15214,3.8020883,49113.344
15215,3.802384,49117.145
15216,3.8028111,49120.95
15217,3.8062859,49124.754
15218,3.8110702,49128.566
15219,3.814458,49132.383
15220,3.8139544,49136.195
15221,3.8137953,49140.008
15222,3.8105464,49143.816
15223,3.8045623,49147.62
15224,3.7986364,49151.418
15225,3.797057,49155.215
15226,3.8003335,49159.016
15227,3.8029296,49162.82
15228,3.804568,49166.625
15229,3.809159,49170.434
15230,3.8166223,49174.25
15231,3.824022,49178.074
15232,3.8280292,49181.902
15233,3.8291748,49185.73
15234,3.8286374,49189.56
15235,3.8267703,49193.387
15236,3.8232927,49197.21
15237,3.8196018,49201.03
15238,3.815929,49204.848
15239,3.8111856,49208.66
15240,3.8071306,49212.47
15241,3.8055935,49216.273
15242,3.8067348,49220.082
15243,3.8097904,49223.89
15244,3.8123467,49227.703
15245,3.8128817,49231.516
15246,3.8125682,49235.33
15247,3.8126051,49239.14
15248,3.8163834,49242.957
15249,3.8208683,49246.777
15250,3.8249638,49250.6
15251,3.8247468,49254.426
15252,3.8223453,49258.25
15253,3.8181462,49262.066
15254,3.8165152,49265.883
15255,3.8175337,49269.7
15256,3.8206527,49273.52
15257,3.8241742,49277.344
15258,3.8259752,49281.168
15259,3.825013,49284.992
15260,3.8215697,49288.812
15261,3.8178463,49292.63
15262,3.814848,49296.445
15263,3.8131573,49300.258
15264,3.80748,49304.066
15265,3.8006911,49307.867
15266,3.7963662,49311.664
15267,3.7993743,49315.465
15268,3.8067405,49319.273
15269,3.8140512,49323.086
15270,3.8171005,49326.902
15271,3.8203573,49330.723
15272,3.82252,49334.547
15273,3.8229055,49338.37
15274,3.8189745,49342.19
15275,3.812985,49346.004
15276,3.8080382,49349.812
15277,3.8060865,49353.617
15278,3.8058074,49357.42
15279,3.804505,49361.227
15280,3.8036945,49365.03
15281,3.803913,49368.836
15282,3.8059735,49372.64
15283,3.809366,49376.45
15284,3.812786,49380.26
15285,3.8142636,49384.074
15286,3.8174593,49387.89
15287,3.8234177,49391.715
15288,3.829984,49395.543
15289,3.8341634,49399.38
15290,3.834603,49403.215
15291,3.8313668,49407.047
15292,3.8272743,49410.875
15293,3.823686,49414.7
15294,3.821672,49418.52
15295,3.818033,49422.336
15296,3.8124807,49426.15
15297,3.8062744,49429.953
15298,3.803343,49433.758
15299,3.8009295,49437.56
15300,3.7965512,49441.355
15301,3.7917202,49445.15
15302,3.7917874,49448.94
15303,3.7951524,49452.74
15304,3.7979302,49456.535
15305,3.7988853,49460.336
15306,3.7999046,49464.137
15307,3.8016543,49467.938
15308,3.799802,49471.74
15309,3.7961383,49475.535
15310,3.793705,49479.33
15311,3.7931187,49483.12
15312,3.7935116,49486.914
15313,3.7948735,49490.707
15314,3.7916663,49494.5
15315,3.7895133,49498.29
15316,3.7892537,49502.08
15317,3.7921224,49505.87
15318,3.7960339,49509.668
15319,3.8002853,49513.47
15320,3.8043878,49517.273
15321,3.8067632,49521.082
15322,3.8104901,49524.89
15323,3.8165264,49528.707
15324,3.8205574,49532.527
15325,3.8191478,49536.348
15326,3.8168318,49540.164
15327,3.815878,49543.98
15328,3.817783,49547.797
15329,3.8181224,49551.613
15330,3.8147204,49555.43
15331,3.8089316,49559.24
15332,3.804524,49563.043
15333,3.8019032,49566.844
15334,3.7997615,49570.645
15335,3.797276,49574.44
15336,3.7957556,49578.24
15337,3.7960298,49582.035
15338,3.7977111,49585.832
15339,3.8011553,49589.633
15340,3.8055012,49593.438
15341,3.808598,49597.246
15342,3.8088133,49601.055
15343,3.8089323,49604.863
15344,3.8118286,49608.676
15345,3.81561,49612.492
15346,3.8214943,49616.312
15347,3.8302019,49620.145
15348,3.8409317,49623.984
15349,3.846294,49627.832
15350,3.845027,49631.676
15351,3.8392358,49635.516
15352,3.831621,49639.348
15353,3.822614,49643.17
15354,3.816205,49646.99
15355,3.811731,49650.8
15356,3.8069654,49654.61
15357,3.8036132,49658.414
15358,3.8012753,49662.215
15359,3.80256,49666.016
15360,3.8028176,49669.82
15361,3.8041677,49673.625
15362,3.807359,49677.434
15363,3.8118832,49681.246
15364,3.8128023,49685.06
15365,3.8113961,49688.87
15366,3.8075964,49692.68
15367,3.8037593,49696.484
15368,3.8022392,49700.285
15369,3.8015006,49704.086
15370,3.800774,49707.887
15371,3.7996435,49711.688
15372,3.8022554,49715.49
15373,3.80966,49719.297
15374,3.8173022,49723.113
15375,3.8217251,49726.934
15376,3.8252857,49730.758
15377,3.8286765,49734.586
15378,3.8316505,49738.418
15379,3.831734,49742.25
15380,3.829391,49746.08
15381,3.8255954,49749.902
15382,3.8241942,49753.727
15383,3.8229704,49757.55
15384,3.8231988,49761.375
15385,3.8270788,49765.203
15386,3.8317244,49769.035
15387,3.8327541,49772.867
15388,3.8277838,49776.695
15389,3.820072,49780.516
15390,3.8129141,49784.33
15391,3.807236,49788.137
15392,3.803068,49791.94
15393,3.8013318,49795.742
15394,3.796919,49799.54
15395,3.789987,49803.33
15396,3.7820656,49807.11
15397,3.7752578,49810.883
15398,3.7712638,49814.652
15399,3.7715254,49818.426
15400,3.776928,49822.203
15401,3.784931,49825.99
15402,3.789413,49829.777
15403,3.7936032,49833.57
15404,3.7976613,49837.367
15405,3.8008397,49841.168
15406,3.8027205,49844.97
15407,3.8056111,49848.773
15408,3.8080876,49852.582
15409,3.810265,49856.39
15410,3.8079154,49860.2
15411,3.8004282,49864.0
15412,3.7940767,49867.793
15413,3.7939305,49871.586
15414,3.7975469,49875.383
15415,3.8006217,49879.184
15416,3.802639,49882.984
15417,3.8058848,49886.79
15418,3.8114805,49890.6
15419,3.8164134,49894.418
15420,3.818789,49898.24
15421,3.8222358,49902.06
15422,3.8291192,49905.887
15423,3.8339255,49909.72
15424,3.8359516,49913.555
15425,3.8331606,49917.387
15426,3.8308783,49921.22
15427,3.8271985,49925.047
15428,3.8224382,49928.87
15429,3.8167803,49932.688
15430,3.8095143,49936.496
15431,3.8028708,49940.3
15432,3.7982085,49944.098
15433,3.7965145,49947.895
15434,3.796861,49951.69
15435,3.7985425,49955.49
15436,3.799781,49959.29
15437,3.8015041,49963.09
15438,3.8056436,49966.895
15439,3.8106296,49970.707
15440,3.8121283,49974.52
15441,3.8109148,49978.332
15442,3.8087442,49982.14
15443,3.8063238,49985.945
15444,3.803456,49989.75
15445,3.800664,49993.55
15446,3.799171,49997.35
15447,3.8022144,50001.152
15448,3.8021994,50004.953
15449,3.7994554,50008.754
15450,3.7949197,50012.547
15451,3.7934184,50016.34
15452,3.7958276,50020.137
15453,3.8007684,50023.938
15454,3.8043773,50027.742
15455,3.8064582,50031.547
15456,3.8080492,50035.355
15457,3.8085437,50039.164
15458,3.810165,50042.973
15459,3.8129327,50046.785
15460,3.8139615,50050.598
15461,3.811996,50054.41
15462,3.8097465,50058.22
15463,3.8105762,50062.03
15464,3.8134787,50065.844
15465,3.814162,50069.656
15466,3.8098767,50073.465
15467,3.8033724,50077.27
15468,3.7982996,50081.066
15469,3.7942188,50084.86
15470,3.7904253,50088.65
15471,3.7878563,50092.438
15472,3.7873433,50096.227
15473,3.7872143,50100.016
15474,3.7882686,50103.805
15475,3.7899997,50107.594
15476,3.7911468,50111.387
15477,3.791852,50115.18
15478,3.7908776,50118.97
15479,3.7901971,50122.758
15480,3.7910635,50126.55
15481,3.795502,50130.348
15482,3.7989779,50134.15
15483,3.8017507,50137.95
15484,3.8047252,50141.754
15485,3.808071,50145.562
15486,3.8103082,50149.37
15487,3.8095176,50153.18
15488,3.8053057,50156.984
15489,3.8027809,50160.79
15490,3.8055816,50164.594
15491,3.8100438,50168.402
15492,3.8133142,50172.215
15493,3.8163161,50176.03
15494,3.8176732,50179.848
15495,3.8195782,50183.668
15496,3.8204021,50187.49
15497,3.8185687,50191.31
15498,3.8167398,50195.125
15499,3.8165872,50198.94
15500,3.8161747,50202.758
15501,3.814919,50206.574
15502,3.8145998,50210.39
15503,3.8151042,50214.207
15504,3.8157666,50218.023
15505,3.8170514,50221.84
15506,3.8188787,50225.66
15507,3.8185549,50229.48
15508,3.8176208,50233.297
15509,3.8176556,50237.113
15510,3.8168187,50240.93
15511,3.815382,50244.746
15512,3.8134072,50248.56
15513,3.8128254,50252.37
15514,3.813349,50256.184
15515,3.812414,50259.996
15516,3.807698,50263.805
15517,3.803402,50267.61
15518,3.8013449,50271.41
15519,3.80298,50275.215
15520,3.8029954,50279.02
15521,3.7990506,50282.82
15522,3.7939806,50286.613
15523,3.7940853,50290.406
15524,3.7957954,50294.203
15525,3.7962978,50298.0
15526,3.7972696,50301.797
15527,3.799174,50305.598
15528,3.7984571,50309.395
15529,3.7996318,50313.195
15530,3.8043125,50317.0
15531,3.8093421,50320.81
15532,3.8104045,50324.617
15533,3.8073342,50328.426
15534,3.804129,50332.23
15535,3.8030238,50336.035
15536,3.804336,50339.84
15537,3.8071954,50343.65
15538,3.8111255,50347.46
15539,3.8133917,50351.273
15540,3.814868,50355.09
15541,3.8168008,50358.906
15542,3.820577,50362.727
15543,3.820172,50366.547
15544,3.8186748,50370.367
15545,3.8179305,50374.184
15546,3.8183358,50378.0
15547,3.817181,50381.816
15548,3.813469,50385.63
15549,3.8067424,50389.438
15550,3.8014624,50393.24
15551,3.7998762,50397.04
15552,3.7999427,50400.84
15553,3.7985127,50404.637
15554,3.793471,50408.43
15555,3.7884853,50412.22
15556,3.7864687,50416.004
15557,3.789284,50419.793
15558,3.795626,50423.59
15559,3.8031585,50427.395
15560,3.8065135,50431.2
15561,3.808463,50435.008
15562,3.8123367,50438.82
15563,3.818025,50442.637
15564,3.8260574,50446.46
15565,3.832976,50450.293
15566,3.8375633,50454.13
15567,3.83815,50457.97
15568,3.8375435,50461.805
15569,3.836728,50465.64
15570,3.8357282,50469.477
15571,3.8356173,50473.312
15572,3.8395257,50477.152
15573,3.8434644,50480.996
15574,3.8418016,50484.84
15575,3.8335338,50488.67
15576,3.8206527,50492.492
15577,3.8108861,50496.305
15578,3.806872,50500.113
15579,3.80693,50503.92
15580,3.8084133,50507.73
15581,3.8088553,50511.54
15582,3.808665,50515.348
15583,3.8110313,50519.16
15584,3.814218,50522.973
15585,3.8178968,50526.79
15586,3.8185887,50530.61
15587,3.814435,50534.42
15588,3.8078442,50538.23
15589,3.8018727,50542.03
15590,3.7991118,50545.832
15591,3.8002112,50549.633
15592,3.8066847,50553.44
15593,3.8151393,50557.258
15594,3.8186266,50561.08
15595,3.8192508,50564.9
15596,3.819798,50568.72
15597,3.8181841,50572.535
15598,3.812202,50576.348
15599,3.8065555,50580.152
15600,3.8042364,50583.957
15601,3.8050451,50587.76
15602,3.8055294,50591.566
15603,3.8039455,50595.37
15604,3.7989552,50599.17
15605,3.7972305,50602.97
15606,3.796117,50606.766
15607,3.7941704,50610.56
15608,3.7915878,50614.35
15609,3.7896652,50618.14
15610,3.7874277,50621.93
15611,3.7870495,50625.715
15612,3.7894237,50629.504
15613,3.7929754,50633.297
15614,3.7984667,50637.094
15615,3.8030868,50640.9
15616,3.8058825,50644.703
15617,3.807147,50648.51
15618,3.8083847,50652.32
15619,3.8075454,50656.13
15620,3.8037753,50659.934
15621,3.7988646,50663.734
15622,3.7939382,50667.527
15623,3.7910037,50671.316
15624,3.7929752,50675.11
15625,3.7970107,50678.906
15626,3.7980783,50682.703
15627,3.7983863,50686.5
15628,3.798438,50690.297
15629,3.8000195,50694.098
15630,3.800048,50697.9
15631,3.7991638,50701.7
15632,3.8022525,50705.5
15633,3.8062558,50709.305
15634,3.808208,50713.113
15635,3.8079562,50716.92
15636,3.80494,50720.727
15637,3.8003871,50724.527
15638,3.7982101,50728.324
15639,3.7986028,50732.12
15640,3.7976794,50735.918
15641,3.7975173,50739.715
15642,3.8002021,50743.516
15643,3.8061857,50747.32
15644,3.8154216,50751.137
15645,3.8223617,50754.96
15646,3.8256607,50758.785
15647,3.827766,50762.613
15648,3.82987,50766.44
15649,3.8295648,50770.27
15650,3.825515,50774.094
15651,3.819051,50777.914
15652,3.8130577,50781.727
15653,3.8103747,50785.535
15654,3.8120558,50789.348
15655,3.8142605,50793.16
15656,3.8114097,50796.973
15657,3.8068013,50800.78
15658,3.8014674,50804.582
15659,3.8016815,50808.383
15660,3.8088076,50812.19
15661,3.8155663,50816.008
15662,3.8192892,50819.83
15663,3.820228,50823.65
15664,3.8165154,50827.465
15665,3.8106337,50831.277
15666,3.8077602,50835.086
15667,3.8059738,50838.89
15668,3.804957,50842.695
15669,3.8045743,50846.5
15670,3.803511,50850.305
15671,3.8077152,50854.113
15672,3.8171456,50857.93
15673,3.8257594,50861.754
15674,3.830775,50865.586
15675,3.832132,50869.418
15676,3.8287396,50873.246
15677,3.8231475,50877.07
15678,3.820496,50880.89
15679,3.81962,50884.71
15680,3.8190787,50888.53
15681,3.8180652,50892.348
15682,3.816945,50896.164
15683,3.8154652,50899.98
15684,3.8144925,50903.797
15685,3.812664,50907.61
15686,3.809842,50911.418
15687,3.8052766,50915.223
15688,3.79979,50919.023
15689,3.795405,50922.82
15690,3.7920537,50926.613
15691,3.7914844,50930.406
15692,3.7938232,50934.2
15693,3.798809,50937.996
15694,3.804141,50941.8
15695,3.8055599,50945.605
15696,3.8058057,50949.41
15697,3.8047132,50953.215
15698,3.8048477,50957.02
15699,3.8074608,50960.83
15700,3.813012,50964.64
15701,3.8188696,50968.46
15702,3.8222454,50972.28
15703,3.8234105,50976.105
15704,3.8245778,50979.93
15705,3.8266387,50983.758
15706,3.8293576,50987.586
15707,3.829817,50991.414
15708,3.827034,50995.242
15709,3.8206978,50999.062
15710,3.81432,51002.875
15711,3.810313,51006.684
15712,3.8111403,51010.496
15713,3.814696,51014.312
15714,3.8183792,51018.133
15715,3.8206744,51021.953
15716,3.8227892,51025.777
15717,3.8232112,51029.6
15718,3.8195314,51033.42
15719,3.8156524,51037.24
15720,3.811932,51041.05
15721,3.8081653,51044.86
15722,3.8051763,51048.664
15723,3.803962,51052.47
15724,3.8047957,51056.273
15725,3.805154,51060.08
15726,3.8029864,51063.883
15727,3.7992618,51067.684
15728,3.7933626,51071.477
15729,3.7891119,51075.266
15730,3.7868903,51079.05
15731,3.7855613,51082.836
15732,3.7865117,51086.62
15733,3.7888284,51090.41
15734,3.788395,51094.2
15735,3.7885778,51097.99
15736,3.7906778,51101.777
15737,3.7942936,51105.57
15738,3.7989006,51109.37
15739,3.8047807,51113.176
15740,3.8082464,51116.984
15741,3.8064556,51120.79
15742,3.803904,51124.594
15743,3.8024275,51128.395
15744,3.8058615,51132.2
15745,3.8116019,51136.01
15746,3.8190048,51139.832
15747,3.8234007,51143.656
15748,3.8227959,51147.48
15749,3.8191314,51151.3
15750,3.8174536,51155.117
15751,3.8146908,51158.934
15752,3.8108892,51162.746
15753,3.8055115,51166.55
15754,3.798592,51170.348
15755,3.79331,51174.14
15756,3.792493,51177.934
15757,3.7959108,51181.73
15758,3.8000906,51185.53
15759,3.8052907,51189.336
15760,3.809093,51193.145
15761,3.809408,51196.953
15762,3.8055751,51200.758
15763,3.799371,51204.56
15764,3.7920134,51208.35
15765,3.7851,51212.137
15766,3.7802923,51215.918
15767,3.7774625,51219.695
15768,3.7771993,51223.473
15769,3.7806358,51227.254
15770,3.7838902,51231.04
15771,3.7892227,51234.83
15772,3.7964709,51238.625
15773,3.802943,51242.43
15774,3.8059065,51246.234
15775,3.806522,51250.04
15776,3.8042781,51253.844
15777,3.802091,51257.645
15778,3.8023074,51261.445
15779,3.8017747,51265.246
15780,3.7983084,51269.043
15781,3.7949476,51272.84
15782,3.7923038,51276.633
15783,3.7925296,51280.426
15784,3.7934694,51284.22
15785,3.7961645,51288.016
15786,3.8018348,51291.816
15787,3.8096113,51295.625
15788,3.8173199,51299.44
15789,3.8224018,51303.266
15790,3.8243248,51307.09
15791,3.8218563,51310.91
15792,3.8198445,51314.73
15793,3.817356,51318.547
15794,3.81464,51322.363
15795,3.8087454,51326.17
15796,3.8026464,51329.973
15797,3.7979512,51333.77
15798,3.7968307,51337.566
15799,3.7959476,51341.363
15800,3.792462,51345.156
15801,3.7904463,51348.945
15802,3.7910247,51352.74
15803,3.7918723,51356.53
15804,3.7899914,51360.32
15805,3.7880948,51364.11
15806,3.7865999,51367.895
15807,3.7853,51371.68
15808,3.7828484,51375.46
15809,3.7816997,51379.242
15810,3.7834463,51383.027
15811,3.7871068,51386.812
15812,3.7889204,51390.6
15813,3.7920852,51394.395
15814,3.7947924,51398.188
15815,3.7979307,51401.984
15816,3.796398,51405.78
15817,3.795196,51409.58
15818,3.7957711,51413.375
15819,3.8006716,51417.176
15820,3.8074336,51420.984
15821,3.8093069,51424.793
15822,3.8051753,51428.598
15823,3.8000822,51432.4
15824,3.7967043,51436.195
15825,3.7933612,51439.99
15826,3.7911062,51443.78
15827,3.7924695,51447.574
15828,3.7951856,51451.37
15829,3.7962162,51455.168
15830,3.795191,51458.965
15831,3.7969167,51462.76
15832,3.801773,51466.562
15833,3.8080547,51470.37
15834,3.8112,51474.184
15835,3.812051,51477.996
15836,3.809041,51481.805
15837,3.8025005,51485.605
15838,3.7978096,51489.402
15839,3.792821,51493.195
15840,3.7864714,51496.98
15841,3.7801437,51500.76
15842,3.7788842,51504.54
15843,3.7809317,51508.32
15844,3.7818432,51512.1
15845,3.780953,51515.883
15846,3.7790637,51519.66
15847,3.7797136,51523.44
15848,3.7843816,51527.227
15849,3.7915447,51531.02
15850,3.7982445,51534.816
15851,3.8030577,51538.62
15852,3.8056407,51542.426
15853,3.8061614,51546.23
15854,3.8052258,51550.035
15855,3.8022072,51553.836
15856,3.7997322,51557.637
15857,3.799901,51561.438
15858,3.8029203,51565.242
15859,3.8073666,51569.05
15860,3.8121681,51572.863
15861,3.8158596,51576.68
15862,3.8163965,51580.496
15863,3.812572,51584.31
15864,3.807446,51588.117
15865,3.804443,51591.92
15866,3.805803,51595.727
15867,3.8077698,51599.535
15868,3.8092566,51603.344
15869,3.8093941,51607.152
15870,3.809089,51610.96
15871,3.8068073,51614.77
15872,3.8042772,51618.574
15873,3.8041713,51622.38
15874,3.8067253,51626.188
15875,3.8097932,51629.996
15876,3.8140893,51633.81
15877,3.818529,51637.63
15878,3.8201668,51641.45
15879,3.816755,51645.266
15880,3.8091583,51649.074
15881,3.80154,51652.875
15882,3.793296,51656.668
15883,3.7852583,51660.453
15884,3.7827337,51664.234
15885,3.786824,51668.02
15886,3.7962203,51671.816
15887,3.8076482,51675.625
15888,3.815501,51679.44
15889,3.8200579,51683.26
15890,3.8228781,51687.086
15891,3.8268993,51690.914
15892,3.8355227,51694.75
15893,3.8418963,51698.594
15894,3.8436487,51702.438
15895,3.842341,51706.28
15896,3.8402116,51710.12
15897,3.8363943,51713.957
15898,3.8352358,51717.793
15899,3.8341758,51721.63
15900,3.8324287,51725.46
15901,3.8294568,51729.29
15902,3.8287752,51733.117
15903,3.8298898,51736.945
15904,3.831675,51740.777
15905,3.8295848,51744.605
15906,3.8222783,51748.43
15907,3.8117163,51752.242
15908,3.8015358,51756.043
15909,3.7948384,51759.836
15910,3.7928538,51763.63
15911,3.7918704,51767.42
15912,3.7913272,51771.215
15913,3.7916462,51775.008
15914,3.790083,51778.797
15915,3.7893145,51782.586
15916,3.7907312,51786.375
15917,3.7935894,51790.168
15918,3.7965539,51793.965
15919,3.7985644,51797.76
15920,3.8026235,51801.562
15921,3.8037798,51805.367
15922,3.7950847,51809.164
15923,3.7826276,51812.945
15924,3.7745895,51816.72
15925,3.7718284,51820.492
15926,3.7742124,51824.266
15927,3.7786582,51828.043
15928,3.7796686,51831.824
15929,3.780306,51835.605
15930,3.786656,51839.39
15931,3.796158,51843.188
15932,3.8009875,51846.99
15933,3.801963,51850.79
15934,3.797881,51854.586
15935,3.7908635,51858.375
15936,3.7876089,51862.164
15937,3.7871892,51865.953
15938,3.7888136,51869.742
15939,3.7902417,51873.53
15940,3.7896469,51877.32
15941,3.7862003,51881.105
15942,3.7824473,51884.887
15943,3.7785287,51888.664
15944,3.7777789,51892.44
15945,3.7787979,51896.22
15946,3.7814136,51900.0
15947,3.7856894,51903.785
15948,3.7922451,51907.58
15949,3.79653,51911.375
15950,3.79585,51915.17
15951,3.7933197,51918.965
15952,3.794003,51922.758
15953,3.7935448,51926.55
15954,3.7911587,51930.344
15955,3.790421,51934.133
15956,3.7917683,51937.926
15957,3.792613,51941.72
15958,3.789962,51945.508
15959,3.7884471,51949.297
15960,3.789999,51953.086
15961,3.7925699,51956.88
15962,3.7916975,51960.67
15963,3.7912223,51964.465
15964,3.7907677,51968.254
15965,3.7909706,51972.043
15966,3.7906542,51975.832
15967,3.7911596,51979.625
15968,3.792592,51983.418
15969,3.795273,51987.215
15970,3.7962945,51991.01
15971,3.7964687,51994.81
15972,3.7958083,51998.605
15973,3.797523,52002.402
15974,3.8011892,52006.203
15975,3.8040698,52010.008
15976,3.805082,52013.812
15977,3.8047032,52017.617
15978,3.8038735,52021.42
15979,3.802082,52025.223
15980,3.8008604,52029.023
15981,3.798874,52032.824
15982,3.7991097,52036.625
15983,3.7991872,52040.426
15984,3.7962391,52044.223
15985,3.7923257,52048.016
15986,3.7894342,52051.805
15987,3.7886674,52055.594
15988,3.791667,52059.387
15989,3.795803,52063.184
15990,3.7995543,52066.984
15991,3.8005524,52070.785
15992,3.799223,52074.586
15993,3.796459,52078.383
15994,3.7955503,52082.18
15995,3.7985015,52085.977
15996,3.79933,52089.777
15997,3.7940001,52093.57
15998,3.786977,52097.355
15999,3.7823405,52101.137
16000,3.778943,52104.914
16001,3.7782352,52108.69
16002,3.782233,52112.473
16003,3.7890239,52116.26
16004,3.7925606,52120.055
16005,3.7938528,52123.848
16006,3.7950554,52127.645
16007,3.7989287,52131.445
16008,3.8037143,52135.25
16009,3.8079367,52139.06
16010,3.8087194,52142.867
16011,3.8064537,52146.67
16012,3.8046107,52150.477
16013,3.8060074,52154.28
16014,3.8100994,52158.09
16015,3.8129232,52161.902
16016,3.8128865,52165.715
16017,3.8103967,52169.523
16018,3.8077807,52173.332
16019,3.8061507,52177.137
16020,3.8049388,52180.94
16021,3.8049374,52184.746
16022,3.8098805,52188.555
16023,3.817882,52192.37
16024,3.8240733,52196.195
16025,3.8255386,52200.02
16026,3.8237898,52203.844
16027,3.8210213,52207.664
16028,3.8157928,52211.48
16029,3.810184,52215.29
16030,3.8068357,52219.098
16031,3.80348,52222.902
16032,3.8002064,52226.703
16033,3.797684,52230.5
16034,3.7943726,52234.293
16035,3.79454,52238.086
16036,3.7974048,52241.883
16037,3.8003776,52245.684
16038,3.8013415,52249.484
16039,3.8030999,52253.29
16040,3.8070097,52257.098
16041,3.810627,52260.91
16042,3.8104248,52264.72
16043,3.8093631,52268.527
16044,3.8114998,52272.34
16045,3.816493,52276.156
16046,3.8215022,52279.977
16047,3.8230615,52283.8
16048,3.8229973,52287.625
16049,3.823112,52291.45
16050,3.8198216,52295.27
16051,3.81113,52299.082
16052,3.8005068,52302.883
16053,3.7933211,52306.676
16054,3.7921512,52310.47
16055,3.7924416,52314.26
16056,3.79243,52318.055
16057,3.7955976,52321.85
16058,3.8039577,52325.656
16059,3.811245,52329.47
16060,3.8110547,52333.28
16061,3.807052,52337.09
16062,3.8040915,52340.895
16063,3.8001375,52344.695
16064,3.7962902,52348.492
16065,3.793755,52352.285
16066,3.792855,52356.08
16067,3.7940373,52359.87
16068,3.7940974,52363.664
16069,3.7900162,52367.453
16070,3.7823489,52371.234
16071,3.7791262,52375.01
16072,3.780882,52378.793
16073,3.7827108,52382.574
16074,3.7806087,52386.355
16075,3.7789254,52390.133
16076,3.7804797,52393.914
16077,3.7839098,52397.7
16078,3.785438,52401.484
16079,3.7873502,52405.273
16080,3.7896645,52409.062
16081,3.7929864,52412.855
16082,3.7944593,52416.65
16083,3.7972512,52420.445
16084,3.8003087,52424.246
16085,3.8024611,52428.047
16086,3.8035438,52431.85
16087,3.8040702,52435.656
16088,3.8035169,52439.46
16089,3.8009334,52443.26
16090,3.797006,52447.06
16091,3.7934442,52450.85
16092,3.7899804,52454.64
16093,3.7871797,52458.43
16094,3.7863371,52462.215
16095,3.7833776,52466.0
16096,3.7774618,52469.777
16097,3.7767284,52473.555
16098,3.7841551,52477.34
16099,3.793549,52481.133
16100,3.7981136,52484.93
16101,3.7991245,52488.73
16102,3.7989874,52492.53
16103,3.799331,52496.332
16104,3.798505,52500.13
16105,3.7977257,52503.926
16106,3.7987795,52507.723
16107,3.7986932,52511.52
16108,3.797086,52515.316
16109,3.7962842,52519.113
16110,3.8000581,52522.914
16111,3.8053594,52526.72
16112,3.811231,52530.53
16113,3.815263,52534.348
16114,3.8191626,52538.168
16115,3.8214204,52541.99
16116,3.820907,52545.81
16117,3.81588,52549.625
16118,3.8085263,52553.434
16119,3.799263,52557.234
16120,3.794675,52561.027
16121,3.7992032,52564.83
16122,3.8108447,52568.64
16123,3.8205492,52572.46
16124,3.8251622,52576.285
16125,3.8260534,52580.11
16126,3.8239708,52583.934
16127,3.8177395,52587.75
16128,3.810028,52591.56
16129,3.804922,52595.363
16130,3.8028154,52599.168
16131,3.7996502,52602.97
16132,3.7938232,52606.76
16133,3.788812,52610.55
16134,3.7912993,52614.344
16135,3.7964165,52618.14
16136,3.797345,52621.938
16137,3.7975845,52625.734
16138,3.8009691,52629.535
16139,3.8056903,52633.34
16140,3.8095913,52637.15
16141,3.808835,52640.957
16142,3.8021176,52644.758
16143,3.794313,52648.55
16144,3.7869177,52652.336
16145,3.7802916,52656.117
16146,3.7758408,52659.895
16147,3.7795591,52663.676
16148,3.789226,52667.465
16149,3.801256,52671.266
16150,3.8103204,52675.074
16151,3.8155491,52678.89
16152,3.8157616,52682.707
16153,3.8118243,52686.52
16154,3.8027322,52690.32
16155,3.7932467,52694.113
16156,3.785772,52697.9
16157,3.7801318,52701.68
16158,3.7755358,52705.457
16159,3.773826,52709.23
16160,3.7721715,52713.004
16161,3.770899,52716.773
16162,3.7703915,52720.543
16163,3.773028,52724.316
16164,3.7788208,52728.094
16165,3.7867513,52731.88
16166,3.7950432,52735.676
16167,3.803684,52739.48
16168,3.8066573,52743.29
16169,3.8045309,52747.094
16170,3.7998257,52750.895
16171,3.794709,52754.688
16172,3.7954857,52758.484
16173,3.7995229,52762.285
16174,3.8058903,52766.09
16175,3.8120012,52769.902
16176,3.8165603,52773.72
16177,3.8190124,52777.54
16178,3.8236194,52781.363
16179,3.8281188,52785.19
16180,3.832865,52789.023
16181,3.8348143,52792.86
16182,3.8328032,52796.69
16183,3.826287,52800.52
16184,3.8225331,52804.344
16185,3.821747,52808.164
16186,3.8247414,52811.99
16187,3.8297524,52815.816
16188,3.834445,52819.652
16189,3.8369439,52823.49
16190,3.8397772,52827.33
16191,3.8413663,52831.168
16192,3.8417275,52835.008
16193,3.840703,52838.848
16194,3.8381696,52842.688
16195,3.8338537,52846.52
16196,3.8264377,52850.348
16197,3.8191988,52854.168
16198,3.813179,52857.98
16199,3.807129,52861.79
16200,3.800146,52865.59
16201,3.7956045,52869.387
16202,3.7986717,52873.184
16203,3.8063097,52876.99
16204,3.81056,52880.8
16205,3.8131268,52884.613
16206,3.8166451,52888.43
16207,3.821998,52892.25
16208,3.82394,52896.074
16209,3.8230593,52899.9
16210,3.8201473,52903.72
16211,3.8177311,52907.535
16212,3.8164196,52911.35
16213,3.8145328,52915.168
16214,3.8139234,52918.98
16215,3.8137677,52922.793
16216,3.8143404,52926.605
16217,3.8170438,52930.42
16218,3.8204885,52934.242
16219,3.821042,52938.062
16220,3.8188853,52941.883
16221,3.8144426,52945.695
16222,3.8071306,52949.504
16223,3.800313,52953.305
16224,3.7981956,52957.1
16225,3.7979846,52960.9
16226,3.7966788,52964.695
16227,3.7931905,52968.49
16228,3.788252,52972.277
16229,3.7875426,52976.066
16230,3.7933571,52979.86
16231,3.8011706,52983.66
16232,3.8087716,52987.47
16233,3.8139422,52991.28
16234,3.8138063,52995.094
16235,3.8100302,52998.902
16236,3.806072,53002.707
16237,3.8005078,53006.508
16238,3.7970932,53010.305
16239,3.7970724,53014.1
16240,3.8011053,53017.902
16241,3.8054614,53021.707
16242,3.8073986,53025.516
16243,3.807343,53029.324
16244,3.8070233,53033.133
16245,3.8060637,53036.938
16246,3.8055997,53040.742
16247,3.8043106,53044.547
16248,3.8004751,53048.348
16249,3.7947013,53052.14
16250,3.787966,53055.93
16251,3.7846162,53059.715
16252,3.7840984,53063.5
16253,3.7878125,53067.29
16254,3.7923927,53071.082
16255,3.7970724,53074.88
16256,3.8002841,53078.68
16257,3.8017337,53082.48
16258,3.804568,53086.285
16259,3.8101149,53090.094
16260,3.8128612,53093.906
16261,3.8109,53097.72
16262,3.807419,53101.527
16263,3.8016522,53105.33
16264,3.7953987,53109.125
16265,3.7918146,53112.918
16266,3.791287,53116.71
16267,3.7916942,53120.504
16268,3.7882702,53124.293
16269,3.786019,53128.08
16270,3.7875133,53131.867
16271,3.7939231,53135.66
16272,3.799015,53139.46
16273,3.8013482,53143.26
16274,3.798911,53147.062
16275,3.794654,53150.855
16276,3.786833,53154.64
16277,3.7785623,53158.418
16278,3.770775,53162.188
16279,3.76859,53165.957
16280,3.768728,53169.727
16281,3.770098,53173.496
16282,3.7742095,53177.27
16283,3.7830215,53181.05
16284,3.7943065,53184.844
16285,3.805887,53188.65
16286,3.813996,53192.46
16287,3.816631,53196.277
16288,3.815115,53200.094
16289,3.809633,53203.902
16290,3.80516,53207.707
16291,3.8020957,53211.508
16292,3.8004227,53215.31
16293,3.7966506,53219.105
16294,3.792539,53222.9
16295,3.7920196,53226.69
16296,3.7944362,53230.484
16297,3.7991176,53234.285
16298,3.8078885,53238.094
16299,3.8170586,53241.91
16300,3.8216825,53245.73
16301,3.820366,53249.55
16302,3.8130963,53253.363
16303,3.8048103,53257.168
16304,3.8018973,53260.97
16305,3.8010106,53264.77
16306,3.7965438,53268.566
16307,3.7921796,53272.36
16308,3.7908971,53276.15
16309,3.7938979,53279.94
16310,3.7960968,53283.74
16311,3.7981436,53287.535
16312,3.8020108,53291.336
16313,3.8076782,53295.145
16314,3.810429,53298.953
16315,3.8107164,53302.766
16316,3.811283,53306.58
16317,3.8149724,53310.395
16318,3.8209598,53314.215
16319,3.8246198,53318.04
16320,3.8277926,53321.867
16321,3.8312962,53325.7
16322,3.8340511,53329.535
16323,3.834786,53333.37
16324,3.8348563,53337.207
16325,3.8331838,53341.04
16326,3.8277223,53344.867
16327,3.8222358,53348.688
16328,3.8159544,53352.504
16329,3.8112805,53356.316
16330,3.807944,53360.125
16331,3.8048809,53363.93
16332,3.7992613,53367.73
16333,3.7947173,53371.523
16334,3.79263,53375.316
16335,3.7940793,53379.11
16336,3.7959259,53382.906
16337,3.798241,53386.703
16338,3.801406,53390.504
16339,3.8055534,53394.31
16340,3.8093581,53398.117
16341,3.816271,53401.934
16342,3.8251183,53405.758
16343,3.8306096,53409.59
16344,3.8293254,53413.418
16345,3.824561,53417.242
16346,3.817869,53421.06
16347,3.811124,53424.87
16348,3.8079944,53428.68
16349,3.8060493,53432.484
16350,3.8049562,53436.29
16351,3.8076963,53440.098
16352,3.8107207,53443.91
16353,3.812724,53447.723
16354,3.8147304,53451.54
16355,3.8166547,53455.355
16356,3.8159301,53459.17
16357,3.8142378,53462.984
16358,3.8129442,53466.797
16359,3.8088634,53470.605
16360,3.8004484,53474.406
16361,3.7923253,53478.2
16362,3.7879825,53481.99
16363,3.787333,53485.777
16364,3.7857246,53489.562
16365,3.7852602,53493.348
16366,3.7880611,53497.137
16367,3.7917047,53500.93
16368,3.790933,53504.72
16369,3.7871368,53508.508
16370,3.7859695,53512.293
16371,3.7882094,53516.082
16372,3.7907333,53519.87
16373,3.7920876,53523.664
16374,3.7930706,53527.457
16375,3.7947764,53531.25
16376,3.7991874,53535.05
16377,3.806755,53538.86
16378,3.8175113,53542.676
16379,3.827675,53546.504
16380,3.8334723,53550.336
16381,3.831765,53554.168
16382,3.8261077,53557.992
16383,3.8210213,53561.812
16384,3.821588,53565.633
16385,3.8250268,53569.457
16386,3.8267653,53573.285
16387,3.8258247,53577.11
16388,3.8220077,53580.93
16389,3.8161144,53584.746
16390,3.8094573,53588.555
16391,3.803332,53592.36
16392,3.8030975,53596.164
16393,3.8067806,53599.973
16394,3.8109012,53603.785
16395,3.8141792,53607.598
16396,3.8155227,53611.414
16397,3.8163855,53615.23
16398,3.8169036,53619.047
16399,3.8161137,53622.863
16400,3.8159819,53626.68
16401,3.8169448,53630.496
16402,3.818154,53634.312
16403,3.819087,53638.133
16404,3.8213203,53641.953
16405,3.8226943,53645.777
16406,3.8214378,53649.598
16407,3.816534,53653.414
16408,3.8101418,53657.223
16409,3.8077068,53661.03
16410,3.809536,53664.84
16411,3.8118672,53668.652
16412,3.813251,53672.465
16413,3.8140326,53676.277
16414,3.8151703,53680.094
16415,3.8189995,53683.914
16416,3.828688,53687.742
16417,3.8363378,53691.58
16418,3.8409543,53695.418
16419,3.843569,53699.26
16420,3.8443098,53703.105
16421,3.8419518,53706.95
16422,3.8398395,53710.79
16423,3.838931,53714.63
16424,3.8387468,53718.47
16425,3.8353984,53722.305
16426,3.8287244,53726.133
16427,3.820085,53729.953
16428,3.8115268,53733.766
16429,3.8039885,53737.57
16430,3.7991035,53741.37
16431,3.798208,53745.168
16432,3.8013003,53748.97
16433,3.8056462,53752.773
16434,3.8062809,53756.58
16435,3.8041158,53760.383
16436,3.8015978,53764.184
16437,3.8002188,53767.984
16438,3.7977443,53771.78
16439,3.7967618,53775.58
16440,3.7992766,53779.38
16441,3.8049254,53783.184
16442,3.8098428,53786.992
16443,3.810957,53790.805
16444,3.8084862,53794.613
16445,3.8042912,53798.418
16446,3.79719,53802.215
16447,3.7907465,53806.004
16448,3.7890127,53809.793
16449,3.7902763,53813.582
16450,3.7893384,53817.37
16451,3.7870789,53821.156
16452,3.7847333,53824.94
16453,3.7845182,53828.727
16454,3.7870376,53832.51
16455,3.7933855,53836.305
16456,3.7999923,53840.105
16457,3.8023314,53843.906
16458,3.7988887,53847.707
16459,3.7971318,53851.504
16460,3.8006053,53855.305
16461,3.8057103,53859.11
16462,3.8073146,53862.918
16463,3.8038418,53866.723
16464,3.7972212,53870.52
16465,3.7905679,53874.31
16466,3.7863896,53878.094
16467,3.7841,53881.88
16468,3.787728,53885.668
16469,3.7930062,53889.46
16470,3.7965853,53893.258
16471,3.8011808,53897.06
16472,3.8062117,53900.863
16473,3.8085535,53904.67
16474,3.8065681,53908.477
16475,3.802622,53912.277
16476,3.8012428,53916.08
16477,3.799778,53919.88
16478,3.798061,53923.676
16479,3.8002765,53927.477
16480,3.799988,53931.277
16481,3.7969124,53935.074
16482,3.7973578,53938.87
16483,3.8010094,53942.67
16484,3.8052945,53946.477
16485,3.8074238,53950.285
16486,3.8062541,53954.09
16487,3.8030617,53957.895
16488,3.7978199,53961.69
16489,3.7934358,53965.484
16490,3.790565,53969.273
16491,3.7877877,53973.062
16492,3.787593,53976.85
16493,3.7903929,53980.64
16494,3.7955503,53984.438
16495,3.801247,53988.24
16496,3.8028603,53992.043
16497,3.8025713,53995.844
16498,3.8022158,53999.645
16499,3.8020153,54003.445
16500,3.8029168,54007.25
16501,3.8044755,54011.055
16502,3.8064272,54014.86
16503,3.8115644,54018.67
16504,3.8201556,54022.492
16505,3.8264759,54026.32
16506,3.827189,54030.15
16507,3.8225737,54033.973
16508,3.8153265,54037.79
16509,3.8068912,54041.598
16510,3.8019948,54045.4
16511,3.8010354,54049.2
16512,3.8016326,54053.0
16513,3.8022869,54056.8
16514,3.8019557,54060.6
16515,3.801366,54064.402
16516,3.7996948,54068.203
16517,3.79796,54072.0
16518,3.7972608,54075.797
16519,3.7962706,54079.594
16520,3.7957406,54083.39
16521,3.795627,54087.188
16522,3.7971492,54090.984
16523,3.7996204,54094.785
16524,3.8002412,54098.586
16525,3.798723,54102.383
16526,3.7946422,54106.176
16527,3.793394,54109.97
16528,3.7966015,54113.766
16529,3.803702,54117.57
16530,3.8094106,54121.38
16531,3.8137987,54125.19
16532,3.8168774,54129.008
16533,3.8190243,54132.83
16534,3.8226402,54136.652
16535,3.8273828,54140.48
16536,3.8324437,54144.312
16537,3.835977,54148.15
16538,3.8381014,54151.99
16539,3.8381753,54155.83
16540,3.8379247,54159.668
16541,3.8366878,54163.504
16542,3.8332057,54167.336
16543,3.8290296,54171.164
16544,3.8270488,54174.992
16545,3.8265102,54178.82
16546,3.8245907,54182.645
16547,3.822541,54186.47
16548,3.8234565,54190.293
16549,3.8282611,54194.12
16550,3.8328269,54197.953
16551,3.8340983,54201.79
16552,3.8302004,54205.62
16553,3.8222897,54209.445
16554,3.8160336,54213.26
16555,3.8134406,54217.074
16556,3.8135293,54220.887
16557,3.8145726,54224.703
16558,3.812567,54228.516
16559,3.8100293,54232.324
16560,3.8101175,54236.133
16561,3.8142297,54239.945
16562,3.8193038,54243.766
16563,3.8228064,54247.59
16564,3.8227208,54251.414
16565,3.8219786,54255.234
16566,3.8227575,54259.06
16567,3.8234375,54262.883
16568,3.8229916,54266.707
16569,3.8231347,54270.53
16570,3.8239827,54274.355
16571,3.8279881,54278.184
16572,3.8333778,54282.016
16573,3.8368542,54285.85
16574,3.8387744,54289.69
16575,3.8406591,54293.53
16576,3.842946,54297.375
16577,3.8437088,54301.22
16578,3.8413386,54305.06
16579,3.8358905,54308.895
16580,3.8325322,54312.727
16581,3.8294277,54316.555
16582,3.826071,54320.38
16583,3.8211164,54324.2
16584,3.8163486,54328.016
16585,3.8085165,54331.824
16586,3.8007088,54335.625
16587,3.7952728,54339.42
16588,3.790851,54343.21
16589,3.7873647,54347.0
16590,3.7859857,54350.785
16591,3.7889056,54354.574
16592,3.792117,54358.367
16593,3.7960663,54362.164
16594,3.8020215,54365.965
16595,3.8092666,54369.773
16596,3.8128917,54373.586
16597,3.8114362,54377.4
16598,3.8058276,54381.203
16599,3.7997105,54385.004
16600,3.7951446,54388.8
16601,3.791795,54392.594
16602,3.7887242,54396.383
16603,3.787583,54400.17
16604,3.789457,54403.96
16605,3.7939835,54407.754
16606,3.7983882,54411.55
16607,3.8046935,54415.355
16608,3.8068752,54419.164
16609,3.8050702,54422.97
16610,3.8006268,54426.77
16611,3.7958965,54430.566
16612,3.7927969,54434.36
16613,3.7914991,54438.152
16614,3.7893755,54441.94
16615,3.7884724,54445.73
16616,3.7841494,54449.516
16617,3.780019,54453.297
16618,3.781161,54457.08
16619,3.7882109,54460.867
16620,3.7921045,54464.66
16621,3.7928836,54468.453
16622,3.7895925,54472.242
16623,3.782984,54476.023
16624,3.7742033,54479.797
16625,3.76974,54483.566
16626,3.7730348,54487.34
16627,3.7805252,54491.12
16628,3.7874162,54494.91
16629,3.7954094,54498.707
16630,3.7997444,54502.508
16631,3.8002336,54506.31
16632,3.8003578,54510.11
16633,3.8029306,54513.914
16634,3.8044968,54517.72
16635,3.8034017,54521.523
16636,3.8048913,54525.33
16637,3.8104935,54529.137
16638,3.8178508,54532.953
16639,3.8238618,54536.777
16640,3.826858,54540.605
16641,3.8267725,54544.434
16642,3.8270996,54548.26
16643,3.8265517,54552.09
16644,3.8301463,54555.92
16645,3.8324609,54559.754
16646,3.8319533,54563.586
16647,3.8286107,54567.414
16648,3.8241775,54571.24
16649,3.8210957,54575.06
16650,3.8213854,54578.88
16651,3.8232427,54582.703
16652,3.82297,54586.527
16653,3.8189943,54590.348
16654,3.809906,54594.156
16655,3.800536,54597.957
16656,3.7927885,54601.75
16657,3.787449,54605.54
16658,3.7855053,54609.324
16659,3.7886455,54613.113
16660,3.7942152,54616.906
16661,3.801748,54620.707
16662,3.8076956,54624.516
16663,3.8128219,54628.33
16664,3.8168962,54632.145
16665,3.8205948,54635.965
16666,3.8234837,54639.79
16667,3.8239913,54643.613
16668,3.8231137,54647.438
16669,3.8214242,54651.258
16670,3.8219686,54655.08
16671,3.8246384,54658.902
16672,3.8269598,54662.73
16673,3.8287628,54666.56
16674,3.8280935,54670.387
16675,3.8265169,54674.215
16676,3.82635,54678.043
16677,3.8283546,54681.87
16678,3.831089,54685.703
16679,3.8296487,54689.53
16680,3.8267941,54693.36
16681,3.8231127,54697.184
16682,3.8183496,54701.0
16683,3.8148258,54704.816
16684,3.8124733,54708.63
16685,3.8129318,54712.44
16686,3.8171163,54716.258
16687,3.8211393,54720.08
16688,3.824584,54723.902
16689,3.8238463,54727.727
16690,3.8190231,54731.547
16691,3.8113308,54735.36
16692,3.807745,54739.168
16693,3.8072531,54742.977
16694,3.8055851,54746.78
16695,3.800438,54750.582
16696,3.7941449,54754.375
16697,3.791273,54758.168
16698,3.7954907,54761.965
16699,3.8024335,54765.766
16700,3.80619,54769.57
16701,3.8077917,54773.38
16702,3.8072324,54777.188
16703,3.8072228,54780.996
16704,3.80856,54784.805
16705,3.812073,54788.617
16706,3.8167107,54792.434
16707,3.8214376,54796.254
16708,3.8218493,54800.074
16709,3.8182592,54803.89
16710,3.8133817,54807.703
16711,3.8079,54811.51
16712,3.8030632,54815.316
16713,3.801554,54819.117
16714,3.8010714,54822.918
16715,3.7986615,54826.715
16716,3.7950625,54830.51
16717,3.7944534,54834.305
16718,3.7935686,54838.098
16719,3.788578,54841.887
16720,3.7827208,54845.668
16721,3.7846496,54849.453
16722,3.7909415,54853.242
16723,3.798703,54857.04
16724,3.8049464,54860.844
16725,3.8093286,54864.652
16726,3.8128352,54868.465
16727,3.8158653,54872.28
16728,3.820735,54876.1
16729,3.8236852,54879.926
16730,3.8249626,54883.75
16731,3.8247716,54887.574
16732,3.824742,54891.4
16733,3.8230772,54895.223
16734,3.8201454,54899.043
16735,3.8168259,54902.86
16736,3.8129616,54906.67
16737,3.8071988,54910.48
16738,3.8062065,54914.285
16739,3.807626,54918.094
16740,3.8061137,54921.9
16741,3.8052375,54925.703
16742,3.8082485,54929.51
16743,3.8120031,54933.324
16744,3.8126967,54937.137
16745,3.811879,54940.95
16746,3.810827,54944.76
16747,3.8085725,54948.57
16748,3.8101122,54952.38
16749,3.8131611,54956.19
16750,3.8145769,54960.008
16751,3.8160741,54963.824
16752,3.8200982,54967.645
16753,3.822453,54971.47
16754,3.823222,54975.293
16755,3.8224974,54979.117
16756,3.821289,54982.938
16757,3.818446,54986.758
16758,3.813027,54990.57
16759,3.8032763,54994.375
16760,3.792529,54998.168
16761,3.7865787,55001.953
16762,3.7829175,55005.734
16763,3.7820795,55009.516
16764,3.78138,55013.297
16765,3.7817264,55017.08
16766,3.7815084,55020.86
16767,3.784064,55024.645
16768,3.7864385,55028.43
16769,3.7890322,55032.22
16770,3.791088,55036.01
16771,3.7938519,55039.805
16772,3.7969725,55043.6
16773,3.7973976,55047.4
16774,3.793671,55051.19
16775,3.7858388,55054.977
16776,3.7772722,55058.754
16777,3.770718,55062.523
16778,3.769677,55066.293
16779,3.7722707,55070.066
16780,3.7761285,55073.844
16781,3.7805164,55077.625
16782,3.7804282,55081.406
16783,3.7782052,55085.184
16784,3.7786124,55088.96
16785,3.7851264,55092.746
16786,3.794495,55096.54
16787,3.8016264,55100.34
16788,3.8018675,55104.14
16789,3.797899,55107.938
16790,3.791868,55111.73
16791,3.7865472,55115.516
16792,3.7833047,55119.3
16793,3.7832751,55123.086
16794,3.7861938,55126.87
16795,3.7886806,55130.66
16796,3.7902093,55134.45
16797,3.7942963,55138.242
16798,3.8026526,55142.043
16799,3.8106391,55145.855
16800,3.815734,55149.67
16801,3.8161232,55153.49
16802,3.8118618,55157.3
16803,3.802727,55161.1
16804,3.798545,55164.9
16805,3.7990518,55168.7
16806,3.8007295,55172.5
16807,3.8002865,55176.3
16808,3.7974749,55180.098
16809,3.7972252,55183.895
16810,3.7985284,55187.69
16811,3.8023283,55191.492
16812,3.8064663,55195.297
16813,3.8098319,55199.105
16814,3.813724,55202.918
16815,3.8173392,55206.734
16816,3.8168828,55210.55
16817,3.8152797,55214.367
16818,3.8170779,55218.184
16819,3.8208177,55222.004
16820,3.8251495,55225.83
16821,3.8281536,55229.656
16822,3.8309288,55233.49
16823,3.8332503,55237.32
16824,3.8353605,55241.156
16825,3.8349736,55244.992
16826,3.832937,55248.824
16827,3.8294466,55252.652
16828,3.823708,55256.477
16829,3.8188565,55260.297
16830,3.8156283,55264.113
16831,3.8147902,55267.93
16832,3.814142,55271.742
16833,3.8124611,55275.555
16834,3.8088026,55279.363
16835,3.8078275,55283.17
16836,3.8131273,55286.984
16837,3.8172774,55290.8
16838,3.817937,55294.617
16839,3.8183947,55298.438
16840,3.8166485,55302.254
16841,3.814935,55306.07
16842,3.8158126,55309.887
16843,3.818583,55313.707
16844,3.8199859,55317.527
16845,3.819962,55321.348
16846,3.8169744,55325.164
16847,3.809697,55328.973
16848,3.8019,55332.773
16849,3.796184,55336.57
16850,3.7949257,55340.367
16851,3.796916,55344.164
16852,3.8013713,55347.965
16853,3.8041937,55351.77
16854,3.8027098,55355.57
16855,3.800682,55359.37
16856,3.7992764,55363.17
16857,3.7974985,55366.97
16858,3.7954552,55370.766
16859,3.7944095,55374.56
16860,3.7960582,55378.355
16861,3.7996655,55382.156
16862,3.8020027,55385.957
16863,3.8032382,55389.76
16864,3.8029647,55393.566
16865,3.7991316,55397.367
16866,3.790621,55401.156
16867,3.7817237,55404.938
16868,3.7767172,55408.715
16869,3.7737825,55412.49
16870,3.773953,55416.26
16871,3.7795064,55420.043
16872,3.7885275,55423.832
16873,3.7970421,55427.63
16874,3.8040152,55431.434
16875,3.8080218,55435.242
16876,3.8095038,55439.05
16877,3.8100863,55442.86
16878,3.8102558,55446.668
16879,3.8060646,55450.473
16880,3.79713,55454.27
16881,3.790226,55458.06
16882,3.788572,55461.848
16883,3.7921638,55465.64
16884,3.7974672,55469.438
16885,3.8022115,55473.24
16886,3.804372,55477.043
16887,3.8041778,55480.848
16888,3.8023794,55484.65
16889,3.7993693,55488.45
16890,3.7942352,55492.242
16891,3.7888381,55496.03
16892,3.785481,55499.816
16893,3.7849102,55503.6
16894,3.7870827,55507.387
16895,3.7899733,55511.176
16896,3.790493,55514.965
16897,3.7926075,55518.758
16898,3.7957256,55522.555
16899,3.7981648,55526.35
16900,3.8011749,55530.152
16901,3.8070564,55533.96
16902,3.8127575,55537.773
16903,3.817117,55541.59
16904,3.8197546,55545.41
16905,3.818693,55549.23
16906,3.8104799,55553.04
16907,3.7996848,55556.84
16908,3.792857,55560.633
16909,3.7923343,55564.426
16910,3.7935271,55568.22
16911,3.7960098,55572.016
16912,3.7964826,55575.812
16913,3.799125,55579.613
16914,3.80239,55583.414
16915,3.805764,55587.22
16916,3.8043754,55591.023
16917,3.8030138,55594.83
16918,3.8017898,55598.63
16919,3.8024974,55602.43
16920,3.8039393,55606.234
16921,3.8033328,55610.04
16922,3.8014007,55613.84
16923,3.7989836,55617.64
16924,3.7974098,55621.438
16925,3.7978594,55625.234
16926,3.8004243,55629.035
16927,3.8034544,55632.84
16928,3.8087924,55636.65
16929,3.8131456,55640.46
16930,3.811729,55644.273
16931,3.8082235,55648.082
16932,3.8059514,55651.887
16933,3.8035617,55655.69
16934,3.8010728,55659.492
16935,3.7954679,55663.29
16936,3.7920227,55667.082
16937,3.7942336,55670.875
16938,3.8010237,55674.676
16939,3.8086748,55678.484
16940,3.8142343,55682.297
16941,3.8182778,55686.113
16942,3.8217,55689.934
16943,3.8231783,55693.758
16944,3.823611,55697.582
16945,3.822768,55701.406
16946,3.822801,55705.23
16947,3.82425,55709.055
16948,3.8248217,55712.88
16949,3.8235593,55716.703
16950,3.8223324,55720.527
16951,3.8196983,55724.348
16952,3.8169363,55728.164
16953,3.814583,55731.98
16954,3.8162267,55735.797
16955,3.8201904,55739.617
16956,3.819597,55743.438
16957,3.8179033,55747.254
16958,3.8183148,55751.07
16959,3.8221755,55754.89
16960,3.8268688,55758.72
16961,3.830413,55762.55
16962,3.8330505,55766.383
16963,3.834813,55770.22
16964,3.8378308,55774.055
16965,3.8410363,55777.895
16966,3.8419387,55781.74
16967,3.8407614,55785.58
16968,3.8385475,55789.418
16969,3.8363693,55793.254
16970,3.8346386,55797.09
16971,3.8334923,55800.92
16972,3.833493,55804.754
16973,3.8334837,55808.586
16974,3.8333206,55812.418
16975,3.8326738,55816.25
16976,3.82824,55820.08
16977,3.820165,55823.9
16978,3.8139281,55827.71
16979,3.8120708,55831.523
16980,3.8109453,55835.336
16981,3.8103569,55839.145
16982,3.8096771,55842.953
16983,3.8109844,55846.766
16984,3.8109045,55850.58
16985,3.8102489,55854.387
16986,3.8068411,55858.195
16987,3.8012712,55861.996
16988,3.795341,55865.793
16989,3.790761,55869.582
16990,3.7887332,55873.37
16991,3.7883456,55877.16
16992,3.7890542,55880.95
16993,3.7889864,55884.74
16994,3.7853029,55888.523
16995,3.7805765,55892.305
16996,3.7784157,55896.082
16997,3.7766833,55899.86
16998,3.7657428,55903.625
16999,3.7455432,55907.37
17000,3.7255027,55911.098
17001,3.707889,55914.805
17002,3.6953924,55918.5
17003,3.6845236,55922.184
17004,3.6811166,55925.863
17005,3.68181,55929.547
17006,3.6857126,55933.234
17007,3.687901,55936.92
17008,3.6919613,55940.613
17009,3.6987922,55944.312
17010,3.707306,55948.02
17011,3.7155645,55951.734
17012,3.725608,55955.46
17013,3.7323816,55959.19
17014,3.7305331,55962.92
17015,3.7232919,55966.645
17016,3.7212574,55970.367
17017,3.7213488,55974.09
17018,3.7251096,55977.816
17019,3.7312443,55981.547
17020,3.7388616,55985.285
17021,3.746324,55989.03
17022,3.7529263,55992.785
17023,3.7576857,55996.543
17024,3.761527,56000.305
17025,3.761484,56004.066
17026,3.7583864,56007.824
17027,3.7535186,56011.58
17028,3.7530212,56015.332
17029,3.7519615,56019.086
17030,3.7504213,56022.836
17031,3.7464535,56026.582
17032,3.7420142,56030.324
17033,3.735533,56034.06
17034,3.7298064,56037.79
17035,3.724225,56041.51
17036,3.7201173,56045.23
17037,3.7146513,56048.945
17038,3.7111068,56052.656
17039,3.7055805,56056.363
17040,3.6982152,56060.062
17041,3.6874514,56063.75
17042,3.6766734,56067.426
17043,3.6637762,56071.09
17044,3.6458557,56074.734
17045,3.6172702,56078.35
17046,3.587129,56081.938
17047,3.5704126,56085.508
17048,3.559692,56089.066
17049,3.5561514,56092.62
17050,3.5531142,56096.176
17051,3.5571845,56099.734
17052,3.582084,56103.316
17053,3.635284,56106.953
17054,3.6514914,56110.605
17055,3.656743,56114.26
17056,3.6559758,56117.918
17057,3.6553884,56121.574
17058,3.6510348,56125.227
17059,3.645836,56128.87
17060,3.6406732,56132.51
17061,3.634334,56136.145
17062,3.6272779,56139.773
17063,3.6204193,56143.395
17064,3.6124117,56147.008
17065,3.5964663,56150.605
17066,3.5763476,56154.184
17067,3.5495467,56157.734
17068,3.5187318,56161.254
17069,3.4862454,56164.74
17070,3.4820812,56168.22
17071,3.4921727,56171.71
17072,3.4968996,56175.207
17073,3.4992123,56178.707
17074,3.5005658,56182.207
17075,3.5044734,56185.71
17076,3.509091,56189.22
17077,3.5151885,56192.734
17078,3.5198054,56196.254
17079,3.5237157,56199.777
17080,3.5254953,56203.305
17081,3.52458,56206.83
17082,3.5193324,56210.348
17083,3.5106008,56213.86
17084,3.4992428,56217.36
17085,3.4895487,56220.848
17086,3.4844897,56224.332
17087,3.48211,56227.812
17088,3.4811676,56231.293
17089,3.48003,56234.773
17090,3.4750307,56238.25
17091,3.4718587,56241.723
17092,3.4677875,56245.19
17093,3.4631758,56248.656
17094,3.458833,56252.113
17095,3.4559772,56255.57
17096,3.4505854,56259.02
17097,3.4420092,56262.46
17098,3.4288573,56265.89
17099,3.4189312,56269.31
17100,3.414385,56272.723
17101,3.4121382,56276.137
17102,3.410465,56279.547
17103,3.4091015,56282.957
17104,3.4098501,56286.367
17105,3.4105024,56289.777
17106,3.410019,56293.188
17107,3.4074144,56296.594
17108,3.4017098,56299.996
17109,3.3961322,56303.39
17110,3.3926914,56306.785
17111,3.388095,56310.17
17112,3.381939,56313.555
17113,3.372096,56316.926
17114,3.3622055,56320.29
17115,3.3530545,56323.64
17116,3.3481023,56326.99
17117,3.3450632,56330.332
17118,3.344269,56333.676
17119,3.3434124,56337.02
17120,3.341979,56340.363
17121,3.338754,56343.703
17122,3.3332717,56347.035
17123,3.3275468,56350.363
17124,3.3222766,56353.688
17125,3.3174107,56357.004
17126,3.310845,56360.316
17127,3.3018768,56363.617
17128,3.2935083,56366.91
17129,3.2854624,56370.195
17130,3.2764692,56373.473
17131,3.2689538,56376.742
17132,3.2619867,56380.004
17133,3.25726,56383.26
17134,3.2516577,56386.51
17135,3.2472417,56389.758
17136,3.2428257,56393.0
17137,3.2386818,56396.24
17138,3.2376952,56399.477
17139,3.2377572,56402.715
17140,3.2351007,56405.95
17141,3.2303674,56409.18
17142,3.2250528,56412.406
17143,3.220178,56415.625
17144,3.2179058,56418.844
17145,3.21389,56422.06
17146,3.206203,56425.266
17147,3.199756,56428.465
17148,3.1969905,56431.66
17149,3.1958947,56434.855
17150,3.190071,56438.047
17151,3.182276,56441.23
17152,3.173239,56444.402
17153,3.1650946,56447.566
17154,3.157849,56450.723
17155,3.151699,56453.875
17156,3.1483662,56457.023
17157,3.1469948,56460.17
17158,3.1478212,56463.32
17159,3.1486163,56466.47
17160,3.1461024,56469.613
17161,3.1434338,56472.758
17162,3.1401968,56475.9
17163,3.1373808,56479.035
17164,3.1332211,56482.168
17165,3.1295922,56485.297
17166,3.127761,56488.426
17167,3.1262348,56491.55
17168,3.1245487,56494.676
17169,3.1234696,56497.8
17170,3.121431,56500.92
17171,3.118512,56504.04
17172,3.1158385,56507.156
17173,3.1141942,56510.27
17174,3.1142566,56513.383
17175,3.1146843,56516.496
17176,3.1168108,56519.613
17177,3.117486,56522.73
17178,3.1186013,56525.848
17179,3.1172163,56528.965
17180,3.11503,56532.08
17181,3.1119685,56535.19
17182,3.1111155,56538.3
17183,3.1092763,56541.41
17184,3.1093054,56544.52
17185,3.1087866,56547.63
17186,3.1092947,56550.74
17187,3.1084943,56553.848
17188,3.1082141,56556.957
17189,3.1070187,56560.062
17190,3.1066027,56563.168
17191,3.1035478,56566.273
17192,3.101796,56569.375
17193,3.0999367,56572.477
17194,3.1001318,56575.58
17195,3.099211,56578.676
17196,3.1001277,56581.777
17197,3.100012,56584.88
17198,3.1001015,56587.98
17199,3.0986557,56591.08
17200,3.0989828,56594.176
17201,3.099385,56597.273
17202,3.1018448,56600.375
17203,3.1027408,56603.477
17204,3.1031027,56606.58
17205,3.1014779,56609.68
17206,3.1013503,56612.78
17207,3.1007662,56615.883
17208,3.1017945,56618.984
17209,3.100818,56622.086
17210,3.1007822,56625.188
17211,3.0996563,56628.29
17212,3.1025958,56631.39
17213,3.109353,56634.5
17214,3.1165345,56637.617
17215,3.1316617,56640.75
17216,3.1459928,56643.895
17217,3.170051,56647.066
17218,3.1915767,56650.258
17219,3.2252796,56653.484
17220,3.25774,56656.742
17221,3.2998195,56660.043
17222,3.3366327,56663.38
17223,3.377179,56666.758
17224,3.409753,56670.168
17225,3.4393797,56673.605
17226,3.4598773,56677.066
17227,3.4785464,56680.547
17228,3.4922662,56684.04
17229,3.5051985,56687.543
17230,3.5153477,56691.06
17231,3.5250542,56694.582
17232,3.5323207,56698.113
17233,3.5373,56701.652
17234,3.5387747,56705.19
17235,3.5384254,56708.73
17236,3.5336516,56712.266
17237,3.5253894,56715.79
17238,3.5147264,56719.305
17239,3.5017996,56722.805
17240,3.4895382,56726.293
17241,3.4788399,56729.773
17242,3.472793,56733.246
17243,3.4674828,56736.715
17244,3.4662251,56740.18
17245,3.4671407,56743.65
17246,3.4730034,56747.12
17247,3.4761472,56750.598
17248,3.4761968,56754.074
17249,3.4724057,56757.547
17250,3.4707024,56761.016
17251,3.4709136,56764.49
17252,3.47842,56767.965
17253,3.4857564,56771.45
17254,3.4947531,56774.945
17255,3.5000522,56778.445
17256,3.5037267,56781.95
17257,3.5031161,56785.453
17258,3.5004976,56788.953
17259,3.493392,56792.445
17260,3.4832246,56795.93
17261,3.4718359,56799.402
17262,3.468635,56802.87
17263,3.4730275,56806.344
17264,3.4890077,56809.832
17265,3.5007646,56813.332
17266,3.5101154,56816.844
17267,3.509165,56820.35
17268,3.5041103,56823.855
17269,3.4941473,56827.35
17270,3.483365,56830.836
17271,3.471728,56834.31
17272,3.4676182,56837.777
17273,3.4673588,56841.246
17274,3.4741423,56844.72
17275,3.4787335,56848.2
17276,3.4798572,56851.68
17277,3.4763947,56855.156
17278,3.4715796,56858.63
17279,3.4681747,56862.098
17280,3.4742827,56865.57
17281,3.4851184,56869.055
17282,3.498271,56872.555
17283,3.5076919,56876.062
17284,3.5148103,56879.58
17285,3.5184069,56883.098
17286,3.5226903,56886.62
17287,3.525783,56890.15
17288,3.5301263,56893.68
17289,3.530997,56897.21
17290,3.5297165,56900.742
17291,3.5259879,56904.27
17292,3.522697,56907.793
17293,3.519502,56911.312
17294,3.5173645,56914.83
17295,3.515703,56918.344
17296,3.5200129,56921.863
17297,3.5250769,56925.387
17298,3.5317147,56928.918
17299,3.53886,56932.457
17300,3.5431986,56936.0
17301,3.542069,56939.543
17302,3.52899,56943.07
17303,3.5034378,56946.574
17304,3.46734,56950.043
17305,3.4271462,56953.47
17306,3.3907745,56956.86
17307,3.3659804,56960.227
17308,3.3527346,56963.58
17309,3.3469124,56966.926
17310,3.3437152,56970.27
17311,3.3425746,56973.613
17312,3.3425472,56976.957
17313,3.3445482,56980.3
17314,3.3496008,56983.65
17315,3.3578856,56987.008
17316,3.367287,56990.375
17317,3.375958,56993.75
17318,3.3814297,56997.133
17319,3.3833025,57000.516
17320,3.379899,57003.895
17321,3.374777,57007.27
17322,3.368757,57010.637
17323,3.3659313,57014.004
17324,3.3663518,57017.37
17325,3.3705719,57020.742
17326,3.3775222,57024.12
17327,3.386353,57027.508
17328,3.3894777,57030.9
17329,3.38463,57034.28
17330,3.3733008,57037.656
17331,3.363456,57041.02
17332,3.3585217,57044.38
17333,3.3592632,57047.74
17334,3.3653817,57051.105
17335,3.3788247,57054.484
17336,3.3974721,57057.883
17337,3.4176877,57061.3
17338,3.4366484,57064.74
17339,3.4505687,57068.188
17340,3.4594328,57071.65
17341,3.4623928,57075.11
17342,3.4586205,57078.566
17343,3.4514673,57082.02
17344,3.4414804,57085.46
17345,3.4345605,57088.895
17346,3.431218,57092.324
17347,3.432306,57095.758
17348,3.4376242,57099.195
17349,3.4420216,57102.637
17350,3.4458308,57106.082
17351,3.4484735,57109.53
17352,3.451264,57112.984
17353,3.4540188,57116.438
17354,3.4596374,57119.9
17355,3.4670281,57123.367
17356,3.4682443,57126.836
17357,3.4609401,57130.297
17358,3.4398909,57133.74
17359,3.4042962,57137.14
17360,3.35497,57140.496
17361,3.3083184,57143.805
17362,3.282792,57147.086
17363,3.2744129,57150.36
17364,3.2709994,57153.63
17365,3.2703457,57156.9
17366,3.2704277,57160.168
17367,3.2716305,57163.44
17368,3.2733278,57166.715
17369,3.275367,57169.99
17370,3.2768416,57173.266
17371,3.278202,57176.543
17372,3.2788577,57179.82
17373,3.2793872,57183.1
17374,3.279528,57186.383
17375,3.2795165,57189.664
17376,3.2799466,57192.945
17377,3.2807379,57196.227
17378,3.2813156,57199.508
17379,3.2817078,57202.79
17380,3.2817316,57206.07
17381,3.2820406,57209.35
17382,3.2825866,57212.633
17383,3.2828608,57215.914
17384,3.2830021,57219.195
17385,3.2828379,57222.477
17386,3.2820709,57225.758
17387,3.2809498,57229.04
17388,3.2804723,57232.32
17389,3.2801514,57235.6
17390,3.2806365,57238.883
17391,3.280551,57242.164
17392,3.2813535,57245.445
17393,3.2822597,57248.727
17394,3.2835443,57252.01
17395,3.2841473,57255.297
17396,3.2851284,57258.582
17397,3.2852423,57261.867
17398,3.2849765,57265.152
17399,3.2843633,57268.438
17400,3.2837203,57271.723
17401,3.2832797,57275.008
17402,3.2842147,57278.293
17403,3.285722,57281.58
17404,3.2882473,57284.867
17405,3.289014,57288.156
17406,3.2918658,57291.45
17407,3.2932324,57294.742
17408,3.2946103,57298.035
17409,3.2934396,57301.33
17410,3.292482,57304.62
17411,3.2919457,57307.914
17412,3.2945755,57311.207
17413,3.2983665,57314.504
17414,3.3053243,57317.81
17415,3.314606,57321.125
17416,3.3276067,57324.453
17417,3.3402197,57327.793
17418,3.350213,57331.145
17419,3.354733,57334.5
17420,3.3593163,57337.86
17421,3.3621447,57341.223
17422,3.366682,57344.59
17423,3.3719735,57347.96
17424,3.378708,57351.34
17425,3.3866208,57354.727
17426,3.414027,57358.14
17427,3.4497423,57361.59
17428,3.4864013,57365.08
17429,3.5105898,57368.59
17430,3.5296328,57372.12
17431,3.5413878,57375.664
17432,3.5456815,57379.21
17433,3.5377574,57382.75
17434,3.5157738,57386.266
17435,3.4835243,57389.75
17436,3.4475877,57393.2
17437,3.4142401,57396.613
17438,3.3866098,57400.0
17439,3.3701658,57403.37
17440,3.3618789,57406.734
17441,3.3579936,57410.094
17442,3.354171,57413.45
17443,3.3490415,57416.797
17444,3.3419924,57420.14
17445,3.3359532,57423.477
17446,3.3302662,57426.81
17447,3.325975,57430.133
17448,3.3213758,57433.453
17449,3.318019,57436.77
17450,3.3143492,57440.082
17451,3.3110619,57443.395
17452,3.3075953,57446.703
17453,3.3039186,57450.008
17454,3.2994483,57453.31
17455,3.2963986,57456.605
17456,3.293711,57459.9
17457,3.2912557,57463.19
17458,3.2880046,57466.48
17459,3.2846868,57469.766
17460,3.2800293,57473.047
17461,3.2756438,57476.324
17462,3.2698658,57479.594
17463,3.2645352,57482.86
17464,3.2586746,57486.117
17465,3.253244,57489.37
17466,3.247028,57492.617
17467,3.2415264,57495.86
17468,3.2377336,57499.098
17469,3.2338257,57502.332
17470,3.2295828,57505.562
17471,3.2243295,57508.785
17472,3.2184572,57512.004
17473,3.2115917,57515.215
17474,3.2038908,57518.418
17475,3.1928384,57521.61
17476,3.1825812,57524.793
17477,3.170015,57527.965
17478,3.1582804,57531.125
17479,3.145703,57534.27
17480,3.1365442,57537.406
17481,3.1288817,57540.535
17482,3.121966,57543.656
17483,3.1143684,57546.77
17484,3.106216,57549.875
17485,3.0995123,57552.973
17486,3.0954244,57556.066
17487,3.0988173,57559.164
17488,3.1116345,57562.277
17489,3.123251,57565.402
17490,3.1376388,57568.54
17491,3.1487405,57571.688
17492,3.1601677,57574.848
17493,3.1666512,57578.016
17494,3.1710339,57581.188
17495,3.1695843,57584.355
17496,3.1715548,57587.527
17497,3.1704924,57590.7
17498,3.1676323,57593.867
17499,3.1630523,57597.03
17500,3.1577475,57600.188
17501,3.1555104,57603.344
17502,3.158735,57606.504
17503,3.1655269,57609.668
17504,3.1745152,57612.844
17505,3.1815708,57616.023
17506,3.1844733,57619.207
17507,3.1847765,57622.39
17508,3.1866293,57625.58
17509,3.1901326,57628.77
17510,3.1967201,57631.965
17511,3.2028782,57635.168
17512,3.2081943,57638.375
17513,3.2121599,57641.586
17514,3.2147262,57644.8
17515,3.2160997,57648.016
17516,3.214818,57651.23
17517,3.2101343,57654.44
17518,3.2052639,57657.65
17519,3.2010617,57660.848
17520,3.196429,57664.043
17521,3.19099,57667.234
17522,3.1841066,57670.418
17523,3.1775696,57673.594
17524,3.172078,57676.766
17525,3.167657,57679.934
17526,3.1636255,57683.098
17527,3.1593802,57686.258
17528,3.1553333,57689.414
17529,3.151397,57692.566
17530,3.147644,57695.715
17531,3.1433394,57698.86
17532,3.1390362,57702.0
17533,3.135286,57705.137
17534,3.132376,57708.27
17535,3.1283832,57711.4
17536,3.1226137,57714.52
17537,3.115186,57717.633
17538,3.1076562,57720.742
17539,3.0997336,57723.844
17540,3.0918367,57726.938
17541,3.0829446,57730.02
17542,3.0741544,57733.094
17543,3.0655801,57736.16
17544,3.0572712,57739.22
17545,3.0491803,57742.27
17546,3.0411453,57745.312
17547,3.0333266,57748.348
17548,3.0258017,57751.375
17549,3.017855,57754.395
17550,3.0103414,57757.406
17551,3.0042436,57760.41
17552,2.999272,57763.41
17553,2.9953244,57766.406
17554,2.9918761,57769.4
17555,2.9884493,57772.387
17556,2.985028,57775.37
17557,2.98138,57778.35
17558,2.9777453,57781.33
17559,2.9746518,57784.305
17560,2.9723084,57787.277
17561,2.9695928,57790.246
17562,2.9658945,57793.21
17563,2.9626074,57796.17
17564,2.9595332,57799.133
17565,2.9570398,57802.09
17566,2.9558747,57805.047
17567,2.955543,57808.004
17568,2.955851,57810.96
17569,2.956054,57813.918
17570,2.955632,57816.875
17571,2.9548655,57819.83
17572,2.954319,57822.78
17573,2.9540477,57825.734
17574,2.953291,57828.688
17575,2.953203,57831.64
17576,2.9541347,57834.594
17577,2.9556382,57837.55
17578,2.9573114,57840.508
17579,2.958915,57843.465
17580,2.9599483,57846.426
17581,2.9609163,57849.387
17582,2.9619064,57852.348
17583,2.9630775,57855.312
17584,2.9647436,57858.277
17585,2.967028,57861.246
17586,2.9692876,57864.215
17587,2.9711752,57867.188
17588,2.9718566,57870.16
17589,2.9725387,57873.133
17590,2.9730859,57876.105
17591,2.9747853,57879.082
17592,2.9773598,57882.06
17593,2.9808621,57885.04
17594,2.9866443,57888.027
17595,2.9976773,57891.023
17596,3.007511,57894.03
17597,3.0218918,57897.055
17598,3.0339415,57900.09
17599,3.048748,57903.137
17600,3.061019,57906.2
17601,3.0771654,57909.277
17602,3.0897315,57912.367
17603,3.104695,57915.473
17604,3.116481,57918.59
17605,3.131253,57921.723
17606,3.1430414,57924.867
17607,3.1576161,57928.023
17608,3.169638,57931.19
17609,3.1836064,57934.375
17610,3.1954684,57937.57
17611,3.2070723,57940.777
17612,3.214338,57943.992
17613,3.2190433,57947.21
17614,3.2182224,57950.43
17615,3.211451,57953.64
17616,3.1964726,57956.836
17617,3.173562,57960.008
17618,3.1479142,57963.156
17619,3.1289945,57966.285
17620,3.1185112,57969.402
17621,3.115733,57972.52
17622,3.118085,57975.637
17623,3.1232605,57978.76
17624,3.131482,57981.895
17625,3.141459,57985.035
17626,3.152783,57988.188
17627,3.1608853,57991.348
17628,3.1675658,57994.516
17629,3.1696072,57997.684
17630,3.1686091,58000.85
17631,3.1664162,58004.02
17632,3.1647506,58007.184
17633,3.1642156,58010.348
17634,3.166272,58013.516
17635,3.17047,58016.688
17636,3.176199,58019.863
17637,3.1826909,58023.047
17638,3.1898491,58026.24
17639,3.1971023,58029.434
17640,3.20449,58032.637
17641,3.2081923,58035.844
17642,3.2077963,58039.05
17643,3.2042346,58042.254
17644,3.2022128,58045.457
17645,3.1977963,58048.656
17646,3.192977,58051.848
17647,3.1854548,58055.03
17648,3.1805587,58058.21
17649,3.1765172,58061.387
17650,3.1733403,58064.56
17651,3.1685696,58067.727
17652,3.163686,58070.89
17653,3.157779,58074.047
17654,3.1509526,58077.2
17655,3.1420457,58080.34
17656,3.1316097,58083.473
17657,3.1211832,58086.594
17658,3.1119452,58089.707
17659,3.1030724,58092.81
17660,3.0954404,58095.902
17661,3.0875833,58098.99
17662,3.0800662,58102.066
17663,3.0723665,58105.14
17664,3.0654001,58108.207
17665,3.0582745,58111.266
17666,3.0507932,58114.316
17667,3.0434399,58117.36
17668,3.0362582,58120.395
17669,3.0290897,58123.42
17670,3.0229259,58126.445
17671,3.0169036,58129.46
17672,3.011426,58132.473
17673,3.0060234,58135.48
17674,3.0011296,58138.48
17675,2.9994342,58141.48
17676,3.002586,58144.484
17677,3.0075731,58147.492
17678,3.016068,58150.508
17679,3.0266635,58153.535
17680,3.039018,58156.574
17681,3.0531282,58159.63
17682,3.0678682,58162.695
17683,3.0849092,58165.78
17684,3.101329,58168.883
17685,3.1210616,58172.004
17686,3.1405525,58175.145
17687,3.164226,58178.31
17688,3.1854959,58181.492
17689,3.2081115,58184.7
17690,3.2276056,58187.926
17691,3.2468321,58191.17
17692,3.2621536,58194.434
17693,3.2763848,58197.71
17694,3.2869759,58200.996
17695,3.2944622,58204.29
17696,3.2946553,58207.582
17697,3.283971,58210.867
17698,3.249319,58214.117
17699,3.1970563,58217.312
17700,3.162548,58220.477
17701,3.1506052,58223.63
17702,3.1465127,58226.777
17703,3.1444292,58229.92
17704,3.1429667,58233.066
17705,3.1416397,58236.207
17706,3.1400142,58239.348
17707,3.1384914,58242.484
17708,3.1369717,58245.62
17709,3.1354046,58248.758
17710,3.1337595,58251.89
17711,3.131799,58255.023
17712,3.1298273,58258.152
17713,3.1277156,58261.28
17714,3.125591,58264.406
17715,3.1230235,58267.527
17716,3.1201196,58270.65
17717,3.1165454,58273.766
17718,3.1119008,58276.88
17719,3.106545,58279.984
17720,3.0997527,58283.086
17721,3.0924428,58286.18
17722,3.083867,58289.26
17723,3.0741014,58292.336
17724,3.0610454,58295.4
17725,3.0466983,58298.445
17726,3.034084,58301.48
17727,3.0204477,58304.5
17728,3.0089285,58307.508
17729,2.9969826,58310.504
17730,2.9863396,58313.492
17731,2.9748654,58316.47
17732,2.9648058,58319.434
17733,2.9541223,58322.387
17734,2.9476438,58325.336
17735,2.9409134,58328.277
17736,2.936189,58331.215
17737,2.9333115,58334.15
17738,2.9348862,58337.082
17739,2.93963,58340.023
17740,2.9449255,58342.97
17741,2.9431286,58345.91
17742,2.9424422,58348.85
17743,2.9390843,58351.79
17744,2.9356604,58354.727
17745,2.9323108,58357.66
17746,2.9306421,58360.59
17747,2.9295857,58363.52
17748,2.9276683,58366.445
17749,2.9246993,58369.37
17750,2.9222302,58372.293
17751,2.920066,58375.215
17752,2.919298,58378.133
17753,2.9195468,58381.05
17754,2.920044,58383.973
17755,2.9207785,58386.895
17756,2.9210074,58389.816
17757,2.9203975,58392.74
17758,2.9191408,58395.656
17759,2.9196768,58398.574
17760,2.920141,58401.496
17761,2.9205463,58404.418
17762,2.9207778,58407.34
17763,2.9212224,58410.26
17764,2.9229016,58413.184
17765,2.925717,58416.11
17766,2.9267566,58419.035
17767,2.9269152,58421.96
17768,2.9295144,58424.89
17769,2.9327686,58427.824
17770,2.934669,58430.758
17771,2.9361546,58433.695
17772,2.936088,58436.633
17773,2.9350407,58439.566
17774,2.9319696,58442.5
17775,2.9283676,58445.43
17776,2.9234047,58448.35
17777,2.9179153,58451.27
17778,2.9112225,58454.18
17779,2.9045227,58457.086
17780,2.8973424,58459.984
17781,2.889478,58462.875
17782,2.8792467,58465.754
17783,2.8662317,58468.62
17784,2.8527057,58471.473
17785,2.8412523,58474.312
17786,2.8315341,58477.145
17787,2.8231409,58479.97
17788,2.8170428,58482.785
17789,2.8113458,58485.598
17790,2.8072948,58488.406
17791,2.804157,58491.21
17792,2.8032107,58494.016
17793,2.8031359,58496.82
17794,2.8060253,58499.625
17795,2.8093677,58502.434
17796,2.8124917,58505.246
17797,2.8147707,58508.062
17798,2.816438,58510.88
17799,2.816979,58513.695
17800,2.8173726,58516.51
17801,2.8171887,58519.33
17802,2.816299,58522.145
17803,2.8158517,58524.96
17804,2.8153055,58527.777
17805,2.814584,58530.594
17806,2.8145506,58533.41
17807,2.8144171,58536.223
17808,2.8141744,58539.035
17809,2.8137805,58541.848
17810,2.8138201,58544.66
17811,2.8142314,58547.473
17812,2.8146667,58550.29
17813,2.8152666,58553.105
17814,2.8159554,58555.92
17815,2.8169675,58558.74
17816,2.8173463,58561.555
17817,2.8184729,58564.375
17818,2.819797,58567.195
17819,2.820729,58570.016
17820,2.8188372,58572.836
17821,2.8146966,58575.652
17822,2.8104663,58578.46
17823,2.806296,58581.266
17824,2.8027582,58584.07
17825,2.7991507,58586.87
17826,2.7940974,58589.664
17827,2.7881768,58592.453
17828,2.7807753,58595.234
17829,2.771731,58598.008
17830,2.7614758,58600.77
17831,2.7495995,58603.52
17832,2.7382267,58606.258
17833,2.7287254,58608.99
17834,2.719148,58611.707
17835,2.709562,58614.418
17836,2.6955557,58617.113
17837,2.678819,58619.793
17838,2.6617904,58622.453
17839,2.644347,58625.098
17840,2.628267,58627.727
17841,2.6202636,58630.348
17842,2.6068375,58632.953
17843,2.601056,58635.555
17844,2.5905526,58638.145
17845,2.585757,58640.73
17846,2.5793743,58643.31
17847,2.5804284,58645.89
17848,2.5775793,58648.47
17849,2.5785697,58651.047
17850,2.5690324,58653.617
17851,2.562745,58656.18
17852,2.5563028,58658.734
17853,2.5536742,58661.29
17854,2.5489233,58663.84
17855,2.546501,58666.387
17856,2.541456,58668.93
17857,2.537736,58671.47
17858,2.5331883,58674.0
17859,2.532573,58676.53
17860,2.5299983,58679.062
17861,2.523231,58681.586
17862,2.5173073,58684.1
17863,2.5128124,58686.613
17864,2.5097795,58689.125
17865,2.50774,58691.633
17866,2.503531,58694.137
17867,2.4991894,58696.637
17868,2.4970484,58699.133
17869,2.4979863,58701.63
17870,2.5010543,58704.13
17871,2.5058196,58706.633
17872,2.5060027,58709.14
17873,2.5019693,58711.645
17874,2.4982903,58714.145
17875,2.4964797,58716.64
17876,2.4976268,58719.137
17877,2.4977095,58721.633
17878,2.498453,58724.133
17879,2.499591,58726.633
17880,2.4992714,58729.133
17881,2.497367,58731.63
17882,2.4965317,58734.125
17883,2.4955323,58736.62
17884,2.4941926,58739.117
17885,2.4919548,58741.61
17886,2.492126,58744.1
17887,2.4924223,58746.594
17888,2.4925072,58749.086
17889,2.4904368,58751.58
17890,2.4852884,58754.062
17891,2.4792259,58756.543
17892,2.4770713,58759.02
17893,2.4753897,58761.496
17894,2.4759629,58763.973
17895,2.4765167,58766.45
17896,2.4780672,58768.926
17897,2.4781756,58771.402
17898,2.4784367,58773.88
17899,2.4787223,58776.36
17900,2.47968,58778.84
17901,2.479526,58781.32
17902,2.477084,58783.797
17903,2.4753568,58786.273
17904,2.4779532,58788.75
17905,2.4807029,58791.23
17906,2.4841871,58793.715
17907,2.489376,58796.203
17908,2.4953637,58798.7
17909,2.497532,58801.195
17910,2.4966486,58803.69
17911,2.4924502,58806.184
17912,2.4895496,58808.67
17913,2.4868872,58811.16
17914,2.4861445,58813.645
17915,2.4866796,58816.133
17916,2.490285,58818.625
17917,2.494359,58821.12
17918,2.4999988,58823.62
17919,2.5043118,58826.125
17920,2.50674,58828.633
17921,2.5055137,58831.137
17922,2.5053666,58833.64
17923,2.506121,58836.15
17924,2.5099285,58838.66
17925,2.5122108,58841.17
17926,2.513309,58843.684
17927,2.5129542,58846.195
17928,2.5128376,58848.707
17929,2.5120728,58851.22
17930,2.5136156,58853.73
17931,2.5173333,58856.246
17932,2.5221567,58858.77
17933,2.5255706,58861.297
17934,2.5275154,58863.824
17935,2.5275867,58866.35
17936,2.5248668,58868.875
17937,2.520408,58871.395
17938,2.5162325,58873.91
17939,2.5114005,58876.42
17940,2.5124674,58878.934
17941,2.5155237,58881.45
17942,2.5198188,58883.97
17943,2.5230577,58886.492
17944,2.525814,58889.02
17945,2.5263762,58891.547
17946,2.523571,58894.07
17947,2.5201943,58896.59
17948,2.5193496,58899.11
17949,2.5201843,58901.63
17950,2.521437,58904.15
17951,2.5235765,58906.67
17952,2.5265765,58909.2
17953,2.5294123,58911.73
17954,2.5321105,58914.26
17955,2.5342185,58916.797
17956,2.5368712,58919.332
17957,2.5389214,58921.87
17958,2.5400722,58924.41
17959,2.5387697,58926.95
17960,2.5360756,58929.484
17961,2.5317934,58932.016
17962,2.5308805,58934.547
17963,2.530433,58937.08
17964,2.530529,58939.61
17965,2.53017,58942.14
17966,2.5325022,58944.67
17967,2.5371184,58947.21
17968,2.5425615,58949.754
17969,2.5476074,58952.3
17970,2.5516489,58954.85
17971,2.5563524,58957.406
17972,2.5611236,58959.97
17973,2.5677142,58962.535
17974,2.572788,58965.11
17975,2.5769625,58967.688
17976,2.579214,58970.266
17977,2.5801778,58972.848
17978,2.5825505,58975.43
17979,2.5844383,58978.016
17980,2.585543,58980.6
17981,2.5853472,58983.188
17982,2.5866847,58985.773
17983,2.586932,58988.36
17984,2.5860412,58990.945
17985,2.585555,58993.53
17986,2.5892382,58996.12
17987,2.5962203,58998.72
17988,2.6058135,59001.324
17989,2.615188,59003.938
17990,2.6203496,59006.56
17991,2.6225739,59009.18
17992,2.6242118,59011.805
17993,2.6280117,59014.434
17994,2.6358256,59017.07
17995,2.6434839,59019.715
17996,2.648755,59022.363
17997,2.650874,59025.016
17998,2.651672,59027.668
17999,2.6505198,59030.32
18000,2.6498914,59032.97
18001,2.6493542,59035.617
18002,2.6493185,59038.266
18003,2.6462135,59040.91
18004,2.6408021,59043.55
18005,2.6352975,59046.188
18006,2.6341395,59048.82
18007,2.634245,59051.453
18008,2.636857,59054.09
18009,2.6400685,59056.73
18010,2.646166,59059.375
18011,2.6524003,59062.027
18012,2.6543865,59064.684
18013,2.6509612,59067.336
18014,2.6478267,59069.984
18015,2.6444602,59072.63
18016,2.6459017,59075.273
18017,2.6478412,59077.92
18018,2.653431,59080.574
18019,2.6599185,59083.234
18020,2.666265,59085.902
18021,2.672046,59088.574
18022,2.6781065,59091.254
18023,2.684555,59093.938
18024,2.6908996,59096.63
18025,2.697017,59099.324
18026,2.6995053,59102.023
18027,2.7009842,59104.723
18028,2.703401,59107.426
18029,2.7065113,59110.133
18030,2.7095084,59112.844
18031,2.712215,59115.555
18032,2.7156432,59118.27
18033,2.7193866,59120.99
18034,2.7232811,59123.71
18035,2.7268708,59126.438
18036,2.7300742,59129.168
18037,2.7329628,59131.902
18038,2.7340534,59134.637
18039,2.7345989,59137.37
18040,2.7355652,59140.105
18041,2.7370217,59142.844
18042,2.7375886,59145.582
18043,2.7379782,59148.32
18044,2.7386236,59151.06
18045,2.7399597,59153.797
18046,2.740431,59156.54
18047,2.740737,59159.28
18048,2.7414174,59162.023
18049,2.7425714,59164.766
18050,2.7437725,59167.508
18051,2.7454736,59170.254
18052,2.7466142,59173.0
18053,2.7482865,59175.75
18054,2.7493913,59178.5
18055,2.7502584,59181.25
18056,2.7503445,59184.0
18057,2.7504022,59186.75
18058,2.7508492,59189.5
18059,2.751401,59192.25
18060,2.7506702,59195.0
18061,2.7498314,59197.75
18062,2.7494185,59200.5
18063,2.7503264,59203.25
18064,2.752979,59206.004
18065,2.7574189,59208.76
18066,2.760897,59211.523
18067,2.7636368,59214.285
18068,2.765371,59217.05
18069,2.7668512,59219.816
18070,2.7682116,59222.586
18071,2.7688022,59225.355
18072,2.7685158,59228.125
18073,2.767348,59230.89
18074,2.7666504,59233.656
18075,2.7661471,59236.42
18076,2.7655115,59239.188
18077,2.766365,59241.953
18078,2.7674053,59244.72
18079,2.7677765,59247.49
18080,2.7672436,59250.254
18081,2.7666907,59253.02
18082,2.766312,59255.785
18083,2.7654586,59258.55
18084,2.7653375,59261.316
18085,2.7659044,59264.082
18086,2.765529,59266.848
18087,2.7651687,59269.613
18088,2.764777,59272.38
18089,2.7661633,59275.145
18090,2.7677732,59277.914
18091,2.7685616,59280.684
18092,2.769091,59283.453
18093,2.7692,59286.223
18094,2.7697082,59288.992
18095,2.7698324,59291.76
18096,2.7693899,59294.53
18097,2.7680688,59297.3
18098,2.7667289,59300.066
18099,2.7646768,59302.832
18100,2.762606,59305.594
18101,2.7601874,59308.355
18102,2.7579575,59311.113
18103,2.755175,59313.867
18104,2.7544234,59316.62
18105,2.754435,59319.375
18106,2.7561913,59322.133
18107,2.7580953,59324.89
18108,2.7585802,59327.65
18109,2.758837,59330.406
18110,2.7584548,59333.164
18111,2.757733,59335.92
18112,2.7571661,59338.68
18113,2.7574399,59341.438
18114,2.7596402,59344.195
18115,2.7620723,59346.957
18116,2.763844,59349.723
18117,2.7649333,59352.49
18118,2.7660491,59355.254
18119,2.766955,59358.02
18120,2.7664015,59360.785
18121,2.7647457,59363.55
18122,2.7645028,59366.316
18123,2.7652605,59369.082
18124,2.7663336,59371.848
18125,2.7682528,59374.617
18126,2.7697177,59377.387
18127,2.7706017,59380.156
18128,2.7706888,59382.926
18129,2.7705853,59385.695
18130,2.7697732,59388.465
18131,2.767888,59391.234
18132,2.766434,59394.0
18133,2.765567,59396.766
18134,2.7661672,59399.53
18135,2.767463,59402.297
18136,2.7684531,59405.066
18137,2.7695305,59407.836
18138,2.7705498,59410.605
18139,2.7718267,59413.38
18140,2.772772,59416.152
18141,2.7738373,59418.926
18142,2.7733207,59421.7
18143,2.772142,59424.473
18144,2.77138,59427.242
18145,2.7715938,59430.016
18146,2.772057,59432.79
18147,2.772553,59435.562
18148,2.7725732,59438.336
18149,2.7726266,59441.11
18150,2.7718794,59443.883
18151,2.7713904,59446.652
18152,2.771649,59449.426
18153,2.7731857,59452.2
18154,2.7748547,59454.973
18155,2.7769415,59457.75
18156,2.7768242,59460.527
18157,2.775017,59463.3
18158,2.7727542,59466.074
18159,2.7703013,59468.844
18160,2.7679982,59471.613
18161,2.7664971,59474.38
18162,2.7654145,59477.145
18163,2.7650495,59479.91
18164,2.7655694,59482.676
18165,2.7666118,59485.44
18166,2.7669022,59488.207
18167,2.7669215,59490.973
18168,2.767117,59493.74
18169,2.7669015,59496.504
18170,2.7664986,59499.27
18171,2.7663915,59502.035
18172,2.765941,59504.8
18173,2.7661679,59507.566
18174,2.7663138,59510.332
18175,2.7663193,59513.098
18176,2.7647,59515.863
18177,2.762896,59518.625
18178,2.7623513,59521.387
18179,2.7632964,59524.15
18180,2.7646725,59526.914
18181,2.7658038,59529.68
18182,2.7662146,59532.445
18183,2.7665117,59535.21
18184,2.7672157,59537.977
18185,2.767131,59540.742
18186,2.7682116,59543.51
18187,2.7687433,59546.28
18188,2.769162,59549.05
18189,2.7693677,59551.82
18190,2.7707033,59554.59
18191,2.7715912,59557.363
18192,2.7731173,59560.137
18193,2.7744696,59562.91
18194,2.7759552,59565.688
18195,2.777319,59568.465
18196,2.7783108,59571.242
18197,2.778448,59574.02
18198,2.7775302,59576.797
18199,2.7770727,59579.574
18200,2.777776,59582.35
18201,2.7793224,59585.133
18202,2.7811532,59587.914
18203,2.7832298,59590.7
18204,2.7845032,59593.484
18205,2.7852817,59596.27
18206,2.785288,59599.055
18207,2.7855804,59601.84
18208,2.7851596,59604.625
18209,2.7846844,59607.41
18210,2.7851565,59610.195
18211,2.786374,59612.98
18212,2.7873344,59615.77
18213,2.787731,59618.56
18214,2.788812,59621.348
18215,2.7894037,59624.137
18216,2.7893093,59626.926
18217,2.7889283,59629.715
18218,2.7881749,59632.504
18219,2.7866597,59635.29
18220,2.7840924,59638.074
18221,2.7818446,59640.855
18222,2.780698,59643.637
18223,2.7792578,59646.414
18224,2.779066,59649.19
18225,2.7787726,59651.97
18226,2.7794766,59654.75
18227,2.7801843,59657.53
18228,2.7809136,59660.312
18229,2.7819662,59663.094
18230,2.782731,59665.875
18231,2.7829578,59668.656
18232,2.7828953,59671.438
18233,2.783491,59674.223
18234,2.7829428,59677.004
18235,2.7828429,59679.785
18236,2.7829447,59682.566
18237,2.7832112,59685.35
18238,2.783615,59688.137
18239,2.7838674,59690.92
18240,2.7838244,59693.707
18241,2.7843084,59696.492
18242,2.7840416,59699.277
18243,2.7830365,59702.06
18244,2.7827644,59704.84
18245,2.781608,59707.62
18246,2.779006,59710.4
18247,2.7764838,59713.176
18248,2.7755675,59715.953
18249,2.7754376,59718.73
18250,2.7758098,59721.508
18251,2.7766647,59724.285
18252,2.7768185,59727.062
18253,2.777029,59729.84
18254,2.7768848,59732.617
18255,2.7758152,59735.395
18256,2.7748575,59738.168
18257,2.7743094,59740.94
18258,2.7740092,59743.715
18259,2.7742715,59746.49
18260,2.7754915,59749.266
18261,2.7776425,59752.043
18262,2.7810109,59754.824
18263,2.7839859,59757.61
18264,2.7835903,59760.395
18265,2.7822323,59763.176
18266,2.780825,59765.957
18267,2.7801178,59768.74
18268,2.7794774,59771.52
18269,2.7789683,59774.297
18270,2.778147,59777.074
18271,2.77704,59779.85
18272,2.776883,59782.63
18273,2.7769175,59785.406
18274,2.777939,59788.184
18275,2.7799344,59790.965
18276,2.780994,59793.746
18277,2.781421,59796.527
18278,2.7810323,59799.31
18279,2.7798254,59802.09
18280,2.779252,59804.867
18281,2.7788513,59807.645
18282,2.7794194,59810.426
18283,2.7789795,59813.203
18284,2.7784877,59815.98
18285,2.7768183,59818.758
18286,2.7747862,59821.53
18287,2.771991,59824.305
18288,2.7682216,59827.074
18289,2.7637382,59829.84
18290,2.761355,59832.6
18291,2.7602417,59835.363
18292,2.762144,59838.125
18293,2.7641542,59840.89
18294,2.7643294,59843.656
18295,2.7635155,59846.418
18296,2.7648056,59849.184
18297,2.7675781,59851.953
18298,2.769644,59854.723
18299,2.7716136,59857.496
18300,2.7720156,59860.27
18301,2.7731247,59863.043
18302,2.7757475,59865.82
18303,2.7783508,59868.598
18304,2.780812,59871.38
18305,2.782232,59874.16
18306,2.7821977,59876.94
18307,2.7814937,59879.723
18308,2.780484,59882.504
18309,2.7798703,59885.285
18310,2.7799475,59888.066
18311,2.7804503,59890.848
18312,2.781454,59893.63
18313,2.7817724,59896.41
18314,2.7824142,59899.19
18315,2.7832837,59901.977
18316,2.784969,59904.76
18317,2.786994,59907.547
18318,2.7892833,59910.336
18319,2.7911174,59913.13
18320,2.7915142,59915.92
18321,2.7909527,59918.71
18322,2.7900517,59921.5
18323,2.7890909,59924.29
18324,2.7883894,59927.08
18325,2.7870026,59929.863
18326,2.7863758,59932.65
18327,2.7866178,59935.434
18328,2.7878468,59938.223
18329,2.7898474,59941.01
18330,2.7916574,59943.805
18331,2.7944198,59946.598
18332,2.794978,59949.395
18333,2.7941525,59952.188
18334,2.792276,59954.98
18335,2.7898228,59957.77
18336,2.7875605,59960.56
18337,2.7850983,59963.344
18338,2.784632,59966.13
18339,2.7850897,59968.914
18340,2.7861493,59971.7
18341,2.7874918,59974.49
18342,2.7874935,59977.277
18343,2.7875936,59980.066
18344,2.7876596,59982.855
18345,2.7878885,59985.645
18346,2.787449,59988.434
18347,2.7871637,59991.223
18348,2.7869709,59994.008
18349,2.7871587,59996.797
18350,2.7871978,59999.586
18351,2.7872477,60002.375
18352,2.7874575,60005.164
18353,2.787926,60007.953
18354,2.7882636,60010.742
18355,2.7887318,60013.53
18356,2.7892349,60016.32
18357,2.7900887,60019.11
18358,2.7901556,60021.9
18359,2.7889953,60024.688
18360,2.7875478,60027.477
18361,2.7857776,60030.26
18362,2.7837093,60033.047
18363,2.7808843,60035.83
18364,2.779147,60038.605
18365,2.777481,60041.383
18366,2.7769132,60044.16
18367,2.7772038,60046.938
18368,2.7785113,60049.715
18369,2.7805254,60052.496
18370,2.7819529,60055.277
18371,2.7829328,60058.06
18372,2.7826822,60060.84
18373,2.7814877,60063.62
18374,2.780438,60066.402
18375,2.7790258,60069.18
18376,2.7785017,60071.957
18377,2.7784119,60074.734
18378,2.7788427,60077.51
18379,2.780307,60080.293
18380,2.7818017,60083.074
18381,2.782274,60085.855
18382,2.7815905,60088.637
18383,2.7798784,60091.418
18384,2.7786493,60094.195
18385,2.7786734,60096.973
18386,2.7797058,60099.754
18387,2.7821915,60102.535
18388,2.7837405,60105.32
18389,2.7845888,60108.105
18390,2.7847078,60110.89
18391,2.785222,60113.676
18392,2.7858694,60116.46
18393,2.7869148,60119.246
18394,2.7876587,60122.035
18395,2.787759,60124.824
18396,2.7879899,60127.613
18397,2.7878788,60130.402
18398,2.7880416,60133.19
18399,2.7882369,60135.98
18400,2.7887936,60138.77
18401,2.7894614,60141.56
18402,2.7900426,60144.348
18403,2.7904708,60147.137
18404,2.7902172,60149.926
18405,2.7890944,60152.715
18406,2.7884629,60155.504
18407,2.7883005,60158.293
18408,2.7871563,60161.082
18409,2.7846637,60163.867
18410,2.7824752,60166.65
18411,2.7803917,60169.43
18412,2.778874,60172.207
18413,2.7773788,60174.984
18414,2.7766669,60177.76
18415,2.7767053,60180.54
18416,2.777589,60183.316
18417,2.778495,60186.094
18418,2.779066,60188.87
18419,2.7797492,60191.652
18420,2.7800806,60194.434
18421,2.7799087,60197.215
18422,2.7783895,60199.992
18423,2.776149,60202.77
18424,2.7748592,60205.543
18425,2.7741754,60208.316
18426,2.7752025,60211.09
18427,2.7774892,60213.867
18428,2.7778294,60216.645
18429,2.7770705,60219.42
18430,2.775826,60222.2
18431,2.7753193,60224.973
18432,2.77515,60227.746
18433,2.7748644,60230.52
18434,2.7742746,60233.293
18435,2.7739382,60236.066
18436,2.773723,60238.84
18437,2.7734869,60241.613
18438,2.773634,60244.387
18439,2.7740068,60247.16
18440,2.774045,60249.934
18441,2.773463,60252.707
18442,2.7722256,60255.48
18443,2.7701716,60258.25
18444,2.768558,60261.02
18445,2.7667038,60263.785
18446,2.7658334,60266.55
18447,2.7648368,60269.316
18448,2.7649033,60272.082
18449,2.7668765,60274.848
18450,2.7685318,60277.617
18451,2.7692719,60280.387
18452,2.769736,60283.156
18453,2.7711182,60285.926
18454,2.7720983,60288.7
18455,2.7732477,60291.473
18456,2.774601,60294.246
18457,2.7752314,60297.02
18458,2.773756,60299.793
18459,2.7716537,60302.566
18460,2.7700725,60305.336
18461,2.7684898,60308.105
18462,2.767983,60310.875
18463,2.7678423,60313.645
18464,2.7688532,60316.414
18465,2.7699182,60319.184
18466,2.7702048,60321.953
18467,2.7699566,60324.723
18468,2.7697203,60327.492
18469,2.7693439,60330.26
18470,2.7691424,60333.03
18471,2.7695062,60335.8
18472,2.7705684,60338.57
18473,2.7709713,60341.34
18474,2.7724113,60344.113
18475,2.774587,60346.887
18476,2.7762704,60349.664
18477,2.7768216,60352.44
18478,2.774933,60355.215
18479,2.7722712,60357.99
18480,2.768268,60360.758
18481,2.763983,60363.523
18482,2.7612658,60366.285
18483,2.7592337,60369.043
18484,2.7595537,60371.8
18485,2.7604046,60374.562
18486,2.7618816,60377.324
18487,2.7631001,60380.086
18488,2.7628598,60382.848
18489,2.7611773,60385.61
18490,2.7593193,60388.367
18491,2.7573223,60391.125
18492,2.7563024,60393.883
18493,2.7547226,60396.637
18494,2.7552993,60399.39
18495,2.7568789,60402.15
18496,2.7581735,60404.906
18497,2.760541,60407.668
18498,2.7638915,60410.434
18499,2.766958,60413.2
18500,2.768738,60415.97
18501,2.7702918,60418.74
18502,2.7714944,60421.51
18503,2.7731235,60424.285
18504,2.7734723,60427.06
18505,2.7733254,60429.832
18506,2.771923,60432.605
18507,2.7698495,60435.375
18508,2.767864,60438.145
18509,2.7660081,60440.91
18510,2.7656107,60443.676
18511,2.7663765,60446.44
18512,2.7675653,60449.207
18513,2.7682552,60451.977
18514,2.7677417,60454.746
18515,2.765353,60457.51
18516,2.7639337,60460.277
18517,2.7623932,60463.04
18518,2.762214,60465.8
18519,2.7632675,60468.562
18520,2.7645028,60471.33
18521,2.765199,60474.094
18522,2.7655869,60476.86
18523,2.7659905,60479.625
18524,2.765537,60482.39
18525,2.7644403,60485.156
18526,2.7623403,60487.918
18527,2.7597861,60490.68
18528,2.7578783,60493.438
18529,2.755233,60496.19
18530,2.754039,60498.945
18531,2.75486,60501.7
18532,2.7569385,60504.457
18533,2.759065,60507.215
18534,2.7589295,60509.973
18535,2.758346,60512.73
18536,2.7573504,60515.49
18537,2.7561407,60518.246
18538,2.7555432,60521.0
18539,2.7565436,60523.758
18540,2.758207,60526.516
18541,2.759779,60529.277
18542,2.760032,60532.04
18543,2.7599404,60534.8
18544,2.7587764,60537.56
18545,2.7569094,60540.316
18546,2.755214,60543.07
18547,2.7544658,60545.824
18548,2.7542357,60548.58
18549,2.755321,60551.332
18550,2.7562973,60554.09
18551,2.7566512,60556.848
18552,2.7564876,60559.605
18553,2.757081,60562.363
18554,2.758471,60565.12
18555,2.7610185,60567.883
18556,2.7626636,60570.645
18557,2.7638597,60573.41
18558,2.7643785,60576.176
18559,2.7657874,60578.94
18560,2.7664874,60581.707
18561,2.7667427,60584.473
18562,2.7666373,60587.24
18563,2.7668808,60590.004
18564,2.7675269,60592.77
18565,2.7689705,60595.54
18566,2.7701519,60598.31
18567,2.7708786,60601.08
18568,2.7699447,60603.848
18569,2.7689812,60606.617
18570,2.7679045,60609.387
18571,2.7672052,60612.152
18572,2.7659197,60614.918
18573,2.7655258,60617.684
18574,2.7653975,60620.45
18575,2.7658784,60623.215
18576,2.7655954,60625.98
18577,2.7639754,60628.746
18578,2.7618496,60631.508
18579,2.7613714,60634.27
18580,2.7629874,60637.03
18581,2.7646978,60639.797
18582,2.7655427,60642.562
18583,2.7662792,60645.33
18584,2.7680058,60648.098
18585,2.7685733,60650.867
18586,2.768394,60653.637
18587,2.7671738,60656.402
18588,2.767359,60659.168
18589,2.76859,60661.938
18590,2.769705,60664.707
18591,2.7712905,60667.477
18592,2.7720752,60670.25
18593,2.77288,60673.023
18594,2.7750683,60675.797
18595,2.7761939,60678.574
18596,2.7766728,60681.35
18597,2.7756572,60684.13
18598,2.7744074,60686.902
18599,2.773433,60689.676
18600,2.77262,60692.45
18601,2.7716534,60695.223
18602,2.771332,60697.992
18603,2.7725909,60700.766
18604,2.7749252,60703.54
18605,2.7770236,60706.316
18606,2.777634,60709.094
18607,2.7771573,60711.87
18608,2.7768188,60714.65
18609,2.7762277,60717.426
18610,2.7758667,60720.203
18611,2.7759502,60722.98
18612,2.7756317,60725.758
18613,2.774932,60728.53
18614,2.7735393,60731.305
18615,2.7713406,60734.074
18616,2.7701344,60736.844
18617,2.769191,60739.613
18618,2.769695,60742.383
18619,2.7695198,60745.152
18620,2.7699673,60747.92
18621,2.7708669,60750.69
18622,2.7705169,60753.46
18623,2.7685256,60756.23
18624,2.765667,60758.996
18625,2.7631738,60761.758
18626,2.761443,60764.52
18627,2.7600195,60767.28
18628,2.7610831,60770.043
18629,2.7638803,60772.81
18630,2.7680092,60775.58
18631,2.7722964,60778.35
18632,2.7739613,60781.125
18633,2.7747867,60783.9
18634,2.7727423,60786.67
18635,2.76979,60789.44
18636,2.767864,60792.21
18637,2.7670276,60794.977
18638,2.7680085,60797.746
18639,2.7694998,60800.516
18640,2.769954,60803.285
18641,2.7709157,60806.055
18642,2.7725723,60808.83
18643,2.7748907,60811.6
18644,2.7759764,60814.38
18645,2.776401,60817.156
18646,2.777916,60819.934
18647,2.7793932,60822.715
18648,2.7809844,60825.496
18649,2.7815938,60828.277
18650,2.7817492,60831.06
18651,2.7817583,60833.84
18652,2.7814336,60836.62
18653,2.7808752,60839.402
18654,2.780952,60842.184
18655,2.7806027,60844.965
18656,2.7808418,60847.746
18657,2.781286,60850.527
18658,2.7807598,60853.31
18659,2.7794662,60856.09
18660,2.7787561,60858.867
18661,2.777807,60861.645
18662,2.7773395,60864.42
18663,2.7771182,60867.2
18664,2.7769082,60869.977
18665,2.7766476,60872.754
18666,2.7766068,60875.53
18667,2.7780325,60878.31
18668,2.7787828,60881.086
18669,2.779963,60883.867
18670,2.7790995,60886.645
18671,2.7766433,60889.42
18672,2.7735655,60892.195
18673,2.769731,60894.965
18674,2.7684581,60897.734
18675,2.769073,60900.504
18676,2.771136,60903.273
18677,2.7731545,60906.047
18678,2.77475,60908.82
18679,2.77658,60911.598
18680,2.777184,60914.375
18681,2.777952,60917.152
18682,2.7794678,60919.934
18683,2.7807827,60922.715
18684,2.7816882,60925.496
18685,2.7810614,60928.277
18686,2.7791204,60931.055
18687,2.7780986,60933.832
18688,2.7776885,60936.61
18689,2.7776685,60939.387
18690,2.7778847,60942.164
18691,2.7786996,60944.94
18692,2.778888,60947.72
18693,2.7785,60950.496
18694,2.7780292,60953.273
18695,2.7785604,60956.05
18696,2.7786403,60958.83
18697,2.778674,60961.605
18698,2.7783368,60964.383
18699,2.7785351,60967.16
18700,2.7782614,60969.938
18701,2.7781157,60972.715
18702,2.7787502,60975.492
18703,2.7802536,60978.273
18704,2.7812872,60981.055
18705,2.7816565,60983.836
18706,2.7813385,60986.617
18707,2.78061,60989.4
18708,2.7784386,60992.176
18709,2.7762947,60994.953
18710,2.7745278,60997.727
18711,2.7741938,61000.5
18712,2.7738953,61003.273
18713,2.7730834,61006.047
18714,2.77186,61008.82
18715,2.7704754,61011.59
18716,2.7692227,61014.36
18717,2.7691019,61017.13
18718,2.7696974,61019.9
18719,2.7707677,61022.668
18720,2.7717416,61025.44
18721,2.772374,61028.215
18722,2.7727108,61030.99
18723,2.7730172,61033.76
18724,2.7733612,61036.535
18725,2.774105,61039.31
18726,2.7754822,61042.086
18727,2.777366,61044.863
18728,2.778706,61047.64
18729,2.7799323,61050.42
18730,2.7807765,61053.203
18731,2.7825582,61055.984
18732,2.7829835,61058.766
18733,2.7820282,61061.547
18734,2.7815006,61064.33
18735,2.7809658,61067.11
18736,2.7820597,61069.89
18737,2.7832968,61072.676
18738,2.7851772,61075.46
18739,2.7875905,61078.25
18740,2.7893233,61081.04
18741,2.7897618,61083.83
18742,2.7892208,61086.617
18743,2.788189,61089.406
18744,2.787383,61092.195
18745,2.7865016,61094.98
18746,2.7857378,61097.766
18747,2.7843344,61100.55
18748,2.7831895,61103.332
18749,2.7831585,61106.113
18750,2.7850225,61108.9
18751,2.7868414,61111.684
18752,2.788002,61114.473
18753,2.7880805,61117.26
18754,2.787202,61120.05
18755,2.7866116,61122.836
18756,2.786694,61125.62
18757,2.786995,61128.406
18758,2.7873735,61131.195
18759,2.7877603,61133.984
18760,2.788159,61136.773
18761,2.7878172,61139.562
18762,2.788157,61142.35
18763,2.7881856,61145.14
18764,2.7882645,61147.93
18765,2.7880297,61150.72
18766,2.788277,61153.508
18767,2.7883165,61156.297
18768,2.7888055,61159.086
18769,2.7897027,61161.875
18770,2.7904832,61164.664
18771,2.7909784,61167.453
18772,2.7913473,61170.246
18773,2.7916963,61173.04
18774,2.791983,61175.832
18775,2.791652,61178.625
18776,2.7905939,61181.414
18777,2.788907,61184.203
18778,2.7877414,61186.992
18779,2.7876067,61189.78
18780,2.7880046,61192.57
18781,2.7880685,61195.36
18782,2.787972,61198.15
18783,2.7880814,61200.938
18784,2.7880034,61203.727
18785,2.7885137,61206.516
18786,2.7893143,61209.305
18787,2.7908611,61212.094
18788,2.7923555,61214.887
18789,2.7928255,61217.68
18790,2.7916727,61220.473
18791,2.790084,61223.26
18792,2.7898214,61226.05
18793,2.789297,61228.84
18794,2.7888172,61231.63
18795,2.7876327,61234.418
18796,2.7871966,61237.207
18797,2.7865732,61239.992
18798,2.7852054,61242.777
18799,2.7840884,61245.562
18800,2.7827587,61248.344
18801,2.7820196,61251.125
18802,2.7822795,61253.906
18803,2.78239,61256.688
18804,2.782156,61259.47
18805,2.7815378,61262.25
18806,2.780327,61265.03
18807,2.779839,61267.812
18808,2.77896,61270.59
18809,2.7779,61273.367
18810,2.775898,61276.145
18811,2.773463,61278.918
18812,2.770909,61281.688
18813,2.7689705,61284.457
18814,2.767012,61287.223
18815,2.7663023,61289.99
18816,2.766449,61292.754
18817,2.7667227,61295.52
18818,2.7670798,61298.285
18819,2.7681165,61301.055
18820,2.7683675,61303.824
18821,2.7684093,61306.594
18822,2.7679327,61309.363
18823,2.7671041,61312.13
18824,2.7656229,61314.895
18825,2.763469,61317.656
18826,2.7608676,61320.418
18827,2.7584548,61323.176
18828,2.756084,61325.934
18829,2.7538204,61328.688
18830,2.7527483,61331.44
18831,2.7523272,61334.195
18832,2.7532172,61336.95
18833,2.7533007,61339.703
18834,2.753282,61342.457
18835,2.7536733,61345.21
18836,2.7535257,61347.965
18837,2.7533062,61350.72
18838,2.753042,61353.473
18839,2.7530828,61356.227
18840,2.7542894,61358.98
18841,2.756947,61361.74
18842,2.7592556,61364.496
18843,2.7617247,61367.258
18844,2.7636185,61370.02
18845,2.7647152,61372.785
18846,2.7648468,61375.55
18847,2.7653792,61378.316
18848,2.7664297,61381.082
18849,2.7678566,61383.85
18850,2.7691765,61386.62
18851,2.7715242,61389.395
18852,2.7723958,61392.168
18853,2.7724817,61394.94
18854,2.773151,61397.715
18855,2.77396,61400.49
18856,2.7743158,61403.26
18857,2.773596,61406.035
18858,2.7733502,61408.81
18859,2.772803,61411.582
18860,2.7726388,61414.355
18861,2.7724295,61417.13
18862,2.7725616,61419.902
18863,2.7734625,61422.676
18864,2.7736664,61425.45
18865,2.7735736,61428.223
18866,2.7728,61430.996
18867,2.7725942,61433.77
18868,2.7729766,61436.543
18869,2.7728643,61439.316
18870,2.7713242,61442.086
18871,2.7686486,61444.855
18872,2.768218,61447.625
18873,2.7684474,61450.395
18874,2.7692273,61453.164
18875,2.7699594,61455.934
18876,2.771416,61458.703
18877,2.7734847,61461.477
18878,2.775285,61464.25
18879,2.775438,61467.027
18880,2.7742279,61469.8
18881,2.7733617,61472.574
18882,2.7723784,61475.348
18883,2.7714522,61478.117
18884,2.7706494,61480.887
18885,2.7700074,61483.656
18886,2.769382,61486.426
18887,2.7686672,61489.195
18888,2.768503,61491.965
18889,2.769171,61494.734
18890,2.7699242,61497.504
18891,2.7690966,61500.273
18892,2.7678838,61503.043
18893,2.767077,61505.81
18894,2.767341,61508.574
18895,2.7671697,61511.34
18896,2.769148,61514.11
18897,2.771044,61516.88
18898,2.7728207,61519.652
18899,2.7741563,61522.426
18900,2.7762723,61525.203
18901,2.7778533,61527.98
18902,2.7794156,61530.76
18903,2.781654,61533.543
18904,2.7832408,61536.33
18905,2.7850463,61539.113
18906,2.7853258,61541.9
18907,2.7846816,61544.684
18908,2.7837856,61547.47
18909,2.7829657,61550.25
18910,2.782734,61553.03
18911,2.7836056,61555.816
18912,2.7840102,61558.6
18913,2.783103,61561.383
18914,2.782583,61564.164
18915,2.7818255,61566.945
18916,2.7809787,61569.727
18917,2.7792008,61572.504
18918,2.7776382,61575.28
18919,2.7752483,61578.055
18920,2.7719672,61580.83
18921,2.7686605,61583.598
18922,2.7657068,61586.363
18923,2.7633338,61589.125
18924,2.762792,61591.887
18925,2.7637382,61594.652
18926,2.763517,61597.414
18927,2.7632751,61600.176
18928,2.7616265,61602.938
18929,2.7600844,61605.7
18930,2.7587352,61608.457
18931,2.7566354,61611.215
18932,2.7552745,61613.97
18933,2.7544892,61616.723
18934,2.7535036,61619.477
18935,2.7535455,61622.23
18936,2.7538347,61624.984
18937,2.7539093,61627.74
18938,2.7544937,61630.492
18939,2.7559764,61633.25
18940,2.7552555,61636.004
18941,2.7535112,61638.758
18942,2.7515934,61641.508
18943,2.751912,61644.258
18944,2.7531912,61647.01
18945,2.75543,61649.766
18946,2.7556221,61652.52
18947,2.7550845,61655.273
18948,2.7543032,61658.027
18949,2.7521007,61660.78
18950,2.7506442,61663.53
18951,2.7496054,61666.28
18952,2.7489035,61669.03
18953,2.7480702,61671.78
18954,2.7476342,61674.527
18955,2.7479076,61677.273
18956,2.7473886,61680.02
18957,2.746507,61682.766
18958,2.7454524,61685.51
18959,2.744417,61688.258
18960,2.7441845,61691.004
18961,2.74435,61693.75
18962,2.7446191,61696.496
18963,2.7442584,61699.242
18964,2.744025,61701.984
18965,2.7456543,61704.73
18966,2.7481227,61707.48
18967,2.7498882,61710.23
18968,2.7510543,61712.98
18969,2.7520068,61715.734
18970,2.753541,61718.49
18971,2.7546005,61721.242
18972,2.7556167,61723.996
18973,2.7579453,61726.754
18974,2.7604525,61729.516
18975,2.7624664,61732.277
18976,2.7632065,61735.04
18977,2.7627318,61737.8
18978,2.7616773,61740.562
18979,2.76047,61743.324
18980,2.7596197,61746.082
18981,2.760485,61748.844
18982,2.760608,61751.605
18983,2.7609355,61754.367
18984,2.760759,61757.13
18985,2.7610855,61759.89
18986,2.7620733,61762.652
18987,2.7642145,61765.418
18988,2.765941,61768.184
18989,2.7665193,61770.95
18990,2.768154,61773.72
18991,2.7680902,61776.49
18992,2.7688777,61779.258
18993,2.7695384,61782.027
18994,2.7694387,61784.797
18995,2.7677295,61787.566
18996,2.7661057,61790.332
18997,2.764899,61793.098
18998,2.7642374,61795.863
18999,2.7641518,61798.63
19000,2.7651467,61801.395
19001,2.767013,61804.16
19002,2.7693224,61806.93
19003,2.7715607,61809.703
19004,2.7733395,61812.477
19005,2.774663,61815.25
19006,2.7749846,61818.023
19007,2.7740772,61820.797
19008,2.772789,61823.57
19009,2.7716436,61826.344
19010,2.7725196,61829.117
19011,2.773648,61831.89
19012,2.7749093,61834.664
19013,2.7749834,61837.438
19014,2.7747922,61840.21
19015,2.7751842,61842.984
19016,2.7753656,61845.758
19017,2.7752843,61848.53
19018,2.7747183,61851.305
19019,2.7744036,61854.08
19020,2.7742636,61856.85
19021,2.7746549,61859.625
19022,2.7747798,61862.4
19023,2.7739782,61865.17
19024,2.7731264,61867.945
19025,2.7730663,61870.72
19026,2.773553,61873.492
19027,2.7737594,61876.266
19028,2.7736492,61879.04
19029,2.7730691,61881.812
19030,2.7723813,61884.586
19031,2.7706385,61887.355
19032,2.7695096,61890.125
19033,2.7691665,61892.895
19034,2.7695045,61895.664
19035,2.770738,61898.434
19036,2.772252,61901.207
19037,2.773658,61903.98
19038,2.7753408,61906.754
19039,2.776992,61909.53
19040,2.7772512,61912.31
19041,2.7764978,61915.086
19042,2.775091,61917.86
19043,2.7736876,61920.633
19044,2.7732089,61923.406
19045,2.774062,61926.18
19046,2.7758641,61928.957
19047,2.7783198,61931.734
19048,2.7810898,61934.516
19049,2.7842598,61937.3
19050,2.7872286,61940.09
19051,2.7901475,61942.88
19052,2.7902904,61945.668
19053,2.788966,61948.457
19054,2.7866504,61951.242
19055,2.7842162,61954.027
19056,2.781998,61956.81
19057,2.7793975,61959.59
19058,2.7782326,61962.367
19059,2.7769835,61965.145
19060,2.776099,61967.92
19061,2.7763882,61970.7
19062,2.7754464,61973.477
19063,2.7736697,61976.25
19064,2.7725549,61979.023
19065,2.7716663,61981.797
19066,2.7712567,61984.566
19067,2.771173,61987.336
19068,2.7722156,61990.11
19069,2.7739727,61992.883
19070,2.7742624,61995.656
19071,2.773196,61998.43
19072,2.771577,62001.203
19073,2.7703264,62003.973
19074,2.7703536,62006.742
19075,2.7712142,62009.51
19076,2.7716706,62012.285
19077,2.7704692,62015.055
19078,2.7692504,62017.824
19079,2.767898,62020.594
19080,2.7675035,62023.36
19081,2.7682443,62026.13
19082,2.7693114,62028.9
19083,2.7703032,62031.668
19084,2.7713335,62034.438
19085,2.7729905,62037.21
19086,2.774736,62039.984
19087,2.7764027,62042.76
19088,2.7775993,62045.54
19089,2.7785482,62048.316
19090,2.7802064,62051.098
19091,2.7817123,62053.88
19092,2.7832096,62056.664
19093,2.7842243,62059.45
19094,2.7858858,62062.234
19095,2.7879162,62065.023
19096,2.7895136,62067.812
19097,2.7901845,62070.6
19098,2.7897954,62073.39
19099,2.7893949,62076.18
19100,2.7879815,62078.97
19101,2.7867708,62081.754
19102,2.7859814,62084.54
19103,2.7854326,62087.324
19104,2.7856781,62090.11
19105,2.786193,62092.895
19106,2.7865534,62095.68
19107,2.7871227,62098.47
19108,2.787888,62101.258
19109,2.7887812,62104.047
19110,2.7887273,62106.836
19111,2.7880068,62109.625
19112,2.786766,62112.41
19113,2.7859344,62115.195
19114,2.7864113,62117.98
19115,2.7862482,62120.766
19116,2.7863631,62123.55
19117,2.786973,62126.336
19118,2.7867115,62129.12
19119,2.786032,62131.906
19120,2.785628,62134.69
19121,2.7850544,62137.477
19122,2.7845657,62140.26
19123,2.784497,62143.047
19124,2.7842712,62145.832
19125,2.785208,62148.617
19126,2.7858002,62151.402
19127,2.7862554,62154.188
19128,2.7853806,62156.973
19129,2.7845798,62159.758
19130,2.7845163,62162.543
19131,2.7852483,62165.33
19132,2.785966,62168.113
19133,2.7864904,62170.9
19134,2.7858605,62173.684
19135,2.7849061,62176.47
19136,2.7831664,62179.25
19137,2.7810686,62182.03
19138,2.7801256,62184.812
19139,2.7805145,62187.594
19140,2.780877,62190.375
19141,2.781527,62193.156
19142,2.7811093,62195.938
19143,2.7798576,62198.72
19144,2.7802336,62201.5
19145,2.7799575,62204.28
19146,2.779308,62207.062
19147,2.7770963,62209.84
19148,2.775017,62212.613
19149,2.7737477,62215.387
19150,2.7736325,62218.16
19151,2.7741432,62220.934
19152,2.7744427,62223.707
19153,2.7743459,62226.48
19154,2.7752035,62229.254
19155,2.77587,62232.03
19156,2.7752564,62234.805
19157,2.7741764,62237.58
19158,2.773546,62240.35
19159,2.7734244,62243.125
19160,2.7744336,62245.9
19161,2.7762203,62248.676
19162,2.7779856,62251.453
19163,2.7800207,62254.234
19164,2.7819989,62257.016
19165,2.7839584,62259.8
19166,2.7858367,62262.586
19167,2.7876723,62265.375
19168,2.788473,62268.164
19169,2.7890465,62270.953
19170,2.7885802,62273.742
19171,2.7877178,62276.53
19172,2.786419,62279.316
19173,2.78527,62282.1
19174,2.7844646,62284.887
19175,2.7845986,62287.67
19176,2.7839382,62290.457
19177,2.7825792,62293.24
19178,2.7816167,62296.02
19179,2.7811954,62298.8
19180,2.7814739,62301.582
19181,2.7813907,62304.363
19182,2.7817197,62307.145
19183,2.7817352,62309.926
19184,2.7815924,62312.707
19185,2.7805285,62315.49
19186,2.7788522,62318.266
19187,2.7764,62321.043
19188,2.7750773,62323.816
19189,2.7748733,62326.59
19190,2.776021,62329.367
19191,2.7766812,62332.145
19192,2.777304,62334.92
19193,2.7780383,62337.7
19194,2.7785928,62340.477
19195,2.7789142,62343.254
19196,2.7790353,62346.03
19197,2.7785833,62348.81
19198,2.7789922,62351.586
19199,2.779393,62354.367
19200,2.7799208,62357.15
19201,2.7796426,62359.93
19202,2.778673,62362.707
19203,2.7784653,62365.484
19204,2.779275,62368.26
19205,2.7809734,62371.043
19206,2.7813582,62373.824
19207,2.780133,62376.605
19208,2.778064,62379.383
19209,2.7763143,62382.16
19210,2.774814,62384.934
19211,2.7741306,62387.707
19212,2.7738605,62390.48
19213,2.7740002,62393.254
19214,2.7744708,62396.027
19215,2.776121,62398.805
19216,2.7770505,62401.582
19217,2.777778,62404.36
19218,2.7791328,62407.137
19219,2.780183,62409.918
19220,2.780486,62412.7
19221,2.7802682,62415.48
19222,2.7793689,62418.26
19223,2.77796,62421.04
19224,2.7771966,62423.816
19225,2.776507,62426.594
19226,2.7771108,62429.37
19227,2.7778714,62432.15
19228,2.7789087,62434.926
19229,2.7796733,62437.707
19230,2.779805,62440.49
19231,2.780624,62443.27
19232,2.781122,62446.05
19233,2.7824266,62448.832
19234,2.7831366,62451.613
19235,2.7839956,62454.4
19236,2.7843874,62457.184
19237,2.784447,62459.97
19238,2.7841842,62462.754
19239,2.7832031,62465.54
19240,2.7813318,62468.32
19241,2.7797666,62471.1
19242,2.7790866,62473.88
19243,2.7785232,62476.656
19244,2.7788134,62479.434
19245,2.7786853,62482.21
19246,2.7774997,62484.99
19247,2.7758603,62487.766
19248,2.7743335,62490.54
19249,2.7733853,62493.312
19250,2.7732275,62496.086
19251,2.7732353,62498.86
19252,2.7730267,62501.633
19253,2.773656,62504.406
19254,2.773438,62507.18
19255,2.7727108,62509.953
19256,2.7712326,62512.723
19257,2.7693763,62515.492
19258,2.7692096,62518.26
19259,2.769172,62521.03
19260,2.769094,62523.8
19261,2.7684286,62526.57
19262,2.767888,62529.34
19263,2.7678788,62532.11
19264,2.767928,62534.88
19265,2.7676826,62537.65
19266,2.7679274,62540.418
19267,2.769699,62543.188
19268,2.7719336,62545.96
19269,2.7733235,62548.734
19270,2.7729623,62551.508
19271,2.772252,62554.28
19272,2.7715435,62557.055
19273,2.7705166,62559.824
19274,2.7693102,62562.594
19275,2.768306,62565.363
19276,2.7684538,62568.133
19277,2.7693248,62570.902
19278,2.7687414,62573.67
19279,2.7673683,62576.438
19280,2.766693,62579.203
19281,2.7673426,62581.97
19282,2.7676468,62584.74
19283,2.767903,62587.508
19284,2.7674694,62590.273
19285,2.7671556,62593.04
19286,2.7669601,62595.805
19287,2.7668412,62598.57
19288,2.7665932,62601.336
19289,2.766546,62604.1
19290,2.7666795,62606.867
19291,2.7668958,62609.633
19292,2.768269,62612.402
19293,2.7699246,62615.17
19294,2.7710116,62617.94
19295,2.7693167,62620.71
19296,2.7666583,62623.477
19297,2.7633932,62626.24
19298,2.7607782,62629.0
19299,2.7594619,62631.758
19300,2.7582586,62634.516
19301,2.756748,62637.273
19302,2.754971,62640.027
19303,2.753611,62642.78
19304,2.752891,62645.535
19305,2.7521505,62648.29
19306,2.7528646,62651.043
19307,2.7541974,62653.797
19308,2.75377,62656.55
19309,2.75255,62659.305
19310,2.7520185,62662.06
19311,2.7520278,62664.812
19312,2.7528741,62667.566
19313,2.7545912,62670.32
19314,2.7560866,62673.08
19315,2.7578156,62675.836
19316,2.7585876,62678.594
19317,2.7594671,62681.35
19318,2.7592938,62684.11
19319,2.759874,62686.87
19320,2.7590005,62689.63
19321,2.7561755,62692.387
19322,2.755222,62695.14
19323,2.7553263,62697.895
19324,2.7583644,62700.652
19325,2.761607,62703.414
19326,2.7629447,62706.176
19327,2.7628055,62708.938
19328,2.7635965,62711.7
19329,2.762602,62714.46
19330,2.760182,62717.223
19331,2.7573483,62719.98
19332,2.7551553,62722.734
19333,2.7527633,62725.49
19334,2.7535272,62728.242
19335,2.7562368,62731.0
19336,2.7572968,62733.758
19337,2.7568393,62736.516
19338,2.7560277,62739.273
19339,2.7561607,62742.03
19340,2.7557547,62744.785
19341,2.755487,62747.54
19342,2.7551064,62750.293
19343,2.7550004,62753.047
19344,2.7543035,62755.8
19345,2.7526999,62758.555
19346,2.7527022,62761.31
19347,2.753683,62764.062
19348,2.7544627,62766.816
19349,2.754276,62769.57
19350,2.753707,62772.324
19351,2.7533188,62775.08
19352,2.7514741,62777.83
19353,2.7488186,62780.58
19354,2.7473438,62783.324
19355,2.745698,62786.07
19356,2.745997,62788.816
19357,2.7466643,62791.562
19358,2.748774,62794.312
19359,2.7515705,62797.062
19360,2.753357,62799.816
19361,2.753347,62802.57
19362,2.7532232,62805.324
19363,2.7532828,62808.08
19364,2.7534475,62810.832
19365,2.7528327,62813.586
19366,2.7515786,62816.336
19367,2.7505374,62819.086
19368,2.7503161,62821.836
19369,2.7516184,62824.586
19370,2.7530925,62827.34
19371,2.7553813,62830.094
19372,2.7570038,62832.85
19373,2.758977,62835.61
19374,2.7597237,62838.367
19375,2.7605124,62841.13
19376,2.7606256,62843.89
19377,2.760655,62846.652
19378,2.7629647,62849.414
19379,2.766082,62852.18
19380,2.76955,62854.95
19381,2.7716217,62857.723
19382,2.7729278,62860.496
19383,2.7758489,62863.273
19384,2.7794626,62866.055
19385,2.78222,62868.836
19386,2.7844365,62871.62
19387,2.7870703,62874.406
19388,2.7902212,62877.195
19389,2.7923126,62879.99
19390,2.7934494,62882.78
19391,2.7931325,62885.574
19392,2.792577,62888.367
19393,2.7913883,62891.16
19394,2.7900827,62893.95
19395,2.7890594,62896.74
19396,2.7882352,62899.527
19397,2.78721,62902.316
19398,2.785501,62905.1
19399,2.7835872,62907.887
19400,2.7814953,62910.668
19401,2.779992,62913.45
19402,2.7792506,62916.227
19403,2.7800317,62919.008
19404,2.781809,62921.79
19405,2.7844481,62924.574
19406,2.7860196,62927.36
19407,2.786934,62930.145
19408,2.7873034,62932.934
19409,2.7869778,62935.72
19410,2.7865014,62938.504
19411,2.7856066,62941.29
19412,2.78412,62944.074
19413,2.7827706,62946.855
19414,2.7820113,62949.637
19415,2.781531,62952.418
19416,2.781014,62955.2
19417,2.7804272,62957.98
19418,2.7795413,62960.76
19419,2.7798157,62963.543
19420,2.781842,62966.324
19421,2.784304,62969.11
19422,2.7865932,62971.895
19423,2.7877278,62974.684
19424,2.7876089,62977.473
19425,2.7865949,62980.258
19426,2.78584,62983.043
19427,2.7859545,62985.83
19428,2.785567,62988.613
19429,2.7849727,62991.4
19430,2.7847803,62994.184
19431,2.7853255,62996.97
19432,2.7863688,62999.754
19433,2.7876635,63002.543
19434,2.7888896,63005.332
19435,2.790773,63008.12
19436,2.7926128,63010.914
19437,2.7939904,63013.707
19438,2.7936015,63016.5
19439,2.792862,63019.293
19440,2.7923758,63022.086
19441,2.792039,63024.88
19442,2.791492,63027.67
19443,2.7904003,63030.46
19444,2.7889855,63033.25
19445,2.7874572,63036.04
19446,2.7865922,63038.824
19447,2.7856247,63041.61
19448,2.785058,63044.395
19449,2.7842858,63047.18
19450,2.7830734,63049.96
19451,2.7814717,63052.742
19452,2.780035,63055.523
19453,2.7787008,63058.3
19454,2.777595,63061.08
19455,2.7765756,63063.855
19456,2.7758713,63066.633
19457,2.775392,63069.41
19458,2.7744012,63072.184
19459,2.7734287,63074.957
19460,2.772432,63077.73
19461,2.7715607,63080.504
19462,2.7709448,63083.273
19463,2.7698054,63086.043
19464,2.7684314,63088.812
19465,2.7670922,63091.58
19466,2.7660646,63094.344
19467,2.7658908,63097.11
19468,2.7653964,63099.875
19469,2.7643235,63102.64
19470,2.7621362,63105.402
19471,2.7604816,63108.164
19472,2.75897,63110.92
19473,2.7577002,63113.68
19474,2.7564404,63116.438
19475,2.755818,63119.19
19476,2.75653,63121.95
19477,2.7582529,63124.707
19478,2.759401,63127.465
19479,2.76,63130.227
19480,2.7602909,63132.99
19481,2.7597258,63135.746
19482,2.7585943,63138.504
19483,2.7584245,63141.26
19484,2.7590206,63144.02
19485,2.7606106,63146.78
19486,2.7612743,63149.543
19487,2.762158,63152.305
19488,2.7633872,63155.066
19489,2.7651901,63157.832
19490,2.7669659,63160.598
19491,2.768213,63163.367
19492,2.7685735,63166.137
19493,2.76869,63168.906
19494,2.7687826,63171.676
19495,2.768717,63174.445
19496,2.767695,63177.215
19497,2.766399,63179.98
19498,2.7654924,63182.746
19499,2.7637575,63185.51
19500,2.7624125,63188.273
19501,2.7619798,63191.035
19502,2.7622359,63193.797
19503,2.7624445,63196.56
19504,2.7638528,63199.324
19505,2.7666445,63202.09
19506,2.7682137,63204.86
19507,2.768205,63207.63
19508,2.7675087,63210.395
19509,2.7667413,63213.16
19510,2.7663672,63215.926
19511,2.7671616,63218.69
19512,2.767559,63221.457
19513,2.7659688,63224.223
19514,2.7625458,63226.984
19515,2.7592685,63229.742
19516,2.7583618,63232.5
19517,2.7585258,63235.258
19518,2.758644,63238.016
19519,2.7582889,63240.773
19520,2.7574258,63243.53
19521,2.7558446,63246.285
19522,2.753109,63249.04
19523,2.7496676,63251.79
19524,2.7482355,63254.54
19525,2.74936,63257.29
19526,2.7516525,63260.04
19527,2.752792,63262.793
19528,2.7530031,63265.547
19529,2.7520525,63268.3
19530,2.7508667,63271.05
19531,2.7481732,63273.8
19532,2.747901,63276.547
19533,2.7488747,63279.297
19534,2.7506669,63282.047
19535,2.7525265,63284.8
19536,2.7556703,63287.555
19537,2.7583444,63290.312
19538,2.7608104,63293.074
19539,2.7635257,63295.836
19540,2.7664113,63298.6
19541,2.7677221,63301.37
19542,2.7676198,63304.14
19543,2.766898,63306.906
19544,2.767232,63309.67
19545,2.769597,63312.44
19546,2.7734363,63315.215
19547,2.7769132,63317.992
19548,2.7786458,63320.77
19549,2.7788506,63323.547
19550,2.778411,63326.324
19551,2.7775574,63329.1
19552,2.7769136,63331.88
19553,2.7768273,63334.656
19554,2.7766109,63337.434
19555,2.776519,63340.21
19556,2.777512,63342.99
19557,2.779127,63345.766
19558,2.7796433,63348.547
19559,2.7791224,63351.324
19560,2.7781258,63354.1
19561,2.7764938,63356.88
19562,2.7746465,63359.652
19563,2.7725444,63362.426
19564,2.7727137,63365.2
19565,2.7730184,63367.973
19566,2.7727268,63370.746
19567,2.7706995,63373.516
19568,2.7677808,63376.285
19569,2.7646463,63379.05
19570,2.763695,63381.816
19571,2.7622042,63384.58
19572,2.763064,63387.34
19573,2.7644086,63390.105
19574,2.7674358,63392.87
19575,2.771336,63395.64
19576,2.7748156,63398.414
19577,2.7776234,63401.19
19578,2.779369,63403.973
19579,2.780894,63406.754
19580,2.783385,63409.54
19581,2.7854388,63412.324
19582,2.7871838,63415.113
19583,2.788935,63417.902
19584,2.7896612,63420.69
19585,2.7891314,63423.48
19586,2.7883713,63426.27
19587,2.787893,63429.06
19588,2.7868917,63431.844
19589,2.786424,63434.63
19590,2.7855496,63437.414
19591,2.7848437,63440.2
19592,2.7841525,63442.984
19593,2.7845318,63445.77
19594,2.7843618,63448.555
19595,2.7838638,63451.34
19596,2.7835476,63454.125
19597,2.7833254,63456.91
19598,2.7829165,63459.69
19599,2.7820098,63462.473
19600,2.7813528,63465.254
19601,2.781158,63468.035
19602,2.7822108,63470.816
19603,2.7840915,63473.6
19604,2.7855377,63476.387
19605,2.7871594,63479.176
19606,2.7879393,63481.965
19607,2.7882674,63484.754
19608,2.7880275,63487.543
19609,2.7874184,63490.332
19610,2.7865143,63493.117
19611,2.7853425,63495.902
19612,2.7831562,63498.684
19613,2.7813177,63501.465
19614,2.7803109,63504.246
19615,2.7798629,63507.027
19616,2.779709,63509.81
19617,2.7793896,63512.59
19618,2.7780232,63515.367
19619,2.7774265,63518.145
19620,2.7784908,63520.92
19621,2.781033,63523.703
19622,2.783433,63526.49
19623,2.7857,63529.273
19624,2.7869613,63532.06
19625,2.7887404,63534.848
19626,2.7887607,63537.637
19627,2.787186,63540.426
19628,2.7847536,63543.21
19629,2.780866,63545.992
19630,2.777221,63548.77
19631,2.7736492,63551.543
19632,2.772319,63554.316
19633,2.771657,63557.09
19634,2.769233,63559.86
19635,2.7651196,63562.625
19636,2.7624402,63565.387
19637,2.7613335,63568.15
19638,2.7618446,63570.91
19639,2.7619915,63573.67
19640,2.7612936,63576.434
19641,2.7605007,63579.195
19642,2.7607148,63581.957
19643,2.7603152,63584.72
19644,2.7580695,63587.477
19645,2.75508,63590.23
19646,2.7530248,63592.984
19647,2.752652,63595.74
19648,2.7524555,63598.492
19649,2.753623,63601.246
19650,2.753609,63604.0
19651,2.7532449,63606.754
19652,2.7521636,63609.508
19653,2.7500834,63612.258
19654,2.7475219,63615.004
19655,2.745788,63617.75
19656,2.7453222,63620.496
19657,2.7461345,63623.242
19658,2.7466767,63625.99
19659,2.7469978,63628.734
19660,2.7468812,63631.48
19661,2.7460341,63634.227
19662,2.7471066,63636.973
19663,2.7503576,63639.723
19664,2.7544284,63642.477
19665,2.7586124,63645.234
19666,2.7599878,63647.996
19667,2.7603045,63650.758
19668,2.7616534,63653.52
19669,2.7633018,63656.28
19670,2.7655191,63659.047
19671,2.7689006,63661.816
19672,2.7714653,63664.586
19673,2.7737164,63667.36
19674,2.7750804,63670.133
19675,2.7771509,63672.91
19676,2.7775502,63675.688
19677,2.7762954,63678.465
19678,2.7745333,63681.24
19679,2.7719793,63684.01
19680,2.7708068,63686.78
19681,2.7712255,63689.55
19682,2.773256,63692.324
19683,2.7750237,63695.098
19684,2.776639,63697.875
19685,2.7785778,63700.652
19686,2.7788591,63703.43
19687,2.7782342,63706.207
19688,2.777106,63708.984
19689,2.7748513,63711.758
19690,2.7730021,63714.53
19691,2.7716832,63717.305
19692,2.7710004,63720.074
19693,2.7699776,63722.844
19694,2.7699187,63725.613
19695,2.7709916,63728.383
19696,2.7736197,63731.156
19697,2.7769756,63733.934
19698,2.7790773,63736.71
19699,2.779805,63739.492
19700,2.7782357,63742.27
19701,2.7754686,63745.047
19702,2.7730725,63747.82
19703,2.7705393,63750.59
19704,2.768159,63753.36
19705,2.7660096,63756.125
19706,2.764579,63758.89
19707,2.7638164,63761.656
19708,2.7626278,63764.418
19709,2.7626398,63767.18
19710,2.7636619,63769.94
19711,2.7653775,63772.707
19712,2.7676897,63775.477
19713,2.7701552,63778.246
19714,2.7712576,63781.016
19715,2.7704275,63783.785
19716,2.769936,63786.555
19717,2.7705321,63789.324
19718,2.7713723,63792.094
19719,2.7728899,63794.867
19720,2.7745044,63797.64
19721,2.776388,63800.418
19722,2.7778027,63803.195
19723,2.7786474,63805.973
19724,2.77955,63808.754
19725,2.7802718,63811.535
19726,2.7802002,63814.316
19727,2.7799916,63817.098
19728,2.7796314,63819.88
19729,2.7789485,63822.656
19730,2.7788396,63825.434
19731,2.7791367,63828.21
19732,2.7788658,63830.99
19733,2.778499,63833.766
19734,2.776828,63836.543
19735,2.7743697,63839.316
19736,2.7734137,63842.09
19737,2.773391,63844.863
19738,2.7736428,63847.637
19739,2.7727911,63850.41
19740,2.7723122,63853.184
19741,2.7722003,63855.957
19742,2.7725372,63858.73
19743,2.773456,63861.504
19744,2.77382,63864.277
19745,2.774202,63867.05
19746,2.7740223,63869.824
19747,2.7738082,63872.598
19748,2.7733386,63875.37
19749,2.7721047,63878.145
19750,2.7705834,63880.914
19751,2.768616,63883.684
19752,2.765845,63886.45
19753,2.7621858,63889.21
19754,2.759285,63891.97
19755,2.7571356,63894.727
19756,2.756769,63897.484
19757,2.757242,63900.242
19758,2.759135,63903.0
19759,2.761983,63905.76
19760,2.7644913,63908.527
19761,2.7666945,63911.293
19762,2.7680168,63914.062
19763,2.7687688,63916.832
19764,2.769042,63919.6
19765,2.768548,63922.37
19766,2.7687128,63925.14
19767,2.7688231,63927.91
19768,2.7685254,63930.68
19769,2.768335,63933.45
19770,2.7672489,63936.215
19771,2.766262,63938.98
19772,2.7652786,63941.746
19773,2.7642803,63944.51
19774,2.7644145,63947.277
19775,2.7646747,63950.043
19776,2.7660468,63952.81
19777,2.7685,63955.58
19778,2.77134,63958.348
19779,2.7735834,63961.12
19780,2.7747943,63963.895
19781,2.7753148,63966.668
19782,2.7752414,63969.44
19783,2.7752419,63972.215
19784,2.7763608,63974.992
19785,2.7774472,63977.77
19786,2.7785614,63980.547
19787,2.778801,63983.324
19788,2.7792168,63986.1
19789,2.778901,63988.88
19790,2.7782407,63991.656
19791,2.7775671,63994.434
19792,2.7769833,63997.21
19793,2.7772205,63999.99
19794,2.7770681,64002.766
19795,2.7780821,64005.543
19796,2.779802,64008.324
19797,2.7820666,64011.105
19798,2.7828991,64013.887
19799,2.7823665,64016.668
19800,2.780579,64019.45
19801,2.779074,64022.227
19802,2.7789261,64025.004
19803,2.7781725,64027.78
19804,2.7788491,64030.56
19805,2.7802904,64033.34
19806,2.7819529,64036.12
19807,2.7829502,64038.902
19808,2.782667,64041.684
19809,2.7824945,64044.465
19810,2.7823813,64047.246
19811,2.782992,64050.027
19812,2.7836711,64052.812
19813,2.7837722,64055.598
19814,2.7836063,64058.383
19815,2.7836013,64061.168
19816,2.7830267,64063.95
19817,2.7816482,64066.73
19818,2.7805743,64069.51
19819,2.779533,64072.293
19820,2.7799637,64075.074
19821,2.781259,64077.855
19822,2.7835855,64080.64
19823,2.7870727,64083.426
19824,2.7896438,64086.215
19825,2.7915094,64089.008
19826,2.7917693,64091.8
19827,2.7918897,64094.594
19828,2.79265,64097.387
19829,2.7933304,64100.18
19830,2.7933092,64102.973
19831,2.7933514,64105.766
19832,2.7922308,64108.56
19833,2.7906117,64111.348
19834,2.7886994,64114.137
19835,2.787142,64116.926
19836,2.7856894,64119.71
19837,2.7841775,64122.496
19838,2.7832448,64125.28
19839,2.7822075,64128.062
19840,2.7815967,64130.844
19841,2.780858,64133.625
19842,2.7810156,64136.406
19843,2.7807953,64139.188
19844,2.7808816,64141.97
19845,2.7811215,64144.75
19846,2.7805724,64147.53
19847,2.779668,64150.312
19848,2.7786205,64153.09
19849,2.7783651,64155.867
19850,2.7783554,64158.645
19851,2.7781506,64161.42
19852,2.7772303,64164.2
19853,2.7762585,64166.977
19854,2.7742703,64169.75
19855,2.7710814,64172.52
19856,2.7681472,64175.29
19857,2.7653985,64178.055
19858,2.7654064,64180.82
19859,2.7671883,64183.586
19860,2.7676568,64186.355
19861,2.767707,64189.125
19862,2.76626,64191.89
19863,2.7661264,64194.656
19864,2.7662487,64197.42
19865,2.7656505,64200.188
19866,2.7644744,64202.953
19867,2.7629552,64205.715
19868,2.7623827,64208.477
19869,2.762138,64211.24
19870,2.762965,64214.0
19871,2.7641635,64216.766
19872,2.764036,64219.53
19873,2.7632818,64222.293
19874,2.7629857,64225.055
19875,2.763172,64227.816
19876,2.7639873,64230.582
19877,2.765443,64233.348
19878,2.7671459,64236.113
19879,2.7675138,64238.88
19880,2.7677588,64241.65
19881,2.7676897,64244.418
19882,2.7670608,64247.184
19883,2.7661252,64249.95
19884,2.7667224,64252.715
19885,2.7679982,64255.484
19886,2.7683172,64258.254
19887,2.7686248,64261.023
19888,2.7678936,64263.793
19889,2.767659,64266.562
19890,2.768584,64269.332
19891,2.770522,64272.1
19892,2.7722647,64274.875
19893,2.7731369,64277.65
19894,2.7724156,64280.42
19895,2.7714596,64283.19
19896,2.7726707,64285.965
19897,2.774132,64288.74
19898,2.7762287,64291.516
19899,2.7778294,64294.293
19900,2.7774184,64297.07
19901,2.7767487,64299.848
19902,2.775101,64302.62
19903,2.771973,64305.395
19904,2.7707708,64308.164
19905,2.7699795,64310.934
19906,2.7698102,64313.703
19907,2.7695096,64316.473
19908,2.7707245,64319.242
19909,2.7728837,64322.016
19910,2.7743847,64324.79
19911,2.7751453,64327.562
19912,2.7742784,64330.336
19913,2.7733586,64333.11
19914,2.7714653,64335.88
19915,2.769794,64338.65
19916,2.7697368,64341.418
19917,2.7698495,64344.188
19918,2.7698417,64346.957
19919,2.770374,64349.727
19920,2.7720957,64352.5
19921,2.773754,64355.273
19922,2.775319,64358.047
19923,2.776846,64360.824
19924,2.7781088,64363.6
19925,2.77875,64366.38
19926,2.7784417,64369.156
19927,2.778387,64371.934
19928,2.777745,64374.71
19929,2.7779553,64377.49
19930,2.7782583,64380.266
19931,2.7787588,64383.043
19932,2.7791808,64385.82
19933,2.7794936,64388.6
19934,2.7787685,64391.38
19935,2.7774222,64394.156
19936,2.776093,64396.934
19937,2.7754505,64399.71
19938,2.7753894,64402.484
19939,2.775705,64405.26
19940,2.7762172,64408.04
19941,2.7760637,64410.816
19942,2.7748513,64413.59
19943,2.7732773,64416.363
19944,2.771756,64419.137
19945,2.7704735,64421.906
19946,2.769644,64424.676
19947,2.7708619,64427.445
19948,2.7717004,64430.22
19949,2.7719622,64432.992
19950,2.7722664,64435.766
19951,2.7723007,64438.54
19952,2.7717702,64441.312
19953,2.7707078,64444.082
19954,2.7698,64446.85
19955,2.7688532,64449.62
19956,2.767699,64452.39
19957,2.7675707,64455.156
19958,2.7662008,64457.92
19959,2.7637649,64460.688
19960,2.759891,64463.45
19961,2.7562563,64466.207
19962,2.7535412,64468.96
19963,2.7501807,64471.71
19964,2.7479208,64474.457
19965,2.7471766,64477.203
19966,2.7468638,64479.95
19967,2.747418,64482.695
19968,2.748606,64485.445
19969,2.7500296,64488.195
19970,2.751781,64490.945
19971,2.753625,64493.7
19972,2.7538283,64496.453
19973,2.7538435,64499.207
19974,2.7530434,64501.96
19975,2.751549,64504.71
19976,2.7496414,64507.46
19977,2.7483096,64510.21
19978,2.7489243,64512.96
19979,2.7499301,64515.71
19980,2.7497787,64518.46
19981,2.7484152,64521.21
19982,2.7473571,64523.957
19983,2.7457309,64526.703
19984,2.7463284,64529.45
19985,2.7484818,64532.2
19986,2.751517,64534.95
19987,2.753858,64537.703
19988,2.7543008,64540.457
19989,2.7543306,64543.21
19990,2.7538476,64545.965
19991,2.7539477,64548.72
19992,2.7558146,64551.473
19993,2.758523,64554.23
19994,2.7608678,64556.992
19995,2.7625432,64559.754
19996,2.762658,64562.516
19997,2.761903,64565.277
19998,2.762483,64568.04
19999,2.7643216,64570.805
20000,2.7650843,64573.57
20001,2.764848,64576.336
20002,2.7642324,64579.1
20003,2.7625713,64581.863
20004,2.7618115,64584.625
20005,2.7601364,64587.387
20006,2.760093,64590.15
20007,2.759818,64592.91
20008,2.7601168,64595.67
20009,2.7615323,64598.434
20010,2.7629004,64601.195
20011,2.76373,64603.96
20012,2.7635612,64606.723
20013,2.7622716,64609.484
20014,2.7608037,64612.246
20015,2.7605186,64615.008
20016,2.762033,64617.77
20017,2.763176,64620.53
20018,2.7632697,64623.293
20019,2.762082,64626.055
20020,2.759555,64628.812
20021,2.756593,64631.57
20022,2.7547054,64634.324
20023,2.7534363,64637.08
20024,2.755485,64639.832
20025,2.759669,64642.59
20026,2.763637,64645.35
20027,2.767309,64648.117
20028,2.7701688,64650.887
20029,2.7738926,64653.66
20030,2.7757251,64656.438
20031,2.7768576,64659.215
20032,2.7773187,64661.992
20033,2.777165,64664.77
20034,2.7758074,64667.547
20035,2.7742727,64670.32
20036,2.772626,64673.094
20037,2.7706184,64675.863
20038,2.7694945,64678.633
20039,2.768896,64681.402
20040,2.770012,64684.17
20041,2.7717614,64686.945
20042,2.7720838,64689.72
20043,2.7724445,64692.492
20044,2.7715685,64695.266
20045,2.7692354,64698.035
20046,2.768371,64700.805
20047,2.769013,64703.574
20048,2.769287,64706.344
20049,2.7680619,64709.113
20050,2.766473,64711.88
20051,2.7656362,64714.645
20052,2.766083,64717.41
20053,2.767207,64720.176
20054,2.768444,64722.945
20055,2.7698324,64725.715
20056,2.7712548,64728.484
20057,2.7732277,64731.258
20058,2.7757313,64734.035
20059,2.7791743,64736.812
20060,2.781917,64739.594
20061,2.7841501,64742.38
20062,2.7843716,64745.164
20063,2.7819052,64747.945
20064,2.7801394,64750.727
20065,2.7784839,64753.504
20066,2.7761204,64756.28
20067,2.7734528,64759.055
20068,2.7716951,64761.83
20069,2.7711008,64764.598
20070,2.7710345,64767.367
20071,2.7710302,64770.137
20072,2.7698138,64772.906
20073,2.7697134,64775.676
20074,2.7706597,64778.445
20075,2.7715476,64781.22
20076,2.771053,64783.99
20077,2.7698464,64786.758
20078,2.7687197,64789.527
20079,2.7677422,64792.297
20080,2.7679238,64795.066
20081,2.7692034,64797.836
20082,2.7704873,64800.605
20083,2.7717824,64803.38
20084,2.7729585,64806.152
20085,2.7736971,64808.926
20086,2.7734332,64811.7
20087,2.7722924,64814.473
20088,2.7715063,64817.246
20089,2.7720673,64820.02
20090,2.7725961,64822.793
20091,2.772832,64825.566
20092,2.7722397,64828.34
20093,2.7710533,64831.11
20094,2.7693143,64833.88
20095,2.7680237,64836.65
20096,2.7666373,64839.414
20097,2.7652733,64842.18
20098,2.7652614,64844.945
20099,2.7656417,64847.71
20100,2.7672632,64850.477
20101,2.770415,64853.246
20102,2.773904,64856.02
20103,2.776662,64858.797
20104,2.7782562,64861.574
20105,2.7787623,64864.35
20106,2.7796931,64867.133
20107,2.7812777,64869.914
20108,2.7832189,64872.7
20109,2.784885,64875.484
20110,2.785585,64878.27
20111,2.7841601,64881.055
20112,2.7827823,64883.836
20113,2.7823176,64886.617
20114,2.783114,64889.4
20115,2.782642,64892.18
20116,2.7821538,64894.96
20117,2.782087,64897.742
20118,2.781383,64900.523
20119,2.7813952,64903.305
20120,2.7816603,64906.086
20121,2.7819936,64908.867
20122,2.7818544,64911.65
20123,2.7815742,64914.43
20124,2.780978,64917.21
20125,2.7803686,64919.992
20126,2.7799857,64922.773
20127,2.7799835,64925.555
20128,2.7815661,64928.336
20129,2.7841363,64931.12
20130,2.7858038,64933.906
20131,2.7866664,64936.69
20132,2.7857428,64939.477
20133,2.7834723,64942.26
20134,2.7803423,64945.043
20135,2.7771144,64947.82
20136,2.7754312,64950.598
20137,2.7750506,64953.37
20138,2.7751143,64956.145
20139,2.7750716,64958.918
20140,2.7746997,64961.69
20141,2.7749166,64964.465
20142,2.77508,64967.24
20143,2.7755315,64970.016
20144,2.7762291,64972.793
20145,2.7771826,64975.57
20146,2.7780774,64978.348
20147,2.779876,64981.13
20148,2.7810113,64983.91
20149,2.7806268,64986.69
20150,2.7809112,64989.473
20151,2.7819316,64992.254
20152,2.7828875,64995.035
20153,2.7842953,64997.82
20154,2.78485,65000.605
20155,2.7859774,65003.39
20156,2.7867153,65006.176
20157,2.7872472,65008.965
20158,2.7887278,65011.754
20159,2.7902172,65014.543
20160,2.7911296,65017.336
20161,2.791081,65020.13
20162,2.7907917,65022.918
20163,2.7908266,65025.707
20164,2.7903798,65028.496
20165,2.7891223,65031.285
20166,2.7868752,65034.07
20167,2.783037,65036.85
20168,2.7800305,65039.633
20169,2.7765846,65042.41
20170,2.773917,65045.184
20171,2.7716005,65047.957
20172,2.7695062,65050.727
20173,2.7678409,65053.496
20174,2.7678468,65056.266
20175,2.769711,65059.035
20176,2.7711318,65061.805
20177,2.7729888,65064.58
20178,2.7738123,65067.35
20179,2.77377,65070.125
20180,2.7738423,65072.9
20181,2.7735674,65075.67
20182,2.7725577,65078.445
20183,2.7712674,65081.215
20184,2.771078,65083.984
20185,2.7712114,65086.754
20186,2.772992,65089.527
20187,2.775628,65092.305
20188,2.7782385,65095.082
20189,2.781016,65097.863
20190,2.782342,65100.645
20191,2.7825494,65103.426
20192,2.7828023,65106.207
20193,2.7825933,65108.99
20194,2.7817974,65111.77
20195,2.7808087,65114.55
20196,2.779638,65117.332
20197,2.7777443,65120.11
20198,2.7767475,65122.887
20199,2.7758827,65125.664
20200,2.7752416,65128.438
20201,2.7756124,65131.215
20202,2.7766712,65133.992
20203,2.7780097,65136.77
20204,2.7790759,65139.547
20205,2.7799077,65142.33
20206,2.7804208,65145.11
20207,2.7807457,65147.89
20208,2.7804558,65150.67
20209,2.7798684,65153.453
20210,2.7786167,65156.23
20211,2.7772212,65159.008
20212,2.776376,65161.785
20213,2.7758691,65164.562
20214,2.7754946,65167.34
20215,2.7743142,65170.113
20216,2.7731237,65172.887
20217,2.7722008,65175.66
20218,2.7722476,65178.434
20219,2.772232,65181.207
20220,2.7722163,65183.98
20221,2.7722921,65186.754
20222,2.7729037,65189.527
20223,2.773378,65192.3
20224,2.7740374,65195.074
20225,2.7745667,65197.848
20226,2.7756078,65200.625
20227,2.7772157,65203.402
20228,2.7781203,65206.18
20229,2.778628,65208.957
20230,2.7782269,65211.734
20231,2.7774518,65214.51
20232,2.7759964,65217.29
20233,2.7741797,65220.062
20234,2.7730203,65222.836
20235,2.7726686,65225.61
20236,2.772252,65228.383
20237,2.772082,65231.156
20238,2.7723458,65233.93
20239,2.7725809,65236.703
20240,2.7728493,65239.477
20241,2.7734265,65242.25
20242,2.7738643,65245.023
20243,2.7744982,65247.797
20244,2.774206,65250.57
20245,2.7729845,65253.344
20246,2.7714667,65256.113
20247,2.769758,65258.883
20248,2.7681844,65261.652
20249,2.7675738,65264.418
20250,2.7664804,65267.184
20251,2.7653985,65269.95
20252,2.7641807,65272.715
20253,2.7628274,65275.477
20254,2.7602434,65278.24
20255,2.7568042,65280.996
20256,2.754627,65283.75
20257,2.7541585,65286.504
20258,2.753608,65289.258
20259,2.7518408,65292.008
20260,2.7499232,65294.758
20261,2.7474618,65297.504
20262,2.745521,65300.25
20263,2.745169,65302.996
20264,2.7456987,65305.742
20265,2.7456734,65308.49
20266,2.7442303,65311.234
20267,2.743011,65313.977
20268,2.740827,65316.72
20269,2.7380311,65319.457
20270,2.7374532,65322.195
20271,2.7375934,65324.934
20272,2.7377295,65327.67
20273,2.74024,65330.414
20274,2.7442682,65333.16
20275,2.7481635,65335.91
20276,2.7503138,65338.66
20277,2.7505307,65341.41
20278,2.7495716,65344.16
20279,2.7473376,65346.906
20280,2.746159,65349.652
20281,2.7448404,65352.4
20282,2.7453716,65355.145
20283,2.7457733,65357.89
20284,2.7474854,65360.637
20285,2.7492614,65363.387
20286,2.7512772,65366.137
20287,2.75378,65368.89
20288,2.7552862,65371.645
20289,2.755888,65374.402
20290,2.756717,65377.16
20291,2.7587328,65379.918
20292,2.7607512,65382.68
20293,2.7613833,65385.44
20294,2.7628412,65388.203
20295,2.7644858,65390.97
20296,2.7654068,65393.734
20297,2.7651389,65396.5
20298,2.7637289,65399.266
20299,2.7618084,65402.027
20300,2.7607925,65404.79
20301,2.7593746,65407.547
20302,2.7564325,65410.305
20303,2.7530487,65413.06
20304,2.7525496,65415.812
20305,2.7531054,65418.566
20306,2.7537684,65421.32
20307,2.7535195,65424.074
20308,2.7530277,65426.83
20309,2.7530468,65429.582
20310,2.753599,65432.336
20311,2.7544317,65435.09
20312,2.7559824,65437.848
20313,2.7587373,65440.605
20314,2.7607362,65443.367
20315,2.762265,65446.13
20316,2.7633448,65448.89
20317,2.7635868,65451.652
20318,2.763044,65454.414
20319,2.7630239,65457.176
20320,2.7636282,65459.938
20321,2.7659488,65462.703
20322,2.7684636,65465.473
20323,2.77023,65468.242
20324,2.7698662,65471.01
20325,2.7683618,65473.78
20326,2.7653058,65476.547
20327,2.7616875,65479.31
20328,2.7598376,65482.07
20329,2.7603753,65484.832
20330,2.761007,65487.594
20331,2.7625818,65490.355
20332,2.7639835,65493.12
20333,2.7640808,65495.887
20334,2.7651432,65498.652
20335,2.7678733,65501.42
20336,2.7717645,65504.195
20337,2.775825,65506.973
20338,2.7764468,65509.75
20339,2.7753398,65512.523
20340,2.7739809,65515.297
20341,2.7733853,65518.07
20342,2.7735946,65520.844
20343,2.7744818,65523.617
20344,2.7753644,65526.39
20345,2.7756467,65529.168
20346,2.7750566,65531.94
20347,2.7741888,65534.715
20348,2.7750363,65537.49
20349,2.7762344,65540.266
20350,2.7771325,65543.04
20351,2.7777867,65545.82
20352,2.7775815,65548.6
20353,2.7777622,65551.38
20354,2.7769153,65554.16
20355,2.7755306,65556.93
20356,2.774602,65559.7
20357,2.7734253,65562.48
20358,2.7732222,65565.25
20359,2.7730272,65568.02
20360,2.7722898,65570.8
20361,2.7716477,65573.57
20362,2.7725155,65576.34
20363,2.7735727,65579.12
20364,2.774293,65581.89
20365,2.7734942,65584.664
20366,2.7724564,65587.44
20367,2.772472,65590.21
20368,2.7739444,65592.984
20369,2.775352,65595.76
20370,2.776604,65598.53
20371,2.7782338,65601.31
20372,2.7797928,65604.09
20373,2.7807932,65606.875
20374,2.7815185,65609.66
20375,2.7816024,65612.44
20376,2.7830772,65615.22
20377,2.7852368,65618.01
20378,2.7879665,65620.8
20379,2.7898097,65623.586
20380,2.7903259,65626.375
20381,2.7905223,65629.164
20382,2.7908008,65631.95
20383,2.791123,65634.74
20384,2.7912045,65637.53
20385,2.7918522,65640.32
20386,2.792001,65643.11
20387,2.7909393,65645.9
20388,2.790918,65648.69
20389,2.7913556,65651.48
20390,2.7920303,65654.266
20391,2.7925866,65657.055
20392,2.7924666,65659.84
20393,2.7920156,65662.63
20394,2.7913334,65665.42
20395,2.7910173,65668.21
20396,2.7905235,65671.0
20397,2.7897131,65673.79
20398,2.7881098,65676.58
20399,2.7858095,65679.37
20400,2.7839518,65682.15
20401,2.7818325,65684.93
20402,2.7803707,65687.71
20403,2.7789977,65690.49
20404,2.778435,65693.27
20405,2.7774968,65696.055
20406,2.7760472,65698.83
20407,2.7741318,65701.6
20408,2.7726119,65704.375
20409,2.7707677,65707.15
20410,2.7692811,65709.914
20411,2.7684662,65712.68
20412,2.768579,65715.445
20413,2.7695644,65718.22
20414,2.769575,65720.99
20415,2.7696536,65723.766
20416,2.76839,65726.53
20417,2.7664306,65729.3
20418,2.7645671,65732.06
20419,2.7642062,65734.83
20420,2.764669,65737.59
20421,2.7656898,65740.36
20422,2.7653737,65743.125
20423,2.7651334,65745.89
20424,2.767445,65748.66
20425,2.7718909,65751.43
20426,2.7755237,65754.2
20427,2.778242,65756.984
20428,2.7789059,65759.766
20429,2.779584,65762.55
20430,2.780244,65765.33
20431,2.7803922,65768.11
20432,2.778734,65770.89
20433,2.7757466,65773.664
20434,2.77435,65776.44
20435,2.7739787,65779.21
20436,2.7753015,65781.984
20437,2.7764866,65784.76
20438,2.7774446,65787.54
20439,2.7774553,65790.32
20440,2.7764919,65793.09
20441,2.7748554,65795.87
20442,2.7733505,65798.64
20443,2.7722597,65801.414
20444,2.7716882,65804.19
20445,2.770794,65806.96
20446,2.7690358,65809.73
20447,2.7676604,65812.49
20448,2.766131,65815.26
20449,2.764242,65818.02
20450,2.762711,65820.79
20451,2.7612662,65823.55
20452,2.7595751,65826.305
20453,2.7584145,65829.06
20454,2.757511,65831.82
20455,2.7565284,65834.58
20456,2.7557666,65837.336
20457,2.7551596,65840.09
20458,2.754129,65842.85
20459,2.7530062,65845.6
20460,2.754071,65848.36
20461,2.7553232,65851.12
20462,2.7565644,65853.875
20463,2.7578268,65856.63
20464,2.7594082,65859.39
20465,2.7619588,65862.16
20466,2.7641182,65864.92
20467,2.765792,65867.69
20468,2.7668314,65870.45
20469,2.7673905,65873.22
20470,2.7674594,65875.984
20471,2.7670686,65878.75
20472,2.7672253,65881.516
20473,2.768095,65884.28
20474,2.7691507,65887.05
20475,2.7712493,65889.82
20476,2.7728567,65892.59
20477,2.774219,65895.37
20478,2.7754443,65898.14
20479,2.7767482,65900.914
20480,2.7778473,65903.695
20481,2.779053,65906.48
20482,2.7817705,65909.26
20483,2.7845032,65912.04
20484,2.7858822,65914.83
20485,2.786197,65917.62
20486,2.7856774,65920.41
20487,2.7845697,65923.19
20488,2.7833498,65925.97
20489,2.783028,65928.75
20490,2.7829492,65931.53
20491,2.7820327,65934.31
20492,2.7810025,65937.09
20493,2.7799284,65939.875
20494,2.7786915,65942.66
20495,2.7764156,65945.43
20496,2.7745507,65948.2
20497,2.7734342,65950.98
20498,2.7721229,65953.75
20499,2.7714882,65956.52
20500,2.7713945,65959.3
20501,2.7709131,65962.07
20502,2.7704873,65964.84
20503,2.7695622,65967.62
20504,2.7692914,65970.38
20505,2.769018,65973.15
20506,2.7704146,65975.92
20507,2.7726228,65978.695
20508,2.7760208,65981.47
20509,2.7799761,65984.25
20510,2.7819765,65987.03
20511,2.7831862,65989.81
20512,2.783418,65992.59
20513,2.7830844,65995.375
20514,2.782833,65998.16
20515,2.7831118,66000.94
20516,2.7835445,66003.72
20517,2.7845201,66006.5
20518,2.7855725,66009.29
20519,2.7858148,66012.08
20520,2.7855825,66014.87
20521,2.784772,66017.65
20522,2.7836945,66020.43
20523,2.7826457,66023.21
20524,2.7819557,66025.99
20525,2.7814498,66028.77
20526,2.7804613,66031.555
20527,2.779729,66034.336
20528,2.7794406,66037.12
20529,2.7788653,66039.9
20530,2.7773712,66042.68
20531,2.776624,66045.45
20532,2.7760386,66048.23
20533,2.775499,66051.0
20534,2.7742937,66053.77
20535,2.7723067,66056.55
20536,2.7705266,66059.32
20537,2.7697573,66062.09
20538,2.7700267,66064.87
20539,2.7706704,66067.64
20540,2.7706857,66070.414
20541,2.7703335,66073.19
20542,2.7702467,66075.96
20543,2.7714489,66078.734
20544,2.7725265,66081.51
20545,2.7724586,66084.28
20546,2.7717516,66087.055
20547,2.7709472,66089.83
20548,2.770178,66092.6
20549,2.7686658,66095.37
20550,2.7663465,66098.13
20551,2.764354,66100.9
20552,2.7638037,66103.664
20553,2.7646573,66106.43
20554,2.76699,66109.195
20555,2.7692032,66111.96
20556,2.7694733,66114.73
20557,2.768422,66117.49
20558,2.7659945,66120.26
20559,2.763522,66123.02
20560,2.7621095,66125.79
20561,2.762203,66128.555
20562,2.7635186,66131.32
20563,2.7656913,66134.086
20564,2.7671678,66136.85
20565,2.768594,66139.62
20566,2.770128,66142.39
20567,2.7719998,66145.164
20568,2.7736695,66147.94
20569,2.7752826,66150.71
20570,2.7769048,66153.484
20571,2.7794204,66156.266
20572,2.7806294,66159.05
20573,2.781598,66161.83
20574,2.782628,66164.61
20575,2.7833123,66167.39
20576,2.7824142,66170.17
20577,2.7819285,66172.95
20578,2.7812178,66175.734
20579,2.7808502,66178.516
20580,2.7807357,66181.3
20581,2.780075,66184.08
20582,2.7796066,66186.86
20583,2.779094,66189.64
20584,2.7783163,66192.42
20585,2.7771184,66195.195
20586,2.7764535,66197.97
20587,2.7769272,66200.74
20588,2.7790482,66203.52
20589,2.780753,66206.305
20590,2.782376,66209.086
20591,2.7832735,66211.87
20592,2.7849061,66214.65
20593,2.7860672,66217.44
20594,2.7859533,66220.23
20595,2.7842867,66223.01
20596,2.7830977,66225.79
20597,2.78208,66228.57
20598,2.78083,66231.35
20599,2.7787373,66234.13
20600,2.7768233,66236.91
20601,2.7750585,66239.68
20602,2.774042,66242.45
20603,2.7735138,66245.23
20604,2.7728658,66248.0
20605,2.7715402,66250.77
20606,2.7714038,66253.55
20607,2.7706919,66256.32
20608,2.7713344,66259.09
20609,2.7723503,66261.87
20610,2.773073,66264.64
20611,2.7725482,66267.414
20612,2.7721782,66270.19
20613,2.7734802,66272.96
20614,2.775119,66275.734
20615,2.7768204,66278.51
20616,2.7786016,66281.29
20617,2.7795632,66284.07
20618,2.77925,66286.85
20619,2.778376,66289.63
20620,2.7795656,66292.414
20621,2.7811115,66295.195
20622,2.7824457,66297.98
20623,2.7840424,66300.76
20624,2.7852886,66303.55
20625,2.7864287,66306.336
20626,2.7884433,66309.125
20627,2.7899783,66311.914
20628,2.7911358,66314.7
20629,2.7920742,66317.49
20630,2.7922935,66320.28
20631,2.7919939,66323.07
20632,2.7912657,66325.86
20633,2.790133,66328.65
20634,2.789989,66331.44
20635,2.7902431,66334.23
20636,2.790143,66337.016
20637,2.7901294,66339.805
20638,2.7907698,66342.59
20639,2.791106,66345.38
20640,2.790596,66348.17
20641,2.7898629,66350.96
20642,2.7889013,66353.75
20643,2.7879434,66356.54
20644,2.7874615,66359.33
20645,2.7864528,66362.12
20646,2.7851934,66364.91
20647,2.7840643,66367.69
20648,2.7825577,66370.47
20649,2.7802975,66373.25
20650,2.7784953,66376.03
20651,2.776773,66378.805
20652,2.775044,66381.58
20653,2.7736657,66384.35
20654,2.774497,66387.125
20655,2.7763643,66389.9
20656,2.7772207,66392.67
20657,2.7772822,66395.445
20658,2.7770412,66398.22
20659,2.776632,66400.99
20660,2.7761922,66403.766
20661,2.7765777,66406.54
20662,2.7772913,66409.31
20663,2.7777252,66412.09
20664,2.7783349,66414.875
20665,2.7781901,66417.66
20666,2.7776024,66420.44
20667,2.7765005,66423.21
20668,2.7751596,66425.984
20669,2.7741094,66428.76
20670,2.772167,66431.53
20671,2.771242,66434.305
20672,2.7707224,66437.08
20673,2.7699542,66439.85
20674,2.7689366,66442.62
20675,2.767516,66445.38
20676,2.7650163,66448.15
20677,2.7617896,66450.914
20678,2.7595599,66453.67
20679,2.7588427,66456.43
20680,2.758851,66459.19
20681,2.7591689,66461.945
20682,2.758779,66464.7
20683,2.7587662,66467.46
20684,2.760049,66470.22
20685,2.7614145,66472.98
20686,2.7610292,66475.734
20687,2.761418,66478.49
20688,2.7615087,66481.25
20689,2.7623284,66484.016
20690,2.7645483,66486.78
20691,2.7662408,66489.55
20692,2.7664657,66492.31
20693,2.7666304,66495.08
20694,2.766116,66497.84
20695,2.7653332,66500.61
20696,2.7653277,66503.375
20697,2.7652898,66506.14
20698,2.7643588,66508.91
20699,2.7630486,66511.67
20700,2.7616289,66514.43
20701,2.759305,66517.19
20702,2.759342,66519.945
20703,2.760993,66522.7
20704,2.7635646,66525.47
20705,2.7666,66528.234
20706,2.7671149,66531.0
20707,2.7663076,66533.766
20708,2.7643714,66536.53
20709,2.7631748,66539.3
20710,2.7641335,66542.06
20711,2.7668152,66544.83
20712,2.769148,66547.59
20713,2.7706628,66550.37
20714,2.7707665,66553.14
20715,2.770148,66555.914
20716,2.7688637,66558.68
20717,2.7660306,66561.445
20718,2.7649944,66564.21
20719,2.7642467,66566.98
20720,2.7643087,66569.74
20721,2.764215,66572.51
20722,2.763648,66575.27
20723,2.7611012,66578.03
20724,2.7581406,66580.79
20725,2.7559395,66583.55
20726,2.7557712,66586.305
20727,2.7570212,66589.06
20728,2.7588534,66591.82
20729,2.7608185,66594.58
20730,2.7637517,66597.34
20731,2.767073,66600.11
20732,2.769967,66602.88
20733,2.7727401,66605.66
20734,2.7755444,66608.43
20735,2.7791378,66611.21
20736,2.7824647,66613.99
20737,2.7847598,66616.77
20738,2.7861867,66619.56
20739,2.7868946,66622.35
20740,2.7867956,66625.14
20741,2.785793,66627.93
20742,2.784139,66630.71
20743,2.7825758,66633.49
20744,2.7813528,66636.27
20745,2.780349,66639.055
20746,2.7797878,66641.836
20747,2.779699,66644.62
20748,2.7798092,66647.4
20749,2.7797964,66650.18
20750,2.780566,66652.96
20751,2.7815545,66655.74
20752,2.782596,66658.52
20753,2.7827663,66661.305
20754,2.78176,66664.086
20755,2.7796357,66666.87
20756,2.7776062,66669.65
20757,2.7767868,66672.42
20758,2.776544,66675.195
20759,2.7773197,66677.97
20760,2.7785676,66680.75
20761,2.7806673,66683.53
20762,2.7820833,66686.31
20763,2.7826366,66689.09
20764,2.781796,66691.875
20765,2.779698,66694.66
20766,2.7778606,66697.44
20767,2.7757843,66700.21
20768,2.7740772,66702.984
20769,2.7726648,66705.76
20770,2.7702107,66708.53
20771,2.766655,66711.3
20772,2.7640011,66714.06
20773,2.7623806,66716.83
20774,2.7623448,66719.59
20775,2.762916,66722.36
20776,2.7644641,66725.125
20777,2.765954,66727.89
20778,2.7672098,66730.66
20779,2.7685428,66733.42
20780,2.7691987,66736.19
20781,2.769814,66738.96
20782,2.7705266,66741.734
20783,2.7720728,66744.51
20784,2.77418,66747.28
20785,2.7762773,66750.055
20786,2.7773626,66752.836
20787,2.7766933,66755.61
20788,2.7753313,66758.38
20789,2.7740808,66761.16
20790,2.7731357,66763.93
20791,2.7711496,66766.7
20792,2.7697496,66769.48
20793,2.768942,66772.24
20794,2.7681575,66775.01
20795,2.7674377,66777.77
20796,2.7664292,66780.54
20797,2.7663398,66783.305
20798,2.7666597,66786.07
20799,2.767534,66788.836
20800,2.7689934,66791.6
20801,2.7709942,66794.375
20802,2.7732406,66797.15
20803,2.7743773,66799.92
20804,2.7741003,66802.695
20805,2.7733386,66805.47
20806,2.774434,66808.24
20807,2.7761433,66811.016
20808,2.7758977,66813.79
20809,2.7754033,66816.56
20810,2.7743402,66819.336
20811,2.772655,66822.11
20812,2.7702522,66824.88
20813,2.7670703,66827.65
20814,2.764547,66830.414
20815,2.7633536,66833.18
20816,2.7633297,66835.945
20817,2.7638946,66838.71
20818,2.7646255,66841.48
20819,2.7648883,66844.24
20820,2.7635465,66847.01
20821,2.7623537,66849.77
20822,2.7606487,66852.53
20823,2.759222,66855.29
20824,2.7588701,66858.05
20825,2.7605197,66860.805
20826,2.7624636,66863.57
20827,2.7639642,66866.336
20828,2.7653148,66869.1
20829,2.7663622,66871.87
20830,2.7683215,66874.63
20831,2.7714756,66877.41
20832,2.7742646,66880.18
20833,2.7778292,66882.96
20834,2.7802315,66885.74
20835,2.7816472,66888.52
20836,2.7820914,66891.305
20837,2.7810605,66894.086
20838,2.7806728,66896.87
20839,2.779894,66899.65
20840,2.7795007,66902.43
20841,2.7791286,66905.21
20842,2.779699,66907.99
20843,2.780446,66910.77
20844,2.7821243,66913.555
20845,2.7838254,66916.336
20846,2.7848778,66919.12
20847,2.7857833,66921.91
20848,2.786217,66924.695
20849,2.7865078,66927.484
20850,2.7864296,66930.27
20851,2.7870572,66933.06
20852,2.7867334,66935.85
20853,2.7869415,66938.64
20854,2.7858484,66941.43
20855,2.7846074,66944.21
20856,2.782431,66946.99
20857,2.7792308,66949.77
20858,2.7767522,66952.55
20859,2.77401,66955.32
20860,2.7720134,66958.09
20861,2.7699027,66960.87
20862,2.769572,66963.64
20863,2.7698805,66966.414
20864,2.771817,66969.19
20865,2.7740855,66971.96
20866,2.7759862,66974.734
20867,2.7775815,66977.516
20868,2.7788305,66980.3
20869,2.7791748,66983.08
20870,2.7788131,66985.86
20871,2.7776394,66988.64
20872,2.776457,66991.414
20873,2.7753844,66994.19
20874,2.7752736,66996.96
20875,2.7753594,66999.734
20876,2.7744625,67002.51
20877,2.7731612,67005.28
20878,2.7721775,67008.055
20879,2.7721512,67010.83
20880,2.772384,67013.6
20881,2.7725198,67016.375
20882,2.7730086,67019.15
20883,2.7735655,67021.92
20884,2.773106,67024.695
20885,2.7724206,67027.47
20886,2.7717788,67030.24
20887,2.7705414,67033.016
20888,2.7700806,67035.79
20889,2.7698047,67038.56
20890,2.769977,67041.336
20891,2.771064,67044.11
20892,2.7716317,67046.88
20893,2.7723405,67049.66
20894,2.7719023,67052.43
20895,2.7703476,67055.2
20896,2.7688658,67057.97
20897,2.7674756,67060.734
20898,2.766836,67063.5
20899,2.766629,67066.266
20900,2.7663414,67069.03
20901,2.765787,67071.8
20902,2.7651682,67074.56
20903,2.7644315,67077.33
20904,2.7639303,67080.09
20905,2.7642674,67082.86
20906,2.7646291,67085.625
20907,2.7654,67088.39
20908,2.7661648,67091.16
20909,2.7667203,67093.92
20910,2.7672653,67096.69
20911,2.7676091,67099.45
20912,2.7682018,67102.22
20913,2.7693353,67104.984
20914,2.7692904,67107.75
20915,2.7685692,67110.516
20916,2.768349,67113.28
20917,2.767734,67116.05
20918,2.7669296,67118.81
20919,2.765837,67121.58
20920,2.7657175,67124.34
20921,2.7656548,67127.11
20922,2.765773,67129.875
20923,2.765947,67132.64
20924,2.765527,67135.41
20925,2.7652445,67138.17
20926,2.7654831,67140.94
20927,2.7650378,67143.7
20928,2.7632668,67146.47
20929,2.7614355,67149.23
20930,2.759213,67151.984
20931,2.7579706,67154.74
20932,2.7579029,67157.5
20933,2.7570922,67160.26
20934,2.756084,67163.016
20935,2.755634,67165.77
20936,2.7563794,67168.53
20937,2.7570484,67171.29
20938,2.7577372,67174.05
20939,2.7582147,67176.805
20940,2.7572365,67179.56
20941,2.7558322,67182.32
20942,2.756019,67185.08
20943,2.7576163,67187.836
20944,2.7589154,67190.59
20945,2.759524,67193.35
20946,2.758661,67196.11
20947,2.75742,67198.87
20948,2.7575061,67201.625
20949,2.758359,67204.38
20950,2.7610831,67207.14
20951,2.7645211,67209.91
20952,2.7667787,67212.67
20953,2.768837,67215.44
20954,2.7694783,67218.2
20955,2.7699692,67220.98
20956,2.7714615,67223.75
20957,2.7733934,67226.52
20958,2.7758052,67229.3
20959,2.7773104,67232.07
20960,2.7790926,67234.85
20961,2.7803624,67237.63
20962,2.7816937,67240.414
20963,2.7837274,67243.195
20964,2.7841191,67245.98
20965,2.7831056,67248.76
20966,2.7820423,67251.54
20967,2.781651,67254.32
20968,2.7822783,67257.1
20969,2.7828372,67259.88
20970,2.782347,67262.664
20971,2.781431,67265.445
20972,2.7799504,67268.23
20973,2.7774246,67271.01
20974,2.775189,67273.78
20975,2.7728102,67276.555
20976,2.7704825,67279.33
20977,2.7678106,67282.09
20978,2.7654386,67284.86
20979,2.7648692,67287.625
20980,2.7655108,67290.39
20981,2.7666814,67293.16
20982,2.7669613,67295.92
20983,2.766869,67298.69
20984,2.7669148,67301.45
20985,2.7676544,67304.22
20986,2.7670531,67306.984
20987,2.7658556,67309.75
20988,2.7644176,67312.516
20989,2.7631297,67315.28
20990,2.7626925,67318.05
20991,2.761943,67320.81
20992,2.7631073,67323.58
20993,2.7650635,67326.34
20994,2.7677321,67329.11
20995,2.770522,67331.88
20996,2.772956,67334.66
20997,2.774348,67337.43
20998,2.773639,67340.2
20999,2.7722754,67342.98
21000,2.7703097,67345.75
21001,2.769002,67348.516
21002,2.768686,67351.28
21003,2.769158,67354.05
21004,2.7699394,67356.82
21005,2.7717578,67359.59
21006,2.772711,67362.37
21007,2.7737365,67365.14
21008,2.7742376,67367.914
21009,2.7743661,67370.69
21010,2.774057,67373.46
21011,2.7746005,67376.234
21012,2.7743306,67379.01
21013,2.7731318,67381.78
21014,2.772217,67384.555
21015,2.771582,67387.33
21016,2.7711053,67390.1
21017,2.7709234,67392.875
21018,2.7720969,67395.65
21019,2.774255,67398.42
21020,2.7752473,67401.195
21021,2.776287,67403.97
21022,2.7776513,67406.75
21023,2.779445,67409.53
21024,2.7814965,67412.31
21025,2.7829473,67415.09
21026,2.7844164,67417.875
21027,2.7849083,67420.66
21028,2.785525,67423.445
21029,2.7864447,67426.234
21030,2.7878642,67429.02
21031,2.7895863,67431.81
21032,2.790994,67434.6
21033,2.7922552,67437.39
21034,2.7930522,67440.19
21035,2.793644,67442.984
21036,2.7935593,67445.78
21037,2.7931848,67448.58
21038,2.7926323,67451.37
21039,2.791912,67454.16
21040,2.7924912,67456.945
21041,2.792725,67459.734
21042,2.792776,67462.52
21043,2.7926877,67465.31
21044,2.7920568,67468.1
21045,2.7911916,67470.89
21046,2.790173,67473.68
21047,2.7880492,67476.47
21048,2.7865222,67479.26
21049,2.7852664,67482.05
21050,2.7844498,67484.83
21051,2.7837896,67487.61
21052,2.7827568,67490.39
21053,2.7809618,67493.17
21054,2.778385,67495.95
21055,2.7758093,67498.73
21056,2.773867,67501.5
21057,2.773463,67504.27
21058,2.773934,67507.05
21059,2.7744565,67509.82
21060,2.7748506,67512.59
21061,2.773766,67515.37
21062,2.7718196,67518.14
21063,2.7689905,67520.91
21064,2.7670026,67523.67
21065,2.7657702,67526.44
21066,2.7661824,67529.2
21067,2.7682662,67531.97
21068,2.7707436,67534.74
21069,2.7734501,67537.516
21070,2.774727,67540.29
21071,2.7757268,67543.06
21072,2.7768946,67545.836
21073,2.7785242,67548.62
21074,2.7808278,67551.4
21075,2.781995,67554.18
21076,2.7816842,67556.96
21077,2.78041,67559.74
21078,2.7798421,67562.52
21079,2.7807891,67565.305
21080,2.7819955,67568.086
21081,2.783948,67570.87
21082,2.7849863,67573.65
21083,2.78614,67576.44
21084,2.787167,67579.23
21085,2.7870936,67582.016
21086,2.7872615,67584.805
21087,2.7876112,67587.59
21088,2.7878268,67590.38
21089,2.7888172,67593.17
21090,2.7888513,67595.96
21091,2.788676,67598.75
21092,2.7875452,67601.54
21093,2.7856045,67604.33
21094,2.783818,67607.11
21095,2.7821643,67609.89
21096,2.781371,67612.67
21097,2.781236,67615.45
21098,2.7799947,67618.234
21099,2.777231,67621.01
21100,2.7742016,67623.78
21101,2.7707686,67626.555
21102,2.7682474,67629.32
21103,2.7649846,67632.086
21104,2.7616472,67634.84
21105,2.7584093,67637.6
21106,2.7573876,67640.36
21107,2.7575247,67643.12
21108,2.7570791,67645.875
21109,2.755584,67648.63
21110,2.7546434,67651.39
21111,2.753626,67654.14
21112,2.7547715,67656.9
21113,2.7566788,67659.66
21114,2.7593834,67662.414
21115,2.7626097,67665.18
21116,2.7644174,67667.945
21117,2.7647166,67670.71
21118,2.7640011,67673.48
21119,2.7635257,67676.24
21120,2.7647274,67679.01
21121,2.765935,67681.77
21122,2.7668307,67684.54
21123,2.7674358,67687.305
21124,2.7668242,67690.07
21125,2.765382,67692.836
21126,2.7636044,67695.6
21127,2.7629888,67698.37
21128,2.7632227,67701.13
21129,2.763573,67703.9
21130,2.7644417,67706.664
21131,2.766239,67709.43
21132,2.7667642,67712.195
21133,2.765938,67714.96
21134,2.7639794,67717.73
21135,2.7633886,67720.49
21136,2.763077,67723.26
21137,2.7628608,67726.02
21138,2.7629395,67728.79
21139,2.762556,67731.555
21140,2.7619002,67734.32
21141,2.761662,67737.08
21142,2.760802,67739.836
21143,2.7594337,67742.59
21144,2.7589138,67745.35
21145,2.7588687,67748.11
21146,2.7599497,67750.87
21147,2.7609525,67753.625
21148,2.7620864,67756.39
21149,2.7633197,67759.16
21150,2.7649972,67761.92
21151,2.7670097,67764.69
21152,2.7672424,67767.45
21153,2.7659087,67770.22
21154,2.7647052,67772.984
21155,2.763023,67775.75
21156,2.7629454,67778.516
21157,2.7636685,67781.28
21158,2.7649333,67784.05
21159,2.7668543,67786.81
21160,2.767452,67789.58
21161,2.7684848,67792.34
21162,2.7693944,67795.11
21163,2.7714334,67797.88
21164,2.7730846,67800.66
21165,2.7737353,67803.43
21166,2.773525,67806.2
21167,2.7727551,67808.98
21168,2.7717016,67811.75
21169,2.7716918,67814.52
21170,2.7714942,67817.3
21171,2.7712493,67820.07
21172,2.7716,67822.84
21173,2.7719696,67825.62
21174,2.7729692,67828.39
21175,2.7736266,67831.164
21176,2.7743282,67833.94
21177,2.776195,67836.71
21178,2.7773855,67839.49
21179,2.7780385,67842.27
21180,2.7776043,67845.055
21181,2.7763608,67847.83
21182,2.774688,67850.6
21183,2.7730267,67853.375
21184,2.7726877,67856.15
21185,2.7723207,67858.92
21186,2.7718856,67861.695
21187,2.7712996,67864.47
21188,2.7713192,67867.24
21189,2.7705529,67870.016
21190,2.7708728,67872.79
21191,2.7721982,67875.56
21192,2.7729769,67878.336
21193,2.7740273,67881.11
21194,2.774945,67883.88
21195,2.7756188,67886.66
21196,2.7766595,67889.43
21197,2.7785263,67892.21
21198,2.7812698,67894.99
21199,2.7838714,67897.77
21200,2.785456,67900.56
21201,2.7860026,67903.35
21202,2.785067,67906.13
21203,2.783863,67908.914
21204,2.7830362,67911.695
21205,2.7829294,67914.48
21206,2.783437,67917.26
21207,2.783797,67920.04
21208,2.7844005,67922.82
21209,2.7845473,67925.6
21210,2.783694,67928.38
21211,2.7822137,67931.164
21212,2.7811654,67933.945
21213,2.7806606,67936.73
21214,2.7792885,67939.51
21215,2.7777727,67942.29
21216,2.777342,67945.06
21217,2.7768655,67947.836
21218,2.7768614,67950.61
21219,2.7770555,67953.38
21220,2.7784064,67956.164
21221,2.7804873,67958.945
21222,2.7820914,67961.73
21223,2.783708,67964.51
21224,2.7854264,67967.3
21225,2.7872608,67970.086
21226,2.7880204,67972.875
21227,2.7882974,67975.664
21228,2.7881558,67978.45
21229,2.7878919,67981.24
21230,2.7878444,67984.03
21231,2.7875185,67986.82
21232,2.7878997,67989.61
21233,2.788003,67992.4
21234,2.7881734,67995.19
21235,2.7877934,67997.98
21236,2.7868652,68000.766
21237,2.7844448,68003.55
21238,2.7817154,68006.33
21239,2.7790594,68009.11
21240,2.7768886,68011.88
21241,2.775006,68014.66
21242,2.7741606,68017.43
21243,2.773518,68020.2
21244,2.7734115,68022.98
21245,2.7729874,68025.75
21246,2.7725189,68028.52
21247,2.7707205,68031.3
21248,2.7681117,68034.06
21249,2.76625,68036.83
21250,2.7659888,68039.59
21251,2.7659347,68042.36
21252,2.7661307,68045.125
21253,2.7662475,68047.89
21254,2.766964,68050.66
21255,2.7679608,68053.42
21256,2.7684243,68056.19
21257,2.7693062,68058.95
21258,2.769464,68061.72
21259,2.7699249,68064.49
21260,2.7706246,68067.266
21261,2.7720408,68070.04
21262,2.7727458,68072.81
21263,2.7726789,68075.586
21264,2.7719028,68078.36
21265,2.7703226,68081.13
21266,2.7699382,68083.91
21267,2.7696471,68086.68
21268,2.7703166,68089.45
21269,2.772108,68092.23
21270,2.7736385,68095.0
21271,2.7750342,68097.77
21272,2.7760184,68100.55
21273,2.7769182,68103.32
21274,2.7766507,68106.09
21275,2.776439,68108.87
21276,2.7765548,68111.64
21277,2.7763674,68114.414
21278,2.7754958,68117.19
21279,2.7747762,68119.96
21280,2.7739892,68122.734
21281,2.7730706,68125.51
21282,2.772179,68128.28
21283,2.7715077,68131.055
21284,2.7697964,68133.83
21285,2.7683468,68136.59
21286,2.7677503,68139.36
21287,2.7673633,68142.125
21288,2.7673223,68144.89
21289,2.7675762,68147.66
21290,2.7679017,68150.42
21291,2.7679,68153.19
21292,2.7686799,68155.95
21293,2.769689,68158.73
21294,2.7713923,68161.5
21295,2.7722588,68164.27
21296,2.770642,68167.05
21297,2.7675161,68169.81
21298,2.7656753,68172.58
21299,2.76311,68175.34
21300,2.7606807,68178.1
21301,2.7593138,68180.86
21302,2.7597692,68183.62
21303,2.76099,68186.375
21304,2.763613,68189.14
21305,2.7669702,68191.91
21306,2.7683787,68194.67
21307,2.7693884,68197.44
21308,2.770476,68200.21
21309,2.7716718,68202.984
21310,2.7731729,68205.76
21311,2.7747493,68208.53
21312,2.7762501,68211.305
21313,2.777476,68214.086
21314,2.7772884,68216.86
21315,2.7767675,68219.63
21316,2.7757378,68222.41
21317,2.7748327,68225.18
21318,2.7739542,68227.95
21319,2.7728496,68230.73
21320,2.7719638,68233.5
21321,2.7717788,68236.27
21322,2.7722864,68239.05
21323,2.7732077,68241.82
21324,2.7742937,68244.59
21325,2.7753441,68247.37
21326,2.7748744,68250.14
21327,2.7732067,68252.914
21328,2.771744,68255.69
21329,2.7708907,68258.46
21330,2.771432,68261.234
21331,2.773759,68264.01
21332,2.776057,68266.78
21333,2.7777414,68269.56
21334,2.7787797,68272.34
21335,2.7787523,68275.125
21336,2.7780282,68277.91
21337,2.7762527,68280.68
21338,2.7739673,68283.45
21339,2.7713144,68286.23
21340,2.7694163,68288.99
21341,2.7674627,68291.76
21342,2.765537,68294.52
21343,2.7647195,68297.29
21344,2.7634518,68300.055
21345,2.761547,68302.81
21346,2.7619328,68305.58
21347,2.7631023,68308.34
21348,2.764512,68311.11
21349,2.7656653,68313.875
21350,2.7645676,68316.64
21351,2.7621834,68319.41
21352,2.7610664,68322.164
21353,2.7625394,68324.93
21354,2.764592,68327.695
21355,2.766997,68330.46
21356,2.7688076,68333.23
21357,2.7703176,68336.0
21358,2.770675,68338.77
21359,2.7713253,68341.55
21360,2.7712085,68344.32
21361,2.7708702,68347.09
21362,2.7699077,68349.87
21363,2.768409,68352.63
21364,2.7666256,68355.4
21365,2.764548,68358.164
21366,2.7628832,68360.93
21367,2.7620914,68363.695
21368,2.760404,68366.45
21369,2.7587948,68369.21
21370,2.756824,68371.97
21371,2.7550814,68374.73
21372,2.7540689,68377.484
21373,2.753187,68380.234
21374,2.7522523,68382.984
21375,2.7508001,68385.734
21376,2.7516396,68388.484
21377,2.7528954,68391.234
21378,2.7555707,68393.99
21379,2.7589722,68396.75
21380,2.7616794,68399.51
21381,2.7645752,68402.27
21382,2.7661264,68405.04
21383,2.7674334,68407.805
21384,2.7677975,68410.57
21385,2.7677317,68413.336
21386,2.7675796,68416.1
21387,2.7670584,68418.87
21388,2.7664669,68421.63
21389,2.7666583,68424.4
21390,2.7662487,68427.164
21391,2.7647147,68429.93
21392,2.7626314,68432.695
21393,2.7610097,68435.45
21394,2.7615032,68438.21
21395,2.7620983,68440.98
21396,2.762013,68443.74
21397,2.7615883,68446.5
21398,2.7612088,68449.26
21399,2.7617328,68452.02
21400,2.763206,68454.79
21401,2.7660315,68457.555
21402,2.7681592,68460.32
21403,2.7694683,68463.086
21404,2.7686355,68465.85
21405,2.766536,68468.62
21406,2.7649732,68471.38
21407,2.7635431,68474.15
21408,2.7625785,68476.914
21409,2.7614923,68479.67
21410,2.7604992,68482.43
21411,2.7604058,68485.19
21412,2.7612886,68487.945
21413,2.76074,68490.7
21414,2.760435,68493.46
21415,2.760324,68496.22
21416,2.760463,68498.98
21417,2.7601328,68501.734
21418,2.761701,68504.49
21419,2.7642293,68507.26
21420,2.7668576,68510.02
21421,2.769165,68512.79
21422,2.771247,68515.56
21423,2.7732406,68518.336
21424,2.774628,68521.11
21425,2.7755318,68523.88
21426,2.7753444,68526.66
21427,2.7746212,68529.43
21428,2.774331,68532.2
21429,2.7748485,68534.98
21430,2.7770097,68537.75
21431,2.779401,68540.53
21432,2.7811687,68543.31
21433,2.7830014,68546.09
21434,2.7837505,68548.875
21435,2.7836108,68551.66
21436,2.7828848,68554.44
21437,2.7823808,68557.22
21438,2.7822628,68560.0
21439,2.7819333,68562.78
21440,2.7809165,68565.56
21441,2.7791684,68568.34
21442,2.7786374,68571.125
21443,2.779624,68573.91
21444,2.781614,68576.69
21445,2.7830136,68579.47
21446,2.7829175,68582.25
21447,2.7827694,68585.03
21448,2.782034,68587.81
21449,2.7809207,68590.59
21450,2.7788837,68593.375
21451,2.7764428,68596.15
21452,2.7743216,68598.92
21453,2.7719223,68601.695
21454,2.7708514,68604.47
21455,2.7705646,68607.24
21456,2.769775,68610.016
21457,2.769049,68612.78
21458,2.7696133,68615.555
21459,2.770676,68618.33
21460,2.7710161,68621.1
21461,2.7709267,68623.875
21462,2.7703304,68626.65
21463,2.770555,68629.42
21464,2.7718618,68632.195
21465,2.7728188,68634.97
21466,2.7735968,68637.74
21467,2.774152,68640.516
21468,2.7741501,68643.29
21469,2.7741735,68646.06
21470,2.7744625,68648.836
21471,2.7746918,68651.61
21472,2.7738123,68654.38
21473,2.772885,68657.16
21474,2.7715862,68659.93
21475,2.7703319,68662.7
21476,2.7692993,68665.47
21477,2.7683978,68668.234
21478,2.7697017,68671.01
21479,2.7717204,68673.78
21480,2.774523,68676.555
21481,2.777294,68679.33
21482,2.7784069,68682.11
21483,2.7778172,68684.89
21484,2.7782795,68687.67
21485,2.779878,68690.45
21486,2.7818613,68693.234
21487,2.7830608,68696.016
21488,2.7833054,68698.8
21489,2.7833765,68701.58
21490,2.7856917,68704.37
21491,2.788751,68707.16
21492,2.7912023,68709.945
21493,2.7936132,68712.74
21494,2.7960436,68715.54
21495,2.7981005,68718.336
21496,2.8010476,68721.14
21497,2.8044276,68723.945
21498,2.8072674,68726.75
21499,2.8095245,68729.56
21500,2.8112164,68732.375
21501,2.8115551,68735.19
21502,2.810476,68738.0
21503,2.8076534,68740.805
21504,2.804227,68743.61
21505,2.8006847,68746.41
21506,2.797221,68749.2
21507,2.7944896,68752.0
21508,2.791862,68754.79
21509,2.7912323,68757.58
21510,2.7913039,68760.37
21511,2.7927327,68763.16
21512,2.7952716,68765.95
21513,2.7999358,68768.75
21514,2.8062499,68771.555
21515,2.8158765,68774.37
21516,2.8271441,68777.195
21517,2.8394396,68780.03
21518,2.8489087,68782.88
21519,2.856536,68785.74
21520,2.8628094,68788.6
21521,2.8687854,68791.47
21522,2.8748295,68794.34
21523,2.8812213,68797.23
21524,2.8879786,68800.12
21525,2.8943672,68803.01
21526,2.8983505,68805.91
21527,2.8986175,68808.805
21528,2.8948588,68811.7
21529,2.8882635,68814.59
21530,2.8832812,68817.48
21531,2.882924,68820.36
21532,2.8895829,68823.25
21533,2.8944545,68826.14
21534,2.9000528,68829.04
21535,2.8996773,68831.94
21536,2.8981333,68834.836
21537,2.8920717,68837.73
21538,2.8846805,68840.61
21539,2.877485,68843.484
21540,2.8718548,68846.36
21541,2.867134,68849.23
21542,2.8637211,68852.09
21543,2.8605165,68854.95
21544,2.857694,68857.81
21545,2.8539815,68860.664
21546,2.8518405,68863.516
21547,2.8504753,68866.37
21548,2.8501894,68869.22
21549,2.8474193,68872.06
21550,2.8447068,68874.91
21551,2.8408566,68877.75
21552,2.8370938,68880.586
21553,2.832429,68883.42
21554,2.8285794,68886.25
21555,2.8243182,68889.08
21556,2.82167,68891.9
21557,2.8196213,68894.72
21558,2.8180788,68897.54
21559,2.8165796,68900.36
21560,2.8156173,68903.17
21561,2.8140035,68905.984
21562,2.8124285,68908.8
21563,2.8106518,68911.61
21564,2.807736,68914.414
21565,2.8040895,68917.22
21566,2.8002245,68920.016
21567,2.7962706,68922.81
21568,2.7922482,68925.6
21569,2.7882028,68928.39
21570,2.784764,68931.17
21571,2.7818356,68933.95
21572,2.7790596,68936.734
21573,2.776619,68939.51
21574,2.7740254,68942.28
21575,2.7717123,68945.055
21576,2.7689712,68947.82
21577,2.7662325,68950.586
21578,2.7630336,68953.35
21579,2.7595758,68956.11
21580,2.755691,68958.87
21581,2.7521133,68961.62
21582,2.7486854,68964.37
21583,2.7457898,68967.11
21584,2.7424753,68969.85
21585,2.7389638,68972.59
21586,2.734994,68975.33
21587,2.7308822,68978.06
21588,2.7266502,68980.79
21589,2.7226617,68983.516
21590,2.7184708,68986.234
21591,2.714663,68988.945
21592,2.7114065,68991.66
21593,2.7087524,68994.37
21594,2.706253,68997.07
21595,2.7040842,68999.77
21596,2.7017605,69002.48
21597,2.6998744,69005.18
21598,2.697236,69007.875
21599,2.693969,69010.57
21600,2.6904857,69013.26
21601,2.687208,69015.945
21602,2.6843708,69018.63
21603,2.6817985,69021.31
21604,2.6792617,69023.99
21605,2.6771762,69026.67
21606,2.6759036,69029.35
21607,2.6751058,69032.02
21608,2.674232,69034.695
21609,2.673077,69037.37
21610,2.6712608,69040.04
21611,2.6695855,69042.71
21612,2.6684427,69045.38
21613,2.6676846,69048.05
21614,2.6670868,69050.71
21615,2.6670074,69053.375
21616,2.6672049,69056.04
21617,2.6680548,69058.71
21618,2.6690123,69061.38
21619,2.669692,69064.055
21620,2.6693437,69066.73
21621,2.669161,69069.4
21622,2.669451,69072.07
21623,2.670225,69074.74
21624,2.6704736,69077.414
21625,2.6704504,69080.086
21626,2.6702392,69082.76
21627,2.6703582,69085.43
21628,2.6705751,69088.1
21629,2.6715155,69090.77
21630,2.6721256,69093.445
21631,2.6727731,69096.12
21632,2.6727004,69098.79
21633,2.6724212,69101.46
21634,2.6723883,69104.13
21635,2.6727443,69106.805
21636,2.673259,69109.48
21637,2.6737015,69112.15
21638,2.6741009,69114.82
21639,2.6747525,69117.49
21640,2.6753,69120.164
21641,2.67565,69122.836
21642,2.675699,69125.51
21643,2.6760695,69128.19
21644,2.6758606,69130.87
21645,2.6751802,69133.54
21646,2.6740558,69136.21
21647,2.6727242,69138.88
21648,2.6717894,69141.555
21649,2.6710196,69144.23
21650,2.6702566,69146.9
21651,2.6694455,69149.57
21652,2.6689496,69152.24
21653,2.6690614,69154.914
21654,2.669497,69157.586
21655,2.6706095,69160.26
21656,2.6718802,69162.93
21657,2.672542,69165.6
21658,2.672317,69168.27
21659,2.6719375,69170.945
21660,2.6714396,69173.62
21661,2.6706903,69176.29
21662,2.6695251,69178.96
21663,2.668541,69181.63
21664,2.6684563,69184.305
21665,2.6695457,69186.98
21666,2.6707501,69189.65
21667,2.671786,69192.32
21668,2.671737,69194.99
21669,2.6711752,69197.664
21670,2.6706438,69200.336
21671,2.6706574,69203.01
21672,2.6714063,69205.68
21673,2.6728082,69208.35
21674,2.6816792,69211.03
21675,2.6905208,69213.72
21676,2.699956,69216.42
21677,2.7083087,69219.13
21678,2.7216105,69221.85
21679,2.7383416,69224.59
21680,2.7613056,69227.35
21681,2.7813523,69230.13
21682,2.8150694,69232.945
21683,2.8364153,69235.78
21684,2.8524992,69238.63
21685,2.8622005,69241.49
21686,2.8699718,69244.36
21687,2.8779404,69247.234
21688,2.886645,69250.12
21689,2.8944824,69253.01
21690,2.901567,69255.91
21691,2.9072542,69258.81
21692,2.9115956,69261.73
21693,2.9135332,69264.64
21694,2.9135263,69267.555
21695,2.9136107,69270.47
21696,2.9170892,69273.38
21697,2.9244955,69276.305
21698,2.9351535,69279.24
21699,2.9461956,69282.19
21700,2.957547,69285.15
21701,2.9672549,69288.12
21702,2.9755316,69291.09
21703,2.9824483,69294.08
21704,2.987887,69297.06
21705,2.9922044,69300.055
21706,2.995557,69303.05
21707,2.99847,69306.05
21708,3.0007882,69309.05
21709,3.00212,69312.05
21710,3.002348,69315.05
21711,3.0017405,69318.05
21712,3.0011554,69321.05
21713,2.9992244,69324.05
21714,2.9961877,69327.05
21715,2.992544,69330.04
21716,2.9877725,69333.02
21717,2.983679,69336.01
21718,2.9792671,69338.984
21719,2.9754949,69341.96
21720,2.9718356,69344.93
21721,2.9704983,69347.9
21722,2.9706035,69350.87
21723,2.9733212,69353.84
21724,2.9767735,69356.82
21725,2.9776964,69359.8
21726,2.9771461,69362.77
21727,2.9743752,69365.75
21728,2.9720578,69368.72
21729,2.9681652,69371.69
21730,2.9657238,69374.66
21731,2.962478,69377.62
21732,2.9602616,69380.58
21733,2.958277,69383.54
21734,2.9570796,69386.5
21735,2.9561357,69389.45
21736,2.9555104,69392.41
21737,2.9549375,69395.36
21738,2.9543746,69398.31
21739,2.953718,69401.266
21740,2.9530623,69404.22
21741,2.95277,69407.17
21742,2.9525814,69410.125
21743,2.952749,69413.08
21744,2.952723,69416.03
21745,2.9528396,69418.984
21746,2.9528823,69421.94
21747,2.9528852,69424.89
21748,2.9528353,69427.84
21749,2.953013,69430.8
21750,2.9535935,69433.75
21751,2.9543273,69436.7
21752,2.9550214,69439.66
21753,2.9555237,69442.61
21754,2.95614,69445.56
21755,2.9565172,69448.516
21756,2.9576585,69451.48
21757,2.9583642,69454.44
21758,2.9596698,69457.4
21759,2.9603522,69460.36
21760,2.962149,69463.32
21761,2.9630158,69466.28
21762,2.9647899,69469.24
21763,2.965501,69472.21
21764,2.9666562,69475.18
21765,2.9669735,69478.15
21766,2.9685457,69481.12
21767,2.9675446,69484.086
21768,2.9685326,69487.055
21769,2.9681184,69490.02
21770,2.967997,69492.99
21771,2.9660323,69495.96
21772,2.9639263,69498.92
21773,2.9623342,69501.88
21774,2.9618318,69504.84
21775,2.9598522,69507.805
21776,2.9567285,69510.76
21777,2.9481843,69513.7
21778,2.9480982,69516.65
21779,2.97265,69519.62
21780,2.9691362,69522.586
21781,2.9710321,69525.555
21782,2.9735057,69528.53
21783,2.9753435,69531.51
21784,2.977223,69534.484
21785,2.9783058,69537.46
21786,2.9797835,69540.44
21787,2.9804802,69543.42
21788,2.9817326,69546.41
21789,2.98211,69549.39
21790,2.982797,69552.375
21791,2.9833922,69555.36
21792,2.985116,69558.34
21793,2.986323,69561.33
21794,2.9874208,69564.31
21795,2.987517,69567.3
21796,2.9863124,69570.28
21797,2.983417,69573.266
21798,2.9799755,69576.24
21799,2.976252,69579.22
21800,2.973027,69582.195
21801,2.971592,69585.164
21802,2.971861,69588.13
21803,2.97358,69591.11
21804,2.9771318,69594.086
21805,2.98253,69597.07
21806,2.9902527,69600.06
21807,2.9968622,69603.06
21808,3.0007336,69606.06
21809,3.001261,69609.06
21810,3.0014064,69612.06
21811,3.0003297,69615.06
21812,3.0007095,69618.06
21813,2.9995952,69621.06
21814,2.998681,69624.06
21815,2.9985325,69627.06
21816,2.9996536,69630.06
21817,3.0007827,69633.06
21818,3.0016894,69636.06
21819,3.0011063,69639.06
21820,3.0000756,69642.06
21821,2.999779,69645.06
21822,2.999819,69648.06
21823,2.9982324,69651.06
21824,2.994468,69654.055
21825,2.989715,69657.05
21826,2.9849331,69660.03
21827,2.9656389,69663.0
21828,2.9485283,69665.945
21829,2.9340792,69668.88
21830,2.9205797,69671.805
21831,2.9136515,69674.72
21832,2.9107006,69677.63
21833,2.9128275,69680.55
21834,2.9154515,69683.46
21835,2.9158285,69686.375
21836,2.9122012,69689.29
21837,2.9074862,69692.195
21838,2.9027507,69695.1
21839,2.89919,69698.0
21840,2.8959427,69700.9
21841,2.8939679,69703.79
21842,2.8925161,69706.68
21843,2.8901417,69709.57
21844,2.8875875,69712.46
21845,2.885934,69715.34
21846,2.8859866,69718.23
21847,2.8866327,69721.11
21848,2.8874009,69724.0
21849,2.8887007,69726.89
21850,2.8947399,69729.79
21851,2.9013515,69732.69
21852,2.907668,69735.59
21853,2.913862,69738.51
21854,2.920864,69741.43
21855,2.9299839,69744.36
21856,2.940603,69747.3
21857,2.953069,69750.25
21858,2.9657092,69753.22
21859,2.979224,69756.195
21860,2.9880545,69759.18
21861,2.992787,69762.17
21862,2.9965081,69765.17
21863,2.999347,69768.17
21864,3.0017464,69771.17
21865,3.0035665,69774.17
21866,3.0038364,69777.17
21867,3.0030947,69780.17
21868,3.0015557,69783.17
21869,2.9995391,69786.17
21870,2.9981499,69789.17
21871,2.9978378,69792.17
21872,2.9959676,69795.164
21873,2.9938278,69798.16
21874,2.9905322,69801.15
21875,2.9876506,69804.13
21876,2.9840083,69807.12
21877,2.9801013,69810.09
21878,2.9751883,69813.07
21879,2.97008,69816.04
21880,2.9642136,69819.0
21881,2.9586635,69821.96
21882,2.9531622,69824.914
21883,2.9484422,69827.86
21884,2.9441168,69830.805
21885,2.940014,69833.74
21886,2.935872,69836.68
21887,2.9323397,69839.61
21888,2.9283233,69842.54
21889,2.9239311,69845.46
21890,2.9188352,69848.38
21891,2.9141402,69851.3
21892,2.9096591,69854.2
21893,2.9057007,69857.11
21894,2.9026423,69860.016
21895,2.9012952,69862.914
21896,2.9005296,69865.81
21897,2.9016047,69868.71
21898,2.9023473,69871.62
21899,2.9050968,69874.52
21900,2.9077096,69877.43
21901,2.908295,69880.336
21902,2.9071987,69883.24
21903,2.899195,69886.14
21904,2.8853,69889.02
21905,2.865649,69891.89
21906,2.8512797,69894.74
21907,2.8351963,69897.58
21908,2.8287137,69900.41
21909,2.8232894,69903.23
21910,2.8198843,69906.05
21911,2.8144073,69908.86
21912,2.807944,69911.664
21913,2.7993062,69914.46
21914,2.7916532,69917.25
21915,2.782096,69920.03
21916,2.7710617,69922.805
21917,2.7535741,69925.555
21918,2.7300305,69928.28
21919,2.7021432,69930.984
21920,2.6755862,69933.66
21921,2.6522272,69936.305
21922,2.6318016,69938.94
21923,2.602123,69941.54
21924,2.5735962,69944.11
21925,2.5502937,69946.66
21926,2.5301943,69949.19
21927,2.5308127,69951.72
21928,2.5196285,69954.24
21929,2.5029094,69956.74
21930,2.5068762,69959.25
21931,2.5208948,69961.77
21932,2.5278003,69964.305
21933,2.523134,69966.83
21934,2.5120695,69969.34
21935,2.5064452,69971.85
21936,2.5055292,69974.36
21937,2.508732,69976.87
21938,2.5120986,69979.38
21939,2.5122647,69981.9
21940,2.5182953,69984.414
21941,2.5129645,69986.93
21942,2.4946895,69989.42
21943,2.4690547,69991.89
21944,2.456398,69994.34
21945,2.442861,69996.79
21946,2.4327903,69999.22
21947,2.4071836,70001.625
21948,2.3778555,70004.0
21949,2.3457499,70006.34
21950,2.3473766,70008.69
21951,2.3356178,70011.02
21952,2.3193958,70013.34
21953,2.2839816,70015.625
21954,2.244988,70017.87
21955,2.1804466,70020.05
21956,2.1273508,70022.17
21957,2.0550718,70024.23
21958,1.9864401,70026.21
21959,1.9185632,70028.13
21960,1.8719984,70030.01
21961,1.8380021,70031.84
21962,1.861833,70033.7
21963,1.8895701,70035.59
21964,1.8238037,70037.414
21965,1.8049858,70039.22
21966,1.7893652,70041.01
21967,1.6702949,70042.68
21968,1.6239147,70044.305
21969,1.5656167,70045.87
21970,1.5537627,70047.42
21971,1.5202402,70048.945
21972,1.507153,70050.45
21973,1.4778454,70051.93
21974,1.4697322,70053.4
21975,1.4504076,70054.85
21976,1.449109,70056.3
21977,1.4395612,70057.734
21978,1.4536264,70059.19
21979,1.4676243,70060.66
21980,1.5004001,70062.16
21981,1.5075375,70063.664
21982,1.5319527,70065.195
21983,1.5355059,70066.734
21984,1.5413952,70068.27
21985,1.5280845,70069.805
21986,1.5378654,70071.34
21987,1.5373634,70072.88
21988,1.5318921,70074.414
21989,1.541235,70075.95
21990,1.5377384,70077.49
21991,1.5406573,70079.03
21992,1.5402758,70080.57
21993,1.540158,70082.11
21994,1.5510269,70083.664
21995,1.558583,70085.22
21996,1.5739273,70086.79
21997,1.5854738,70088.375
21998,1.6002094,70089.98
21999,1.6121362,70091.586
22000,1.626707,70093.21
22001,1.6357582,70094.84
22002,1.6509826,70096.49
22003,1.6623352,70098.16
22004,1.6802741,70099.836
22005,1.6956441,70101.53
22006,1.7182138,70103.25
22007,1.7339044,70104.984
22008,1.7554661,70106.74
22009,1.7702993,70108.516
22010,1.7954342,70110.31
22011,1.8151052,70112.125
22012,1.8334264,70113.96
22013,1.838511,70115.8
22014,1.8580215,70117.66
22015,1.8746252,70119.53
22016,1.9024773,70121.44
22017,1.9241878,70123.36
22018,1.9437954,70125.305
22019,1.949631,70127.26
22020,1.9746151,70129.234
22021,2.015779,70131.25
22022,2.0673482,70133.32
22023,2.114536,70135.44
22024,2.1724885,70137.61
22025,2.233836,70139.84
22026,2.3259108,70142.17
22027,2.4609125,70144.63
22028,2.5874796,70147.22
22029,2.6423168,70149.86
22030,2.7090561,70152.57
22031,2.7434878,70155.31
22032,2.7540221,70158.07
22033,2.7453203,70160.81
22034,2.7281358,70163.54
22035,2.713062,70166.25
22036,2.7124262,70168.96
22037,2.72539,70171.69
22038,2.7420135,70174.43
22039,2.7622836,70177.195
22040,2.785452,70179.984
22041,2.810796,70182.8
22042,2.8358648,70185.63
22043,2.8604198,70188.49
22044,2.8767319,70191.37
22045,2.8782594,70194.24
22046,2.827759,70197.07
22047,2.7049923,70199.77
22048,2.5691466,70202.34
22049,2.489374,70204.836
22050,2.3733337,70207.21
22051,2.2404501,70209.45
22052,2.108267,70211.56
22053,2.0499096,70213.61
22054,2.2118447,70215.82
22055,2.238354,70218.06
22056,2.1852286,70220.25
22057,2.1228225,70222.375
22058,2.05999,70224.44
22059,2.005909,70226.445
22060,1.9571787,70228.41
22061,1.9079002,70230.31
22062,1.8470607,70232.16
22063,1.7949744,70233.95
22064,1.7479044,70235.7
22065,1.7217028,70237.42
22066,1.6907861,70239.11
22067,1.6621184,70240.77
22068,1.6318493,70242.41
22069,1.60579,70244.016
22070,1.551228,70245.57
22071,1.473998,70247.05
22072,1.3947613,70248.445
22073,1.330765,70249.77
22074,1.2749513,70251.05
22075,1.2591262,70252.305
22076,1.2452102,70253.55
22077,1.2376224,70254.78
22078,1.2155133,70256.0
22079,1.1614873,70257.164
22080,1.0429128,70258.2
22081,0.9323595,70259.13
22082,0.9210814,70260.055
22083,0.9129789,70260.97
22084,0.8965476,70261.87
22085,0.8744761,70262.74
22086,0.8471418,70263.586
22087,0.8129049,70264.4
22088,0.7733005,70265.17
22089,0.74618244,70265.92
22090,0.7261898,70266.65
22091,0.7096436,70267.36
22092,0.6908434,70268.05
22093,0.67342657,70268.72
22094,0.6500715,70269.37
22095,0.6259771,70269.99
22096,0.60837746,70270.6
22097,0.6038138,70271.2
22098,0.60554403,70271.81
22099,0.6095789,70272.42
22100,0.6079923,70273.03
22101,0.59710896,70273.625
22102,0.586579,70274.21
22103,0.5797243,70274.79
22104,0.57829887,70275.37
22105,0.5779899,70275.945
22106,0.5784307,70276.52
22107,0.57322776,70277.09
22108,0.57189506,70277.664
22109,0.57075536,70278.234
22110,0.5759072,70278.81
22111,0.574403,70279.39
22112,0.57052463,70279.96
22113,0.55112755,70280.516
22114,0.5354484,70281.055
22115,0.5232392,70281.58
22116,0.527268,70282.1
22117,0.53830403,70282.64
22118,0.55411094,70283.195
22119,0.5550445,70283.75
22120,0.54604816,70284.3
22121,0.53762823,70284.836
22122,0.538382,70285.375
22123,0.53122795,70285.91
22124,0.5171255,70286.42
22125,0.49735832,70286.92
22126,0.4929476,70287.414
22127,0.48725715,70287.9
22128,0.48747048,70288.38
22129,0.49134636,70288.875
22130,0.50047153,70289.375
22131,0.5080199,70289.88
22132,0.5160789,70290.4
22133,0.52350026,70290.92
22134,0.53568596,70291.46
22135,0.5487031,70292.01
22136,0.560351,70292.57
22137,0.567533,70293.14
22138,0.57312673,70293.71
22139,0.5776218,70294.29
22140,0.584645,70294.875
22141,0.5900127,70295.47
22142,0.59700626,70296.06
22143,0.6049808,70296.664
22144,0.61471367,70297.28
22145,0.6265134,70297.91
22146,0.64147633,70298.55
22147,0.65392965,70299.2
22148,0.661574,70299.87
22149,0.66600835,70300.53
22150,0.67486805,70301.2
22151,0.6853623,70301.89
22152,0.7005246,70302.59
22153,0.7142855,70303.305
22154,0.72590965,70304.03
22155,0.73840076,70304.77
22156,0.7525301,70305.52
22157,0.77229893,70306.3
22158,0.78820825,70307.086
22159,0.8059121,70307.89
22160,0.8152651,70308.7
22161,0.8144875,70309.516
22162,0.8127753,70310.33
22163,0.8097835,70311.14
22164,0.81228703,70311.95
22165,0.8205483,70312.77
22166,0.8350329,70313.61
22167,0.8525797,70314.46
22168,0.8610766,70315.32
22169,0.857795,70316.18
22170,0.8500313,70317.03
22171,0.8391521,70317.87
22172,0.8338106,70318.7
22173,0.8294153,70319.53
22174,0.83521736,70320.37
22175,0.8537385,70321.22
22176,0.86629736,70322.086
22177,0.87344563,70322.96
22178,0.87804097,70323.836
22179,0.87859654,70324.71
22180,0.88524467,70325.59
22181,0.89891243,70326.49
22182,0.9149105,70327.41
22183,0.934298,70328.34
22184,0.9500556,70329.3
22185,0.97180897,70330.266
22186,0.9892104,70331.26
22187,1.007166,70332.266
22188,1.0196972,70333.29
22189,1.0233207,70334.31
22190,1.0186862,70335.33
22191,1.0136806,70336.34
22192,1.0206524,70337.37
22193,1.0285434,70338.4
22194,1.0346364,70339.43
22195,1.0416864,70340.47
22196,1.0456574,70341.516
22197,1.049466,70342.56
22198,1.0578307,70343.62
22199,1.0698506,70344.69
22200,1.0801197,70345.766
22201,1.0882272,70346.85
22202,1.0939738,70347.945
22203,1.0950125,70349.04
22204,1.0983856,70350.14
22205,1.0995423,70351.24
22206,1.1025777,70352.34
22207,1.1081705,70353.45
22208,1.1154783,70354.57
22209,1.1228131,70355.695
22210,1.1279795,70356.82
22211,1.1344184,70357.95
22212,1.140585,70359.09
22213,1.1451305,70360.24
22214,1.1482505,70361.39
22215,1.1537298,70362.55
22216,1.15661,70363.7
22217,1.1566765,70364.86
22218,1.1534749,70366.016
22219,1.1525625,70367.17
22220,1.156585,70368.33
22221,1.1606979,70369.49
22222,1.1677958,70370.66
22223,1.1763953,70371.836
22224,1.1865646,70373.02
22225,1.1943625,70374.22
22226,1.1980675,70375.414
22227,1.1985185,70376.61
22228,1.2026827,70377.81
22229,1.2071455,70379.02
22230,1.2079093,70380.234
22231,1.2065065,70381.44
22232,1.209155,70382.65
22233,1.215611,70383.87
22234,1.2225562,70385.086
22235,1.2280185,70386.31
22236,1.2303418,70387.54
22237,1.2292892,70388.766
22238,1.2250465,70389.99
22239,1.2175846,70391.21
22240,1.2109061,70392.42
22241,1.2072333,70393.63
22242,1.2073786,70394.84
22243,1.2084135,70396.055
22244,1.209098,70397.266
22245,1.2124642,70398.48
22246,1.2154863,70399.695
22247,1.2175306,70400.914
22248,1.2200944,70402.13
22249,1.2203009,70403.35
22250,1.2211995,70404.57
22251,1.2180309,70405.79
22252,1.2185128,70407.01
22253,1.219882,70408.23
22254,1.2244958,70409.45
22255,1.2293768,70410.68
22256,1.2346537,70411.914
22257,1.2388562,70413.16
22258,1.2436361,70414.4
22259,1.2450655,70415.64
22260,1.2413307,70416.88
22261,1.2367922,70418.12
22262,1.2347376,70419.35
22263,1.2347239,70420.586
22264,1.2366575,70421.82
22265,1.2387298,70423.06
22266,1.2402169,70424.305
22267,1.2434273,70425.55
22268,1.2495917,70426.8
22269,1.2525247,70428.05
22270,1.2511847,70429.3
22271,1.2471826,70430.55
22272,1.2450782,70431.79
22273,1.2459875,70433.03
22274,1.2497896,70434.28
22275,1.2579678,70435.54
22276,1.2653205,70436.805
22277,1.2686288,70438.07
22278,1.2669212,70439.336
22279,1.263165,70440.6
22280,1.2576187,70441.86
22281,1.2527457,70443.11
22282,1.2451966,70444.35
22283,1.2415986,70445.59
22284,1.2403815,70446.836
22285,1.2418357,70448.08
22286,1.245985,70449.32
22287,1.2503589,70450.57
22288,1.2557964,70451.83
22289,1.2617395,70453.09
22290,1.2713119,70454.37
22291,1.2792885,70455.65
22292,1.2880027,70456.94
22293,1.295787,70458.234
22294,1.3023857,70459.54
22295,1.3085771,70460.84
22296,1.3151999,70462.16
22297,1.3201264,70463.48
22298,1.3228637,70464.8
22299,1.3203638,70466.12
22300,1.3146894,70467.43
22301,1.3067008,70468.734
22302,1.3025743,70470.04
22303,1.301082,70471.34
22304,1.3018222,70472.65
22305,1.3011003,70473.95
22306,1.3006073,70475.25
22307,1.3000317,70476.55
22308,1.2989842,70477.84
22309,1.2929641,70479.13
22310,1.2885051,70480.42
22311,1.2839091,70481.7
22312,1.2827361,70482.984
22313,1.2803859,70484.266
22314,1.2763768,70485.54
22315,1.2760732,70486.81
22316,1.2765802,70488.086
22317,1.2785308,70489.37
22318,1.2772925,70490.64
22319,1.2745017,70491.914
22320,1.2723901,70493.19
22321,1.2746776,70494.46
22322,1.2799652,70495.74
22323,1.2847941,70497.02
22324,1.2868508,70498.31
22325,1.2884352,70499.6
22326,1.28602,70500.89
22327,1.2816981,70502.17
22328,1.2760148,70503.445
22329,1.2718748,70504.72
22330,1.2699305,70505.99
22331,1.2687067,70507.26
22332,1.26702,70508.52
22333,1.264852,70509.79
22334,1.2632163,70511.055
22335,1.2641425,70512.32
22336,1.2661929,70513.586
22337,1.2688153,70514.85
22338,1.2701519,70516.125
22339,1.2714913,70517.4
22340,1.2721988,70518.67
22341,1.2744981,70519.945
22342,1.2730229,70521.22
22343,1.2691497,70522.484
22344,1.2681108,70523.75
22345,1.2711587,70525.02
22346,1.2788597,70526.305
22347,1.2883514,70527.59
22348,1.2949499,70528.89
22349,1.2992507,70530.19
22350,1.3039073,70531.49
22351,1.3084887,70532.8
22352,1.3164934,70534.12
22353,1.3236741,70535.44
22354,1.3278598,70536.766
22355,1.3297842,70538.09
22356,1.3354242,70539.43
22357,1.3426096,70540.77
22358,1.3446324,70542.12
22359,1.3431522,70543.46
22360,1.3377777,70544.8
22361,1.3328238,70546.13
22362,1.3244334,70547.46
22363,1.3164724,70548.78
22364,1.3076084,70550.086
22365,1.3036381,70551.39
22366,1.3018609,70552.695
22367,1.3038763,70554.0
22368,1.3044548,70555.305
22369,1.3048562,70556.61
22370,1.3035972,70557.914
22371,1.3019007,70559.22
22372,1.2973193,70560.516
22373,1.290548,70561.805
22374,1.2832685,70563.086
22375,1.2777628,70564.37
22376,1.2736222,70565.64
22377,1.2693299,70566.91
22378,1.2687513,70568.17
22379,1.2691536,70569.44
22380,1.2680116,70570.7
22381,1.2678615,70571.97
22382,1.2685459,70573.234
22383,1.2673647,70574.5
22384,1.2676626,70575.766
22385,1.267806,70577.03
22386,1.2690145,70578.3
22387,1.2684711,70579.56
22388,1.2675366,70580.83
22389,1.2676727,70582.09
22390,1.2628,70583.36
22391,1.2569302,70584.62
22392,1.2530503,70585.87
22393,1.2537115,70587.12
22394,1.2575169,70588.375
22395,1.2640822,70589.64
22396,1.268707,70590.91
22397,1.2734611,70592.18
22398,1.2785745,70593.46
22399,1.2871057,70594.75
22400,1.2993939,70596.05
22401,1.3077823,70597.35
22402,1.3152456,70598.664
22403,1.3191736,70599.984
22404,1.3196962,70601.305
22405,1.3190107,70602.625
22406,1.3167388,70603.945
22407,1.3136903,70605.26
22408,1.3090395,70606.57
22409,1.3089392,70607.88
22410,1.3111163,70609.195
22411,1.3141571,70610.51
22412,1.3179775,70611.83
22413,1.316713,70613.15
22414,1.3118409,70614.46
22415,1.3067158,70615.766
22416,1.3046359,70617.07
22417,1.304519,70618.375
22418,1.3030956,70619.68
22419,1.3047469,70620.984
22420,1.3049476,70622.29
22421,1.3021281,70623.59
22422,1.2996303,70624.89
22423,1.2937921,70626.19
22424,1.2873173,70627.48
22425,1.285318,70628.766
22426,1.2863879,70630.055
22427,1.2871677,70631.34
22428,1.2848431,70632.625
22429,1.283081,70633.91
22430,1.2802235,70635.19
22431,1.2776339,70636.47
22432,1.2717274,70637.74
22433,1.2682239,70639.01
22434,1.2649931,70640.27
22435,1.263897,70641.54
22436,1.2585102,70642.8
22437,1.252705,70644.05
22438,1.2454834,70645.29
22439,1.240064,70646.53
22440,1.237356,70647.766
22441,1.2371619,70649.0
22442,1.2365638,70650.234
22443,1.2398441,70651.48
22444,1.2418981,70652.72
22445,1.242656,70653.96
22446,1.2434322,70655.2
22447,1.2467752,70656.45
22448,1.2445531,70657.695
22449,1.2443585,70658.94
22450,1.2436649,70660.18
22451,1.2426506,70661.42
22452,1.2408453,70662.664
22453,1.238344,70663.91
22454,1.2344123,70665.14
22455,1.2333944,70666.375
22456,1.2344036,70667.61
22457,1.2389804,70668.85
22458,1.2462633,70670.1
22459,1.2544706,70671.36
22460,1.259599,70672.62
22461,1.2624732,70673.88
22462,1.2609626,70675.14
22463,1.2579731,70676.4
22464,1.2628685,70677.664
22465,1.27119,70678.94
22466,1.2824597,70680.22
22467,1.2896279,70681.51
22468,1.2963085,70682.805
22469,1.3003483,70684.1
22470,1.307342,70685.41
22471,1.3107362,70686.72
22472,1.3101519,70688.03
22473,1.3050344,70689.336
22474,1.3000652,70690.63
22475,1.2959384,70691.93
22476,1.290175,70693.22
22477,1.282304,70694.5
22478,1.2707617,70695.77
22479,1.2606841,70697.03
22480,1.2574576,70698.29
22481,1.2579448,70699.55
22482,1.2593124,70700.805
22483,1.2602267,70702.06
22484,1.262711,70703.33
22485,1.2637378,70704.59
22486,1.2661703,70705.86
22487,1.267338,70707.125
22488,1.2719483,70708.4
22489,1.273005,70709.67
22490,1.2742331,70710.945
22491,1.2724884,70712.22
22492,1.2669301,70713.484
22493,1.2629339,70714.75
22494,1.2635812,70716.016
22495,1.2631258,70717.28
22496,1.2607147,70718.54
22497,1.257083,70719.8
22498,1.2540814,70721.055
22499,1.2532684,70722.305
22500,1.2570795,70723.56
22501,1.260919,70724.82
22502,1.2600645,70726.08
22503,1.2599893,70727.336
22504,1.2618005,70728.6
22505,1.267313,70729.87
22506,1.2768021,70731.14
22507,1.2880608,70732.43
22508,1.2948024,70733.73
22509,1.295934,70735.02
22510,1.2941362,70736.32
22511,1.2908903,70737.61
22512,1.2912704,70738.9
22513,1.2984586,70740.195
22514,1.3048302,70741.5
22515,1.3109376,70742.81
22516,1.3166915,70744.13
22517,1.3242483,70745.46
22518,1.330809,70746.79
22519,1.3341277,70748.125
22520,1.3321153,70749.46
22521,1.3278201,70750.79
22522,1.3252734,70752.12
22523,1.3239785,70753.44
22524,1.3223758,70754.76
22525,1.3191547,70756.08
22526,1.314264,70757.39
22527,1.3110766,70758.7
22528,1.3095831,70760.016
22529,1.3115933,70761.33
22530,1.3121856,70762.64
22531,1.3122493,70763.95
22532,1.3094608,70765.266
22533,1.3090397,70766.58
22534,1.3102006,70767.89
22535,1.3142495,70769.2
22536,1.318044,70770.52
22537,1.3254542,70771.85
22538,1.3287588,70773.18
22539,1.3275044,70774.51
22540,1.3210553,70775.83
22541,1.3131218,70777.14
22542,1.308802,70778.45
22543,1.3041848,70779.76
22544,1.3026736,70781.06
22545,1.3038267,70782.37
22546,1.3055545,70783.67
22547,1.3063214,70784.98
22548,1.3048167,70786.28
22549,1.3035806,70787.586
22550,1.3020535,70788.89
22551,1.3032343,70790.195
22552,1.2986137,70791.49
22553,1.2934692,70792.79
22554,1.2875623,70794.08
22555,1.2835414,70795.36
22556,1.2827696,70796.64
22557,1.2838556,70797.92
22558,1.2861778,70799.21
22559,1.2857181,70800.5
22560,1.2831101,70801.78
22561,1.2833427,70803.06
22562,1.2858447,70804.35
22563,1.2896581,70805.64
22564,1.2902212,70806.93
22565,1.2948878,70808.23
22566,1.29727,70809.52
22567,1.298401,70810.82
22568,1.296923,70812.12
22569,1.2943635,70813.414
22570,1.2933998,70814.71
22571,1.2933251,70816.01
22572,1.2923614,70817.3
22573,1.2931033,70818.59
22574,1.2947115,70819.89
22575,1.294025,70821.19
22576,1.2958212,70822.484
22577,1.2996346,70823.78
22578,1.3039424,70825.086
22579,1.3064908,70826.39
22580,1.3066832,70827.695
22581,1.3050886,70829.0
22582,1.3055694,70830.305
22583,1.3067358,70831.61
22584,1.3077703,70832.914
22585,1.3061829,70834.22
22586,1.301331,70835.52
22587,1.2968562,70836.82
22588,1.2917526,70838.11
22589,1.285617,70839.4
22590,1.2809923,70840.68
22591,1.2757823,70841.95
22592,1.2725254,70843.23
22593,1.2735612,70844.5
22594,1.2787523,70845.78
22595,1.280471,70847.06
22596,1.2787772,70848.34
22597,1.27702,70849.62
22598,1.2737591,70850.89
22599,1.2700679,70852.164
22600,1.266722,70853.43
22601,1.2636174,70854.695
22602,1.2609308,70855.95
22603,1.2612182,70857.21
22604,1.2637057,70858.48
22605,1.2677906,70859.74
22606,1.2713808,70861.016
22607,1.2738054,70862.29
22608,1.2718662,70863.56
22609,1.2706326,70864.836
22610,1.2710701,70866.11
22611,1.2731233,70867.38
22612,1.2752639,70868.66
22613,1.279952,70869.94
22614,1.2886212,70871.23
22615,1.2956026,70872.52
22616,1.2995278,70873.82
22617,1.3003143,70875.12
22618,1.2997906,70876.414
22619,1.2976365,70877.71
22620,1.2977557,70879.01
22621,1.2985734,70880.305
22622,1.299729,70881.6
22623,1.298764,70882.9
22624,1.2952328,70884.195
22625,1.2923044,70885.484
22626,1.2876949,70886.77
22627,1.2855401,70888.06
22628,1.278795,70889.34
22629,1.2722123,70890.62
22630,1.2631369,70891.88
22631,1.2592801,70893.14
22632,1.2544895,70894.4
22633,1.2491207,70895.65
22634,1.2434119,70896.89
22635,1.23764,70898.125
22636,1.2336586,70899.36
22637,1.2316954,70900.59
22638,1.2309113,70901.83
22639,1.2282445,70903.055
22640,1.2259907,70904.28
22641,1.2243686,70905.51
22642,1.2221724,70906.73
22643,1.2193265,70907.945
22644,1.215745,70909.164
22645,1.2126163,70910.375
22646,1.2065163,70911.58
22647,1.1968817,70912.77
22648,1.185356,70913.96
22649,1.1832174,70915.14
22650,1.181479,70916.32
22651,1.1838428,70917.51
22652,1.1839134,70918.695
22653,1.1842071,70919.88
22654,1.1816725,70921.06
22655,1.1784148,70922.24
22656,1.1737953,70923.414
22657,1.1695445,70924.586
22658,1.1649505,70925.75
22659,1.1610531,70926.914
22660,1.1577774,70928.07
22661,1.1570235,70929.23
22662,1.1611356,70930.39
22663,1.1660546,70931.555
22664,1.1681426,70932.73
22665,1.166566,70933.89
22666,1.1600062,70935.05
22667,1.1531708,70936.2
22668,1.1448593,70937.35
22669,1.1400608,70938.49
22670,1.1379157,70939.63
22671,1.1391407,70940.77
22672,1.1387916,70941.914
22673,1.1355895,70943.05
22674,1.12876,70944.17
22675,1.1251673,70945.3
22676,1.1254096,70946.42
22677,1.1238889,70947.55
22678,1.1219414,70948.67
22679,1.119872,70949.79
22680,1.120016,70950.91
22681,1.1196727,70952.02
22682,1.1179882,70953.14
22683,1.1173847,70954.26
22684,1.1145366,70955.375
22685,1.1103737,70956.484
22686,1.1063423,70957.59
22687,1.1068591,70958.7
22688,1.1065701,70959.81
22689,1.1058191,70960.92
22690,1.1005857,70962.02
22691,1.0934178,70963.12
22692,1.089262,70964.2
22693,1.0902992,70965.3
22694,1.0917019,70966.39
22695,1.0909874,70967.484
22696,1.0885744,70968.57
22697,1.088295,70969.66
22698,1.0941927,70970.75
22699,1.0970563,70971.84
22700,1.0947872,70972.94
22701,1.0891658,70974.02
22702,1.0825864,70975.11
22703,1.0780398,70976.19
22704,1.0733495,70977.26
22705,1.0672965,70978.33
22706,1.0614156,70979.39
22707,1.0609835,70980.45
22708,1.0629232,70981.516
22709,1.0633057,70982.58
22710,1.0591152,70983.64
22711,1.055645,70984.695
22712,1.0519221,70985.75
22713,1.0485684,70986.8
22714,1.040865,70987.836
22715,1.0344063,70988.87
22716,1.0296227,70989.9
22717,1.0305499,70990.93
22718,1.0301442,70991.96
22719,1.0302349,70992.99
22720,1.0294188,70994.02
22721,1.0299605,70995.055
22722,1.025828,70996.08
22723,1.019511,70997.09
22724,1.0130851,70998.11
22725,1.0105504,70999.12
22726,1.0134795,71000.13
22727,1.0208607,71001.16
22728,1.0243005,71002.18
22729,1.0251423,71003.2
22730,1.0191947,71004.22
22731,1.0114094,71005.23
22732,1.0116813,71006.234
22733,1.011045,71007.24
22734,1.0098454,71008.25
22735,1.0071108,71009.26
22736,1.0071162,71010.266
22737,1.0025059,71011.266
22738,1.0007731,71012.266
22739,0.99116737,71013.26
22740,0.98255956,71014.24
22741,0.97108024,71015.21
22742,0.96670187,71016.18
22743,0.9630828,71017.14
22744,0.9575811,71018.1
22745,0.9453823,71019.05
22746,0.9374149,71019.984
22747,0.9331368,71020.914
22748,0.9246239,71021.836
22749,0.9066335,71022.74
22750,0.88702,71023.63
22751,0.87084967,71024.5
22752,0.8581072,71025.36
22753,0.8444022,71026.2
22754,0.8257436,71027.03
22755,0.8073644,71027.836
22756,0.79271764,71028.625
22757,0.7869364,71029.414
22758,0.774101,71030.19
22759,0.75465155,71030.945
22760,0.7423598,71031.69
22761,0.73416907,71032.42
22762,0.7320881,71033.16
22763,0.7262522,71033.88
22764,0.7236852,71034.61
22765,0.71816623,71035.33
22766,0.7155192,71036.05
22767,0.7073458,71036.76
22768,0.6958431,71037.45
22769,0.69116,71038.14
22770,0.6932923,71038.836
22771,0.691393,71039.52
22772,0.6878165,71040.21
22773,0.6887362,71040.9
22774,0.6873319,71041.586
22775,0.68561834,71042.27
22776,0.68752784,71042.96
22777,0.6845775,71043.65
22778,0.68725485,71044.336
22779,0.6980555,71045.03
22780,0.7036245,71045.734
22781,0.70022696,71046.44
22782,0.69385964,71047.13
22783,0.6934513,71047.83
22784,0.6911924,71048.516
22785,0.68740666,71049.2
22786,0.6759211,71049.88
22787,0.6678356,71050.55
22788,0.658803,71051.2
22789,0.6506594,71051.85
22790,0.6388929,71052.49
22791,0.62954533,71053.125
22792,0.62931234,71053.76
22793,0.6277131,71054.38
22794,0.62377495,71055.01
22795,0.61652917,71055.625
22796,0.6076462,71056.234
22797,0.5987032,71056.836
22798,0.58378136,71057.42
22799,0.5715499,71057.99
22800,0.5621534,71058.555
22801,0.55698645,71059.11
22802,0.5524505,71059.664
22803,0.54337376,71060.21
22804,0.5358097,71060.75
22805,0.52961445,71061.28
22806,0.52258825,71061.805
22807,0.51784325,71062.32
22808,0.5093806,71062.83
22809,0.5069193,71063.336
22810,0.5021934,71063.836
22811,0.50045174,71064.336
22812,0.4969422,71064.836
22813,0.49549797,71065.33
22814,0.49110952,71065.82
22815,0.48723975,71066.305
22816,0.48333442,71066.79
22817,0.4801177,71067.266
22818,0.47526008,71067.74
22819,0.47430855,71068.22
22820,0.47080907,71068.69
22821,0.4693235,71069.16
22822,0.4663601,71069.625
22823,0.46551427,71070.09
22824,0.46358666,71070.555
22825,0.46345648,71071.016
22826,0.46170187,71071.48
22827,0.46166068,71071.94
22828,0.46102592,71072.4
22829,0.45757484,71072.86
22830,0.45409766,71073.31
22831,0.4517791,71073.766
22832,0.44880363,71074.21
22833,0.44977394,71074.664
22834,0.45393667,71075.12
22835,0.46372962,71075.58
22836,0.4725228,71076.05
22837,0.48183647,71076.53
22838,0.48472038,71077.016
22839,0.49383444,71077.51
22840,0.49944526,71078.01
22841,0.5039687,71078.516
22842,0.50841695,71079.02
22843,0.51536447,71079.54
22844,0.5227561,71080.06
22845,0.52195364,71080.586
22846,0.51742893,71081.1
22847,0.50474906,71081.61
22848,0.49332815,71082.1
22849,0.48183584,71082.586
22850,0.4769315,71083.06
22851,0.47813088,71083.54
22852,0.47884712,71084.016
22853,0.4787043,71084.49
22854,0.47706366,71084.97
22855,0.47289452,71085.445
22856,0.4645017,71085.91
22857,0.45370048,71086.36
22858,0.4450358,71086.805
22859,0.4355303,71087.24
22860,0.42587578,71087.67
22861,0.4185813,71088.09
22862,0.41319954,71088.51
22863,0.40693396,71088.914
22864,0.39687172,71089.31
22865,0.3846485,71089.695
22866,0.37174124,71090.07
22867,0.36347374,71090.44
22868,0.35780096,71090.8
22869,0.34985495,71091.15
22870,0.34016854,71091.49
22871,0.32741585,71091.82
22872,0.3102364,71092.13
22873,0.29584935,71092.43
22874,0.28850484,71092.72
22875,0.28703877,71093.01
22876,0.28396642,71093.29
22877,0.2775075,71093.57
22878,0.26813513,71093.836
22879,0.25953373,71094.09
22880,0.25258765,71094.34
22881,0.24355794,71094.586
22882,0.23433354,71094.82
22883,0.2288628,71095.05
22884,0.2235964,71095.27
22885,0.21713522,71095.49
22886,0.2078652,71095.7
22887,0.19681783,71095.9
22888,0.18887196,71096.086
22889,0.18519369,71096.27
22890,0.18318716,71096.45
22891,0.18125448,71096.63
22892,0.1768096,71096.81
22893,0.16939108,71096.984
22894,0.16070959,71097.15
22895,0.14986838,71097.3
22896,0.13976203,71097.44
22897,0.129206,71097.57
22898,0.12267341,71097.695
22899,0.11818976,71097.81
22900,0.1134336,71097.93
22901,0.10973502,71098.04
22902,0.1018122,71098.14
22903,0.092850864,71098.234
22904,0.0838613,71098.32
22905,0.076874904,71098.4
22906,0.07208884,71098.47
22907,0.068628445,71098.54
22908,0.064453036,71098.6
22909,0.059838165,71098.664
22910,0.054265045,71098.72
22911,0.049659636,71098.766
22912,0.0457717,71098.81
22913,0.042596497,71098.85
22914,0.040110536,71098.89
22915,0.037345946,71098.93
22916,0.034134887,71098.96
22917,0.031264253,71098.99
22918,0.027559724,71099.02
22919,0.022913728,71099.05
22920,0.018393159,71099.06
22921,0.013883576,71099.08
22922,0.010764527,71099.086
22923,0.008380189,71099.09
22924,0.005732026,71099.1
22925,0.0034717417,71099.1
22926,0.0011229563,71099.1
22927,0.00055883883,71099.1
22928,0.00079672335,71099.1
22929,0.00044165133,71099.1
22930,0.0006795645,71099.1
22931,0.0018297719,71099.1
22932,0.0018761586,71099.1
22933,0.0033263538,71099.1
22934,0.0062246085,71099.11
22935,0.011755919,71099.125
22936,0.018459868,71099.14
22937,0.024402099,71099.164
22938,0.031220946,71099.195
22939,0.03761331,71099.234
22940,0.0434057,71099.28
22941,0.050111935,71099.33
22942,0.054314665,71099.38
22943,0.057778105,71099.44
22944,0.06256372,71099.5
22945,0.06881738,71099.57
22946,0.07837137,71099.65
22947,0.08854806,71099.734
22948,0.096126795,71099.83
22949,0.09973458,71099.93
22950,0.09808633,71100.03
22951,0.093496785,71100.125
22952,0.08947549,71100.21
22953,0.08505898,71100.3
22954,0.0822596,71100.38
22955,0.08093972,71100.46
22956,0.080363244,71100.54
22957,0.0796177,71100.62
22958,0.08026833,71100.695
22959,0.078320704,71100.77
22960,0.07711923,71100.85
22961,0.075321436,71100.93
22962,0.073282406,71101.0
22963,0.07016473,71101.07
22964,0.06802865,71101.14
22965,0.06747064,71101.21
22966,0.06794015,71101.28
22967,0.06798746,71101.35
22968,0.06862161,71101.42
22969,0.07151849,71101.49
22970,0.07622201,71101.57
22971,0.08065651,71101.65
22972,0.087860495,71101.734
22973,0.09185342,71101.83
22974,0.09347451,71101.92
22975,0.09590585,71102.016
22976,0.098331995,71102.12
22977,0.10095742,71102.22
22978,0.10134469,71102.32
22979,0.10364877,71102.42
22980,0.10593911,71102.53
22981,0.104444355,71102.63
22982,0.10471413,71102.734
22983,0.10388253,71102.836
22984,0.10018319,71102.94
22985,0.09335,71103.03
22986,0.08889382,71103.12
22987,0.081659935,71103.195
22988,0.07802103,71103.27
22989,0.07365335,71103.34
22990,0.070820555,71103.414
22991,0.06898401,71103.484
22992,0.06769144,71103.555
22993,0.06644632,71103.625
22994,0.0670527,71103.695
22995,0.06751199,71103.766
22996,0.06875955,71103.836
22997,0.069605805,71103.91
22998,0.071292356,71103.98
22999,0.07331674,71104.05
23000,0.07533395,71104.125
23001,0.0762156,71104.2
23002,0.07670572,71104.28
23003,0.0756199,71104.36
23004,0.07372674,71104.43
23005,0.071807794,71104.5
23006,0.069452144,71104.57
23007,0.06975579,71104.64
23008,0.07065179,71104.71
23009,0.07227441,71104.78
23010,0.07503763,71104.86
23011,0.07385583,71104.93
23012,0.07561014,71105.01
23013,0.071775906,71105.08
23014,0.07336831,71105.15
23015,0.07201929,71105.22
23016,0.07559762,71105.3
23017,0.06907037,71105.37
23018,0.07164926,71105.44
23019,0.068636715,71105.51
23020,0.06351419,71105.57
23021,0.05967355,71105.63
23022,0.058315214,71105.69
23023,0.061940398,71105.75
23024,0.06252786,71105.81
23025,0.05808511,71105.87
23026,0.055650875,71105.92
23027,0.05476373,71105.98
23028,0.054179166,71106.03
23029,0.05561853,71106.086
23030,0.055389952,71106.14
23031,0.057275023,71106.195
23032,0.057006467,71106.25
23033,0.057726834,71106.305
23034,0.056637663,71106.36
23035,0.056588836,71106.414
23036,0.055815365,71106.47
23037,0.085927516,71106.555
23038,0.08403359,71106.64
23039,0.083080836,71106.73
23040,0.08173196,71106.805
23041,0.08005227,71106.88
23042,0.07702218,71106.96
23043,0.07431756,71107.04
23044,0.07158044,71107.11
23045,0.0683793,71107.18
23046,0.066848844,71107.25
23047,0.06585626,71107.31
23048,0.06520975,71107.375
23049,0.06462549,71107.44
23050,0.06296594,71107.5
23051,0.06391504,71107.56
23052,0.06248834,71107.625
23053,0.06171533,71107.69
23054,0.059863217,71107.75
23055,0.058081754,71107.805
23056,0.055971008,71107.86
23057,0.054129574,71107.914
23058,0.053436063,71107.97
23059,0.05221017,71108.02
23060,0.05243814,71108.08
23061,0.051509183,71108.13
23062,0.05189264,71108.19
23063,0.050344482,71108.234
23064,0.050178617,71108.28
23065,0.048013397,71108.33
23066,0.04904199,71108.375
23067,0.049574215,71108.42
23068,0.04863992,71108.47
23069,0.048959136,71108.516
23070,0.044401336,71108.56
23071,0.041210875,71108.6
23072,0.03436578,71108.63
23073,0.03273782,71108.664
23074,0.032609038,71108.695
23075,0.03294717,71108.73
23076,0.03341913,71108.76
23077,0.033019803,71108.79
23078,0.03350778,71108.82
23079,0.033798154,71108.85
23080,0.05132318,71108.91
23081,0.051971067,71108.96
23082,0.052195217,71109.016
23083,0.052384123,71109.07
23084,0.05232385,71109.125
23085,0.052701354,71109.18
23086,0.052950833,71109.234
23087,0.053124174,71109.29
23088,0.0529371,71109.34
23089,0.05277261,71109.4
23090,0.052574094,71109.45
23091,0.052153867,71109.51
23092,0.05198556,71109.56
23093,0.051524136,71109.62
23094,0.051083617,71109.67
23095,0.050547726,71109.72
23096,0.050736632,71109.766
23097,0.05164285,71109.82
23098,0.0522001,71109.875
23099,0.053673644,71109.93
23100,0.05444177,71109.984
23101,0.0549476,71110.04
23102,0.05508447,71110.09
23103,0.05555261,71110.15
23104,0.055738006,71110.2
23105,0.056518186,71110.26
23106,0.056594938,71110.31
23107,0.0574566,71110.37
23108,0.057437986,71110.42
23109,0.05800714,71110.48
23110,0.057272885,71110.53
23111,0.057269834,71110.586
23112,0.05741464,71110.64
23113,0.05666803,71110.695
23114,0.05794412,71110.75
23115,0.05781305,71110.805
23116,0.059520964,71110.87
23117,0.0604223,71110.93
23118,0.06177896,71110.99
23119,0.06254083,71111.055
23120,0.063702784,71111.12
23121,0.06406381,71111.18
23122,0.064754725,71111.24
23123,0.06633874,71111.305
23124,0.068420805,71111.375
23125,0.070817806,71111.445
23126,0.048672423,71111.49
23127,0.0845942,71111.58
23128,0.055400632,71111.63
23129,0.07994302,71111.71
23130,0.07007608,71111.78
23131,0.083315514,71111.87
23132,0.06670434,71111.94
23133,0.08340249,71112.02
23134,0.06633127,71112.086
23135,0.0822947,71112.17
23136,0.06168512,71112.234
23137,0.08239541,71112.32
23138,0.06215112,71112.38
23139,0.08279549,71112.47
23140,0.06291818,71112.53
23141,0.081952296,71112.61
23142,0.06378595,71112.67
23143,0.07987069,71112.75
23144,0.06574411,71112.81
23145,0.07709024,71112.89
23146,0.065745175,71112.95
23147,0.07416299,71113.02
23148,0.06090875,71113.086
23149,0.06998437,71113.16
23150,0.058048032,71113.21
23151,0.06607675,71113.27
23152,0.052101683,71113.33
23153,0.06088586,71113.39
23154,0.05288507,71113.445
23155,0.05615884,71113.5
23156,0.0540957,71113.555
23157,0.05374185,71113.61
23158,0.05205209,71113.664
23159,0.051180813,71113.72
23160,0.050159696,71113.766
23161,0.047436155,71113.81
23162,0.044114318,71113.86
23163,0.04284616,71113.9
23164,0.038787168,71113.94
23165,0.038143706,71113.98
23166,0.034375243,71114.01
23167,0.033377167,71114.04
23168,0.029878935,71114.07
23169,0.028775267,71114.1
23170,0.025742125,71114.125
23171,0.024429869,71114.15
23172,0.023095794,71114.17
23173,0.022554258,71114.195
23174,0.01752191,71114.21
23175,0.06461572,71114.27
23176,0.064615265,71114.336
23177,0.06462472,71114.4
23178,0.064631894,71114.46
23179,0.06464685,71114.52
23180,0.064639375,71114.586
23181,0.064636774,71114.65
23182,0.06464227,71114.71
23183,0.064643644,71114.77
23184,0.0646441,71114.836
23185,0.06464654,71114.9
23186,0.06465448,71114.96
23187,0.06467065,71115.02
23188,0.064677365,71115.086
23189,0.064678125,71115.15
23190,0.0646795,71115.21
23191,0.06468194,71115.27
23192,0.06468347,71115.336
23193,0.064697355,71115.4
23194,0.06469934,71115.46
23195,0.06470682,71115.52
23196,0.064704984,71115.586
23197,0.06470468,71115.65
23198,0.06470864,71115.71
23199,0.06471216,71115.77
23200,0.064713836,71115.836
23201,0.06471826,71115.9
23202,0.06473642,71115.96
23203,0.06473077,71116.02
23204,0.064743586,71116.086
23205,0.064742975,71116.15
23206,0.06474374,71116.21
23207,0.06474939,71116.27
23208,0.064751215,71116.336
23209,0.064759,71116.4
23210,0.06477136,71116.46
23211,0.06477304,71116.52
23212,0.06477853,71116.586
23213,0.06478921,71116.65
23214,0.064796686,71116.71
23215,0.06480035,71116.77
23216,0.06480829,71116.836
23217,0.064814694,71116.9
23218,0.064822175,71116.96
23219,0.064811036,71117.02
23220,0.06481653,71117.086
23221,0.064822935,71117.15
23222,0.06483499,71117.21
23223,0.064833924,71117.27
23224,0.06483285,71117.336
23225,0.06484445,71117.4
23226,0.06484582,71117.46
23227,0.06484872,71117.52
23228,0.06486093,71117.586
23229,0.064864896,71117.65
23230,0.06486475,71117.71
23231,0.064875886,71117.77
23232,0.064880155,71117.836
23233,0.06489358,71117.9
23234,0.06489968,71117.96
23235,0.06490243,71118.02
23236,0.0649035,71118.086
23237,0.064905636,71118.15
23238,0.06490884,71118.21
23239,0.06492257,71118.27
23240,0.06493112,71118.336
23241,0.06492761,71118.4
23242,0.06493432,71118.46
23243,0.06493905,71118.52
23244,0.06493005,71118.586
23245,0.06493005,71118.65
23246,0.06493478,71118.71
23247,0.06493005,71118.77
23248,0.06495233,71118.836
23249,0.06495294,71118.9
23250,0.06496118,71118.96
23251,0.06496698,71119.02
23252,0.06497171,71119.086
23253,0.064977355,71119.15
23254,0.064976744,71119.21
23255,0.06497842,71119.27
23256,0.064973846,71119.336
23257,0.06499429,71119.4
23258,0.0650007,71119.46
23259,0.065005735,71119.52
23260,0.06501245,71119.586
23261,0.06501367,71119.65
23262,0.06501291,71119.71
23263,0.06501581,71119.77
23264,0.065022215,71119.836
23265,0.06502786,71119.9
23266,0.06504586,71119.96
23267,0.06505227,71120.02
23268,0.06504343,71120.086
23269,0.065030456,71120.15
23270,0.06503229,71120.21
23271,0.065039456,71120.27
23272,0.0650419,71120.336
23273,0.065050595,71120.4
23274,0.06505624,71120.46
23275,0.06506051,71120.52
23276,0.06506082,71120.586
23277,0.065063715,71120.65
23278,0.06505975,71120.71
23279,0.06507242,71120.77
23280,0.06508066,71120.836
23281,0.06507516,71120.9
23282,0.06508279,71120.96
23283,0.065088436,71121.02
23284,0.06509561,71121.086
23285,0.06509774,71121.15
23286,0.065094694,71121.21
23287,0.06510889,71121.27
23288,0.06511316,71121.336
23289,0.06512033,71121.4
23290,0.06512536,71121.46
23291,0.06513788,71121.52
23292,0.065131776,71121.586
23293,0.06513513,71121.65
23294,0.06514261,71121.71
23295,0.06515115,71121.77
23296,0.065151304,71121.836
23297,0.06514688,71121.9
23298,0.06514902,71121.96
23299,0.06515115,71122.02
23300,0.06516275,71122.086
23301,0.06516809,71122.15
23302,0.06517389,71122.21
23303,0.065196775,71122.27
23304,0.06519647,71122.336
23305,0.065196775,71122.4
23306,0.06520242,71122.46
23307,0.06520455,71122.52
23308,0.06520471,71122.586
23309,0.06522073,71122.65
23310,0.065234005,71122.71
23311,0.06524118,71122.77
23312,0.06523233,71122.836
23313,0.0652398,71122.9
23314,0.06523767,71122.96
23315,0.06524011,71123.02
23316,0.06523447,71123.086
23317,0.065251246,71123.15
23318,0.06526132,71123.21
23319,0.06526346,71123.27
23320,0.06526315,71123.336
23321,0.065260254,71123.4
23322,0.065257356,71123.46
23323,0.06526315,71123.52
23324,0.06527627,71123.586
23325,0.06528421,71123.65
23326,0.06530145,71123.71
23327,0.06530008,71123.77
23328,0.06530542,71123.836
23329,0.06530679,71123.9
23330,0.065307096,71123.96
23331,0.06530725,71124.02
23332,0.06531793,71124.086
23333,0.06532007,71124.15
23334,0.06532937,71124.21
23335,0.065335475,71124.27
23336,0.065328,71124.336
23337,0.065331966,71124.4
23338,0.06533502,71124.46
23339,0.06534524,71124.52
23340,0.06533761,71124.586
23341,0.06534265,71124.65
23342,0.0653515,71124.71
23343,0.065369196,71124.77
23344,0.065371335,71124.836
23345,0.06537744,71124.9
23346,0.06537851,71124.96
23347,0.065386444,71125.02
23348,0.06538629,71125.086
23349,0.06539667,71125.15
23350,0.06538995,71125.21
23351,0.065403834,71125.27
23352,0.06540292,71125.336
23353,0.065405056,71125.4
23354,0.06541116,71125.46
23355,0.065407194,71125.52
23356,0.065415435,71125.586
23357,0.06542154,71125.65
23358,0.06542215,71125.71
23359,0.06543115,71125.77
23360,0.06544077,71125.836
23361,0.06544077,71125.9
23362,0.06544595,71125.96
23363,0.06544122,71126.02
23364,0.06544397,71126.086
23365,0.06544595,71126.15
23366,0.065453425,71126.21
23367,0.06545587,71126.27
23368,0.06546625,71126.336
23369,0.06547662,71126.4
23370,0.06548318,71126.46
23371,0.06548593,71126.52
23372,0.065487,71126.586
23373,0.06549432,71126.65
23374,0.06550424,71126.71
23375,0.06550424,71126.77
23376,0.06551797,71126.836
23377,0.06552117,71126.9
23378,0.06552148,71126.96
23379,0.065542236,71127.02
23380,0.06554055,71127.086
23381,0.065545894,71127.15
23382,0.065546505,71127.21
23383,0.065541625,71127.27
23384,0.06554544,71127.336
23385,0.06555703,71127.4
23386,0.065563746,71127.46
23387,0.06555581,71127.52
23388,0.06556054,71127.586
23389,0.065565124,71127.65
23390,0.06557092,71127.71
23391,0.06557992,71127.77
23392,0.065582365,71127.836
23393,0.06559381,71127.9
23394,0.06560754,71127.96
23395,0.065616846,71128.02
23396,0.06561288,71128.086
23397,0.065610744,71128.15
23398,0.065610744,71128.21
23399,0.06561975,71128.27
23400,0.065618224,71128.336
23401,0.06562219,71128.4
23402,0.06564157,71128.46
23403,0.065651946,71128.52
23404,0.065652706,71128.586
23405,0.0656585,71128.65
23406,0.06565698,71128.71
23407,0.06565835,71128.77
23408,0.0656585,71128.836
23409,0.06566492,71128.9
23410,0.06567239,71128.96
23411,0.06566995,71129.02
23412,0.065672696,71129.086
23413,0.06567529,71129.15
23414,0.065681696,71129.21
23415,0.06568353,71129.27
23416,0.06568704,71129.336
23417,0.06569238,71129.4
23418,0.06570321,71129.46
23419,0.06570215,71129.52
23420,0.06571008,71129.586
23421,0.065716796,71129.65
23422,0.06571069,71129.71
23423,0.06571221,71129.77
23424,0.065716185,71129.836
23425,0.0657171,71129.9
23426,0.06572549,71129.96
23427,0.06572977,71130.02
23428,0.065733425,71130.086
23429,0.06573053,71130.15
23430,0.06574121,71130.21
23431,0.065740444,71130.27
23432,0.065746546,71130.336
23433,0.065740444,71130.4
23434,0.065753415,71130.46
23435,0.065770656,71130.52
23436,0.065774165,71130.586
23437,0.0657702,71130.65
23438,0.06577051,71130.71
23439,0.06576562,71130.77
23440,0.06576639,71130.836
23441,0.06576913,71130.9
23442,0.065772034,71130.96
23443,0.065782405,71131.02
23444,0.06578714,71131.086
23445,0.065790646,71131.15
23446,0.06579507,71131.21
23447,0.06580529,71131.27
23448,0.06580896,71131.336
23449,0.06581216,71131.4
23450,0.06581049,71131.46
23451,0.06581567,71131.52
23452,0.06582284,71131.586
23453,0.06582788,71131.65
23454,0.0658291,71131.71
23455,0.06583719,71131.77
23456,0.065830015,71131.836
23457,0.06584558,71131.9
23458,0.06585229,71131.96
23459,0.06586557,71132.02
23460,0.065876245,71132.086
23461,0.065869994,71132.15
23462,0.06587808,71132.21
23463,0.06588678,71132.27
23464,0.0658854,71132.336
23465,0.06589242,71132.4
23466,0.06589456,71132.46
23467,0.06590829,71132.52
23468,0.06590707,71132.586
23469,0.065916836,71132.65
23470,0.06592081,71132.71
23471,0.06592294,71132.77
23472,0.06593057,71132.836
23473,0.06593881,71132.9
23474,0.06594842,71132.96
23475,0.06594766,71133.02
23476,0.06596628,71133.086
23477,0.06597375,71133.15
23478,0.06597528,71133.21
23479,0.065960474,71133.27
23480,0.06596353,71133.336
23481,0.06597055,71133.4
23482,0.06596246,71133.46
23483,0.065962,71133.52
23484,0.06597848,71133.586
23485,0.06598962,71133.65
23486,0.065989316,71133.71
23487,0.065997556,71133.77
23488,0.06600137,71133.836
23489,0.06600641,71133.9
23490,0.06601083,71133.96
23491,0.06601571,71134.02
23492,0.066030055,71134.086
23493,0.06602716,71134.15
23494,0.06603052,71134.21
23495,0.06602624,71134.27
23496,0.066029444,71134.336
23497,0.066033415,71134.4
23498,0.06603738,71134.46
23499,0.066045925,71134.52
23500,0.06606408,71134.586
23501,0.06606698,71134.65
23502,0.066062406,71134.71
23503,0.06605493,71134.77
23504,0.06606027,71134.836
23505,0.06606347,71134.9
23506,0.06606561,71134.96
23507,0.06606485,71135.02
23508,0.066073544,71135.086
23509,0.06607782,71135.15
23510,0.06608209,71135.21
23511,0.066085294,71135.27
23512,0.06609033,71135.336
23513,0.06609704,71135.4
23514,0.066101775,71135.46
23515,0.06610757,71135.52
23516,0.06612405,71135.586
23517,0.06612466,71135.65
23518,0.06613046,71135.71
23519,0.0661326,71135.77
23520,0.06613946,71135.836
23521,0.06613504,71135.9
23522,0.06614343,71135.96
23523,0.066134125,71136.02
23524,0.06615243,71136.086
23525,0.0661506,71136.15
23526,0.066159144,71136.21
23527,0.06616235,71136.27
23528,0.066163875,71136.336
23529,0.06617197,71136.4
23530,0.0661799,71136.46
23531,0.06617852,71136.52
23532,0.06619455,71136.586
23533,0.066203244,71136.65
23534,0.06620477,71136.71
23535,0.066207975,71136.77
23536,0.06621606,71136.836
23537,0.066231474,71136.9
23538,0.0662359,71136.96
23539,0.066236205,71137.02
23540,0.06624841,71137.086
23541,0.06625131,71137.15
23542,0.06625512,71137.21
23543,0.06625909,71137.27
23544,0.06625909,71137.336
23545,0.066263825,71137.4
23546,0.06626779,71137.46
23547,0.066276334,71137.52
23548,0.06628076,71137.586
23549,0.06628396,71137.65
23550,0.06628137,71137.71
23551,0.06628992,71137.77
23552,0.06629465,71137.836
23553,0.06629892,71137.9
23554,0.06630365,71137.96
23555,0.06629816,71138.02
23556,0.06631112,71138.086
23557,0.06631585,71138.15
23558,0.06631799,71138.21
23559,0.06631967,71138.27
23560,0.06632013,71138.336
23561,0.06632578,71138.4
23562,0.06632974,71138.46
23563,0.06632578,71138.52
23564,0.066330805,71138.586
23565,0.06633737,71138.65
23566,0.06634851,71138.71
23567,0.066347286,71138.77
23568,0.06635263,71138.836
23569,0.06635202,71138.9
23570,0.06635156,71138.96
23571,0.066357814,71139.02
23572,0.06636453,71139.086
23573,0.0663717,71139.15
23574,0.06637811,71139.21
23575,0.06637964,71139.27
23576,0.06637964,71139.336
23577,0.066382386,71139.4
23578,0.06638559,71139.46
23579,0.06638788,71139.52
23580,0.06640542,71139.586
23581,0.06640787,71139.66
23582,0.06641397,71139.73
23583,0.06641733,71139.8
23584,0.066418394,71139.87
23585,0.06641733,71139.94
23586,0.06642374,71140.01
23587,0.066430904,71140.08
23588,0.06644693,71140.15
23589,0.06645196,71140.22
23590,0.06645669,71140.29
23591,0.066459894,71140.36
23592,0.066451356,71140.43
23593,0.06644983,71140.5
23594,0.06645166,71140.57
23595,0.06647103,71140.64
23596,0.06646997,71140.71
23597,0.066468135,71140.78
23598,0.066464625,71140.85
23599,0.06647027,71140.92
23600,0.06647348,71140.99
23601,0.06647927,71141.06
23602,0.06649606,71141.13
23603,0.0665104,71141.2
23604,0.0665133,71141.27
23605,0.06651727,71141.34
23606,0.066525206,71141.414
23607,0.06652017,71141.484
23608,0.06653131,71141.555
23609,0.06653833,71141.625
23610,0.06653329,71141.695
23611,0.06654489,71141.766
23612,0.06655389,71141.836
23613,0.06654199,71141.91
23614,0.06653955,71141.98
23615,0.06653955,71142.05
23616,0.06656168,71142.12
